units metal
boundary p p p
atom_style atomic
read_data Si333_${i}.in
read_data Si333_1.in
Reading data file ...
  orthogonal box = (0 0 0) to (16.331106 16.331106 16.331106)
  1 by 1 by 1 MPI processor grid
  reading atoms ...
  216 atoms
  reading velocities ...
  216 velocities
  read_data CPU = 0.145 seconds
mass 1 28.085
pair_style sw
pair_coeff * * Si.sw Si
Reading sw potential file Si.sw with DATE: 2007-06-11
run 0

CITE-CITE-CITE-CITE-CITE-CITE-CITE-CITE-CITE-CITE-CITE-CITE-CITE

Your simulation uses code contributions which should be cited:

- Type Label Framework: https://doi.org/10.1021/acs.jpcb.3c08419

@Article{Gissinger24,
 author = {Jacob R. Gissinger, Ilia Nikiforov, Yaser Afshar, Brendon Waters, Moon-ki Choi, Daniel S. Karls, Alexander Stukowski, Wonpil Im, Hendrik Heinz, Axel Kohlmeyer, and Ellad B. Tadmor},
 title = {Type Label Framework for Bonded Force Fields in LAMMPS},
 journal = {J. Phys. Chem. B},
 year =    2024,
 volume =  128,
 number =  13,
 pages =   {3282–-3297}
}

CITE-CITE-CITE-CITE-CITE-CITE-CITE-CITE-CITE-CITE-CITE-CITE-CITE

WARNING: No fixes with time integration, atoms won't move (src/verlet.cpp:60)
Neighbor list info ...
  update: every = 1 steps, delay = 0 steps, check = yes
  max neighbors/atom: 2000, page size: 100000
  master list distance cutoff = 5.77118
  ghost atom cutoff = 5.77118
  binsize = 2.88559, bins = 6 6 6
  1 neighbor lists, perpetual/occasional/extra = 1 0 0
  (1) pair sw, perpetual
      attributes: full, newton on
      pair build: full/bin/atomonly
      stencil: full/bin/3d
      bin: standard
Per MPI rank memory allocation (min/avg/max) = 3.084 | 3.084 | 3.084 Mbytes
   Step          Temp          E_pair         E_mol          TotEng         Press     
         0   0             -933.37089      0             -933.37089     -6167.1003    
Loop time of 1.45e-06 on 1 procs for 0 steps with 216 atoms

0.0% CPU use with 1 MPI tasks x 1 OpenMP threads

MPI task timing breakdown:
Section |  min time  |  avg time  |  max time  |%varavg| %total
---------------------------------------------------------------
Pair    | 0          | 0          | 0          |   0.0 |  0.00
Neigh   | 0          | 0          | 0          |   0.0 |  0.00
Comm    | 0          | 0          | 0          |   0.0 |  0.00
Output  | 0          | 0          | 0          |   0.0 |  0.00
Modify  | 0          | 0          | 0          |   0.0 |  0.00
Other   |            | 1.45e-06   |            |       |100.00

Nlocal:            216 ave         216 max         216 min
Histogram: 1 0 0 0 0 0 0 0 0 0
Nghost:            884 ave         884 max         884 min
Histogram: 1 0 0 0 0 0 0 0 0 0
Neighs:              0 ave           0 max           0 min
Histogram: 1 0 0 0 0 0 0 0 0 0
FullNghs:         7344 ave        7344 max        7344 min
Histogram: 1 0 0 0 0 0 0 0 0 0

Total # of neighbors = 7344
Ave neighs/atom = 34
Neighbor list builds = 0
Dangerous builds = 0
next i
jump SELF loop_struct
clear
  using 1 OpenMP thread(s) per MPI task
log energies.log append
units metal
boundary p p p
atom_style atomic
read_data Si333_${i}.in
read_data Si333_2.in
Reading data file ...
  orthogonal box = (0 0 0) to (16.331106 16.331106 16.331106)
  1 by 1 by 1 MPI processor grid
  reading atoms ...
  216 atoms
  reading velocities ...
  216 velocities
  read_data CPU = 0.001 seconds
mass 1 28.085
pair_style sw
pair_coeff * * Si.sw Si
Reading sw potential file Si.sw with DATE: 2007-06-11
run 0
WARNING: No fixes with time integration, atoms won't move (src/verlet.cpp:60)
Neighbor list info ...
  update: every = 1 steps, delay = 0 steps, check = yes
  max neighbors/atom: 2000, page size: 100000
  master list distance cutoff = 5.77118
  ghost atom cutoff = 5.77118
  binsize = 2.88559, bins = 6 6 6
  1 neighbor lists, perpetual/occasional/extra = 1 0 0
  (1) pair sw, perpetual
      attributes: full, newton on
      pair build: full/bin/atomonly
      stencil: full/bin/3d
      bin: standard
Per MPI rank memory allocation (min/avg/max) = 3.087 | 3.087 | 3.087 Mbytes
   Step          Temp          E_pair         E_mol          TotEng         Press     
         0   0             -933.31064      0             -933.31064     -6175.1319    
Loop time of 1e-06 on 1 procs for 0 steps with 216 atoms

0.0% CPU use with 1 MPI tasks x 1 OpenMP threads

MPI task timing breakdown:
Section |  min time  |  avg time  |  max time  |%varavg| %total
---------------------------------------------------------------
Pair    | 0          | 0          | 0          |   0.0 |  0.00
Neigh   | 0          | 0          | 0          |   0.0 |  0.00
Comm    | 0          | 0          | 0          |   0.0 |  0.00
Output  | 0          | 0          | 0          |   0.0 |  0.00
Modify  | 0          | 0          | 0          |   0.0 |  0.00
Other   |            | 1e-06      |            |       |100.00

Nlocal:            216 ave         216 max         216 min
Histogram: 1 0 0 0 0 0 0 0 0 0
Nghost:            889 ave         889 max         889 min
Histogram: 1 0 0 0 0 0 0 0 0 0
Neighs:              0 ave           0 max           0 min
Histogram: 1 0 0 0 0 0 0 0 0 0
FullNghs:         7344 ave        7344 max        7344 min
Histogram: 1 0 0 0 0 0 0 0 0 0

Total # of neighbors = 7344
Ave neighs/atom = 34
Neighbor list builds = 0
Dangerous builds = 0
next i
jump SELF loop_struct
clear
  using 1 OpenMP thread(s) per MPI task
log energies.log append
units metal
boundary p p p
atom_style atomic
read_data Si333_${i}.in
read_data Si333_3.in
Reading data file ...
  orthogonal box = (0 0 0) to (16.331106 16.331106 16.331106)
  1 by 1 by 1 MPI processor grid
  reading atoms ...
  216 atoms
  reading velocities ...
  216 velocities
  read_data CPU = 0.001 seconds
mass 1 28.085
pair_style sw
pair_coeff * * Si.sw Si
Reading sw potential file Si.sw with DATE: 2007-06-11
run 0
WARNING: No fixes with time integration, atoms won't move (src/verlet.cpp:60)
Neighbor list info ...
  update: every = 1 steps, delay = 0 steps, check = yes
  max neighbors/atom: 2000, page size: 100000
  master list distance cutoff = 5.77118
  ghost atom cutoff = 5.77118
  binsize = 2.88559, bins = 6 6 6
  1 neighbor lists, perpetual/occasional/extra = 1 0 0
  (1) pair sw, perpetual
      attributes: full, newton on
      pair build: full/bin/atomonly
      stencil: full/bin/3d
      bin: standard
Per MPI rank memory allocation (min/avg/max) = 3.087 | 3.087 | 3.087 Mbytes
   Step          Temp          E_pair         E_mol          TotEng         Press     
         0   0             -631.99366      0             -631.99366      152271.69    
Loop time of 1.02e-06 on 1 procs for 0 steps with 216 atoms

0.0% CPU use with 1 MPI tasks x 1 OpenMP threads

MPI task timing breakdown:
Section |  min time  |  avg time  |  max time  |%varavg| %total
---------------------------------------------------------------
Pair    | 0          | 0          | 0          |   0.0 |  0.00
Neigh   | 0          | 0          | 0          |   0.0 |  0.00
Comm    | 0          | 0          | 0          |   0.0 |  0.00
Output  | 0          | 0          | 0          |   0.0 |  0.00
Modify  | 0          | 0          | 0          |   0.0 |  0.00
Other   |            | 1.02e-06   |            |       |100.00

Nlocal:            216 ave         216 max         216 min
Histogram: 1 0 0 0 0 0 0 0 0 0
Nghost:            912 ave         912 max         912 min
Histogram: 1 0 0 0 0 0 0 0 0 0
Neighs:              0 ave           0 max           0 min
Histogram: 1 0 0 0 0 0 0 0 0 0
FullNghs:         7366 ave        7366 max        7366 min
Histogram: 1 0 0 0 0 0 0 0 0 0

Total # of neighbors = 7366
Ave neighs/atom = 34.101852
Neighbor list builds = 0
Dangerous builds = 0
next i
jump SELF loop_struct
clear
  using 1 OpenMP thread(s) per MPI task
log energies.log append
units metal
boundary p p p
atom_style atomic
read_data Si333_${i}.in
read_data Si333_4.in
Reading data file ...
  orthogonal box = (0 0 0) to (16.331106 16.331106 16.331106)
  1 by 1 by 1 MPI processor grid
  reading atoms ...
  216 atoms
  reading velocities ...
  216 velocities
  read_data CPU = 0.001 seconds
mass 1 28.085
pair_style sw
pair_coeff * * Si.sw Si
Reading sw potential file Si.sw with DATE: 2007-06-11
run 0
WARNING: No fixes with time integration, atoms won't move (src/verlet.cpp:60)
Neighbor list info ...
  update: every = 1 steps, delay = 0 steps, check = yes
  max neighbors/atom: 2000, page size: 100000
  master list distance cutoff = 5.77118
  ghost atom cutoff = 5.77118
  binsize = 2.88559, bins = 6 6 6
  1 neighbor lists, perpetual/occasional/extra = 1 0 0
  (1) pair sw, perpetual
      attributes: full, newton on
      pair build: full/bin/atomonly
      stencil: full/bin/3d
      bin: standard
Per MPI rank memory allocation (min/avg/max) = 3.086 | 3.086 | 3.086 Mbytes
   Step          Temp          E_pair         E_mol          TotEng         Press     
         0   0             -436.13931      0             -436.13931      268717.59    
Loop time of 1e-06 on 1 procs for 0 steps with 216 atoms

0.0% CPU use with 1 MPI tasks x 1 OpenMP threads

MPI task timing breakdown:
Section |  min time  |  avg time  |  max time  |%varavg| %total
---------------------------------------------------------------
Pair    | 0          | 0          | 0          |   0.0 |  0.00
Neigh   | 0          | 0          | 0          |   0.0 |  0.00
Comm    | 0          | 0          | 0          |   0.0 |  0.00
Output  | 0          | 0          | 0          |   0.0 |  0.00
Modify  | 0          | 0          | 0          |   0.0 |  0.00
Other   |            | 1e-06      |            |       |100.00

Nlocal:            216 ave         216 max         216 min
Histogram: 1 0 0 0 0 0 0 0 0 0
Nghost:            838 ave         838 max         838 min
Histogram: 1 0 0 0 0 0 0 0 0 0
Neighs:              0 ave           0 max           0 min
Histogram: 1 0 0 0 0 0 0 0 0 0
FullNghs:         7442 ave        7442 max        7442 min
Histogram: 1 0 0 0 0 0 0 0 0 0

Total # of neighbors = 7442
Ave neighs/atom = 34.453704
Neighbor list builds = 0
Dangerous builds = 0
next i
jump SELF loop_struct
clear
  using 1 OpenMP thread(s) per MPI task
log energies.log append
units metal
boundary p p p
atom_style atomic
read_data Si333_${i}.in
read_data Si333_5.in
Reading data file ...
  orthogonal box = (0 0 0) to (16.331106 16.331106 16.331106)
  1 by 1 by 1 MPI processor grid
  reading atoms ...
  216 atoms
  reading velocities ...
  216 velocities
  read_data CPU = 0.001 seconds
mass 1 28.085
pair_style sw
pair_coeff * * Si.sw Si
Reading sw potential file Si.sw with DATE: 2007-06-11
run 0
WARNING: No fixes with time integration, atoms won't move (src/verlet.cpp:60)
Neighbor list info ...
  update: every = 1 steps, delay = 0 steps, check = yes
  max neighbors/atom: 2000, page size: 100000
  master list distance cutoff = 5.77118
  ghost atom cutoff = 5.77118
  binsize = 2.88559, bins = 6 6 6
  1 neighbor lists, perpetual/occasional/extra = 1 0 0
  (1) pair sw, perpetual
      attributes: full, newton on
      pair build: full/bin/atomonly
      stencil: full/bin/3d
      bin: standard
Per MPI rank memory allocation (min/avg/max) = 3.083 | 3.083 | 3.083 Mbytes
   Step          Temp          E_pair         E_mol          TotEng         Press     
         0   0             -521.26045      0             -521.26045      213939.55    
Loop time of 1.03e-06 on 1 procs for 0 steps with 216 atoms

97.1% CPU use with 1 MPI tasks x 1 OpenMP threads

MPI task timing breakdown:
Section |  min time  |  avg time  |  max time  |%varavg| %total
---------------------------------------------------------------
Pair    | 0          | 0          | 0          |   0.0 |  0.00
Neigh   | 0          | 0          | 0          |   0.0 |  0.00
Comm    | 0          | 0          | 0          |   0.0 |  0.00
Output  | 0          | 0          | 0          |   0.0 |  0.00
Modify  | 0          | 0          | 0          |   0.0 |  0.00
Other   |            | 1.03e-06   |            |       |100.00

Nlocal:            216 ave         216 max         216 min
Histogram: 1 0 0 0 0 0 0 0 0 0
Nghost:            845 ave         845 max         845 min
Histogram: 1 0 0 0 0 0 0 0 0 0
Neighs:              0 ave           0 max           0 min
Histogram: 1 0 0 0 0 0 0 0 0 0
FullNghs:         7414 ave        7414 max        7414 min
Histogram: 1 0 0 0 0 0 0 0 0 0

Total # of neighbors = 7414
Ave neighs/atom = 34.324074
Neighbor list builds = 0
Dangerous builds = 0
next i
jump SELF loop_struct
clear
  using 1 OpenMP thread(s) per MPI task
log energies.log append
units metal
boundary p p p
atom_style atomic
read_data Si333_${i}.in
read_data Si333_6.in
Reading data file ...
  orthogonal box = (0 0 0) to (16.331106 16.331106 16.331106)
  1 by 1 by 1 MPI processor grid
  reading atoms ...
  216 atoms
  reading velocities ...
  216 velocities
  read_data CPU = 0.001 seconds
mass 1 28.085
pair_style sw
pair_coeff * * Si.sw Si
Reading sw potential file Si.sw with DATE: 2007-06-11
run 0
WARNING: No fixes with time integration, atoms won't move (src/verlet.cpp:60)
Neighbor list info ...
  update: every = 1 steps, delay = 0 steps, check = yes
  max neighbors/atom: 2000, page size: 100000
  master list distance cutoff = 5.77118
  ghost atom cutoff = 5.77118
  binsize = 2.88559, bins = 6 6 6
  1 neighbor lists, perpetual/occasional/extra = 1 0 0
  (1) pair sw, perpetual
      attributes: full, newton on
      pair build: full/bin/atomonly
      stencil: full/bin/3d
      bin: standard
Per MPI rank memory allocation (min/avg/max) = 3.083 | 3.083 | 3.083 Mbytes
   Step          Temp          E_pair         E_mol          TotEng         Press     
         0   0             -657.25763      0             -657.25763      139260.18    
Loop time of 1.1e-06 on 1 procs for 0 steps with 216 atoms

90.9% CPU use with 1 MPI tasks x 1 OpenMP threads

MPI task timing breakdown:
Section |  min time  |  avg time  |  max time  |%varavg| %total
---------------------------------------------------------------
Pair    | 0          | 0          | 0          |   0.0 |  0.00
Neigh   | 0          | 0          | 0          |   0.0 |  0.00
Comm    | 0          | 0          | 0          |   0.0 |  0.00
Output  | 0          | 0          | 0          |   0.0 |  0.00
Modify  | 0          | 0          | 0          |   0.0 |  0.00
Other   |            | 1.1e-06    |            |       |100.00

Nlocal:            216 ave         216 max         216 min
Histogram: 1 0 0 0 0 0 0 0 0 0
Nghost:            834 ave         834 max         834 min
Histogram: 1 0 0 0 0 0 0 0 0 0
Neighs:              0 ave           0 max           0 min
Histogram: 1 0 0 0 0 0 0 0 0 0
FullNghs:         7378 ave        7378 max        7378 min
Histogram: 1 0 0 0 0 0 0 0 0 0

Total # of neighbors = 7378
Ave neighs/atom = 34.157407
Neighbor list builds = 0
Dangerous builds = 0
next i
jump SELF loop_struct
clear
  using 1 OpenMP thread(s) per MPI task
log energies.log append
units metal
boundary p p p
atom_style atomic
read_data Si333_${i}.in
read_data Si333_7.in
Reading data file ...
  orthogonal box = (0 0 0) to (16.331106 16.331106 16.331106)
  1 by 1 by 1 MPI processor grid
  reading atoms ...
  216 atoms
  reading velocities ...
  216 velocities
  read_data CPU = 0.001 seconds
mass 1 28.085
pair_style sw
pair_coeff * * Si.sw Si
Reading sw potential file Si.sw with DATE: 2007-06-11
run 0
WARNING: No fixes with time integration, atoms won't move (src/verlet.cpp:60)
Neighbor list info ...
  update: every = 1 steps, delay = 0 steps, check = yes
  max neighbors/atom: 2000, page size: 100000
  master list distance cutoff = 5.77118
  ghost atom cutoff = 5.77118
  binsize = 2.88559, bins = 6 6 6
  1 neighbor lists, perpetual/occasional/extra = 1 0 0
  (1) pair sw, perpetual
      attributes: full, newton on
      pair build: full/bin/atomonly
      stencil: full/bin/3d
      bin: standard
Per MPI rank memory allocation (min/avg/max) = 3.085 | 3.085 | 3.085 Mbytes
   Step          Temp          E_pair         E_mol          TotEng         Press     
         0   0             -865.33454      0             -865.33454      33906.325    
Loop time of 1.01e-06 on 1 procs for 0 steps with 216 atoms

0.0% CPU use with 1 MPI tasks x 1 OpenMP threads

MPI task timing breakdown:
Section |  min time  |  avg time  |  max time  |%varavg| %total
---------------------------------------------------------------
Pair    | 0          | 0          | 0          |   0.0 |  0.00
Neigh   | 0          | 0          | 0          |   0.0 |  0.00
Comm    | 0          | 0          | 0          |   0.0 |  0.00
Output  | 0          | 0          | 0          |   0.0 |  0.00
Modify  | 0          | 0          | 0          |   0.0 |  0.00
Other   |            | 1.01e-06   |            |       |100.00

Nlocal:            216 ave         216 max         216 min
Histogram: 1 0 0 0 0 0 0 0 0 0
Nghost:            849 ave         849 max         849 min
Histogram: 1 0 0 0 0 0 0 0 0 0
Neighs:              0 ave           0 max           0 min
Histogram: 1 0 0 0 0 0 0 0 0 0
FullNghs:         7358 ave        7358 max        7358 min
Histogram: 1 0 0 0 0 0 0 0 0 0

Total # of neighbors = 7358
Ave neighs/atom = 34.064815
Neighbor list builds = 0
Dangerous builds = 0
next i
jump SELF loop_struct
clear
  using 1 OpenMP thread(s) per MPI task
log energies.log append
units metal
boundary p p p
atom_style atomic
read_data Si333_${i}.in
read_data Si333_8.in
Reading data file ...
  orthogonal box = (0 0 0) to (16.331106 16.331106 16.331106)
  1 by 1 by 1 MPI processor grid
  reading atoms ...
  216 atoms
  reading velocities ...
  216 velocities
  read_data CPU = 0.001 seconds
mass 1 28.085
pair_style sw
pair_coeff * * Si.sw Si
Reading sw potential file Si.sw with DATE: 2007-06-11
run 0
WARNING: No fixes with time integration, atoms won't move (src/verlet.cpp:60)
Neighbor list info ...
  update: every = 1 steps, delay = 0 steps, check = yes
  max neighbors/atom: 2000, page size: 100000
  master list distance cutoff = 5.77118
  ghost atom cutoff = 5.77118
  binsize = 2.88559, bins = 6 6 6
  1 neighbor lists, perpetual/occasional/extra = 1 0 0
  (1) pair sw, perpetual
      attributes: full, newton on
      pair build: full/bin/atomonly
      stencil: full/bin/3d
      bin: standard
Per MPI rank memory allocation (min/avg/max) = 3.088 | 3.088 | 3.088 Mbytes
   Step          Temp          E_pair         E_mol          TotEng         Press     
         0   0             -189.03009      0             -189.03009      392859.73    
Loop time of 1.03e-06 on 1 procs for 0 steps with 216 atoms

0.0% CPU use with 1 MPI tasks x 1 OpenMP threads

MPI task timing breakdown:
Section |  min time  |  avg time  |  max time  |%varavg| %total
---------------------------------------------------------------
Pair    | 0          | 0          | 0          |   0.0 |  0.00
Neigh   | 0          | 0          | 0          |   0.0 |  0.00
Comm    | 0          | 0          | 0          |   0.0 |  0.00
Output  | 0          | 0          | 0          |   0.0 |  0.00
Modify  | 0          | 0          | 0          |   0.0 |  0.00
Other   |            | 1.03e-06   |            |       |100.00

Nlocal:            216 ave         216 max         216 min
Histogram: 1 0 0 0 0 0 0 0 0 0
Nghost:            873 ave         873 max         873 min
Histogram: 1 0 0 0 0 0 0 0 0 0
Neighs:              0 ave           0 max           0 min
Histogram: 1 0 0 0 0 0 0 0 0 0
FullNghs:         7466 ave        7466 max        7466 min
Histogram: 1 0 0 0 0 0 0 0 0 0

Total # of neighbors = 7466
Ave neighs/atom = 34.564815
Neighbor list builds = 0
Dangerous builds = 0
next i
jump SELF loop_struct
clear
  using 1 OpenMP thread(s) per MPI task
log energies.log append
units metal
boundary p p p
atom_style atomic
read_data Si333_${i}.in
read_data Si333_9.in
Reading data file ...
  orthogonal box = (0 0 0) to (16.331106 16.331106 16.331106)
  1 by 1 by 1 MPI processor grid
  reading atoms ...
  216 atoms
  reading velocities ...
  216 velocities
  read_data CPU = 0.001 seconds
mass 1 28.085
pair_style sw
pair_coeff * * Si.sw Si
Reading sw potential file Si.sw with DATE: 2007-06-11
run 0
WARNING: No fixes with time integration, atoms won't move (src/verlet.cpp:60)
Neighbor list info ...
  update: every = 1 steps, delay = 0 steps, check = yes
  max neighbors/atom: 2000, page size: 100000
  master list distance cutoff = 5.77118
  ghost atom cutoff = 5.77118
  binsize = 2.88559, bins = 6 6 6
  1 neighbor lists, perpetual/occasional/extra = 1 0 0
  (1) pair sw, perpetual
      attributes: full, newton on
      pair build: full/bin/atomonly
      stencil: full/bin/3d
      bin: standard
Per MPI rank memory allocation (min/avg/max) = 3.084 | 3.084 | 3.084 Mbytes
   Step          Temp          E_pair         E_mol          TotEng         Press     
         0   0             -766.96529      0             -766.96529      83837.966    
Loop time of 1.02e-06 on 1 procs for 0 steps with 216 atoms

0.0% CPU use with 1 MPI tasks x 1 OpenMP threads

MPI task timing breakdown:
Section |  min time  |  avg time  |  max time  |%varavg| %total
---------------------------------------------------------------
Pair    | 0          | 0          | 0          |   0.0 |  0.00
Neigh   | 0          | 0          | 0          |   0.0 |  0.00
Comm    | 0          | 0          | 0          |   0.0 |  0.00
Output  | 0          | 0          | 0          |   0.0 |  0.00
Modify  | 0          | 0          | 0          |   0.0 |  0.00
Other   |            | 1.02e-06   |            |       |100.00

Nlocal:            216 ave         216 max         216 min
Histogram: 1 0 0 0 0 0 0 0 0 0
Nghost:            822 ave         822 max         822 min
Histogram: 1 0 0 0 0 0 0 0 0 0
Neighs:              0 ave           0 max           0 min
Histogram: 1 0 0 0 0 0 0 0 0 0
FullNghs:         7374 ave        7374 max        7374 min
Histogram: 1 0 0 0 0 0 0 0 0 0

Total # of neighbors = 7374
Ave neighs/atom = 34.138889
Neighbor list builds = 0
Dangerous builds = 0
next i
jump SELF loop_struct
clear
  using 1 OpenMP thread(s) per MPI task
log energies.log append
units metal
boundary p p p
atom_style atomic
read_data Si333_${i}.in
read_data Si333_10.in
Reading data file ...
  orthogonal box = (0 0 0) to (16.331106 16.331106 16.331106)
  1 by 1 by 1 MPI processor grid
  reading atoms ...
  216 atoms
  reading velocities ...
  216 velocities
  read_data CPU = 0.001 seconds
mass 1 28.085
pair_style sw
pair_coeff * * Si.sw Si
Reading sw potential file Si.sw with DATE: 2007-06-11
run 0
WARNING: No fixes with time integration, atoms won't move (src/verlet.cpp:60)
Neighbor list info ...
  update: every = 1 steps, delay = 0 steps, check = yes
  max neighbors/atom: 2000, page size: 100000
  master list distance cutoff = 5.77118
  ghost atom cutoff = 5.77118
  binsize = 2.88559, bins = 6 6 6
  1 neighbor lists, perpetual/occasional/extra = 1 0 0
  (1) pair sw, perpetual
      attributes: full, newton on
      pair build: full/bin/atomonly
      stencil: full/bin/3d
      bin: standard
Per MPI rank memory allocation (min/avg/max) = 3.088 | 3.088 | 3.088 Mbytes
   Step          Temp          E_pair         E_mol          TotEng         Press     
         0   0             -756.88491      0             -756.88491      89594.74     
Loop time of 1.14e-06 on 1 procs for 0 steps with 216 atoms

175.4% CPU use with 1 MPI tasks x 1 OpenMP threads

MPI task timing breakdown:
Section |  min time  |  avg time  |  max time  |%varavg| %total
---------------------------------------------------------------
Pair    | 0          | 0          | 0          |   0.0 |  0.00
Neigh   | 0          | 0          | 0          |   0.0 |  0.00
Comm    | 0          | 0          | 0          |   0.0 |  0.00
Output  | 0          | 0          | 0          |   0.0 |  0.00
Modify  | 0          | 0          | 0          |   0.0 |  0.00
Other   |            | 1.14e-06   |            |       |100.00

Nlocal:            216 ave         216 max         216 min
Histogram: 1 0 0 0 0 0 0 0 0 0
Nghost:            938 ave         938 max         938 min
Histogram: 1 0 0 0 0 0 0 0 0 0
Neighs:              0 ave           0 max           0 min
Histogram: 1 0 0 0 0 0 0 0 0 0
FullNghs:         7356 ave        7356 max        7356 min
Histogram: 1 0 0 0 0 0 0 0 0 0

Total # of neighbors = 7356
Ave neighs/atom = 34.055556
Neighbor list builds = 0
Dangerous builds = 0
next i
jump SELF loop_struct
clear
  using 1 OpenMP thread(s) per MPI task
log energies.log append
units metal
boundary p p p
atom_style atomic
read_data Si333_${i}.in
read_data Si333_11.in
Reading data file ...
  orthogonal box = (0 0 0) to (16.331106 16.331106 16.331106)
  1 by 1 by 1 MPI processor grid
  reading atoms ...
  216 atoms
  reading velocities ...
  216 velocities
  read_data CPU = 0.001 seconds
mass 1 28.085
pair_style sw
pair_coeff * * Si.sw Si
Reading sw potential file Si.sw with DATE: 2007-06-11
run 0
WARNING: No fixes with time integration, atoms won't move (src/verlet.cpp:60)
Neighbor list info ...
  update: every = 1 steps, delay = 0 steps, check = yes
  max neighbors/atom: 2000, page size: 100000
  master list distance cutoff = 5.77118
  ghost atom cutoff = 5.77118
  binsize = 2.88559, bins = 6 6 6
  1 neighbor lists, perpetual/occasional/extra = 1 0 0
  (1) pair sw, perpetual
      attributes: full, newton on
      pair build: full/bin/atomonly
      stencil: full/bin/3d
      bin: standard
Per MPI rank memory allocation (min/avg/max) = 3.088 | 3.088 | 3.088 Mbytes
   Step          Temp          E_pair         E_mol          TotEng         Press     
         0   0             -933.2674       0             -933.2674      -6244.4558    
Loop time of 1.03e-06 on 1 procs for 0 steps with 216 atoms

97.1% CPU use with 1 MPI tasks x 1 OpenMP threads

MPI task timing breakdown:
Section |  min time  |  avg time  |  max time  |%varavg| %total
---------------------------------------------------------------
Pair    | 0          | 0          | 0          |   0.0 |  0.00
Neigh   | 0          | 0          | 0          |   0.0 |  0.00
Comm    | 0          | 0          | 0          |   0.0 |  0.00
Output  | 0          | 0          | 0          |   0.0 |  0.00
Modify  | 0          | 0          | 0          |   0.0 |  0.00
Other   |            | 1.03e-06   |            |       |100.00

Nlocal:            216 ave         216 max         216 min
Histogram: 1 0 0 0 0 0 0 0 0 0
Nghost:            834 ave         834 max         834 min
Histogram: 1 0 0 0 0 0 0 0 0 0
Neighs:              0 ave           0 max           0 min
Histogram: 1 0 0 0 0 0 0 0 0 0
FullNghs:         7344 ave        7344 max        7344 min
Histogram: 1 0 0 0 0 0 0 0 0 0

Total # of neighbors = 7344
Ave neighs/atom = 34
Neighbor list builds = 0
Dangerous builds = 0
next i
jump SELF loop_struct
clear
  using 1 OpenMP thread(s) per MPI task
log energies.log append
units metal
boundary p p p
atom_style atomic
read_data Si333_${i}.in
read_data Si333_12.in
Reading data file ...
  orthogonal box = (0 0 0) to (16.331106 16.331106 16.331106)
  1 by 1 by 1 MPI processor grid
  reading atoms ...
  216 atoms
  reading velocities ...
  216 velocities
  read_data CPU = 0.001 seconds
mass 1 28.085
pair_style sw
pair_coeff * * Si.sw Si
Reading sw potential file Si.sw with DATE: 2007-06-11
run 0
WARNING: No fixes with time integration, atoms won't move (src/verlet.cpp:60)
Neighbor list info ...
  update: every = 1 steps, delay = 0 steps, check = yes
  max neighbors/atom: 2000, page size: 100000
  master list distance cutoff = 5.77118
  ghost atom cutoff = 5.77118
  binsize = 2.88559, bins = 6 6 6
  1 neighbor lists, perpetual/occasional/extra = 1 0 0
  (1) pair sw, perpetual
      attributes: full, newton on
      pair build: full/bin/atomonly
      stencil: full/bin/3d
      bin: standard
Per MPI rank memory allocation (min/avg/max) = 3.084 | 3.084 | 3.084 Mbytes
   Step          Temp          E_pair         E_mol          TotEng         Press     
         0   0             -559.49863      0             -559.49863      195614.24    
Loop time of 1.18e-06 on 1 procs for 0 steps with 216 atoms

0.0% CPU use with 1 MPI tasks x 1 OpenMP threads

MPI task timing breakdown:
Section |  min time  |  avg time  |  max time  |%varavg| %total
---------------------------------------------------------------
Pair    | 0          | 0          | 0          |   0.0 |  0.00
Neigh   | 0          | 0          | 0          |   0.0 |  0.00
Comm    | 0          | 0          | 0          |   0.0 |  0.00
Output  | 0          | 0          | 0          |   0.0 |  0.00
Modify  | 0          | 0          | 0          |   0.0 |  0.00
Other   |            | 1.18e-06   |            |       |100.00

Nlocal:            216 ave         216 max         216 min
Histogram: 1 0 0 0 0 0 0 0 0 0
Nghost:            867 ave         867 max         867 min
Histogram: 1 0 0 0 0 0 0 0 0 0
Neighs:              0 ave           0 max           0 min
Histogram: 1 0 0 0 0 0 0 0 0 0
FullNghs:         7398 ave        7398 max        7398 min
Histogram: 1 0 0 0 0 0 0 0 0 0

Total # of neighbors = 7398
Ave neighs/atom = 34.25
Neighbor list builds = 0
Dangerous builds = 0
next i
jump SELF loop_struct
clear
  using 1 OpenMP thread(s) per MPI task
log energies.log append
units metal
boundary p p p
atom_style atomic
read_data Si333_${i}.in
read_data Si333_13.in
Reading data file ...
  orthogonal box = (0 0 0) to (16.331106 16.331106 16.331106)
  1 by 1 by 1 MPI processor grid
  reading atoms ...
  216 atoms
  reading velocities ...
  216 velocities
  read_data CPU = 0.001 seconds
mass 1 28.085
pair_style sw
pair_coeff * * Si.sw Si
Reading sw potential file Si.sw with DATE: 2007-06-11
run 0
WARNING: No fixes with time integration, atoms won't move (src/verlet.cpp:60)
Neighbor list info ...
  update: every = 1 steps, delay = 0 steps, check = yes
  max neighbors/atom: 2000, page size: 100000
  master list distance cutoff = 5.77118
  ghost atom cutoff = 5.77118
  binsize = 2.88559, bins = 6 6 6
  1 neighbor lists, perpetual/occasional/extra = 1 0 0
  (1) pair sw, perpetual
      attributes: full, newton on
      pair build: full/bin/atomonly
      stencil: full/bin/3d
      bin: standard
Per MPI rank memory allocation (min/avg/max) = 3.088 | 3.088 | 3.088 Mbytes
   Step          Temp          E_pair         E_mol          TotEng         Press     
         0   0             -541.76553      0             -541.76553      203918.03    
Loop time of 1.03e-06 on 1 procs for 0 steps with 216 atoms

97.1% CPU use with 1 MPI tasks x 1 OpenMP threads

MPI task timing breakdown:
Section |  min time  |  avg time  |  max time  |%varavg| %total
---------------------------------------------------------------
Pair    | 0          | 0          | 0          |   0.0 |  0.00
Neigh   | 0          | 0          | 0          |   0.0 |  0.00
Comm    | 0          | 0          | 0          |   0.0 |  0.00
Output  | 0          | 0          | 0          |   0.0 |  0.00
Modify  | 0          | 0          | 0          |   0.0 |  0.00
Other   |            | 1.03e-06   |            |       |100.00

Nlocal:            216 ave         216 max         216 min
Histogram: 1 0 0 0 0 0 0 0 0 0
Nghost:            882 ave         882 max         882 min
Histogram: 1 0 0 0 0 0 0 0 0 0
Neighs:              0 ave           0 max           0 min
Histogram: 1 0 0 0 0 0 0 0 0 0
FullNghs:         7394 ave        7394 max        7394 min
Histogram: 1 0 0 0 0 0 0 0 0 0

Total # of neighbors = 7394
Ave neighs/atom = 34.231481
Neighbor list builds = 0
Dangerous builds = 0
next i
jump SELF loop_struct
clear
  using 1 OpenMP thread(s) per MPI task
log energies.log append
units metal
boundary p p p
atom_style atomic
read_data Si333_${i}.in
read_data Si333_14.in
Reading data file ...
  orthogonal box = (0 0 0) to (16.331106 16.331106 16.331106)
  1 by 1 by 1 MPI processor grid
  reading atoms ...
  216 atoms
  reading velocities ...
  216 velocities
  read_data CPU = 0.001 seconds
mass 1 28.085
pair_style sw
pair_coeff * * Si.sw Si
Reading sw potential file Si.sw with DATE: 2007-06-11
run 0
WARNING: No fixes with time integration, atoms won't move (src/verlet.cpp:60)
Neighbor list info ...
  update: every = 1 steps, delay = 0 steps, check = yes
  max neighbors/atom: 2000, page size: 100000
  master list distance cutoff = 5.77118
  ghost atom cutoff = 5.77118
  binsize = 2.88559, bins = 6 6 6
  1 neighbor lists, perpetual/occasional/extra = 1 0 0
  (1) pair sw, perpetual
      attributes: full, newton on
      pair build: full/bin/atomonly
      stencil: full/bin/3d
      bin: standard
Per MPI rank memory allocation (min/avg/max) = 3.083 | 3.083 | 3.083 Mbytes
   Step          Temp          E_pair         E_mol          TotEng         Press     
         0   0             -696.39924      0             -696.39924      125245.81    
Loop time of 1e-06 on 1 procs for 0 steps with 216 atoms

100.0% CPU use with 1 MPI tasks x 1 OpenMP threads

MPI task timing breakdown:
Section |  min time  |  avg time  |  max time  |%varavg| %total
---------------------------------------------------------------
Pair    | 0          | 0          | 0          |   0.0 |  0.00
Neigh   | 0          | 0          | 0          |   0.0 |  0.00
Comm    | 0          | 0          | 0          |   0.0 |  0.00
Output  | 0          | 0          | 0          |   0.0 |  0.00
Modify  | 0          | 0          | 0          |   0.0 |  0.00
Other   |            | 1e-06      |            |       |100.00

Nlocal:            216 ave         216 max         216 min
Histogram: 1 0 0 0 0 0 0 0 0 0
Nghost:            814 ave         814 max         814 min
Histogram: 1 0 0 0 0 0 0 0 0 0
Neighs:              0 ave           0 max           0 min
Histogram: 1 0 0 0 0 0 0 0 0 0
FullNghs:         7396 ave        7396 max        7396 min
Histogram: 1 0 0 0 0 0 0 0 0 0

Total # of neighbors = 7396
Ave neighs/atom = 34.240741
Neighbor list builds = 0
Dangerous builds = 0
next i
jump SELF loop_struct
clear
  using 1 OpenMP thread(s) per MPI task
log energies.log append
units metal
boundary p p p
atom_style atomic
read_data Si333_${i}.in
read_data Si333_15.in
Reading data file ...
  orthogonal box = (0 0 0) to (16.331106 16.331106 16.331106)
  1 by 1 by 1 MPI processor grid
  reading atoms ...
  216 atoms
  reading velocities ...
  216 velocities
  read_data CPU = 0.001 seconds
mass 1 28.085
pair_style sw
pair_coeff * * Si.sw Si
Reading sw potential file Si.sw with DATE: 2007-06-11
run 0
WARNING: No fixes with time integration, atoms won't move (src/verlet.cpp:60)
Neighbor list info ...
  update: every = 1 steps, delay = 0 steps, check = yes
  max neighbors/atom: 2000, page size: 100000
  master list distance cutoff = 5.77118
  ghost atom cutoff = 5.77118
  binsize = 2.88559, bins = 6 6 6
  1 neighbor lists, perpetual/occasional/extra = 1 0 0
  (1) pair sw, perpetual
      attributes: full, newton on
      pair build: full/bin/atomonly
      stencil: full/bin/3d
      bin: standard
Per MPI rank memory allocation (min/avg/max) = 3.081 | 3.081 | 3.081 Mbytes
   Step          Temp          E_pair         E_mol          TotEng         Press     
         0   0             -579.34105      0             -579.34105      185427.88    
Loop time of 1e-06 on 1 procs for 0 steps with 216 atoms

0.0% CPU use with 1 MPI tasks x 1 OpenMP threads

MPI task timing breakdown:
Section |  min time  |  avg time  |  max time  |%varavg| %total
---------------------------------------------------------------
Pair    | 0          | 0          | 0          |   0.0 |  0.00
Neigh   | 0          | 0          | 0          |   0.0 |  0.00
Comm    | 0          | 0          | 0          |   0.0 |  0.00
Output  | 0          | 0          | 0          |   0.0 |  0.00
Modify  | 0          | 0          | 0          |   0.0 |  0.00
Other   |            | 1e-06      |            |       |100.00

Nlocal:            216 ave         216 max         216 min
Histogram: 1 0 0 0 0 0 0 0 0 0
Nghost:            792 ave         792 max         792 min
Histogram: 1 0 0 0 0 0 0 0 0 0
Neighs:              0 ave           0 max           0 min
Histogram: 1 0 0 0 0 0 0 0 0 0
FullNghs:         7388 ave        7388 max        7388 min
Histogram: 1 0 0 0 0 0 0 0 0 0

Total # of neighbors = 7388
Ave neighs/atom = 34.203704
Neighbor list builds = 0
Dangerous builds = 0
next i
jump SELF loop_struct
clear
  using 1 OpenMP thread(s) per MPI task
log energies.log append
units metal
boundary p p p
atom_style atomic
read_data Si333_${i}.in
read_data Si333_16.in
Reading data file ...
  orthogonal box = (0 0 0) to (16.331106 16.331106 16.331106)
  1 by 1 by 1 MPI processor grid
  reading atoms ...
  216 atoms
  reading velocities ...
  216 velocities
  read_data CPU = 0.001 seconds
mass 1 28.085
pair_style sw
pair_coeff * * Si.sw Si
Reading sw potential file Si.sw with DATE: 2007-06-11
run 0
WARNING: No fixes with time integration, atoms won't move (src/verlet.cpp:60)
Neighbor list info ...
  update: every = 1 steps, delay = 0 steps, check = yes
  max neighbors/atom: 2000, page size: 100000
  master list distance cutoff = 5.77118
  ghost atom cutoff = 5.77118
  binsize = 2.88559, bins = 6 6 6
  1 neighbor lists, perpetual/occasional/extra = 1 0 0
  (1) pair sw, perpetual
      attributes: full, newton on
      pair build: full/bin/atomonly
      stencil: full/bin/3d
      bin: standard
Per MPI rank memory allocation (min/avg/max) = 3.088 | 3.088 | 3.088 Mbytes
   Step          Temp          E_pair         E_mol          TotEng         Press     
         0   0             -593.82846      0             -593.82846      171471.81    
Loop time of 1.01e-06 on 1 procs for 0 steps with 216 atoms

198.0% CPU use with 1 MPI tasks x 1 OpenMP threads

MPI task timing breakdown:
Section |  min time  |  avg time  |  max time  |%varavg| %total
---------------------------------------------------------------
Pair    | 0          | 0          | 0          |   0.0 |  0.00
Neigh   | 0          | 0          | 0          |   0.0 |  0.00
Comm    | 0          | 0          | 0          |   0.0 |  0.00
Output  | 0          | 0          | 0          |   0.0 |  0.00
Modify  | 0          | 0          | 0          |   0.0 |  0.00
Other   |            | 1.01e-06   |            |       |100.00

Nlocal:            216 ave         216 max         216 min
Histogram: 1 0 0 0 0 0 0 0 0 0
Nghost:            935 ave         935 max         935 min
Histogram: 1 0 0 0 0 0 0 0 0 0
Neighs:              0 ave           0 max           0 min
Histogram: 1 0 0 0 0 0 0 0 0 0
FullNghs:         7378 ave        7378 max        7378 min
Histogram: 1 0 0 0 0 0 0 0 0 0

Total # of neighbors = 7378
Ave neighs/atom = 34.157407
Neighbor list builds = 0
Dangerous builds = 0
next i
jump SELF loop_struct
clear
  using 1 OpenMP thread(s) per MPI task
log energies.log append
units metal
boundary p p p
atom_style atomic
read_data Si333_${i}.in
read_data Si333_17.in
Reading data file ...
  orthogonal box = (0 0 0) to (16.331106 16.331106 16.331106)
  1 by 1 by 1 MPI processor grid
  reading atoms ...
  216 atoms
  reading velocities ...
  216 velocities
  read_data CPU = 0.001 seconds
mass 1 28.085
pair_style sw
pair_coeff * * Si.sw Si
Reading sw potential file Si.sw with DATE: 2007-06-11
run 0
WARNING: No fixes with time integration, atoms won't move (src/verlet.cpp:60)
Neighbor list info ...
  update: every = 1 steps, delay = 0 steps, check = yes
  max neighbors/atom: 2000, page size: 100000
  master list distance cutoff = 5.77118
  ghost atom cutoff = 5.77118
  binsize = 2.88559, bins = 6 6 6
  1 neighbor lists, perpetual/occasional/extra = 1 0 0
  (1) pair sw, perpetual
      attributes: full, newton on
      pair build: full/bin/atomonly
      stencil: full/bin/3d
      bin: standard
Per MPI rank memory allocation (min/avg/max) = 3.085 | 3.085 | 3.085 Mbytes
   Step          Temp          E_pair         E_mol          TotEng         Press     
         0   0             -933.49972      0             -933.49972     -6259.2232    
Loop time of 1.03e-06 on 1 procs for 0 steps with 216 atoms

0.0% CPU use with 1 MPI tasks x 1 OpenMP threads

MPI task timing breakdown:
Section |  min time  |  avg time  |  max time  |%varavg| %total
---------------------------------------------------------------
Pair    | 0          | 0          | 0          |   0.0 |  0.00
Neigh   | 0          | 0          | 0          |   0.0 |  0.00
Comm    | 0          | 0          | 0          |   0.0 |  0.00
Output  | 0          | 0          | 0          |   0.0 |  0.00
Modify  | 0          | 0          | 0          |   0.0 |  0.00
Other   |            | 1.03e-06   |            |       |100.00

Nlocal:            216 ave         216 max         216 min
Histogram: 1 0 0 0 0 0 0 0 0 0
Nghost:            834 ave         834 max         834 min
Histogram: 1 0 0 0 0 0 0 0 0 0
Neighs:              0 ave           0 max           0 min
Histogram: 1 0 0 0 0 0 0 0 0 0
FullNghs:         7344 ave        7344 max        7344 min
Histogram: 1 0 0 0 0 0 0 0 0 0

Total # of neighbors = 7344
Ave neighs/atom = 34
Neighbor list builds = 0
Dangerous builds = 0
next i
jump SELF loop_struct
clear
  using 1 OpenMP thread(s) per MPI task
log energies.log append
units metal
boundary p p p
atom_style atomic
read_data Si333_${i}.in
read_data Si333_18.in
Reading data file ...
  orthogonal box = (0 0 0) to (16.331106 16.331106 16.331106)
  1 by 1 by 1 MPI processor grid
  reading atoms ...
  216 atoms
  reading velocities ...
  216 velocities
  read_data CPU = 0.001 seconds
mass 1 28.085
pair_style sw
pair_coeff * * Si.sw Si
Reading sw potential file Si.sw with DATE: 2007-06-11
run 0
WARNING: No fixes with time integration, atoms won't move (src/verlet.cpp:60)
Neighbor list info ...
  update: every = 1 steps, delay = 0 steps, check = yes
  max neighbors/atom: 2000, page size: 100000
  master list distance cutoff = 5.77118
  ghost atom cutoff = 5.77118
  binsize = 2.88559, bins = 6 6 6
  1 neighbor lists, perpetual/occasional/extra = 1 0 0
  (1) pair sw, perpetual
      attributes: full, newton on
      pair build: full/bin/atomonly
      stencil: full/bin/3d
      bin: standard
Per MPI rank memory allocation (min/avg/max) = 3.081 | 3.081 | 3.081 Mbytes
   Step          Temp          E_pair         E_mol          TotEng         Press     
         0   0             -698.77217      0             -698.77217      119034.66    
Loop time of 1.03e-06 on 1 procs for 0 steps with 216 atoms

97.1% CPU use with 1 MPI tasks x 1 OpenMP threads

MPI task timing breakdown:
Section |  min time  |  avg time  |  max time  |%varavg| %total
---------------------------------------------------------------
Pair    | 0          | 0          | 0          |   0.0 |  0.00
Neigh   | 0          | 0          | 0          |   0.0 |  0.00
Comm    | 0          | 0          | 0          |   0.0 |  0.00
Output  | 0          | 0          | 0          |   0.0 |  0.00
Modify  | 0          | 0          | 0          |   0.0 |  0.00
Other   |            | 1.03e-06   |            |       |100.00

Nlocal:            216 ave         216 max         216 min
Histogram: 1 0 0 0 0 0 0 0 0 0
Nghost:            787 ave         787 max         787 min
Histogram: 1 0 0 0 0 0 0 0 0 0
Neighs:              0 ave           0 max           0 min
Histogram: 1 0 0 0 0 0 0 0 0 0
FullNghs:         7362 ave        7362 max        7362 min
Histogram: 1 0 0 0 0 0 0 0 0 0

Total # of neighbors = 7362
Ave neighs/atom = 34.083333
Neighbor list builds = 0
Dangerous builds = 0
next i
jump SELF loop_struct
clear
  using 1 OpenMP thread(s) per MPI task
log energies.log append
units metal
boundary p p p
atom_style atomic
read_data Si333_${i}.in
read_data Si333_19.in
Reading data file ...
  orthogonal box = (0 0 0) to (16.331106 16.331106 16.331106)
  1 by 1 by 1 MPI processor grid
  reading atoms ...
  216 atoms
  reading velocities ...
  216 velocities
  read_data CPU = 0.001 seconds
mass 1 28.085
pair_style sw
pair_coeff * * Si.sw Si
Reading sw potential file Si.sw with DATE: 2007-06-11
run 0
WARNING: No fixes with time integration, atoms won't move (src/verlet.cpp:60)
Neighbor list info ...
  update: every = 1 steps, delay = 0 steps, check = yes
  max neighbors/atom: 2000, page size: 100000
  master list distance cutoff = 5.77118
  ghost atom cutoff = 5.77118
  binsize = 2.88559, bins = 6 6 6
  1 neighbor lists, perpetual/occasional/extra = 1 0 0
  (1) pair sw, perpetual
      attributes: full, newton on
      pair build: full/bin/atomonly
      stencil: full/bin/3d
      bin: standard
Per MPI rank memory allocation (min/avg/max) = 3.085 | 3.085 | 3.085 Mbytes
   Step          Temp          E_pair         E_mol          TotEng         Press     
         0   0             -456.33708      0             -456.33708      248162.56    
Loop time of 1.02e-06 on 1 procs for 0 steps with 216 atoms

0.0% CPU use with 1 MPI tasks x 1 OpenMP threads

MPI task timing breakdown:
Section |  min time  |  avg time  |  max time  |%varavg| %total
---------------------------------------------------------------
Pair    | 0          | 0          | 0          |   0.0 |  0.00
Neigh   | 0          | 0          | 0          |   0.0 |  0.00
Comm    | 0          | 0          | 0          |   0.0 |  0.00
Output  | 0          | 0          | 0          |   0.0 |  0.00
Modify  | 0          | 0          | 0          |   0.0 |  0.00
Other   |            | 1.02e-06   |            |       |100.00

Nlocal:            216 ave         216 max         216 min
Histogram: 1 0 0 0 0 0 0 0 0 0
Nghost:            862 ave         862 max         862 min
Histogram: 1 0 0 0 0 0 0 0 0 0
Neighs:              0 ave           0 max           0 min
Histogram: 1 0 0 0 0 0 0 0 0 0
FullNghs:         7382 ave        7382 max        7382 min
Histogram: 1 0 0 0 0 0 0 0 0 0

Total # of neighbors = 7382
Ave neighs/atom = 34.175926
Neighbor list builds = 0
Dangerous builds = 0
next i
jump SELF loop_struct
clear
  using 1 OpenMP thread(s) per MPI task
log energies.log append
units metal
boundary p p p
atom_style atomic
read_data Si333_${i}.in
read_data Si333_20.in
Reading data file ...
  orthogonal box = (0 0 0) to (16.331106 16.331106 16.331106)
  1 by 1 by 1 MPI processor grid
  reading atoms ...
  216 atoms
  reading velocities ...
  216 velocities
  read_data CPU = 0.001 seconds
mass 1 28.085
pair_style sw
pair_coeff * * Si.sw Si
Reading sw potential file Si.sw with DATE: 2007-06-11
run 0
WARNING: No fixes with time integration, atoms won't move (src/verlet.cpp:60)
Neighbor list info ...
  update: every = 1 steps, delay = 0 steps, check = yes
  max neighbors/atom: 2000, page size: 100000
  master list distance cutoff = 5.77118
  ghost atom cutoff = 5.77118
  binsize = 2.88559, bins = 6 6 6
  1 neighbor lists, perpetual/occasional/extra = 1 0 0
  (1) pair sw, perpetual
      attributes: full, newton on
      pair build: full/bin/atomonly
      stencil: full/bin/3d
      bin: standard
Per MPI rank memory allocation (min/avg/max) = 3.083 | 3.083 | 3.083 Mbytes
   Step          Temp          E_pair         E_mol          TotEng         Press     
         0   0             -770.34308      0             -770.34308      86673.005    
Loop time of 1.19e-06 on 1 procs for 0 steps with 216 atoms

84.0% CPU use with 1 MPI tasks x 1 OpenMP threads

MPI task timing breakdown:
Section |  min time  |  avg time  |  max time  |%varavg| %total
---------------------------------------------------------------
Pair    | 0          | 0          | 0          |   0.0 |  0.00
Neigh   | 0          | 0          | 0          |   0.0 |  0.00
Comm    | 0          | 0          | 0          |   0.0 |  0.00
Output  | 0          | 0          | 0          |   0.0 |  0.00
Modify  | 0          | 0          | 0          |   0.0 |  0.00
Other   |            | 1.19e-06   |            |       |100.00

Nlocal:            216 ave         216 max         216 min
Histogram: 1 0 0 0 0 0 0 0 0 0
Nghost:            844 ave         844 max         844 min
Histogram: 1 0 0 0 0 0 0 0 0 0
Neighs:              0 ave           0 max           0 min
Histogram: 1 0 0 0 0 0 0 0 0 0
FullNghs:         7406 ave        7406 max        7406 min
Histogram: 1 0 0 0 0 0 0 0 0 0

Total # of neighbors = 7406
Ave neighs/atom = 34.287037
Neighbor list builds = 0
Dangerous builds = 0
next i
jump SELF loop_struct
clear
  using 1 OpenMP thread(s) per MPI task
log energies.log append
units metal
boundary p p p
atom_style atomic
read_data Si333_${i}.in
read_data Si333_21.in
Reading data file ...
  orthogonal box = (0 0 0) to (16.331106 16.331106 16.331106)
  1 by 1 by 1 MPI processor grid
  reading atoms ...
  216 atoms
  reading velocities ...
  216 velocities
  read_data CPU = 0.001 seconds
mass 1 28.085
pair_style sw
pair_coeff * * Si.sw Si
Reading sw potential file Si.sw with DATE: 2007-06-11
run 0
WARNING: No fixes with time integration, atoms won't move (src/verlet.cpp:60)
Neighbor list info ...
  update: every = 1 steps, delay = 0 steps, check = yes
  max neighbors/atom: 2000, page size: 100000
  master list distance cutoff = 5.77118
  ghost atom cutoff = 5.77118
  binsize = 2.88559, bins = 6 6 6
  1 neighbor lists, perpetual/occasional/extra = 1 0 0
  (1) pair sw, perpetual
      attributes: full, newton on
      pair build: full/bin/atomonly
      stencil: full/bin/3d
      bin: standard
Per MPI rank memory allocation (min/avg/max) = 3.084 | 3.084 | 3.084 Mbytes
   Step          Temp          E_pair         E_mol          TotEng         Press     
         0   0             -314.57381      0             -314.57381      323665.9     
Loop time of 1.03e-06 on 1 procs for 0 steps with 216 atoms

0.0% CPU use with 1 MPI tasks x 1 OpenMP threads

MPI task timing breakdown:
Section |  min time  |  avg time  |  max time  |%varavg| %total
---------------------------------------------------------------
Pair    | 0          | 0          | 0          |   0.0 |  0.00
Neigh   | 0          | 0          | 0          |   0.0 |  0.00
Comm    | 0          | 0          | 0          |   0.0 |  0.00
Output  | 0          | 0          | 0          |   0.0 |  0.00
Modify  | 0          | 0          | 0          |   0.0 |  0.00
Other   |            | 1.03e-06   |            |       |100.00

Nlocal:            216 ave         216 max         216 min
Histogram: 1 0 0 0 0 0 0 0 0 0
Nghost:            870 ave         870 max         870 min
Histogram: 1 0 0 0 0 0 0 0 0 0
Neighs:              0 ave           0 max           0 min
Histogram: 1 0 0 0 0 0 0 0 0 0
FullNghs:         7460 ave        7460 max        7460 min
Histogram: 1 0 0 0 0 0 0 0 0 0

Total # of neighbors = 7460
Ave neighs/atom = 34.537037
Neighbor list builds = 0
Dangerous builds = 0
next i
jump SELF loop_struct
clear
  using 1 OpenMP thread(s) per MPI task
log energies.log append
units metal
boundary p p p
atom_style atomic
read_data Si333_${i}.in
read_data Si333_22.in
Reading data file ...
  orthogonal box = (0 0 0) to (16.331106 16.331106 16.331106)
  1 by 1 by 1 MPI processor grid
  reading atoms ...
  216 atoms
  reading velocities ...
  216 velocities
  read_data CPU = 0.001 seconds
mass 1 28.085
pair_style sw
pair_coeff * * Si.sw Si
Reading sw potential file Si.sw with DATE: 2007-06-11
run 0
WARNING: No fixes with time integration, atoms won't move (src/verlet.cpp:60)
Neighbor list info ...
  update: every = 1 steps, delay = 0 steps, check = yes
  max neighbors/atom: 2000, page size: 100000
  master list distance cutoff = 5.77118
  ghost atom cutoff = 5.77118
  binsize = 2.88559, bins = 6 6 6
  1 neighbor lists, perpetual/occasional/extra = 1 0 0
  (1) pair sw, perpetual
      attributes: full, newton on
      pair build: full/bin/atomonly
      stencil: full/bin/3d
      bin: standard
Per MPI rank memory allocation (min/avg/max) = 3.087 | 3.087 | 3.087 Mbytes
   Step          Temp          E_pair         E_mol          TotEng         Press     
         0   0             -770.73566      0             -770.73566      82008.875    
Loop time of 1.01e-06 on 1 procs for 0 steps with 216 atoms

0.0% CPU use with 1 MPI tasks x 1 OpenMP threads

MPI task timing breakdown:
Section |  min time  |  avg time  |  max time  |%varavg| %total
---------------------------------------------------------------
Pair    | 0          | 0          | 0          |   0.0 |  0.00
Neigh   | 0          | 0          | 0          |   0.0 |  0.00
Comm    | 0          | 0          | 0          |   0.0 |  0.00
Output  | 0          | 0          | 0          |   0.0 |  0.00
Modify  | 0          | 0          | 0          |   0.0 |  0.00
Other   |            | 1.01e-06   |            |       |100.00

Nlocal:            216 ave         216 max         216 min
Histogram: 1 0 0 0 0 0 0 0 0 0
Nghost:            909 ave         909 max         909 min
Histogram: 1 0 0 0 0 0 0 0 0 0
Neighs:              0 ave           0 max           0 min
Histogram: 1 0 0 0 0 0 0 0 0 0
FullNghs:         7370 ave        7370 max        7370 min
Histogram: 1 0 0 0 0 0 0 0 0 0

Total # of neighbors = 7370
Ave neighs/atom = 34.12037
Neighbor list builds = 0
Dangerous builds = 0
next i
jump SELF loop_struct
clear
  using 1 OpenMP thread(s) per MPI task
log energies.log append
units metal
boundary p p p
atom_style atomic
read_data Si333_${i}.in
read_data Si333_23.in
Reading data file ...
  orthogonal box = (0 0 0) to (16.331106 16.331106 16.331106)
  1 by 1 by 1 MPI processor grid
  reading atoms ...
  216 atoms
  reading velocities ...
  216 velocities
  read_data CPU = 0.001 seconds
mass 1 28.085
pair_style sw
pair_coeff * * Si.sw Si
Reading sw potential file Si.sw with DATE: 2007-06-11
run 0
WARNING: No fixes with time integration, atoms won't move (src/verlet.cpp:60)
Neighbor list info ...
  update: every = 1 steps, delay = 0 steps, check = yes
  max neighbors/atom: 2000, page size: 100000
  master list distance cutoff = 5.77118
  ghost atom cutoff = 5.77118
  binsize = 2.88559, bins = 6 6 6
  1 neighbor lists, perpetual/occasional/extra = 1 0 0
  (1) pair sw, perpetual
      attributes: full, newton on
      pair build: full/bin/atomonly
      stencil: full/bin/3d
      bin: standard
Per MPI rank memory allocation (min/avg/max) = 3.086 | 3.086 | 3.086 Mbytes
   Step          Temp          E_pair         E_mol          TotEng         Press     
         0   0             -933.06011      0             -933.06011     -6167.3338    
Loop time of 1.12e-06 on 1 procs for 0 steps with 216 atoms

178.6% CPU use with 1 MPI tasks x 1 OpenMP threads

MPI task timing breakdown:
Section |  min time  |  avg time  |  max time  |%varavg| %total
---------------------------------------------------------------
Pair    | 0          | 0          | 0          |   0.0 |  0.00
Neigh   | 0          | 0          | 0          |   0.0 |  0.00
Comm    | 0          | 0          | 0          |   0.0 |  0.00
Output  | 0          | 0          | 0          |   0.0 |  0.00
Modify  | 0          | 0          | 0          |   0.0 |  0.00
Other   |            | 1.12e-06   |            |       |100.00

Nlocal:            216 ave         216 max         216 min
Histogram: 1 0 0 0 0 0 0 0 0 0
Nghost:            884 ave         884 max         884 min
Histogram: 1 0 0 0 0 0 0 0 0 0
Neighs:              0 ave           0 max           0 min
Histogram: 1 0 0 0 0 0 0 0 0 0
FullNghs:         7344 ave        7344 max        7344 min
Histogram: 1 0 0 0 0 0 0 0 0 0

Total # of neighbors = 7344
Ave neighs/atom = 34
Neighbor list builds = 0
Dangerous builds = 0
next i
jump SELF loop_struct
clear
  using 1 OpenMP thread(s) per MPI task
log energies.log append
units metal
boundary p p p
atom_style atomic
read_data Si333_${i}.in
read_data Si333_24.in
Reading data file ...
  orthogonal box = (0 0 0) to (16.331106 16.331106 16.331106)
  1 by 1 by 1 MPI processor grid
  reading atoms ...
  216 atoms
  reading velocities ...
  216 velocities
  read_data CPU = 0.001 seconds
mass 1 28.085
pair_style sw
pair_coeff * * Si.sw Si
Reading sw potential file Si.sw with DATE: 2007-06-11
run 0
WARNING: No fixes with time integration, atoms won't move (src/verlet.cpp:60)
Neighbor list info ...
  update: every = 1 steps, delay = 0 steps, check = yes
  max neighbors/atom: 2000, page size: 100000
  master list distance cutoff = 5.77118
  ghost atom cutoff = 5.77118
  binsize = 2.88559, bins = 6 6 6
  1 neighbor lists, perpetual/occasional/extra = 1 0 0
  (1) pair sw, perpetual
      attributes: full, newton on
      pair build: full/bin/atomonly
      stencil: full/bin/3d
      bin: standard
Per MPI rank memory allocation (min/avg/max) = 3.087 | 3.087 | 3.087 Mbytes
   Step          Temp          E_pair         E_mol          TotEng         Press     
         0   0             -933.13946      0             -933.13946     -6150.9532    
Loop time of 1.01e-06 on 1 procs for 0 steps with 216 atoms

0.0% CPU use with 1 MPI tasks x 1 OpenMP threads

MPI task timing breakdown:
Section |  min time  |  avg time  |  max time  |%varavg| %total
---------------------------------------------------------------
Pair    | 0          | 0          | 0          |   0.0 |  0.00
Neigh   | 0          | 0          | 0          |   0.0 |  0.00
Comm    | 0          | 0          | 0          |   0.0 |  0.00
Output  | 0          | 0          | 0          |   0.0 |  0.00
Modify  | 0          | 0          | 0          |   0.0 |  0.00
Other   |            | 1.01e-06   |            |       |100.00

Nlocal:            216 ave         216 max         216 min
Histogram: 1 0 0 0 0 0 0 0 0 0
Nghost:            889 ave         889 max         889 min
Histogram: 1 0 0 0 0 0 0 0 0 0
Neighs:              0 ave           0 max           0 min
Histogram: 1 0 0 0 0 0 0 0 0 0
FullNghs:         7344 ave        7344 max        7344 min
Histogram: 1 0 0 0 0 0 0 0 0 0

Total # of neighbors = 7344
Ave neighs/atom = 34
Neighbor list builds = 0
Dangerous builds = 0
next i
jump SELF loop_struct
clear
  using 1 OpenMP thread(s) per MPI task
log energies.log append
units metal
boundary p p p
atom_style atomic
read_data Si333_${i}.in
read_data Si333_25.in
Reading data file ...
  orthogonal box = (0 0 0) to (16.331106 16.331106 16.331106)
  1 by 1 by 1 MPI processor grid
  reading atoms ...
  216 atoms
  reading velocities ...
  216 velocities
  read_data CPU = 0.001 seconds
mass 1 28.085
pair_style sw
pair_coeff * * Si.sw Si
Reading sw potential file Si.sw with DATE: 2007-06-11
run 0
WARNING: No fixes with time integration, atoms won't move (src/verlet.cpp:60)
Neighbor list info ...
  update: every = 1 steps, delay = 0 steps, check = yes
  max neighbors/atom: 2000, page size: 100000
  master list distance cutoff = 5.77118
  ghost atom cutoff = 5.77118
  binsize = 2.88559, bins = 6 6 6
  1 neighbor lists, perpetual/occasional/extra = 1 0 0
  (1) pair sw, perpetual
      attributes: full, newton on
      pair build: full/bin/atomonly
      stencil: full/bin/3d
      bin: standard
Per MPI rank memory allocation (min/avg/max) = 3.083 | 3.083 | 3.083 Mbytes
   Step          Temp          E_pair         E_mol          TotEng         Press     
         0   0             -933.25698      0             -933.25698     -6195.2231    
Loop time of 1.03e-06 on 1 procs for 0 steps with 216 atoms

97.1% CPU use with 1 MPI tasks x 1 OpenMP threads

MPI task timing breakdown:
Section |  min time  |  avg time  |  max time  |%varavg| %total
---------------------------------------------------------------
Pair    | 0          | 0          | 0          |   0.0 |  0.00
Neigh   | 0          | 0          | 0          |   0.0 |  0.00
Comm    | 0          | 0          | 0          |   0.0 |  0.00
Output  | 0          | 0          | 0          |   0.0 |  0.00
Modify  | 0          | 0          | 0          |   0.0 |  0.00
Other   |            | 1.03e-06   |            |       |100.00

Nlocal:            216 ave         216 max         216 min
Histogram: 1 0 0 0 0 0 0 0 0 0
Nghost:            834 ave         834 max         834 min
Histogram: 1 0 0 0 0 0 0 0 0 0
Neighs:              0 ave           0 max           0 min
Histogram: 1 0 0 0 0 0 0 0 0 0
FullNghs:         7344 ave        7344 max        7344 min
Histogram: 1 0 0 0 0 0 0 0 0 0

Total # of neighbors = 7344
Ave neighs/atom = 34
Neighbor list builds = 0
Dangerous builds = 0
next i
jump SELF loop_struct
clear
  using 1 OpenMP thread(s) per MPI task
log energies.log append
units metal
boundary p p p
atom_style atomic
read_data Si333_${i}.in
read_data Si333_26.in
Reading data file ...
  orthogonal box = (0 0 0) to (16.331106 16.331106 16.331106)
  1 by 1 by 1 MPI processor grid
  reading atoms ...
  216 atoms
  reading velocities ...
  216 velocities
  read_data CPU = 0.001 seconds
mass 1 28.085
pair_style sw
pair_coeff * * Si.sw Si
Reading sw potential file Si.sw with DATE: 2007-06-11
run 0
WARNING: No fixes with time integration, atoms won't move (src/verlet.cpp:60)
Neighbor list info ...
  update: every = 1 steps, delay = 0 steps, check = yes
  max neighbors/atom: 2000, page size: 100000
  master list distance cutoff = 5.77118
  ghost atom cutoff = 5.77118
  binsize = 2.88559, bins = 6 6 6
  1 neighbor lists, perpetual/occasional/extra = 1 0 0
  (1) pair sw, perpetual
      attributes: full, newton on
      pair build: full/bin/atomonly
      stencil: full/bin/3d
      bin: standard
Per MPI rank memory allocation (min/avg/max) = 3.091 | 3.091 | 3.091 Mbytes
   Step          Temp          E_pair         E_mol          TotEng         Press     
         0   0             -864.00477      0             -864.00477      34357.678    
Loop time of 1.01e-06 on 1 procs for 0 steps with 216 atoms

99.0% CPU use with 1 MPI tasks x 1 OpenMP threads

MPI task timing breakdown:
Section |  min time  |  avg time  |  max time  |%varavg| %total
---------------------------------------------------------------
Pair    | 0          | 0          | 0          |   0.0 |  0.00
Neigh   | 0          | 0          | 0          |   0.0 |  0.00
Comm    | 0          | 0          | 0          |   0.0 |  0.00
Output  | 0          | 0          | 0          |   0.0 |  0.00
Modify  | 0          | 0          | 0          |   0.0 |  0.00
Other   |            | 1.01e-06   |            |       |100.00

Nlocal:            216 ave         216 max         216 min
Histogram: 1 0 0 0 0 0 0 0 0 0
Nghost:            893 ave         893 max         893 min
Histogram: 1 0 0 0 0 0 0 0 0 0
Neighs:              0 ave           0 max           0 min
Histogram: 1 0 0 0 0 0 0 0 0 0
FullNghs:         7362 ave        7362 max        7362 min
Histogram: 1 0 0 0 0 0 0 0 0 0

Total # of neighbors = 7362
Ave neighs/atom = 34.083333
Neighbor list builds = 0
Dangerous builds = 0
next i
jump SELF loop_struct
clear
  using 1 OpenMP thread(s) per MPI task
log energies.log append
units metal
boundary p p p
atom_style atomic
read_data Si333_${i}.in
read_data Si333_27.in
Reading data file ...
  orthogonal box = (0 0 0) to (16.331106 16.331106 16.331106)
  1 by 1 by 1 MPI processor grid
  reading atoms ...
  216 atoms
  reading velocities ...
  216 velocities
  read_data CPU = 0.001 seconds
mass 1 28.085
pair_style sw
pair_coeff * * Si.sw Si
Reading sw potential file Si.sw with DATE: 2007-06-11
run 0
WARNING: No fixes with time integration, atoms won't move (src/verlet.cpp:60)
Neighbor list info ...
  update: every = 1 steps, delay = 0 steps, check = yes
  max neighbors/atom: 2000, page size: 100000
  master list distance cutoff = 5.77118
  ghost atom cutoff = 5.77118
  binsize = 2.88559, bins = 6 6 6
  1 neighbor lists, perpetual/occasional/extra = 1 0 0
  (1) pair sw, perpetual
      attributes: full, newton on
      pair build: full/bin/atomonly
      stencil: full/bin/3d
      bin: standard
Per MPI rank memory allocation (min/avg/max) = 3.082 | 3.082 | 3.082 Mbytes
   Step          Temp          E_pair         E_mol          TotEng         Press     
         0   0             -347.14502      0             -347.14502      308035.84    
Loop time of 1.04e-06 on 1 procs for 0 steps with 216 atoms

192.3% CPU use with 1 MPI tasks x 1 OpenMP threads

MPI task timing breakdown:
Section |  min time  |  avg time  |  max time  |%varavg| %total
---------------------------------------------------------------
Pair    | 0          | 0          | 0          |   0.0 |  0.00
Neigh   | 0          | 0          | 0          |   0.0 |  0.00
Comm    | 0          | 0          | 0          |   0.0 |  0.00
Output  | 0          | 0          | 0          |   0.0 |  0.00
Modify  | 0          | 0          | 0          |   0.0 |  0.00
Other   |            | 1.04e-06   |            |       |100.00

Nlocal:            216 ave         216 max         216 min
Histogram: 1 0 0 0 0 0 0 0 0 0
Nghost:            824 ave         824 max         824 min
Histogram: 1 0 0 0 0 0 0 0 0 0
Neighs:              0 ave           0 max           0 min
Histogram: 1 0 0 0 0 0 0 0 0 0
FullNghs:         7420 ave        7420 max        7420 min
Histogram: 1 0 0 0 0 0 0 0 0 0

Total # of neighbors = 7420
Ave neighs/atom = 34.351852
Neighbor list builds = 0
Dangerous builds = 0
next i
jump SELF loop_struct
clear
  using 1 OpenMP thread(s) per MPI task
log energies.log append
units metal
boundary p p p
atom_style atomic
read_data Si333_${i}.in
read_data Si333_28.in
Reading data file ...
  orthogonal box = (0 0 0) to (16.331106 16.331106 16.331106)
  1 by 1 by 1 MPI processor grid
  reading atoms ...
  216 atoms
  reading velocities ...
  216 velocities
  read_data CPU = 0.001 seconds
mass 1 28.085
pair_style sw
pair_coeff * * Si.sw Si
Reading sw potential file Si.sw with DATE: 2007-06-11
run 0
WARNING: No fixes with time integration, atoms won't move (src/verlet.cpp:60)
Neighbor list info ...
  update: every = 1 steps, delay = 0 steps, check = yes
  max neighbors/atom: 2000, page size: 100000
  master list distance cutoff = 5.77118
  ghost atom cutoff = 5.77118
  binsize = 2.88559, bins = 6 6 6
  1 neighbor lists, perpetual/occasional/extra = 1 0 0
  (1) pair sw, perpetual
      attributes: full, newton on
      pair build: full/bin/atomonly
      stencil: full/bin/3d
      bin: standard
Per MPI rank memory allocation (min/avg/max) = 3.081 | 3.081 | 3.081 Mbytes
   Step          Temp          E_pair         E_mol          TotEng         Press     
         0   0             -627.19921      0             -627.19921      160085.12    
Loop time of 1.02e-06 on 1 procs for 0 steps with 216 atoms

0.0% CPU use with 1 MPI tasks x 1 OpenMP threads

MPI task timing breakdown:
Section |  min time  |  avg time  |  max time  |%varavg| %total
---------------------------------------------------------------
Pair    | 0          | 0          | 0          |   0.0 |  0.00
Neigh   | 0          | 0          | 0          |   0.0 |  0.00
Comm    | 0          | 0          | 0          |   0.0 |  0.00
Output  | 0          | 0          | 0          |   0.0 |  0.00
Modify  | 0          | 0          | 0          |   0.0 |  0.00
Other   |            | 1.02e-06   |            |       |100.00

Nlocal:            216 ave         216 max         216 min
Histogram: 1 0 0 0 0 0 0 0 0 0
Nghost:            786 ave         786 max         786 min
Histogram: 1 0 0 0 0 0 0 0 0 0
Neighs:              0 ave           0 max           0 min
Histogram: 1 0 0 0 0 0 0 0 0 0
FullNghs:         7386 ave        7386 max        7386 min
Histogram: 1 0 0 0 0 0 0 0 0 0

Total # of neighbors = 7386
Ave neighs/atom = 34.194444
Neighbor list builds = 0
Dangerous builds = 0
next i
jump SELF loop_struct
clear
  using 1 OpenMP thread(s) per MPI task
log energies.log append
units metal
boundary p p p
atom_style atomic
read_data Si333_${i}.in
read_data Si333_29.in
Reading data file ...
  orthogonal box = (0 0 0) to (16.331106 16.331106 16.331106)
  1 by 1 by 1 MPI processor grid
  reading atoms ...
  216 atoms
  reading velocities ...
  216 velocities
  read_data CPU = 0.001 seconds
mass 1 28.085
pair_style sw
pair_coeff * * Si.sw Si
Reading sw potential file Si.sw with DATE: 2007-06-11
run 0
WARNING: No fixes with time integration, atoms won't move (src/verlet.cpp:60)
Neighbor list info ...
  update: every = 1 steps, delay = 0 steps, check = yes
  max neighbors/atom: 2000, page size: 100000
  master list distance cutoff = 5.77118
  ghost atom cutoff = 5.77118
  binsize = 2.88559, bins = 6 6 6
  1 neighbor lists, perpetual/occasional/extra = 1 0 0
  (1) pair sw, perpetual
      attributes: full, newton on
      pair build: full/bin/atomonly
      stencil: full/bin/3d
      bin: standard
Per MPI rank memory allocation (min/avg/max) = 3.086 | 3.086 | 3.086 Mbytes
   Step          Temp          E_pair         E_mol          TotEng         Press     
         0   0             -200.89625      0             -200.89625      379423.79    
Loop time of 1.01e-06 on 1 procs for 0 steps with 216 atoms

0.0% CPU use with 1 MPI tasks x 1 OpenMP threads

MPI task timing breakdown:
Section |  min time  |  avg time  |  max time  |%varavg| %total
---------------------------------------------------------------
Pair    | 0          | 0          | 0          |   0.0 |  0.00
Neigh   | 0          | 0          | 0          |   0.0 |  0.00
Comm    | 0          | 0          | 0          |   0.0 |  0.00
Output  | 0          | 0          | 0          |   0.0 |  0.00
Modify  | 0          | 0          | 0          |   0.0 |  0.00
Other   |            | 1.01e-06   |            |       |100.00

Nlocal:            216 ave         216 max         216 min
Histogram: 1 0 0 0 0 0 0 0 0 0
Nghost:            886 ave         886 max         886 min
Histogram: 1 0 0 0 0 0 0 0 0 0
Neighs:              0 ave           0 max           0 min
Histogram: 1 0 0 0 0 0 0 0 0 0
FullNghs:         7464 ave        7464 max        7464 min
Histogram: 1 0 0 0 0 0 0 0 0 0

Total # of neighbors = 7464
Ave neighs/atom = 34.555556
Neighbor list builds = 0
Dangerous builds = 0
next i
jump SELF loop_struct
clear
  using 1 OpenMP thread(s) per MPI task
log energies.log append
units metal
boundary p p p
atom_style atomic
read_data Si333_${i}.in
read_data Si333_30.in
Reading data file ...
  orthogonal box = (0 0 0) to (16.331106 16.331106 16.331106)
  1 by 1 by 1 MPI processor grid
  reading atoms ...
  216 atoms
  reading velocities ...
  216 velocities
  read_data CPU = 0.001 seconds
mass 1 28.085
pair_style sw
pair_coeff * * Si.sw Si
Reading sw potential file Si.sw with DATE: 2007-06-11
run 0
WARNING: No fixes with time integration, atoms won't move (src/verlet.cpp:60)
Neighbor list info ...
  update: every = 1 steps, delay = 0 steps, check = yes
  max neighbors/atom: 2000, page size: 100000
  master list distance cutoff = 5.77118
  ghost atom cutoff = 5.77118
  binsize = 2.88559, bins = 6 6 6
  1 neighbor lists, perpetual/occasional/extra = 1 0 0
  (1) pair sw, perpetual
      attributes: full, newton on
      pair build: full/bin/atomonly
      stencil: full/bin/3d
      bin: standard
Per MPI rank memory allocation (min/avg/max) = 3.086 | 3.086 | 3.086 Mbytes
   Step          Temp          E_pair         E_mol          TotEng         Press     
         0   0             -349.1868       0             -349.1868       300709.52    
Loop time of 1.02e-06 on 1 procs for 0 steps with 216 atoms

98.0% CPU use with 1 MPI tasks x 1 OpenMP threads

MPI task timing breakdown:
Section |  min time  |  avg time  |  max time  |%varavg| %total
---------------------------------------------------------------
Pair    | 0          | 0          | 0          |   0.0 |  0.00
Neigh   | 0          | 0          | 0          |   0.0 |  0.00
Comm    | 0          | 0          | 0          |   0.0 |  0.00
Output  | 0          | 0          | 0          |   0.0 |  0.00
Modify  | 0          | 0          | 0          |   0.0 |  0.00
Other   |            | 1.02e-06   |            |       |100.00

Nlocal:            216 ave         216 max         216 min
Histogram: 1 0 0 0 0 0 0 0 0 0
Nghost:            815 ave         815 max         815 min
Histogram: 1 0 0 0 0 0 0 0 0 0
Neighs:              0 ave           0 max           0 min
Histogram: 1 0 0 0 0 0 0 0 0 0
FullNghs:         7404 ave        7404 max        7404 min
Histogram: 1 0 0 0 0 0 0 0 0 0

Total # of neighbors = 7404
Ave neighs/atom = 34.277778
Neighbor list builds = 0
Dangerous builds = 0
next i
jump SELF loop_struct
clear
  using 1 OpenMP thread(s) per MPI task
log energies.log append
units metal
boundary p p p
atom_style atomic
read_data Si333_${i}.in
read_data Si333_31.in
Reading data file ...
  orthogonal box = (0 0 0) to (16.331106 16.331106 16.331106)
  1 by 1 by 1 MPI processor grid
  reading atoms ...
  216 atoms
  reading velocities ...
  216 velocities
  read_data CPU = 0.001 seconds
mass 1 28.085
pair_style sw
pair_coeff * * Si.sw Si
Reading sw potential file Si.sw with DATE: 2007-06-11
run 0
WARNING: No fixes with time integration, atoms won't move (src/verlet.cpp:60)
Neighbor list info ...
  update: every = 1 steps, delay = 0 steps, check = yes
  max neighbors/atom: 2000, page size: 100000
  master list distance cutoff = 5.77118
  ghost atom cutoff = 5.77118
  binsize = 2.88559, bins = 6 6 6
  1 neighbor lists, perpetual/occasional/extra = 1 0 0
  (1) pair sw, perpetual
      attributes: full, newton on
      pair build: full/bin/atomonly
      stencil: full/bin/3d
      bin: standard
Per MPI rank memory allocation (min/avg/max) = 3.082 | 3.082 | 3.082 Mbytes
   Step          Temp          E_pair         E_mol          TotEng         Press     
         0   0             -933.34237      0             -933.34237     -6210.4699    
Loop time of 1.02e-06 on 1 procs for 0 steps with 216 atoms

98.0% CPU use with 1 MPI tasks x 1 OpenMP threads

MPI task timing breakdown:
Section |  min time  |  avg time  |  max time  |%varavg| %total
---------------------------------------------------------------
Pair    | 0          | 0          | 0          |   0.0 |  0.00
Neigh   | 0          | 0          | 0          |   0.0 |  0.00
Comm    | 0          | 0          | 0          |   0.0 |  0.00
Output  | 0          | 0          | 0          |   0.0 |  0.00
Modify  | 0          | 0          | 0          |   0.0 |  0.00
Other   |            | 1.02e-06   |            |       |100.00

Nlocal:            216 ave         216 max         216 min
Histogram: 1 0 0 0 0 0 0 0 0 0
Nghost:            832 ave         832 max         832 min
Histogram: 1 0 0 0 0 0 0 0 0 0
Neighs:              0 ave           0 max           0 min
Histogram: 1 0 0 0 0 0 0 0 0 0
FullNghs:         7344 ave        7344 max        7344 min
Histogram: 1 0 0 0 0 0 0 0 0 0

Total # of neighbors = 7344
Ave neighs/atom = 34
Neighbor list builds = 0
Dangerous builds = 0
next i
jump SELF loop_struct
clear
  using 1 OpenMP thread(s) per MPI task
log energies.log append
units metal
boundary p p p
atom_style atomic
read_data Si333_${i}.in
read_data Si333_32.in
Reading data file ...
  orthogonal box = (0 0 0) to (16.331106 16.331106 16.331106)
  1 by 1 by 1 MPI processor grid
  reading atoms ...
  216 atoms
  reading velocities ...
  216 velocities
  read_data CPU = 0.001 seconds
mass 1 28.085
pair_style sw
pair_coeff * * Si.sw Si
Reading sw potential file Si.sw with DATE: 2007-06-11
run 0
WARNING: No fixes with time integration, atoms won't move (src/verlet.cpp:60)
Neighbor list info ...
  update: every = 1 steps, delay = 0 steps, check = yes
  max neighbors/atom: 2000, page size: 100000
  master list distance cutoff = 5.77118
  ghost atom cutoff = 5.77118
  binsize = 2.88559, bins = 6 6 6
  1 neighbor lists, perpetual/occasional/extra = 1 0 0
  (1) pair sw, perpetual
      attributes: full, newton on
      pair build: full/bin/atomonly
      stencil: full/bin/3d
      bin: standard
Per MPI rank memory allocation (min/avg/max) = 3.083 | 3.083 | 3.083 Mbytes
   Step          Temp          E_pair         E_mol          TotEng         Press     
         0   0             -933.46049      0             -933.46049     -6251.2349    
Loop time of 1.001e-06 on 1 procs for 0 steps with 216 atoms

199.8% CPU use with 1 MPI tasks x 1 OpenMP threads

MPI task timing breakdown:
Section |  min time  |  avg time  |  max time  |%varavg| %total
---------------------------------------------------------------
Pair    | 0          | 0          | 0          |   0.0 |  0.00
Neigh   | 0          | 0          | 0          |   0.0 |  0.00
Comm    | 0          | 0          | 0          |   0.0 |  0.00
Output  | 0          | 0          | 0          |   0.0 |  0.00
Modify  | 0          | 0          | 0          |   0.0 |  0.00
Other   |            | 1.001e-06  |            |       |100.00

Nlocal:            216 ave         216 max         216 min
Histogram: 1 0 0 0 0 0 0 0 0 0
Nghost:            834 ave         834 max         834 min
Histogram: 1 0 0 0 0 0 0 0 0 0
Neighs:              0 ave           0 max           0 min
Histogram: 1 0 0 0 0 0 0 0 0 0
FullNghs:         7344 ave        7344 max        7344 min
Histogram: 1 0 0 0 0 0 0 0 0 0

Total # of neighbors = 7344
Ave neighs/atom = 34
Neighbor list builds = 0
Dangerous builds = 0
next i
jump SELF loop_struct
clear
  using 1 OpenMP thread(s) per MPI task
log energies.log append
units metal
boundary p p p
atom_style atomic
read_data Si333_${i}.in
read_data Si333_33.in
Reading data file ...
  orthogonal box = (0 0 0) to (16.331106 16.331106 16.331106)
  1 by 1 by 1 MPI processor grid
  reading atoms ...
  216 atoms
  reading velocities ...
  216 velocities
  read_data CPU = 0.001 seconds
mass 1 28.085
pair_style sw
pair_coeff * * Si.sw Si
Reading sw potential file Si.sw with DATE: 2007-06-11
run 0
WARNING: No fixes with time integration, atoms won't move (src/verlet.cpp:60)
Neighbor list info ...
  update: every = 1 steps, delay = 0 steps, check = yes
  max neighbors/atom: 2000, page size: 100000
  master list distance cutoff = 5.77118
  ghost atom cutoff = 5.77118
  binsize = 2.88559, bins = 6 6 6
  1 neighbor lists, perpetual/occasional/extra = 1 0 0
  (1) pair sw, perpetual
      attributes: full, newton on
      pair build: full/bin/atomonly
      stencil: full/bin/3d
      bin: standard
Per MPI rank memory allocation (min/avg/max) = 3.088 | 3.088 | 3.088 Mbytes
   Step          Temp          E_pair         E_mol          TotEng         Press     
         0   0             -733.93648      0             -733.93648      100849.19    
Loop time of 1.06e-06 on 1 procs for 0 steps with 216 atoms

0.0% CPU use with 1 MPI tasks x 1 OpenMP threads

MPI task timing breakdown:
Section |  min time  |  avg time  |  max time  |%varavg| %total
---------------------------------------------------------------
Pair    | 0          | 0          | 0          |   0.0 |  0.00
Neigh   | 0          | 0          | 0          |   0.0 |  0.00
Comm    | 0          | 0          | 0          |   0.0 |  0.00
Output  | 0          | 0          | 0          |   0.0 |  0.00
Modify  | 0          | 0          | 0          |   0.0 |  0.00
Other   |            | 1.06e-06   |            |       |100.00

Nlocal:            216 ave         216 max         216 min
Histogram: 1 0 0 0 0 0 0 0 0 0
Nghost:            935 ave         935 max         935 min
Histogram: 1 0 0 0 0 0 0 0 0 0
Neighs:              0 ave           0 max           0 min
Histogram: 1 0 0 0 0 0 0 0 0 0
FullNghs:         7374 ave        7374 max        7374 min
Histogram: 1 0 0 0 0 0 0 0 0 0

Total # of neighbors = 7374
Ave neighs/atom = 34.138889
Neighbor list builds = 0
Dangerous builds = 0
next i
jump SELF loop_struct
clear
  using 1 OpenMP thread(s) per MPI task
log energies.log append
units metal
boundary p p p
atom_style atomic
read_data Si333_${i}.in
read_data Si333_34.in
Reading data file ...
  orthogonal box = (0 0 0) to (16.331106 16.331106 16.331106)
  1 by 1 by 1 MPI processor grid
  reading atoms ...
  216 atoms
  reading velocities ...
  216 velocities
  read_data CPU = 0.001 seconds
mass 1 28.085
pair_style sw
pair_coeff * * Si.sw Si
Reading sw potential file Si.sw with DATE: 2007-06-11
run 0
WARNING: No fixes with time integration, atoms won't move (src/verlet.cpp:60)
Neighbor list info ...
  update: every = 1 steps, delay = 0 steps, check = yes
  max neighbors/atom: 2000, page size: 100000
  master list distance cutoff = 5.77118
  ghost atom cutoff = 5.77118
  binsize = 2.88559, bins = 6 6 6
  1 neighbor lists, perpetual/occasional/extra = 1 0 0
  (1) pair sw, perpetual
      attributes: full, newton on
      pair build: full/bin/atomonly
      stencil: full/bin/3d
      bin: standard
Per MPI rank memory allocation (min/avg/max) = 3.089 | 3.089 | 3.089 Mbytes
   Step          Temp          E_pair         E_mol          TotEng         Press     
         0   0             -597.27273      0             -597.27273      170101.05    
Loop time of 1e-06 on 1 procs for 0 steps with 216 atoms

0.0% CPU use with 1 MPI tasks x 1 OpenMP threads

MPI task timing breakdown:
Section |  min time  |  avg time  |  max time  |%varavg| %total
---------------------------------------------------------------
Pair    | 0          | 0          | 0          |   0.0 |  0.00
Neigh   | 0          | 0          | 0          |   0.0 |  0.00
Comm    | 0          | 0          | 0          |   0.0 |  0.00
Output  | 0          | 0          | 0          |   0.0 |  0.00
Modify  | 0          | 0          | 0          |   0.0 |  0.00
Other   |            | 1e-06      |            |       |100.00

Nlocal:            216 ave         216 max         216 min
Histogram: 1 0 0 0 0 0 0 0 0 0
Nghost:            856 ave         856 max         856 min
Histogram: 1 0 0 0 0 0 0 0 0 0
Neighs:              0 ave           0 max           0 min
Histogram: 1 0 0 0 0 0 0 0 0 0
FullNghs:         7368 ave        7368 max        7368 min
Histogram: 1 0 0 0 0 0 0 0 0 0

Total # of neighbors = 7368
Ave neighs/atom = 34.111111
Neighbor list builds = 0
Dangerous builds = 0
next i
jump SELF loop_struct
clear
  using 1 OpenMP thread(s) per MPI task
log energies.log append
units metal
boundary p p p
atom_style atomic
read_data Si333_${i}.in
read_data Si333_35.in
Reading data file ...
  orthogonal box = (0 0 0) to (16.331106 16.331106 16.331106)
  1 by 1 by 1 MPI processor grid
  reading atoms ...
  216 atoms
  reading velocities ...
  216 velocities
  read_data CPU = 0.001 seconds
mass 1 28.085
pair_style sw
pair_coeff * * Si.sw Si
Reading sw potential file Si.sw with DATE: 2007-06-11
run 0
WARNING: No fixes with time integration, atoms won't move (src/verlet.cpp:60)
Neighbor list info ...
  update: every = 1 steps, delay = 0 steps, check = yes
  max neighbors/atom: 2000, page size: 100000
  master list distance cutoff = 5.77118
  ghost atom cutoff = 5.77118
  binsize = 2.88559, bins = 6 6 6
  1 neighbor lists, perpetual/occasional/extra = 1 0 0
  (1) pair sw, perpetual
      attributes: full, newton on
      pair build: full/bin/atomonly
      stencil: full/bin/3d
      bin: standard
Per MPI rank memory allocation (min/avg/max) = 3.081 | 3.081 | 3.081 Mbytes
   Step          Temp          E_pair         E_mol          TotEng         Press     
         0   0             -933.30326      0             -933.30326     -6234.4612    
Loop time of 1.02e-06 on 1 procs for 0 steps with 216 atoms

98.0% CPU use with 1 MPI tasks x 1 OpenMP threads

MPI task timing breakdown:
Section |  min time  |  avg time  |  max time  |%varavg| %total
---------------------------------------------------------------
Pair    | 0          | 0          | 0          |   0.0 |  0.00
Neigh   | 0          | 0          | 0          |   0.0 |  0.00
Comm    | 0          | 0          | 0          |   0.0 |  0.00
Output  | 0          | 0          | 0          |   0.0 |  0.00
Modify  | 0          | 0          | 0          |   0.0 |  0.00
Other   |            | 1.02e-06   |            |       |100.00

Nlocal:            216 ave         216 max         216 min
Histogram: 1 0 0 0 0 0 0 0 0 0
Nghost:            784 ave         784 max         784 min
Histogram: 1 0 0 0 0 0 0 0 0 0
Neighs:              0 ave           0 max           0 min
Histogram: 1 0 0 0 0 0 0 0 0 0
FullNghs:         7344 ave        7344 max        7344 min
Histogram: 1 0 0 0 0 0 0 0 0 0

Total # of neighbors = 7344
Ave neighs/atom = 34
Neighbor list builds = 0
Dangerous builds = 0
next i
jump SELF loop_struct
clear
  using 1 OpenMP thread(s) per MPI task
log energies.log append
units metal
boundary p p p
atom_style atomic
read_data Si333_${i}.in
read_data Si333_36.in
Reading data file ...
  orthogonal box = (0 0 0) to (16.331106 16.331106 16.331106)
  1 by 1 by 1 MPI processor grid
  reading atoms ...
  216 atoms
  reading velocities ...
  216 velocities
  read_data CPU = 0.001 seconds
mass 1 28.085
pair_style sw
pair_coeff * * Si.sw Si
Reading sw potential file Si.sw with DATE: 2007-06-11
run 0
WARNING: No fixes with time integration, atoms won't move (src/verlet.cpp:60)
Neighbor list info ...
  update: every = 1 steps, delay = 0 steps, check = yes
  max neighbors/atom: 2000, page size: 100000
  master list distance cutoff = 5.77118
  ghost atom cutoff = 5.77118
  binsize = 2.88559, bins = 6 6 6
  1 neighbor lists, perpetual/occasional/extra = 1 0 0
  (1) pair sw, perpetual
      attributes: full, newton on
      pair build: full/bin/atomonly
      stencil: full/bin/3d
      bin: standard
Per MPI rank memory allocation (min/avg/max) = 3.083 | 3.083 | 3.083 Mbytes
   Step          Temp          E_pair         E_mol          TotEng         Press     
         0   0             -933.07882      0             -933.07882     -6136.8991    
Loop time of 9.9e-07 on 1 procs for 0 steps with 216 atoms

101.0% CPU use with 1 MPI tasks x 1 OpenMP threads

MPI task timing breakdown:
Section |  min time  |  avg time  |  max time  |%varavg| %total
---------------------------------------------------------------
Pair    | 0          | 0          | 0          |   0.0 |  0.00
Neigh   | 0          | 0          | 0          |   0.0 |  0.00
Comm    | 0          | 0          | 0          |   0.0 |  0.00
Output  | 0          | 0          | 0          |   0.0 |  0.00
Modify  | 0          | 0          | 0          |   0.0 |  0.00
Other   |            | 9.9e-07    |            |       |100.00

Nlocal:            216 ave         216 max         216 min
Histogram: 1 0 0 0 0 0 0 0 0 0
Nghost:            834 ave         834 max         834 min
Histogram: 1 0 0 0 0 0 0 0 0 0
Neighs:              0 ave           0 max           0 min
Histogram: 1 0 0 0 0 0 0 0 0 0
FullNghs:         7344 ave        7344 max        7344 min
Histogram: 1 0 0 0 0 0 0 0 0 0

Total # of neighbors = 7344
Ave neighs/atom = 34
Neighbor list builds = 0
Dangerous builds = 0
next i
jump SELF loop_struct
clear
  using 1 OpenMP thread(s) per MPI task
log energies.log append
units metal
boundary p p p
atom_style atomic
read_data Si333_${i}.in
read_data Si333_37.in
Reading data file ...
  orthogonal box = (0 0 0) to (16.331106 16.331106 16.331106)
  1 by 1 by 1 MPI processor grid
  reading atoms ...
  216 atoms
  reading velocities ...
  216 velocities
  read_data CPU = 0.001 seconds
mass 1 28.085
pair_style sw
pair_coeff * * Si.sw Si
Reading sw potential file Si.sw with DATE: 2007-06-11
run 0
WARNING: No fixes with time integration, atoms won't move (src/verlet.cpp:60)
Neighbor list info ...
  update: every = 1 steps, delay = 0 steps, check = yes
  max neighbors/atom: 2000, page size: 100000
  master list distance cutoff = 5.77118
  ghost atom cutoff = 5.77118
  binsize = 2.88559, bins = 6 6 6
  1 neighbor lists, perpetual/occasional/extra = 1 0 0
  (1) pair sw, perpetual
      attributes: full, newton on
      pair build: full/bin/atomonly
      stencil: full/bin/3d
      bin: standard
Per MPI rank memory allocation (min/avg/max) = 3.085 | 3.085 | 3.085 Mbytes
   Step          Temp          E_pair         E_mol          TotEng         Press     
         0   0             -560.05798      0             -560.05798      194493.14    
Loop time of 1.01e-06 on 1 procs for 0 steps with 216 atoms

0.0% CPU use with 1 MPI tasks x 1 OpenMP threads

MPI task timing breakdown:
Section |  min time  |  avg time  |  max time  |%varavg| %total
---------------------------------------------------------------
Pair    | 0          | 0          | 0          |   0.0 |  0.00
Neigh   | 0          | 0          | 0          |   0.0 |  0.00
Comm    | 0          | 0          | 0          |   0.0 |  0.00
Output  | 0          | 0          | 0          |   0.0 |  0.00
Modify  | 0          | 0          | 0          |   0.0 |  0.00
Other   |            | 1.01e-06   |            |       |100.00

Nlocal:            216 ave         216 max         216 min
Histogram: 1 0 0 0 0 0 0 0 0 0
Nghost:            888 ave         888 max         888 min
Histogram: 1 0 0 0 0 0 0 0 0 0
Neighs:              0 ave           0 max           0 min
Histogram: 1 0 0 0 0 0 0 0 0 0
FullNghs:         7408 ave        7408 max        7408 min
Histogram: 1 0 0 0 0 0 0 0 0 0

Total # of neighbors = 7408
Ave neighs/atom = 34.296296
Neighbor list builds = 0
Dangerous builds = 0
next i
jump SELF loop_struct
clear
  using 1 OpenMP thread(s) per MPI task
log energies.log append
units metal
boundary p p p
atom_style atomic
read_data Si333_${i}.in
read_data Si333_38.in
Reading data file ...
  orthogonal box = (0 0 0) to (16.331106 16.331106 16.331106)
  1 by 1 by 1 MPI processor grid
  reading atoms ...
  216 atoms
  reading velocities ...
  216 velocities
  read_data CPU = 0.001 seconds
mass 1 28.085
pair_style sw
pair_coeff * * Si.sw Si
Reading sw potential file Si.sw with DATE: 2007-06-11
run 0
WARNING: No fixes with time integration, atoms won't move (src/verlet.cpp:60)
Neighbor list info ...
  update: every = 1 steps, delay = 0 steps, check = yes
  max neighbors/atom: 2000, page size: 100000
  master list distance cutoff = 5.77118
  ghost atom cutoff = 5.77118
  binsize = 2.88559, bins = 6 6 6
  1 neighbor lists, perpetual/occasional/extra = 1 0 0
  (1) pair sw, perpetual
      attributes: full, newton on
      pair build: full/bin/atomonly
      stencil: full/bin/3d
      bin: standard
Per MPI rank memory allocation (min/avg/max) = 3.083 | 3.083 | 3.083 Mbytes
   Step          Temp          E_pair         E_mol          TotEng         Press     
         0   0             -355.88462      0             -355.88462      308896.69    
Loop time of 1.04e-06 on 1 procs for 0 steps with 216 atoms

0.0% CPU use with 1 MPI tasks x 1 OpenMP threads

MPI task timing breakdown:
Section |  min time  |  avg time  |  max time  |%varavg| %total
---------------------------------------------------------------
Pair    | 0          | 0          | 0          |   0.0 |  0.00
Neigh   | 0          | 0          | 0          |   0.0 |  0.00
Comm    | 0          | 0          | 0          |   0.0 |  0.00
Output  | 0          | 0          | 0          |   0.0 |  0.00
Modify  | 0          | 0          | 0          |   0.0 |  0.00
Other   |            | 1.04e-06   |            |       |100.00

Nlocal:            216 ave         216 max         216 min
Histogram: 1 0 0 0 0 0 0 0 0 0
Nghost:            842 ave         842 max         842 min
Histogram: 1 0 0 0 0 0 0 0 0 0
Neighs:              0 ave           0 max           0 min
Histogram: 1 0 0 0 0 0 0 0 0 0
FullNghs:         7458 ave        7458 max        7458 min
Histogram: 1 0 0 0 0 0 0 0 0 0

Total # of neighbors = 7458
Ave neighs/atom = 34.527778
Neighbor list builds = 0
Dangerous builds = 0
next i
jump SELF loop_struct
clear
  using 1 OpenMP thread(s) per MPI task
log energies.log append
units metal
boundary p p p
atom_style atomic
read_data Si333_${i}.in
read_data Si333_39.in
Reading data file ...
  orthogonal box = (0 0 0) to (16.331106 16.331106 16.331106)
  1 by 1 by 1 MPI processor grid
  reading atoms ...
  216 atoms
  reading velocities ...
  216 velocities
  read_data CPU = 0.001 seconds
mass 1 28.085
pair_style sw
pair_coeff * * Si.sw Si
Reading sw potential file Si.sw with DATE: 2007-06-11
run 0
WARNING: No fixes with time integration, atoms won't move (src/verlet.cpp:60)
Neighbor list info ...
  update: every = 1 steps, delay = 0 steps, check = yes
  max neighbors/atom: 2000, page size: 100000
  master list distance cutoff = 5.77118
  ghost atom cutoff = 5.77118
  binsize = 2.88559, bins = 6 6 6
  1 neighbor lists, perpetual/occasional/extra = 1 0 0
  (1) pair sw, perpetual
      attributes: full, newton on
      pair build: full/bin/atomonly
      stencil: full/bin/3d
      bin: standard
Per MPI rank memory allocation (min/avg/max) = 3.082 | 3.082 | 3.082 Mbytes
   Step          Temp          E_pair         E_mol          TotEng         Press     
         0   0             -834.28228      0             -834.28228      49334.197    
Loop time of 1.01e-06 on 1 procs for 0 steps with 216 atoms

99.0% CPU use with 1 MPI tasks x 1 OpenMP threads

MPI task timing breakdown:
Section |  min time  |  avg time  |  max time  |%varavg| %total
---------------------------------------------------------------
Pair    | 0          | 0          | 0          |   0.0 |  0.00
Neigh   | 0          | 0          | 0          |   0.0 |  0.00
Comm    | 0          | 0          | 0          |   0.0 |  0.00
Output  | 0          | 0          | 0          |   0.0 |  0.00
Modify  | 0          | 0          | 0          |   0.0 |  0.00
Other   |            | 1.01e-06   |            |       |100.00

Nlocal:            216 ave         216 max         216 min
Histogram: 1 0 0 0 0 0 0 0 0 0
Nghost:            828 ave         828 max         828 min
Histogram: 1 0 0 0 0 0 0 0 0 0
Neighs:              0 ave           0 max           0 min
Histogram: 1 0 0 0 0 0 0 0 0 0
FullNghs:         7380 ave        7380 max        7380 min
Histogram: 1 0 0 0 0 0 0 0 0 0

Total # of neighbors = 7380
Ave neighs/atom = 34.166667
Neighbor list builds = 0
Dangerous builds = 0
next i
jump SELF loop_struct
clear
  using 1 OpenMP thread(s) per MPI task
log energies.log append
units metal
boundary p p p
atom_style atomic
read_data Si333_${i}.in
read_data Si333_40.in
Reading data file ...
  orthogonal box = (0 0 0) to (16.331106 16.331106 16.331106)
  1 by 1 by 1 MPI processor grid
  reading atoms ...
  216 atoms
  reading velocities ...
  216 velocities
  read_data CPU = 0.001 seconds
mass 1 28.085
pair_style sw
pair_coeff * * Si.sw Si
Reading sw potential file Si.sw with DATE: 2007-06-11
run 0
WARNING: No fixes with time integration, atoms won't move (src/verlet.cpp:60)
Neighbor list info ...
  update: every = 1 steps, delay = 0 steps, check = yes
  max neighbors/atom: 2000, page size: 100000
  master list distance cutoff = 5.77118
  ghost atom cutoff = 5.77118
  binsize = 2.88559, bins = 6 6 6
  1 neighbor lists, perpetual/occasional/extra = 1 0 0
  (1) pair sw, perpetual
      attributes: full, newton on
      pair build: full/bin/atomonly
      stencil: full/bin/3d
      bin: standard
Per MPI rank memory allocation (min/avg/max) = 3.085 | 3.085 | 3.085 Mbytes
   Step          Temp          E_pair         E_mol          TotEng         Press     
         0   0             -624.5922       0             -624.5922       161389.99    
Loop time of 1.04e-06 on 1 procs for 0 steps with 216 atoms

0.0% CPU use with 1 MPI tasks x 1 OpenMP threads

MPI task timing breakdown:
Section |  min time  |  avg time  |  max time  |%varavg| %total
---------------------------------------------------------------
Pair    | 0          | 0          | 0          |   0.0 |  0.00
Neigh   | 0          | 0          | 0          |   0.0 |  0.00
Comm    | 0          | 0          | 0          |   0.0 |  0.00
Output  | 0          | 0          | 0          |   0.0 |  0.00
Modify  | 0          | 0          | 0          |   0.0 |  0.00
Other   |            | 1.04e-06   |            |       |100.00

Nlocal:            216 ave         216 max         216 min
Histogram: 1 0 0 0 0 0 0 0 0 0
Nghost:            890 ave         890 max         890 min
Histogram: 1 0 0 0 0 0 0 0 0 0
Neighs:              0 ave           0 max           0 min
Histogram: 1 0 0 0 0 0 0 0 0 0
FullNghs:         7398 ave        7398 max        7398 min
Histogram: 1 0 0 0 0 0 0 0 0 0

Total # of neighbors = 7398
Ave neighs/atom = 34.25
Neighbor list builds = 0
Dangerous builds = 0
next i
jump SELF loop_struct
clear
  using 1 OpenMP thread(s) per MPI task
log energies.log append
units metal
boundary p p p
atom_style atomic
read_data Si333_${i}.in
read_data Si333_41.in
Reading data file ...
  orthogonal box = (0 0 0) to (16.331106 16.331106 16.331106)
  1 by 1 by 1 MPI processor grid
  reading atoms ...
  216 atoms
  reading velocities ...
  216 velocities
  read_data CPU = 0.001 seconds
mass 1 28.085
pair_style sw
pair_coeff * * Si.sw Si
Reading sw potential file Si.sw with DATE: 2007-06-11
run 0
WARNING: No fixes with time integration, atoms won't move (src/verlet.cpp:60)
Neighbor list info ...
  update: every = 1 steps, delay = 0 steps, check = yes
  max neighbors/atom: 2000, page size: 100000
  master list distance cutoff = 5.77118
  ghost atom cutoff = 5.77118
  binsize = 2.88559, bins = 6 6 6
  1 neighbor lists, perpetual/occasional/extra = 1 0 0
  (1) pair sw, perpetual
      attributes: full, newton on
      pair build: full/bin/atomonly
      stencil: full/bin/3d
      bin: standard
Per MPI rank memory allocation (min/avg/max) = 3.086 | 3.086 | 3.086 Mbytes
   Step          Temp          E_pair         E_mol          TotEng         Press     
         0   0             -670.94912      0             -670.94912      132502.68    
Loop time of 1.02e-06 on 1 procs for 0 steps with 216 atoms

0.0% CPU use with 1 MPI tasks x 1 OpenMP threads

MPI task timing breakdown:
Section |  min time  |  avg time  |  max time  |%varavg| %total
---------------------------------------------------------------
Pair    | 0          | 0          | 0          |   0.0 |  0.00
Neigh   | 0          | 0          | 0          |   0.0 |  0.00
Comm    | 0          | 0          | 0          |   0.0 |  0.00
Output  | 0          | 0          | 0          |   0.0 |  0.00
Modify  | 0          | 0          | 0          |   0.0 |  0.00
Other   |            | 1.02e-06   |            |       |100.00

Nlocal:            216 ave         216 max         216 min
Histogram: 1 0 0 0 0 0 0 0 0 0
Nghost:            838 ave         838 max         838 min
Histogram: 1 0 0 0 0 0 0 0 0 0
Neighs:              0 ave           0 max           0 min
Histogram: 1 0 0 0 0 0 0 0 0 0
FullNghs:         7368 ave        7368 max        7368 min
Histogram: 1 0 0 0 0 0 0 0 0 0

Total # of neighbors = 7368
Ave neighs/atom = 34.111111
Neighbor list builds = 0
Dangerous builds = 0
next i
jump SELF loop_struct
clear
  using 1 OpenMP thread(s) per MPI task
log energies.log append
units metal
boundary p p p
atom_style atomic
read_data Si333_${i}.in
read_data Si333_42.in
Reading data file ...
  orthogonal box = (0 0 0) to (16.331106 16.331106 16.331106)
  1 by 1 by 1 MPI processor grid
  reading atoms ...
  216 atoms
  reading velocities ...
  216 velocities
  read_data CPU = 0.001 seconds
mass 1 28.085
pair_style sw
pair_coeff * * Si.sw Si
Reading sw potential file Si.sw with DATE: 2007-06-11
run 0
WARNING: No fixes with time integration, atoms won't move (src/verlet.cpp:60)
Neighbor list info ...
  update: every = 1 steps, delay = 0 steps, check = yes
  max neighbors/atom: 2000, page size: 100000
  master list distance cutoff = 5.77118
  ghost atom cutoff = 5.77118
  binsize = 2.88559, bins = 6 6 6
  1 neighbor lists, perpetual/occasional/extra = 1 0 0
  (1) pair sw, perpetual
      attributes: full, newton on
      pair build: full/bin/atomonly
      stencil: full/bin/3d
      bin: standard
Per MPI rank memory allocation (min/avg/max) = 3.082 | 3.082 | 3.082 Mbytes
   Step          Temp          E_pair         E_mol          TotEng         Press     
         0   0             -466.37918      0             -466.37918      242096.93    
Loop time of 1.03e-06 on 1 procs for 0 steps with 216 atoms

97.1% CPU use with 1 MPI tasks x 1 OpenMP threads

MPI task timing breakdown:
Section |  min time  |  avg time  |  max time  |%varavg| %total
---------------------------------------------------------------
Pair    | 0          | 0          | 0          |   0.0 |  0.00
Neigh   | 0          | 0          | 0          |   0.0 |  0.00
Comm    | 0          | 0          | 0          |   0.0 |  0.00
Output  | 0          | 0          | 0          |   0.0 |  0.00
Modify  | 0          | 0          | 0          |   0.0 |  0.00
Other   |            | 1.03e-06   |            |       |100.00

Nlocal:            216 ave         216 max         216 min
Histogram: 1 0 0 0 0 0 0 0 0 0
Nghost:            828 ave         828 max         828 min
Histogram: 1 0 0 0 0 0 0 0 0 0
Neighs:              0 ave           0 max           0 min
Histogram: 1 0 0 0 0 0 0 0 0 0
FullNghs:         7410 ave        7410 max        7410 min
Histogram: 1 0 0 0 0 0 0 0 0 0

Total # of neighbors = 7410
Ave neighs/atom = 34.305556
Neighbor list builds = 0
Dangerous builds = 0
next i
jump SELF loop_struct
clear
  using 1 OpenMP thread(s) per MPI task
log energies.log append
units metal
boundary p p p
atom_style atomic
read_data Si333_${i}.in
read_data Si333_43.in
Reading data file ...
  orthogonal box = (0 0 0) to (16.331106 16.331106 16.331106)
  1 by 1 by 1 MPI processor grid
  reading atoms ...
  216 atoms
  reading velocities ...
  216 velocities
  read_data CPU = 0.001 seconds
mass 1 28.085
pair_style sw
pair_coeff * * Si.sw Si
Reading sw potential file Si.sw with DATE: 2007-06-11
run 0
WARNING: No fixes with time integration, atoms won't move (src/verlet.cpp:60)
Neighbor list info ...
  update: every = 1 steps, delay = 0 steps, check = yes
  max neighbors/atom: 2000, page size: 100000
  master list distance cutoff = 5.77118
  ghost atom cutoff = 5.77118
  binsize = 2.88559, bins = 6 6 6
  1 neighbor lists, perpetual/occasional/extra = 1 0 0
  (1) pair sw, perpetual
      attributes: full, newton on
      pair build: full/bin/atomonly
      stencil: full/bin/3d
      bin: standard
Per MPI rank memory allocation (min/avg/max) = 3.086 | 3.086 | 3.086 Mbytes
   Step          Temp          E_pair         E_mol          TotEng         Press     
         0   0             -719.39336      0             -719.39336      108471.89    
Loop time of 1.07e-06 on 1 procs for 0 steps with 216 atoms

0.0% CPU use with 1 MPI tasks x 1 OpenMP threads

MPI task timing breakdown:
Section |  min time  |  avg time  |  max time  |%varavg| %total
---------------------------------------------------------------
Pair    | 0          | 0          | 0          |   0.0 |  0.00
Neigh   | 0          | 0          | 0          |   0.0 |  0.00
Comm    | 0          | 0          | 0          |   0.0 |  0.00
Output  | 0          | 0          | 0          |   0.0 |  0.00
Modify  | 0          | 0          | 0          |   0.0 |  0.00
Other   |            | 1.07e-06   |            |       |100.00

Nlocal:            216 ave         216 max         216 min
Histogram: 1 0 0 0 0 0 0 0 0 0
Nghost:            878 ave         878 max         878 min
Histogram: 1 0 0 0 0 0 0 0 0 0
Neighs:              0 ave           0 max           0 min
Histogram: 1 0 0 0 0 0 0 0 0 0
FullNghs:         7360 ave        7360 max        7360 min
Histogram: 1 0 0 0 0 0 0 0 0 0

Total # of neighbors = 7360
Ave neighs/atom = 34.074074
Neighbor list builds = 0
Dangerous builds = 0
next i
jump SELF loop_struct
clear
  using 1 OpenMP thread(s) per MPI task
log energies.log append
units metal
boundary p p p
atom_style atomic
read_data Si333_${i}.in
read_data Si333_44.in
Reading data file ...
  orthogonal box = (0 0 0) to (16.331106 16.331106 16.331106)
  1 by 1 by 1 MPI processor grid
  reading atoms ...
  216 atoms
  reading velocities ...
  216 velocities
  read_data CPU = 0.001 seconds
mass 1 28.085
pair_style sw
pair_coeff * * Si.sw Si
Reading sw potential file Si.sw with DATE: 2007-06-11
run 0
WARNING: No fixes with time integration, atoms won't move (src/verlet.cpp:60)
Neighbor list info ...
  update: every = 1 steps, delay = 0 steps, check = yes
  max neighbors/atom: 2000, page size: 100000
  master list distance cutoff = 5.77118
  ghost atom cutoff = 5.77118
  binsize = 2.88559, bins = 6 6 6
  1 neighbor lists, perpetual/occasional/extra = 1 0 0
  (1) pair sw, perpetual
      attributes: full, newton on
      pair build: full/bin/atomonly
      stencil: full/bin/3d
      bin: standard
Per MPI rank memory allocation (min/avg/max) = 3.086 | 3.086 | 3.086 Mbytes
   Step          Temp          E_pair         E_mol          TotEng         Press     
         0   0             -768.51396      0             -768.51396      83272.634    
Loop time of 1.04e-06 on 1 procs for 0 steps with 216 atoms

0.0% CPU use with 1 MPI tasks x 1 OpenMP threads

MPI task timing breakdown:
Section |  min time  |  avg time  |  max time  |%varavg| %total
---------------------------------------------------------------
Pair    | 0          | 0          | 0          |   0.0 |  0.00
Neigh   | 0          | 0          | 0          |   0.0 |  0.00
Comm    | 0          | 0          | 0          |   0.0 |  0.00
Output  | 0          | 0          | 0          |   0.0 |  0.00
Modify  | 0          | 0          | 0          |   0.0 |  0.00
Other   |            | 1.04e-06   |            |       |100.00

Nlocal:            216 ave         216 max         216 min
Histogram: 1 0 0 0 0 0 0 0 0 0
Nghost:            893 ave         893 max         893 min
Histogram: 1 0 0 0 0 0 0 0 0 0
Neighs:              0 ave           0 max           0 min
Histogram: 1 0 0 0 0 0 0 0 0 0
FullNghs:         7364 ave        7364 max        7364 min
Histogram: 1 0 0 0 0 0 0 0 0 0

Total # of neighbors = 7364
Ave neighs/atom = 34.092593
Neighbor list builds = 0
Dangerous builds = 0
next i
jump SELF loop_struct
clear
  using 1 OpenMP thread(s) per MPI task
log energies.log append
units metal
boundary p p p
atom_style atomic
read_data Si333_${i}.in
read_data Si333_45.in
Reading data file ...
  orthogonal box = (0 0 0) to (16.331106 16.331106 16.331106)
  1 by 1 by 1 MPI processor grid
  reading atoms ...
  216 atoms
  reading velocities ...
  216 velocities
  read_data CPU = 0.001 seconds
mass 1 28.085
pair_style sw
pair_coeff * * Si.sw Si
Reading sw potential file Si.sw with DATE: 2007-06-11
run 0
WARNING: No fixes with time integration, atoms won't move (src/verlet.cpp:60)
Neighbor list info ...
  update: every = 1 steps, delay = 0 steps, check = yes
  max neighbors/atom: 2000, page size: 100000
  master list distance cutoff = 5.77118
  ghost atom cutoff = 5.77118
  binsize = 2.88559, bins = 6 6 6
  1 neighbor lists, perpetual/occasional/extra = 1 0 0
  (1) pair sw, perpetual
      attributes: full, newton on
      pair build: full/bin/atomonly
      stencil: full/bin/3d
      bin: standard
Per MPI rank memory allocation (min/avg/max) = 3.083 | 3.083 | 3.083 Mbytes
   Step          Temp          E_pair         E_mol          TotEng         Press     
         0   0             -933.33432      0             -933.33432     -6210.8824    
Loop time of 1.01e-06 on 1 procs for 0 steps with 216 atoms

99.0% CPU use with 1 MPI tasks x 1 OpenMP threads

MPI task timing breakdown:
Section |  min time  |  avg time  |  max time  |%varavg| %total
---------------------------------------------------------------
Pair    | 0          | 0          | 0          |   0.0 |  0.00
Neigh   | 0          | 0          | 0          |   0.0 |  0.00
Comm    | 0          | 0          | 0          |   0.0 |  0.00
Output  | 0          | 0          | 0          |   0.0 |  0.00
Modify  | 0          | 0          | 0          |   0.0 |  0.00
Other   |            | 1.01e-06   |            |       |100.00

Nlocal:            216 ave         216 max         216 min
Histogram: 1 0 0 0 0 0 0 0 0 0
Nghost:            834 ave         834 max         834 min
Histogram: 1 0 0 0 0 0 0 0 0 0
Neighs:              0 ave           0 max           0 min
Histogram: 1 0 0 0 0 0 0 0 0 0
FullNghs:         7344 ave        7344 max        7344 min
Histogram: 1 0 0 0 0 0 0 0 0 0

Total # of neighbors = 7344
Ave neighs/atom = 34
Neighbor list builds = 0
Dangerous builds = 0
next i
jump SELF loop_struct
clear
  using 1 OpenMP thread(s) per MPI task
log energies.log append
units metal
boundary p p p
atom_style atomic
read_data Si333_${i}.in
read_data Si333_46.in
Reading data file ...
  orthogonal box = (0 0 0) to (16.331106 16.331106 16.331106)
  1 by 1 by 1 MPI processor grid
  reading atoms ...
  216 atoms
  reading velocities ...
  216 velocities
  read_data CPU = 0.001 seconds
mass 1 28.085
pair_style sw
pair_coeff * * Si.sw Si
Reading sw potential file Si.sw with DATE: 2007-06-11
run 0
WARNING: No fixes with time integration, atoms won't move (src/verlet.cpp:60)
Neighbor list info ...
  update: every = 1 steps, delay = 0 steps, check = yes
  max neighbors/atom: 2000, page size: 100000
  master list distance cutoff = 5.77118
  ghost atom cutoff = 5.77118
  binsize = 2.88559, bins = 6 6 6
  1 neighbor lists, perpetual/occasional/extra = 1 0 0
  (1) pair sw, perpetual
      attributes: full, newton on
      pair build: full/bin/atomonly
      stencil: full/bin/3d
      bin: standard
Per MPI rank memory allocation (min/avg/max) = 3.083 | 3.083 | 3.083 Mbytes
   Step          Temp          E_pair         E_mol          TotEng         Press     
         0   0             -714.721        0             -714.721        110033.57    
Loop time of 1.23e-06 on 1 procs for 0 steps with 216 atoms

0.0% CPU use with 1 MPI tasks x 1 OpenMP threads

MPI task timing breakdown:
Section |  min time  |  avg time  |  max time  |%varavg| %total
---------------------------------------------------------------
Pair    | 0          | 0          | 0          |   0.0 |  0.00
Neigh   | 0          | 0          | 0          |   0.0 |  0.00
Comm    | 0          | 0          | 0          |   0.0 |  0.00
Output  | 0          | 0          | 0          |   0.0 |  0.00
Modify  | 0          | 0          | 0          |   0.0 |  0.00
Other   |            | 1.23e-06   |            |       |100.00

Nlocal:            216 ave         216 max         216 min
Histogram: 1 0 0 0 0 0 0 0 0 0
Nghost:            830 ave         830 max         830 min
Histogram: 1 0 0 0 0 0 0 0 0 0
Neighs:              0 ave           0 max           0 min
Histogram: 1 0 0 0 0 0 0 0 0 0
FullNghs:         7380 ave        7380 max        7380 min
Histogram: 1 0 0 0 0 0 0 0 0 0

Total # of neighbors = 7380
Ave neighs/atom = 34.166667
Neighbor list builds = 0
Dangerous builds = 0
next i
jump SELF loop_struct
clear
  using 1 OpenMP thread(s) per MPI task
log energies.log append
units metal
boundary p p p
atom_style atomic
read_data Si333_${i}.in
read_data Si333_47.in
Reading data file ...
  orthogonal box = (0 0 0) to (16.331106 16.331106 16.331106)
  1 by 1 by 1 MPI processor grid
  reading atoms ...
  216 atoms
  reading velocities ...
  216 velocities
  read_data CPU = 0.001 seconds
mass 1 28.085
pair_style sw
pair_coeff * * Si.sw Si
Reading sw potential file Si.sw with DATE: 2007-06-11
run 0
WARNING: No fixes with time integration, atoms won't move (src/verlet.cpp:60)
Neighbor list info ...
  update: every = 1 steps, delay = 0 steps, check = yes
  max neighbors/atom: 2000, page size: 100000
  master list distance cutoff = 5.77118
  ghost atom cutoff = 5.77118
  binsize = 2.88559, bins = 6 6 6
  1 neighbor lists, perpetual/occasional/extra = 1 0 0
  (1) pair sw, perpetual
      attributes: full, newton on
      pair build: full/bin/atomonly
      stencil: full/bin/3d
      bin: standard
Per MPI rank memory allocation (min/avg/max) = 3.088 | 3.088 | 3.088 Mbytes
   Step          Temp          E_pair         E_mol          TotEng         Press     
         0   0             -741.90184      0             -741.90184      96494.214    
Loop time of 1e-06 on 1 procs for 0 steps with 216 atoms

0.0% CPU use with 1 MPI tasks x 1 OpenMP threads

MPI task timing breakdown:
Section |  min time  |  avg time  |  max time  |%varavg| %total
---------------------------------------------------------------
Pair    | 0          | 0          | 0          |   0.0 |  0.00
Neigh   | 0          | 0          | 0          |   0.0 |  0.00
Comm    | 0          | 0          | 0          |   0.0 |  0.00
Output  | 0          | 0          | 0          |   0.0 |  0.00
Modify  | 0          | 0          | 0          |   0.0 |  0.00
Other   |            | 1e-06      |            |       |100.00

Nlocal:            216 ave         216 max         216 min
Histogram: 1 0 0 0 0 0 0 0 0 0
Nghost:            832 ave         832 max         832 min
Histogram: 1 0 0 0 0 0 0 0 0 0
Neighs:              0 ave           0 max           0 min
Histogram: 1 0 0 0 0 0 0 0 0 0
FullNghs:         7374 ave        7374 max        7374 min
Histogram: 1 0 0 0 0 0 0 0 0 0

Total # of neighbors = 7374
Ave neighs/atom = 34.138889
Neighbor list builds = 0
Dangerous builds = 0
next i
jump SELF loop_struct
clear
  using 1 OpenMP thread(s) per MPI task
log energies.log append
units metal
boundary p p p
atom_style atomic
read_data Si333_${i}.in
read_data Si333_48.in
Reading data file ...
  orthogonal box = (0 0 0) to (16.331106 16.331106 16.331106)
  1 by 1 by 1 MPI processor grid
  reading atoms ...
  216 atoms
  reading velocities ...
  216 velocities
  read_data CPU = 0.001 seconds
mass 1 28.085
pair_style sw
pair_coeff * * Si.sw Si
Reading sw potential file Si.sw with DATE: 2007-06-11
run 0
WARNING: No fixes with time integration, atoms won't move (src/verlet.cpp:60)
Neighbor list info ...
  update: every = 1 steps, delay = 0 steps, check = yes
  max neighbors/atom: 2000, page size: 100000
  master list distance cutoff = 5.77118
  ghost atom cutoff = 5.77118
  binsize = 2.88559, bins = 6 6 6
  1 neighbor lists, perpetual/occasional/extra = 1 0 0
  (1) pair sw, perpetual
      attributes: full, newton on
      pair build: full/bin/atomonly
      stencil: full/bin/3d
      bin: standard
Per MPI rank memory allocation (min/avg/max) = 3.089 | 3.089 | 3.089 Mbytes
   Step          Temp          E_pair         E_mol          TotEng         Press     
         0   0             -933.29631      0             -933.29631     -6239.1813    
Loop time of 1.02e-06 on 1 procs for 0 steps with 216 atoms

98.0% CPU use with 1 MPI tasks x 1 OpenMP threads

MPI task timing breakdown:
Section |  min time  |  avg time  |  max time  |%varavg| %total
---------------------------------------------------------------
Pair    | 0          | 0          | 0          |   0.0 |  0.00
Neigh   | 0          | 0          | 0          |   0.0 |  0.00
Comm    | 0          | 0          | 0          |   0.0 |  0.00
Output  | 0          | 0          | 0          |   0.0 |  0.00
Modify  | 0          | 0          | 0          |   0.0 |  0.00
Other   |            | 1.02e-06   |            |       |100.00

Nlocal:            216 ave         216 max         216 min
Histogram: 1 0 0 0 0 0 0 0 0 0
Nghost:            884 ave         884 max         884 min
Histogram: 1 0 0 0 0 0 0 0 0 0
Neighs:              0 ave           0 max           0 min
Histogram: 1 0 0 0 0 0 0 0 0 0
FullNghs:         7344 ave        7344 max        7344 min
Histogram: 1 0 0 0 0 0 0 0 0 0

Total # of neighbors = 7344
Ave neighs/atom = 34
Neighbor list builds = 0
Dangerous builds = 0
next i
jump SELF loop_struct
clear
  using 1 OpenMP thread(s) per MPI task
log energies.log append
units metal
boundary p p p
atom_style atomic
read_data Si333_${i}.in
read_data Si333_49.in
Reading data file ...
  orthogonal box = (0 0 0) to (16.331106 16.331106 16.331106)
  1 by 1 by 1 MPI processor grid
  reading atoms ...
  216 atoms
  reading velocities ...
  216 velocities
  read_data CPU = 0.001 seconds
mass 1 28.085
pair_style sw
pair_coeff * * Si.sw Si
Reading sw potential file Si.sw with DATE: 2007-06-11
run 0
WARNING: No fixes with time integration, atoms won't move (src/verlet.cpp:60)
Neighbor list info ...
  update: every = 1 steps, delay = 0 steps, check = yes
  max neighbors/atom: 2000, page size: 100000
  master list distance cutoff = 5.77118
  ghost atom cutoff = 5.77118
  binsize = 2.88559, bins = 6 6 6
  1 neighbor lists, perpetual/occasional/extra = 1 0 0
  (1) pair sw, perpetual
      attributes: full, newton on
      pair build: full/bin/atomonly
      stencil: full/bin/3d
      bin: standard
Per MPI rank memory allocation (min/avg/max) = 3.086 | 3.086 | 3.086 Mbytes
   Step          Temp          E_pair         E_mol          TotEng         Press     
         0   0             -933.41203      0             -933.41203     -6283.6056    
Loop time of 1e-06 on 1 procs for 0 steps with 216 atoms

0.0% CPU use with 1 MPI tasks x 1 OpenMP threads

MPI task timing breakdown:
Section |  min time  |  avg time  |  max time  |%varavg| %total
---------------------------------------------------------------
Pair    | 0          | 0          | 0          |   0.0 |  0.00
Neigh   | 0          | 0          | 0          |   0.0 |  0.00
Comm    | 0          | 0          | 0          |   0.0 |  0.00
Output  | 0          | 0          | 0          |   0.0 |  0.00
Modify  | 0          | 0          | 0          |   0.0 |  0.00
Other   |            | 1e-06      |            |       |100.00

Nlocal:            216 ave         216 max         216 min
Histogram: 1 0 0 0 0 0 0 0 0 0
Nghost:            884 ave         884 max         884 min
Histogram: 1 0 0 0 0 0 0 0 0 0
Neighs:              0 ave           0 max           0 min
Histogram: 1 0 0 0 0 0 0 0 0 0
FullNghs:         7344 ave        7344 max        7344 min
Histogram: 1 0 0 0 0 0 0 0 0 0

Total # of neighbors = 7344
Ave neighs/atom = 34
Neighbor list builds = 0
Dangerous builds = 0
next i
jump SELF loop_struct
clear
  using 1 OpenMP thread(s) per MPI task
log energies.log append
units metal
boundary p p p
atom_style atomic
read_data Si333_${i}.in
read_data Si333_50.in
Reading data file ...
  orthogonal box = (0 0 0) to (16.331106 16.331106 16.331106)
  1 by 1 by 1 MPI processor grid
  reading atoms ...
  216 atoms
  reading velocities ...
  216 velocities
  read_data CPU = 0.001 seconds
mass 1 28.085
pair_style sw
pair_coeff * * Si.sw Si
Reading sw potential file Si.sw with DATE: 2007-06-11
run 0
WARNING: No fixes with time integration, atoms won't move (src/verlet.cpp:60)
Neighbor list info ...
  update: every = 1 steps, delay = 0 steps, check = yes
  max neighbors/atom: 2000, page size: 100000
  master list distance cutoff = 5.77118
  ghost atom cutoff = 5.77118
  binsize = 2.88559, bins = 6 6 6
  1 neighbor lists, perpetual/occasional/extra = 1 0 0
  (1) pair sw, perpetual
      attributes: full, newton on
      pair build: full/bin/atomonly
      stencil: full/bin/3d
      bin: standard
Per MPI rank memory allocation (min/avg/max) = 3.083 | 3.083 | 3.083 Mbytes
   Step          Temp          E_pair         E_mol          TotEng         Press     
         0   0             -932.90723      0             -932.90723     -6043.1909    
Loop time of 1.01e-06 on 1 procs for 0 steps with 216 atoms

198.0% CPU use with 1 MPI tasks x 1 OpenMP threads

MPI task timing breakdown:
Section |  min time  |  avg time  |  max time  |%varavg| %total
---------------------------------------------------------------
Pair    | 0          | 0          | 0          |   0.0 |  0.00
Neigh   | 0          | 0          | 0          |   0.0 |  0.00
Comm    | 0          | 0          | 0          |   0.0 |  0.00
Output  | 0          | 0          | 0          |   0.0 |  0.00
Modify  | 0          | 0          | 0          |   0.0 |  0.00
Other   |            | 1.01e-06   |            |       |100.00

Nlocal:            216 ave         216 max         216 min
Histogram: 1 0 0 0 0 0 0 0 0 0
Nghost:            834 ave         834 max         834 min
Histogram: 1 0 0 0 0 0 0 0 0 0
Neighs:              0 ave           0 max           0 min
Histogram: 1 0 0 0 0 0 0 0 0 0
FullNghs:         7344 ave        7344 max        7344 min
Histogram: 1 0 0 0 0 0 0 0 0 0

Total # of neighbors = 7344
Ave neighs/atom = 34
Neighbor list builds = 0
Dangerous builds = 0
next i
jump SELF loop_struct
clear
  using 1 OpenMP thread(s) per MPI task
log energies.log append
units metal
boundary p p p
atom_style atomic
read_data Si333_${i}.in
read_data Si333_51.in
Reading data file ...
  orthogonal box = (0 0 0) to (16.331106 16.331106 16.331106)
  1 by 1 by 1 MPI processor grid
  reading atoms ...
  216 atoms
  reading velocities ...
  216 velocities
  read_data CPU = 0.001 seconds
mass 1 28.085
pair_style sw
pair_coeff * * Si.sw Si
Reading sw potential file Si.sw with DATE: 2007-06-11
run 0
WARNING: No fixes with time integration, atoms won't move (src/verlet.cpp:60)
Neighbor list info ...
  update: every = 1 steps, delay = 0 steps, check = yes
  max neighbors/atom: 2000, page size: 100000
  master list distance cutoff = 5.77118
  ghost atom cutoff = 5.77118
  binsize = 2.88559, bins = 6 6 6
  1 neighbor lists, perpetual/occasional/extra = 1 0 0
  (1) pair sw, perpetual
      attributes: full, newton on
      pair build: full/bin/atomonly
      stencil: full/bin/3d
      bin: standard
Per MPI rank memory allocation (min/avg/max) = 3.082 | 3.082 | 3.082 Mbytes
   Step          Temp          E_pair         E_mol          TotEng         Press     
         0   0             -725.88339      0             -725.88339      110319.96    
Loop time of 1.01e-06 on 1 procs for 0 steps with 216 atoms

99.0% CPU use with 1 MPI tasks x 1 OpenMP threads

MPI task timing breakdown:
Section |  min time  |  avg time  |  max time  |%varavg| %total
---------------------------------------------------------------
Pair    | 0          | 0          | 0          |   0.0 |  0.00
Neigh   | 0          | 0          | 0          |   0.0 |  0.00
Comm    | 0          | 0          | 0          |   0.0 |  0.00
Output  | 0          | 0          | 0          |   0.0 |  0.00
Modify  | 0          | 0          | 0          |   0.0 |  0.00
Other   |            | 1.01e-06   |            |       |100.00

Nlocal:            216 ave         216 max         216 min
Histogram: 1 0 0 0 0 0 0 0 0 0
Nghost:            828 ave         828 max         828 min
Histogram: 1 0 0 0 0 0 0 0 0 0
Neighs:              0 ave           0 max           0 min
Histogram: 1 0 0 0 0 0 0 0 0 0
FullNghs:         7420 ave        7420 max        7420 min
Histogram: 1 0 0 0 0 0 0 0 0 0

Total # of neighbors = 7420
Ave neighs/atom = 34.351852
Neighbor list builds = 0
Dangerous builds = 0
next i
jump SELF loop_struct
clear
  using 1 OpenMP thread(s) per MPI task
log energies.log append
units metal
boundary p p p
atom_style atomic
read_data Si333_${i}.in
read_data Si333_52.in
Reading data file ...
  orthogonal box = (0 0 0) to (16.331106 16.331106 16.331106)
  1 by 1 by 1 MPI processor grid
  reading atoms ...
  216 atoms
  reading velocities ...
  216 velocities
  read_data CPU = 0.001 seconds
mass 1 28.085
pair_style sw
pair_coeff * * Si.sw Si
Reading sw potential file Si.sw with DATE: 2007-06-11
run 0
WARNING: No fixes with time integration, atoms won't move (src/verlet.cpp:60)
Neighbor list info ...
  update: every = 1 steps, delay = 0 steps, check = yes
  max neighbors/atom: 2000, page size: 100000
  master list distance cutoff = 5.77118
  ghost atom cutoff = 5.77118
  binsize = 2.88559, bins = 6 6 6
  1 neighbor lists, perpetual/occasional/extra = 1 0 0
  (1) pair sw, perpetual
      attributes: full, newton on
      pair build: full/bin/atomonly
      stencil: full/bin/3d
      bin: standard
Per MPI rank memory allocation (min/avg/max) = 3.087 | 3.087 | 3.087 Mbytes
   Step          Temp          E_pair         E_mol          TotEng         Press     
         0   0             -355.67096      0             -355.67096      301813.58    
Loop time of 1e-06 on 1 procs for 0 steps with 216 atoms

100.0% CPU use with 1 MPI tasks x 1 OpenMP threads

MPI task timing breakdown:
Section |  min time  |  avg time  |  max time  |%varavg| %total
---------------------------------------------------------------
Pair    | 0          | 0          | 0          |   0.0 |  0.00
Neigh   | 0          | 0          | 0          |   0.0 |  0.00
Comm    | 0          | 0          | 0          |   0.0 |  0.00
Output  | 0          | 0          | 0          |   0.0 |  0.00
Modify  | 0          | 0          | 0          |   0.0 |  0.00
Other   |            | 1e-06      |            |       |100.00

Nlocal:            216 ave         216 max         216 min
Histogram: 1 0 0 0 0 0 0 0 0 0
Nghost:            875 ave         875 max         875 min
Histogram: 1 0 0 0 0 0 0 0 0 0
Neighs:              0 ave           0 max           0 min
Histogram: 1 0 0 0 0 0 0 0 0 0
FullNghs:         7462 ave        7462 max        7462 min
Histogram: 1 0 0 0 0 0 0 0 0 0

Total # of neighbors = 7462
Ave neighs/atom = 34.546296
Neighbor list builds = 0
Dangerous builds = 0
next i
jump SELF loop_struct
clear
  using 1 OpenMP thread(s) per MPI task
log energies.log append
units metal
boundary p p p
atom_style atomic
read_data Si333_${i}.in
read_data Si333_53.in
Reading data file ...
  orthogonal box = (0 0 0) to (16.331106 16.331106 16.331106)
  1 by 1 by 1 MPI processor grid
  reading atoms ...
  216 atoms
  reading velocities ...
  216 velocities
  read_data CPU = 0.001 seconds
mass 1 28.085
pair_style sw
pair_coeff * * Si.sw Si
Reading sw potential file Si.sw with DATE: 2007-06-11
run 0
WARNING: No fixes with time integration, atoms won't move (src/verlet.cpp:60)
Neighbor list info ...
  update: every = 1 steps, delay = 0 steps, check = yes
  max neighbors/atom: 2000, page size: 100000
  master list distance cutoff = 5.77118
  ghost atom cutoff = 5.77118
  binsize = 2.88559, bins = 6 6 6
  1 neighbor lists, perpetual/occasional/extra = 1 0 0
  (1) pair sw, perpetual
      attributes: full, newton on
      pair build: full/bin/atomonly
      stencil: full/bin/3d
      bin: standard
Per MPI rank memory allocation (min/avg/max) = 3.083 | 3.083 | 3.083 Mbytes
   Step          Temp          E_pair         E_mol          TotEng         Press     
         0   0             -606.95309      0             -606.95309      171825.87    
Loop time of 1.031e-06 on 1 procs for 0 steps with 216 atoms

0.0% CPU use with 1 MPI tasks x 1 OpenMP threads

MPI task timing breakdown:
Section |  min time  |  avg time  |  max time  |%varavg| %total
---------------------------------------------------------------
Pair    | 0          | 0          | 0          |   0.0 |  0.00
Neigh   | 0          | 0          | 0          |   0.0 |  0.00
Comm    | 0          | 0          | 0          |   0.0 |  0.00
Output  | 0          | 0          | 0          |   0.0 |  0.00
Modify  | 0          | 0          | 0          |   0.0 |  0.00
Other   |            | 1.031e-06  |            |       |100.00

Nlocal:            216 ave         216 max         216 min
Histogram: 1 0 0 0 0 0 0 0 0 0
Nghost:            834 ave         834 max         834 min
Histogram: 1 0 0 0 0 0 0 0 0 0
Neighs:              0 ave           0 max           0 min
Histogram: 1 0 0 0 0 0 0 0 0 0
FullNghs:         7372 ave        7372 max        7372 min
Histogram: 1 0 0 0 0 0 0 0 0 0

Total # of neighbors = 7372
Ave neighs/atom = 34.12963
Neighbor list builds = 0
Dangerous builds = 0
next i
jump SELF loop_struct
clear
  using 1 OpenMP thread(s) per MPI task
log energies.log append
units metal
boundary p p p
atom_style atomic
read_data Si333_${i}.in
read_data Si333_54.in
Reading data file ...
  orthogonal box = (0 0 0) to (16.331106 16.331106 16.331106)
  1 by 1 by 1 MPI processor grid
  reading atoms ...
  216 atoms
  reading velocities ...
  216 velocities
  read_data CPU = 0.001 seconds
mass 1 28.085
pair_style sw
pair_coeff * * Si.sw Si
Reading sw potential file Si.sw with DATE: 2007-06-11
run 0
WARNING: No fixes with time integration, atoms won't move (src/verlet.cpp:60)
Neighbor list info ...
  update: every = 1 steps, delay = 0 steps, check = yes
  max neighbors/atom: 2000, page size: 100000
  master list distance cutoff = 5.77118
  ghost atom cutoff = 5.77118
  binsize = 2.88559, bins = 6 6 6
  1 neighbor lists, perpetual/occasional/extra = 1 0 0
  (1) pair sw, perpetual
      attributes: full, newton on
      pair build: full/bin/atomonly
      stencil: full/bin/3d
      bin: standard
Per MPI rank memory allocation (min/avg/max) = 3.083 | 3.083 | 3.083 Mbytes
   Step          Temp          E_pair         E_mol          TotEng         Press     
         0   0             -933.47892      0             -933.47892     -6236.9479    
Loop time of 1e-06 on 1 procs for 0 steps with 216 atoms

100.0% CPU use with 1 MPI tasks x 1 OpenMP threads

MPI task timing breakdown:
Section |  min time  |  avg time  |  max time  |%varavg| %total
---------------------------------------------------------------
Pair    | 0          | 0          | 0          |   0.0 |  0.00
Neigh   | 0          | 0          | 0          |   0.0 |  0.00
Comm    | 0          | 0          | 0          |   0.0 |  0.00
Output  | 0          | 0          | 0          |   0.0 |  0.00
Modify  | 0          | 0          | 0          |   0.0 |  0.00
Other   |            | 1e-06      |            |       |100.00

Nlocal:            216 ave         216 max         216 min
Histogram: 1 0 0 0 0 0 0 0 0 0
Nghost:            811 ave         811 max         811 min
Histogram: 1 0 0 0 0 0 0 0 0 0
Neighs:              0 ave           0 max           0 min
Histogram: 1 0 0 0 0 0 0 0 0 0
FullNghs:         7344 ave        7344 max        7344 min
Histogram: 1 0 0 0 0 0 0 0 0 0

Total # of neighbors = 7344
Ave neighs/atom = 34
Neighbor list builds = 0
Dangerous builds = 0
next i
jump SELF loop_struct
clear
  using 1 OpenMP thread(s) per MPI task
log energies.log append
units metal
boundary p p p
atom_style atomic
read_data Si333_${i}.in
read_data Si333_55.in
Reading data file ...
  orthogonal box = (0 0 0) to (16.331106 16.331106 16.331106)
  1 by 1 by 1 MPI processor grid
  reading atoms ...
  216 atoms
  reading velocities ...
  216 velocities
  read_data CPU = 0.001 seconds
mass 1 28.085
pair_style sw
pair_coeff * * Si.sw Si
Reading sw potential file Si.sw with DATE: 2007-06-11
run 0
WARNING: No fixes with time integration, atoms won't move (src/verlet.cpp:60)
Neighbor list info ...
  update: every = 1 steps, delay = 0 steps, check = yes
  max neighbors/atom: 2000, page size: 100000
  master list distance cutoff = 5.77118
  ghost atom cutoff = 5.77118
  binsize = 2.88559, bins = 6 6 6
  1 neighbor lists, perpetual/occasional/extra = 1 0 0
  (1) pair sw, perpetual
      attributes: full, newton on
      pair build: full/bin/atomonly
      stencil: full/bin/3d
      bin: standard
Per MPI rank memory allocation (min/avg/max) = 3.083 | 3.083 | 3.083 Mbytes
   Step          Temp          E_pair         E_mol          TotEng         Press     
         0   0             -933.14577      0             -933.14577     -6130.1048    
Loop time of 1.2e-06 on 1 procs for 0 steps with 216 atoms

166.7% CPU use with 1 MPI tasks x 1 OpenMP threads

MPI task timing breakdown:
Section |  min time  |  avg time  |  max time  |%varavg| %total
---------------------------------------------------------------
Pair    | 0          | 0          | 0          |   0.0 |  0.00
Neigh   | 0          | 0          | 0          |   0.0 |  0.00
Comm    | 0          | 0          | 0          |   0.0 |  0.00
Output  | 0          | 0          | 0          |   0.0 |  0.00
Modify  | 0          | 0          | 0          |   0.0 |  0.00
Other   |            | 1.2e-06    |            |       |100.00

Nlocal:            216 ave         216 max         216 min
Histogram: 1 0 0 0 0 0 0 0 0 0
Nghost:            834 ave         834 max         834 min
Histogram: 1 0 0 0 0 0 0 0 0 0
Neighs:              0 ave           0 max           0 min
Histogram: 1 0 0 0 0 0 0 0 0 0
FullNghs:         7344 ave        7344 max        7344 min
Histogram: 1 0 0 0 0 0 0 0 0 0

Total # of neighbors = 7344
Ave neighs/atom = 34
Neighbor list builds = 0
Dangerous builds = 0
next i
jump SELF loop_struct
clear
  using 1 OpenMP thread(s) per MPI task
log energies.log append
units metal
boundary p p p
atom_style atomic
read_data Si333_${i}.in
read_data Si333_56.in
Reading data file ...
  orthogonal box = (0 0 0) to (16.331106 16.331106 16.331106)
  1 by 1 by 1 MPI processor grid
  reading atoms ...
  216 atoms
  reading velocities ...
  216 velocities
  read_data CPU = 0.001 seconds
mass 1 28.085
pair_style sw
pair_coeff * * Si.sw Si
Reading sw potential file Si.sw with DATE: 2007-06-11
run 0
WARNING: No fixes with time integration, atoms won't move (src/verlet.cpp:60)
Neighbor list info ...
  update: every = 1 steps, delay = 0 steps, check = yes
  max neighbors/atom: 2000, page size: 100000
  master list distance cutoff = 5.77118
  ghost atom cutoff = 5.77118
  binsize = 2.88559, bins = 6 6 6
  1 neighbor lists, perpetual/occasional/extra = 1 0 0
  (1) pair sw, perpetual
      attributes: full, newton on
      pair build: full/bin/atomonly
      stencil: full/bin/3d
      bin: standard
Per MPI rank memory allocation (min/avg/max) = 3.085 | 3.085 | 3.085 Mbytes
   Step          Temp          E_pair         E_mol          TotEng         Press     
         0   0             -607.47386      0             -607.47386      171076.36    
Loop time of 1.01e-06 on 1 procs for 0 steps with 216 atoms

0.0% CPU use with 1 MPI tasks x 1 OpenMP threads

MPI task timing breakdown:
Section |  min time  |  avg time  |  max time  |%varavg| %total
---------------------------------------------------------------
Pair    | 0          | 0          | 0          |   0.0 |  0.00
Neigh   | 0          | 0          | 0          |   0.0 |  0.00
Comm    | 0          | 0          | 0          |   0.0 |  0.00
Output  | 0          | 0          | 0          |   0.0 |  0.00
Modify  | 0          | 0          | 0          |   0.0 |  0.00
Other   |            | 1.01e-06   |            |       |100.00

Nlocal:            216 ave         216 max         216 min
Histogram: 1 0 0 0 0 0 0 0 0 0
Nghost:            882 ave         882 max         882 min
Histogram: 1 0 0 0 0 0 0 0 0 0
Neighs:              0 ave           0 max           0 min
Histogram: 1 0 0 0 0 0 0 0 0 0
FullNghs:         7398 ave        7398 max        7398 min
Histogram: 1 0 0 0 0 0 0 0 0 0

Total # of neighbors = 7398
Ave neighs/atom = 34.25
Neighbor list builds = 0
Dangerous builds = 0
next i
jump SELF loop_struct
clear
  using 1 OpenMP thread(s) per MPI task
log energies.log append
units metal
boundary p p p
atom_style atomic
read_data Si333_${i}.in
read_data Si333_57.in
Reading data file ...
  orthogonal box = (0 0 0) to (16.331106 16.331106 16.331106)
  1 by 1 by 1 MPI processor grid
  reading atoms ...
  216 atoms
  reading velocities ...
  216 velocities
  read_data CPU = 0.001 seconds
mass 1 28.085
pair_style sw
pair_coeff * * Si.sw Si
Reading sw potential file Si.sw with DATE: 2007-06-11
run 0
WARNING: No fixes with time integration, atoms won't move (src/verlet.cpp:60)
Neighbor list info ...
  update: every = 1 steps, delay = 0 steps, check = yes
  max neighbors/atom: 2000, page size: 100000
  master list distance cutoff = 5.77118
  ghost atom cutoff = 5.77118
  binsize = 2.88559, bins = 6 6 6
  1 neighbor lists, perpetual/occasional/extra = 1 0 0
  (1) pair sw, perpetual
      attributes: full, newton on
      pair build: full/bin/atomonly
      stencil: full/bin/3d
      bin: standard
Per MPI rank memory allocation (min/avg/max) = 3.091 | 3.091 | 3.091 Mbytes
   Step          Temp          E_pair         E_mol          TotEng         Press     
         0   0             -786.71904      0             -786.71904      78433.147    
Loop time of 1.02e-06 on 1 procs for 0 steps with 216 atoms

98.0% CPU use with 1 MPI tasks x 1 OpenMP threads

MPI task timing breakdown:
Section |  min time  |  avg time  |  max time  |%varavg| %total
---------------------------------------------------------------
Pair    | 0          | 0          | 0          |   0.0 |  0.00
Neigh   | 0          | 0          | 0          |   0.0 |  0.00
Comm    | 0          | 0          | 0          |   0.0 |  0.00
Output  | 0          | 0          | 0          |   0.0 |  0.00
Modify  | 0          | 0          | 0          |   0.0 |  0.00
Other   |            | 1.02e-06   |            |       |100.00

Nlocal:            216 ave         216 max         216 min
Histogram: 1 0 0 0 0 0 0 0 0 0
Nghost:            895 ave         895 max         895 min
Histogram: 1 0 0 0 0 0 0 0 0 0
Neighs:              0 ave           0 max           0 min
Histogram: 1 0 0 0 0 0 0 0 0 0
FullNghs:         7402 ave        7402 max        7402 min
Histogram: 1 0 0 0 0 0 0 0 0 0

Total # of neighbors = 7402
Ave neighs/atom = 34.268519
Neighbor list builds = 0
Dangerous builds = 0
next i
jump SELF loop_struct
clear
  using 1 OpenMP thread(s) per MPI task
log energies.log append
units metal
boundary p p p
atom_style atomic
read_data Si333_${i}.in
read_data Si333_58.in
Reading data file ...
  orthogonal box = (0 0 0) to (16.331106 16.331106 16.331106)
  1 by 1 by 1 MPI processor grid
  reading atoms ...
  216 atoms
  reading velocities ...
  216 velocities
  read_data CPU = 0.001 seconds
mass 1 28.085
pair_style sw
pair_coeff * * Si.sw Si
Reading sw potential file Si.sw with DATE: 2007-06-11
run 0
WARNING: No fixes with time integration, atoms won't move (src/verlet.cpp:60)
Neighbor list info ...
  update: every = 1 steps, delay = 0 steps, check = yes
  max neighbors/atom: 2000, page size: 100000
  master list distance cutoff = 5.77118
  ghost atom cutoff = 5.77118
  binsize = 2.88559, bins = 6 6 6
  1 neighbor lists, perpetual/occasional/extra = 1 0 0
  (1) pair sw, perpetual
      attributes: full, newton on
      pair build: full/bin/atomonly
      stencil: full/bin/3d
      bin: standard
Per MPI rank memory allocation (min/avg/max) = 3.083 | 3.083 | 3.083 Mbytes
   Step          Temp          E_pair         E_mol          TotEng         Press     
         0   0             -515.69023      0             -515.69023      217004.4     
Loop time of 1.01e-06 on 1 procs for 0 steps with 216 atoms

0.0% CPU use with 1 MPI tasks x 1 OpenMP threads

MPI task timing breakdown:
Section |  min time  |  avg time  |  max time  |%varavg| %total
---------------------------------------------------------------
Pair    | 0          | 0          | 0          |   0.0 |  0.00
Neigh   | 0          | 0          | 0          |   0.0 |  0.00
Comm    | 0          | 0          | 0          |   0.0 |  0.00
Output  | 0          | 0          | 0          |   0.0 |  0.00
Modify  | 0          | 0          | 0          |   0.0 |  0.00
Other   |            | 1.01e-06   |            |       |100.00

Nlocal:            216 ave         216 max         216 min
Histogram: 1 0 0 0 0 0 0 0 0 0
Nghost:            833 ave         833 max         833 min
Histogram: 1 0 0 0 0 0 0 0 0 0
Neighs:              0 ave           0 max           0 min
Histogram: 1 0 0 0 0 0 0 0 0 0
FullNghs:         7410 ave        7410 max        7410 min
Histogram: 1 0 0 0 0 0 0 0 0 0

Total # of neighbors = 7410
Ave neighs/atom = 34.305556
Neighbor list builds = 0
Dangerous builds = 0
next i
jump SELF loop_struct
clear
  using 1 OpenMP thread(s) per MPI task
log energies.log append
units metal
boundary p p p
atom_style atomic
read_data Si333_${i}.in
read_data Si333_59.in
Reading data file ...
  orthogonal box = (0 0 0) to (16.331106 16.331106 16.331106)
  1 by 1 by 1 MPI processor grid
  reading atoms ...
  216 atoms
  reading velocities ...
  216 velocities
  read_data CPU = 0.001 seconds
mass 1 28.085
pair_style sw
pair_coeff * * Si.sw Si
Reading sw potential file Si.sw with DATE: 2007-06-11
run 0
WARNING: No fixes with time integration, atoms won't move (src/verlet.cpp:60)
Neighbor list info ...
  update: every = 1 steps, delay = 0 steps, check = yes
  max neighbors/atom: 2000, page size: 100000
  master list distance cutoff = 5.77118
  ghost atom cutoff = 5.77118
  binsize = 2.88559, bins = 6 6 6
  1 neighbor lists, perpetual/occasional/extra = 1 0 0
  (1) pair sw, perpetual
      attributes: full, newton on
      pair build: full/bin/atomonly
      stencil: full/bin/3d
      bin: standard
Per MPI rank memory allocation (min/avg/max) = 3.09 | 3.09 | 3.09 Mbytes
   Step          Temp          E_pair         E_mol          TotEng         Press     
         0   0             -769.47048      0             -769.47048      82293.613    
Loop time of 1.07e-06 on 1 procs for 0 steps with 216 atoms

0.0% CPU use with 1 MPI tasks x 1 OpenMP threads

MPI task timing breakdown:
Section |  min time  |  avg time  |  max time  |%varavg| %total
---------------------------------------------------------------
Pair    | 0          | 0          | 0          |   0.0 |  0.00
Neigh   | 0          | 0          | 0          |   0.0 |  0.00
Comm    | 0          | 0          | 0          |   0.0 |  0.00
Output  | 0          | 0          | 0          |   0.0 |  0.00
Modify  | 0          | 0          | 0          |   0.0 |  0.00
Other   |            | 1.07e-06   |            |       |100.00

Nlocal:            216 ave         216 max         216 min
Histogram: 1 0 0 0 0 0 0 0 0 0
Nghost:            885 ave         885 max         885 min
Histogram: 1 0 0 0 0 0 0 0 0 0
Neighs:              0 ave           0 max           0 min
Histogram: 1 0 0 0 0 0 0 0 0 0
FullNghs:         7376 ave        7376 max        7376 min
Histogram: 1 0 0 0 0 0 0 0 0 0

Total # of neighbors = 7376
Ave neighs/atom = 34.148148
Neighbor list builds = 0
Dangerous builds = 0
next i
jump SELF loop_struct
clear
  using 1 OpenMP thread(s) per MPI task
log energies.log append
units metal
boundary p p p
atom_style atomic
read_data Si333_${i}.in
read_data Si333_60.in
Reading data file ...
  orthogonal box = (0 0 0) to (16.331106 16.331106 16.331106)
  1 by 1 by 1 MPI processor grid
  reading atoms ...
  216 atoms
  reading velocities ...
  216 velocities
  read_data CPU = 0.001 seconds
mass 1 28.085
pair_style sw
pair_coeff * * Si.sw Si
Reading sw potential file Si.sw with DATE: 2007-06-11
run 0
WARNING: No fixes with time integration, atoms won't move (src/verlet.cpp:60)
Neighbor list info ...
  update: every = 1 steps, delay = 0 steps, check = yes
  max neighbors/atom: 2000, page size: 100000
  master list distance cutoff = 5.77118
  ghost atom cutoff = 5.77118
  binsize = 2.88559, bins = 6 6 6
  1 neighbor lists, perpetual/occasional/extra = 1 0 0
  (1) pair sw, perpetual
      attributes: full, newton on
      pair build: full/bin/atomonly
      stencil: full/bin/3d
      bin: standard
Per MPI rank memory allocation (min/avg/max) = 3.082 | 3.082 | 3.082 Mbytes
   Step          Temp          E_pair         E_mol          TotEng         Press     
         0   0             -574.17621      0             -574.17621      192022.87    
Loop time of 1.01e-06 on 1 procs for 0 steps with 216 atoms

0.0% CPU use with 1 MPI tasks x 1 OpenMP threads

MPI task timing breakdown:
Section |  min time  |  avg time  |  max time  |%varavg| %total
---------------------------------------------------------------
Pair    | 0          | 0          | 0          |   0.0 |  0.00
Neigh   | 0          | 0          | 0          |   0.0 |  0.00
Comm    | 0          | 0          | 0          |   0.0 |  0.00
Output  | 0          | 0          | 0          |   0.0 |  0.00
Modify  | 0          | 0          | 0          |   0.0 |  0.00
Other   |            | 1.01e-06   |            |       |100.00

Nlocal:            216 ave         216 max         216 min
Histogram: 1 0 0 0 0 0 0 0 0 0
Nghost:            824 ave         824 max         824 min
Histogram: 1 0 0 0 0 0 0 0 0 0
Neighs:              0 ave           0 max           0 min
Histogram: 1 0 0 0 0 0 0 0 0 0
FullNghs:         7456 ave        7456 max        7456 min
Histogram: 1 0 0 0 0 0 0 0 0 0

Total # of neighbors = 7456
Ave neighs/atom = 34.518519
Neighbor list builds = 0
Dangerous builds = 0
next i
jump SELF loop_struct
clear
  using 1 OpenMP thread(s) per MPI task
log energies.log append
units metal
boundary p p p
atom_style atomic
read_data Si333_${i}.in
read_data Si333_61.in
Reading data file ...
  orthogonal box = (0 0 0) to (16.331106 16.331106 16.331106)
  1 by 1 by 1 MPI processor grid
  reading atoms ...
  216 atoms
  reading velocities ...
  216 velocities
  read_data CPU = 0.001 seconds
mass 1 28.085
pair_style sw
pair_coeff * * Si.sw Si
Reading sw potential file Si.sw with DATE: 2007-06-11
run 0
WARNING: No fixes with time integration, atoms won't move (src/verlet.cpp:60)
Neighbor list info ...
  update: every = 1 steps, delay = 0 steps, check = yes
  max neighbors/atom: 2000, page size: 100000
  master list distance cutoff = 5.77118
  ghost atom cutoff = 5.77118
  binsize = 2.88559, bins = 6 6 6
  1 neighbor lists, perpetual/occasional/extra = 1 0 0
  (1) pair sw, perpetual
      attributes: full, newton on
      pair build: full/bin/atomonly
      stencil: full/bin/3d
      bin: standard
Per MPI rank memory allocation (min/avg/max) = 3.084 | 3.084 | 3.084 Mbytes
   Step          Temp          E_pair         E_mol          TotEng         Press     
         0   0             -457.94973      0             -457.94973      245621.29    
Loop time of 1.01e-06 on 1 procs for 0 steps with 216 atoms

0.0% CPU use with 1 MPI tasks x 1 OpenMP threads

MPI task timing breakdown:
Section |  min time  |  avg time  |  max time  |%varavg| %total
---------------------------------------------------------------
Pair    | 0          | 0          | 0          |   0.0 |  0.00
Neigh   | 0          | 0          | 0          |   0.0 |  0.00
Comm    | 0          | 0          | 0          |   0.0 |  0.00
Output  | 0          | 0          | 0          |   0.0 |  0.00
Modify  | 0          | 0          | 0          |   0.0 |  0.00
Other   |            | 1.01e-06   |            |       |100.00

Nlocal:            216 ave         216 max         216 min
Histogram: 1 0 0 0 0 0 0 0 0 0
Nghost:            854 ave         854 max         854 min
Histogram: 1 0 0 0 0 0 0 0 0 0
Neighs:              0 ave           0 max           0 min
Histogram: 1 0 0 0 0 0 0 0 0 0
FullNghs:         7408 ave        7408 max        7408 min
Histogram: 1 0 0 0 0 0 0 0 0 0

Total # of neighbors = 7408
Ave neighs/atom = 34.296296
Neighbor list builds = 0
Dangerous builds = 0
next i
jump SELF loop_struct
clear
  using 1 OpenMP thread(s) per MPI task
log energies.log append
units metal
boundary p p p
atom_style atomic
read_data Si333_${i}.in
read_data Si333_62.in
Reading data file ...
  orthogonal box = (0 0 0) to (16.331106 16.331106 16.331106)
  1 by 1 by 1 MPI processor grid
  reading atoms ...
  216 atoms
  reading velocities ...
  216 velocities
  read_data CPU = 0.001 seconds
mass 1 28.085
pair_style sw
pair_coeff * * Si.sw Si
Reading sw potential file Si.sw with DATE: 2007-06-11
run 0
WARNING: No fixes with time integration, atoms won't move (src/verlet.cpp:60)
Neighbor list info ...
  update: every = 1 steps, delay = 0 steps, check = yes
  max neighbors/atom: 2000, page size: 100000
  master list distance cutoff = 5.77118
  ghost atom cutoff = 5.77118
  binsize = 2.88559, bins = 6 6 6
  1 neighbor lists, perpetual/occasional/extra = 1 0 0
  (1) pair sw, perpetual
      attributes: full, newton on
      pair build: full/bin/atomonly
      stencil: full/bin/3d
      bin: standard
Per MPI rank memory allocation (min/avg/max) = 3.083 | 3.083 | 3.083 Mbytes
   Step          Temp          E_pair         E_mol          TotEng         Press     
         0   0             -933.14644      0             -933.14644     -6166.8901    
Loop time of 1.02e-06 on 1 procs for 0 steps with 216 atoms

98.0% CPU use with 1 MPI tasks x 1 OpenMP threads

MPI task timing breakdown:
Section |  min time  |  avg time  |  max time  |%varavg| %total
---------------------------------------------------------------
Pair    | 0          | 0          | 0          |   0.0 |  0.00
Neigh   | 0          | 0          | 0          |   0.0 |  0.00
Comm    | 0          | 0          | 0          |   0.0 |  0.00
Output  | 0          | 0          | 0          |   0.0 |  0.00
Modify  | 0          | 0          | 0          |   0.0 |  0.00
Other   |            | 1.02e-06   |            |       |100.00

Nlocal:            216 ave         216 max         216 min
Histogram: 1 0 0 0 0 0 0 0 0 0
Nghost:            843 ave         843 max         843 min
Histogram: 1 0 0 0 0 0 0 0 0 0
Neighs:              0 ave           0 max           0 min
Histogram: 1 0 0 0 0 0 0 0 0 0
FullNghs:         7344 ave        7344 max        7344 min
Histogram: 1 0 0 0 0 0 0 0 0 0

Total # of neighbors = 7344
Ave neighs/atom = 34
Neighbor list builds = 0
Dangerous builds = 0
next i
jump SELF loop_struct
clear
  using 1 OpenMP thread(s) per MPI task
log energies.log append
units metal
boundary p p p
atom_style atomic
read_data Si333_${i}.in
read_data Si333_63.in
Reading data file ...
  orthogonal box = (0 0 0) to (16.331106 16.331106 16.331106)
  1 by 1 by 1 MPI processor grid
  reading atoms ...
  216 atoms
  reading velocities ...
  216 velocities
  read_data CPU = 0.001 seconds
mass 1 28.085
pair_style sw
pair_coeff * * Si.sw Si
Reading sw potential file Si.sw with DATE: 2007-06-11
run 0
WARNING: No fixes with time integration, atoms won't move (src/verlet.cpp:60)
Neighbor list info ...
  update: every = 1 steps, delay = 0 steps, check = yes
  max neighbors/atom: 2000, page size: 100000
  master list distance cutoff = 5.77118
  ghost atom cutoff = 5.77118
  binsize = 2.88559, bins = 6 6 6
  1 neighbor lists, perpetual/occasional/extra = 1 0 0
  (1) pair sw, perpetual
      attributes: full, newton on
      pair build: full/bin/atomonly
      stencil: full/bin/3d
      bin: standard
Per MPI rank memory allocation (min/avg/max) = 3.083 | 3.083 | 3.083 Mbytes
   Step          Temp          E_pair         E_mol          TotEng         Press     
         0   0             -933.53819      0             -933.53819     -6278.8341    
Loop time of 1.2e-06 on 1 procs for 0 steps with 216 atoms

0.0% CPU use with 1 MPI tasks x 1 OpenMP threads

MPI task timing breakdown:
Section |  min time  |  avg time  |  max time  |%varavg| %total
---------------------------------------------------------------
Pair    | 0          | 0          | 0          |   0.0 |  0.00
Neigh   | 0          | 0          | 0          |   0.0 |  0.00
Comm    | 0          | 0          | 0          |   0.0 |  0.00
Output  | 0          | 0          | 0          |   0.0 |  0.00
Modify  | 0          | 0          | 0          |   0.0 |  0.00
Other   |            | 1.2e-06    |            |       |100.00

Nlocal:            216 ave         216 max         216 min
Histogram: 1 0 0 0 0 0 0 0 0 0
Nghost:            834 ave         834 max         834 min
Histogram: 1 0 0 0 0 0 0 0 0 0
Neighs:              0 ave           0 max           0 min
Histogram: 1 0 0 0 0 0 0 0 0 0
FullNghs:         7346 ave        7346 max        7346 min
Histogram: 1 0 0 0 0 0 0 0 0 0

Total # of neighbors = 7346
Ave neighs/atom = 34.009259
Neighbor list builds = 0
Dangerous builds = 0
next i
jump SELF loop_struct
clear
  using 1 OpenMP thread(s) per MPI task
log energies.log append
units metal
boundary p p p
atom_style atomic
read_data Si333_${i}.in
read_data Si333_64.in
Reading data file ...
  orthogonal box = (0 0 0) to (16.331106 16.331106 16.331106)
  1 by 1 by 1 MPI processor grid
  reading atoms ...
  216 atoms
  reading velocities ...
  216 velocities
  read_data CPU = 0.001 seconds
mass 1 28.085
pair_style sw
pair_coeff * * Si.sw Si
Reading sw potential file Si.sw with DATE: 2007-06-11
run 0
WARNING: No fixes with time integration, atoms won't move (src/verlet.cpp:60)
Neighbor list info ...
  update: every = 1 steps, delay = 0 steps, check = yes
  max neighbors/atom: 2000, page size: 100000
  master list distance cutoff = 5.77118
  ghost atom cutoff = 5.77118
  binsize = 2.88559, bins = 6 6 6
  1 neighbor lists, perpetual/occasional/extra = 1 0 0
  (1) pair sw, perpetual
      attributes: full, newton on
      pair build: full/bin/atomonly
      stencil: full/bin/3d
      bin: standard
Per MPI rank memory allocation (min/avg/max) = 3.081 | 3.081 | 3.081 Mbytes
   Step          Temp          E_pair         E_mol          TotEng         Press     
         0   0             -933.18579      0             -933.18579     -6142.3761    
Loop time of 1.02e-06 on 1 procs for 0 steps with 216 atoms

0.0% CPU use with 1 MPI tasks x 1 OpenMP threads

MPI task timing breakdown:
Section |  min time  |  avg time  |  max time  |%varavg| %total
---------------------------------------------------------------
Pair    | 0          | 0          | 0          |   0.0 |  0.00
Neigh   | 0          | 0          | 0          |   0.0 |  0.00
Comm    | 0          | 0          | 0          |   0.0 |  0.00
Output  | 0          | 0          | 0          |   0.0 |  0.00
Modify  | 0          | 0          | 0          |   0.0 |  0.00
Other   |            | 1.02e-06   |            |       |100.00

Nlocal:            216 ave         216 max         216 min
Histogram: 1 0 0 0 0 0 0 0 0 0
Nghost:            784 ave         784 max         784 min
Histogram: 1 0 0 0 0 0 0 0 0 0
Neighs:              0 ave           0 max           0 min
Histogram: 1 0 0 0 0 0 0 0 0 0
FullNghs:         7344 ave        7344 max        7344 min
Histogram: 1 0 0 0 0 0 0 0 0 0

Total # of neighbors = 7344
Ave neighs/atom = 34
Neighbor list builds = 0
Dangerous builds = 0
next i
jump SELF loop_struct
clear
  using 1 OpenMP thread(s) per MPI task
log energies.log append
units metal
boundary p p p
atom_style atomic
read_data Si333_${i}.in
read_data Si333_65.in
Reading data file ...
  orthogonal box = (0 0 0) to (16.331106 16.331106 16.331106)
  1 by 1 by 1 MPI processor grid
  reading atoms ...
  216 atoms
  reading velocities ...
  216 velocities
  read_data CPU = 0.001 seconds
mass 1 28.085
pair_style sw
pair_coeff * * Si.sw Si
Reading sw potential file Si.sw with DATE: 2007-06-11
run 0
WARNING: No fixes with time integration, atoms won't move (src/verlet.cpp:60)
Neighbor list info ...
  update: every = 1 steps, delay = 0 steps, check = yes
  max neighbors/atom: 2000, page size: 100000
  master list distance cutoff = 5.77118
  ghost atom cutoff = 5.77118
  binsize = 2.88559, bins = 6 6 6
  1 neighbor lists, perpetual/occasional/extra = 1 0 0
  (1) pair sw, perpetual
      attributes: full, newton on
      pair build: full/bin/atomonly
      stencil: full/bin/3d
      bin: standard
Per MPI rank memory allocation (min/avg/max) = 3.083 | 3.083 | 3.083 Mbytes
   Step          Temp          E_pair         E_mol          TotEng         Press     
         0   0             -731.851        0             -731.851        101631.53    
Loop time of 1.04e-06 on 1 procs for 0 steps with 216 atoms

96.2% CPU use with 1 MPI tasks x 1 OpenMP threads

MPI task timing breakdown:
Section |  min time  |  avg time  |  max time  |%varavg| %total
---------------------------------------------------------------
Pair    | 0          | 0          | 0          |   0.0 |  0.00
Neigh   | 0          | 0          | 0          |   0.0 |  0.00
Comm    | 0          | 0          | 0          |   0.0 |  0.00
Output  | 0          | 0          | 0          |   0.0 |  0.00
Modify  | 0          | 0          | 0          |   0.0 |  0.00
Other   |            | 1.04e-06   |            |       |100.00

Nlocal:            216 ave         216 max         216 min
Histogram: 1 0 0 0 0 0 0 0 0 0
Nghost:            838 ave         838 max         838 min
Histogram: 1 0 0 0 0 0 0 0 0 0
Neighs:              0 ave           0 max           0 min
Histogram: 1 0 0 0 0 0 0 0 0 0
FullNghs:         7380 ave        7380 max        7380 min
Histogram: 1 0 0 0 0 0 0 0 0 0

Total # of neighbors = 7380
Ave neighs/atom = 34.166667
Neighbor list builds = 0
Dangerous builds = 0
next i
jump SELF loop_struct
clear
  using 1 OpenMP thread(s) per MPI task
log energies.log append
units metal
boundary p p p
atom_style atomic
read_data Si333_${i}.in
read_data Si333_66.in
Reading data file ...
  orthogonal box = (0 0 0) to (16.331106 16.331106 16.331106)
  1 by 1 by 1 MPI processor grid
  reading atoms ...
  216 atoms
  reading velocities ...
  216 velocities
  read_data CPU = 0.001 seconds
mass 1 28.085
pair_style sw
pair_coeff * * Si.sw Si
Reading sw potential file Si.sw with DATE: 2007-06-11
run 0
WARNING: No fixes with time integration, atoms won't move (src/verlet.cpp:60)
Neighbor list info ...
  update: every = 1 steps, delay = 0 steps, check = yes
  max neighbors/atom: 2000, page size: 100000
  master list distance cutoff = 5.77118
  ghost atom cutoff = 5.77118
  binsize = 2.88559, bins = 6 6 6
  1 neighbor lists, perpetual/occasional/extra = 1 0 0
  (1) pair sw, perpetual
      attributes: full, newton on
      pair build: full/bin/atomonly
      stencil: full/bin/3d
      bin: standard
Per MPI rank memory allocation (min/avg/max) = 3.083 | 3.083 | 3.083 Mbytes
   Step          Temp          E_pair         E_mol          TotEng         Press     
         0   0             -933.32682      0             -933.32682     -6158.484     
Loop time of 1.01e-06 on 1 procs for 0 steps with 216 atoms

99.0% CPU use with 1 MPI tasks x 1 OpenMP threads

MPI task timing breakdown:
Section |  min time  |  avg time  |  max time  |%varavg| %total
---------------------------------------------------------------
Pair    | 0          | 0          | 0          |   0.0 |  0.00
Neigh   | 0          | 0          | 0          |   0.0 |  0.00
Comm    | 0          | 0          | 0          |   0.0 |  0.00
Output  | 0          | 0          | 0          |   0.0 |  0.00
Modify  | 0          | 0          | 0          |   0.0 |  0.00
Other   |            | 1.01e-06   |            |       |100.00

Nlocal:            216 ave         216 max         216 min
Histogram: 1 0 0 0 0 0 0 0 0 0
Nghost:            834 ave         834 max         834 min
Histogram: 1 0 0 0 0 0 0 0 0 0
Neighs:              0 ave           0 max           0 min
Histogram: 1 0 0 0 0 0 0 0 0 0
FullNghs:         7344 ave        7344 max        7344 min
Histogram: 1 0 0 0 0 0 0 0 0 0

Total # of neighbors = 7344
Ave neighs/atom = 34
Neighbor list builds = 0
Dangerous builds = 0
next i
jump SELF loop_struct
clear
  using 1 OpenMP thread(s) per MPI task
log energies.log append
units metal
boundary p p p
atom_style atomic
read_data Si333_${i}.in
read_data Si333_67.in
Reading data file ...
  orthogonal box = (0 0 0) to (16.331106 16.331106 16.331106)
  1 by 1 by 1 MPI processor grid
  reading atoms ...
  216 atoms
  reading velocities ...
  216 velocities
  read_data CPU = 0.001 seconds
mass 1 28.085
pair_style sw
pair_coeff * * Si.sw Si
Reading sw potential file Si.sw with DATE: 2007-06-11
run 0
WARNING: No fixes with time integration, atoms won't move (src/verlet.cpp:60)
Neighbor list info ...
  update: every = 1 steps, delay = 0 steps, check = yes
  max neighbors/atom: 2000, page size: 100000
  master list distance cutoff = 5.77118
  ghost atom cutoff = 5.77118
  binsize = 2.88559, bins = 6 6 6
  1 neighbor lists, perpetual/occasional/extra = 1 0 0
  (1) pair sw, perpetual
      attributes: full, newton on
      pair build: full/bin/atomonly
      stencil: full/bin/3d
      bin: standard
Per MPI rank memory allocation (min/avg/max) = 3.085 | 3.085 | 3.085 Mbytes
   Step          Temp          E_pair         E_mol          TotEng         Press     
         0   0             -583.04176      0             -583.04176      183138.44    
Loop time of 1.24e-06 on 1 procs for 0 steps with 216 atoms

80.6% CPU use with 1 MPI tasks x 1 OpenMP threads

MPI task timing breakdown:
Section |  min time  |  avg time  |  max time  |%varavg| %total
---------------------------------------------------------------
Pair    | 0          | 0          | 0          |   0.0 |  0.00
Neigh   | 0          | 0          | 0          |   0.0 |  0.00
Comm    | 0          | 0          | 0          |   0.0 |  0.00
Output  | 0          | 0          | 0          |   0.0 |  0.00
Modify  | 0          | 0          | 0          |   0.0 |  0.00
Other   |            | 1.24e-06   |            |       |100.00

Nlocal:            216 ave         216 max         216 min
Histogram: 1 0 0 0 0 0 0 0 0 0
Nghost:            834 ave         834 max         834 min
Histogram: 1 0 0 0 0 0 0 0 0 0
Neighs:              0 ave           0 max           0 min
Histogram: 1 0 0 0 0 0 0 0 0 0
FullNghs:         7386 ave        7386 max        7386 min
Histogram: 1 0 0 0 0 0 0 0 0 0

Total # of neighbors = 7386
Ave neighs/atom = 34.194444
Neighbor list builds = 0
Dangerous builds = 0
next i
jump SELF loop_struct
clear
  using 1 OpenMP thread(s) per MPI task
log energies.log append
units metal
boundary p p p
atom_style atomic
read_data Si333_${i}.in
read_data Si333_68.in
Reading data file ...
  orthogonal box = (0 0 0) to (16.331106 16.331106 16.331106)
  1 by 1 by 1 MPI processor grid
  reading atoms ...
  216 atoms
  reading velocities ...
  216 velocities
  read_data CPU = 0.001 seconds
mass 1 28.085
pair_style sw
pair_coeff * * Si.sw Si
Reading sw potential file Si.sw with DATE: 2007-06-11
run 0
WARNING: No fixes with time integration, atoms won't move (src/verlet.cpp:60)
Neighbor list info ...
  update: every = 1 steps, delay = 0 steps, check = yes
  max neighbors/atom: 2000, page size: 100000
  master list distance cutoff = 5.77118
  ghost atom cutoff = 5.77118
  binsize = 2.88559, bins = 6 6 6
  1 neighbor lists, perpetual/occasional/extra = 1 0 0
  (1) pair sw, perpetual
      attributes: full, newton on
      pair build: full/bin/atomonly
      stencil: full/bin/3d
      bin: standard
Per MPI rank memory allocation (min/avg/max) = 3.084 | 3.084 | 3.084 Mbytes
   Step          Temp          E_pair         E_mol          TotEng         Press     
         0   0             -483.06044      0             -483.06044      240436.15    
Loop time of 1.03e-06 on 1 procs for 0 steps with 216 atoms

97.1% CPU use with 1 MPI tasks x 1 OpenMP threads

MPI task timing breakdown:
Section |  min time  |  avg time  |  max time  |%varavg| %total
---------------------------------------------------------------
Pair    | 0          | 0          | 0          |   0.0 |  0.00
Neigh   | 0          | 0          | 0          |   0.0 |  0.00
Comm    | 0          | 0          | 0          |   0.0 |  0.00
Output  | 0          | 0          | 0          |   0.0 |  0.00
Modify  | 0          | 0          | 0          |   0.0 |  0.00
Other   |            | 1.03e-06   |            |       |100.00

Nlocal:            216 ave         216 max         216 min
Histogram: 1 0 0 0 0 0 0 0 0 0
Nghost:            883 ave         883 max         883 min
Histogram: 1 0 0 0 0 0 0 0 0 0
Neighs:              0 ave           0 max           0 min
Histogram: 1 0 0 0 0 0 0 0 0 0
FullNghs:         7400 ave        7400 max        7400 min
Histogram: 1 0 0 0 0 0 0 0 0 0

Total # of neighbors = 7400
Ave neighs/atom = 34.259259
Neighbor list builds = 0
Dangerous builds = 0
next i
jump SELF loop_struct
clear
  using 1 OpenMP thread(s) per MPI task
log energies.log append
units metal
boundary p p p
atom_style atomic
read_data Si333_${i}.in
read_data Si333_69.in
Reading data file ...
  orthogonal box = (0 0 0) to (16.331106 16.331106 16.331106)
  1 by 1 by 1 MPI processor grid
  reading atoms ...
  216 atoms
  reading velocities ...
  216 velocities
  read_data CPU = 0.001 seconds
mass 1 28.085
pair_style sw
pair_coeff * * Si.sw Si
Reading sw potential file Si.sw with DATE: 2007-06-11
run 0
WARNING: No fixes with time integration, atoms won't move (src/verlet.cpp:60)
Neighbor list info ...
  update: every = 1 steps, delay = 0 steps, check = yes
  max neighbors/atom: 2000, page size: 100000
  master list distance cutoff = 5.77118
  ghost atom cutoff = 5.77118
  binsize = 2.88559, bins = 6 6 6
  1 neighbor lists, perpetual/occasional/extra = 1 0 0
  (1) pair sw, perpetual
      attributes: full, newton on
      pair build: full/bin/atomonly
      stencil: full/bin/3d
      bin: standard
Per MPI rank memory allocation (min/avg/max) = 3.088 | 3.088 | 3.088 Mbytes
   Step          Temp          E_pair         E_mol          TotEng         Press     
         0   0             -933.6116       0             -933.6116      -6246.6836    
Loop time of 1.04e-06 on 1 procs for 0 steps with 216 atoms

96.2% CPU use with 1 MPI tasks x 1 OpenMP threads

MPI task timing breakdown:
Section |  min time  |  avg time  |  max time  |%varavg| %total
---------------------------------------------------------------
Pair    | 0          | 0          | 0          |   0.0 |  0.00
Neigh   | 0          | 0          | 0          |   0.0 |  0.00
Comm    | 0          | 0          | 0          |   0.0 |  0.00
Output  | 0          | 0          | 0          |   0.0 |  0.00
Modify  | 0          | 0          | 0          |   0.0 |  0.00
Other   |            | 1.04e-06   |            |       |100.00

Nlocal:            216 ave         216 max         216 min
Histogram: 1 0 0 0 0 0 0 0 0 0
Nghost:            873 ave         873 max         873 min
Histogram: 1 0 0 0 0 0 0 0 0 0
Neighs:              0 ave           0 max           0 min
Histogram: 1 0 0 0 0 0 0 0 0 0
FullNghs:         7344 ave        7344 max        7344 min
Histogram: 1 0 0 0 0 0 0 0 0 0

Total # of neighbors = 7344
Ave neighs/atom = 34
Neighbor list builds = 0
Dangerous builds = 0
next i
jump SELF loop_struct
clear
  using 1 OpenMP thread(s) per MPI task
log energies.log append
units metal
boundary p p p
atom_style atomic
read_data Si333_${i}.in
read_data Si333_70.in
Reading data file ...
  orthogonal box = (0 0 0) to (16.331106 16.331106 16.331106)
  1 by 1 by 1 MPI processor grid
  reading atoms ...
  216 atoms
  reading velocities ...
  216 velocities
  read_data CPU = 0.001 seconds
mass 1 28.085
pair_style sw
pair_coeff * * Si.sw Si
Reading sw potential file Si.sw with DATE: 2007-06-11
run 0
WARNING: No fixes with time integration, atoms won't move (src/verlet.cpp:60)
Neighbor list info ...
  update: every = 1 steps, delay = 0 steps, check = yes
  max neighbors/atom: 2000, page size: 100000
  master list distance cutoff = 5.77118
  ghost atom cutoff = 5.77118
  binsize = 2.88559, bins = 6 6 6
  1 neighbor lists, perpetual/occasional/extra = 1 0 0
  (1) pair sw, perpetual
      attributes: full, newton on
      pair build: full/bin/atomonly
      stencil: full/bin/3d
      bin: standard
Per MPI rank memory allocation (min/avg/max) = 3.084 | 3.084 | 3.084 Mbytes
   Step          Temp          E_pair         E_mol          TotEng         Press     
         0   0             -933.5036       0             -933.5036      -6258.5473    
Loop time of 1.02e-06 on 1 procs for 0 steps with 216 atoms

0.0% CPU use with 1 MPI tasks x 1 OpenMP threads

MPI task timing breakdown:
Section |  min time  |  avg time  |  max time  |%varavg| %total
---------------------------------------------------------------
Pair    | 0          | 0          | 0          |   0.0 |  0.00
Neigh   | 0          | 0          | 0          |   0.0 |  0.00
Comm    | 0          | 0          | 0          |   0.0 |  0.00
Output  | 0          | 0          | 0          |   0.0 |  0.00
Modify  | 0          | 0          | 0          |   0.0 |  0.00
Other   |            | 1.02e-06   |            |       |100.00

Nlocal:            216 ave         216 max         216 min
Histogram: 1 0 0 0 0 0 0 0 0 0
Nghost:            856 ave         856 max         856 min
Histogram: 1 0 0 0 0 0 0 0 0 0
Neighs:              0 ave           0 max           0 min
Histogram: 1 0 0 0 0 0 0 0 0 0
FullNghs:         7344 ave        7344 max        7344 min
Histogram: 1 0 0 0 0 0 0 0 0 0

Total # of neighbors = 7344
Ave neighs/atom = 34
Neighbor list builds = 0
Dangerous builds = 0
next i
jump SELF loop_struct
clear
  using 1 OpenMP thread(s) per MPI task
log energies.log append
units metal
boundary p p p
atom_style atomic
read_data Si333_${i}.in
read_data Si333_71.in
Reading data file ...
  orthogonal box = (0 0 0) to (16.331106 16.331106 16.331106)
  1 by 1 by 1 MPI processor grid
  reading atoms ...
  216 atoms
  reading velocities ...
  216 velocities
  read_data CPU = 0.001 seconds
mass 1 28.085
pair_style sw
pair_coeff * * Si.sw Si
Reading sw potential file Si.sw with DATE: 2007-06-11
run 0
WARNING: No fixes with time integration, atoms won't move (src/verlet.cpp:60)
Neighbor list info ...
  update: every = 1 steps, delay = 0 steps, check = yes
  max neighbors/atom: 2000, page size: 100000
  master list distance cutoff = 5.77118
  ghost atom cutoff = 5.77118
  binsize = 2.88559, bins = 6 6 6
  1 neighbor lists, perpetual/occasional/extra = 1 0 0
  (1) pair sw, perpetual
      attributes: full, newton on
      pair build: full/bin/atomonly
      stencil: full/bin/3d
      bin: standard
Per MPI rank memory allocation (min/avg/max) = 3.086 | 3.086 | 3.086 Mbytes
   Step          Temp          E_pair         E_mol          TotEng         Press     
         0   0             -933.40719      0             -933.40719     -6262.8906    
Loop time of 1.02e-06 on 1 procs for 0 steps with 216 atoms

98.0% CPU use with 1 MPI tasks x 1 OpenMP threads

MPI task timing breakdown:
Section |  min time  |  avg time  |  max time  |%varavg| %total
---------------------------------------------------------------
Pair    | 0          | 0          | 0          |   0.0 |  0.00
Neigh   | 0          | 0          | 0          |   0.0 |  0.00
Comm    | 0          | 0          | 0          |   0.0 |  0.00
Output  | 0          | 0          | 0          |   0.0 |  0.00
Modify  | 0          | 0          | 0          |   0.0 |  0.00
Other   |            | 1.02e-06   |            |       |100.00

Nlocal:            216 ave         216 max         216 min
Histogram: 1 0 0 0 0 0 0 0 0 0
Nghost:            884 ave         884 max         884 min
Histogram: 1 0 0 0 0 0 0 0 0 0
Neighs:              0 ave           0 max           0 min
Histogram: 1 0 0 0 0 0 0 0 0 0
FullNghs:         7344 ave        7344 max        7344 min
Histogram: 1 0 0 0 0 0 0 0 0 0

Total # of neighbors = 7344
Ave neighs/atom = 34
Neighbor list builds = 0
Dangerous builds = 0
next i
jump SELF loop_struct
clear
  using 1 OpenMP thread(s) per MPI task
log energies.log append
units metal
boundary p p p
atom_style atomic
read_data Si333_${i}.in
read_data Si333_72.in
Reading data file ...
  orthogonal box = (0 0 0) to (16.331106 16.331106 16.331106)
  1 by 1 by 1 MPI processor grid
  reading atoms ...
  216 atoms
  reading velocities ...
  216 velocities
  read_data CPU = 0.001 seconds
mass 1 28.085
pair_style sw
pair_coeff * * Si.sw Si
Reading sw potential file Si.sw with DATE: 2007-06-11
run 0
WARNING: No fixes with time integration, atoms won't move (src/verlet.cpp:60)
Neighbor list info ...
  update: every = 1 steps, delay = 0 steps, check = yes
  max neighbors/atom: 2000, page size: 100000
  master list distance cutoff = 5.77118
  ghost atom cutoff = 5.77118
  binsize = 2.88559, bins = 6 6 6
  1 neighbor lists, perpetual/occasional/extra = 1 0 0
  (1) pair sw, perpetual
      attributes: full, newton on
      pair build: full/bin/atomonly
      stencil: full/bin/3d
      bin: standard
Per MPI rank memory allocation (min/avg/max) = 3.086 | 3.086 | 3.086 Mbytes
   Step          Temp          E_pair         E_mol          TotEng         Press     
         0   0             -635.32103      0             -635.32103      157227.19    
Loop time of 1.02e-06 on 1 procs for 0 steps with 216 atoms

0.0% CPU use with 1 MPI tasks x 1 OpenMP threads

MPI task timing breakdown:
Section |  min time  |  avg time  |  max time  |%varavg| %total
---------------------------------------------------------------
Pair    | 0          | 0          | 0          |   0.0 |  0.00
Neigh   | 0          | 0          | 0          |   0.0 |  0.00
Comm    | 0          | 0          | 0          |   0.0 |  0.00
Output  | 0          | 0          | 0          |   0.0 |  0.00
Modify  | 0          | 0          | 0          |   0.0 |  0.00
Other   |            | 1.02e-06   |            |       |100.00

Nlocal:            216 ave         216 max         216 min
Histogram: 1 0 0 0 0 0 0 0 0 0
Nghost:            881 ave         881 max         881 min
Histogram: 1 0 0 0 0 0 0 0 0 0
Neighs:              0 ave           0 max           0 min
Histogram: 1 0 0 0 0 0 0 0 0 0
FullNghs:         7380 ave        7380 max        7380 min
Histogram: 1 0 0 0 0 0 0 0 0 0

Total # of neighbors = 7380
Ave neighs/atom = 34.166667
Neighbor list builds = 0
Dangerous builds = 0
next i
jump SELF loop_struct
clear
  using 1 OpenMP thread(s) per MPI task
log energies.log append
units metal
boundary p p p
atom_style atomic
read_data Si333_${i}.in
read_data Si333_73.in
Reading data file ...
  orthogonal box = (0 0 0) to (16.331106 16.331106 16.331106)
  1 by 1 by 1 MPI processor grid
  reading atoms ...
  216 atoms
  reading velocities ...
  216 velocities
  read_data CPU = 0.001 seconds
mass 1 28.085
pair_style sw
pair_coeff * * Si.sw Si
Reading sw potential file Si.sw with DATE: 2007-06-11
run 0
WARNING: No fixes with time integration, atoms won't move (src/verlet.cpp:60)
Neighbor list info ...
  update: every = 1 steps, delay = 0 steps, check = yes
  max neighbors/atom: 2000, page size: 100000
  master list distance cutoff = 5.77118
  ghost atom cutoff = 5.77118
  binsize = 2.88559, bins = 6 6 6
  1 neighbor lists, perpetual/occasional/extra = 1 0 0
  (1) pair sw, perpetual
      attributes: full, newton on
      pair build: full/bin/atomonly
      stencil: full/bin/3d
      bin: standard
Per MPI rank memory allocation (min/avg/max) = 3.085 | 3.085 | 3.085 Mbytes
   Step          Temp          E_pair         E_mol          TotEng         Press     
         0   0             -932.95355      0             -932.95355     -6039.6608    
Loop time of 1.03e-06 on 1 procs for 0 steps with 216 atoms

97.1% CPU use with 1 MPI tasks x 1 OpenMP threads

MPI task timing breakdown:
Section |  min time  |  avg time  |  max time  |%varavg| %total
---------------------------------------------------------------
Pair    | 0          | 0          | 0          |   0.0 |  0.00
Neigh   | 0          | 0          | 0          |   0.0 |  0.00
Comm    | 0          | 0          | 0          |   0.0 |  0.00
Output  | 0          | 0          | 0          |   0.0 |  0.00
Modify  | 0          | 0          | 0          |   0.0 |  0.00
Other   |            | 1.03e-06   |            |       |100.00

Nlocal:            216 ave         216 max         216 min
Histogram: 1 0 0 0 0 0 0 0 0 0
Nghost:            897 ave         897 max         897 min
Histogram: 1 0 0 0 0 0 0 0 0 0
Neighs:              0 ave           0 max           0 min
Histogram: 1 0 0 0 0 0 0 0 0 0
FullNghs:         7344 ave        7344 max        7344 min
Histogram: 1 0 0 0 0 0 0 0 0 0

Total # of neighbors = 7344
Ave neighs/atom = 34
Neighbor list builds = 0
Dangerous builds = 0
next i
jump SELF loop_struct
clear
  using 1 OpenMP thread(s) per MPI task
log energies.log append
units metal
boundary p p p
atom_style atomic
read_data Si333_${i}.in
read_data Si333_74.in
Reading data file ...
  orthogonal box = (0 0 0) to (16.331106 16.331106 16.331106)
  1 by 1 by 1 MPI processor grid
  reading atoms ...
  216 atoms
  reading velocities ...
  216 velocities
  read_data CPU = 0.001 seconds
mass 1 28.085
pair_style sw
pair_coeff * * Si.sw Si
Reading sw potential file Si.sw with DATE: 2007-06-11
run 0
WARNING: No fixes with time integration, atoms won't move (src/verlet.cpp:60)
Neighbor list info ...
  update: every = 1 steps, delay = 0 steps, check = yes
  max neighbors/atom: 2000, page size: 100000
  master list distance cutoff = 5.77118
  ghost atom cutoff = 5.77118
  binsize = 2.88559, bins = 6 6 6
  1 neighbor lists, perpetual/occasional/extra = 1 0 0
  (1) pair sw, perpetual
      attributes: full, newton on
      pair build: full/bin/atomonly
      stencil: full/bin/3d
      bin: standard
Per MPI rank memory allocation (min/avg/max) = 3.083 | 3.083 | 3.083 Mbytes
   Step          Temp          E_pair         E_mol          TotEng         Press     
         0   0             -720.98681      0             -720.98681      107514.88    
Loop time of 1.04e-06 on 1 procs for 0 steps with 216 atoms

0.0% CPU use with 1 MPI tasks x 1 OpenMP threads

MPI task timing breakdown:
Section |  min time  |  avg time  |  max time  |%varavg| %total
---------------------------------------------------------------
Pair    | 0          | 0          | 0          |   0.0 |  0.00
Neigh   | 0          | 0          | 0          |   0.0 |  0.00
Comm    | 0          | 0          | 0          |   0.0 |  0.00
Output  | 0          | 0          | 0          |   0.0 |  0.00
Modify  | 0          | 0          | 0          |   0.0 |  0.00
Other   |            | 1.04e-06   |            |       |100.00

Nlocal:            216 ave         216 max         216 min
Histogram: 1 0 0 0 0 0 0 0 0 0
Nghost:            836 ave         836 max         836 min
Histogram: 1 0 0 0 0 0 0 0 0 0
Neighs:              0 ave           0 max           0 min
Histogram: 1 0 0 0 0 0 0 0 0 0
FullNghs:         7364 ave        7364 max        7364 min
Histogram: 1 0 0 0 0 0 0 0 0 0

Total # of neighbors = 7364
Ave neighs/atom = 34.092593
Neighbor list builds = 0
Dangerous builds = 0
next i
jump SELF loop_struct
clear
  using 1 OpenMP thread(s) per MPI task
log energies.log append
units metal
boundary p p p
atom_style atomic
read_data Si333_${i}.in
read_data Si333_75.in
Reading data file ...
  orthogonal box = (0 0 0) to (16.331106 16.331106 16.331106)
  1 by 1 by 1 MPI processor grid
  reading atoms ...
  216 atoms
  reading velocities ...
  216 velocities
  read_data CPU = 0.001 seconds
mass 1 28.085
pair_style sw
pair_coeff * * Si.sw Si
Reading sw potential file Si.sw with DATE: 2007-06-11
run 0
WARNING: No fixes with time integration, atoms won't move (src/verlet.cpp:60)
Neighbor list info ...
  update: every = 1 steps, delay = 0 steps, check = yes
  max neighbors/atom: 2000, page size: 100000
  master list distance cutoff = 5.77118
  ghost atom cutoff = 5.77118
  binsize = 2.88559, bins = 6 6 6
  1 neighbor lists, perpetual/occasional/extra = 1 0 0
  (1) pair sw, perpetual
      attributes: full, newton on
      pair build: full/bin/atomonly
      stencil: full/bin/3d
      bin: standard
Per MPI rank memory allocation (min/avg/max) = 3.084 | 3.084 | 3.084 Mbytes
   Step          Temp          E_pair         E_mol          TotEng         Press     
         0   0             -933.47484      0             -933.47484     -6250.5557    
Loop time of 1.03e-06 on 1 procs for 0 steps with 216 atoms

0.0% CPU use with 1 MPI tasks x 1 OpenMP threads

MPI task timing breakdown:
Section |  min time  |  avg time  |  max time  |%varavg| %total
---------------------------------------------------------------
Pair    | 0          | 0          | 0          |   0.0 |  0.00
Neigh   | 0          | 0          | 0          |   0.0 |  0.00
Comm    | 0          | 0          | 0          |   0.0 |  0.00
Output  | 0          | 0          | 0          |   0.0 |  0.00
Modify  | 0          | 0          | 0          |   0.0 |  0.00
Other   |            | 1.03e-06   |            |       |100.00

Nlocal:            216 ave         216 max         216 min
Histogram: 1 0 0 0 0 0 0 0 0 0
Nghost:            884 ave         884 max         884 min
Histogram: 1 0 0 0 0 0 0 0 0 0
Neighs:              0 ave           0 max           0 min
Histogram: 1 0 0 0 0 0 0 0 0 0
FullNghs:         7344 ave        7344 max        7344 min
Histogram: 1 0 0 0 0 0 0 0 0 0

Total # of neighbors = 7344
Ave neighs/atom = 34
Neighbor list builds = 0
Dangerous builds = 0
next i
jump SELF loop_struct
clear
  using 1 OpenMP thread(s) per MPI task
log energies.log append
units metal
boundary p p p
atom_style atomic
read_data Si333_${i}.in
read_data Si333_76.in
Reading data file ...
  orthogonal box = (0 0 0) to (16.331106 16.331106 16.331106)
  1 by 1 by 1 MPI processor grid
  reading atoms ...
  216 atoms
  reading velocities ...
  216 velocities
  read_data CPU = 0.001 seconds
mass 1 28.085
pair_style sw
pair_coeff * * Si.sw Si
Reading sw potential file Si.sw with DATE: 2007-06-11
run 0
WARNING: No fixes with time integration, atoms won't move (src/verlet.cpp:60)
Neighbor list info ...
  update: every = 1 steps, delay = 0 steps, check = yes
  max neighbors/atom: 2000, page size: 100000
  master list distance cutoff = 5.77118
  ghost atom cutoff = 5.77118
  binsize = 2.88559, bins = 6 6 6
  1 neighbor lists, perpetual/occasional/extra = 1 0 0
  (1) pair sw, perpetual
      attributes: full, newton on
      pair build: full/bin/atomonly
      stencil: full/bin/3d
      bin: standard
Per MPI rank memory allocation (min/avg/max) = 3.083 | 3.083 | 3.083 Mbytes
   Step          Temp          E_pair         E_mol          TotEng         Press     
         0   0             -933.06787      0             -933.06787     -6149.5748    
Loop time of 1.02e-06 on 1 procs for 0 steps with 216 atoms

98.0% CPU use with 1 MPI tasks x 1 OpenMP threads

MPI task timing breakdown:
Section |  min time  |  avg time  |  max time  |%varavg| %total
---------------------------------------------------------------
Pair    | 0          | 0          | 0          |   0.0 |  0.00
Neigh   | 0          | 0          | 0          |   0.0 |  0.00
Comm    | 0          | 0          | 0          |   0.0 |  0.00
Output  | 0          | 0          | 0          |   0.0 |  0.00
Modify  | 0          | 0          | 0          |   0.0 |  0.00
Other   |            | 1.02e-06   |            |       |100.00

Nlocal:            216 ave         216 max         216 min
Histogram: 1 0 0 0 0 0 0 0 0 0
Nghost:            846 ave         846 max         846 min
Histogram: 1 0 0 0 0 0 0 0 0 0
Neighs:              0 ave           0 max           0 min
Histogram: 1 0 0 0 0 0 0 0 0 0
FullNghs:         7344 ave        7344 max        7344 min
Histogram: 1 0 0 0 0 0 0 0 0 0

Total # of neighbors = 7344
Ave neighs/atom = 34
Neighbor list builds = 0
Dangerous builds = 0
next i
jump SELF loop_struct
clear
  using 1 OpenMP thread(s) per MPI task
log energies.log append
units metal
boundary p p p
atom_style atomic
read_data Si333_${i}.in
read_data Si333_77.in
Reading data file ...
  orthogonal box = (0 0 0) to (16.331106 16.331106 16.331106)
  1 by 1 by 1 MPI processor grid
  reading atoms ...
  216 atoms
  reading velocities ...
  216 velocities
  read_data CPU = 0.001 seconds
mass 1 28.085
pair_style sw
pair_coeff * * Si.sw Si
Reading sw potential file Si.sw with DATE: 2007-06-11
run 0
WARNING: No fixes with time integration, atoms won't move (src/verlet.cpp:60)
Neighbor list info ...
  update: every = 1 steps, delay = 0 steps, check = yes
  max neighbors/atom: 2000, page size: 100000
  master list distance cutoff = 5.77118
  ghost atom cutoff = 5.77118
  binsize = 2.88559, bins = 6 6 6
  1 neighbor lists, perpetual/occasional/extra = 1 0 0
  (1) pair sw, perpetual
      attributes: full, newton on
      pair build: full/bin/atomonly
      stencil: full/bin/3d
      bin: standard
Per MPI rank memory allocation (min/avg/max) = 3.085 | 3.085 | 3.085 Mbytes
   Step          Temp          E_pair         E_mol          TotEng         Press     
         0   0             -695.43762      0             -695.43762      120523.96    
Loop time of 1e-06 on 1 procs for 0 steps with 216 atoms

0.0% CPU use with 1 MPI tasks x 1 OpenMP threads

MPI task timing breakdown:
Section |  min time  |  avg time  |  max time  |%varavg| %total
---------------------------------------------------------------
Pair    | 0          | 0          | 0          |   0.0 |  0.00
Neigh   | 0          | 0          | 0          |   0.0 |  0.00
Comm    | 0          | 0          | 0          |   0.0 |  0.00
Output  | 0          | 0          | 0          |   0.0 |  0.00
Modify  | 0          | 0          | 0          |   0.0 |  0.00
Other   |            | 1e-06      |            |       |100.00

Nlocal:            216 ave         216 max         216 min
Histogram: 1 0 0 0 0 0 0 0 0 0
Nghost:            869 ave         869 max         869 min
Histogram: 1 0 0 0 0 0 0 0 0 0
Neighs:              0 ave           0 max           0 min
Histogram: 1 0 0 0 0 0 0 0 0 0
FullNghs:         7368 ave        7368 max        7368 min
Histogram: 1 0 0 0 0 0 0 0 0 0

Total # of neighbors = 7368
Ave neighs/atom = 34.111111
Neighbor list builds = 0
Dangerous builds = 0
next i
jump SELF loop_struct
clear
  using 1 OpenMP thread(s) per MPI task
log energies.log append
units metal
boundary p p p
atom_style atomic
read_data Si333_${i}.in
read_data Si333_78.in
Reading data file ...
  orthogonal box = (0 0 0) to (16.331106 16.331106 16.331106)
  1 by 1 by 1 MPI processor grid
  reading atoms ...
  216 atoms
  reading velocities ...
  216 velocities
  read_data CPU = 0.001 seconds
mass 1 28.085
pair_style sw
pair_coeff * * Si.sw Si
Reading sw potential file Si.sw with DATE: 2007-06-11
run 0
WARNING: No fixes with time integration, atoms won't move (src/verlet.cpp:60)
Neighbor list info ...
  update: every = 1 steps, delay = 0 steps, check = yes
  max neighbors/atom: 2000, page size: 100000
  master list distance cutoff = 5.77118
  ghost atom cutoff = 5.77118
  binsize = 2.88559, bins = 6 6 6
  1 neighbor lists, perpetual/occasional/extra = 1 0 0
  (1) pair sw, perpetual
      attributes: full, newton on
      pair build: full/bin/atomonly
      stencil: full/bin/3d
      bin: standard
Per MPI rank memory allocation (min/avg/max) = 3.085 | 3.085 | 3.085 Mbytes
   Step          Temp          E_pair         E_mol          TotEng         Press     
         0   0             -397.82085      0             -397.82085      276490.94    
Loop time of 1.04e-06 on 1 procs for 0 steps with 216 atoms

96.2% CPU use with 1 MPI tasks x 1 OpenMP threads

MPI task timing breakdown:
Section |  min time  |  avg time  |  max time  |%varavg| %total
---------------------------------------------------------------
Pair    | 0          | 0          | 0          |   0.0 |  0.00
Neigh   | 0          | 0          | 0          |   0.0 |  0.00
Comm    | 0          | 0          | 0          |   0.0 |  0.00
Output  | 0          | 0          | 0          |   0.0 |  0.00
Modify  | 0          | 0          | 0          |   0.0 |  0.00
Other   |            | 1.04e-06   |            |       |100.00

Nlocal:            216 ave         216 max         216 min
Histogram: 1 0 0 0 0 0 0 0 0 0
Nghost:            891 ave         891 max         891 min
Histogram: 1 0 0 0 0 0 0 0 0 0
Neighs:              0 ave           0 max           0 min
Histogram: 1 0 0 0 0 0 0 0 0 0
FullNghs:         7402 ave        7402 max        7402 min
Histogram: 1 0 0 0 0 0 0 0 0 0

Total # of neighbors = 7402
Ave neighs/atom = 34.268519
Neighbor list builds = 0
Dangerous builds = 0
next i
jump SELF loop_struct
clear
  using 1 OpenMP thread(s) per MPI task
log energies.log append
units metal
boundary p p p
atom_style atomic
read_data Si333_${i}.in
read_data Si333_79.in
Reading data file ...
  orthogonal box = (0 0 0) to (16.331106 16.331106 16.331106)
  1 by 1 by 1 MPI processor grid
  reading atoms ...
  216 atoms
  reading velocities ...
  216 velocities
  read_data CPU = 0.001 seconds
mass 1 28.085
pair_style sw
pair_coeff * * Si.sw Si
Reading sw potential file Si.sw with DATE: 2007-06-11
run 0
WARNING: No fixes with time integration, atoms won't move (src/verlet.cpp:60)
Neighbor list info ...
  update: every = 1 steps, delay = 0 steps, check = yes
  max neighbors/atom: 2000, page size: 100000
  master list distance cutoff = 5.77118
  ghost atom cutoff = 5.77118
  binsize = 2.88559, bins = 6 6 6
  1 neighbor lists, perpetual/occasional/extra = 1 0 0
  (1) pair sw, perpetual
      attributes: full, newton on
      pair build: full/bin/atomonly
      stencil: full/bin/3d
      bin: standard
Per MPI rank memory allocation (min/avg/max) = 3.083 | 3.083 | 3.083 Mbytes
   Step          Temp          E_pair         E_mol          TotEng         Press     
         0   0             -814.23372      0             -814.23372      59622.731    
Loop time of 1.02e-06 on 1 procs for 0 steps with 216 atoms

0.0% CPU use with 1 MPI tasks x 1 OpenMP threads

MPI task timing breakdown:
Section |  min time  |  avg time  |  max time  |%varavg| %total
---------------------------------------------------------------
Pair    | 0          | 0          | 0          |   0.0 |  0.00
Neigh   | 0          | 0          | 0          |   0.0 |  0.00
Comm    | 0          | 0          | 0          |   0.0 |  0.00
Output  | 0          | 0          | 0          |   0.0 |  0.00
Modify  | 0          | 0          | 0          |   0.0 |  0.00
Other   |            | 1.02e-06   |            |       |100.00

Nlocal:            216 ave         216 max         216 min
Histogram: 1 0 0 0 0 0 0 0 0 0
Nghost:            836 ave         836 max         836 min
Histogram: 1 0 0 0 0 0 0 0 0 0
Neighs:              0 ave           0 max           0 min
Histogram: 1 0 0 0 0 0 0 0 0 0
FullNghs:         7368 ave        7368 max        7368 min
Histogram: 1 0 0 0 0 0 0 0 0 0

Total # of neighbors = 7368
Ave neighs/atom = 34.111111
Neighbor list builds = 0
Dangerous builds = 0
next i
jump SELF loop_struct
clear
  using 1 OpenMP thread(s) per MPI task
log energies.log append
units metal
boundary p p p
atom_style atomic
read_data Si333_${i}.in
read_data Si333_80.in
Reading data file ...
  orthogonal box = (0 0 0) to (16.331106 16.331106 16.331106)
  1 by 1 by 1 MPI processor grid
  reading atoms ...
  216 atoms
  reading velocities ...
  216 velocities
  read_data CPU = 0.001 seconds
mass 1 28.085
pair_style sw
pair_coeff * * Si.sw Si
Reading sw potential file Si.sw with DATE: 2007-06-11
run 0
WARNING: No fixes with time integration, atoms won't move (src/verlet.cpp:60)
Neighbor list info ...
  update: every = 1 steps, delay = 0 steps, check = yes
  max neighbors/atom: 2000, page size: 100000
  master list distance cutoff = 5.77118
  ghost atom cutoff = 5.77118
  binsize = 2.88559, bins = 6 6 6
  1 neighbor lists, perpetual/occasional/extra = 1 0 0
  (1) pair sw, perpetual
      attributes: full, newton on
      pair build: full/bin/atomonly
      stencil: full/bin/3d
      bin: standard
Per MPI rank memory allocation (min/avg/max) = 3.085 | 3.085 | 3.085 Mbytes
   Step          Temp          E_pair         E_mol          TotEng         Press     
         0   0             -933.33579      0             -933.33579     -6214.7528    
Loop time of 1e-06 on 1 procs for 0 steps with 216 atoms

0.0% CPU use with 1 MPI tasks x 1 OpenMP threads

MPI task timing breakdown:
Section |  min time  |  avg time  |  max time  |%varavg| %total
---------------------------------------------------------------
Pair    | 0          | 0          | 0          |   0.0 |  0.00
Neigh   | 0          | 0          | 0          |   0.0 |  0.00
Comm    | 0          | 0          | 0          |   0.0 |  0.00
Output  | 0          | 0          | 0          |   0.0 |  0.00
Modify  | 0          | 0          | 0          |   0.0 |  0.00
Other   |            | 1e-06      |            |       |100.00

Nlocal:            216 ave         216 max         216 min
Histogram: 1 0 0 0 0 0 0 0 0 0
Nghost:            834 ave         834 max         834 min
Histogram: 1 0 0 0 0 0 0 0 0 0
Neighs:              0 ave           0 max           0 min
Histogram: 1 0 0 0 0 0 0 0 0 0
FullNghs:         7346 ave        7346 max        7346 min
Histogram: 1 0 0 0 0 0 0 0 0 0

Total # of neighbors = 7346
Ave neighs/atom = 34.009259
Neighbor list builds = 0
Dangerous builds = 0
next i
jump SELF loop_struct
clear
  using 1 OpenMP thread(s) per MPI task
log energies.log append
units metal
boundary p p p
atom_style atomic
read_data Si333_${i}.in
read_data Si333_81.in
Reading data file ...
  orthogonal box = (0 0 0) to (16.331106 16.331106 16.331106)
  1 by 1 by 1 MPI processor grid
  reading atoms ...
  216 atoms
  reading velocities ...
  216 velocities
  read_data CPU = 0.001 seconds
mass 1 28.085
pair_style sw
pair_coeff * * Si.sw Si
Reading sw potential file Si.sw with DATE: 2007-06-11
run 0
WARNING: No fixes with time integration, atoms won't move (src/verlet.cpp:60)
Neighbor list info ...
  update: every = 1 steps, delay = 0 steps, check = yes
  max neighbors/atom: 2000, page size: 100000
  master list distance cutoff = 5.77118
  ghost atom cutoff = 5.77118
  binsize = 2.88559, bins = 6 6 6
  1 neighbor lists, perpetual/occasional/extra = 1 0 0
  (1) pair sw, perpetual
      attributes: full, newton on
      pair build: full/bin/atomonly
      stencil: full/bin/3d
      bin: standard
Per MPI rank memory allocation (min/avg/max) = 3.085 | 3.085 | 3.085 Mbytes
   Step          Temp          E_pair         E_mol          TotEng         Press     
         0   0             -739.17691      0             -739.17691      98159.245    
Loop time of 1.24e-06 on 1 procs for 0 steps with 216 atoms

161.3% CPU use with 1 MPI tasks x 1 OpenMP threads

MPI task timing breakdown:
Section |  min time  |  avg time  |  max time  |%varavg| %total
---------------------------------------------------------------
Pair    | 0          | 0          | 0          |   0.0 |  0.00
Neigh   | 0          | 0          | 0          |   0.0 |  0.00
Comm    | 0          | 0          | 0          |   0.0 |  0.00
Output  | 0          | 0          | 0          |   0.0 |  0.00
Modify  | 0          | 0          | 0          |   0.0 |  0.00
Other   |            | 1.24e-06   |            |       |100.00

Nlocal:            216 ave         216 max         216 min
Histogram: 1 0 0 0 0 0 0 0 0 0
Nghost:            861 ave         861 max         861 min
Histogram: 1 0 0 0 0 0 0 0 0 0
Neighs:              0 ave           0 max           0 min
Histogram: 1 0 0 0 0 0 0 0 0 0
FullNghs:         7370 ave        7370 max        7370 min
Histogram: 1 0 0 0 0 0 0 0 0 0

Total # of neighbors = 7370
Ave neighs/atom = 34.12037
Neighbor list builds = 0
Dangerous builds = 0
next i
jump SELF loop_struct
clear
  using 1 OpenMP thread(s) per MPI task
log energies.log append
units metal
boundary p p p
atom_style atomic
read_data Si333_${i}.in
read_data Si333_82.in
Reading data file ...
  orthogonal box = (0 0 0) to (16.331106 16.331106 16.331106)
  1 by 1 by 1 MPI processor grid
  reading atoms ...
  216 atoms
  reading velocities ...
  216 velocities
  read_data CPU = 0.001 seconds
mass 1 28.085
pair_style sw
pair_coeff * * Si.sw Si
Reading sw potential file Si.sw with DATE: 2007-06-11
run 0
WARNING: No fixes with time integration, atoms won't move (src/verlet.cpp:60)
Neighbor list info ...
  update: every = 1 steps, delay = 0 steps, check = yes
  max neighbors/atom: 2000, page size: 100000
  master list distance cutoff = 5.77118
  ghost atom cutoff = 5.77118
  binsize = 2.88559, bins = 6 6 6
  1 neighbor lists, perpetual/occasional/extra = 1 0 0
  (1) pair sw, perpetual
      attributes: full, newton on
      pair build: full/bin/atomonly
      stencil: full/bin/3d
      bin: standard
Per MPI rank memory allocation (min/avg/max) = 3.083 | 3.083 | 3.083 Mbytes
   Step          Temp          E_pair         E_mol          TotEng         Press     
         0   0             -460.46082      0             -460.46082      238469.22    
Loop time of 1.02e-06 on 1 procs for 0 steps with 216 atoms

0.0% CPU use with 1 MPI tasks x 1 OpenMP threads

MPI task timing breakdown:
Section |  min time  |  avg time  |  max time  |%varavg| %total
---------------------------------------------------------------
Pair    | 0          | 0          | 0          |   0.0 |  0.00
Neigh   | 0          | 0          | 0          |   0.0 |  0.00
Comm    | 0          | 0          | 0          |   0.0 |  0.00
Output  | 0          | 0          | 0          |   0.0 |  0.00
Modify  | 0          | 0          | 0          |   0.0 |  0.00
Other   |            | 1.02e-06   |            |       |100.00

Nlocal:            216 ave         216 max         216 min
Histogram: 1 0 0 0 0 0 0 0 0 0
Nghost:            808 ave         808 max         808 min
Histogram: 1 0 0 0 0 0 0 0 0 0
Neighs:              0 ave           0 max           0 min
Histogram: 1 0 0 0 0 0 0 0 0 0
FullNghs:         7374 ave        7374 max        7374 min
Histogram: 1 0 0 0 0 0 0 0 0 0

Total # of neighbors = 7374
Ave neighs/atom = 34.138889
Neighbor list builds = 0
Dangerous builds = 0
next i
jump SELF loop_struct
clear
  using 1 OpenMP thread(s) per MPI task
log energies.log append
units metal
boundary p p p
atom_style atomic
read_data Si333_${i}.in
read_data Si333_83.in
Reading data file ...
  orthogonal box = (0 0 0) to (16.331106 16.331106 16.331106)
  1 by 1 by 1 MPI processor grid
  reading atoms ...
  216 atoms
  reading velocities ...
  216 velocities
  read_data CPU = 0.001 seconds
mass 1 28.085
pair_style sw
pair_coeff * * Si.sw Si
Reading sw potential file Si.sw with DATE: 2007-06-11
run 0
WARNING: No fixes with time integration, atoms won't move (src/verlet.cpp:60)
Neighbor list info ...
  update: every = 1 steps, delay = 0 steps, check = yes
  max neighbors/atom: 2000, page size: 100000
  master list distance cutoff = 5.77118
  ghost atom cutoff = 5.77118
  binsize = 2.88559, bins = 6 6 6
  1 neighbor lists, perpetual/occasional/extra = 1 0 0
  (1) pair sw, perpetual
      attributes: full, newton on
      pair build: full/bin/atomonly
      stencil: full/bin/3d
      bin: standard
Per MPI rank memory allocation (min/avg/max) = 3.085 | 3.085 | 3.085 Mbytes
   Step          Temp          E_pair         E_mol          TotEng         Press     
         0   0             -105.31048      0             -105.31048      429241.73    
Loop time of 1.02e-06 on 1 procs for 0 steps with 216 atoms

0.0% CPU use with 1 MPI tasks x 1 OpenMP threads

MPI task timing breakdown:
Section |  min time  |  avg time  |  max time  |%varavg| %total
---------------------------------------------------------------
Pair    | 0          | 0          | 0          |   0.0 |  0.00
Neigh   | 0          | 0          | 0          |   0.0 |  0.00
Comm    | 0          | 0          | 0          |   0.0 |  0.00
Output  | 0          | 0          | 0          |   0.0 |  0.00
Modify  | 0          | 0          | 0          |   0.0 |  0.00
Other   |            | 1.02e-06   |            |       |100.00

Nlocal:            216 ave         216 max         216 min
Histogram: 1 0 0 0 0 0 0 0 0 0
Nghost:            841 ave         841 max         841 min
Histogram: 1 0 0 0 0 0 0 0 0 0
Neighs:              0 ave           0 max           0 min
Histogram: 1 0 0 0 0 0 0 0 0 0
FullNghs:         7452 ave        7452 max        7452 min
Histogram: 1 0 0 0 0 0 0 0 0 0

Total # of neighbors = 7452
Ave neighs/atom = 34.5
Neighbor list builds = 0
Dangerous builds = 0
next i
jump SELF loop_struct
clear
  using 1 OpenMP thread(s) per MPI task
log energies.log append
units metal
boundary p p p
atom_style atomic
read_data Si333_${i}.in
read_data Si333_84.in
Reading data file ...
  orthogonal box = (0 0 0) to (16.331106 16.331106 16.331106)
  1 by 1 by 1 MPI processor grid
  reading atoms ...
  216 atoms
  reading velocities ...
  216 velocities
  read_data CPU = 0.001 seconds
mass 1 28.085
pair_style sw
pair_coeff * * Si.sw Si
Reading sw potential file Si.sw with DATE: 2007-06-11
run 0
WARNING: No fixes with time integration, atoms won't move (src/verlet.cpp:60)
Neighbor list info ...
  update: every = 1 steps, delay = 0 steps, check = yes
  max neighbors/atom: 2000, page size: 100000
  master list distance cutoff = 5.77118
  ghost atom cutoff = 5.77118
  binsize = 2.88559, bins = 6 6 6
  1 neighbor lists, perpetual/occasional/extra = 1 0 0
  (1) pair sw, perpetual
      attributes: full, newton on
      pair build: full/bin/atomonly
      stencil: full/bin/3d
      bin: standard
Per MPI rank memory allocation (min/avg/max) = 3.084 | 3.084 | 3.084 Mbytes
   Step          Temp          E_pair         E_mol          TotEng         Press     
         0   0             -732.31193      0             -732.31193      102211.31    
Loop time of 1.04e-06 on 1 procs for 0 steps with 216 atoms

0.0% CPU use with 1 MPI tasks x 1 OpenMP threads

MPI task timing breakdown:
Section |  min time  |  avg time  |  max time  |%varavg| %total
---------------------------------------------------------------
Pair    | 0          | 0          | 0          |   0.0 |  0.00
Neigh   | 0          | 0          | 0          |   0.0 |  0.00
Comm    | 0          | 0          | 0          |   0.0 |  0.00
Output  | 0          | 0          | 0          |   0.0 |  0.00
Modify  | 0          | 0          | 0          |   0.0 |  0.00
Other   |            | 1.04e-06   |            |       |100.00

Nlocal:            216 ave         216 max         216 min
Histogram: 1 0 0 0 0 0 0 0 0 0
Nghost:            830 ave         830 max         830 min
Histogram: 1 0 0 0 0 0 0 0 0 0
Neighs:              0 ave           0 max           0 min
Histogram: 1 0 0 0 0 0 0 0 0 0
FullNghs:         7362 ave        7362 max        7362 min
Histogram: 1 0 0 0 0 0 0 0 0 0

Total # of neighbors = 7362
Ave neighs/atom = 34.083333
Neighbor list builds = 0
Dangerous builds = 0
next i
jump SELF loop_struct
clear
  using 1 OpenMP thread(s) per MPI task
log energies.log append
units metal
boundary p p p
atom_style atomic
read_data Si333_${i}.in
read_data Si333_85.in
Reading data file ...
  orthogonal box = (0 0 0) to (16.331106 16.331106 16.331106)
  1 by 1 by 1 MPI processor grid
  reading atoms ...
  216 atoms
  reading velocities ...
  216 velocities
  read_data CPU = 0.001 seconds
mass 1 28.085
pair_style sw
pair_coeff * * Si.sw Si
Reading sw potential file Si.sw with DATE: 2007-06-11
run 0
WARNING: No fixes with time integration, atoms won't move (src/verlet.cpp:60)
Neighbor list info ...
  update: every = 1 steps, delay = 0 steps, check = yes
  max neighbors/atom: 2000, page size: 100000
  master list distance cutoff = 5.77118
  ghost atom cutoff = 5.77118
  binsize = 2.88559, bins = 6 6 6
  1 neighbor lists, perpetual/occasional/extra = 1 0 0
  (1) pair sw, perpetual
      attributes: full, newton on
      pair build: full/bin/atomonly
      stencil: full/bin/3d
      bin: standard
Per MPI rank memory allocation (min/avg/max) = 3.083 | 3.083 | 3.083 Mbytes
   Step          Temp          E_pair         E_mol          TotEng         Press     
         0   0             -933.59773      0             -933.59773     -6220.8931    
Loop time of 1.03e-06 on 1 procs for 0 steps with 216 atoms

97.1% CPU use with 1 MPI tasks x 1 OpenMP threads

MPI task timing breakdown:
Section |  min time  |  avg time  |  max time  |%varavg| %total
---------------------------------------------------------------
Pair    | 0          | 0          | 0          |   0.0 |  0.00
Neigh   | 0          | 0          | 0          |   0.0 |  0.00
Comm    | 0          | 0          | 0          |   0.0 |  0.00
Output  | 0          | 0          | 0          |   0.0 |  0.00
Modify  | 0          | 0          | 0          |   0.0 |  0.00
Other   |            | 1.03e-06   |            |       |100.00

Nlocal:            216 ave         216 max         216 min
Histogram: 1 0 0 0 0 0 0 0 0 0
Nghost:            813 ave         813 max         813 min
Histogram: 1 0 0 0 0 0 0 0 0 0
Neighs:              0 ave           0 max           0 min
Histogram: 1 0 0 0 0 0 0 0 0 0
FullNghs:         7344 ave        7344 max        7344 min
Histogram: 1 0 0 0 0 0 0 0 0 0

Total # of neighbors = 7344
Ave neighs/atom = 34
Neighbor list builds = 0
Dangerous builds = 0
next i
jump SELF loop_struct
clear
  using 1 OpenMP thread(s) per MPI task
log energies.log append
units metal
boundary p p p
atom_style atomic
read_data Si333_${i}.in
read_data Si333_86.in
Reading data file ...
  orthogonal box = (0 0 0) to (16.331106 16.331106 16.331106)
  1 by 1 by 1 MPI processor grid
  reading atoms ...
  216 atoms
  reading velocities ...
  216 velocities
  read_data CPU = 0.001 seconds
mass 1 28.085
pair_style sw
pair_coeff * * Si.sw Si
Reading sw potential file Si.sw with DATE: 2007-06-11
run 0
WARNING: No fixes with time integration, atoms won't move (src/verlet.cpp:60)
Neighbor list info ...
  update: every = 1 steps, delay = 0 steps, check = yes
  max neighbors/atom: 2000, page size: 100000
  master list distance cutoff = 5.77118
  ghost atom cutoff = 5.77118
  binsize = 2.88559, bins = 6 6 6
  1 neighbor lists, perpetual/occasional/extra = 1 0 0
  (1) pair sw, perpetual
      attributes: full, newton on
      pair build: full/bin/atomonly
      stencil: full/bin/3d
      bin: standard
Per MPI rank memory allocation (min/avg/max) = 3.082 | 3.082 | 3.082 Mbytes
   Step          Temp          E_pair         E_mol          TotEng         Press     
         0   0             -464.75613      0             -464.75613      242654.03    
Loop time of 1.06e-06 on 1 procs for 0 steps with 216 atoms

0.0% CPU use with 1 MPI tasks x 1 OpenMP threads

MPI task timing breakdown:
Section |  min time  |  avg time  |  max time  |%varavg| %total
---------------------------------------------------------------
Pair    | 0          | 0          | 0          |   0.0 |  0.00
Neigh   | 0          | 0          | 0          |   0.0 |  0.00
Comm    | 0          | 0          | 0          |   0.0 |  0.00
Output  | 0          | 0          | 0          |   0.0 |  0.00
Modify  | 0          | 0          | 0          |   0.0 |  0.00
Other   |            | 1.06e-06   |            |       |100.00

Nlocal:            216 ave         216 max         216 min
Histogram: 1 0 0 0 0 0 0 0 0 0
Nghost:            834 ave         834 max         834 min
Histogram: 1 0 0 0 0 0 0 0 0 0
Neighs:              0 ave           0 max           0 min
Histogram: 1 0 0 0 0 0 0 0 0 0
FullNghs:         7396 ave        7396 max        7396 min
Histogram: 1 0 0 0 0 0 0 0 0 0

Total # of neighbors = 7396
Ave neighs/atom = 34.240741
Neighbor list builds = 0
Dangerous builds = 0
next i
jump SELF loop_struct
clear
  using 1 OpenMP thread(s) per MPI task
log energies.log append
units metal
boundary p p p
atom_style atomic
read_data Si333_${i}.in
read_data Si333_87.in
Reading data file ...
  orthogonal box = (0 0 0) to (16.331106 16.331106 16.331106)
  1 by 1 by 1 MPI processor grid
  reading atoms ...
  216 atoms
  reading velocities ...
  216 velocities
  read_data CPU = 0.001 seconds
mass 1 28.085
pair_style sw
pair_coeff * * Si.sw Si
Reading sw potential file Si.sw with DATE: 2007-06-11
run 0
WARNING: No fixes with time integration, atoms won't move (src/verlet.cpp:60)
Neighbor list info ...
  update: every = 1 steps, delay = 0 steps, check = yes
  max neighbors/atom: 2000, page size: 100000
  master list distance cutoff = 5.77118
  ghost atom cutoff = 5.77118
  binsize = 2.88559, bins = 6 6 6
  1 neighbor lists, perpetual/occasional/extra = 1 0 0
  (1) pair sw, perpetual
      attributes: full, newton on
      pair build: full/bin/atomonly
      stencil: full/bin/3d
      bin: standard
Per MPI rank memory allocation (min/avg/max) = 3.083 | 3.083 | 3.083 Mbytes
   Step          Temp          E_pair         E_mol          TotEng         Press     
         0   0             -498.34174      0             -498.34174      231343.51    
Loop time of 1.03e-06 on 1 procs for 0 steps with 216 atoms

97.1% CPU use with 1 MPI tasks x 1 OpenMP threads

MPI task timing breakdown:
Section |  min time  |  avg time  |  max time  |%varavg| %total
---------------------------------------------------------------
Pair    | 0          | 0          | 0          |   0.0 |  0.00
Neigh   | 0          | 0          | 0          |   0.0 |  0.00
Comm    | 0          | 0          | 0          |   0.0 |  0.00
Output  | 0          | 0          | 0          |   0.0 |  0.00
Modify  | 0          | 0          | 0          |   0.0 |  0.00
Other   |            | 1.03e-06   |            |       |100.00

Nlocal:            216 ave         216 max         216 min
Histogram: 1 0 0 0 0 0 0 0 0 0
Nghost:            810 ave         810 max         810 min
Histogram: 1 0 0 0 0 0 0 0 0 0
Neighs:              0 ave           0 max           0 min
Histogram: 1 0 0 0 0 0 0 0 0 0
FullNghs:         7422 ave        7422 max        7422 min
Histogram: 1 0 0 0 0 0 0 0 0 0

Total # of neighbors = 7422
Ave neighs/atom = 34.361111
Neighbor list builds = 0
Dangerous builds = 0
next i
jump SELF loop_struct
clear
  using 1 OpenMP thread(s) per MPI task
log energies.log append
units metal
boundary p p p
atom_style atomic
read_data Si333_${i}.in
read_data Si333_88.in
Reading data file ...
  orthogonal box = (0 0 0) to (16.331106 16.331106 16.331106)
  1 by 1 by 1 MPI processor grid
  reading atoms ...
  216 atoms
  reading velocities ...
  216 velocities
  read_data CPU = 0.001 seconds
mass 1 28.085
pair_style sw
pair_coeff * * Si.sw Si
Reading sw potential file Si.sw with DATE: 2007-06-11
run 0
WARNING: No fixes with time integration, atoms won't move (src/verlet.cpp:60)
Neighbor list info ...
  update: every = 1 steps, delay = 0 steps, check = yes
  max neighbors/atom: 2000, page size: 100000
  master list distance cutoff = 5.77118
  ghost atom cutoff = 5.77118
  binsize = 2.88559, bins = 6 6 6
  1 neighbor lists, perpetual/occasional/extra = 1 0 0
  (1) pair sw, perpetual
      attributes: full, newton on
      pair build: full/bin/atomonly
      stencil: full/bin/3d
      bin: standard
Per MPI rank memory allocation (min/avg/max) = 3.082 | 3.082 | 3.082 Mbytes
   Step          Temp          E_pair         E_mol          TotEng         Press     
         0   0             -687.19098      0             -687.19098      124348.17    
Loop time of 1e-06 on 1 procs for 0 steps with 216 atoms

0.0% CPU use with 1 MPI tasks x 1 OpenMP threads

MPI task timing breakdown:
Section |  min time  |  avg time  |  max time  |%varavg| %total
---------------------------------------------------------------
Pair    | 0          | 0          | 0          |   0.0 |  0.00
Neigh   | 0          | 0          | 0          |   0.0 |  0.00
Comm    | 0          | 0          | 0          |   0.0 |  0.00
Output  | 0          | 0          | 0          |   0.0 |  0.00
Modify  | 0          | 0          | 0          |   0.0 |  0.00
Other   |            | 1e-06      |            |       |100.00

Nlocal:            216 ave         216 max         216 min
Histogram: 1 0 0 0 0 0 0 0 0 0
Nghost:            828 ave         828 max         828 min
Histogram: 1 0 0 0 0 0 0 0 0 0
Neighs:              0 ave           0 max           0 min
Histogram: 1 0 0 0 0 0 0 0 0 0
FullNghs:         7360 ave        7360 max        7360 min
Histogram: 1 0 0 0 0 0 0 0 0 0

Total # of neighbors = 7360
Ave neighs/atom = 34.074074
Neighbor list builds = 0
Dangerous builds = 0
next i
jump SELF loop_struct
clear
  using 1 OpenMP thread(s) per MPI task
log energies.log append
units metal
boundary p p p
atom_style atomic
read_data Si333_${i}.in
read_data Si333_89.in
Reading data file ...
  orthogonal box = (0 0 0) to (16.331106 16.331106 16.331106)
  1 by 1 by 1 MPI processor grid
  reading atoms ...
  216 atoms
  reading velocities ...
  216 velocities
  read_data CPU = 0.001 seconds
mass 1 28.085
pair_style sw
pair_coeff * * Si.sw Si
Reading sw potential file Si.sw with DATE: 2007-06-11
run 0
WARNING: No fixes with time integration, atoms won't move (src/verlet.cpp:60)
Neighbor list info ...
  update: every = 1 steps, delay = 0 steps, check = yes
  max neighbors/atom: 2000, page size: 100000
  master list distance cutoff = 5.77118
  ghost atom cutoff = 5.77118
  binsize = 2.88559, bins = 6 6 6
  1 neighbor lists, perpetual/occasional/extra = 1 0 0
  (1) pair sw, perpetual
      attributes: full, newton on
      pair build: full/bin/atomonly
      stencil: full/bin/3d
      bin: standard
Per MPI rank memory allocation (min/avg/max) = 3.083 | 3.083 | 3.083 Mbytes
   Step          Temp          E_pair         E_mol          TotEng         Press     
         0   0             -933.38855      0             -933.38855     -6200.8344    
Loop time of 1.22e-06 on 1 procs for 0 steps with 216 atoms

0.0% CPU use with 1 MPI tasks x 1 OpenMP threads

MPI task timing breakdown:
Section |  min time  |  avg time  |  max time  |%varavg| %total
---------------------------------------------------------------
Pair    | 0          | 0          | 0          |   0.0 |  0.00
Neigh   | 0          | 0          | 0          |   0.0 |  0.00
Comm    | 0          | 0          | 0          |   0.0 |  0.00
Output  | 0          | 0          | 0          |   0.0 |  0.00
Modify  | 0          | 0          | 0          |   0.0 |  0.00
Other   |            | 1.22e-06   |            |       |100.00

Nlocal:            216 ave         216 max         216 min
Histogram: 1 0 0 0 0 0 0 0 0 0
Nghost:            834 ave         834 max         834 min
Histogram: 1 0 0 0 0 0 0 0 0 0
Neighs:              0 ave           0 max           0 min
Histogram: 1 0 0 0 0 0 0 0 0 0
FullNghs:         7344 ave        7344 max        7344 min
Histogram: 1 0 0 0 0 0 0 0 0 0

Total # of neighbors = 7344
Ave neighs/atom = 34
Neighbor list builds = 0
Dangerous builds = 0
next i
jump SELF loop_struct
clear
  using 1 OpenMP thread(s) per MPI task
log energies.log append
units metal
boundary p p p
atom_style atomic
read_data Si333_${i}.in
read_data Si333_90.in
Reading data file ...
  orthogonal box = (0 0 0) to (16.331106 16.331106 16.331106)
  1 by 1 by 1 MPI processor grid
  reading atoms ...
  216 atoms
  reading velocities ...
  216 velocities
  read_data CPU = 0.001 seconds
mass 1 28.085
pair_style sw
pair_coeff * * Si.sw Si
Reading sw potential file Si.sw with DATE: 2007-06-11
run 0
WARNING: No fixes with time integration, atoms won't move (src/verlet.cpp:60)
Neighbor list info ...
  update: every = 1 steps, delay = 0 steps, check = yes
  max neighbors/atom: 2000, page size: 100000
  master list distance cutoff = 5.77118
  ghost atom cutoff = 5.77118
  binsize = 2.88559, bins = 6 6 6
  1 neighbor lists, perpetual/occasional/extra = 1 0 0
  (1) pair sw, perpetual
      attributes: full, newton on
      pair build: full/bin/atomonly
      stencil: full/bin/3d
      bin: standard
Per MPI rank memory allocation (min/avg/max) = 3.09 | 3.09 | 3.09 Mbytes
   Step          Temp          E_pair         E_mol          TotEng         Press     
         0   0             -933.28091      0             -933.28091     -6137.3385    
Loop time of 1.02e-06 on 1 procs for 0 steps with 216 atoms

98.0% CPU use with 1 MPI tasks x 1 OpenMP threads

MPI task timing breakdown:
Section |  min time  |  avg time  |  max time  |%varavg| %total
---------------------------------------------------------------
Pair    | 0          | 0          | 0          |   0.0 |  0.00
Neigh   | 0          | 0          | 0          |   0.0 |  0.00
Comm    | 0          | 0          | 0          |   0.0 |  0.00
Output  | 0          | 0          | 0          |   0.0 |  0.00
Modify  | 0          | 0          | 0          |   0.0 |  0.00
Other   |            | 1.02e-06   |            |       |100.00

Nlocal:            216 ave         216 max         216 min
Histogram: 1 0 0 0 0 0 0 0 0 0
Nghost:            884 ave         884 max         884 min
Histogram: 1 0 0 0 0 0 0 0 0 0
Neighs:              0 ave           0 max           0 min
Histogram: 1 0 0 0 0 0 0 0 0 0
FullNghs:         7344 ave        7344 max        7344 min
Histogram: 1 0 0 0 0 0 0 0 0 0

Total # of neighbors = 7344
Ave neighs/atom = 34
Neighbor list builds = 0
Dangerous builds = 0
next i
jump SELF loop_struct
clear
  using 1 OpenMP thread(s) per MPI task
log energies.log append
units metal
boundary p p p
atom_style atomic
read_data Si333_${i}.in
read_data Si333_91.in
Reading data file ...
  orthogonal box = (0 0 0) to (16.331106 16.331106 16.331106)
  1 by 1 by 1 MPI processor grid
  reading atoms ...
  216 atoms
  reading velocities ...
  216 velocities
  read_data CPU = 0.001 seconds
mass 1 28.085
pair_style sw
pair_coeff * * Si.sw Si
Reading sw potential file Si.sw with DATE: 2007-06-11
run 0
WARNING: No fixes with time integration, atoms won't move (src/verlet.cpp:60)
Neighbor list info ...
  update: every = 1 steps, delay = 0 steps, check = yes
  max neighbors/atom: 2000, page size: 100000
  master list distance cutoff = 5.77118
  ghost atom cutoff = 5.77118
  binsize = 2.88559, bins = 6 6 6
  1 neighbor lists, perpetual/occasional/extra = 1 0 0
  (1) pair sw, perpetual
      attributes: full, newton on
      pair build: full/bin/atomonly
      stencil: full/bin/3d
      bin: standard
Per MPI rank memory allocation (min/avg/max) = 3.082 | 3.082 | 3.082 Mbytes
   Step          Temp          E_pair         E_mol          TotEng         Press     
         0   0             -563.98991      0             -563.98991      198016.89    
Loop time of 1.02e-06 on 1 procs for 0 steps with 216 atoms

0.0% CPU use with 1 MPI tasks x 1 OpenMP threads

MPI task timing breakdown:
Section |  min time  |  avg time  |  max time  |%varavg| %total
---------------------------------------------------------------
Pair    | 0          | 0          | 0          |   0.0 |  0.00
Neigh   | 0          | 0          | 0          |   0.0 |  0.00
Comm    | 0          | 0          | 0          |   0.0 |  0.00
Output  | 0          | 0          | 0          |   0.0 |  0.00
Modify  | 0          | 0          | 0          |   0.0 |  0.00
Other   |            | 1.02e-06   |            |       |100.00

Nlocal:            216 ave         216 max         216 min
Histogram: 1 0 0 0 0 0 0 0 0 0
Nghost:            794 ave         794 max         794 min
Histogram: 1 0 0 0 0 0 0 0 0 0
Neighs:              0 ave           0 max           0 min
Histogram: 1 0 0 0 0 0 0 0 0 0
FullNghs:         7422 ave        7422 max        7422 min
Histogram: 1 0 0 0 0 0 0 0 0 0

Total # of neighbors = 7422
Ave neighs/atom = 34.361111
Neighbor list builds = 0
Dangerous builds = 0
next i
jump SELF loop_struct
clear
  using 1 OpenMP thread(s) per MPI task
log energies.log append
units metal
boundary p p p
atom_style atomic
read_data Si333_${i}.in
read_data Si333_92.in
Reading data file ...
  orthogonal box = (0 0 0) to (16.331106 16.331106 16.331106)
  1 by 1 by 1 MPI processor grid
  reading atoms ...
  216 atoms
  reading velocities ...
  216 velocities
  read_data CPU = 0.001 seconds
mass 1 28.085
pair_style sw
pair_coeff * * Si.sw Si
Reading sw potential file Si.sw with DATE: 2007-06-11
run 0
WARNING: No fixes with time integration, atoms won't move (src/verlet.cpp:60)
Neighbor list info ...
  update: every = 1 steps, delay = 0 steps, check = yes
  max neighbors/atom: 2000, page size: 100000
  master list distance cutoff = 5.77118
  ghost atom cutoff = 5.77118
  binsize = 2.88559, bins = 6 6 6
  1 neighbor lists, perpetual/occasional/extra = 1 0 0
  (1) pair sw, perpetual
      attributes: full, newton on
      pair build: full/bin/atomonly
      stencil: full/bin/3d
      bin: standard
Per MPI rank memory allocation (min/avg/max) = 3.088 | 3.088 | 3.088 Mbytes
   Step          Temp          E_pair         E_mol          TotEng         Press     
         0   0             -933.22672      0             -933.22672     -6181.1993    
Loop time of 1.05e-06 on 1 procs for 0 steps with 216 atoms

95.2% CPU use with 1 MPI tasks x 1 OpenMP threads

MPI task timing breakdown:
Section |  min time  |  avg time  |  max time  |%varavg| %total
---------------------------------------------------------------
Pair    | 0          | 0          | 0          |   0.0 |  0.00
Neigh   | 0          | 0          | 0          |   0.0 |  0.00
Comm    | 0          | 0          | 0          |   0.0 |  0.00
Output  | 0          | 0          | 0          |   0.0 |  0.00
Modify  | 0          | 0          | 0          |   0.0 |  0.00
Other   |            | 1.05e-06   |            |       |100.00

Nlocal:            216 ave         216 max         216 min
Histogram: 1 0 0 0 0 0 0 0 0 0
Nghost:            901 ave         901 max         901 min
Histogram: 1 0 0 0 0 0 0 0 0 0
Neighs:              0 ave           0 max           0 min
Histogram: 1 0 0 0 0 0 0 0 0 0
FullNghs:         7344 ave        7344 max        7344 min
Histogram: 1 0 0 0 0 0 0 0 0 0

Total # of neighbors = 7344
Ave neighs/atom = 34
Neighbor list builds = 0
Dangerous builds = 0
next i
jump SELF loop_struct
clear
  using 1 OpenMP thread(s) per MPI task
log energies.log append
units metal
boundary p p p
atom_style atomic
read_data Si333_${i}.in
read_data Si333_93.in
Reading data file ...
  orthogonal box = (0 0 0) to (16.331106 16.331106 16.331106)
  1 by 1 by 1 MPI processor grid
  reading atoms ...
  216 atoms
  reading velocities ...
  216 velocities
  read_data CPU = 0.001 seconds
mass 1 28.085
pair_style sw
pair_coeff * * Si.sw Si
Reading sw potential file Si.sw with DATE: 2007-06-11
run 0
WARNING: No fixes with time integration, atoms won't move (src/verlet.cpp:60)
Neighbor list info ...
  update: every = 1 steps, delay = 0 steps, check = yes
  max neighbors/atom: 2000, page size: 100000
  master list distance cutoff = 5.77118
  ghost atom cutoff = 5.77118
  binsize = 2.88559, bins = 6 6 6
  1 neighbor lists, perpetual/occasional/extra = 1 0 0
  (1) pair sw, perpetual
      attributes: full, newton on
      pair build: full/bin/atomonly
      stencil: full/bin/3d
      bin: standard
Per MPI rank memory allocation (min/avg/max) = 3.083 | 3.083 | 3.083 Mbytes
   Step          Temp          E_pair         E_mol          TotEng         Press     
         0   0             -933.4596       0             -933.4596      -6261.0351    
Loop time of 1.02e-06 on 1 procs for 0 steps with 216 atoms

0.0% CPU use with 1 MPI tasks x 1 OpenMP threads

MPI task timing breakdown:
Section |  min time  |  avg time  |  max time  |%varavg| %total
---------------------------------------------------------------
Pair    | 0          | 0          | 0          |   0.0 |  0.00
Neigh   | 0          | 0          | 0          |   0.0 |  0.00
Comm    | 0          | 0          | 0          |   0.0 |  0.00
Output  | 0          | 0          | 0          |   0.0 |  0.00
Modify  | 0          | 0          | 0          |   0.0 |  0.00
Other   |            | 1.02e-06   |            |       |100.00

Nlocal:            216 ave         216 max         216 min
Histogram: 1 0 0 0 0 0 0 0 0 0
Nghost:            834 ave         834 max         834 min
Histogram: 1 0 0 0 0 0 0 0 0 0
Neighs:              0 ave           0 max           0 min
Histogram: 1 0 0 0 0 0 0 0 0 0
FullNghs:         7344 ave        7344 max        7344 min
Histogram: 1 0 0 0 0 0 0 0 0 0

Total # of neighbors = 7344
Ave neighs/atom = 34
Neighbor list builds = 0
Dangerous builds = 0
next i
jump SELF loop_struct
clear
  using 1 OpenMP thread(s) per MPI task
log energies.log append
units metal
boundary p p p
atom_style atomic
read_data Si333_${i}.in
read_data Si333_94.in
Reading data file ...
  orthogonal box = (0 0 0) to (16.331106 16.331106 16.331106)
  1 by 1 by 1 MPI processor grid
  reading atoms ...
  216 atoms
  reading velocities ...
  216 velocities
  read_data CPU = 0.001 seconds
mass 1 28.085
pair_style sw
pair_coeff * * Si.sw Si
Reading sw potential file Si.sw with DATE: 2007-06-11
run 0
WARNING: No fixes with time integration, atoms won't move (src/verlet.cpp:60)
Neighbor list info ...
  update: every = 1 steps, delay = 0 steps, check = yes
  max neighbors/atom: 2000, page size: 100000
  master list distance cutoff = 5.77118
  ghost atom cutoff = 5.77118
  binsize = 2.88559, bins = 6 6 6
  1 neighbor lists, perpetual/occasional/extra = 1 0 0
  (1) pair sw, perpetual
      attributes: full, newton on
      pair build: full/bin/atomonly
      stencil: full/bin/3d
      bin: standard
Per MPI rank memory allocation (min/avg/max) = 3.087 | 3.087 | 3.087 Mbytes
   Step          Temp          E_pair         E_mol          TotEng         Press     
         0   0             -730.87754      0             -730.87754      102234.73    
Loop time of 1e-06 on 1 procs for 0 steps with 216 atoms

0.0% CPU use with 1 MPI tasks x 1 OpenMP threads

MPI task timing breakdown:
Section |  min time  |  avg time  |  max time  |%varavg| %total
---------------------------------------------------------------
Pair    | 0          | 0          | 0          |   0.0 |  0.00
Neigh   | 0          | 0          | 0          |   0.0 |  0.00
Comm    | 0          | 0          | 0          |   0.0 |  0.00
Output  | 0          | 0          | 0          |   0.0 |  0.00
Modify  | 0          | 0          | 0          |   0.0 |  0.00
Other   |            | 1e-06      |            |       |100.00

Nlocal:            216 ave         216 max         216 min
Histogram: 1 0 0 0 0 0 0 0 0 0
Nghost:            893 ave         893 max         893 min
Histogram: 1 0 0 0 0 0 0 0 0 0
Neighs:              0 ave           0 max           0 min
Histogram: 1 0 0 0 0 0 0 0 0 0
FullNghs:         7372 ave        7372 max        7372 min
Histogram: 1 0 0 0 0 0 0 0 0 0

Total # of neighbors = 7372
Ave neighs/atom = 34.12963
Neighbor list builds = 0
Dangerous builds = 0
next i
jump SELF loop_struct
clear
  using 1 OpenMP thread(s) per MPI task
log energies.log append
units metal
boundary p p p
atom_style atomic
read_data Si333_${i}.in
read_data Si333_95.in
Reading data file ...
  orthogonal box = (0 0 0) to (16.331106 16.331106 16.331106)
  1 by 1 by 1 MPI processor grid
  reading atoms ...
  216 atoms
  reading velocities ...
  216 velocities
  read_data CPU = 0.001 seconds
mass 1 28.085
pair_style sw
pair_coeff * * Si.sw Si
Reading sw potential file Si.sw with DATE: 2007-06-11
run 0
WARNING: No fixes with time integration, atoms won't move (src/verlet.cpp:60)
Neighbor list info ...
  update: every = 1 steps, delay = 0 steps, check = yes
  max neighbors/atom: 2000, page size: 100000
  master list distance cutoff = 5.77118
  ghost atom cutoff = 5.77118
  binsize = 2.88559, bins = 6 6 6
  1 neighbor lists, perpetual/occasional/extra = 1 0 0
  (1) pair sw, perpetual
      attributes: full, newton on
      pair build: full/bin/atomonly
      stencil: full/bin/3d
      bin: standard
Per MPI rank memory allocation (min/avg/max) = 3.088 | 3.088 | 3.088 Mbytes
   Step          Temp          E_pair         E_mol          TotEng         Press     
         0   0             -933.03057      0             -933.03057     -6097.78      
Loop time of 1.01e-06 on 1 procs for 0 steps with 216 atoms

99.0% CPU use with 1 MPI tasks x 1 OpenMP threads

MPI task timing breakdown:
Section |  min time  |  avg time  |  max time  |%varavg| %total
---------------------------------------------------------------
Pair    | 0          | 0          | 0          |   0.0 |  0.00
Neigh   | 0          | 0          | 0          |   0.0 |  0.00
Comm    | 0          | 0          | 0          |   0.0 |  0.00
Output  | 0          | 0          | 0          |   0.0 |  0.00
Modify  | 0          | 0          | 0          |   0.0 |  0.00
Other   |            | 1.01e-06   |            |       |100.00

Nlocal:            216 ave         216 max         216 min
Histogram: 1 0 0 0 0 0 0 0 0 0
Nghost:            939 ave         939 max         939 min
Histogram: 1 0 0 0 0 0 0 0 0 0
Neighs:              0 ave           0 max           0 min
Histogram: 1 0 0 0 0 0 0 0 0 0
FullNghs:         7344 ave        7344 max        7344 min
Histogram: 1 0 0 0 0 0 0 0 0 0

Total # of neighbors = 7344
Ave neighs/atom = 34
Neighbor list builds = 0
Dangerous builds = 0
next i
jump SELF loop_struct
clear
  using 1 OpenMP thread(s) per MPI task
log energies.log append
units metal
boundary p p p
atom_style atomic
read_data Si333_${i}.in
read_data Si333_96.in
Reading data file ...
  orthogonal box = (0 0 0) to (16.331106 16.331106 16.331106)
  1 by 1 by 1 MPI processor grid
  reading atoms ...
  216 atoms
  reading velocities ...
  216 velocities
  read_data CPU = 0.001 seconds
mass 1 28.085
pair_style sw
pair_coeff * * Si.sw Si
Reading sw potential file Si.sw with DATE: 2007-06-11
run 0
WARNING: No fixes with time integration, atoms won't move (src/verlet.cpp:60)
Neighbor list info ...
  update: every = 1 steps, delay = 0 steps, check = yes
  max neighbors/atom: 2000, page size: 100000
  master list distance cutoff = 5.77118
  ghost atom cutoff = 5.77118
  binsize = 2.88559, bins = 6 6 6
  1 neighbor lists, perpetual/occasional/extra = 1 0 0
  (1) pair sw, perpetual
      attributes: full, newton on
      pair build: full/bin/atomonly
      stencil: full/bin/3d
      bin: standard
Per MPI rank memory allocation (min/avg/max) = 3.082 | 3.082 | 3.082 Mbytes
   Step          Temp          E_pair         E_mol          TotEng         Press     
         0   0             -478.57635      0             -478.57635      247698.52    
Loop time of 1.01e-06 on 1 procs for 0 steps with 216 atoms

99.0% CPU use with 1 MPI tasks x 1 OpenMP threads

MPI task timing breakdown:
Section |  min time  |  avg time  |  max time  |%varavg| %total
---------------------------------------------------------------
Pair    | 0          | 0          | 0          |   0.0 |  0.00
Neigh   | 0          | 0          | 0          |   0.0 |  0.00
Comm    | 0          | 0          | 0          |   0.0 |  0.00
Output  | 0          | 0          | 0          |   0.0 |  0.00
Modify  | 0          | 0          | 0          |   0.0 |  0.00
Other   |            | 1.01e-06   |            |       |100.00

Nlocal:            216 ave         216 max         216 min
Histogram: 1 0 0 0 0 0 0 0 0 0
Nghost:            810 ave         810 max         810 min
Histogram: 1 0 0 0 0 0 0 0 0 0
Neighs:              0 ave           0 max           0 min
Histogram: 1 0 0 0 0 0 0 0 0 0
FullNghs:         7428 ave        7428 max        7428 min
Histogram: 1 0 0 0 0 0 0 0 0 0

Total # of neighbors = 7428
Ave neighs/atom = 34.388889
Neighbor list builds = 0
Dangerous builds = 0
next i
jump SELF loop_struct
clear
  using 1 OpenMP thread(s) per MPI task
log energies.log append
units metal
boundary p p p
atom_style atomic
read_data Si333_${i}.in
read_data Si333_97.in
Reading data file ...
  orthogonal box = (0 0 0) to (16.331106 16.331106 16.331106)
  1 by 1 by 1 MPI processor grid
  reading atoms ...
  216 atoms
  reading velocities ...
  216 velocities
  read_data CPU = 0.001 seconds
mass 1 28.085
pair_style sw
pair_coeff * * Si.sw Si
Reading sw potential file Si.sw with DATE: 2007-06-11
run 0
WARNING: No fixes with time integration, atoms won't move (src/verlet.cpp:60)
Neighbor list info ...
  update: every = 1 steps, delay = 0 steps, check = yes
  max neighbors/atom: 2000, page size: 100000
  master list distance cutoff = 5.77118
  ghost atom cutoff = 5.77118
  binsize = 2.88559, bins = 6 6 6
  1 neighbor lists, perpetual/occasional/extra = 1 0 0
  (1) pair sw, perpetual
      attributes: full, newton on
      pair build: full/bin/atomonly
      stencil: full/bin/3d
      bin: standard
Per MPI rank memory allocation (min/avg/max) = 3.083 | 3.083 | 3.083 Mbytes
   Step          Temp          E_pair         E_mol          TotEng         Press     
         0   0             -933.05433      0             -933.05433     -6080.6281    
Loop time of 1.03e-06 on 1 procs for 0 steps with 216 atoms

0.0% CPU use with 1 MPI tasks x 1 OpenMP threads

MPI task timing breakdown:
Section |  min time  |  avg time  |  max time  |%varavg| %total
---------------------------------------------------------------
Pair    | 0          | 0          | 0          |   0.0 |  0.00
Neigh   | 0          | 0          | 0          |   0.0 |  0.00
Comm    | 0          | 0          | 0          |   0.0 |  0.00
Output  | 0          | 0          | 0          |   0.0 |  0.00
Modify  | 0          | 0          | 0          |   0.0 |  0.00
Other   |            | 1.03e-06   |            |       |100.00

Nlocal:            216 ave         216 max         216 min
Histogram: 1 0 0 0 0 0 0 0 0 0
Nghost:            834 ave         834 max         834 min
Histogram: 1 0 0 0 0 0 0 0 0 0
Neighs:              0 ave           0 max           0 min
Histogram: 1 0 0 0 0 0 0 0 0 0
FullNghs:         7344 ave        7344 max        7344 min
Histogram: 1 0 0 0 0 0 0 0 0 0

Total # of neighbors = 7344
Ave neighs/atom = 34
Neighbor list builds = 0
Dangerous builds = 0
next i
jump SELF loop_struct
clear
  using 1 OpenMP thread(s) per MPI task
log energies.log append
units metal
boundary p p p
atom_style atomic
read_data Si333_${i}.in
read_data Si333_98.in
Reading data file ...
  orthogonal box = (0 0 0) to (16.331106 16.331106 16.331106)
  1 by 1 by 1 MPI processor grid
  reading atoms ...
  216 atoms
  reading velocities ...
  216 velocities
  read_data CPU = 0.001 seconds
mass 1 28.085
pair_style sw
pair_coeff * * Si.sw Si
Reading sw potential file Si.sw with DATE: 2007-06-11
run 0
WARNING: No fixes with time integration, atoms won't move (src/verlet.cpp:60)
Neighbor list info ...
  update: every = 1 steps, delay = 0 steps, check = yes
  max neighbors/atom: 2000, page size: 100000
  master list distance cutoff = 5.77118
  ghost atom cutoff = 5.77118
  binsize = 2.88559, bins = 6 6 6
  1 neighbor lists, perpetual/occasional/extra = 1 0 0
  (1) pair sw, perpetual
      attributes: full, newton on
      pair build: full/bin/atomonly
      stencil: full/bin/3d
      bin: standard
Per MPI rank memory allocation (min/avg/max) = 3.081 | 3.081 | 3.081 Mbytes
   Step          Temp          E_pair         E_mol          TotEng         Press     
         0   0             -720.3329       0             -720.3329       107434.14    
Loop time of 1.06e-06 on 1 procs for 0 steps with 216 atoms

0.0% CPU use with 1 MPI tasks x 1 OpenMP threads

MPI task timing breakdown:
Section |  min time  |  avg time  |  max time  |%varavg| %total
---------------------------------------------------------------
Pair    | 0          | 0          | 0          |   0.0 |  0.00
Neigh   | 0          | 0          | 0          |   0.0 |  0.00
Comm    | 0          | 0          | 0          |   0.0 |  0.00
Output  | 0          | 0          | 0          |   0.0 |  0.00
Modify  | 0          | 0          | 0          |   0.0 |  0.00
Other   |            | 1.06e-06   |            |       |100.00

Nlocal:            216 ave         216 max         216 min
Histogram: 1 0 0 0 0 0 0 0 0 0
Nghost:            788 ave         788 max         788 min
Histogram: 1 0 0 0 0 0 0 0 0 0
Neighs:              0 ave           0 max           0 min
Histogram: 1 0 0 0 0 0 0 0 0 0
FullNghs:         7370 ave        7370 max        7370 min
Histogram: 1 0 0 0 0 0 0 0 0 0

Total # of neighbors = 7370
Ave neighs/atom = 34.12037
Neighbor list builds = 0
Dangerous builds = 0
next i
jump SELF loop_struct
clear
  using 1 OpenMP thread(s) per MPI task
log energies.log append
units metal
boundary p p p
atom_style atomic
read_data Si333_${i}.in
read_data Si333_99.in
Reading data file ...
  orthogonal box = (0 0 0) to (16.331106 16.331106 16.331106)
  1 by 1 by 1 MPI processor grid
  reading atoms ...
  216 atoms
  reading velocities ...
  216 velocities
  read_data CPU = 0.001 seconds
mass 1 28.085
pair_style sw
pair_coeff * * Si.sw Si
Reading sw potential file Si.sw with DATE: 2007-06-11
run 0
WARNING: No fixes with time integration, atoms won't move (src/verlet.cpp:60)
Neighbor list info ...
  update: every = 1 steps, delay = 0 steps, check = yes
  max neighbors/atom: 2000, page size: 100000
  master list distance cutoff = 5.77118
  ghost atom cutoff = 5.77118
  binsize = 2.88559, bins = 6 6 6
  1 neighbor lists, perpetual/occasional/extra = 1 0 0
  (1) pair sw, perpetual
      attributes: full, newton on
      pair build: full/bin/atomonly
      stencil: full/bin/3d
      bin: standard
Per MPI rank memory allocation (min/avg/max) = 3.086 | 3.086 | 3.086 Mbytes
   Step          Temp          E_pair         E_mol          TotEng         Press     
         0   0              152.10004      0              152.10004      565980.52    
Loop time of 1.03e-06 on 1 procs for 0 steps with 216 atoms

0.0% CPU use with 1 MPI tasks x 1 OpenMP threads

MPI task timing breakdown:
Section |  min time  |  avg time  |  max time  |%varavg| %total
---------------------------------------------------------------
Pair    | 0          | 0          | 0          |   0.0 |  0.00
Neigh   | 0          | 0          | 0          |   0.0 |  0.00
Comm    | 0          | 0          | 0          |   0.0 |  0.00
Output  | 0          | 0          | 0          |   0.0 |  0.00
Modify  | 0          | 0          | 0          |   0.0 |  0.00
Other   |            | 1.03e-06   |            |       |100.00

Nlocal:            216 ave         216 max         216 min
Histogram: 1 0 0 0 0 0 0 0 0 0
Nghost:            883 ave         883 max         883 min
Histogram: 1 0 0 0 0 0 0 0 0 0
Neighs:              0 ave           0 max           0 min
Histogram: 1 0 0 0 0 0 0 0 0 0
FullNghs:         7526 ave        7526 max        7526 min
Histogram: 1 0 0 0 0 0 0 0 0 0

Total # of neighbors = 7526
Ave neighs/atom = 34.842593
Neighbor list builds = 0
Dangerous builds = 0
next i
jump SELF loop_struct
clear
  using 1 OpenMP thread(s) per MPI task
log energies.log append
units metal
boundary p p p
atom_style atomic
read_data Si333_${i}.in
read_data Si333_100.in
Reading data file ...
  orthogonal box = (0 0 0) to (16.331106 16.331106 16.331106)
  1 by 1 by 1 MPI processor grid
  reading atoms ...
  216 atoms
  reading velocities ...
  216 velocities
  read_data CPU = 0.001 seconds
mass 1 28.085
pair_style sw
pair_coeff * * Si.sw Si
Reading sw potential file Si.sw with DATE: 2007-06-11
run 0
WARNING: No fixes with time integration, atoms won't move (src/verlet.cpp:60)
Neighbor list info ...
  update: every = 1 steps, delay = 0 steps, check = yes
  max neighbors/atom: 2000, page size: 100000
  master list distance cutoff = 5.77118
  ghost atom cutoff = 5.77118
  binsize = 2.88559, bins = 6 6 6
  1 neighbor lists, perpetual/occasional/extra = 1 0 0
  (1) pair sw, perpetual
      attributes: full, newton on
      pair build: full/bin/atomonly
      stencil: full/bin/3d
      bin: standard
Per MPI rank memory allocation (min/avg/max) = 3.084 | 3.084 | 3.084 Mbytes
   Step          Temp          E_pair         E_mol          TotEng         Press     
         0   0             -776.20237      0             -776.20237      75846.493    
Loop time of 1.03e-06 on 1 procs for 0 steps with 216 atoms

194.2% CPU use with 1 MPI tasks x 1 OpenMP threads

MPI task timing breakdown:
Section |  min time  |  avg time  |  max time  |%varavg| %total
---------------------------------------------------------------
Pair    | 0          | 0          | 0          |   0.0 |  0.00
Neigh   | 0          | 0          | 0          |   0.0 |  0.00
Comm    | 0          | 0          | 0          |   0.0 |  0.00
Output  | 0          | 0          | 0          |   0.0 |  0.00
Modify  | 0          | 0          | 0          |   0.0 |  0.00
Other   |            | 1.03e-06   |            |       |100.00

Nlocal:            216 ave         216 max         216 min
Histogram: 1 0 0 0 0 0 0 0 0 0
Nghost:            858 ave         858 max         858 min
Histogram: 1 0 0 0 0 0 0 0 0 0
Neighs:              0 ave           0 max           0 min
Histogram: 1 0 0 0 0 0 0 0 0 0
FullNghs:         7354 ave        7354 max        7354 min
Histogram: 1 0 0 0 0 0 0 0 0 0

Total # of neighbors = 7354
Ave neighs/atom = 34.046296
Neighbor list builds = 0
Dangerous builds = 0
next i
jump SELF loop_struct
clear
  using 1 OpenMP thread(s) per MPI task
log energies.log append
units metal
boundary p p p
atom_style atomic
read_data Si333_${i}.in
read_data Si333_101.in
Reading data file ...
  orthogonal box = (0 0 0) to (16.331106 16.331106 16.331106)
  1 by 1 by 1 MPI processor grid
  reading atoms ...
  216 atoms
  reading velocities ...
  216 velocities
  read_data CPU = 0.001 seconds
mass 1 28.085
pair_style sw
pair_coeff * * Si.sw Si
Reading sw potential file Si.sw with DATE: 2007-06-11
run 0
Neighbor list info ...
  update: every = 1 steps, delay = 0 steps, check = yes
  max neighbors/atom: 2000, page size: 100000
  master list distance cutoff = 5.77118
  ghost atom cutoff = 5.77118
  binsize = 2.88559, bins = 6 6 6
  1 neighbor lists, perpetual/occasional/extra = 1 0 0
  (1) pair sw, perpetual
      attributes: full, newton on
      pair build: full/bin/atomonly
      stencil: full/bin/3d
      bin: standard
Per MPI rank memory allocation (min/avg/max) = 3.083 | 3.083 | 3.083 Mbytes
   Step          Temp          E_pair         E_mol          TotEng         Press     
WARNING: Too many warnings: 101 vs 100. All future warnings will be suppressed (src/thermo.cpp:478)
         0   0             -933.46523      0             -933.46523     -6245.8751    
Loop time of 1.01e-06 on 1 procs for 0 steps with 216 atoms

0.0% CPU use with 1 MPI tasks x 1 OpenMP threads

MPI task timing breakdown:
Section |  min time  |  avg time  |  max time  |%varavg| %total
---------------------------------------------------------------
Pair    | 0          | 0          | 0          |   0.0 |  0.00
Neigh   | 0          | 0          | 0          |   0.0 |  0.00
Comm    | 0          | 0          | 0          |   0.0 |  0.00
Output  | 0          | 0          | 0          |   0.0 |  0.00
Modify  | 0          | 0          | 0          |   0.0 |  0.00
Other   |            | 1.01e-06   |            |       |100.00

Nlocal:            216 ave         216 max         216 min
Histogram: 1 0 0 0 0 0 0 0 0 0
Nghost:            838 ave         838 max         838 min
Histogram: 1 0 0 0 0 0 0 0 0 0
Neighs:              0 ave           0 max           0 min
Histogram: 1 0 0 0 0 0 0 0 0 0
FullNghs:         7344 ave        7344 max        7344 min
Histogram: 1 0 0 0 0 0 0 0 0 0

Total # of neighbors = 7344
Ave neighs/atom = 34
Neighbor list builds = 0
Dangerous builds = 0
next i
jump SELF loop_struct
clear
  using 1 OpenMP thread(s) per MPI task
log energies.log append
units metal
boundary p p p
atom_style atomic
read_data Si333_${i}.in
read_data Si333_102.in
Reading data file ...
  orthogonal box = (0 0 0) to (16.331106 16.331106 16.331106)
  1 by 1 by 1 MPI processor grid
  reading atoms ...
  216 atoms
  reading velocities ...
  216 velocities
  read_data CPU = 0.001 seconds
mass 1 28.085
pair_style sw
pair_coeff * * Si.sw Si
Reading sw potential file Si.sw with DATE: 2007-06-11
run 0
Neighbor list info ...
  update: every = 1 steps, delay = 0 steps, check = yes
  max neighbors/atom: 2000, page size: 100000
  master list distance cutoff = 5.77118
  ghost atom cutoff = 5.77118
  binsize = 2.88559, bins = 6 6 6
  1 neighbor lists, perpetual/occasional/extra = 1 0 0
  (1) pair sw, perpetual
      attributes: full, newton on
      pair build: full/bin/atomonly
      stencil: full/bin/3d
      bin: standard
Per MPI rank memory allocation (min/avg/max) = 3.088 | 3.088 | 3.088 Mbytes
   Step          Temp          E_pair         E_mol          TotEng         Press     
WARNING: Too many warnings: 102 vs 100. All future warnings will be suppressed (src/thermo.cpp:478)
         0   0             -933.2289       0             -933.2289      -6183.4862    
Loop time of 1.03e-06 on 1 procs for 0 steps with 216 atoms

97.1% CPU use with 1 MPI tasks x 1 OpenMP threads

MPI task timing breakdown:
Section |  min time  |  avg time  |  max time  |%varavg| %total
---------------------------------------------------------------
Pair    | 0          | 0          | 0          |   0.0 |  0.00
Neigh   | 0          | 0          | 0          |   0.0 |  0.00
Comm    | 0          | 0          | 0          |   0.0 |  0.00
Output  | 0          | 0          | 0          |   0.0 |  0.00
Modify  | 0          | 0          | 0          |   0.0 |  0.00
Other   |            | 1.03e-06   |            |       |100.00

Nlocal:            216 ave         216 max         216 min
Histogram: 1 0 0 0 0 0 0 0 0 0
Nghost:            939 ave         939 max         939 min
Histogram: 1 0 0 0 0 0 0 0 0 0
Neighs:              0 ave           0 max           0 min
Histogram: 1 0 0 0 0 0 0 0 0 0
FullNghs:         7344 ave        7344 max        7344 min
Histogram: 1 0 0 0 0 0 0 0 0 0

Total # of neighbors = 7344
Ave neighs/atom = 34
Neighbor list builds = 0
Dangerous builds = 0
next i
jump SELF loop_struct
clear
  using 1 OpenMP thread(s) per MPI task
log energies.log append
units metal
boundary p p p
atom_style atomic
read_data Si333_${i}.in
read_data Si333_103.in
Reading data file ...
  orthogonal box = (0 0 0) to (16.331106 16.331106 16.331106)
  1 by 1 by 1 MPI processor grid
  reading atoms ...
  216 atoms
  reading velocities ...
  216 velocities
  read_data CPU = 0.001 seconds
mass 1 28.085
pair_style sw
pair_coeff * * Si.sw Si
Reading sw potential file Si.sw with DATE: 2007-06-11
run 0
Neighbor list info ...
  update: every = 1 steps, delay = 0 steps, check = yes
  max neighbors/atom: 2000, page size: 100000
  master list distance cutoff = 5.77118
  ghost atom cutoff = 5.77118
  binsize = 2.88559, bins = 6 6 6
  1 neighbor lists, perpetual/occasional/extra = 1 0 0
  (1) pair sw, perpetual
      attributes: full, newton on
      pair build: full/bin/atomonly
      stencil: full/bin/3d
      bin: standard
Per MPI rank memory allocation (min/avg/max) = 3.088 | 3.088 | 3.088 Mbytes
   Step          Temp          E_pair         E_mol          TotEng         Press     
WARNING: Too many warnings: 103 vs 100. All future warnings will be suppressed (src/thermo.cpp:478)
         0   0             -933.45396      0             -933.45396     -6247.0596    
Loop time of 1.03e-06 on 1 procs for 0 steps with 216 atoms

0.0% CPU use with 1 MPI tasks x 1 OpenMP threads

MPI task timing breakdown:
Section |  min time  |  avg time  |  max time  |%varavg| %total
---------------------------------------------------------------
Pair    | 0          | 0          | 0          |   0.0 |  0.00
Neigh   | 0          | 0          | 0          |   0.0 |  0.00
Comm    | 0          | 0          | 0          |   0.0 |  0.00
Output  | 0          | 0          | 0          |   0.0 |  0.00
Modify  | 0          | 0          | 0          |   0.0 |  0.00
Other   |            | 1.03e-06   |            |       |100.00

Nlocal:            216 ave         216 max         216 min
Histogram: 1 0 0 0 0 0 0 0 0 0
Nghost:            919 ave         919 max         919 min
Histogram: 1 0 0 0 0 0 0 0 0 0
Neighs:              0 ave           0 max           0 min
Histogram: 1 0 0 0 0 0 0 0 0 0
FullNghs:         7346 ave        7346 max        7346 min
Histogram: 1 0 0 0 0 0 0 0 0 0

Total # of neighbors = 7346
Ave neighs/atom = 34.009259
Neighbor list builds = 0
Dangerous builds = 0
next i
jump SELF loop_struct
clear
  using 1 OpenMP thread(s) per MPI task
log energies.log append
units metal
boundary p p p
atom_style atomic
read_data Si333_${i}.in
read_data Si333_104.in
Reading data file ...
  orthogonal box = (0 0 0) to (16.331106 16.331106 16.331106)
  1 by 1 by 1 MPI processor grid
  reading atoms ...
  216 atoms
  reading velocities ...
  216 velocities
  read_data CPU = 0.001 seconds
mass 1 28.085
pair_style sw
pair_coeff * * Si.sw Si
Reading sw potential file Si.sw with DATE: 2007-06-11
run 0
Neighbor list info ...
  update: every = 1 steps, delay = 0 steps, check = yes
  max neighbors/atom: 2000, page size: 100000
  master list distance cutoff = 5.77118
  ghost atom cutoff = 5.77118
  binsize = 2.88559, bins = 6 6 6
  1 neighbor lists, perpetual/occasional/extra = 1 0 0
  (1) pair sw, perpetual
      attributes: full, newton on
      pair build: full/bin/atomonly
      stencil: full/bin/3d
      bin: standard
Per MPI rank memory allocation (min/avg/max) = 3.081 | 3.081 | 3.081 Mbytes
   Step          Temp          E_pair         E_mol          TotEng         Press     
WARNING: Too many warnings: 104 vs 100. All future warnings will be suppressed (src/thermo.cpp:478)
         0   0             -640.25248      0             -640.25248      155286.79    
Loop time of 1.02e-06 on 1 procs for 0 steps with 216 atoms

98.0% CPU use with 1 MPI tasks x 1 OpenMP threads

MPI task timing breakdown:
Section |  min time  |  avg time  |  max time  |%varavg| %total
---------------------------------------------------------------
Pair    | 0          | 0          | 0          |   0.0 |  0.00
Neigh   | 0          | 0          | 0          |   0.0 |  0.00
Comm    | 0          | 0          | 0          |   0.0 |  0.00
Output  | 0          | 0          | 0          |   0.0 |  0.00
Modify  | 0          | 0          | 0          |   0.0 |  0.00
Other   |            | 1.02e-06   |            |       |100.00

Nlocal:            216 ave         216 max         216 min
Histogram: 1 0 0 0 0 0 0 0 0 0
Nghost:            782 ave         782 max         782 min
Histogram: 1 0 0 0 0 0 0 0 0 0
Neighs:              0 ave           0 max           0 min
Histogram: 1 0 0 0 0 0 0 0 0 0
FullNghs:         7370 ave        7370 max        7370 min
Histogram: 1 0 0 0 0 0 0 0 0 0

Total # of neighbors = 7370
Ave neighs/atom = 34.12037
Neighbor list builds = 0
Dangerous builds = 0
next i
jump SELF loop_struct
clear
  using 1 OpenMP thread(s) per MPI task
log energies.log append
units metal
boundary p p p
atom_style atomic
read_data Si333_${i}.in
read_data Si333_105.in
Reading data file ...
  orthogonal box = (0 0 0) to (16.331106 16.331106 16.331106)
  1 by 1 by 1 MPI processor grid
  reading atoms ...
  216 atoms
  reading velocities ...
  216 velocities
  read_data CPU = 0.001 seconds
mass 1 28.085
pair_style sw
pair_coeff * * Si.sw Si
Reading sw potential file Si.sw with DATE: 2007-06-11
run 0
Neighbor list info ...
  update: every = 1 steps, delay = 0 steps, check = yes
  max neighbors/atom: 2000, page size: 100000
  master list distance cutoff = 5.77118
  ghost atom cutoff = 5.77118
  binsize = 2.88559, bins = 6 6 6
  1 neighbor lists, perpetual/occasional/extra = 1 0 0
  (1) pair sw, perpetual
      attributes: full, newton on
      pair build: full/bin/atomonly
      stencil: full/bin/3d
      bin: standard
Per MPI rank memory allocation (min/avg/max) = 3.089 | 3.089 | 3.089 Mbytes
   Step          Temp          E_pair         E_mol          TotEng         Press     
WARNING: Too many warnings: 105 vs 100. All future warnings will be suppressed (src/thermo.cpp:478)
         0   0             -668.89896      0             -668.89896      138885.63    
Loop time of 1.04e-06 on 1 procs for 0 steps with 216 atoms

0.0% CPU use with 1 MPI tasks x 1 OpenMP threads

MPI task timing breakdown:
Section |  min time  |  avg time  |  max time  |%varavg| %total
---------------------------------------------------------------
Pair    | 0          | 0          | 0          |   0.0 |  0.00
Neigh   | 0          | 0          | 0          |   0.0 |  0.00
Comm    | 0          | 0          | 0          |   0.0 |  0.00
Output  | 0          | 0          | 0          |   0.0 |  0.00
Modify  | 0          | 0          | 0          |   0.0 |  0.00
Other   |            | 1.04e-06   |            |       |100.00

Nlocal:            216 ave         216 max         216 min
Histogram: 1 0 0 0 0 0 0 0 0 0
Nghost:            884 ave         884 max         884 min
Histogram: 1 0 0 0 0 0 0 0 0 0
Neighs:              0 ave           0 max           0 min
Histogram: 1 0 0 0 0 0 0 0 0 0
FullNghs:         7396 ave        7396 max        7396 min
Histogram: 1 0 0 0 0 0 0 0 0 0

Total # of neighbors = 7396
Ave neighs/atom = 34.240741
Neighbor list builds = 0
Dangerous builds = 0
next i
jump SELF loop_struct
clear
  using 1 OpenMP thread(s) per MPI task
log energies.log append
units metal
boundary p p p
atom_style atomic
read_data Si333_${i}.in
read_data Si333_106.in
Reading data file ...
  orthogonal box = (0 0 0) to (16.331106 16.331106 16.331106)
  1 by 1 by 1 MPI processor grid
  reading atoms ...
  216 atoms
  reading velocities ...
  216 velocities
  read_data CPU = 0.001 seconds
mass 1 28.085
pair_style sw
pair_coeff * * Si.sw Si
Reading sw potential file Si.sw with DATE: 2007-06-11
run 0
Neighbor list info ...
  update: every = 1 steps, delay = 0 steps, check = yes
  max neighbors/atom: 2000, page size: 100000
  master list distance cutoff = 5.77118
  ghost atom cutoff = 5.77118
  binsize = 2.88559, bins = 6 6 6
  1 neighbor lists, perpetual/occasional/extra = 1 0 0
  (1) pair sw, perpetual
      attributes: full, newton on
      pair build: full/bin/atomonly
      stencil: full/bin/3d
      bin: standard
Per MPI rank memory allocation (min/avg/max) = 3.087 | 3.087 | 3.087 Mbytes
   Step          Temp          E_pair         E_mol          TotEng         Press     
WARNING: Too many warnings: 106 vs 100. All future warnings will be suppressed (src/thermo.cpp:478)
         0   0             -758.70319      0             -758.70319      84523.9      
Loop time of 1.02e-06 on 1 procs for 0 steps with 216 atoms

98.0% CPU use with 1 MPI tasks x 1 OpenMP threads

MPI task timing breakdown:
Section |  min time  |  avg time  |  max time  |%varavg| %total
---------------------------------------------------------------
Pair    | 0          | 0          | 0          |   0.0 |  0.00
Neigh   | 0          | 0          | 0          |   0.0 |  0.00
Comm    | 0          | 0          | 0          |   0.0 |  0.00
Output  | 0          | 0          | 0          |   0.0 |  0.00
Modify  | 0          | 0          | 0          |   0.0 |  0.00
Other   |            | 1.02e-06   |            |       |100.00

Nlocal:            216 ave         216 max         216 min
Histogram: 1 0 0 0 0 0 0 0 0 0
Nghost:            835 ave         835 max         835 min
Histogram: 1 0 0 0 0 0 0 0 0 0
Neighs:              0 ave           0 max           0 min
Histogram: 1 0 0 0 0 0 0 0 0 0
FullNghs:         7362 ave        7362 max        7362 min
Histogram: 1 0 0 0 0 0 0 0 0 0

Total # of neighbors = 7362
Ave neighs/atom = 34.083333
Neighbor list builds = 0
Dangerous builds = 0
next i
jump SELF loop_struct
clear
  using 1 OpenMP thread(s) per MPI task
log energies.log append
units metal
boundary p p p
atom_style atomic
read_data Si333_${i}.in
read_data Si333_107.in
Reading data file ...
  orthogonal box = (0 0 0) to (16.331106 16.331106 16.331106)
  1 by 1 by 1 MPI processor grid
  reading atoms ...
  216 atoms
  reading velocities ...
  216 velocities
  read_data CPU = 0.001 seconds
mass 1 28.085
pair_style sw
pair_coeff * * Si.sw Si
Reading sw potential file Si.sw with DATE: 2007-06-11
run 0
Neighbor list info ...
  update: every = 1 steps, delay = 0 steps, check = yes
  max neighbors/atom: 2000, page size: 100000
  master list distance cutoff = 5.77118
  ghost atom cutoff = 5.77118
  binsize = 2.88559, bins = 6 6 6
  1 neighbor lists, perpetual/occasional/extra = 1 0 0
  (1) pair sw, perpetual
      attributes: full, newton on
      pair build: full/bin/atomonly
      stencil: full/bin/3d
      bin: standard
Per MPI rank memory allocation (min/avg/max) = 3.082 | 3.082 | 3.082 Mbytes
   Step          Temp          E_pair         E_mol          TotEng         Press     
WARNING: Too many warnings: 107 vs 100. All future warnings will be suppressed (src/thermo.cpp:478)
         0   0             -677.97044      0             -677.97044      129270.08    
Loop time of 1.03e-06 on 1 procs for 0 steps with 216 atoms

0.0% CPU use with 1 MPI tasks x 1 OpenMP threads

MPI task timing breakdown:
Section |  min time  |  avg time  |  max time  |%varavg| %total
---------------------------------------------------------------
Pair    | 0          | 0          | 0          |   0.0 |  0.00
Neigh   | 0          | 0          | 0          |   0.0 |  0.00
Comm    | 0          | 0          | 0          |   0.0 |  0.00
Output  | 0          | 0          | 0          |   0.0 |  0.00
Modify  | 0          | 0          | 0          |   0.0 |  0.00
Other   |            | 1.03e-06   |            |       |100.00

Nlocal:            216 ave         216 max         216 min
Histogram: 1 0 0 0 0 0 0 0 0 0
Nghost:            829 ave         829 max         829 min
Histogram: 1 0 0 0 0 0 0 0 0 0
Neighs:              0 ave           0 max           0 min
Histogram: 1 0 0 0 0 0 0 0 0 0
FullNghs:         7358 ave        7358 max        7358 min
Histogram: 1 0 0 0 0 0 0 0 0 0

Total # of neighbors = 7358
Ave neighs/atom = 34.064815
Neighbor list builds = 0
Dangerous builds = 0
next i
jump SELF loop_struct
clear
  using 1 OpenMP thread(s) per MPI task
log energies.log append
units metal
boundary p p p
atom_style atomic
read_data Si333_${i}.in
read_data Si333_108.in
Reading data file ...
  orthogonal box = (0 0 0) to (16.331106 16.331106 16.331106)
  1 by 1 by 1 MPI processor grid
  reading atoms ...
  216 atoms
  reading velocities ...
  216 velocities
  read_data CPU = 0.001 seconds
mass 1 28.085
pair_style sw
pair_coeff * * Si.sw Si
Reading sw potential file Si.sw with DATE: 2007-06-11
run 0
Neighbor list info ...
  update: every = 1 steps, delay = 0 steps, check = yes
  max neighbors/atom: 2000, page size: 100000
  master list distance cutoff = 5.77118
  ghost atom cutoff = 5.77118
  binsize = 2.88559, bins = 6 6 6
  1 neighbor lists, perpetual/occasional/extra = 1 0 0
  (1) pair sw, perpetual
      attributes: full, newton on
      pair build: full/bin/atomonly
      stencil: full/bin/3d
      bin: standard
Per MPI rank memory allocation (min/avg/max) = 3.089 | 3.089 | 3.089 Mbytes
   Step          Temp          E_pair         E_mol          TotEng         Press     
WARNING: Too many warnings: 108 vs 100. All future warnings will be suppressed (src/thermo.cpp:478)
         0   0             -933.52307      0             -933.52307     -6265.7705    
Loop time of 1.1e-06 on 1 procs for 0 steps with 216 atoms

90.9% CPU use with 1 MPI tasks x 1 OpenMP threads

MPI task timing breakdown:
Section |  min time  |  avg time  |  max time  |%varavg| %total
---------------------------------------------------------------
Pair    | 0          | 0          | 0          |   0.0 |  0.00
Neigh   | 0          | 0          | 0          |   0.0 |  0.00
Comm    | 0          | 0          | 0          |   0.0 |  0.00
Output  | 0          | 0          | 0          |   0.0 |  0.00
Modify  | 0          | 0          | 0          |   0.0 |  0.00
Other   |            | 1.1e-06    |            |       |100.00

Nlocal:            216 ave         216 max         216 min
Histogram: 1 0 0 0 0 0 0 0 0 0
Nghost:            880 ave         880 max         880 min
Histogram: 1 0 0 0 0 0 0 0 0 0
Neighs:              0 ave           0 max           0 min
Histogram: 1 0 0 0 0 0 0 0 0 0
FullNghs:         7344 ave        7344 max        7344 min
Histogram: 1 0 0 0 0 0 0 0 0 0

Total # of neighbors = 7344
Ave neighs/atom = 34
Neighbor list builds = 0
Dangerous builds = 0
next i
jump SELF loop_struct
clear
  using 1 OpenMP thread(s) per MPI task
log energies.log append
units metal
boundary p p p
atom_style atomic
read_data Si333_${i}.in
read_data Si333_109.in
Reading data file ...
  orthogonal box = (0 0 0) to (16.331106 16.331106 16.331106)
  1 by 1 by 1 MPI processor grid
  reading atoms ...
  216 atoms
  reading velocities ...
  216 velocities
  read_data CPU = 0.001 seconds
mass 1 28.085
pair_style sw
pair_coeff * * Si.sw Si
Reading sw potential file Si.sw with DATE: 2007-06-11
run 0
Neighbor list info ...
  update: every = 1 steps, delay = 0 steps, check = yes
  max neighbors/atom: 2000, page size: 100000
  master list distance cutoff = 5.77118
  ghost atom cutoff = 5.77118
  binsize = 2.88559, bins = 6 6 6
  1 neighbor lists, perpetual/occasional/extra = 1 0 0
  (1) pair sw, perpetual
      attributes: full, newton on
      pair build: full/bin/atomonly
      stencil: full/bin/3d
      bin: standard
Per MPI rank memory allocation (min/avg/max) = 3.092 | 3.092 | 3.092 Mbytes
   Step          Temp          E_pair         E_mol          TotEng         Press     
WARNING: Too many warnings: 109 vs 100. All future warnings will be suppressed (src/thermo.cpp:478)
         0   0             -933.40755      0             -933.40755     -6250.5593    
Loop time of 1.01e-06 on 1 procs for 0 steps with 216 atoms

99.0% CPU use with 1 MPI tasks x 1 OpenMP threads

MPI task timing breakdown:
Section |  min time  |  avg time  |  max time  |%varavg| %total
---------------------------------------------------------------
Pair    | 0          | 0          | 0          |   0.0 |  0.00
Neigh   | 0          | 0          | 0          |   0.0 |  0.00
Comm    | 0          | 0          | 0          |   0.0 |  0.00
Output  | 0          | 0          | 0          |   0.0 |  0.00
Modify  | 0          | 0          | 0          |   0.0 |  0.00
Other   |            | 1.01e-06   |            |       |100.00

Nlocal:            216 ave         216 max         216 min
Histogram: 1 0 0 0 0 0 0 0 0 0
Nghost:            921 ave         921 max         921 min
Histogram: 1 0 0 0 0 0 0 0 0 0
Neighs:              0 ave           0 max           0 min
Histogram: 1 0 0 0 0 0 0 0 0 0
FullNghs:         7344 ave        7344 max        7344 min
Histogram: 1 0 0 0 0 0 0 0 0 0

Total # of neighbors = 7344
Ave neighs/atom = 34
Neighbor list builds = 0
Dangerous builds = 0
next i
jump SELF loop_struct
clear
  using 1 OpenMP thread(s) per MPI task
log energies.log append
units metal
boundary p p p
atom_style atomic
read_data Si333_${i}.in
read_data Si333_110.in
Reading data file ...
  orthogonal box = (0 0 0) to (16.331106 16.331106 16.331106)
  1 by 1 by 1 MPI processor grid
  reading atoms ...
  216 atoms
  reading velocities ...
  216 velocities
  read_data CPU = 0.001 seconds
mass 1 28.085
pair_style sw
pair_coeff * * Si.sw Si
Reading sw potential file Si.sw with DATE: 2007-06-11
run 0
Neighbor list info ...
  update: every = 1 steps, delay = 0 steps, check = yes
  max neighbors/atom: 2000, page size: 100000
  master list distance cutoff = 5.77118
  ghost atom cutoff = 5.77118
  binsize = 2.88559, bins = 6 6 6
  1 neighbor lists, perpetual/occasional/extra = 1 0 0
  (1) pair sw, perpetual
      attributes: full, newton on
      pair build: full/bin/atomonly
      stencil: full/bin/3d
      bin: standard
Per MPI rank memory allocation (min/avg/max) = 3.083 | 3.083 | 3.083 Mbytes
   Step          Temp          E_pair         E_mol          TotEng         Press     
WARNING: Too many warnings: 110 vs 100. All future warnings will be suppressed (src/thermo.cpp:478)
         0   0             -760.37982      0             -760.37982      82989.487    
Loop time of 1e-06 on 1 procs for 0 steps with 216 atoms

0.0% CPU use with 1 MPI tasks x 1 OpenMP threads

MPI task timing breakdown:
Section |  min time  |  avg time  |  max time  |%varavg| %total
---------------------------------------------------------------
Pair    | 0          | 0          | 0          |   0.0 |  0.00
Neigh   | 0          | 0          | 0          |   0.0 |  0.00
Comm    | 0          | 0          | 0          |   0.0 |  0.00
Output  | 0          | 0          | 0          |   0.0 |  0.00
Modify  | 0          | 0          | 0          |   0.0 |  0.00
Other   |            | 1e-06      |            |       |100.00

Nlocal:            216 ave         216 max         216 min
Histogram: 1 0 0 0 0 0 0 0 0 0
Nghost:            838 ave         838 max         838 min
Histogram: 1 0 0 0 0 0 0 0 0 0
Neighs:              0 ave           0 max           0 min
Histogram: 1 0 0 0 0 0 0 0 0 0
FullNghs:         7364 ave        7364 max        7364 min
Histogram: 1 0 0 0 0 0 0 0 0 0

Total # of neighbors = 7364
Ave neighs/atom = 34.092593
Neighbor list builds = 0
Dangerous builds = 0
next i
jump SELF loop_struct
clear
  using 1 OpenMP thread(s) per MPI task
log energies.log append
units metal
boundary p p p
atom_style atomic
read_data Si333_${i}.in
read_data Si333_111.in
Reading data file ...
  orthogonal box = (0 0 0) to (16.331106 16.331106 16.331106)
  1 by 1 by 1 MPI processor grid
  reading atoms ...
  216 atoms
  reading velocities ...
  216 velocities
  read_data CPU = 0.001 seconds
mass 1 28.085
pair_style sw
pair_coeff * * Si.sw Si
Reading sw potential file Si.sw with DATE: 2007-06-11
run 0
Neighbor list info ...
  update: every = 1 steps, delay = 0 steps, check = yes
  max neighbors/atom: 2000, page size: 100000
  master list distance cutoff = 5.77118
  ghost atom cutoff = 5.77118
  binsize = 2.88559, bins = 6 6 6
  1 neighbor lists, perpetual/occasional/extra = 1 0 0
  (1) pair sw, perpetual
      attributes: full, newton on
      pair build: full/bin/atomonly
      stencil: full/bin/3d
      bin: standard
Per MPI rank memory allocation (min/avg/max) = 3.084 | 3.084 | 3.084 Mbytes
   Step          Temp          E_pair         E_mol          TotEng         Press     
WARNING: Too many warnings: 111 vs 100. All future warnings will be suppressed (src/thermo.cpp:478)
         0   0             -932.99969      0             -932.99969     -6091.7178    
Loop time of 1.03e-06 on 1 procs for 0 steps with 216 atoms

0.0% CPU use with 1 MPI tasks x 1 OpenMP threads

MPI task timing breakdown:
Section |  min time  |  avg time  |  max time  |%varavg| %total
---------------------------------------------------------------
Pair    | 0          | 0          | 0          |   0.0 |  0.00
Neigh   | 0          | 0          | 0          |   0.0 |  0.00
Comm    | 0          | 0          | 0          |   0.0 |  0.00
Output  | 0          | 0          | 0          |   0.0 |  0.00
Modify  | 0          | 0          | 0          |   0.0 |  0.00
Other   |            | 1.03e-06   |            |       |100.00

Nlocal:            216 ave         216 max         216 min
Histogram: 1 0 0 0 0 0 0 0 0 0
Nghost:            889 ave         889 max         889 min
Histogram: 1 0 0 0 0 0 0 0 0 0
Neighs:              0 ave           0 max           0 min
Histogram: 1 0 0 0 0 0 0 0 0 0
FullNghs:         7344 ave        7344 max        7344 min
Histogram: 1 0 0 0 0 0 0 0 0 0

Total # of neighbors = 7344
Ave neighs/atom = 34
Neighbor list builds = 0
Dangerous builds = 0
next i
jump SELF loop_struct
clear
  using 1 OpenMP thread(s) per MPI task
log energies.log append
units metal
boundary p p p
atom_style atomic
read_data Si333_${i}.in
read_data Si333_112.in
Reading data file ...
  orthogonal box = (0 0 0) to (16.331106 16.331106 16.331106)
  1 by 1 by 1 MPI processor grid
  reading atoms ...
  216 atoms
  reading velocities ...
  216 velocities
  read_data CPU = 0.001 seconds
mass 1 28.085
pair_style sw
pair_coeff * * Si.sw Si
Reading sw potential file Si.sw with DATE: 2007-06-11
run 0
Neighbor list info ...
  update: every = 1 steps, delay = 0 steps, check = yes
  max neighbors/atom: 2000, page size: 100000
  master list distance cutoff = 5.77118
  ghost atom cutoff = 5.77118
  binsize = 2.88559, bins = 6 6 6
  1 neighbor lists, perpetual/occasional/extra = 1 0 0
  (1) pair sw, perpetual
      attributes: full, newton on
      pair build: full/bin/atomonly
      stencil: full/bin/3d
      bin: standard
Per MPI rank memory allocation (min/avg/max) = 3.083 | 3.083 | 3.083 Mbytes
   Step          Temp          E_pair         E_mol          TotEng         Press     
WARNING: Too many warnings: 112 vs 100. All future warnings will be suppressed (src/thermo.cpp:478)
         0   0             -933.32877      0             -933.32877     -6246.305     
Loop time of 1.03e-06 on 1 procs for 0 steps with 216 atoms

0.0% CPU use with 1 MPI tasks x 1 OpenMP threads

MPI task timing breakdown:
Section |  min time  |  avg time  |  max time  |%varavg| %total
---------------------------------------------------------------
Pair    | 0          | 0          | 0          |   0.0 |  0.00
Neigh   | 0          | 0          | 0          |   0.0 |  0.00
Comm    | 0          | 0          | 0          |   0.0 |  0.00
Output  | 0          | 0          | 0          |   0.0 |  0.00
Modify  | 0          | 0          | 0          |   0.0 |  0.00
Other   |            | 1.03e-06   |            |       |100.00

Nlocal:            216 ave         216 max         216 min
Histogram: 1 0 0 0 0 0 0 0 0 0
Nghost:            834 ave         834 max         834 min
Histogram: 1 0 0 0 0 0 0 0 0 0
Neighs:              0 ave           0 max           0 min
Histogram: 1 0 0 0 0 0 0 0 0 0
FullNghs:         7344 ave        7344 max        7344 min
Histogram: 1 0 0 0 0 0 0 0 0 0

Total # of neighbors = 7344
Ave neighs/atom = 34
Neighbor list builds = 0
Dangerous builds = 0
next i
jump SELF loop_struct
clear
  using 1 OpenMP thread(s) per MPI task
log energies.log append
units metal
boundary p p p
atom_style atomic
read_data Si333_${i}.in
read_data Si333_113.in
Reading data file ...
  orthogonal box = (0 0 0) to (16.331106 16.331106 16.331106)
  1 by 1 by 1 MPI processor grid
  reading atoms ...
  216 atoms
  reading velocities ...
  216 velocities
  read_data CPU = 0.001 seconds
mass 1 28.085
pair_style sw
pair_coeff * * Si.sw Si
Reading sw potential file Si.sw with DATE: 2007-06-11
run 0
Neighbor list info ...
  update: every = 1 steps, delay = 0 steps, check = yes
  max neighbors/atom: 2000, page size: 100000
  master list distance cutoff = 5.77118
  ghost atom cutoff = 5.77118
  binsize = 2.88559, bins = 6 6 6
  1 neighbor lists, perpetual/occasional/extra = 1 0 0
  (1) pair sw, perpetual
      attributes: full, newton on
      pair build: full/bin/atomonly
      stencil: full/bin/3d
      bin: standard
Per MPI rank memory allocation (min/avg/max) = 3.083 | 3.083 | 3.083 Mbytes
   Step          Temp          E_pair         E_mol          TotEng         Press     
WARNING: Too many warnings: 113 vs 100. All future warnings will be suppressed (src/thermo.cpp:478)
         0   0             -738.23932      0             -738.23932      98383.698    
Loop time of 1.02e-06 on 1 procs for 0 steps with 216 atoms

0.0% CPU use with 1 MPI tasks x 1 OpenMP threads

MPI task timing breakdown:
Section |  min time  |  avg time  |  max time  |%varavg| %total
---------------------------------------------------------------
Pair    | 0          | 0          | 0          |   0.0 |  0.00
Neigh   | 0          | 0          | 0          |   0.0 |  0.00
Comm    | 0          | 0          | 0          |   0.0 |  0.00
Output  | 0          | 0          | 0          |   0.0 |  0.00
Modify  | 0          | 0          | 0          |   0.0 |  0.00
Other   |            | 1.02e-06   |            |       |100.00

Nlocal:            216 ave         216 max         216 min
Histogram: 1 0 0 0 0 0 0 0 0 0
Nghost:            840 ave         840 max         840 min
Histogram: 1 0 0 0 0 0 0 0 0 0
Neighs:              0 ave           0 max           0 min
Histogram: 1 0 0 0 0 0 0 0 0 0
FullNghs:         7374 ave        7374 max        7374 min
Histogram: 1 0 0 0 0 0 0 0 0 0

Total # of neighbors = 7374
Ave neighs/atom = 34.138889
Neighbor list builds = 0
Dangerous builds = 0
next i
jump SELF loop_struct
clear
  using 1 OpenMP thread(s) per MPI task
log energies.log append
units metal
boundary p p p
atom_style atomic
read_data Si333_${i}.in
read_data Si333_114.in
Reading data file ...
  orthogonal box = (0 0 0) to (16.331106 16.331106 16.331106)
  1 by 1 by 1 MPI processor grid
  reading atoms ...
  216 atoms
  reading velocities ...
  216 velocities
  read_data CPU = 0.001 seconds
mass 1 28.085
pair_style sw
pair_coeff * * Si.sw Si
Reading sw potential file Si.sw with DATE: 2007-06-11
run 0
Neighbor list info ...
  update: every = 1 steps, delay = 0 steps, check = yes
  max neighbors/atom: 2000, page size: 100000
  master list distance cutoff = 5.77118
  ghost atom cutoff = 5.77118
  binsize = 2.88559, bins = 6 6 6
  1 neighbor lists, perpetual/occasional/extra = 1 0 0
  (1) pair sw, perpetual
      attributes: full, newton on
      pair build: full/bin/atomonly
      stencil: full/bin/3d
      bin: standard
Per MPI rank memory allocation (min/avg/max) = 3.092 | 3.092 | 3.092 Mbytes
   Step          Temp          E_pair         E_mol          TotEng         Press     
WARNING: Too many warnings: 114 vs 100. All future warnings will be suppressed (src/thermo.cpp:478)
         0   0             -933.11522      0             -933.11522     -6137.99      
Loop time of 1.02e-06 on 1 procs for 0 steps with 216 atoms

0.0% CPU use with 1 MPI tasks x 1 OpenMP threads

MPI task timing breakdown:
Section |  min time  |  avg time  |  max time  |%varavg| %total
---------------------------------------------------------------
Pair    | 0          | 0          | 0          |   0.0 |  0.00
Neigh   | 0          | 0          | 0          |   0.0 |  0.00
Comm    | 0          | 0          | 0          |   0.0 |  0.00
Output  | 0          | 0          | 0          |   0.0 |  0.00
Modify  | 0          | 0          | 0          |   0.0 |  0.00
Other   |            | 1.02e-06   |            |       |100.00

Nlocal:            216 ave         216 max         216 min
Histogram: 1 0 0 0 0 0 0 0 0 0
Nghost:            939 ave         939 max         939 min
Histogram: 1 0 0 0 0 0 0 0 0 0
Neighs:              0 ave           0 max           0 min
Histogram: 1 0 0 0 0 0 0 0 0 0
FullNghs:         7344 ave        7344 max        7344 min
Histogram: 1 0 0 0 0 0 0 0 0 0

Total # of neighbors = 7344
Ave neighs/atom = 34
Neighbor list builds = 0
Dangerous builds = 0
next i
jump SELF loop_struct
clear
  using 1 OpenMP thread(s) per MPI task
log energies.log append
units metal
boundary p p p
atom_style atomic
read_data Si333_${i}.in
read_data Si333_115.in
Reading data file ...
  orthogonal box = (0 0 0) to (16.331106 16.331106 16.331106)
  1 by 1 by 1 MPI processor grid
  reading atoms ...
  216 atoms
  reading velocities ...
  216 velocities
  read_data CPU = 0.001 seconds
mass 1 28.085
pair_style sw
pair_coeff * * Si.sw Si
Reading sw potential file Si.sw with DATE: 2007-06-11
run 0
Neighbor list info ...
  update: every = 1 steps, delay = 0 steps, check = yes
  max neighbors/atom: 2000, page size: 100000
  master list distance cutoff = 5.77118
  ghost atom cutoff = 5.77118
  binsize = 2.88559, bins = 6 6 6
  1 neighbor lists, perpetual/occasional/extra = 1 0 0
  (1) pair sw, perpetual
      attributes: full, newton on
      pair build: full/bin/atomonly
      stencil: full/bin/3d
      bin: standard
Per MPI rank memory allocation (min/avg/max) = 3.085 | 3.085 | 3.085 Mbytes
   Step          Temp          E_pair         E_mol          TotEng         Press     
WARNING: Too many warnings: 115 vs 100. All future warnings will be suppressed (src/thermo.cpp:478)
         0   0             -658.50611      0             -658.50611      145126.81    
Loop time of 1.4e-06 on 1 procs for 0 steps with 216 atoms

0.0% CPU use with 1 MPI tasks x 1 OpenMP threads

MPI task timing breakdown:
Section |  min time  |  avg time  |  max time  |%varavg| %total
---------------------------------------------------------------
Pair    | 0          | 0          | 0          |   0.0 |  0.00
Neigh   | 0          | 0          | 0          |   0.0 |  0.00
Comm    | 0          | 0          | 0          |   0.0 |  0.00
Output  | 0          | 0          | 0          |   0.0 |  0.00
Modify  | 0          | 0          | 0          |   0.0 |  0.00
Other   |            | 1.4e-06    |            |       |100.00

Nlocal:            216 ave         216 max         216 min
Histogram: 1 0 0 0 0 0 0 0 0 0
Nghost:            837 ave         837 max         837 min
Histogram: 1 0 0 0 0 0 0 0 0 0
Neighs:              0 ave           0 max           0 min
Histogram: 1 0 0 0 0 0 0 0 0 0
FullNghs:         7392 ave        7392 max        7392 min
Histogram: 1 0 0 0 0 0 0 0 0 0

Total # of neighbors = 7392
Ave neighs/atom = 34.222222
Neighbor list builds = 0
Dangerous builds = 0
next i
jump SELF loop_struct
clear
  using 1 OpenMP thread(s) per MPI task
log energies.log append
units metal
boundary p p p
atom_style atomic
read_data Si333_${i}.in
read_data Si333_116.in
Reading data file ...
  orthogonal box = (0 0 0) to (16.331106 16.331106 16.331106)
  1 by 1 by 1 MPI processor grid
  reading atoms ...
  216 atoms
  reading velocities ...
  216 velocities
  read_data CPU = 0.001 seconds
mass 1 28.085
pair_style sw
pair_coeff * * Si.sw Si
Reading sw potential file Si.sw with DATE: 2007-06-11
run 0
Neighbor list info ...
  update: every = 1 steps, delay = 0 steps, check = yes
  max neighbors/atom: 2000, page size: 100000
  master list distance cutoff = 5.77118
  ghost atom cutoff = 5.77118
  binsize = 2.88559, bins = 6 6 6
  1 neighbor lists, perpetual/occasional/extra = 1 0 0
  (1) pair sw, perpetual
      attributes: full, newton on
      pair build: full/bin/atomonly
      stencil: full/bin/3d
      bin: standard
Per MPI rank memory allocation (min/avg/max) = 3.083 | 3.083 | 3.083 Mbytes
   Step          Temp          E_pair         E_mol          TotEng         Press     
WARNING: Too many warnings: 116 vs 100. All future warnings will be suppressed (src/thermo.cpp:478)
         0   0             -620.47962      0             -620.47962      158264.72    
Loop time of 1.02e-06 on 1 procs for 0 steps with 216 atoms

0.0% CPU use with 1 MPI tasks x 1 OpenMP threads

MPI task timing breakdown:
Section |  min time  |  avg time  |  max time  |%varavg| %total
---------------------------------------------------------------
Pair    | 0          | 0          | 0          |   0.0 |  0.00
Neigh   | 0          | 0          | 0          |   0.0 |  0.00
Comm    | 0          | 0          | 0          |   0.0 |  0.00
Output  | 0          | 0          | 0          |   0.0 |  0.00
Modify  | 0          | 0          | 0          |   0.0 |  0.00
Other   |            | 1.02e-06   |            |       |100.00

Nlocal:            216 ave         216 max         216 min
Histogram: 1 0 0 0 0 0 0 0 0 0
Nghost:            838 ave         838 max         838 min
Histogram: 1 0 0 0 0 0 0 0 0 0
Neighs:              0 ave           0 max           0 min
Histogram: 1 0 0 0 0 0 0 0 0 0
FullNghs:         7364 ave        7364 max        7364 min
Histogram: 1 0 0 0 0 0 0 0 0 0

Total # of neighbors = 7364
Ave neighs/atom = 34.092593
Neighbor list builds = 0
Dangerous builds = 0
next i
jump SELF loop_struct
clear
  using 1 OpenMP thread(s) per MPI task
log energies.log append
units metal
boundary p p p
atom_style atomic
read_data Si333_${i}.in
read_data Si333_117.in
Reading data file ...
  orthogonal box = (0 0 0) to (16.331106 16.331106 16.331106)
  1 by 1 by 1 MPI processor grid
  reading atoms ...
  216 atoms
  reading velocities ...
  216 velocities
  read_data CPU = 0.001 seconds
mass 1 28.085
pair_style sw
pair_coeff * * Si.sw Si
Reading sw potential file Si.sw with DATE: 2007-06-11
run 0
Neighbor list info ...
  update: every = 1 steps, delay = 0 steps, check = yes
  max neighbors/atom: 2000, page size: 100000
  master list distance cutoff = 5.77118
  ghost atom cutoff = 5.77118
  binsize = 2.88559, bins = 6 6 6
  1 neighbor lists, perpetual/occasional/extra = 1 0 0
  (1) pair sw, perpetual
      attributes: full, newton on
      pair build: full/bin/atomonly
      stencil: full/bin/3d
      bin: standard
Per MPI rank memory allocation (min/avg/max) = 3.089 | 3.089 | 3.089 Mbytes
   Step          Temp          E_pair         E_mol          TotEng         Press     
WARNING: Too many warnings: 117 vs 100. All future warnings will be suppressed (src/thermo.cpp:478)
         0   0             -552.26779      0             -552.26779      198417.19    
Loop time of 1.01e-06 on 1 procs for 0 steps with 216 atoms

0.0% CPU use with 1 MPI tasks x 1 OpenMP threads

MPI task timing breakdown:
Section |  min time  |  avg time  |  max time  |%varavg| %total
---------------------------------------------------------------
Pair    | 0          | 0          | 0          |   0.0 |  0.00
Neigh   | 0          | 0          | 0          |   0.0 |  0.00
Comm    | 0          | 0          | 0          |   0.0 |  0.00
Output  | 0          | 0          | 0          |   0.0 |  0.00
Modify  | 0          | 0          | 0          |   0.0 |  0.00
Other   |            | 1.01e-06   |            |       |100.00

Nlocal:            216 ave         216 max         216 min
Histogram: 1 0 0 0 0 0 0 0 0 0
Nghost:            882 ave         882 max         882 min
Histogram: 1 0 0 0 0 0 0 0 0 0
Neighs:              0 ave           0 max           0 min
Histogram: 1 0 0 0 0 0 0 0 0 0
FullNghs:         7404 ave        7404 max        7404 min
Histogram: 1 0 0 0 0 0 0 0 0 0

Total # of neighbors = 7404
Ave neighs/atom = 34.277778
Neighbor list builds = 0
Dangerous builds = 0
next i
jump SELF loop_struct
clear
  using 1 OpenMP thread(s) per MPI task
log energies.log append
units metal
boundary p p p
atom_style atomic
read_data Si333_${i}.in
read_data Si333_118.in
Reading data file ...
  orthogonal box = (0 0 0) to (16.331106 16.331106 16.331106)
  1 by 1 by 1 MPI processor grid
  reading atoms ...
  216 atoms
  reading velocities ...
  216 velocities
  read_data CPU = 0.001 seconds
mass 1 28.085
pair_style sw
pair_coeff * * Si.sw Si
Reading sw potential file Si.sw with DATE: 2007-06-11
run 0
Neighbor list info ...
  update: every = 1 steps, delay = 0 steps, check = yes
  max neighbors/atom: 2000, page size: 100000
  master list distance cutoff = 5.77118
  ghost atom cutoff = 5.77118
  binsize = 2.88559, bins = 6 6 6
  1 neighbor lists, perpetual/occasional/extra = 1 0 0
  (1) pair sw, perpetual
      attributes: full, newton on
      pair build: full/bin/atomonly
      stencil: full/bin/3d
      bin: standard
Per MPI rank memory allocation (min/avg/max) = 3.082 | 3.082 | 3.082 Mbytes
   Step          Temp          E_pair         E_mol          TotEng         Press     
WARNING: Too many warnings: 118 vs 100. All future warnings will be suppressed (src/thermo.cpp:478)
         0   0             -735.98569      0             -735.98569      99494.428    
Loop time of 1.05e-06 on 1 procs for 0 steps with 216 atoms

0.0% CPU use with 1 MPI tasks x 1 OpenMP threads

MPI task timing breakdown:
Section |  min time  |  avg time  |  max time  |%varavg| %total
---------------------------------------------------------------
Pair    | 0          | 0          | 0          |   0.0 |  0.00
Neigh   | 0          | 0          | 0          |   0.0 |  0.00
Comm    | 0          | 0          | 0          |   0.0 |  0.00
Output  | 0          | 0          | 0          |   0.0 |  0.00
Modify  | 0          | 0          | 0          |   0.0 |  0.00
Other   |            | 1.05e-06   |            |       |100.00

Nlocal:            216 ave         216 max         216 min
Histogram: 1 0 0 0 0 0 0 0 0 0
Nghost:            802 ave         802 max         802 min
Histogram: 1 0 0 0 0 0 0 0 0 0
Neighs:              0 ave           0 max           0 min
Histogram: 1 0 0 0 0 0 0 0 0 0
FullNghs:         7382 ave        7382 max        7382 min
Histogram: 1 0 0 0 0 0 0 0 0 0

Total # of neighbors = 7382
Ave neighs/atom = 34.175926
Neighbor list builds = 0
Dangerous builds = 0
next i
jump SELF loop_struct
clear
  using 1 OpenMP thread(s) per MPI task
log energies.log append
units metal
boundary p p p
atom_style atomic
read_data Si333_${i}.in
read_data Si333_119.in
Reading data file ...
  orthogonal box = (0 0 0) to (16.331106 16.331106 16.331106)
  1 by 1 by 1 MPI processor grid
  reading atoms ...
  216 atoms
  reading velocities ...
  216 velocities
  read_data CPU = 0.001 seconds
mass 1 28.085
pair_style sw
pair_coeff * * Si.sw Si
Reading sw potential file Si.sw with DATE: 2007-06-11
run 0
Neighbor list info ...
  update: every = 1 steps, delay = 0 steps, check = yes
  max neighbors/atom: 2000, page size: 100000
  master list distance cutoff = 5.77118
  ghost atom cutoff = 5.77118
  binsize = 2.88559, bins = 6 6 6
  1 neighbor lists, perpetual/occasional/extra = 1 0 0
  (1) pair sw, perpetual
      attributes: full, newton on
      pair build: full/bin/atomonly
      stencil: full/bin/3d
      bin: standard
Per MPI rank memory allocation (min/avg/max) = 3.086 | 3.086 | 3.086 Mbytes
   Step          Temp          E_pair         E_mol          TotEng         Press     
WARNING: Too many warnings: 119 vs 100. All future warnings will be suppressed (src/thermo.cpp:478)
         0   0             -641.99218      0             -641.99218      152540.07    
Loop time of 1.01e-06 on 1 procs for 0 steps with 216 atoms

99.0% CPU use with 1 MPI tasks x 1 OpenMP threads

MPI task timing breakdown:
Section |  min time  |  avg time  |  max time  |%varavg| %total
---------------------------------------------------------------
Pair    | 0          | 0          | 0          |   0.0 |  0.00
Neigh   | 0          | 0          | 0          |   0.0 |  0.00
Comm    | 0          | 0          | 0          |   0.0 |  0.00
Output  | 0          | 0          | 0          |   0.0 |  0.00
Modify  | 0          | 0          | 0          |   0.0 |  0.00
Other   |            | 1.01e-06   |            |       |100.00

Nlocal:            216 ave         216 max         216 min
Histogram: 1 0 0 0 0 0 0 0 0 0
Nghost:            884 ave         884 max         884 min
Histogram: 1 0 0 0 0 0 0 0 0 0
Neighs:              0 ave           0 max           0 min
Histogram: 1 0 0 0 0 0 0 0 0 0
FullNghs:         7404 ave        7404 max        7404 min
Histogram: 1 0 0 0 0 0 0 0 0 0

Total # of neighbors = 7404
Ave neighs/atom = 34.277778
Neighbor list builds = 0
Dangerous builds = 0
next i
jump SELF loop_struct
clear
  using 1 OpenMP thread(s) per MPI task
log energies.log append
units metal
boundary p p p
atom_style atomic
read_data Si333_${i}.in
read_data Si333_120.in
Reading data file ...
  orthogonal box = (0 0 0) to (16.331106 16.331106 16.331106)
  1 by 1 by 1 MPI processor grid
  reading atoms ...
  216 atoms
  reading velocities ...
  216 velocities
  read_data CPU = 0.001 seconds
mass 1 28.085
pair_style sw
pair_coeff * * Si.sw Si
Reading sw potential file Si.sw with DATE: 2007-06-11
run 0
Neighbor list info ...
  update: every = 1 steps, delay = 0 steps, check = yes
  max neighbors/atom: 2000, page size: 100000
  master list distance cutoff = 5.77118
  ghost atom cutoff = 5.77118
  binsize = 2.88559, bins = 6 6 6
  1 neighbor lists, perpetual/occasional/extra = 1 0 0
  (1) pair sw, perpetual
      attributes: full, newton on
      pair build: full/bin/atomonly
      stencil: full/bin/3d
      bin: standard
Per MPI rank memory allocation (min/avg/max) = 3.084 | 3.084 | 3.084 Mbytes
   Step          Temp          E_pair         E_mol          TotEng         Press     
WARNING: Too many warnings: 120 vs 100. All future warnings will be suppressed (src/thermo.cpp:478)
         0   0             -852.08616      0             -852.08616      40562.564    
Loop time of 1.02e-06 on 1 procs for 0 steps with 216 atoms

0.0% CPU use with 1 MPI tasks x 1 OpenMP threads

MPI task timing breakdown:
Section |  min time  |  avg time  |  max time  |%varavg| %total
---------------------------------------------------------------
Pair    | 0          | 0          | 0          |   0.0 |  0.00
Neigh   | 0          | 0          | 0          |   0.0 |  0.00
Comm    | 0          | 0          | 0          |   0.0 |  0.00
Output  | 0          | 0          | 0          |   0.0 |  0.00
Modify  | 0          | 0          | 0          |   0.0 |  0.00
Other   |            | 1.02e-06   |            |       |100.00

Nlocal:            216 ave         216 max         216 min
Histogram: 1 0 0 0 0 0 0 0 0 0
Nghost:            863 ave         863 max         863 min
Histogram: 1 0 0 0 0 0 0 0 0 0
Neighs:              0 ave           0 max           0 min
Histogram: 1 0 0 0 0 0 0 0 0 0
FullNghs:         7374 ave        7374 max        7374 min
Histogram: 1 0 0 0 0 0 0 0 0 0

Total # of neighbors = 7374
Ave neighs/atom = 34.138889
Neighbor list builds = 0
Dangerous builds = 0
next i
jump SELF loop_struct
clear
  using 1 OpenMP thread(s) per MPI task
log energies.log append
units metal
boundary p p p
atom_style atomic
read_data Si333_${i}.in
read_data Si333_121.in
Reading data file ...
  orthogonal box = (0 0 0) to (16.331106 16.331106 16.331106)
  1 by 1 by 1 MPI processor grid
  reading atoms ...
  216 atoms
  reading velocities ...
  216 velocities
  read_data CPU = 0.001 seconds
mass 1 28.085
pair_style sw
pair_coeff * * Si.sw Si
Reading sw potential file Si.sw with DATE: 2007-06-11
run 0
Neighbor list info ...
  update: every = 1 steps, delay = 0 steps, check = yes
  max neighbors/atom: 2000, page size: 100000
  master list distance cutoff = 5.77118
  ghost atom cutoff = 5.77118
  binsize = 2.88559, bins = 6 6 6
  1 neighbor lists, perpetual/occasional/extra = 1 0 0
  (1) pair sw, perpetual
      attributes: full, newton on
      pair build: full/bin/atomonly
      stencil: full/bin/3d
      bin: standard
Per MPI rank memory allocation (min/avg/max) = 3.084 | 3.084 | 3.084 Mbytes
   Step          Temp          E_pair         E_mol          TotEng         Press     
WARNING: Too many warnings: 121 vs 100. All future warnings will be suppressed (src/thermo.cpp:478)
         0   0             -933.55253      0             -933.55253     -6284.8491    
Loop time of 1.02e-06 on 1 procs for 0 steps with 216 atoms

98.0% CPU use with 1 MPI tasks x 1 OpenMP threads

MPI task timing breakdown:
Section |  min time  |  avg time  |  max time  |%varavg| %total
---------------------------------------------------------------
Pair    | 0          | 0          | 0          |   0.0 |  0.00
Neigh   | 0          | 0          | 0          |   0.0 |  0.00
Comm    | 0          | 0          | 0          |   0.0 |  0.00
Output  | 0          | 0          | 0          |   0.0 |  0.00
Modify  | 0          | 0          | 0          |   0.0 |  0.00
Other   |            | 1.02e-06   |            |       |100.00

Nlocal:            216 ave         216 max         216 min
Histogram: 1 0 0 0 0 0 0 0 0 0
Nghost:            884 ave         884 max         884 min
Histogram: 1 0 0 0 0 0 0 0 0 0
Neighs:              0 ave           0 max           0 min
Histogram: 1 0 0 0 0 0 0 0 0 0
FullNghs:         7346 ave        7346 max        7346 min
Histogram: 1 0 0 0 0 0 0 0 0 0

Total # of neighbors = 7346
Ave neighs/atom = 34.009259
Neighbor list builds = 0
Dangerous builds = 0
next i
jump SELF loop_struct
clear
  using 1 OpenMP thread(s) per MPI task
log energies.log append
units metal
boundary p p p
atom_style atomic
read_data Si333_${i}.in
read_data Si333_122.in
Reading data file ...
  orthogonal box = (0 0 0) to (16.331106 16.331106 16.331106)
  1 by 1 by 1 MPI processor grid
  reading atoms ...
  216 atoms
  reading velocities ...
  216 velocities
  read_data CPU = 0.001 seconds
mass 1 28.085
pair_style sw
pair_coeff * * Si.sw Si
Reading sw potential file Si.sw with DATE: 2007-06-11
run 0
Neighbor list info ...
  update: every = 1 steps, delay = 0 steps, check = yes
  max neighbors/atom: 2000, page size: 100000
  master list distance cutoff = 5.77118
  ghost atom cutoff = 5.77118
  binsize = 2.88559, bins = 6 6 6
  1 neighbor lists, perpetual/occasional/extra = 1 0 0
  (1) pair sw, perpetual
      attributes: full, newton on
      pair build: full/bin/atomonly
      stencil: full/bin/3d
      bin: standard
Per MPI rank memory allocation (min/avg/max) = 3.09 | 3.09 | 3.09 Mbytes
   Step          Temp          E_pair         E_mol          TotEng         Press     
WARNING: Too many warnings: 122 vs 100. All future warnings will be suppressed (src/thermo.cpp:478)
         0   0             -933.42181      0             -933.42181     -6224.1926    
Loop time of 1.01e-06 on 1 procs for 0 steps with 216 atoms

0.0% CPU use with 1 MPI tasks x 1 OpenMP threads

MPI task timing breakdown:
Section |  min time  |  avg time  |  max time  |%varavg| %total
---------------------------------------------------------------
Pair    | 0          | 0          | 0          |   0.0 |  0.00
Neigh   | 0          | 0          | 0          |   0.0 |  0.00
Comm    | 0          | 0          | 0          |   0.0 |  0.00
Output  | 0          | 0          | 0          |   0.0 |  0.00
Modify  | 0          | 0          | 0          |   0.0 |  0.00
Other   |            | 1.01e-06   |            |       |100.00

Nlocal:            216 ave         216 max         216 min
Histogram: 1 0 0 0 0 0 0 0 0 0
Nghost:            884 ave         884 max         884 min
Histogram: 1 0 0 0 0 0 0 0 0 0
Neighs:              0 ave           0 max           0 min
Histogram: 1 0 0 0 0 0 0 0 0 0
FullNghs:         7344 ave        7344 max        7344 min
Histogram: 1 0 0 0 0 0 0 0 0 0

Total # of neighbors = 7344
Ave neighs/atom = 34
Neighbor list builds = 0
Dangerous builds = 0
next i
jump SELF loop_struct
clear
  using 1 OpenMP thread(s) per MPI task
log energies.log append
units metal
boundary p p p
atom_style atomic
read_data Si333_${i}.in
read_data Si333_123.in
Reading data file ...
  orthogonal box = (0 0 0) to (16.331106 16.331106 16.331106)
  1 by 1 by 1 MPI processor grid
  reading atoms ...
  216 atoms
  reading velocities ...
  216 velocities
  read_data CPU = 0.001 seconds
mass 1 28.085
pair_style sw
pair_coeff * * Si.sw Si
Reading sw potential file Si.sw with DATE: 2007-06-11
run 0
Neighbor list info ...
  update: every = 1 steps, delay = 0 steps, check = yes
  max neighbors/atom: 2000, page size: 100000
  master list distance cutoff = 5.77118
  ghost atom cutoff = 5.77118
  binsize = 2.88559, bins = 6 6 6
  1 neighbor lists, perpetual/occasional/extra = 1 0 0
  (1) pair sw, perpetual
      attributes: full, newton on
      pair build: full/bin/atomonly
      stencil: full/bin/3d
      bin: standard
Per MPI rank memory allocation (min/avg/max) = 3.081 | 3.081 | 3.081 Mbytes
   Step          Temp          E_pair         E_mol          TotEng         Press     
WARNING: Too many warnings: 123 vs 100. All future warnings will be suppressed (src/thermo.cpp:478)
         0   0             -554.56716      0             -554.56716      190906.42    
Loop time of 1.02e-06 on 1 procs for 0 steps with 216 atoms

98.0% CPU use with 1 MPI tasks x 1 OpenMP threads

MPI task timing breakdown:
Section |  min time  |  avg time  |  max time  |%varavg| %total
---------------------------------------------------------------
Pair    | 0          | 0          | 0          |   0.0 |  0.00
Neigh   | 0          | 0          | 0          |   0.0 |  0.00
Comm    | 0          | 0          | 0          |   0.0 |  0.00
Output  | 0          | 0          | 0          |   0.0 |  0.00
Modify  | 0          | 0          | 0          |   0.0 |  0.00
Other   |            | 1.02e-06   |            |       |100.00

Nlocal:            216 ave         216 max         216 min
Histogram: 1 0 0 0 0 0 0 0 0 0
Nghost:            784 ave         784 max         784 min
Histogram: 1 0 0 0 0 0 0 0 0 0
Neighs:              0 ave           0 max           0 min
Histogram: 1 0 0 0 0 0 0 0 0 0
FullNghs:         7370 ave        7370 max        7370 min
Histogram: 1 0 0 0 0 0 0 0 0 0

Total # of neighbors = 7370
Ave neighs/atom = 34.12037
Neighbor list builds = 0
Dangerous builds = 0
next i
jump SELF loop_struct
clear
  using 1 OpenMP thread(s) per MPI task
log energies.log append
units metal
boundary p p p
atom_style atomic
read_data Si333_${i}.in
read_data Si333_124.in
Reading data file ...
  orthogonal box = (0 0 0) to (16.331106 16.331106 16.331106)
  1 by 1 by 1 MPI processor grid
  reading atoms ...
  216 atoms
  reading velocities ...
  216 velocities
  read_data CPU = 0.001 seconds
mass 1 28.085
pair_style sw
pair_coeff * * Si.sw Si
Reading sw potential file Si.sw with DATE: 2007-06-11
run 0
Neighbor list info ...
  update: every = 1 steps, delay = 0 steps, check = yes
  max neighbors/atom: 2000, page size: 100000
  master list distance cutoff = 5.77118
  ghost atom cutoff = 5.77118
  binsize = 2.88559, bins = 6 6 6
  1 neighbor lists, perpetual/occasional/extra = 1 0 0
  (1) pair sw, perpetual
      attributes: full, newton on
      pair build: full/bin/atomonly
      stencil: full/bin/3d
      bin: standard
Per MPI rank memory allocation (min/avg/max) = 3.081 | 3.081 | 3.081 Mbytes
   Step          Temp          E_pair         E_mol          TotEng         Press     
WARNING: Too many warnings: 124 vs 100. All future warnings will be suppressed (src/thermo.cpp:478)
         0   0             -933.35347      0             -933.35347     -6264.4938    
Loop time of 1.19e-06 on 1 procs for 0 steps with 216 atoms

0.0% CPU use with 1 MPI tasks x 1 OpenMP threads

MPI task timing breakdown:
Section |  min time  |  avg time  |  max time  |%varavg| %total
---------------------------------------------------------------
Pair    | 0          | 0          | 0          |   0.0 |  0.00
Neigh   | 0          | 0          | 0          |   0.0 |  0.00
Comm    | 0          | 0          | 0          |   0.0 |  0.00
Output  | 0          | 0          | 0          |   0.0 |  0.00
Modify  | 0          | 0          | 0          |   0.0 |  0.00
Other   |            | 1.19e-06   |            |       |100.00

Nlocal:            216 ave         216 max         216 min
Histogram: 1 0 0 0 0 0 0 0 0 0
Nghost:            802 ave         802 max         802 min
Histogram: 1 0 0 0 0 0 0 0 0 0
Neighs:              0 ave           0 max           0 min
Histogram: 1 0 0 0 0 0 0 0 0 0
FullNghs:         7344 ave        7344 max        7344 min
Histogram: 1 0 0 0 0 0 0 0 0 0

Total # of neighbors = 7344
Ave neighs/atom = 34
Neighbor list builds = 0
Dangerous builds = 0
next i
jump SELF loop_struct
clear
  using 1 OpenMP thread(s) per MPI task
log energies.log append
units metal
boundary p p p
atom_style atomic
read_data Si333_${i}.in
read_data Si333_125.in
Reading data file ...
  orthogonal box = (0 0 0) to (16.331106 16.331106 16.331106)
  1 by 1 by 1 MPI processor grid
  reading atoms ...
  216 atoms
  reading velocities ...
  216 velocities
  read_data CPU = 0.001 seconds
mass 1 28.085
pair_style sw
pair_coeff * * Si.sw Si
Reading sw potential file Si.sw with DATE: 2007-06-11
run 0
Neighbor list info ...
  update: every = 1 steps, delay = 0 steps, check = yes
  max neighbors/atom: 2000, page size: 100000
  master list distance cutoff = 5.77118
  ghost atom cutoff = 5.77118
  binsize = 2.88559, bins = 6 6 6
  1 neighbor lists, perpetual/occasional/extra = 1 0 0
  (1) pair sw, perpetual
      attributes: full, newton on
      pair build: full/bin/atomonly
      stencil: full/bin/3d
      bin: standard
Per MPI rank memory allocation (min/avg/max) = 3.086 | 3.086 | 3.086 Mbytes
   Step          Temp          E_pair         E_mol          TotEng         Press     
WARNING: Too many warnings: 125 vs 100. All future warnings will be suppressed (src/thermo.cpp:478)
         0   0             -709.43607      0             -709.43607      118188.99    
Loop time of 1.03e-06 on 1 procs for 0 steps with 216 atoms

0.0% CPU use with 1 MPI tasks x 1 OpenMP threads

MPI task timing breakdown:
Section |  min time  |  avg time  |  max time  |%varavg| %total
---------------------------------------------------------------
Pair    | 0          | 0          | 0          |   0.0 |  0.00
Neigh   | 0          | 0          | 0          |   0.0 |  0.00
Comm    | 0          | 0          | 0          |   0.0 |  0.00
Output  | 0          | 0          | 0          |   0.0 |  0.00
Modify  | 0          | 0          | 0          |   0.0 |  0.00
Other   |            | 1.03e-06   |            |       |100.00

Nlocal:            216 ave         216 max         216 min
Histogram: 1 0 0 0 0 0 0 0 0 0
Nghost:            884 ave         884 max         884 min
Histogram: 1 0 0 0 0 0 0 0 0 0
Neighs:              0 ave           0 max           0 min
Histogram: 1 0 0 0 0 0 0 0 0 0
FullNghs:         7418 ave        7418 max        7418 min
Histogram: 1 0 0 0 0 0 0 0 0 0

Total # of neighbors = 7418
Ave neighs/atom = 34.342593
Neighbor list builds = 0
Dangerous builds = 0
next i
jump SELF loop_struct
clear
  using 1 OpenMP thread(s) per MPI task
log energies.log append
units metal
boundary p p p
atom_style atomic
read_data Si333_${i}.in
read_data Si333_126.in
Reading data file ...
  orthogonal box = (0 0 0) to (16.331106 16.331106 16.331106)
  1 by 1 by 1 MPI processor grid
  reading atoms ...
  216 atoms
  reading velocities ...
  216 velocities
  read_data CPU = 0.001 seconds
mass 1 28.085
pair_style sw
pair_coeff * * Si.sw Si
Reading sw potential file Si.sw with DATE: 2007-06-11
run 0
Neighbor list info ...
  update: every = 1 steps, delay = 0 steps, check = yes
  max neighbors/atom: 2000, page size: 100000
  master list distance cutoff = 5.77118
  ghost atom cutoff = 5.77118
  binsize = 2.88559, bins = 6 6 6
  1 neighbor lists, perpetual/occasional/extra = 1 0 0
  (1) pair sw, perpetual
      attributes: full, newton on
      pair build: full/bin/atomonly
      stencil: full/bin/3d
      bin: standard
Per MPI rank memory allocation (min/avg/max) = 3.083 | 3.083 | 3.083 Mbytes
   Step          Temp          E_pair         E_mol          TotEng         Press     
WARNING: Too many warnings: 126 vs 100. All future warnings will be suppressed (src/thermo.cpp:478)
         0   0             -467.44987      0             -467.44987      247947.54    
Loop time of 1.01e-06 on 1 procs for 0 steps with 216 atoms

0.0% CPU use with 1 MPI tasks x 1 OpenMP threads

MPI task timing breakdown:
Section |  min time  |  avg time  |  max time  |%varavg| %total
---------------------------------------------------------------
Pair    | 0          | 0          | 0          |   0.0 |  0.00
Neigh   | 0          | 0          | 0          |   0.0 |  0.00
Comm    | 0          | 0          | 0          |   0.0 |  0.00
Output  | 0          | 0          | 0          |   0.0 |  0.00
Modify  | 0          | 0          | 0          |   0.0 |  0.00
Other   |            | 1.01e-06   |            |       |100.00

Nlocal:            216 ave         216 max         216 min
Histogram: 1 0 0 0 0 0 0 0 0 0
Nghost:            838 ave         838 max         838 min
Histogram: 1 0 0 0 0 0 0 0 0 0
Neighs:              0 ave           0 max           0 min
Histogram: 1 0 0 0 0 0 0 0 0 0
FullNghs:         7426 ave        7426 max        7426 min
Histogram: 1 0 0 0 0 0 0 0 0 0

Total # of neighbors = 7426
Ave neighs/atom = 34.37963
Neighbor list builds = 0
Dangerous builds = 0
next i
jump SELF loop_struct
clear
  using 1 OpenMP thread(s) per MPI task
log energies.log append
units metal
boundary p p p
atom_style atomic
read_data Si333_${i}.in
read_data Si333_127.in
Reading data file ...
  orthogonal box = (0 0 0) to (16.331106 16.331106 16.331106)
  1 by 1 by 1 MPI processor grid
  reading atoms ...
  216 atoms
  reading velocities ...
  216 velocities
  read_data CPU = 0.001 seconds
mass 1 28.085
pair_style sw
pair_coeff * * Si.sw Si
Reading sw potential file Si.sw with DATE: 2007-06-11
run 0
Neighbor list info ...
  update: every = 1 steps, delay = 0 steps, check = yes
  max neighbors/atom: 2000, page size: 100000
  master list distance cutoff = 5.77118
  ghost atom cutoff = 5.77118
  binsize = 2.88559, bins = 6 6 6
  1 neighbor lists, perpetual/occasional/extra = 1 0 0
  (1) pair sw, perpetual
      attributes: full, newton on
      pair build: full/bin/atomonly
      stencil: full/bin/3d
      bin: standard
Per MPI rank memory allocation (min/avg/max) = 3.087 | 3.087 | 3.087 Mbytes
   Step          Temp          E_pair         E_mol          TotEng         Press     
WARNING: Too many warnings: 127 vs 100. All future warnings will be suppressed (src/thermo.cpp:478)
         0   0             -385.59027      0             -385.59027      288885.39    
Loop time of 1.02e-06 on 1 procs for 0 steps with 216 atoms

0.0% CPU use with 1 MPI tasks x 1 OpenMP threads

MPI task timing breakdown:
Section |  min time  |  avg time  |  max time  |%varavg| %total
---------------------------------------------------------------
Pair    | 0          | 0          | 0          |   0.0 |  0.00
Neigh   | 0          | 0          | 0          |   0.0 |  0.00
Comm    | 0          | 0          | 0          |   0.0 |  0.00
Output  | 0          | 0          | 0          |   0.0 |  0.00
Modify  | 0          | 0          | 0          |   0.0 |  0.00
Other   |            | 1.02e-06   |            |       |100.00

Nlocal:            216 ave         216 max         216 min
Histogram: 1 0 0 0 0 0 0 0 0 0
Nghost:            890 ave         890 max         890 min
Histogram: 1 0 0 0 0 0 0 0 0 0
Neighs:              0 ave           0 max           0 min
Histogram: 1 0 0 0 0 0 0 0 0 0
FullNghs:         7412 ave        7412 max        7412 min
Histogram: 1 0 0 0 0 0 0 0 0 0

Total # of neighbors = 7412
Ave neighs/atom = 34.314815
Neighbor list builds = 0
Dangerous builds = 0
next i
jump SELF loop_struct
clear
  using 1 OpenMP thread(s) per MPI task
log energies.log append
units metal
boundary p p p
atom_style atomic
read_data Si333_${i}.in
read_data Si333_128.in
Reading data file ...
  orthogonal box = (0 0 0) to (16.331106 16.331106 16.331106)
  1 by 1 by 1 MPI processor grid
  reading atoms ...
  216 atoms
  reading velocities ...
  216 velocities
  read_data CPU = 0.001 seconds
mass 1 28.085
pair_style sw
pair_coeff * * Si.sw Si
Reading sw potential file Si.sw with DATE: 2007-06-11
run 0
Neighbor list info ...
  update: every = 1 steps, delay = 0 steps, check = yes
  max neighbors/atom: 2000, page size: 100000
  master list distance cutoff = 5.77118
  ghost atom cutoff = 5.77118
  binsize = 2.88559, bins = 6 6 6
  1 neighbor lists, perpetual/occasional/extra = 1 0 0
  (1) pair sw, perpetual
      attributes: full, newton on
      pair build: full/bin/atomonly
      stencil: full/bin/3d
      bin: standard
Per MPI rank memory allocation (min/avg/max) = 3.083 | 3.083 | 3.083 Mbytes
   Step          Temp          E_pair         E_mol          TotEng         Press     
WARNING: Too many warnings: 128 vs 100. All future warnings will be suppressed (src/thermo.cpp:478)
         0   0             -933.37626      0             -933.37626     -6158.2704    
Loop time of 1.05e-06 on 1 procs for 0 steps with 216 atoms

0.0% CPU use with 1 MPI tasks x 1 OpenMP threads

MPI task timing breakdown:
Section |  min time  |  avg time  |  max time  |%varavg| %total
---------------------------------------------------------------
Pair    | 0          | 0          | 0          |   0.0 |  0.00
Neigh   | 0          | 0          | 0          |   0.0 |  0.00
Comm    | 0          | 0          | 0          |   0.0 |  0.00
Output  | 0          | 0          | 0          |   0.0 |  0.00
Modify  | 0          | 0          | 0          |   0.0 |  0.00
Other   |            | 1.05e-06   |            |       |100.00

Nlocal:            216 ave         216 max         216 min
Histogram: 1 0 0 0 0 0 0 0 0 0
Nghost:            834 ave         834 max         834 min
Histogram: 1 0 0 0 0 0 0 0 0 0
Neighs:              0 ave           0 max           0 min
Histogram: 1 0 0 0 0 0 0 0 0 0
FullNghs:         7344 ave        7344 max        7344 min
Histogram: 1 0 0 0 0 0 0 0 0 0

Total # of neighbors = 7344
Ave neighs/atom = 34
Neighbor list builds = 0
Dangerous builds = 0
next i
jump SELF loop_struct
clear
  using 1 OpenMP thread(s) per MPI task
log energies.log append
units metal
boundary p p p
atom_style atomic
read_data Si333_${i}.in
read_data Si333_129.in
Reading data file ...
  orthogonal box = (0 0 0) to (16.331106 16.331106 16.331106)
  1 by 1 by 1 MPI processor grid
  reading atoms ...
  216 atoms
  reading velocities ...
  216 velocities
  read_data CPU = 0.001 seconds
mass 1 28.085
pair_style sw
pair_coeff * * Si.sw Si
Reading sw potential file Si.sw with DATE: 2007-06-11
run 0
Neighbor list info ...
  update: every = 1 steps, delay = 0 steps, check = yes
  max neighbors/atom: 2000, page size: 100000
  master list distance cutoff = 5.77118
  ghost atom cutoff = 5.77118
  binsize = 2.88559, bins = 6 6 6
  1 neighbor lists, perpetual/occasional/extra = 1 0 0
  (1) pair sw, perpetual
      attributes: full, newton on
      pair build: full/bin/atomonly
      stencil: full/bin/3d
      bin: standard
Per MPI rank memory allocation (min/avg/max) = 3.083 | 3.083 | 3.083 Mbytes
   Step          Temp          E_pair         E_mol          TotEng         Press     
WARNING: Too many warnings: 129 vs 100. All future warnings will be suppressed (src/thermo.cpp:478)
         0   0             -933.39614      0             -933.39614     -6191.0263    
Loop time of 1e-06 on 1 procs for 0 steps with 216 atoms

0.0% CPU use with 1 MPI tasks x 1 OpenMP threads

MPI task timing breakdown:
Section |  min time  |  avg time  |  max time  |%varavg| %total
---------------------------------------------------------------
Pair    | 0          | 0          | 0          |   0.0 |  0.00
Neigh   | 0          | 0          | 0          |   0.0 |  0.00
Comm    | 0          | 0          | 0          |   0.0 |  0.00
Output  | 0          | 0          | 0          |   0.0 |  0.00
Modify  | 0          | 0          | 0          |   0.0 |  0.00
Other   |            | 1e-06      |            |       |100.00

Nlocal:            216 ave         216 max         216 min
Histogram: 1 0 0 0 0 0 0 0 0 0
Nghost:            834 ave         834 max         834 min
Histogram: 1 0 0 0 0 0 0 0 0 0
Neighs:              0 ave           0 max           0 min
Histogram: 1 0 0 0 0 0 0 0 0 0
FullNghs:         7344 ave        7344 max        7344 min
Histogram: 1 0 0 0 0 0 0 0 0 0

Total # of neighbors = 7344
Ave neighs/atom = 34
Neighbor list builds = 0
Dangerous builds = 0
next i
jump SELF loop_struct
clear
  using 1 OpenMP thread(s) per MPI task
log energies.log append
units metal
boundary p p p
atom_style atomic
read_data Si333_${i}.in
read_data Si333_130.in
Reading data file ...
  orthogonal box = (0 0 0) to (16.331106 16.331106 16.331106)
  1 by 1 by 1 MPI processor grid
  reading atoms ...
  216 atoms
  reading velocities ...
  216 velocities
  read_data CPU = 0.001 seconds
mass 1 28.085
pair_style sw
pair_coeff * * Si.sw Si
Reading sw potential file Si.sw with DATE: 2007-06-11
run 0
Neighbor list info ...
  update: every = 1 steps, delay = 0 steps, check = yes
  max neighbors/atom: 2000, page size: 100000
  master list distance cutoff = 5.77118
  ghost atom cutoff = 5.77118
  binsize = 2.88559, bins = 6 6 6
  1 neighbor lists, perpetual/occasional/extra = 1 0 0
  (1) pair sw, perpetual
      attributes: full, newton on
      pair build: full/bin/atomonly
      stencil: full/bin/3d
      bin: standard
Per MPI rank memory allocation (min/avg/max) = 3.084 | 3.084 | 3.084 Mbytes
   Step          Temp          E_pair         E_mol          TotEng         Press     
WARNING: Too many warnings: 130 vs 100. All future warnings will be suppressed (src/thermo.cpp:478)
         0   0             -88.794242      0             -88.794242      442306.66    
Loop time of 1.02e-06 on 1 procs for 0 steps with 216 atoms

98.0% CPU use with 1 MPI tasks x 1 OpenMP threads

MPI task timing breakdown:
Section |  min time  |  avg time  |  max time  |%varavg| %total
---------------------------------------------------------------
Pair    | 0          | 0          | 0          |   0.0 |  0.00
Neigh   | 0          | 0          | 0          |   0.0 |  0.00
Comm    | 0          | 0          | 0          |   0.0 |  0.00
Output  | 0          | 0          | 0          |   0.0 |  0.00
Modify  | 0          | 0          | 0          |   0.0 |  0.00
Other   |            | 1.02e-06   |            |       |100.00

Nlocal:            216 ave         216 max         216 min
Histogram: 1 0 0 0 0 0 0 0 0 0
Nghost:            874 ave         874 max         874 min
Histogram: 1 0 0 0 0 0 0 0 0 0
Neighs:              0 ave           0 max           0 min
Histogram: 1 0 0 0 0 0 0 0 0 0
FullNghs:         7464 ave        7464 max        7464 min
Histogram: 1 0 0 0 0 0 0 0 0 0

Total # of neighbors = 7464
Ave neighs/atom = 34.555556
Neighbor list builds = 0
Dangerous builds = 0
next i
jump SELF loop_struct
clear
  using 1 OpenMP thread(s) per MPI task
log energies.log append
units metal
boundary p p p
atom_style atomic
read_data Si333_${i}.in
read_data Si333_131.in
Reading data file ...
  orthogonal box = (0 0 0) to (16.331106 16.331106 16.331106)
  1 by 1 by 1 MPI processor grid
  reading atoms ...
  216 atoms
  reading velocities ...
  216 velocities
  read_data CPU = 0.001 seconds
mass 1 28.085
pair_style sw
pair_coeff * * Si.sw Si
Reading sw potential file Si.sw with DATE: 2007-06-11
run 0
Neighbor list info ...
  update: every = 1 steps, delay = 0 steps, check = yes
  max neighbors/atom: 2000, page size: 100000
  master list distance cutoff = 5.77118
  ghost atom cutoff = 5.77118
  binsize = 2.88559, bins = 6 6 6
  1 neighbor lists, perpetual/occasional/extra = 1 0 0
  (1) pair sw, perpetual
      attributes: full, newton on
      pair build: full/bin/atomonly
      stencil: full/bin/3d
      bin: standard
Per MPI rank memory allocation (min/avg/max) = 3.081 | 3.081 | 3.081 Mbytes
   Step          Temp          E_pair         E_mol          TotEng         Press     
WARNING: Too many warnings: 131 vs 100. All future warnings will be suppressed (src/thermo.cpp:478)
         0   0             -933.22616      0             -933.22616     -6178.0277    
Loop time of 1.02e-06 on 1 procs for 0 steps with 216 atoms

0.0% CPU use with 1 MPI tasks x 1 OpenMP threads

MPI task timing breakdown:
Section |  min time  |  avg time  |  max time  |%varavg| %total
---------------------------------------------------------------
Pair    | 0          | 0          | 0          |   0.0 |  0.00
Neigh   | 0          | 0          | 0          |   0.0 |  0.00
Comm    | 0          | 0          | 0          |   0.0 |  0.00
Output  | 0          | 0          | 0          |   0.0 |  0.00
Modify  | 0          | 0          | 0          |   0.0 |  0.00
Other   |            | 1.02e-06   |            |       |100.00

Nlocal:            216 ave         216 max         216 min
Histogram: 1 0 0 0 0 0 0 0 0 0
Nghost:            797 ave         797 max         797 min
Histogram: 1 0 0 0 0 0 0 0 0 0
Neighs:              0 ave           0 max           0 min
Histogram: 1 0 0 0 0 0 0 0 0 0
FullNghs:         7346 ave        7346 max        7346 min
Histogram: 1 0 0 0 0 0 0 0 0 0

Total # of neighbors = 7346
Ave neighs/atom = 34.009259
Neighbor list builds = 0
Dangerous builds = 0
next i
jump SELF loop_struct
clear
  using 1 OpenMP thread(s) per MPI task
log energies.log append
units metal
boundary p p p
atom_style atomic
read_data Si333_${i}.in
read_data Si333_132.in
Reading data file ...
  orthogonal box = (0 0 0) to (16.331106 16.331106 16.331106)
  1 by 1 by 1 MPI processor grid
  reading atoms ...
  216 atoms
  reading velocities ...
  216 velocities
  read_data CPU = 0.001 seconds
mass 1 28.085
pair_style sw
pair_coeff * * Si.sw Si
Reading sw potential file Si.sw with DATE: 2007-06-11
run 0
Neighbor list info ...
  update: every = 1 steps, delay = 0 steps, check = yes
  max neighbors/atom: 2000, page size: 100000
  master list distance cutoff = 5.77118
  ghost atom cutoff = 5.77118
  binsize = 2.88559, bins = 6 6 6
  1 neighbor lists, perpetual/occasional/extra = 1 0 0
  (1) pair sw, perpetual
      attributes: full, newton on
      pair build: full/bin/atomonly
      stencil: full/bin/3d
      bin: standard
Per MPI rank memory allocation (min/avg/max) = 3.089 | 3.089 | 3.089 Mbytes
   Step          Temp          E_pair         E_mol          TotEng         Press     
WARNING: Too many warnings: 132 vs 100. All future warnings will be suppressed (src/thermo.cpp:478)
         0   0             -656.24891      0             -656.24891      145758.7     
Loop time of 1.21e-06 on 1 procs for 0 steps with 216 atoms

165.3% CPU use with 1 MPI tasks x 1 OpenMP threads

MPI task timing breakdown:
Section |  min time  |  avg time  |  max time  |%varavg| %total
---------------------------------------------------------------
Pair    | 0          | 0          | 0          |   0.0 |  0.00
Neigh   | 0          | 0          | 0          |   0.0 |  0.00
Comm    | 0          | 0          | 0          |   0.0 |  0.00
Output  | 0          | 0          | 0          |   0.0 |  0.00
Modify  | 0          | 0          | 0          |   0.0 |  0.00
Other   |            | 1.21e-06   |            |       |100.00

Nlocal:            216 ave         216 max         216 min
Histogram: 1 0 0 0 0 0 0 0 0 0
Nghost:            945 ave         945 max         945 min
Histogram: 1 0 0 0 0 0 0 0 0 0
Neighs:              0 ave           0 max           0 min
Histogram: 1 0 0 0 0 0 0 0 0 0
FullNghs:         7376 ave        7376 max        7376 min
Histogram: 1 0 0 0 0 0 0 0 0 0

Total # of neighbors = 7376
Ave neighs/atom = 34.148148
Neighbor list builds = 0
Dangerous builds = 0
next i
jump SELF loop_struct
clear
  using 1 OpenMP thread(s) per MPI task
log energies.log append
units metal
boundary p p p
atom_style atomic
read_data Si333_${i}.in
read_data Si333_133.in
Reading data file ...
  orthogonal box = (0 0 0) to (16.331106 16.331106 16.331106)
  1 by 1 by 1 MPI processor grid
  reading atoms ...
  216 atoms
  reading velocities ...
  216 velocities
  read_data CPU = 0.001 seconds
mass 1 28.085
pair_style sw
pair_coeff * * Si.sw Si
Reading sw potential file Si.sw with DATE: 2007-06-11
run 0
Neighbor list info ...
  update: every = 1 steps, delay = 0 steps, check = yes
  max neighbors/atom: 2000, page size: 100000
  master list distance cutoff = 5.77118
  ghost atom cutoff = 5.77118
  binsize = 2.88559, bins = 6 6 6
  1 neighbor lists, perpetual/occasional/extra = 1 0 0
  (1) pair sw, perpetual
      attributes: full, newton on
      pair build: full/bin/atomonly
      stencil: full/bin/3d
      bin: standard
Per MPI rank memory allocation (min/avg/max) = 3.081 | 3.081 | 3.081 Mbytes
   Step          Temp          E_pair         E_mol          TotEng         Press     
WARNING: Too many warnings: 133 vs 100. All future warnings will be suppressed (src/thermo.cpp:478)
         0   0             -506.58221      0             -506.58221      215376.82    
Loop time of 1.04e-06 on 1 procs for 0 steps with 216 atoms

0.0% CPU use with 1 MPI tasks x 1 OpenMP threads

MPI task timing breakdown:
Section |  min time  |  avg time  |  max time  |%varavg| %total
---------------------------------------------------------------
Pair    | 0          | 0          | 0          |   0.0 |  0.00
Neigh   | 0          | 0          | 0          |   0.0 |  0.00
Comm    | 0          | 0          | 0          |   0.0 |  0.00
Output  | 0          | 0          | 0          |   0.0 |  0.00
Modify  | 0          | 0          | 0          |   0.0 |  0.00
Other   |            | 1.04e-06   |            |       |100.00

Nlocal:            216 ave         216 max         216 min
Histogram: 1 0 0 0 0 0 0 0 0 0
Nghost:            786 ave         786 max         786 min
Histogram: 1 0 0 0 0 0 0 0 0 0
Neighs:              0 ave           0 max           0 min
Histogram: 1 0 0 0 0 0 0 0 0 0
FullNghs:         7364 ave        7364 max        7364 min
Histogram: 1 0 0 0 0 0 0 0 0 0

Total # of neighbors = 7364
Ave neighs/atom = 34.092593
Neighbor list builds = 0
Dangerous builds = 0
next i
jump SELF loop_struct
clear
  using 1 OpenMP thread(s) per MPI task
log energies.log append
units metal
boundary p p p
atom_style atomic
read_data Si333_${i}.in
read_data Si333_134.in
Reading data file ...
  orthogonal box = (0 0 0) to (16.331106 16.331106 16.331106)
  1 by 1 by 1 MPI processor grid
  reading atoms ...
  216 atoms
  reading velocities ...
  216 velocities
  read_data CPU = 0.001 seconds
mass 1 28.085
pair_style sw
pair_coeff * * Si.sw Si
Reading sw potential file Si.sw with DATE: 2007-06-11
run 0
Neighbor list info ...
  update: every = 1 steps, delay = 0 steps, check = yes
  max neighbors/atom: 2000, page size: 100000
  master list distance cutoff = 5.77118
  ghost atom cutoff = 5.77118
  binsize = 2.88559, bins = 6 6 6
  1 neighbor lists, perpetual/occasional/extra = 1 0 0
  (1) pair sw, perpetual
      attributes: full, newton on
      pair build: full/bin/atomonly
      stencil: full/bin/3d
      bin: standard
Per MPI rank memory allocation (min/avg/max) = 3.083 | 3.083 | 3.083 Mbytes
   Step          Temp          E_pair         E_mol          TotEng         Press     
WARNING: Too many warnings: 134 vs 100. All future warnings will be suppressed (src/thermo.cpp:478)
         0   0             -933.38219      0             -933.38219     -6250.7132    
Loop time of 1.03e-06 on 1 procs for 0 steps with 216 atoms

0.0% CPU use with 1 MPI tasks x 1 OpenMP threads

MPI task timing breakdown:
Section |  min time  |  avg time  |  max time  |%varavg| %total
---------------------------------------------------------------
Pair    | 0          | 0          | 0          |   0.0 |  0.00
Neigh   | 0          | 0          | 0          |   0.0 |  0.00
Comm    | 0          | 0          | 0          |   0.0 |  0.00
Output  | 0          | 0          | 0          |   0.0 |  0.00
Modify  | 0          | 0          | 0          |   0.0 |  0.00
Other   |            | 1.03e-06   |            |       |100.00

Nlocal:            216 ave         216 max         216 min
Histogram: 1 0 0 0 0 0 0 0 0 0
Nghost:            834 ave         834 max         834 min
Histogram: 1 0 0 0 0 0 0 0 0 0
Neighs:              0 ave           0 max           0 min
Histogram: 1 0 0 0 0 0 0 0 0 0
FullNghs:         7344 ave        7344 max        7344 min
Histogram: 1 0 0 0 0 0 0 0 0 0

Total # of neighbors = 7344
Ave neighs/atom = 34
Neighbor list builds = 0
Dangerous builds = 0
next i
jump SELF loop_struct
clear
  using 1 OpenMP thread(s) per MPI task
log energies.log append
units metal
boundary p p p
atom_style atomic
read_data Si333_${i}.in
read_data Si333_135.in
Reading data file ...
  orthogonal box = (0 0 0) to (16.331106 16.331106 16.331106)
  1 by 1 by 1 MPI processor grid
  reading atoms ...
  216 atoms
  reading velocities ...
  216 velocities
  read_data CPU = 0.001 seconds
mass 1 28.085
pair_style sw
pair_coeff * * Si.sw Si
Reading sw potential file Si.sw with DATE: 2007-06-11
run 0
Neighbor list info ...
  update: every = 1 steps, delay = 0 steps, check = yes
  max neighbors/atom: 2000, page size: 100000
  master list distance cutoff = 5.77118
  ghost atom cutoff = 5.77118
  binsize = 2.88559, bins = 6 6 6
  1 neighbor lists, perpetual/occasional/extra = 1 0 0
  (1) pair sw, perpetual
      attributes: full, newton on
      pair build: full/bin/atomonly
      stencil: full/bin/3d
      bin: standard
Per MPI rank memory allocation (min/avg/max) = 3.086 | 3.086 | 3.086 Mbytes
   Step          Temp          E_pair         E_mol          TotEng         Press     
WARNING: Too many warnings: 135 vs 100. All future warnings will be suppressed (src/thermo.cpp:478)
         0   0             -933.43479      0             -933.43479     -6232.5295    
Loop time of 1.01e-06 on 1 procs for 0 steps with 216 atoms

0.0% CPU use with 1 MPI tasks x 1 OpenMP threads

MPI task timing breakdown:
Section |  min time  |  avg time  |  max time  |%varavg| %total
---------------------------------------------------------------
Pair    | 0          | 0          | 0          |   0.0 |  0.00
Neigh   | 0          | 0          | 0          |   0.0 |  0.00
Comm    | 0          | 0          | 0          |   0.0 |  0.00
Output  | 0          | 0          | 0          |   0.0 |  0.00
Modify  | 0          | 0          | 0          |   0.0 |  0.00
Other   |            | 1.01e-06   |            |       |100.00

Nlocal:            216 ave         216 max         216 min
Histogram: 1 0 0 0 0 0 0 0 0 0
Nghost:            884 ave         884 max         884 min
Histogram: 1 0 0 0 0 0 0 0 0 0
Neighs:              0 ave           0 max           0 min
Histogram: 1 0 0 0 0 0 0 0 0 0
FullNghs:         7344 ave        7344 max        7344 min
Histogram: 1 0 0 0 0 0 0 0 0 0

Total # of neighbors = 7344
Ave neighs/atom = 34
Neighbor list builds = 0
Dangerous builds = 0
next i
jump SELF loop_struct
clear
  using 1 OpenMP thread(s) per MPI task
log energies.log append
units metal
boundary p p p
atom_style atomic
read_data Si333_${i}.in
read_data Si333_136.in
Reading data file ...
  orthogonal box = (0 0 0) to (16.331106 16.331106 16.331106)
  1 by 1 by 1 MPI processor grid
  reading atoms ...
  216 atoms
  reading velocities ...
  216 velocities
  read_data CPU = 0.001 seconds
mass 1 28.085
pair_style sw
pair_coeff * * Si.sw Si
Reading sw potential file Si.sw with DATE: 2007-06-11
run 0
Neighbor list info ...
  update: every = 1 steps, delay = 0 steps, check = yes
  max neighbors/atom: 2000, page size: 100000
  master list distance cutoff = 5.77118
  ghost atom cutoff = 5.77118
  binsize = 2.88559, bins = 6 6 6
  1 neighbor lists, perpetual/occasional/extra = 1 0 0
  (1) pair sw, perpetual
      attributes: full, newton on
      pair build: full/bin/atomonly
      stencil: full/bin/3d
      bin: standard
Per MPI rank memory allocation (min/avg/max) = 3.087 | 3.087 | 3.087 Mbytes
   Step          Temp          E_pair         E_mol          TotEng         Press     
WARNING: Too many warnings: 136 vs 100. All future warnings will be suppressed (src/thermo.cpp:478)
         0   0             -933.0131       0             -933.0131      -6098.646     
Loop time of 1.01e-06 on 1 procs for 0 steps with 216 atoms

99.0% CPU use with 1 MPI tasks x 1 OpenMP threads

MPI task timing breakdown:
Section |  min time  |  avg time  |  max time  |%varavg| %total
---------------------------------------------------------------
Pair    | 0          | 0          | 0          |   0.0 |  0.00
Neigh   | 0          | 0          | 0          |   0.0 |  0.00
Comm    | 0          | 0          | 0          |   0.0 |  0.00
Output  | 0          | 0          | 0          |   0.0 |  0.00
Modify  | 0          | 0          | 0          |   0.0 |  0.00
Other   |            | 1.01e-06   |            |       |100.00

Nlocal:            216 ave         216 max         216 min
Histogram: 1 0 0 0 0 0 0 0 0 0
Nghost:            887 ave         887 max         887 min
Histogram: 1 0 0 0 0 0 0 0 0 0
Neighs:              0 ave           0 max           0 min
Histogram: 1 0 0 0 0 0 0 0 0 0
FullNghs:         7344 ave        7344 max        7344 min
Histogram: 1 0 0 0 0 0 0 0 0 0

Total # of neighbors = 7344
Ave neighs/atom = 34
Neighbor list builds = 0
Dangerous builds = 0
next i
jump SELF loop_struct
clear
  using 1 OpenMP thread(s) per MPI task
log energies.log append
units metal
boundary p p p
atom_style atomic
read_data Si333_${i}.in
read_data Si333_137.in
Reading data file ...
  orthogonal box = (0 0 0) to (16.331106 16.331106 16.331106)
  1 by 1 by 1 MPI processor grid
  reading atoms ...
  216 atoms
  reading velocities ...
  216 velocities
  read_data CPU = 0.001 seconds
mass 1 28.085
pair_style sw
pair_coeff * * Si.sw Si
Reading sw potential file Si.sw with DATE: 2007-06-11
run 0
Neighbor list info ...
  update: every = 1 steps, delay = 0 steps, check = yes
  max neighbors/atom: 2000, page size: 100000
  master list distance cutoff = 5.77118
  ghost atom cutoff = 5.77118
  binsize = 2.88559, bins = 6 6 6
  1 neighbor lists, perpetual/occasional/extra = 1 0 0
  (1) pair sw, perpetual
      attributes: full, newton on
      pair build: full/bin/atomonly
      stencil: full/bin/3d
      bin: standard
Per MPI rank memory allocation (min/avg/max) = 3.083 | 3.083 | 3.083 Mbytes
   Step          Temp          E_pair         E_mol          TotEng         Press     
WARNING: Too many warnings: 137 vs 100. All future warnings will be suppressed (src/thermo.cpp:478)
         0   0             -701.32023      0             -701.32023      119168.37    
Loop time of 1.01e-06 on 1 procs for 0 steps with 216 atoms

99.0% CPU use with 1 MPI tasks x 1 OpenMP threads

MPI task timing breakdown:
Section |  min time  |  avg time  |  max time  |%varavg| %total
---------------------------------------------------------------
Pair    | 0          | 0          | 0          |   0.0 |  0.00
Neigh   | 0          | 0          | 0          |   0.0 |  0.00
Comm    | 0          | 0          | 0          |   0.0 |  0.00
Output  | 0          | 0          | 0          |   0.0 |  0.00
Modify  | 0          | 0          | 0          |   0.0 |  0.00
Other   |            | 1.01e-06   |            |       |100.00

Nlocal:            216 ave         216 max         216 min
Histogram: 1 0 0 0 0 0 0 0 0 0
Nghost:            834 ave         834 max         834 min
Histogram: 1 0 0 0 0 0 0 0 0 0
Neighs:              0 ave           0 max           0 min
Histogram: 1 0 0 0 0 0 0 0 0 0
FullNghs:         7378 ave        7378 max        7378 min
Histogram: 1 0 0 0 0 0 0 0 0 0

Total # of neighbors = 7378
Ave neighs/atom = 34.157407
Neighbor list builds = 0
Dangerous builds = 0
next i
jump SELF loop_struct
clear
  using 1 OpenMP thread(s) per MPI task
log energies.log append
units metal
boundary p p p
atom_style atomic
read_data Si333_${i}.in
read_data Si333_138.in
Reading data file ...
  orthogonal box = (0 0 0) to (16.331106 16.331106 16.331106)
  1 by 1 by 1 MPI processor grid
  reading atoms ...
  216 atoms
  reading velocities ...
  216 velocities
  read_data CPU = 0.001 seconds
mass 1 28.085
pair_style sw
pair_coeff * * Si.sw Si
Reading sw potential file Si.sw with DATE: 2007-06-11
run 0
Neighbor list info ...
  update: every = 1 steps, delay = 0 steps, check = yes
  max neighbors/atom: 2000, page size: 100000
  master list distance cutoff = 5.77118
  ghost atom cutoff = 5.77118
  binsize = 2.88559, bins = 6 6 6
  1 neighbor lists, perpetual/occasional/extra = 1 0 0
  (1) pair sw, perpetual
      attributes: full, newton on
      pair build: full/bin/atomonly
      stencil: full/bin/3d
      bin: standard
Per MPI rank memory allocation (min/avg/max) = 3.082 | 3.082 | 3.082 Mbytes
   Step          Temp          E_pair         E_mol          TotEng         Press     
WARNING: Too many warnings: 138 vs 100. All future warnings will be suppressed (src/thermo.cpp:478)
         0   0             -627.6125       0             -627.6125       160332.64    
Loop time of 1.01e-06 on 1 procs for 0 steps with 216 atoms

99.0% CPU use with 1 MPI tasks x 1 OpenMP threads

MPI task timing breakdown:
Section |  min time  |  avg time  |  max time  |%varavg| %total
---------------------------------------------------------------
Pair    | 0          | 0          | 0          |   0.0 |  0.00
Neigh   | 0          | 0          | 0          |   0.0 |  0.00
Comm    | 0          | 0          | 0          |   0.0 |  0.00
Output  | 0          | 0          | 0          |   0.0 |  0.00
Modify  | 0          | 0          | 0          |   0.0 |  0.00
Other   |            | 1.01e-06   |            |       |100.00

Nlocal:            216 ave         216 max         216 min
Histogram: 1 0 0 0 0 0 0 0 0 0
Nghost:            828 ave         828 max         828 min
Histogram: 1 0 0 0 0 0 0 0 0 0
Neighs:              0 ave           0 max           0 min
Histogram: 1 0 0 0 0 0 0 0 0 0
FullNghs:         7388 ave        7388 max        7388 min
Histogram: 1 0 0 0 0 0 0 0 0 0

Total # of neighbors = 7388
Ave neighs/atom = 34.203704
Neighbor list builds = 0
Dangerous builds = 0
next i
jump SELF loop_struct
clear
  using 1 OpenMP thread(s) per MPI task
log energies.log append
units metal
boundary p p p
atom_style atomic
read_data Si333_${i}.in
read_data Si333_139.in
Reading data file ...
  orthogonal box = (0 0 0) to (16.331106 16.331106 16.331106)
  1 by 1 by 1 MPI processor grid
  reading atoms ...
  216 atoms
  reading velocities ...
  216 velocities
  read_data CPU = 0.001 seconds
mass 1 28.085
pair_style sw
pair_coeff * * Si.sw Si
Reading sw potential file Si.sw with DATE: 2007-06-11
run 0
Neighbor list info ...
  update: every = 1 steps, delay = 0 steps, check = yes
  max neighbors/atom: 2000, page size: 100000
  master list distance cutoff = 5.77118
  ghost atom cutoff = 5.77118
  binsize = 2.88559, bins = 6 6 6
  1 neighbor lists, perpetual/occasional/extra = 1 0 0
  (1) pair sw, perpetual
      attributes: full, newton on
      pair build: full/bin/atomonly
      stencil: full/bin/3d
      bin: standard
Per MPI rank memory allocation (min/avg/max) = 3.084 | 3.084 | 3.084 Mbytes
   Step          Temp          E_pair         E_mol          TotEng         Press     
WARNING: Too many warnings: 139 vs 100. All future warnings will be suppressed (src/thermo.cpp:478)
         0   0             -933.46357      0             -933.46357     -6272.3744    
Loop time of 1.01e-06 on 1 procs for 0 steps with 216 atoms

99.0% CPU use with 1 MPI tasks x 1 OpenMP threads

MPI task timing breakdown:
Section |  min time  |  avg time  |  max time  |%varavg| %total
---------------------------------------------------------------
Pair    | 0          | 0          | 0          |   0.0 |  0.00
Neigh   | 0          | 0          | 0          |   0.0 |  0.00
Comm    | 0          | 0          | 0          |   0.0 |  0.00
Output  | 0          | 0          | 0          |   0.0 |  0.00
Modify  | 0          | 0          | 0          |   0.0 |  0.00
Other   |            | 1.01e-06   |            |       |100.00

Nlocal:            216 ave         216 max         216 min
Histogram: 1 0 0 0 0 0 0 0 0 0
Nghost:            881 ave         881 max         881 min
Histogram: 1 0 0 0 0 0 0 0 0 0
Neighs:              0 ave           0 max           0 min
Histogram: 1 0 0 0 0 0 0 0 0 0
FullNghs:         7344 ave        7344 max        7344 min
Histogram: 1 0 0 0 0 0 0 0 0 0

Total # of neighbors = 7344
Ave neighs/atom = 34
Neighbor list builds = 0
Dangerous builds = 0
next i
jump SELF loop_struct
clear
  using 1 OpenMP thread(s) per MPI task
log energies.log append
units metal
boundary p p p
atom_style atomic
read_data Si333_${i}.in
read_data Si333_140.in
Reading data file ...
  orthogonal box = (0 0 0) to (16.331106 16.331106 16.331106)
  1 by 1 by 1 MPI processor grid
  reading atoms ...
  216 atoms
  reading velocities ...
  216 velocities
  read_data CPU = 0.001 seconds
mass 1 28.085
pair_style sw
pair_coeff * * Si.sw Si
Reading sw potential file Si.sw with DATE: 2007-06-11
run 0
Neighbor list info ...
  update: every = 1 steps, delay = 0 steps, check = yes
  max neighbors/atom: 2000, page size: 100000
  master list distance cutoff = 5.77118
  ghost atom cutoff = 5.77118
  binsize = 2.88559, bins = 6 6 6
  1 neighbor lists, perpetual/occasional/extra = 1 0 0
  (1) pair sw, perpetual
      attributes: full, newton on
      pair build: full/bin/atomonly
      stencil: full/bin/3d
      bin: standard
Per MPI rank memory allocation (min/avg/max) = 3.083 | 3.083 | 3.083 Mbytes
   Step          Temp          E_pair         E_mol          TotEng         Press     
WARNING: Too many warnings: 140 vs 100. All future warnings will be suppressed (src/thermo.cpp:478)
         0   0             -639.32009      0             -639.32009      154386.32    
Loop time of 1.04e-06 on 1 procs for 0 steps with 216 atoms

96.2% CPU use with 1 MPI tasks x 1 OpenMP threads

MPI task timing breakdown:
Section |  min time  |  avg time  |  max time  |%varavg| %total
---------------------------------------------------------------
Pair    | 0          | 0          | 0          |   0.0 |  0.00
Neigh   | 0          | 0          | 0          |   0.0 |  0.00
Comm    | 0          | 0          | 0          |   0.0 |  0.00
Output  | 0          | 0          | 0          |   0.0 |  0.00
Modify  | 0          | 0          | 0          |   0.0 |  0.00
Other   |            | 1.04e-06   |            |       |100.00

Nlocal:            216 ave         216 max         216 min
Histogram: 1 0 0 0 0 0 0 0 0 0
Nghost:            846 ave         846 max         846 min
Histogram: 1 0 0 0 0 0 0 0 0 0
Neighs:              0 ave           0 max           0 min
Histogram: 1 0 0 0 0 0 0 0 0 0
FullNghs:         7398 ave        7398 max        7398 min
Histogram: 1 0 0 0 0 0 0 0 0 0

Total # of neighbors = 7398
Ave neighs/atom = 34.25
Neighbor list builds = 0
Dangerous builds = 0
next i
jump SELF loop_struct
clear
  using 1 OpenMP thread(s) per MPI task
log energies.log append
units metal
boundary p p p
atom_style atomic
read_data Si333_${i}.in
read_data Si333_141.in
Reading data file ...
  orthogonal box = (0 0 0) to (16.331106 16.331106 16.331106)
  1 by 1 by 1 MPI processor grid
  reading atoms ...
  216 atoms
  reading velocities ...
  216 velocities
  read_data CPU = 0.001 seconds
mass 1 28.085
pair_style sw
pair_coeff * * Si.sw Si
Reading sw potential file Si.sw with DATE: 2007-06-11
run 0
Neighbor list info ...
  update: every = 1 steps, delay = 0 steps, check = yes
  max neighbors/atom: 2000, page size: 100000
  master list distance cutoff = 5.77118
  ghost atom cutoff = 5.77118
  binsize = 2.88559, bins = 6 6 6
  1 neighbor lists, perpetual/occasional/extra = 1 0 0
  (1) pair sw, perpetual
      attributes: full, newton on
      pair build: full/bin/atomonly
      stencil: full/bin/3d
      bin: standard
Per MPI rank memory allocation (min/avg/max) = 3.088 | 3.088 | 3.088 Mbytes
   Step          Temp          E_pair         E_mol          TotEng         Press     
WARNING: Too many warnings: 141 vs 100. All future warnings will be suppressed (src/thermo.cpp:478)
         0   0             -441.78691      0             -441.78691      261303.22    
Loop time of 1.22e-06 on 1 procs for 0 steps with 216 atoms

82.0% CPU use with 1 MPI tasks x 1 OpenMP threads

MPI task timing breakdown:
Section |  min time  |  avg time  |  max time  |%varavg| %total
---------------------------------------------------------------
Pair    | 0          | 0          | 0          |   0.0 |  0.00
Neigh   | 0          | 0          | 0          |   0.0 |  0.00
Comm    | 0          | 0          | 0          |   0.0 |  0.00
Output  | 0          | 0          | 0          |   0.0 |  0.00
Modify  | 0          | 0          | 0          |   0.0 |  0.00
Other   |            | 1.22e-06   |            |       |100.00

Nlocal:            216 ave         216 max         216 min
Histogram: 1 0 0 0 0 0 0 0 0 0
Nghost:            844 ave         844 max         844 min
Histogram: 1 0 0 0 0 0 0 0 0 0
Neighs:              0 ave           0 max           0 min
Histogram: 1 0 0 0 0 0 0 0 0 0
FullNghs:         7404 ave        7404 max        7404 min
Histogram: 1 0 0 0 0 0 0 0 0 0

Total # of neighbors = 7404
Ave neighs/atom = 34.277778
Neighbor list builds = 0
Dangerous builds = 0
next i
jump SELF loop_struct
clear
  using 1 OpenMP thread(s) per MPI task
log energies.log append
units metal
boundary p p p
atom_style atomic
read_data Si333_${i}.in
read_data Si333_142.in
Reading data file ...
  orthogonal box = (0 0 0) to (16.331106 16.331106 16.331106)
  1 by 1 by 1 MPI processor grid
  reading atoms ...
  216 atoms
  reading velocities ...
  216 velocities
  read_data CPU = 0.001 seconds
mass 1 28.085
pair_style sw
pair_coeff * * Si.sw Si
Reading sw potential file Si.sw with DATE: 2007-06-11
run 0
Neighbor list info ...
  update: every = 1 steps, delay = 0 steps, check = yes
  max neighbors/atom: 2000, page size: 100000
  master list distance cutoff = 5.77118
  ghost atom cutoff = 5.77118
  binsize = 2.88559, bins = 6 6 6
  1 neighbor lists, perpetual/occasional/extra = 1 0 0
  (1) pair sw, perpetual
      attributes: full, newton on
      pair build: full/bin/atomonly
      stencil: full/bin/3d
      bin: standard
Per MPI rank memory allocation (min/avg/max) = 3.084 | 3.084 | 3.084 Mbytes
   Step          Temp          E_pair         E_mol          TotEng         Press     
WARNING: Too many warnings: 142 vs 100. All future warnings will be suppressed (src/thermo.cpp:478)
         0   0             -403.96027      0             -403.96027      285441.9     
Loop time of 1.02e-06 on 1 procs for 0 steps with 216 atoms

0.0% CPU use with 1 MPI tasks x 1 OpenMP threads

MPI task timing breakdown:
Section |  min time  |  avg time  |  max time  |%varavg| %total
---------------------------------------------------------------
Pair    | 0          | 0          | 0          |   0.0 |  0.00
Neigh   | 0          | 0          | 0          |   0.0 |  0.00
Comm    | 0          | 0          | 0          |   0.0 |  0.00
Output  | 0          | 0          | 0          |   0.0 |  0.00
Modify  | 0          | 0          | 0          |   0.0 |  0.00
Other   |            | 1.02e-06   |            |       |100.00

Nlocal:            216 ave         216 max         216 min
Histogram: 1 0 0 0 0 0 0 0 0 0
Nghost:            882 ave         882 max         882 min
Histogram: 1 0 0 0 0 0 0 0 0 0
Neighs:              0 ave           0 max           0 min
Histogram: 1 0 0 0 0 0 0 0 0 0
FullNghs:         7448 ave        7448 max        7448 min
Histogram: 1 0 0 0 0 0 0 0 0 0

Total # of neighbors = 7448
Ave neighs/atom = 34.481481
Neighbor list builds = 0
Dangerous builds = 0
next i
jump SELF loop_struct
clear
  using 1 OpenMP thread(s) per MPI task
log energies.log append
units metal
boundary p p p
atom_style atomic
read_data Si333_${i}.in
read_data Si333_143.in
Reading data file ...
  orthogonal box = (0 0 0) to (16.331106 16.331106 16.331106)
  1 by 1 by 1 MPI processor grid
  reading atoms ...
  216 atoms
  reading velocities ...
  216 velocities
  read_data CPU = 0.003 seconds
mass 1 28.085
pair_style sw
pair_coeff * * Si.sw Si
Reading sw potential file Si.sw with DATE: 2007-06-11
run 0
Neighbor list info ...
  update: every = 1 steps, delay = 0 steps, check = yes
  max neighbors/atom: 2000, page size: 100000
  master list distance cutoff = 5.77118
  ghost atom cutoff = 5.77118
  binsize = 2.88559, bins = 6 6 6
  1 neighbor lists, perpetual/occasional/extra = 1 0 0
  (1) pair sw, perpetual
      attributes: full, newton on
      pair build: full/bin/atomonly
      stencil: full/bin/3d
      bin: standard
Per MPI rank memory allocation (min/avg/max) = 3.082 | 3.082 | 3.082 Mbytes
   Step          Temp          E_pair         E_mol          TotEng         Press     
WARNING: Too many warnings: 143 vs 100. All future warnings will be suppressed (src/thermo.cpp:478)
         0   0             -502.3822       0             -502.3822       225213.15    
Loop time of 1.07e-06 on 1 procs for 0 steps with 216 atoms

93.5% CPU use with 1 MPI tasks x 1 OpenMP threads

MPI task timing breakdown:
Section |  min time  |  avg time  |  max time  |%varavg| %total
---------------------------------------------------------------
Pair    | 0          | 0          | 0          |   0.0 |  0.00
Neigh   | 0          | 0          | 0          |   0.0 |  0.00
Comm    | 0          | 0          | 0          |   0.0 |  0.00
Output  | 0          | 0          | 0          |   0.0 |  0.00
Modify  | 0          | 0          | 0          |   0.0 |  0.00
Other   |            | 1.07e-06   |            |       |100.00

Nlocal:            216 ave         216 max         216 min
Histogram: 1 0 0 0 0 0 0 0 0 0
Nghost:            834 ave         834 max         834 min
Histogram: 1 0 0 0 0 0 0 0 0 0
Neighs:              0 ave           0 max           0 min
Histogram: 1 0 0 0 0 0 0 0 0 0
FullNghs:         7454 ave        7454 max        7454 min
Histogram: 1 0 0 0 0 0 0 0 0 0

Total # of neighbors = 7454
Ave neighs/atom = 34.509259
Neighbor list builds = 0
Dangerous builds = 0
next i
jump SELF loop_struct
clear
  using 1 OpenMP thread(s) per MPI task
log energies.log append
units metal
boundary p p p
atom_style atomic
read_data Si333_${i}.in
read_data Si333_144.in
Reading data file ...
  orthogonal box = (0 0 0) to (16.331106 16.331106 16.331106)
  1 by 1 by 1 MPI processor grid
  reading atoms ...
  216 atoms
  reading velocities ...
  216 velocities
  read_data CPU = 0.001 seconds
mass 1 28.085
pair_style sw
pair_coeff * * Si.sw Si
Reading sw potential file Si.sw with DATE: 2007-06-11
run 0
Neighbor list info ...
  update: every = 1 steps, delay = 0 steps, check = yes
  max neighbors/atom: 2000, page size: 100000
  master list distance cutoff = 5.77118
  ghost atom cutoff = 5.77118
  binsize = 2.88559, bins = 6 6 6
  1 neighbor lists, perpetual/occasional/extra = 1 0 0
  (1) pair sw, perpetual
      attributes: full, newton on
      pair build: full/bin/atomonly
      stencil: full/bin/3d
      bin: standard
Per MPI rank memory allocation (min/avg/max) = 3.083 | 3.083 | 3.083 Mbytes
   Step          Temp          E_pair         E_mol          TotEng         Press     
WARNING: Too many warnings: 144 vs 100. All future warnings will be suppressed (src/thermo.cpp:478)
         0   0             -933.32562      0             -933.32562     -6145.7747    
Loop time of 1.02e-06 on 1 procs for 0 steps with 216 atoms

0.0% CPU use with 1 MPI tasks x 1 OpenMP threads

MPI task timing breakdown:
Section |  min time  |  avg time  |  max time  |%varavg| %total
---------------------------------------------------------------
Pair    | 0          | 0          | 0          |   0.0 |  0.00
Neigh   | 0          | 0          | 0          |   0.0 |  0.00
Comm    | 0          | 0          | 0          |   0.0 |  0.00
Output  | 0          | 0          | 0          |   0.0 |  0.00
Modify  | 0          | 0          | 0          |   0.0 |  0.00
Other   |            | 1.02e-06   |            |       |100.00

Nlocal:            216 ave         216 max         216 min
Histogram: 1 0 0 0 0 0 0 0 0 0
Nghost:            834 ave         834 max         834 min
Histogram: 1 0 0 0 0 0 0 0 0 0
Neighs:              0 ave           0 max           0 min
Histogram: 1 0 0 0 0 0 0 0 0 0
FullNghs:         7344 ave        7344 max        7344 min
Histogram: 1 0 0 0 0 0 0 0 0 0

Total # of neighbors = 7344
Ave neighs/atom = 34
Neighbor list builds = 0
Dangerous builds = 0
next i
jump SELF loop_struct
clear
  using 1 OpenMP thread(s) per MPI task
log energies.log append
units metal
boundary p p p
atom_style atomic
read_data Si333_${i}.in
read_data Si333_145.in
Reading data file ...
  orthogonal box = (0 0 0) to (16.331106 16.331106 16.331106)
  1 by 1 by 1 MPI processor grid
  reading atoms ...
  216 atoms
  reading velocities ...
  216 velocities
  read_data CPU = 0.001 seconds
mass 1 28.085
pair_style sw
pair_coeff * * Si.sw Si
Reading sw potential file Si.sw with DATE: 2007-06-11
run 0
Neighbor list info ...
  update: every = 1 steps, delay = 0 steps, check = yes
  max neighbors/atom: 2000, page size: 100000
  master list distance cutoff = 5.77118
  ghost atom cutoff = 5.77118
  binsize = 2.88559, bins = 6 6 6
  1 neighbor lists, perpetual/occasional/extra = 1 0 0
  (1) pair sw, perpetual
      attributes: full, newton on
      pair build: full/bin/atomonly
      stencil: full/bin/3d
      bin: standard
Per MPI rank memory allocation (min/avg/max) = 3.083 | 3.083 | 3.083 Mbytes
   Step          Temp          E_pair         E_mol          TotEng         Press     
WARNING: Too many warnings: 145 vs 100. All future warnings will be suppressed (src/thermo.cpp:478)
         0   0             -933.67207      0             -933.67207     -6301.19      
Loop time of 1.021e-06 on 1 procs for 0 steps with 216 atoms

0.0% CPU use with 1 MPI tasks x 1 OpenMP threads

MPI task timing breakdown:
Section |  min time  |  avg time  |  max time  |%varavg| %total
---------------------------------------------------------------
Pair    | 0          | 0          | 0          |   0.0 |  0.00
Neigh   | 0          | 0          | 0          |   0.0 |  0.00
Comm    | 0          | 0          | 0          |   0.0 |  0.00
Output  | 0          | 0          | 0          |   0.0 |  0.00
Modify  | 0          | 0          | 0          |   0.0 |  0.00
Other   |            | 1.021e-06  |            |       |100.00

Nlocal:            216 ave         216 max         216 min
Histogram: 1 0 0 0 0 0 0 0 0 0
Nghost:            834 ave         834 max         834 min
Histogram: 1 0 0 0 0 0 0 0 0 0
Neighs:              0 ave           0 max           0 min
Histogram: 1 0 0 0 0 0 0 0 0 0
FullNghs:         7344 ave        7344 max        7344 min
Histogram: 1 0 0 0 0 0 0 0 0 0

Total # of neighbors = 7344
Ave neighs/atom = 34
Neighbor list builds = 0
Dangerous builds = 0
next i
jump SELF loop_struct
clear
  using 1 OpenMP thread(s) per MPI task
log energies.log append
units metal
boundary p p p
atom_style atomic
read_data Si333_${i}.in
read_data Si333_146.in
Reading data file ...
  orthogonal box = (0 0 0) to (16.331106 16.331106 16.331106)
  1 by 1 by 1 MPI processor grid
  reading atoms ...
  216 atoms
  reading velocities ...
  216 velocities
  read_data CPU = 0.001 seconds
mass 1 28.085
pair_style sw
pair_coeff * * Si.sw Si
Reading sw potential file Si.sw with DATE: 2007-06-11
run 0
Neighbor list info ...
  update: every = 1 steps, delay = 0 steps, check = yes
  max neighbors/atom: 2000, page size: 100000
  master list distance cutoff = 5.77118
  ghost atom cutoff = 5.77118
  binsize = 2.88559, bins = 6 6 6
  1 neighbor lists, perpetual/occasional/extra = 1 0 0
  (1) pair sw, perpetual
      attributes: full, newton on
      pair build: full/bin/atomonly
      stencil: full/bin/3d
      bin: standard
Per MPI rank memory allocation (min/avg/max) = 3.086 | 3.086 | 3.086 Mbytes
   Step          Temp          E_pair         E_mol          TotEng         Press     
WARNING: Too many warnings: 146 vs 100. All future warnings will be suppressed (src/thermo.cpp:478)
         0   0             -702.56812      0             -702.56812      121683.4     
Loop time of 1.04e-06 on 1 procs for 0 steps with 216 atoms

96.2% CPU use with 1 MPI tasks x 1 OpenMP threads

MPI task timing breakdown:
Section |  min time  |  avg time  |  max time  |%varavg| %total
---------------------------------------------------------------
Pair    | 0          | 0          | 0          |   0.0 |  0.00
Neigh   | 0          | 0          | 0          |   0.0 |  0.00
Comm    | 0          | 0          | 0          |   0.0 |  0.00
Output  | 0          | 0          | 0          |   0.0 |  0.00
Modify  | 0          | 0          | 0          |   0.0 |  0.00
Other   |            | 1.04e-06   |            |       |100.00

Nlocal:            216 ave         216 max         216 min
Histogram: 1 0 0 0 0 0 0 0 0 0
Nghost:            880 ave         880 max         880 min
Histogram: 1 0 0 0 0 0 0 0 0 0
Neighs:              0 ave           0 max           0 min
Histogram: 1 0 0 0 0 0 0 0 0 0
FullNghs:         7394 ave        7394 max        7394 min
Histogram: 1 0 0 0 0 0 0 0 0 0

Total # of neighbors = 7394
Ave neighs/atom = 34.231481
Neighbor list builds = 0
Dangerous builds = 0
next i
jump SELF loop_struct
clear
  using 1 OpenMP thread(s) per MPI task
log energies.log append
units metal
boundary p p p
atom_style atomic
read_data Si333_${i}.in
read_data Si333_147.in
Reading data file ...
  orthogonal box = (0 0 0) to (16.331106 16.331106 16.331106)
  1 by 1 by 1 MPI processor grid
  reading atoms ...
  216 atoms
  reading velocities ...
  216 velocities
  read_data CPU = 0.001 seconds
mass 1 28.085
pair_style sw
pair_coeff * * Si.sw Si
Reading sw potential file Si.sw with DATE: 2007-06-11
run 0
Neighbor list info ...
  update: every = 1 steps, delay = 0 steps, check = yes
  max neighbors/atom: 2000, page size: 100000
  master list distance cutoff = 5.77118
  ghost atom cutoff = 5.77118
  binsize = 2.88559, bins = 6 6 6
  1 neighbor lists, perpetual/occasional/extra = 1 0 0
  (1) pair sw, perpetual
      attributes: full, newton on
      pair build: full/bin/atomonly
      stencil: full/bin/3d
      bin: standard
Per MPI rank memory allocation (min/avg/max) = 3.083 | 3.083 | 3.083 Mbytes
   Step          Temp          E_pair         E_mol          TotEng         Press     
WARNING: Too many warnings: 147 vs 100. All future warnings will be suppressed (src/thermo.cpp:478)
         0   0             -568.22875      0             -568.22875      190932.18    
Loop time of 1.02e-06 on 1 procs for 0 steps with 216 atoms

0.0% CPU use with 1 MPI tasks x 1 OpenMP threads

MPI task timing breakdown:
Section |  min time  |  avg time  |  max time  |%varavg| %total
---------------------------------------------------------------
Pair    | 0          | 0          | 0          |   0.0 |  0.00
Neigh   | 0          | 0          | 0          |   0.0 |  0.00
Comm    | 0          | 0          | 0          |   0.0 |  0.00
Output  | 0          | 0          | 0          |   0.0 |  0.00
Modify  | 0          | 0          | 0          |   0.0 |  0.00
Other   |            | 1.02e-06   |            |       |100.00

Nlocal:            216 ave         216 max         216 min
Histogram: 1 0 0 0 0 0 0 0 0 0
Nghost:            851 ave         851 max         851 min
Histogram: 1 0 0 0 0 0 0 0 0 0
Neighs:              0 ave           0 max           0 min
Histogram: 1 0 0 0 0 0 0 0 0 0
FullNghs:         7390 ave        7390 max        7390 min
Histogram: 1 0 0 0 0 0 0 0 0 0

Total # of neighbors = 7390
Ave neighs/atom = 34.212963
Neighbor list builds = 0
Dangerous builds = 0
next i
jump SELF loop_struct
clear
  using 1 OpenMP thread(s) per MPI task
log energies.log append
units metal
boundary p p p
atom_style atomic
read_data Si333_${i}.in
read_data Si333_148.in
Reading data file ...
  orthogonal box = (0 0 0) to (16.331106 16.331106 16.331106)
  1 by 1 by 1 MPI processor grid
  reading atoms ...
  216 atoms
  reading velocities ...
  216 velocities
  read_data CPU = 0.001 seconds
mass 1 28.085
pair_style sw
pair_coeff * * Si.sw Si
Reading sw potential file Si.sw with DATE: 2007-06-11
run 0
Neighbor list info ...
  update: every = 1 steps, delay = 0 steps, check = yes
  max neighbors/atom: 2000, page size: 100000
  master list distance cutoff = 5.77118
  ghost atom cutoff = 5.77118
  binsize = 2.88559, bins = 6 6 6
  1 neighbor lists, perpetual/occasional/extra = 1 0 0
  (1) pair sw, perpetual
      attributes: full, newton on
      pair build: full/bin/atomonly
      stencil: full/bin/3d
      bin: standard
Per MPI rank memory allocation (min/avg/max) = 3.085 | 3.085 | 3.085 Mbytes
   Step          Temp          E_pair         E_mol          TotEng         Press     
WARNING: Too many warnings: 148 vs 100. All future warnings will be suppressed (src/thermo.cpp:478)
         0   0             -632.98021      0             -632.98021      157580.39    
Loop time of 1.04e-06 on 1 procs for 0 steps with 216 atoms

96.2% CPU use with 1 MPI tasks x 1 OpenMP threads

MPI task timing breakdown:
Section |  min time  |  avg time  |  max time  |%varavg| %total
---------------------------------------------------------------
Pair    | 0          | 0          | 0          |   0.0 |  0.00
Neigh   | 0          | 0          | 0          |   0.0 |  0.00
Comm    | 0          | 0          | 0          |   0.0 |  0.00
Output  | 0          | 0          | 0          |   0.0 |  0.00
Modify  | 0          | 0          | 0          |   0.0 |  0.00
Other   |            | 1.04e-06   |            |       |100.00

Nlocal:            216 ave         216 max         216 min
Histogram: 1 0 0 0 0 0 0 0 0 0
Nghost:            890 ave         890 max         890 min
Histogram: 1 0 0 0 0 0 0 0 0 0
Neighs:              0 ave           0 max           0 min
Histogram: 1 0 0 0 0 0 0 0 0 0
FullNghs:         7392 ave        7392 max        7392 min
Histogram: 1 0 0 0 0 0 0 0 0 0

Total # of neighbors = 7392
Ave neighs/atom = 34.222222
Neighbor list builds = 0
Dangerous builds = 0
next i
jump SELF loop_struct
clear
  using 1 OpenMP thread(s) per MPI task
log energies.log append
units metal
boundary p p p
atom_style atomic
read_data Si333_${i}.in
read_data Si333_149.in
Reading data file ...
  orthogonal box = (0 0 0) to (16.331106 16.331106 16.331106)
  1 by 1 by 1 MPI processor grid
  reading atoms ...
  216 atoms
  reading velocities ...
  216 velocities
  read_data CPU = 0.001 seconds
mass 1 28.085
pair_style sw
pair_coeff * * Si.sw Si
Reading sw potential file Si.sw with DATE: 2007-06-11
run 0
Neighbor list info ...
  update: every = 1 steps, delay = 0 steps, check = yes
  max neighbors/atom: 2000, page size: 100000
  master list distance cutoff = 5.77118
  ghost atom cutoff = 5.77118
  binsize = 2.88559, bins = 6 6 6
  1 neighbor lists, perpetual/occasional/extra = 1 0 0
  (1) pair sw, perpetual
      attributes: full, newton on
      pair build: full/bin/atomonly
      stencil: full/bin/3d
      bin: standard
Per MPI rank memory allocation (min/avg/max) = 3.09 | 3.09 | 3.09 Mbytes
   Step          Temp          E_pair         E_mol          TotEng         Press     
WARNING: Too many warnings: 149 vs 100. All future warnings will be suppressed (src/thermo.cpp:478)
         0   0             -933.22988      0             -933.22988     -6166.5473    
Loop time of 1.21e-06 on 1 procs for 0 steps with 216 atoms

82.6% CPU use with 1 MPI tasks x 1 OpenMP threads

MPI task timing breakdown:
Section |  min time  |  avg time  |  max time  |%varavg| %total
---------------------------------------------------------------
Pair    | 0          | 0          | 0          |   0.0 |  0.00
Neigh   | 0          | 0          | 0          |   0.0 |  0.00
Comm    | 0          | 0          | 0          |   0.0 |  0.00
Output  | 0          | 0          | 0          |   0.0 |  0.00
Modify  | 0          | 0          | 0          |   0.0 |  0.00
Other   |            | 1.21e-06   |            |       |100.00

Nlocal:            216 ave         216 max         216 min
Histogram: 1 0 0 0 0 0 0 0 0 0
Nghost:            884 ave         884 max         884 min
Histogram: 1 0 0 0 0 0 0 0 0 0
Neighs:              0 ave           0 max           0 min
Histogram: 1 0 0 0 0 0 0 0 0 0
FullNghs:         7344 ave        7344 max        7344 min
Histogram: 1 0 0 0 0 0 0 0 0 0

Total # of neighbors = 7344
Ave neighs/atom = 34
Neighbor list builds = 0
Dangerous builds = 0
next i
jump SELF loop_struct
clear
  using 1 OpenMP thread(s) per MPI task
log energies.log append
units metal
boundary p p p
atom_style atomic
read_data Si333_${i}.in
read_data Si333_150.in
Reading data file ...
  orthogonal box = (0 0 0) to (16.331106 16.331106 16.331106)
  1 by 1 by 1 MPI processor grid
  reading atoms ...
  216 atoms
  reading velocities ...
  216 velocities
  read_data CPU = 0.001 seconds
mass 1 28.085
pair_style sw
pair_coeff * * Si.sw Si
Reading sw potential file Si.sw with DATE: 2007-06-11
run 0
Neighbor list info ...
  update: every = 1 steps, delay = 0 steps, check = yes
  max neighbors/atom: 2000, page size: 100000
  master list distance cutoff = 5.77118
  ghost atom cutoff = 5.77118
  binsize = 2.88559, bins = 6 6 6
  1 neighbor lists, perpetual/occasional/extra = 1 0 0
  (1) pair sw, perpetual
      attributes: full, newton on
      pair build: full/bin/atomonly
      stencil: full/bin/3d
      bin: standard
Per MPI rank memory allocation (min/avg/max) = 3.087 | 3.087 | 3.087 Mbytes
   Step          Temp          E_pair         E_mol          TotEng         Press     
WARNING: Too many warnings: 150 vs 100. All future warnings will be suppressed (src/thermo.cpp:478)
         0   0             -768.60666      0             -768.60666      83260.523    
Loop time of 1.02e-06 on 1 procs for 0 steps with 216 atoms

98.0% CPU use with 1 MPI tasks x 1 OpenMP threads

MPI task timing breakdown:
Section |  min time  |  avg time  |  max time  |%varavg| %total
---------------------------------------------------------------
Pair    | 0          | 0          | 0          |   0.0 |  0.00
Neigh   | 0          | 0          | 0          |   0.0 |  0.00
Comm    | 0          | 0          | 0          |   0.0 |  0.00
Output  | 0          | 0          | 0          |   0.0 |  0.00
Modify  | 0          | 0          | 0          |   0.0 |  0.00
Other   |            | 1.02e-06   |            |       |100.00

Nlocal:            216 ave         216 max         216 min
Histogram: 1 0 0 0 0 0 0 0 0 0
Nghost:            890 ave         890 max         890 min
Histogram: 1 0 0 0 0 0 0 0 0 0
Neighs:              0 ave           0 max           0 min
Histogram: 1 0 0 0 0 0 0 0 0 0
FullNghs:         7364 ave        7364 max        7364 min
Histogram: 1 0 0 0 0 0 0 0 0 0

Total # of neighbors = 7364
Ave neighs/atom = 34.092593
Neighbor list builds = 0
Dangerous builds = 0
next i
jump SELF loop_struct
clear
  using 1 OpenMP thread(s) per MPI task
log energies.log append
units metal
boundary p p p
atom_style atomic
read_data Si333_${i}.in
read_data Si333_151.in
Reading data file ...
  orthogonal box = (0 0 0) to (16.331106 16.331106 16.331106)
  1 by 1 by 1 MPI processor grid
  reading atoms ...
  216 atoms
  reading velocities ...
  216 velocities
  read_data CPU = 0.001 seconds
mass 1 28.085
pair_style sw
pair_coeff * * Si.sw Si
Reading sw potential file Si.sw with DATE: 2007-06-11
run 0
Neighbor list info ...
  update: every = 1 steps, delay = 0 steps, check = yes
  max neighbors/atom: 2000, page size: 100000
  master list distance cutoff = 5.77118
  ghost atom cutoff = 5.77118
  binsize = 2.88559, bins = 6 6 6
  1 neighbor lists, perpetual/occasional/extra = 1 0 0
  (1) pair sw, perpetual
      attributes: full, newton on
      pair build: full/bin/atomonly
      stencil: full/bin/3d
      bin: standard
Per MPI rank memory allocation (min/avg/max) = 3.088 | 3.088 | 3.088 Mbytes
   Step          Temp          E_pair         E_mol          TotEng         Press     
WARNING: Too many warnings: 151 vs 100. All future warnings will be suppressed (src/thermo.cpp:478)
         0   0             -933.28858      0             -933.28858     -6234.5739    
Loop time of 1.01e-06 on 1 procs for 0 steps with 216 atoms

0.0% CPU use with 1 MPI tasks x 1 OpenMP threads

MPI task timing breakdown:
Section |  min time  |  avg time  |  max time  |%varavg| %total
---------------------------------------------------------------
Pair    | 0          | 0          | 0          |   0.0 |  0.00
Neigh   | 0          | 0          | 0          |   0.0 |  0.00
Comm    | 0          | 0          | 0          |   0.0 |  0.00
Output  | 0          | 0          | 0          |   0.0 |  0.00
Modify  | 0          | 0          | 0          |   0.0 |  0.00
Other   |            | 1.01e-06   |            |       |100.00

Nlocal:            216 ave         216 max         216 min
Histogram: 1 0 0 0 0 0 0 0 0 0
Nghost:            919 ave         919 max         919 min
Histogram: 1 0 0 0 0 0 0 0 0 0
Neighs:              0 ave           0 max           0 min
Histogram: 1 0 0 0 0 0 0 0 0 0
FullNghs:         7344 ave        7344 max        7344 min
Histogram: 1 0 0 0 0 0 0 0 0 0

Total # of neighbors = 7344
Ave neighs/atom = 34
Neighbor list builds = 0
Dangerous builds = 0
next i
jump SELF loop_struct
clear
  using 1 OpenMP thread(s) per MPI task
log energies.log append
units metal
boundary p p p
atom_style atomic
read_data Si333_${i}.in
read_data Si333_152.in
Reading data file ...
  orthogonal box = (0 0 0) to (16.331106 16.331106 16.331106)
  1 by 1 by 1 MPI processor grid
  reading atoms ...
  216 atoms
  reading velocities ...
  216 velocities
  read_data CPU = 0.001 seconds
mass 1 28.085
pair_style sw
pair_coeff * * Si.sw Si
Reading sw potential file Si.sw with DATE: 2007-06-11
run 0
Neighbor list info ...
  update: every = 1 steps, delay = 0 steps, check = yes
  max neighbors/atom: 2000, page size: 100000
  master list distance cutoff = 5.77118
  ghost atom cutoff = 5.77118
  binsize = 2.88559, bins = 6 6 6
  1 neighbor lists, perpetual/occasional/extra = 1 0 0
  (1) pair sw, perpetual
      attributes: full, newton on
      pair build: full/bin/atomonly
      stencil: full/bin/3d
      bin: standard
Per MPI rank memory allocation (min/avg/max) = 3.086 | 3.086 | 3.086 Mbytes
   Step          Temp          E_pair         E_mol          TotEng         Press     
WARNING: Too many warnings: 152 vs 100. All future warnings will be suppressed (src/thermo.cpp:478)
         0   0             -932.93097      0             -932.93097     -6044.7248    
Loop time of 1.02e-06 on 1 procs for 0 steps with 216 atoms

0.0% CPU use with 1 MPI tasks x 1 OpenMP threads

MPI task timing breakdown:
Section |  min time  |  avg time  |  max time  |%varavg| %total
---------------------------------------------------------------
Pair    | 0          | 0          | 0          |   0.0 |  0.00
Neigh   | 0          | 0          | 0          |   0.0 |  0.00
Comm    | 0          | 0          | 0          |   0.0 |  0.00
Output  | 0          | 0          | 0          |   0.0 |  0.00
Modify  | 0          | 0          | 0          |   0.0 |  0.00
Other   |            | 1.02e-06   |            |       |100.00

Nlocal:            216 ave         216 max         216 min
Histogram: 1 0 0 0 0 0 0 0 0 0
Nghost:            911 ave         911 max         911 min
Histogram: 1 0 0 0 0 0 0 0 0 0
Neighs:              0 ave           0 max           0 min
Histogram: 1 0 0 0 0 0 0 0 0 0
FullNghs:         7344 ave        7344 max        7344 min
Histogram: 1 0 0 0 0 0 0 0 0 0

Total # of neighbors = 7344
Ave neighs/atom = 34
Neighbor list builds = 0
Dangerous builds = 0
next i
jump SELF loop_struct
clear
  using 1 OpenMP thread(s) per MPI task
log energies.log append
units metal
boundary p p p
atom_style atomic
read_data Si333_${i}.in
read_data Si333_153.in
Reading data file ...
  orthogonal box = (0 0 0) to (16.331106 16.331106 16.331106)
  1 by 1 by 1 MPI processor grid
  reading atoms ...
  216 atoms
  reading velocities ...
  216 velocities
  read_data CPU = 0.001 seconds
mass 1 28.085
pair_style sw
pair_coeff * * Si.sw Si
Reading sw potential file Si.sw with DATE: 2007-06-11
run 0
Neighbor list info ...
  update: every = 1 steps, delay = 0 steps, check = yes
  max neighbors/atom: 2000, page size: 100000
  master list distance cutoff = 5.77118
  ghost atom cutoff = 5.77118
  binsize = 2.88559, bins = 6 6 6
  1 neighbor lists, perpetual/occasional/extra = 1 0 0
  (1) pair sw, perpetual
      attributes: full, newton on
      pair build: full/bin/atomonly
      stencil: full/bin/3d
      bin: standard
Per MPI rank memory allocation (min/avg/max) = 3.088 | 3.088 | 3.088 Mbytes
   Step          Temp          E_pair         E_mol          TotEng         Press     
WARNING: Too many warnings: 153 vs 100. All future warnings will be suppressed (src/thermo.cpp:478)
         0   0             -540.66276      0             -540.66276      204687.73    
Loop time of 1.03e-06 on 1 procs for 0 steps with 216 atoms

97.1% CPU use with 1 MPI tasks x 1 OpenMP threads

MPI task timing breakdown:
Section |  min time  |  avg time  |  max time  |%varavg| %total
---------------------------------------------------------------
Pair    | 0          | 0          | 0          |   0.0 |  0.00
Neigh   | 0          | 0          | 0          |   0.0 |  0.00
Comm    | 0          | 0          | 0          |   0.0 |  0.00
Output  | 0          | 0          | 0          |   0.0 |  0.00
Modify  | 0          | 0          | 0          |   0.0 |  0.00
Other   |            | 1.03e-06   |            |       |100.00

Nlocal:            216 ave         216 max         216 min
Histogram: 1 0 0 0 0 0 0 0 0 0
Nghost:            823 ave         823 max         823 min
Histogram: 1 0 0 0 0 0 0 0 0 0
Neighs:              0 ave           0 max           0 min
Histogram: 1 0 0 0 0 0 0 0 0 0
FullNghs:         7396 ave        7396 max        7396 min
Histogram: 1 0 0 0 0 0 0 0 0 0

Total # of neighbors = 7396
Ave neighs/atom = 34.240741
Neighbor list builds = 0
Dangerous builds = 0
next i
jump SELF loop_struct
clear
  using 1 OpenMP thread(s) per MPI task
log energies.log append
units metal
boundary p p p
atom_style atomic
read_data Si333_${i}.in
read_data Si333_154.in
Reading data file ...
  orthogonal box = (0 0 0) to (16.331106 16.331106 16.331106)
  1 by 1 by 1 MPI processor grid
  reading atoms ...
  216 atoms
  reading velocities ...
  216 velocities
  read_data CPU = 0.001 seconds
mass 1 28.085
pair_style sw
pair_coeff * * Si.sw Si
Reading sw potential file Si.sw with DATE: 2007-06-11
run 0
Neighbor list info ...
  update: every = 1 steps, delay = 0 steps, check = yes
  max neighbors/atom: 2000, page size: 100000
  master list distance cutoff = 5.77118
  ghost atom cutoff = 5.77118
  binsize = 2.88559, bins = 6 6 6
  1 neighbor lists, perpetual/occasional/extra = 1 0 0
  (1) pair sw, perpetual
      attributes: full, newton on
      pair build: full/bin/atomonly
      stencil: full/bin/3d
      bin: standard
Per MPI rank memory allocation (min/avg/max) = 3.081 | 3.081 | 3.081 Mbytes
   Step          Temp          E_pair         E_mol          TotEng         Press     
WARNING: Too many warnings: 154 vs 100. All future warnings will be suppressed (src/thermo.cpp:478)
         0   0             -755.13152      0             -755.13152      89859.519    
Loop time of 1.02e-06 on 1 procs for 0 steps with 216 atoms

98.0% CPU use with 1 MPI tasks x 1 OpenMP threads

MPI task timing breakdown:
Section |  min time  |  avg time  |  max time  |%varavg| %total
---------------------------------------------------------------
Pair    | 0          | 0          | 0          |   0.0 |  0.00
Neigh   | 0          | 0          | 0          |   0.0 |  0.00
Comm    | 0          | 0          | 0          |   0.0 |  0.00
Output  | 0          | 0          | 0          |   0.0 |  0.00
Modify  | 0          | 0          | 0          |   0.0 |  0.00
Other   |            | 1.02e-06   |            |       |100.00

Nlocal:            216 ave         216 max         216 min
Histogram: 1 0 0 0 0 0 0 0 0 0
Nghost:            787 ave         787 max         787 min
Histogram: 1 0 0 0 0 0 0 0 0 0
Neighs:              0 ave           0 max           0 min
Histogram: 1 0 0 0 0 0 0 0 0 0
FullNghs:         7368 ave        7368 max        7368 min
Histogram: 1 0 0 0 0 0 0 0 0 0

Total # of neighbors = 7368
Ave neighs/atom = 34.111111
Neighbor list builds = 0
Dangerous builds = 0
next i
jump SELF loop_struct
clear
  using 1 OpenMP thread(s) per MPI task
log energies.log append
units metal
boundary p p p
atom_style atomic
read_data Si333_${i}.in
read_data Si333_155.in
Reading data file ...
  orthogonal box = (0 0 0) to (16.331106 16.331106 16.331106)
  1 by 1 by 1 MPI processor grid
  reading atoms ...
  216 atoms
  reading velocities ...
  216 velocities
  read_data CPU = 0.001 seconds
mass 1 28.085
pair_style sw
pair_coeff * * Si.sw Si
Reading sw potential file Si.sw with DATE: 2007-06-11
run 0
Neighbor list info ...
  update: every = 1 steps, delay = 0 steps, check = yes
  max neighbors/atom: 2000, page size: 100000
  master list distance cutoff = 5.77118
  ghost atom cutoff = 5.77118
  binsize = 2.88559, bins = 6 6 6
  1 neighbor lists, perpetual/occasional/extra = 1 0 0
  (1) pair sw, perpetual
      attributes: full, newton on
      pair build: full/bin/atomonly
      stencil: full/bin/3d
      bin: standard
Per MPI rank memory allocation (min/avg/max) = 3.086 | 3.086 | 3.086 Mbytes
   Step          Temp          E_pair         E_mol          TotEng         Press     
WARNING: Too many warnings: 155 vs 100. All future warnings will be suppressed (src/thermo.cpp:478)
         0   0             -933.01578      0             -933.01578     -6134.0267    
Loop time of 1.01e-06 on 1 procs for 0 steps with 216 atoms

198.0% CPU use with 1 MPI tasks x 1 OpenMP threads

MPI task timing breakdown:
Section |  min time  |  avg time  |  max time  |%varavg| %total
---------------------------------------------------------------
Pair    | 0          | 0          | 0          |   0.0 |  0.00
Neigh   | 0          | 0          | 0          |   0.0 |  0.00
Comm    | 0          | 0          | 0          |   0.0 |  0.00
Output  | 0          | 0          | 0          |   0.0 |  0.00
Modify  | 0          | 0          | 0          |   0.0 |  0.00
Other   |            | 1.01e-06   |            |       |100.00

Nlocal:            216 ave         216 max         216 min
Histogram: 1 0 0 0 0 0 0 0 0 0
Nghost:            839 ave         839 max         839 min
Histogram: 1 0 0 0 0 0 0 0 0 0
Neighs:              0 ave           0 max           0 min
Histogram: 1 0 0 0 0 0 0 0 0 0
FullNghs:         7344 ave        7344 max        7344 min
Histogram: 1 0 0 0 0 0 0 0 0 0

Total # of neighbors = 7344
Ave neighs/atom = 34
Neighbor list builds = 0
Dangerous builds = 0
next i
jump SELF loop_struct
clear
  using 1 OpenMP thread(s) per MPI task
log energies.log append
units metal
boundary p p p
atom_style atomic
read_data Si333_${i}.in
read_data Si333_156.in
Reading data file ...
  orthogonal box = (0 0 0) to (16.331106 16.331106 16.331106)
  1 by 1 by 1 MPI processor grid
  reading atoms ...
  216 atoms
  reading velocities ...
  216 velocities
  read_data CPU = 0.001 seconds
mass 1 28.085
pair_style sw
pair_coeff * * Si.sw Si
Reading sw potential file Si.sw with DATE: 2007-06-11
run 0
Neighbor list info ...
  update: every = 1 steps, delay = 0 steps, check = yes
  max neighbors/atom: 2000, page size: 100000
  master list distance cutoff = 5.77118
  ghost atom cutoff = 5.77118
  binsize = 2.88559, bins = 6 6 6
  1 neighbor lists, perpetual/occasional/extra = 1 0 0
  (1) pair sw, perpetual
      attributes: full, newton on
      pair build: full/bin/atomonly
      stencil: full/bin/3d
      bin: standard
Per MPI rank memory allocation (min/avg/max) = 3.091 | 3.091 | 3.091 Mbytes
   Step          Temp          E_pair         E_mol          TotEng         Press     
WARNING: Too many warnings: 156 vs 100. All future warnings will be suppressed (src/thermo.cpp:478)
         0   0             -506.80217      0             -506.80217      221309.27    
Loop time of 9.9e-07 on 1 procs for 0 steps with 216 atoms

0.0% CPU use with 1 MPI tasks x 1 OpenMP threads

MPI task timing breakdown:
Section |  min time  |  avg time  |  max time  |%varavg| %total
---------------------------------------------------------------
Pair    | 0          | 0          | 0          |   0.0 |  0.00
Neigh   | 0          | 0          | 0          |   0.0 |  0.00
Comm    | 0          | 0          | 0          |   0.0 |  0.00
Output  | 0          | 0          | 0          |   0.0 |  0.00
Modify  | 0          | 0          | 0          |   0.0 |  0.00
Other   |            | 9.9e-07    |            |       |100.00

Nlocal:            216 ave         216 max         216 min
Histogram: 1 0 0 0 0 0 0 0 0 0
Nghost:            939 ave         939 max         939 min
Histogram: 1 0 0 0 0 0 0 0 0 0
Neighs:              0 ave           0 max           0 min
Histogram: 1 0 0 0 0 0 0 0 0 0
FullNghs:         7398 ave        7398 max        7398 min
Histogram: 1 0 0 0 0 0 0 0 0 0

Total # of neighbors = 7398
Ave neighs/atom = 34.25
Neighbor list builds = 0
Dangerous builds = 0
next i
jump SELF loop_struct
clear
  using 1 OpenMP thread(s) per MPI task
log energies.log append
units metal
boundary p p p
atom_style atomic
read_data Si333_${i}.in
read_data Si333_157.in
Reading data file ...
  orthogonal box = (0 0 0) to (16.331106 16.331106 16.331106)
  1 by 1 by 1 MPI processor grid
  reading atoms ...
  216 atoms
  reading velocities ...
  216 velocities
  read_data CPU = 0.001 seconds
mass 1 28.085
pair_style sw
pair_coeff * * Si.sw Si
Reading sw potential file Si.sw with DATE: 2007-06-11
run 0
Neighbor list info ...
  update: every = 1 steps, delay = 0 steps, check = yes
  max neighbors/atom: 2000, page size: 100000
  master list distance cutoff = 5.77118
  ghost atom cutoff = 5.77118
  binsize = 2.88559, bins = 6 6 6
  1 neighbor lists, perpetual/occasional/extra = 1 0 0
  (1) pair sw, perpetual
      attributes: full, newton on
      pair build: full/bin/atomonly
      stencil: full/bin/3d
      bin: standard
Per MPI rank memory allocation (min/avg/max) = 3.088 | 3.088 | 3.088 Mbytes
   Step          Temp          E_pair         E_mol          TotEng         Press     
WARNING: Too many warnings: 157 vs 100. All future warnings will be suppressed (src/thermo.cpp:478)
         0   0             -527.6755       0             -527.6755       210543.76    
Loop time of 1.2e-06 on 1 procs for 0 steps with 216 atoms

0.0% CPU use with 1 MPI tasks x 1 OpenMP threads

MPI task timing breakdown:
Section |  min time  |  avg time  |  max time  |%varavg| %total
---------------------------------------------------------------
Pair    | 0          | 0          | 0          |   0.0 |  0.00
Neigh   | 0          | 0          | 0          |   0.0 |  0.00
Comm    | 0          | 0          | 0          |   0.0 |  0.00
Output  | 0          | 0          | 0          |   0.0 |  0.00
Modify  | 0          | 0          | 0          |   0.0 |  0.00
Other   |            | 1.2e-06    |            |       |100.00

Nlocal:            216 ave         216 max         216 min
Histogram: 1 0 0 0 0 0 0 0 0 0
Nghost:            836 ave         836 max         836 min
Histogram: 1 0 0 0 0 0 0 0 0 0
Neighs:              0 ave           0 max           0 min
Histogram: 1 0 0 0 0 0 0 0 0 0
FullNghs:         7410 ave        7410 max        7410 min
Histogram: 1 0 0 0 0 0 0 0 0 0

Total # of neighbors = 7410
Ave neighs/atom = 34.305556
Neighbor list builds = 0
Dangerous builds = 0
next i
jump SELF loop_struct
clear
  using 1 OpenMP thread(s) per MPI task
log energies.log append
units metal
boundary p p p
atom_style atomic
read_data Si333_${i}.in
read_data Si333_158.in
Reading data file ...
  orthogonal box = (0 0 0) to (16.331106 16.331106 16.331106)
  1 by 1 by 1 MPI processor grid
  reading atoms ...
  216 atoms
  reading velocities ...
  216 velocities
  read_data CPU = 0.001 seconds
mass 1 28.085
pair_style sw
pair_coeff * * Si.sw Si
Reading sw potential file Si.sw with DATE: 2007-06-11
run 0
Neighbor list info ...
  update: every = 1 steps, delay = 0 steps, check = yes
  max neighbors/atom: 2000, page size: 100000
  master list distance cutoff = 5.77118
  ghost atom cutoff = 5.77118
  binsize = 2.88559, bins = 6 6 6
  1 neighbor lists, perpetual/occasional/extra = 1 0 0
  (1) pair sw, perpetual
      attributes: full, newton on
      pair build: full/bin/atomonly
      stencil: full/bin/3d
      bin: standard
Per MPI rank memory allocation (min/avg/max) = 3.086 | 3.086 | 3.086 Mbytes
   Step          Temp          E_pair         E_mol          TotEng         Press     
WARNING: Too many warnings: 158 vs 100. All future warnings will be suppressed (src/thermo.cpp:478)
         0   0             -751.56262      0             -751.56262      92080.928    
Loop time of 1.02e-06 on 1 procs for 0 steps with 216 atoms

98.0% CPU use with 1 MPI tasks x 1 OpenMP threads

MPI task timing breakdown:
Section |  min time  |  avg time  |  max time  |%varavg| %total
---------------------------------------------------------------
Pair    | 0          | 0          | 0          |   0.0 |  0.00
Neigh   | 0          | 0          | 0          |   0.0 |  0.00
Comm    | 0          | 0          | 0          |   0.0 |  0.00
Output  | 0          | 0          | 0          |   0.0 |  0.00
Modify  | 0          | 0          | 0          |   0.0 |  0.00
Other   |            | 1.02e-06   |            |       |100.00

Nlocal:            216 ave         216 max         216 min
Histogram: 1 0 0 0 0 0 0 0 0 0
Nghost:            876 ave         876 max         876 min
Histogram: 1 0 0 0 0 0 0 0 0 0
Neighs:              0 ave           0 max           0 min
Histogram: 1 0 0 0 0 0 0 0 0 0
FullNghs:         7364 ave        7364 max        7364 min
Histogram: 1 0 0 0 0 0 0 0 0 0

Total # of neighbors = 7364
Ave neighs/atom = 34.092593
Neighbor list builds = 0
Dangerous builds = 0
next i
jump SELF loop_struct
clear
  using 1 OpenMP thread(s) per MPI task
log energies.log append
units metal
boundary p p p
atom_style atomic
read_data Si333_${i}.in
read_data Si333_159.in
Reading data file ...
  orthogonal box = (0 0 0) to (16.331106 16.331106 16.331106)
  1 by 1 by 1 MPI processor grid
  reading atoms ...
  216 atoms
  reading velocities ...
  216 velocities
  read_data CPU = 0.001 seconds
mass 1 28.085
pair_style sw
pair_coeff * * Si.sw Si
Reading sw potential file Si.sw with DATE: 2007-06-11
run 0
Neighbor list info ...
  update: every = 1 steps, delay = 0 steps, check = yes
  max neighbors/atom: 2000, page size: 100000
  master list distance cutoff = 5.77118
  ghost atom cutoff = 5.77118
  binsize = 2.88559, bins = 6 6 6
  1 neighbor lists, perpetual/occasional/extra = 1 0 0
  (1) pair sw, perpetual
      attributes: full, newton on
      pair build: full/bin/atomonly
      stencil: full/bin/3d
      bin: standard
Per MPI rank memory allocation (min/avg/max) = 3.083 | 3.083 | 3.083 Mbytes
   Step          Temp          E_pair         E_mol          TotEng         Press     
WARNING: Too many warnings: 159 vs 100. All future warnings will be suppressed (src/thermo.cpp:478)
         0   0             -771.64003      0             -771.64003      76958.094    
Loop time of 1.02e-06 on 1 procs for 0 steps with 216 atoms

98.0% CPU use with 1 MPI tasks x 1 OpenMP threads

MPI task timing breakdown:
Section |  min time  |  avg time  |  max time  |%varavg| %total
---------------------------------------------------------------
Pair    | 0          | 0          | 0          |   0.0 |  0.00
Neigh   | 0          | 0          | 0          |   0.0 |  0.00
Comm    | 0          | 0          | 0          |   0.0 |  0.00
Output  | 0          | 0          | 0          |   0.0 |  0.00
Modify  | 0          | 0          | 0          |   0.0 |  0.00
Other   |            | 1.02e-06   |            |       |100.00

Nlocal:            216 ave         216 max         216 min
Histogram: 1 0 0 0 0 0 0 0 0 0
Nghost:            840 ave         840 max         840 min
Histogram: 1 0 0 0 0 0 0 0 0 0
Neighs:              0 ave           0 max           0 min
Histogram: 1 0 0 0 0 0 0 0 0 0
FullNghs:         7366 ave        7366 max        7366 min
Histogram: 1 0 0 0 0 0 0 0 0 0

Total # of neighbors = 7366
Ave neighs/atom = 34.101852
Neighbor list builds = 0
Dangerous builds = 0
next i
jump SELF loop_struct
clear
  using 1 OpenMP thread(s) per MPI task
log energies.log append
units metal
boundary p p p
atom_style atomic
read_data Si333_${i}.in
read_data Si333_160.in
Reading data file ...
  orthogonal box = (0 0 0) to (16.331106 16.331106 16.331106)
  1 by 1 by 1 MPI processor grid
  reading atoms ...
  216 atoms
  reading velocities ...
  216 velocities
  read_data CPU = 0.001 seconds
mass 1 28.085
pair_style sw
pair_coeff * * Si.sw Si
Reading sw potential file Si.sw with DATE: 2007-06-11
run 0
Neighbor list info ...
  update: every = 1 steps, delay = 0 steps, check = yes
  max neighbors/atom: 2000, page size: 100000
  master list distance cutoff = 5.77118
  ghost atom cutoff = 5.77118
  binsize = 2.88559, bins = 6 6 6
  1 neighbor lists, perpetual/occasional/extra = 1 0 0
  (1) pair sw, perpetual
      attributes: full, newton on
      pair build: full/bin/atomonly
      stencil: full/bin/3d
      bin: standard
Per MPI rank memory allocation (min/avg/max) = 3.089 | 3.089 | 3.089 Mbytes
   Step          Temp          E_pair         E_mol          TotEng         Press     
WARNING: Too many warnings: 160 vs 100. All future warnings will be suppressed (src/thermo.cpp:478)
         0   0             -694.44392      0             -694.44392      120641.56    
Loop time of 1.02e-06 on 1 procs for 0 steps with 216 atoms

98.0% CPU use with 1 MPI tasks x 1 OpenMP threads

MPI task timing breakdown:
Section |  min time  |  avg time  |  max time  |%varavg| %total
---------------------------------------------------------------
Pair    | 0          | 0          | 0          |   0.0 |  0.00
Neigh   | 0          | 0          | 0          |   0.0 |  0.00
Comm    | 0          | 0          | 0          |   0.0 |  0.00
Output  | 0          | 0          | 0          |   0.0 |  0.00
Modify  | 0          | 0          | 0          |   0.0 |  0.00
Other   |            | 1.02e-06   |            |       |100.00

Nlocal:            216 ave         216 max         216 min
Histogram: 1 0 0 0 0 0 0 0 0 0
Nghost:            879 ave         879 max         879 min
Histogram: 1 0 0 0 0 0 0 0 0 0
Neighs:              0 ave           0 max           0 min
Histogram: 1 0 0 0 0 0 0 0 0 0
FullNghs:         7382 ave        7382 max        7382 min
Histogram: 1 0 0 0 0 0 0 0 0 0

Total # of neighbors = 7382
Ave neighs/atom = 34.175926
Neighbor list builds = 0
Dangerous builds = 0
next i
jump SELF loop_struct
clear
  using 1 OpenMP thread(s) per MPI task
log energies.log append
units metal
boundary p p p
atom_style atomic
read_data Si333_${i}.in
read_data Si333_161.in
Reading data file ...
  orthogonal box = (0 0 0) to (16.331106 16.331106 16.331106)
  1 by 1 by 1 MPI processor grid
  reading atoms ...
  216 atoms
  reading velocities ...
  216 velocities
  read_data CPU = 0.001 seconds
mass 1 28.085
pair_style sw
pair_coeff * * Si.sw Si
Reading sw potential file Si.sw with DATE: 2007-06-11
run 0
Neighbor list info ...
  update: every = 1 steps, delay = 0 steps, check = yes
  max neighbors/atom: 2000, page size: 100000
  master list distance cutoff = 5.77118
  ghost atom cutoff = 5.77118
  binsize = 2.88559, bins = 6 6 6
  1 neighbor lists, perpetual/occasional/extra = 1 0 0
  (1) pair sw, perpetual
      attributes: full, newton on
      pair build: full/bin/atomonly
      stencil: full/bin/3d
      bin: standard
Per MPI rank memory allocation (min/avg/max) = 3.087 | 3.087 | 3.087 Mbytes
   Step          Temp          E_pair         E_mol          TotEng         Press     
WARNING: Too many warnings: 161 vs 100. All future warnings will be suppressed (src/thermo.cpp:478)
         0   0             -933.50665      0             -933.50665     -6240.7628    
Loop time of 1.01e-06 on 1 procs for 0 steps with 216 atoms

99.0% CPU use with 1 MPI tasks x 1 OpenMP threads

MPI task timing breakdown:
Section |  min time  |  avg time  |  max time  |%varavg| %total
---------------------------------------------------------------
Pair    | 0          | 0          | 0          |   0.0 |  0.00
Neigh   | 0          | 0          | 0          |   0.0 |  0.00
Comm    | 0          | 0          | 0          |   0.0 |  0.00
Output  | 0          | 0          | 0          |   0.0 |  0.00
Modify  | 0          | 0          | 0          |   0.0 |  0.00
Other   |            | 1.01e-06   |            |       |100.00

Nlocal:            216 ave         216 max         216 min
Histogram: 1 0 0 0 0 0 0 0 0 0
Nghost:            868 ave         868 max         868 min
Histogram: 1 0 0 0 0 0 0 0 0 0
Neighs:              0 ave           0 max           0 min
Histogram: 1 0 0 0 0 0 0 0 0 0
FullNghs:         7344 ave        7344 max        7344 min
Histogram: 1 0 0 0 0 0 0 0 0 0

Total # of neighbors = 7344
Ave neighs/atom = 34
Neighbor list builds = 0
Dangerous builds = 0
next i
jump SELF loop_struct
clear
  using 1 OpenMP thread(s) per MPI task
log energies.log append
units metal
boundary p p p
atom_style atomic
read_data Si333_${i}.in
read_data Si333_162.in
Reading data file ...
  orthogonal box = (0 0 0) to (16.331106 16.331106 16.331106)
  1 by 1 by 1 MPI processor grid
  reading atoms ...
  216 atoms
  reading velocities ...
  216 velocities
  read_data CPU = 0.001 seconds
mass 1 28.085
pair_style sw
pair_coeff * * Si.sw Si
Reading sw potential file Si.sw with DATE: 2007-06-11
run 0
Neighbor list info ...
  update: every = 1 steps, delay = 0 steps, check = yes
  max neighbors/atom: 2000, page size: 100000
  master list distance cutoff = 5.77118
  ghost atom cutoff = 5.77118
  binsize = 2.88559, bins = 6 6 6
  1 neighbor lists, perpetual/occasional/extra = 1 0 0
  (1) pair sw, perpetual
      attributes: full, newton on
      pair build: full/bin/atomonly
      stencil: full/bin/3d
      bin: standard
Per MPI rank memory allocation (min/avg/max) = 3.082 | 3.082 | 3.082 Mbytes
   Step          Temp          E_pair         E_mol          TotEng         Press     
WARNING: Too many warnings: 162 vs 100. All future warnings will be suppressed (src/thermo.cpp:478)
         0   0             -525.49155      0             -525.49155      211792.96    
Loop time of 1.04e-06 on 1 procs for 0 steps with 216 atoms

96.2% CPU use with 1 MPI tasks x 1 OpenMP threads

MPI task timing breakdown:
Section |  min time  |  avg time  |  max time  |%varavg| %total
---------------------------------------------------------------
Pair    | 0          | 0          | 0          |   0.0 |  0.00
Neigh   | 0          | 0          | 0          |   0.0 |  0.00
Comm    | 0          | 0          | 0          |   0.0 |  0.00
Output  | 0          | 0          | 0          |   0.0 |  0.00
Modify  | 0          | 0          | 0          |   0.0 |  0.00
Other   |            | 1.04e-06   |            |       |100.00

Nlocal:            216 ave         216 max         216 min
Histogram: 1 0 0 0 0 0 0 0 0 0
Nghost:            824 ave         824 max         824 min
Histogram: 1 0 0 0 0 0 0 0 0 0
Neighs:              0 ave           0 max           0 min
Histogram: 1 0 0 0 0 0 0 0 0 0
FullNghs:         7406 ave        7406 max        7406 min
Histogram: 1 0 0 0 0 0 0 0 0 0

Total # of neighbors = 7406
Ave neighs/atom = 34.287037
Neighbor list builds = 0
Dangerous builds = 0
next i
jump SELF loop_struct
clear
  using 1 OpenMP thread(s) per MPI task
log energies.log append
units metal
boundary p p p
atom_style atomic
read_data Si333_${i}.in
read_data Si333_163.in
Reading data file ...
  orthogonal box = (0 0 0) to (16.331106 16.331106 16.331106)
  1 by 1 by 1 MPI processor grid
  reading atoms ...
  216 atoms
  reading velocities ...
  216 velocities
  read_data CPU = 0.001 seconds
mass 1 28.085
pair_style sw
pair_coeff * * Si.sw Si
Reading sw potential file Si.sw with DATE: 2007-06-11
run 0
Neighbor list info ...
  update: every = 1 steps, delay = 0 steps, check = yes
  max neighbors/atom: 2000, page size: 100000
  master list distance cutoff = 5.77118
  ghost atom cutoff = 5.77118
  binsize = 2.88559, bins = 6 6 6
  1 neighbor lists, perpetual/occasional/extra = 1 0 0
  (1) pair sw, perpetual
      attributes: full, newton on
      pair build: full/bin/atomonly
      stencil: full/bin/3d
      bin: standard
Per MPI rank memory allocation (min/avg/max) = 3.083 | 3.083 | 3.083 Mbytes
   Step          Temp          E_pair         E_mol          TotEng         Press     
WARNING: Too many warnings: 163 vs 100. All future warnings will be suppressed (src/thermo.cpp:478)
         0   0             -933.21757      0             -933.21757     -6169.245     
Loop time of 1.01e-06 on 1 procs for 0 steps with 216 atoms

99.0% CPU use with 1 MPI tasks x 1 OpenMP threads

MPI task timing breakdown:
Section |  min time  |  avg time  |  max time  |%varavg| %total
---------------------------------------------------------------
Pair    | 0          | 0          | 0          |   0.0 |  0.00
Neigh   | 0          | 0          | 0          |   0.0 |  0.00
Comm    | 0          | 0          | 0          |   0.0 |  0.00
Output  | 0          | 0          | 0          |   0.0 |  0.00
Modify  | 0          | 0          | 0          |   0.0 |  0.00
Other   |            | 1.01e-06   |            |       |100.00

Nlocal:            216 ave         216 max         216 min
Histogram: 1 0 0 0 0 0 0 0 0 0
Nghost:            834 ave         834 max         834 min
Histogram: 1 0 0 0 0 0 0 0 0 0
Neighs:              0 ave           0 max           0 min
Histogram: 1 0 0 0 0 0 0 0 0 0
FullNghs:         7344 ave        7344 max        7344 min
Histogram: 1 0 0 0 0 0 0 0 0 0

Total # of neighbors = 7344
Ave neighs/atom = 34
Neighbor list builds = 0
Dangerous builds = 0
next i
jump SELF loop_struct
clear
  using 1 OpenMP thread(s) per MPI task
log energies.log append
units metal
boundary p p p
atom_style atomic
read_data Si333_${i}.in
read_data Si333_164.in
Reading data file ...
  orthogonal box = (0 0 0) to (16.331106 16.331106 16.331106)
  1 by 1 by 1 MPI processor grid
  reading atoms ...
  216 atoms
  reading velocities ...
  216 velocities
  read_data CPU = 0.001 seconds
mass 1 28.085
pair_style sw
pair_coeff * * Si.sw Si
Reading sw potential file Si.sw with DATE: 2007-06-11
run 0
Neighbor list info ...
  update: every = 1 steps, delay = 0 steps, check = yes
  max neighbors/atom: 2000, page size: 100000
  master list distance cutoff = 5.77118
  ghost atom cutoff = 5.77118
  binsize = 2.88559, bins = 6 6 6
  1 neighbor lists, perpetual/occasional/extra = 1 0 0
  (1) pair sw, perpetual
      attributes: full, newton on
      pair build: full/bin/atomonly
      stencil: full/bin/3d
      bin: standard
Per MPI rank memory allocation (min/avg/max) = 3.085 | 3.085 | 3.085 Mbytes
   Step          Temp          E_pair         E_mol          TotEng         Press     
WARNING: Too many warnings: 164 vs 100. All future warnings will be suppressed (src/thermo.cpp:478)
         0   0             -654.04243      0             -654.04243      146473.25    
Loop time of 1.02e-06 on 1 procs for 0 steps with 216 atoms

0.0% CPU use with 1 MPI tasks x 1 OpenMP threads

MPI task timing breakdown:
Section |  min time  |  avg time  |  max time  |%varavg| %total
---------------------------------------------------------------
Pair    | 0          | 0          | 0          |   0.0 |  0.00
Neigh   | 0          | 0          | 0          |   0.0 |  0.00
Comm    | 0          | 0          | 0          |   0.0 |  0.00
Output  | 0          | 0          | 0          |   0.0 |  0.00
Modify  | 0          | 0          | 0          |   0.0 |  0.00
Other   |            | 1.02e-06   |            |       |100.00

Nlocal:            216 ave         216 max         216 min
Histogram: 1 0 0 0 0 0 0 0 0 0
Nghost:            859 ave         859 max         859 min
Histogram: 1 0 0 0 0 0 0 0 0 0
Neighs:              0 ave           0 max           0 min
Histogram: 1 0 0 0 0 0 0 0 0 0
FullNghs:         7396 ave        7396 max        7396 min
Histogram: 1 0 0 0 0 0 0 0 0 0

Total # of neighbors = 7396
Ave neighs/atom = 34.240741
Neighbor list builds = 0
Dangerous builds = 0
next i
jump SELF loop_struct
clear
  using 1 OpenMP thread(s) per MPI task
log energies.log append
units metal
boundary p p p
atom_style atomic
read_data Si333_${i}.in
read_data Si333_165.in
Reading data file ...
  orthogonal box = (0 0 0) to (16.331106 16.331106 16.331106)
  1 by 1 by 1 MPI processor grid
  reading atoms ...
  216 atoms
  reading velocities ...
  216 velocities
  read_data CPU = 0.001 seconds
mass 1 28.085
pair_style sw
pair_coeff * * Si.sw Si
Reading sw potential file Si.sw with DATE: 2007-06-11
run 0
Neighbor list info ...
  update: every = 1 steps, delay = 0 steps, check = yes
  max neighbors/atom: 2000, page size: 100000
  master list distance cutoff = 5.77118
  ghost atom cutoff = 5.77118
  binsize = 2.88559, bins = 6 6 6
  1 neighbor lists, perpetual/occasional/extra = 1 0 0
  (1) pair sw, perpetual
      attributes: full, newton on
      pair build: full/bin/atomonly
      stencil: full/bin/3d
      bin: standard
Per MPI rank memory allocation (min/avg/max) = 3.089 | 3.089 | 3.089 Mbytes
   Step          Temp          E_pair         E_mol          TotEng         Press     
WARNING: Too many warnings: 165 vs 100. All future warnings will be suppressed (src/thermo.cpp:478)
         0   0             -715.17916      0             -715.17916      109790.44    
Loop time of 1.02e-06 on 1 procs for 0 steps with 216 atoms

98.0% CPU use with 1 MPI tasks x 1 OpenMP threads

MPI task timing breakdown:
Section |  min time  |  avg time  |  max time  |%varavg| %total
---------------------------------------------------------------
Pair    | 0          | 0          | 0          |   0.0 |  0.00
Neigh   | 0          | 0          | 0          |   0.0 |  0.00
Comm    | 0          | 0          | 0          |   0.0 |  0.00
Output  | 0          | 0          | 0          |   0.0 |  0.00
Modify  | 0          | 0          | 0          |   0.0 |  0.00
Other   |            | 1.02e-06   |            |       |100.00

Nlocal:            216 ave         216 max         216 min
Histogram: 1 0 0 0 0 0 0 0 0 0
Nghost:            873 ave         873 max         873 min
Histogram: 1 0 0 0 0 0 0 0 0 0
Neighs:              0 ave           0 max           0 min
Histogram: 1 0 0 0 0 0 0 0 0 0
FullNghs:         7386 ave        7386 max        7386 min
Histogram: 1 0 0 0 0 0 0 0 0 0

Total # of neighbors = 7386
Ave neighs/atom = 34.194444
Neighbor list builds = 0
Dangerous builds = 0
next i
jump SELF loop_struct
clear
  using 1 OpenMP thread(s) per MPI task
log energies.log append
units metal
boundary p p p
atom_style atomic
read_data Si333_${i}.in
read_data Si333_166.in
Reading data file ...
  orthogonal box = (0 0 0) to (16.331106 16.331106 16.331106)
  1 by 1 by 1 MPI processor grid
  reading atoms ...
  216 atoms
  reading velocities ...
  216 velocities
  read_data CPU = 0.001 seconds
mass 1 28.085
pair_style sw
pair_coeff * * Si.sw Si
Reading sw potential file Si.sw with DATE: 2007-06-11
run 0
Neighbor list info ...
  update: every = 1 steps, delay = 0 steps, check = yes
  max neighbors/atom: 2000, page size: 100000
  master list distance cutoff = 5.77118
  ghost atom cutoff = 5.77118
  binsize = 2.88559, bins = 6 6 6
  1 neighbor lists, perpetual/occasional/extra = 1 0 0
  (1) pair sw, perpetual
      attributes: full, newton on
      pair build: full/bin/atomonly
      stencil: full/bin/3d
      bin: standard
Per MPI rank memory allocation (min/avg/max) = 3.086 | 3.086 | 3.086 Mbytes
   Step          Temp          E_pair         E_mol          TotEng         Press     
WARNING: Too many warnings: 166 vs 100. All future warnings will be suppressed (src/thermo.cpp:478)
         0   0             -814.60359      0             -814.60359      59833.704    
Loop time of 1.02e-06 on 1 procs for 0 steps with 216 atoms

0.0% CPU use with 1 MPI tasks x 1 OpenMP threads

MPI task timing breakdown:
Section |  min time  |  avg time  |  max time  |%varavg| %total
---------------------------------------------------------------
Pair    | 0          | 0          | 0          |   0.0 |  0.00
Neigh   | 0          | 0          | 0          |   0.0 |  0.00
Comm    | 0          | 0          | 0          |   0.0 |  0.00
Output  | 0          | 0          | 0          |   0.0 |  0.00
Modify  | 0          | 0          | 0          |   0.0 |  0.00
Other   |            | 1.02e-06   |            |       |100.00

Nlocal:            216 ave         216 max         216 min
Histogram: 1 0 0 0 0 0 0 0 0 0
Nghost:            884 ave         884 max         884 min
Histogram: 1 0 0 0 0 0 0 0 0 0
Neighs:              0 ave           0 max           0 min
Histogram: 1 0 0 0 0 0 0 0 0 0
FullNghs:         7368 ave        7368 max        7368 min
Histogram: 1 0 0 0 0 0 0 0 0 0

Total # of neighbors = 7368
Ave neighs/atom = 34.111111
Neighbor list builds = 0
Dangerous builds = 0
next i
jump SELF loop_struct
clear
  using 1 OpenMP thread(s) per MPI task
log energies.log append
units metal
boundary p p p
atom_style atomic
read_data Si333_${i}.in
read_data Si333_167.in
Reading data file ...
  orthogonal box = (0 0 0) to (16.331106 16.331106 16.331106)
  1 by 1 by 1 MPI processor grid
  reading atoms ...
  216 atoms
  reading velocities ...
  216 velocities
  read_data CPU = 0.001 seconds
mass 1 28.085
pair_style sw
pair_coeff * * Si.sw Si
Reading sw potential file Si.sw with DATE: 2007-06-11
run 0
Neighbor list info ...
  update: every = 1 steps, delay = 0 steps, check = yes
  max neighbors/atom: 2000, page size: 100000
  master list distance cutoff = 5.77118
  ghost atom cutoff = 5.77118
  binsize = 2.88559, bins = 6 6 6
  1 neighbor lists, perpetual/occasional/extra = 1 0 0
  (1) pair sw, perpetual
      attributes: full, newton on
      pair build: full/bin/atomonly
      stencil: full/bin/3d
      bin: standard
Per MPI rank memory allocation (min/avg/max) = 3.087 | 3.087 | 3.087 Mbytes
   Step          Temp          E_pair         E_mol          TotEng         Press     
WARNING: Too many warnings: 167 vs 100. All future warnings will be suppressed (src/thermo.cpp:478)
         0   0             -327.93409      0             -327.93409      322698.99    
Loop time of 1.04e-06 on 1 procs for 0 steps with 216 atoms

0.0% CPU use with 1 MPI tasks x 1 OpenMP threads

MPI task timing breakdown:
Section |  min time  |  avg time  |  max time  |%varavg| %total
---------------------------------------------------------------
Pair    | 0          | 0          | 0          |   0.0 |  0.00
Neigh   | 0          | 0          | 0          |   0.0 |  0.00
Comm    | 0          | 0          | 0          |   0.0 |  0.00
Output  | 0          | 0          | 0          |   0.0 |  0.00
Modify  | 0          | 0          | 0          |   0.0 |  0.00
Other   |            | 1.04e-06   |            |       |100.00

Nlocal:            216 ave         216 max         216 min
Histogram: 1 0 0 0 0 0 0 0 0 0
Nghost:            874 ave         874 max         874 min
Histogram: 1 0 0 0 0 0 0 0 0 0
Neighs:              0 ave           0 max           0 min
Histogram: 1 0 0 0 0 0 0 0 0 0
FullNghs:         7460 ave        7460 max        7460 min
Histogram: 1 0 0 0 0 0 0 0 0 0

Total # of neighbors = 7460
Ave neighs/atom = 34.537037
Neighbor list builds = 0
Dangerous builds = 0
next i
jump SELF loop_struct
clear
  using 1 OpenMP thread(s) per MPI task
log energies.log append
units metal
boundary p p p
atom_style atomic
read_data Si333_${i}.in
read_data Si333_168.in
Reading data file ...
  orthogonal box = (0 0 0) to (16.331106 16.331106 16.331106)
  1 by 1 by 1 MPI processor grid
  reading atoms ...
  216 atoms
  reading velocities ...
  216 velocities
  read_data CPU = 0.001 seconds
mass 1 28.085
pair_style sw
pair_coeff * * Si.sw Si
Reading sw potential file Si.sw with DATE: 2007-06-11
run 0
Neighbor list info ...
  update: every = 1 steps, delay = 0 steps, check = yes
  max neighbors/atom: 2000, page size: 100000
  master list distance cutoff = 5.77118
  ghost atom cutoff = 5.77118
  binsize = 2.88559, bins = 6 6 6
  1 neighbor lists, perpetual/occasional/extra = 1 0 0
  (1) pair sw, perpetual
      attributes: full, newton on
      pair build: full/bin/atomonly
      stencil: full/bin/3d
      bin: standard
Per MPI rank memory allocation (min/avg/max) = 3.083 | 3.083 | 3.083 Mbytes
   Step          Temp          E_pair         E_mol          TotEng         Press     
WARNING: Too many warnings: 168 vs 100. All future warnings will be suppressed (src/thermo.cpp:478)
         0   0             -747.83309      0             -747.83309      93977.495    
Loop time of 1e-06 on 1 procs for 0 steps with 216 atoms

100.0% CPU use with 1 MPI tasks x 1 OpenMP threads

MPI task timing breakdown:
Section |  min time  |  avg time  |  max time  |%varavg| %total
---------------------------------------------------------------
Pair    | 0          | 0          | 0          |   0.0 |  0.00
Neigh   | 0          | 0          | 0          |   0.0 |  0.00
Comm    | 0          | 0          | 0          |   0.0 |  0.00
Output  | 0          | 0          | 0          |   0.0 |  0.00
Modify  | 0          | 0          | 0          |   0.0 |  0.00
Other   |            | 1e-06      |            |       |100.00

Nlocal:            216 ave         216 max         216 min
Histogram: 1 0 0 0 0 0 0 0 0 0
Nghost:            836 ave         836 max         836 min
Histogram: 1 0 0 0 0 0 0 0 0 0
Neighs:              0 ave           0 max           0 min
Histogram: 1 0 0 0 0 0 0 0 0 0
FullNghs:         7372 ave        7372 max        7372 min
Histogram: 1 0 0 0 0 0 0 0 0 0

Total # of neighbors = 7372
Ave neighs/atom = 34.12963
Neighbor list builds = 0
Dangerous builds = 0
next i
jump SELF loop_struct
clear
  using 1 OpenMP thread(s) per MPI task
log energies.log append
units metal
boundary p p p
atom_style atomic
read_data Si333_${i}.in
read_data Si333_169.in
Reading data file ...
  orthogonal box = (0 0 0) to (16.331106 16.331106 16.331106)
  1 by 1 by 1 MPI processor grid
  reading atoms ...
  216 atoms
  reading velocities ...
  216 velocities
  read_data CPU = 0.001 seconds
mass 1 28.085
pair_style sw
pair_coeff * * Si.sw Si
Reading sw potential file Si.sw with DATE: 2007-06-11
run 0
Neighbor list info ...
  update: every = 1 steps, delay = 0 steps, check = yes
  max neighbors/atom: 2000, page size: 100000
  master list distance cutoff = 5.77118
  ghost atom cutoff = 5.77118
  binsize = 2.88559, bins = 6 6 6
  1 neighbor lists, perpetual/occasional/extra = 1 0 0
  (1) pair sw, perpetual
      attributes: full, newton on
      pair build: full/bin/atomonly
      stencil: full/bin/3d
      bin: standard
Per MPI rank memory allocation (min/avg/max) = 3.088 | 3.088 | 3.088 Mbytes
   Step          Temp          E_pair         E_mol          TotEng         Press     
WARNING: Too many warnings: 169 vs 100. All future warnings will be suppressed (src/thermo.cpp:478)
         0   0             -932.79115      0             -932.79115     -6048.2504    
Loop time of 1.03e-06 on 1 procs for 0 steps with 216 atoms

97.1% CPU use with 1 MPI tasks x 1 OpenMP threads

MPI task timing breakdown:
Section |  min time  |  avg time  |  max time  |%varavg| %total
---------------------------------------------------------------
Pair    | 0          | 0          | 0          |   0.0 |  0.00
Neigh   | 0          | 0          | 0          |   0.0 |  0.00
Comm    | 0          | 0          | 0          |   0.0 |  0.00
Output  | 0          | 0          | 0          |   0.0 |  0.00
Modify  | 0          | 0          | 0          |   0.0 |  0.00
Other   |            | 1.03e-06   |            |       |100.00

Nlocal:            216 ave         216 max         216 min
Histogram: 1 0 0 0 0 0 0 0 0 0
Nghost:            929 ave         929 max         929 min
Histogram: 1 0 0 0 0 0 0 0 0 0
Neighs:              0 ave           0 max           0 min
Histogram: 1 0 0 0 0 0 0 0 0 0
FullNghs:         7344 ave        7344 max        7344 min
Histogram: 1 0 0 0 0 0 0 0 0 0

Total # of neighbors = 7344
Ave neighs/atom = 34
Neighbor list builds = 0
Dangerous builds = 0
next i
jump SELF loop_struct
clear
  using 1 OpenMP thread(s) per MPI task
log energies.log append
units metal
boundary p p p
atom_style atomic
read_data Si333_${i}.in
read_data Si333_170.in
Reading data file ...
  orthogonal box = (0 0 0) to (16.331106 16.331106 16.331106)
  1 by 1 by 1 MPI processor grid
  reading atoms ...
  216 atoms
  reading velocities ...
  216 velocities
  read_data CPU = 0.001 seconds
mass 1 28.085
pair_style sw
pair_coeff * * Si.sw Si
Reading sw potential file Si.sw with DATE: 2007-06-11
run 0
Neighbor list info ...
  update: every = 1 steps, delay = 0 steps, check = yes
  max neighbors/atom: 2000, page size: 100000
  master list distance cutoff = 5.77118
  ghost atom cutoff = 5.77118
  binsize = 2.88559, bins = 6 6 6
  1 neighbor lists, perpetual/occasional/extra = 1 0 0
  (1) pair sw, perpetual
      attributes: full, newton on
      pair build: full/bin/atomonly
      stencil: full/bin/3d
      bin: standard
Per MPI rank memory allocation (min/avg/max) = 3.087 | 3.087 | 3.087 Mbytes
   Step          Temp          E_pair         E_mol          TotEng         Press     
WARNING: Too many warnings: 170 vs 100. All future warnings will be suppressed (src/thermo.cpp:478)
         0   0             -933.15955      0             -933.15955     -6202.2635    
Loop time of 1e-06 on 1 procs for 0 steps with 216 atoms

0.0% CPU use with 1 MPI tasks x 1 OpenMP threads

MPI task timing breakdown:
Section |  min time  |  avg time  |  max time  |%varavg| %total
---------------------------------------------------------------
Pair    | 0          | 0          | 0          |   0.0 |  0.00
Neigh   | 0          | 0          | 0          |   0.0 |  0.00
Comm    | 0          | 0          | 0          |   0.0 |  0.00
Output  | 0          | 0          | 0          |   0.0 |  0.00
Modify  | 0          | 0          | 0          |   0.0 |  0.00
Other   |            | 1e-06      |            |       |100.00

Nlocal:            216 ave         216 max         216 min
Histogram: 1 0 0 0 0 0 0 0 0 0
Nghost:            889 ave         889 max         889 min
Histogram: 1 0 0 0 0 0 0 0 0 0
Neighs:              0 ave           0 max           0 min
Histogram: 1 0 0 0 0 0 0 0 0 0
FullNghs:         7344 ave        7344 max        7344 min
Histogram: 1 0 0 0 0 0 0 0 0 0

Total # of neighbors = 7344
Ave neighs/atom = 34
Neighbor list builds = 0
Dangerous builds = 0
next i
jump SELF loop_struct
clear
  using 1 OpenMP thread(s) per MPI task
log energies.log append
units metal
boundary p p p
atom_style atomic
read_data Si333_${i}.in
read_data Si333_171.in
Reading data file ...
  orthogonal box = (0 0 0) to (16.331106 16.331106 16.331106)
  1 by 1 by 1 MPI processor grid
  reading atoms ...
  216 atoms
  reading velocities ...
  216 velocities
  read_data CPU = 0.001 seconds
mass 1 28.085
pair_style sw
pair_coeff * * Si.sw Si
Reading sw potential file Si.sw with DATE: 2007-06-11
run 0
Neighbor list info ...
  update: every = 1 steps, delay = 0 steps, check = yes
  max neighbors/atom: 2000, page size: 100000
  master list distance cutoff = 5.77118
  ghost atom cutoff = 5.77118
  binsize = 2.88559, bins = 6 6 6
  1 neighbor lists, perpetual/occasional/extra = 1 0 0
  (1) pair sw, perpetual
      attributes: full, newton on
      pair build: full/bin/atomonly
      stencil: full/bin/3d
      bin: standard
Per MPI rank memory allocation (min/avg/max) = 3.083 | 3.083 | 3.083 Mbytes
   Step          Temp          E_pair         E_mol          TotEng         Press     
WARNING: Too many warnings: 171 vs 100. All future warnings will be suppressed (src/thermo.cpp:478)
         0   0             -933.39035      0             -933.39035     -6223.3129    
Loop time of 1.02e-06 on 1 procs for 0 steps with 216 atoms

0.0% CPU use with 1 MPI tasks x 1 OpenMP threads

MPI task timing breakdown:
Section |  min time  |  avg time  |  max time  |%varavg| %total
---------------------------------------------------------------
Pair    | 0          | 0          | 0          |   0.0 |  0.00
Neigh   | 0          | 0          | 0          |   0.0 |  0.00
Comm    | 0          | 0          | 0          |   0.0 |  0.00
Output  | 0          | 0          | 0          |   0.0 |  0.00
Modify  | 0          | 0          | 0          |   0.0 |  0.00
Other   |            | 1.02e-06   |            |       |100.00

Nlocal:            216 ave         216 max         216 min
Histogram: 1 0 0 0 0 0 0 0 0 0
Nghost:            834 ave         834 max         834 min
Histogram: 1 0 0 0 0 0 0 0 0 0
Neighs:              0 ave           0 max           0 min
Histogram: 1 0 0 0 0 0 0 0 0 0
FullNghs:         7344 ave        7344 max        7344 min
Histogram: 1 0 0 0 0 0 0 0 0 0

Total # of neighbors = 7344
Ave neighs/atom = 34
Neighbor list builds = 0
Dangerous builds = 0
next i
jump SELF loop_struct
clear
  using 1 OpenMP thread(s) per MPI task
log energies.log append
units metal
boundary p p p
atom_style atomic
read_data Si333_${i}.in
read_data Si333_172.in
Reading data file ...
  orthogonal box = (0 0 0) to (16.331106 16.331106 16.331106)
  1 by 1 by 1 MPI processor grid
  reading atoms ...
  216 atoms
  reading velocities ...
  216 velocities
  read_data CPU = 0.001 seconds
mass 1 28.085
pair_style sw
pair_coeff * * Si.sw Si
Reading sw potential file Si.sw with DATE: 2007-06-11
run 0
Neighbor list info ...
  update: every = 1 steps, delay = 0 steps, check = yes
  max neighbors/atom: 2000, page size: 100000
  master list distance cutoff = 5.77118
  ghost atom cutoff = 5.77118
  binsize = 2.88559, bins = 6 6 6
  1 neighbor lists, perpetual/occasional/extra = 1 0 0
  (1) pair sw, perpetual
      attributes: full, newton on
      pair build: full/bin/atomonly
      stencil: full/bin/3d
      bin: standard
Per MPI rank memory allocation (min/avg/max) = 3.089 | 3.089 | 3.089 Mbytes
   Step          Temp          E_pair         E_mol          TotEng         Press     
WARNING: Too many warnings: 172 vs 100. All future warnings will be suppressed (src/thermo.cpp:478)
         0   0             -604.96286      0             -604.96286      171512.82    
Loop time of 1.05e-06 on 1 procs for 0 steps with 216 atoms

0.0% CPU use with 1 MPI tasks x 1 OpenMP threads

MPI task timing breakdown:
Section |  min time  |  avg time  |  max time  |%varavg| %total
---------------------------------------------------------------
Pair    | 0          | 0          | 0          |   0.0 |  0.00
Neigh   | 0          | 0          | 0          |   0.0 |  0.00
Comm    | 0          | 0          | 0          |   0.0 |  0.00
Output  | 0          | 0          | 0          |   0.0 |  0.00
Modify  | 0          | 0          | 0          |   0.0 |  0.00
Other   |            | 1.05e-06   |            |       |100.00

Nlocal:            216 ave         216 max         216 min
Histogram: 1 0 0 0 0 0 0 0 0 0
Nghost:            945 ave         945 max         945 min
Histogram: 1 0 0 0 0 0 0 0 0 0
Neighs:              0 ave           0 max           0 min
Histogram: 1 0 0 0 0 0 0 0 0 0
FullNghs:         7394 ave        7394 max        7394 min
Histogram: 1 0 0 0 0 0 0 0 0 0

Total # of neighbors = 7394
Ave neighs/atom = 34.231481
Neighbor list builds = 0
Dangerous builds = 0
next i
jump SELF loop_struct
clear
  using 1 OpenMP thread(s) per MPI task
log energies.log append
units metal
boundary p p p
atom_style atomic
read_data Si333_${i}.in
read_data Si333_173.in
Reading data file ...
  orthogonal box = (0 0 0) to (16.331106 16.331106 16.331106)
  1 by 1 by 1 MPI processor grid
  reading atoms ...
  216 atoms
  reading velocities ...
  216 velocities
  read_data CPU = 0.001 seconds
mass 1 28.085
pair_style sw
pair_coeff * * Si.sw Si
Reading sw potential file Si.sw with DATE: 2007-06-11
run 0
Neighbor list info ...
  update: every = 1 steps, delay = 0 steps, check = yes
  max neighbors/atom: 2000, page size: 100000
  master list distance cutoff = 5.77118
  ghost atom cutoff = 5.77118
  binsize = 2.88559, bins = 6 6 6
  1 neighbor lists, perpetual/occasional/extra = 1 0 0
  (1) pair sw, perpetual
      attributes: full, newton on
      pair build: full/bin/atomonly
      stencil: full/bin/3d
      bin: standard
Per MPI rank memory allocation (min/avg/max) = 3.09 | 3.09 | 3.09 Mbytes
   Step          Temp          E_pair         E_mol          TotEng         Press     
WARNING: Too many warnings: 173 vs 100. All future warnings will be suppressed (src/thermo.cpp:478)
         0   0             -933.16028      0             -933.16028     -6108.2608    
Loop time of 1.04e-06 on 1 procs for 0 steps with 216 atoms

192.3% CPU use with 1 MPI tasks x 1 OpenMP threads

MPI task timing breakdown:
Section |  min time  |  avg time  |  max time  |%varavg| %total
---------------------------------------------------------------
Pair    | 0          | 0          | 0          |   0.0 |  0.00
Neigh   | 0          | 0          | 0          |   0.0 |  0.00
Comm    | 0          | 0          | 0          |   0.0 |  0.00
Output  | 0          | 0          | 0          |   0.0 |  0.00
Modify  | 0          | 0          | 0          |   0.0 |  0.00
Other   |            | 1.04e-06   |            |       |100.00

Nlocal:            216 ave         216 max         216 min
Histogram: 1 0 0 0 0 0 0 0 0 0
Nghost:            884 ave         884 max         884 min
Histogram: 1 0 0 0 0 0 0 0 0 0
Neighs:              0 ave           0 max           0 min
Histogram: 1 0 0 0 0 0 0 0 0 0
FullNghs:         7344 ave        7344 max        7344 min
Histogram: 1 0 0 0 0 0 0 0 0 0

Total # of neighbors = 7344
Ave neighs/atom = 34
Neighbor list builds = 0
Dangerous builds = 0
next i
jump SELF loop_struct
clear
  using 1 OpenMP thread(s) per MPI task
log energies.log append
units metal
boundary p p p
atom_style atomic
read_data Si333_${i}.in
read_data Si333_174.in
Reading data file ...
  orthogonal box = (0 0 0) to (16.331106 16.331106 16.331106)
  1 by 1 by 1 MPI processor grid
  reading atoms ...
  216 atoms
  reading velocities ...
  216 velocities
  read_data CPU = 0.001 seconds
mass 1 28.085
pair_style sw
pair_coeff * * Si.sw Si
Reading sw potential file Si.sw with DATE: 2007-06-11
run 0
Neighbor list info ...
  update: every = 1 steps, delay = 0 steps, check = yes
  max neighbors/atom: 2000, page size: 100000
  master list distance cutoff = 5.77118
  ghost atom cutoff = 5.77118
  binsize = 2.88559, bins = 6 6 6
  1 neighbor lists, perpetual/occasional/extra = 1 0 0
  (1) pair sw, perpetual
      attributes: full, newton on
      pair build: full/bin/atomonly
      stencil: full/bin/3d
      bin: standard
Per MPI rank memory allocation (min/avg/max) = 3.087 | 3.087 | 3.087 Mbytes
   Step          Temp          E_pair         E_mol          TotEng         Press     
WARNING: Too many warnings: 174 vs 100. All future warnings will be suppressed (src/thermo.cpp:478)
         0   0             -540.12985      0             -540.12985      198170.19    
Loop time of 1.34e-06 on 1 procs for 0 steps with 216 atoms

0.0% CPU use with 1 MPI tasks x 1 OpenMP threads

MPI task timing breakdown:
Section |  min time  |  avg time  |  max time  |%varavg| %total
---------------------------------------------------------------
Pair    | 0          | 0          | 0          |   0.0 |  0.00
Neigh   | 0          | 0          | 0          |   0.0 |  0.00
Comm    | 0          | 0          | 0          |   0.0 |  0.00
Output  | 0          | 0          | 0          |   0.0 |  0.00
Modify  | 0          | 0          | 0          |   0.0 |  0.00
Other   |            | 1.34e-06   |            |       |100.00

Nlocal:            216 ave         216 max         216 min
Histogram: 1 0 0 0 0 0 0 0 0 0
Nghost:            893 ave         893 max         893 min
Histogram: 1 0 0 0 0 0 0 0 0 0
Neighs:              0 ave           0 max           0 min
Histogram: 1 0 0 0 0 0 0 0 0 0
FullNghs:         7390 ave        7390 max        7390 min
Histogram: 1 0 0 0 0 0 0 0 0 0

Total # of neighbors = 7390
Ave neighs/atom = 34.212963
Neighbor list builds = 0
Dangerous builds = 0
next i
jump SELF loop_struct
clear
  using 1 OpenMP thread(s) per MPI task
log energies.log append
units metal
boundary p p p
atom_style atomic
read_data Si333_${i}.in
read_data Si333_175.in
Reading data file ...
  orthogonal box = (0 0 0) to (16.331106 16.331106 16.331106)
  1 by 1 by 1 MPI processor grid
  reading atoms ...
  216 atoms
  reading velocities ...
  216 velocities
  read_data CPU = 0.001 seconds
mass 1 28.085
pair_style sw
pair_coeff * * Si.sw Si
Reading sw potential file Si.sw with DATE: 2007-06-11
run 0
Neighbor list info ...
  update: every = 1 steps, delay = 0 steps, check = yes
  max neighbors/atom: 2000, page size: 100000
  master list distance cutoff = 5.77118
  ghost atom cutoff = 5.77118
  binsize = 2.88559, bins = 6 6 6
  1 neighbor lists, perpetual/occasional/extra = 1 0 0
  (1) pair sw, perpetual
      attributes: full, newton on
      pair build: full/bin/atomonly
      stencil: full/bin/3d
      bin: standard
Per MPI rank memory allocation (min/avg/max) = 3.083 | 3.083 | 3.083 Mbytes
   Step          Temp          E_pair         E_mol          TotEng         Press     
WARNING: Too many warnings: 175 vs 100. All future warnings will be suppressed (src/thermo.cpp:478)
         0   0             -699.85062      0             -699.85062      118681.46    
Loop time of 1.03e-06 on 1 procs for 0 steps with 216 atoms

97.1% CPU use with 1 MPI tasks x 1 OpenMP threads

MPI task timing breakdown:
Section |  min time  |  avg time  |  max time  |%varavg| %total
---------------------------------------------------------------
Pair    | 0          | 0          | 0          |   0.0 |  0.00
Neigh   | 0          | 0          | 0          |   0.0 |  0.00
Comm    | 0          | 0          | 0          |   0.0 |  0.00
Output  | 0          | 0          | 0          |   0.0 |  0.00
Modify  | 0          | 0          | 0          |   0.0 |  0.00
Other   |            | 1.03e-06   |            |       |100.00

Nlocal:            216 ave         216 max         216 min
Histogram: 1 0 0 0 0 0 0 0 0 0
Nghost:            838 ave         838 max         838 min
Histogram: 1 0 0 0 0 0 0 0 0 0
Neighs:              0 ave           0 max           0 min
Histogram: 1 0 0 0 0 0 0 0 0 0
FullNghs:         7364 ave        7364 max        7364 min
Histogram: 1 0 0 0 0 0 0 0 0 0

Total # of neighbors = 7364
Ave neighs/atom = 34.092593
Neighbor list builds = 0
Dangerous builds = 0
next i
jump SELF loop_struct
clear
  using 1 OpenMP thread(s) per MPI task
log energies.log append
units metal
boundary p p p
atom_style atomic
read_data Si333_${i}.in
read_data Si333_176.in
Reading data file ...
  orthogonal box = (0 0 0) to (16.331106 16.331106 16.331106)
  1 by 1 by 1 MPI processor grid
  reading atoms ...
  216 atoms
  reading velocities ...
  216 velocities
  read_data CPU = 0.001 seconds
mass 1 28.085
pair_style sw
pair_coeff * * Si.sw Si
Reading sw potential file Si.sw with DATE: 2007-06-11
run 0
Neighbor list info ...
  update: every = 1 steps, delay = 0 steps, check = yes
  max neighbors/atom: 2000, page size: 100000
  master list distance cutoff = 5.77118
  ghost atom cutoff = 5.77118
  binsize = 2.88559, bins = 6 6 6
  1 neighbor lists, perpetual/occasional/extra = 1 0 0
  (1) pair sw, perpetual
      attributes: full, newton on
      pair build: full/bin/atomonly
      stencil: full/bin/3d
      bin: standard
Per MPI rank memory allocation (min/avg/max) = 3.081 | 3.081 | 3.081 Mbytes
   Step          Temp          E_pair         E_mol          TotEng         Press     
WARNING: Too many warnings: 176 vs 100. All future warnings will be suppressed (src/thermo.cpp:478)
         0   0             -695.69459      0             -695.69459      125479.04    
Loop time of 1.02e-06 on 1 procs for 0 steps with 216 atoms

0.0% CPU use with 1 MPI tasks x 1 OpenMP threads

MPI task timing breakdown:
Section |  min time  |  avg time  |  max time  |%varavg| %total
---------------------------------------------------------------
Pair    | 0          | 0          | 0          |   0.0 |  0.00
Neigh   | 0          | 0          | 0          |   0.0 |  0.00
Comm    | 0          | 0          | 0          |   0.0 |  0.00
Output  | 0          | 0          | 0          |   0.0 |  0.00
Modify  | 0          | 0          | 0          |   0.0 |  0.00
Other   |            | 1.02e-06   |            |       |100.00

Nlocal:            216 ave         216 max         216 min
Histogram: 1 0 0 0 0 0 0 0 0 0
Nghost:            784 ave         784 max         784 min
Histogram: 1 0 0 0 0 0 0 0 0 0
Neighs:              0 ave           0 max           0 min
Histogram: 1 0 0 0 0 0 0 0 0 0
FullNghs:         7378 ave        7378 max        7378 min
Histogram: 1 0 0 0 0 0 0 0 0 0

Total # of neighbors = 7378
Ave neighs/atom = 34.157407
Neighbor list builds = 0
Dangerous builds = 0
next i
jump SELF loop_struct
clear
  using 1 OpenMP thread(s) per MPI task
log energies.log append
units metal
boundary p p p
atom_style atomic
read_data Si333_${i}.in
read_data Si333_177.in
Reading data file ...
  orthogonal box = (0 0 0) to (16.331106 16.331106 16.331106)
  1 by 1 by 1 MPI processor grid
  reading atoms ...
  216 atoms
  reading velocities ...
  216 velocities
  read_data CPU = 0.001 seconds
mass 1 28.085
pair_style sw
pair_coeff * * Si.sw Si
Reading sw potential file Si.sw with DATE: 2007-06-11
run 0
Neighbor list info ...
  update: every = 1 steps, delay = 0 steps, check = yes
  max neighbors/atom: 2000, page size: 100000
  master list distance cutoff = 5.77118
  ghost atom cutoff = 5.77118
  binsize = 2.88559, bins = 6 6 6
  1 neighbor lists, perpetual/occasional/extra = 1 0 0
  (1) pair sw, perpetual
      attributes: full, newton on
      pair build: full/bin/atomonly
      stencil: full/bin/3d
      bin: standard
Per MPI rank memory allocation (min/avg/max) = 3.083 | 3.083 | 3.083 Mbytes
   Step          Temp          E_pair         E_mol          TotEng         Press     
WARNING: Too many warnings: 177 vs 100. All future warnings will be suppressed (src/thermo.cpp:478)
         0   0             -655.48719      0             -655.48719      140207.48    
Loop time of 1.06e-06 on 1 procs for 0 steps with 216 atoms

0.0% CPU use with 1 MPI tasks x 1 OpenMP threads

MPI task timing breakdown:
Section |  min time  |  avg time  |  max time  |%varavg| %total
---------------------------------------------------------------
Pair    | 0          | 0          | 0          |   0.0 |  0.00
Neigh   | 0          | 0          | 0          |   0.0 |  0.00
Comm    | 0          | 0          | 0          |   0.0 |  0.00
Output  | 0          | 0          | 0          |   0.0 |  0.00
Modify  | 0          | 0          | 0          |   0.0 |  0.00
Other   |            | 1.06e-06   |            |       |100.00

Nlocal:            216 ave         216 max         216 min
Histogram: 1 0 0 0 0 0 0 0 0 0
Nghost:            834 ave         834 max         834 min
Histogram: 1 0 0 0 0 0 0 0 0 0
Neighs:              0 ave           0 max           0 min
Histogram: 1 0 0 0 0 0 0 0 0 0
FullNghs:         7372 ave        7372 max        7372 min
Histogram: 1 0 0 0 0 0 0 0 0 0

Total # of neighbors = 7372
Ave neighs/atom = 34.12963
Neighbor list builds = 0
Dangerous builds = 0
next i
jump SELF loop_struct
clear
  using 1 OpenMP thread(s) per MPI task
log energies.log append
units metal
boundary p p p
atom_style atomic
read_data Si333_${i}.in
read_data Si333_178.in
Reading data file ...
  orthogonal box = (0 0 0) to (16.331106 16.331106 16.331106)
  1 by 1 by 1 MPI processor grid
  reading atoms ...
  216 atoms
  reading velocities ...
  216 velocities
  read_data CPU = 0.001 seconds
mass 1 28.085
pair_style sw
pair_coeff * * Si.sw Si
Reading sw potential file Si.sw with DATE: 2007-06-11
run 0
Neighbor list info ...
  update: every = 1 steps, delay = 0 steps, check = yes
  max neighbors/atom: 2000, page size: 100000
  master list distance cutoff = 5.77118
  ghost atom cutoff = 5.77118
  binsize = 2.88559, bins = 6 6 6
  1 neighbor lists, perpetual/occasional/extra = 1 0 0
  (1) pair sw, perpetual
      attributes: full, newton on
      pair build: full/bin/atomonly
      stencil: full/bin/3d
      bin: standard
Per MPI rank memory allocation (min/avg/max) = 3.082 | 3.082 | 3.082 Mbytes
   Step          Temp          E_pair         E_mol          TotEng         Press     
WARNING: Too many warnings: 178 vs 100. All future warnings will be suppressed (src/thermo.cpp:478)
         0   0             -843.08859      0             -843.08859      42046.292    
Loop time of 1.02e-06 on 1 procs for 0 steps with 216 atoms

98.0% CPU use with 1 MPI tasks x 1 OpenMP threads

MPI task timing breakdown:
Section |  min time  |  avg time  |  max time  |%varavg| %total
---------------------------------------------------------------
Pair    | 0          | 0          | 0          |   0.0 |  0.00
Neigh   | 0          | 0          | 0          |   0.0 |  0.00
Comm    | 0          | 0          | 0          |   0.0 |  0.00
Output  | 0          | 0          | 0          |   0.0 |  0.00
Modify  | 0          | 0          | 0          |   0.0 |  0.00
Other   |            | 1.02e-06   |            |       |100.00

Nlocal:            216 ave         216 max         216 min
Histogram: 1 0 0 0 0 0 0 0 0 0
Nghost:            807 ave         807 max         807 min
Histogram: 1 0 0 0 0 0 0 0 0 0
Neighs:              0 ave           0 max           0 min
Histogram: 1 0 0 0 0 0 0 0 0 0
FullNghs:         7354 ave        7354 max        7354 min
Histogram: 1 0 0 0 0 0 0 0 0 0

Total # of neighbors = 7354
Ave neighs/atom = 34.046296
Neighbor list builds = 0
Dangerous builds = 0
next i
jump SELF loop_struct
clear
  using 1 OpenMP thread(s) per MPI task
log energies.log append
units metal
boundary p p p
atom_style atomic
read_data Si333_${i}.in
read_data Si333_179.in
Reading data file ...
  orthogonal box = (0 0 0) to (16.331106 16.331106 16.331106)
  1 by 1 by 1 MPI processor grid
  reading atoms ...
  216 atoms
  reading velocities ...
  216 velocities
  read_data CPU = 0.001 seconds
mass 1 28.085
pair_style sw
pair_coeff * * Si.sw Si
Reading sw potential file Si.sw with DATE: 2007-06-11
run 0
Neighbor list info ...
  update: every = 1 steps, delay = 0 steps, check = yes
  max neighbors/atom: 2000, page size: 100000
  master list distance cutoff = 5.77118
  ghost atom cutoff = 5.77118
  binsize = 2.88559, bins = 6 6 6
  1 neighbor lists, perpetual/occasional/extra = 1 0 0
  (1) pair sw, perpetual
      attributes: full, newton on
      pair build: full/bin/atomonly
      stencil: full/bin/3d
      bin: standard
Per MPI rank memory allocation (min/avg/max) = 3.088 | 3.088 | 3.088 Mbytes
   Step          Temp          E_pair         E_mol          TotEng         Press     
WARNING: Too many warnings: 179 vs 100. All future warnings will be suppressed (src/thermo.cpp:478)
         0   0             -622.08931      0             -622.08931      162229.94    
Loop time of 1.04e-06 on 1 procs for 0 steps with 216 atoms

0.0% CPU use with 1 MPI tasks x 1 OpenMP threads

MPI task timing breakdown:
Section |  min time  |  avg time  |  max time  |%varavg| %total
---------------------------------------------------------------
Pair    | 0          | 0          | 0          |   0.0 |  0.00
Neigh   | 0          | 0          | 0          |   0.0 |  0.00
Comm    | 0          | 0          | 0          |   0.0 |  0.00
Output  | 0          | 0          | 0          |   0.0 |  0.00
Modify  | 0          | 0          | 0          |   0.0 |  0.00
Other   |            | 1.04e-06   |            |       |100.00

Nlocal:            216 ave         216 max         216 min
Histogram: 1 0 0 0 0 0 0 0 0 0
Nghost:            838 ave         838 max         838 min
Histogram: 1 0 0 0 0 0 0 0 0 0
Neighs:              0 ave           0 max           0 min
Histogram: 1 0 0 0 0 0 0 0 0 0
FullNghs:         7402 ave        7402 max        7402 min
Histogram: 1 0 0 0 0 0 0 0 0 0

Total # of neighbors = 7402
Ave neighs/atom = 34.268519
Neighbor list builds = 0
Dangerous builds = 0
next i
jump SELF loop_struct
clear
  using 1 OpenMP thread(s) per MPI task
log energies.log append
units metal
boundary p p p
atom_style atomic
read_data Si333_${i}.in
read_data Si333_180.in
Reading data file ...
  orthogonal box = (0 0 0) to (16.331106 16.331106 16.331106)
  1 by 1 by 1 MPI processor grid
  reading atoms ...
  216 atoms
  reading velocities ...
  216 velocities
  read_data CPU = 0.001 seconds
mass 1 28.085
pair_style sw
pair_coeff * * Si.sw Si
Reading sw potential file Si.sw with DATE: 2007-06-11
run 0
Neighbor list info ...
  update: every = 1 steps, delay = 0 steps, check = yes
  max neighbors/atom: 2000, page size: 100000
  master list distance cutoff = 5.77118
  ghost atom cutoff = 5.77118
  binsize = 2.88559, bins = 6 6 6
  1 neighbor lists, perpetual/occasional/extra = 1 0 0
  (1) pair sw, perpetual
      attributes: full, newton on
      pair build: full/bin/atomonly
      stencil: full/bin/3d
      bin: standard
Per MPI rank memory allocation (min/avg/max) = 3.085 | 3.085 | 3.085 Mbytes
   Step          Temp          E_pair         E_mol          TotEng         Press     
WARNING: Too many warnings: 180 vs 100. All future warnings will be suppressed (src/thermo.cpp:478)
         0   0             -829.33576      0             -829.33576      52080.335    
Loop time of 1.08e-06 on 1 procs for 0 steps with 216 atoms

92.6% CPU use with 1 MPI tasks x 1 OpenMP threads

MPI task timing breakdown:
Section |  min time  |  avg time  |  max time  |%varavg| %total
---------------------------------------------------------------
Pair    | 0          | 0          | 0          |   0.0 |  0.00
Neigh   | 0          | 0          | 0          |   0.0 |  0.00
Comm    | 0          | 0          | 0          |   0.0 |  0.00
Output  | 0          | 0          | 0          |   0.0 |  0.00
Modify  | 0          | 0          | 0          |   0.0 |  0.00
Other   |            | 1.08e-06   |            |       |100.00

Nlocal:            216 ave         216 max         216 min
Histogram: 1 0 0 0 0 0 0 0 0 0
Nghost:            883 ave         883 max         883 min
Histogram: 1 0 0 0 0 0 0 0 0 0
Neighs:              0 ave           0 max           0 min
Histogram: 1 0 0 0 0 0 0 0 0 0
FullNghs:         7378 ave        7378 max        7378 min
Histogram: 1 0 0 0 0 0 0 0 0 0

Total # of neighbors = 7378
Ave neighs/atom = 34.157407
Neighbor list builds = 0
Dangerous builds = 0
next i
jump SELF loop_struct
clear
  using 1 OpenMP thread(s) per MPI task
log energies.log append
units metal
boundary p p p
atom_style atomic
read_data Si333_${i}.in
read_data Si333_181.in
Reading data file ...
  orthogonal box = (0 0 0) to (16.331106 16.331106 16.331106)
  1 by 1 by 1 MPI processor grid
  reading atoms ...
  216 atoms
  reading velocities ...
  216 velocities
  read_data CPU = 0.001 seconds
mass 1 28.085
pair_style sw
pair_coeff * * Si.sw Si
Reading sw potential file Si.sw with DATE: 2007-06-11
run 0
Neighbor list info ...
  update: every = 1 steps, delay = 0 steps, check = yes
  max neighbors/atom: 2000, page size: 100000
  master list distance cutoff = 5.77118
  ghost atom cutoff = 5.77118
  binsize = 2.88559, bins = 6 6 6
  1 neighbor lists, perpetual/occasional/extra = 1 0 0
  (1) pair sw, perpetual
      attributes: full, newton on
      pair build: full/bin/atomonly
      stencil: full/bin/3d
      bin: standard
Per MPI rank memory allocation (min/avg/max) = 3.086 | 3.086 | 3.086 Mbytes
   Step          Temp          E_pair         E_mol          TotEng         Press     
WARNING: Too many warnings: 181 vs 100. All future warnings will be suppressed (src/thermo.cpp:478)
         0   0             -933.24311      0             -933.24311     -6197.8874    
Loop time of 1.02e-06 on 1 procs for 0 steps with 216 atoms

0.0% CPU use with 1 MPI tasks x 1 OpenMP threads

MPI task timing breakdown:
Section |  min time  |  avg time  |  max time  |%varavg| %total
---------------------------------------------------------------
Pair    | 0          | 0          | 0          |   0.0 |  0.00
Neigh   | 0          | 0          | 0          |   0.0 |  0.00
Comm    | 0          | 0          | 0          |   0.0 |  0.00
Output  | 0          | 0          | 0          |   0.0 |  0.00
Modify  | 0          | 0          | 0          |   0.0 |  0.00
Other   |            | 1.02e-06   |            |       |100.00

Nlocal:            216 ave         216 max         216 min
Histogram: 1 0 0 0 0 0 0 0 0 0
Nghost:            884 ave         884 max         884 min
Histogram: 1 0 0 0 0 0 0 0 0 0
Neighs:              0 ave           0 max           0 min
Histogram: 1 0 0 0 0 0 0 0 0 0
FullNghs:         7344 ave        7344 max        7344 min
Histogram: 1 0 0 0 0 0 0 0 0 0

Total # of neighbors = 7344
Ave neighs/atom = 34
Neighbor list builds = 0
Dangerous builds = 0
next i
jump SELF loop_struct
clear
  using 1 OpenMP thread(s) per MPI task
log energies.log append
units metal
boundary p p p
atom_style atomic
read_data Si333_${i}.in
read_data Si333_182.in
Reading data file ...
  orthogonal box = (0 0 0) to (16.331106 16.331106 16.331106)
  1 by 1 by 1 MPI processor grid
  reading atoms ...
  216 atoms
  reading velocities ...
  216 velocities
  read_data CPU = 0.001 seconds
mass 1 28.085
pair_style sw
pair_coeff * * Si.sw Si
Reading sw potential file Si.sw with DATE: 2007-06-11
run 0
Neighbor list info ...
  update: every = 1 steps, delay = 0 steps, check = yes
  max neighbors/atom: 2000, page size: 100000
  master list distance cutoff = 5.77118
  ghost atom cutoff = 5.77118
  binsize = 2.88559, bins = 6 6 6
  1 neighbor lists, perpetual/occasional/extra = 1 0 0
  (1) pair sw, perpetual
      attributes: full, newton on
      pair build: full/bin/atomonly
      stencil: full/bin/3d
      bin: standard
Per MPI rank memory allocation (min/avg/max) = 3.085 | 3.085 | 3.085 Mbytes
   Step          Temp          E_pair         E_mol          TotEng         Press     
WARNING: Too many warnings: 182 vs 100. All future warnings will be suppressed (src/thermo.cpp:478)
         0   0             -791.99314      0             -791.99314      71309.243    
Loop time of 1.03e-06 on 1 procs for 0 steps with 216 atoms

0.0% CPU use with 1 MPI tasks x 1 OpenMP threads

MPI task timing breakdown:
Section |  min time  |  avg time  |  max time  |%varavg| %total
---------------------------------------------------------------
Pair    | 0          | 0          | 0          |   0.0 |  0.00
Neigh   | 0          | 0          | 0          |   0.0 |  0.00
Comm    | 0          | 0          | 0          |   0.0 |  0.00
Output  | 0          | 0          | 0          |   0.0 |  0.00
Modify  | 0          | 0          | 0          |   0.0 |  0.00
Other   |            | 1.03e-06   |            |       |100.00

Nlocal:            216 ave         216 max         216 min
Histogram: 1 0 0 0 0 0 0 0 0 0
Nghost:            851 ave         851 max         851 min
Histogram: 1 0 0 0 0 0 0 0 0 0
Neighs:              0 ave           0 max           0 min
Histogram: 1 0 0 0 0 0 0 0 0 0
FullNghs:         7360 ave        7360 max        7360 min
Histogram: 1 0 0 0 0 0 0 0 0 0

Total # of neighbors = 7360
Ave neighs/atom = 34.074074
Neighbor list builds = 0
Dangerous builds = 0
next i
jump SELF loop_struct
clear
  using 1 OpenMP thread(s) per MPI task
log energies.log append
units metal
boundary p p p
atom_style atomic
read_data Si333_${i}.in
read_data Si333_183.in
Reading data file ...
  orthogonal box = (0 0 0) to (16.331106 16.331106 16.331106)
  1 by 1 by 1 MPI processor grid
  reading atoms ...
  216 atoms
  reading velocities ...
  216 velocities
  read_data CPU = 0.001 seconds
mass 1 28.085
pair_style sw
pair_coeff * * Si.sw Si
Reading sw potential file Si.sw with DATE: 2007-06-11
run 0
Neighbor list info ...
  update: every = 1 steps, delay = 0 steps, check = yes
  max neighbors/atom: 2000, page size: 100000
  master list distance cutoff = 5.77118
  ghost atom cutoff = 5.77118
  binsize = 2.88559, bins = 6 6 6
  1 neighbor lists, perpetual/occasional/extra = 1 0 0
  (1) pair sw, perpetual
      attributes: full, newton on
      pair build: full/bin/atomonly
      stencil: full/bin/3d
      bin: standard
Per MPI rank memory allocation (min/avg/max) = 3.085 | 3.085 | 3.085 Mbytes
   Step          Temp          E_pair         E_mol          TotEng         Press     
WARNING: Too many warnings: 183 vs 100. All future warnings will be suppressed (src/thermo.cpp:478)
         0   0             -933.41326      0             -933.41326     -6292.1484    
Loop time of 1.22e-06 on 1 procs for 0 steps with 216 atoms

0.0% CPU use with 1 MPI tasks x 1 OpenMP threads

MPI task timing breakdown:
Section |  min time  |  avg time  |  max time  |%varavg| %total
---------------------------------------------------------------
Pair    | 0          | 0          | 0          |   0.0 |  0.00
Neigh   | 0          | 0          | 0          |   0.0 |  0.00
Comm    | 0          | 0          | 0          |   0.0 |  0.00
Output  | 0          | 0          | 0          |   0.0 |  0.00
Modify  | 0          | 0          | 0          |   0.0 |  0.00
Other   |            | 1.22e-06   |            |       |100.00

Nlocal:            216 ave         216 max         216 min
Histogram: 1 0 0 0 0 0 0 0 0 0
Nghost:            851 ave         851 max         851 min
Histogram: 1 0 0 0 0 0 0 0 0 0
Neighs:              0 ave           0 max           0 min
Histogram: 1 0 0 0 0 0 0 0 0 0
FullNghs:         7346 ave        7346 max        7346 min
Histogram: 1 0 0 0 0 0 0 0 0 0

Total # of neighbors = 7346
Ave neighs/atom = 34.009259
Neighbor list builds = 0
Dangerous builds = 0
next i
jump SELF loop_struct
clear
  using 1 OpenMP thread(s) per MPI task
log energies.log append
units metal
boundary p p p
atom_style atomic
read_data Si333_${i}.in
read_data Si333_184.in
Reading data file ...
  orthogonal box = (0 0 0) to (16.331106 16.331106 16.331106)
  1 by 1 by 1 MPI processor grid
  reading atoms ...
  216 atoms
  reading velocities ...
  216 velocities
  read_data CPU = 0.001 seconds
mass 1 28.085
pair_style sw
pair_coeff * * Si.sw Si
Reading sw potential file Si.sw with DATE: 2007-06-11
run 0
Neighbor list info ...
  update: every = 1 steps, delay = 0 steps, check = yes
  max neighbors/atom: 2000, page size: 100000
  master list distance cutoff = 5.77118
  ghost atom cutoff = 5.77118
  binsize = 2.88559, bins = 6 6 6
  1 neighbor lists, perpetual/occasional/extra = 1 0 0
  (1) pair sw, perpetual
      attributes: full, newton on
      pair build: full/bin/atomonly
      stencil: full/bin/3d
      bin: standard
Per MPI rank memory allocation (min/avg/max) = 3.086 | 3.086 | 3.086 Mbytes
   Step          Temp          E_pair         E_mol          TotEng         Press     
WARNING: Too many warnings: 184 vs 100. All future warnings will be suppressed (src/thermo.cpp:478)
         0   0             -546.24852      0             -546.24852      197324.65    
Loop time of 1.02e-06 on 1 procs for 0 steps with 216 atoms

196.1% CPU use with 1 MPI tasks x 1 OpenMP threads

MPI task timing breakdown:
Section |  min time  |  avg time  |  max time  |%varavg| %total
---------------------------------------------------------------
Pair    | 0          | 0          | 0          |   0.0 |  0.00
Neigh   | 0          | 0          | 0          |   0.0 |  0.00
Comm    | 0          | 0          | 0          |   0.0 |  0.00
Output  | 0          | 0          | 0          |   0.0 |  0.00
Modify  | 0          | 0          | 0          |   0.0 |  0.00
Other   |            | 1.02e-06   |            |       |100.00

Nlocal:            216 ave         216 max         216 min
Histogram: 1 0 0 0 0 0 0 0 0 0
Nghost:            888 ave         888 max         888 min
Histogram: 1 0 0 0 0 0 0 0 0 0
Neighs:              0 ave           0 max           0 min
Histogram: 1 0 0 0 0 0 0 0 0 0
FullNghs:         7408 ave        7408 max        7408 min
Histogram: 1 0 0 0 0 0 0 0 0 0

Total # of neighbors = 7408
Ave neighs/atom = 34.296296
Neighbor list builds = 0
Dangerous builds = 0
next i
jump SELF loop_struct
clear
  using 1 OpenMP thread(s) per MPI task
log energies.log append
units metal
boundary p p p
atom_style atomic
read_data Si333_${i}.in
read_data Si333_185.in
Reading data file ...
  orthogonal box = (0 0 0) to (16.331106 16.331106 16.331106)
  1 by 1 by 1 MPI processor grid
  reading atoms ...
  216 atoms
  reading velocities ...
  216 velocities
  read_data CPU = 0.001 seconds
mass 1 28.085
pair_style sw
pair_coeff * * Si.sw Si
Reading sw potential file Si.sw with DATE: 2007-06-11
run 0
Neighbor list info ...
  update: every = 1 steps, delay = 0 steps, check = yes
  max neighbors/atom: 2000, page size: 100000
  master list distance cutoff = 5.77118
  ghost atom cutoff = 5.77118
  binsize = 2.88559, bins = 6 6 6
  1 neighbor lists, perpetual/occasional/extra = 1 0 0
  (1) pair sw, perpetual
      attributes: full, newton on
      pair build: full/bin/atomonly
      stencil: full/bin/3d
      bin: standard
Per MPI rank memory allocation (min/avg/max) = 3.085 | 3.085 | 3.085 Mbytes
   Step          Temp          E_pair         E_mol          TotEng         Press     
WARNING: Too many warnings: 185 vs 100. All future warnings will be suppressed (src/thermo.cpp:478)
         0   0             -758.22239      0             -758.22239      88098.451    
Loop time of 1.01e-06 on 1 procs for 0 steps with 216 atoms

99.0% CPU use with 1 MPI tasks x 1 OpenMP threads

MPI task timing breakdown:
Section |  min time  |  avg time  |  max time  |%varavg| %total
---------------------------------------------------------------
Pair    | 0          | 0          | 0          |   0.0 |  0.00
Neigh   | 0          | 0          | 0          |   0.0 |  0.00
Comm    | 0          | 0          | 0          |   0.0 |  0.00
Output  | 0          | 0          | 0          |   0.0 |  0.00
Modify  | 0          | 0          | 0          |   0.0 |  0.00
Other   |            | 1.01e-06   |            |       |100.00

Nlocal:            216 ave         216 max         216 min
Histogram: 1 0 0 0 0 0 0 0 0 0
Nghost:            883 ave         883 max         883 min
Histogram: 1 0 0 0 0 0 0 0 0 0
Neighs:              0 ave           0 max           0 min
Histogram: 1 0 0 0 0 0 0 0 0 0
FullNghs:         7382 ave        7382 max        7382 min
Histogram: 1 0 0 0 0 0 0 0 0 0

Total # of neighbors = 7382
Ave neighs/atom = 34.175926
Neighbor list builds = 0
Dangerous builds = 0
next i
jump SELF loop_struct
clear
  using 1 OpenMP thread(s) per MPI task
log energies.log append
units metal
boundary p p p
atom_style atomic
read_data Si333_${i}.in
read_data Si333_186.in
Reading data file ...
  orthogonal box = (0 0 0) to (16.331106 16.331106 16.331106)
  1 by 1 by 1 MPI processor grid
  reading atoms ...
  216 atoms
  reading velocities ...
  216 velocities
  read_data CPU = 0.001 seconds
mass 1 28.085
pair_style sw
pair_coeff * * Si.sw Si
Reading sw potential file Si.sw with DATE: 2007-06-11
run 0
Neighbor list info ...
  update: every = 1 steps, delay = 0 steps, check = yes
  max neighbors/atom: 2000, page size: 100000
  master list distance cutoff = 5.77118
  ghost atom cutoff = 5.77118
  binsize = 2.88559, bins = 6 6 6
  1 neighbor lists, perpetual/occasional/extra = 1 0 0
  (1) pair sw, perpetual
      attributes: full, newton on
      pair build: full/bin/atomonly
      stencil: full/bin/3d
      bin: standard
Per MPI rank memory allocation (min/avg/max) = 3.081 | 3.081 | 3.081 Mbytes
   Step          Temp          E_pair         E_mol          TotEng         Press     
WARNING: Too many warnings: 186 vs 100. All future warnings will be suppressed (src/thermo.cpp:478)
         0   0             -662.95587      0             -662.95587      141665.2     
Loop time of 1.04e-06 on 1 procs for 0 steps with 216 atoms

0.0% CPU use with 1 MPI tasks x 1 OpenMP threads

MPI task timing breakdown:
Section |  min time  |  avg time  |  max time  |%varavg| %total
---------------------------------------------------------------
Pair    | 0          | 0          | 0          |   0.0 |  0.00
Neigh   | 0          | 0          | 0          |   0.0 |  0.00
Comm    | 0          | 0          | 0          |   0.0 |  0.00
Output  | 0          | 0          | 0          |   0.0 |  0.00
Modify  | 0          | 0          | 0          |   0.0 |  0.00
Other   |            | 1.04e-06   |            |       |100.00

Nlocal:            216 ave         216 max         216 min
Histogram: 1 0 0 0 0 0 0 0 0 0
Nghost:            790 ave         790 max         790 min
Histogram: 1 0 0 0 0 0 0 0 0 0
Neighs:              0 ave           0 max           0 min
Histogram: 1 0 0 0 0 0 0 0 0 0
FullNghs:         7406 ave        7406 max        7406 min
Histogram: 1 0 0 0 0 0 0 0 0 0

Total # of neighbors = 7406
Ave neighs/atom = 34.287037
Neighbor list builds = 0
Dangerous builds = 0
next i
jump SELF loop_struct
clear
  using 1 OpenMP thread(s) per MPI task
log energies.log append
units metal
boundary p p p
atom_style atomic
read_data Si333_${i}.in
read_data Si333_187.in
Reading data file ...
  orthogonal box = (0 0 0) to (16.331106 16.331106 16.331106)
  1 by 1 by 1 MPI processor grid
  reading atoms ...
  216 atoms
  reading velocities ...
  216 velocities
  read_data CPU = 0.001 seconds
mass 1 28.085
pair_style sw
pair_coeff * * Si.sw Si
Reading sw potential file Si.sw with DATE: 2007-06-11
run 0
Neighbor list info ...
  update: every = 1 steps, delay = 0 steps, check = yes
  max neighbors/atom: 2000, page size: 100000
  master list distance cutoff = 5.77118
  ghost atom cutoff = 5.77118
  binsize = 2.88559, bins = 6 6 6
  1 neighbor lists, perpetual/occasional/extra = 1 0 0
  (1) pair sw, perpetual
      attributes: full, newton on
      pair build: full/bin/atomonly
      stencil: full/bin/3d
      bin: standard
Per MPI rank memory allocation (min/avg/max) = 3.089 | 3.089 | 3.089 Mbytes
   Step          Temp          E_pair         E_mol          TotEng         Press     
WARNING: Too many warnings: 187 vs 100. All future warnings will be suppressed (src/thermo.cpp:478)
         0   0             -705.03882      0             -705.03882      111366.71    
Loop time of 1.02e-06 on 1 procs for 0 steps with 216 atoms

0.0% CPU use with 1 MPI tasks x 1 OpenMP threads

MPI task timing breakdown:
Section |  min time  |  avg time  |  max time  |%varavg| %total
---------------------------------------------------------------
Pair    | 0          | 0          | 0          |   0.0 |  0.00
Neigh   | 0          | 0          | 0          |   0.0 |  0.00
Comm    | 0          | 0          | 0          |   0.0 |  0.00
Output  | 0          | 0          | 0          |   0.0 |  0.00
Modify  | 0          | 0          | 0          |   0.0 |  0.00
Other   |            | 1.02e-06   |            |       |100.00

Nlocal:            216 ave         216 max         216 min
Histogram: 1 0 0 0 0 0 0 0 0 0
Nghost:            880 ave         880 max         880 min
Histogram: 1 0 0 0 0 0 0 0 0 0
Neighs:              0 ave           0 max           0 min
Histogram: 1 0 0 0 0 0 0 0 0 0
FullNghs:         7360 ave        7360 max        7360 min
Histogram: 1 0 0 0 0 0 0 0 0 0

Total # of neighbors = 7360
Ave neighs/atom = 34.074074
Neighbor list builds = 0
Dangerous builds = 0
next i
jump SELF loop_struct
clear
  using 1 OpenMP thread(s) per MPI task
log energies.log append
units metal
boundary p p p
atom_style atomic
read_data Si333_${i}.in
read_data Si333_188.in
Reading data file ...
  orthogonal box = (0 0 0) to (16.331106 16.331106 16.331106)
  1 by 1 by 1 MPI processor grid
  reading atoms ...
  216 atoms
  reading velocities ...
  216 velocities
  read_data CPU = 0.001 seconds
mass 1 28.085
pair_style sw
pair_coeff * * Si.sw Si
Reading sw potential file Si.sw with DATE: 2007-06-11
run 0
Neighbor list info ...
  update: every = 1 steps, delay = 0 steps, check = yes
  max neighbors/atom: 2000, page size: 100000
  master list distance cutoff = 5.77118
  ghost atom cutoff = 5.77118
  binsize = 2.88559, bins = 6 6 6
  1 neighbor lists, perpetual/occasional/extra = 1 0 0
  (1) pair sw, perpetual
      attributes: full, newton on
      pair build: full/bin/atomonly
      stencil: full/bin/3d
      bin: standard
Per MPI rank memory allocation (min/avg/max) = 3.083 | 3.083 | 3.083 Mbytes
   Step          Temp          E_pair         E_mol          TotEng         Press     
WARNING: Too many warnings: 188 vs 100. All future warnings will be suppressed (src/thermo.cpp:478)
         0   0             -803.3796       0             -803.3796       65417.778    
Loop time of 1.03e-06 on 1 procs for 0 steps with 216 atoms

0.0% CPU use with 1 MPI tasks x 1 OpenMP threads

MPI task timing breakdown:
Section |  min time  |  avg time  |  max time  |%varavg| %total
---------------------------------------------------------------
Pair    | 0          | 0          | 0          |   0.0 |  0.00
Neigh   | 0          | 0          | 0          |   0.0 |  0.00
Comm    | 0          | 0          | 0          |   0.0 |  0.00
Output  | 0          | 0          | 0          |   0.0 |  0.00
Modify  | 0          | 0          | 0          |   0.0 |  0.00
Other   |            | 1.03e-06   |            |       |100.00

Nlocal:            216 ave         216 max         216 min
Histogram: 1 0 0 0 0 0 0 0 0 0
Nghost:            846 ave         846 max         846 min
Histogram: 1 0 0 0 0 0 0 0 0 0
Neighs:              0 ave           0 max           0 min
Histogram: 1 0 0 0 0 0 0 0 0 0
FullNghs:         7370 ave        7370 max        7370 min
Histogram: 1 0 0 0 0 0 0 0 0 0

Total # of neighbors = 7370
Ave neighs/atom = 34.12037
Neighbor list builds = 0
Dangerous builds = 0
next i
jump SELF loop_struct
clear
  using 1 OpenMP thread(s) per MPI task
log energies.log append
units metal
boundary p p p
atom_style atomic
read_data Si333_${i}.in
read_data Si333_189.in
Reading data file ...
  orthogonal box = (0 0 0) to (16.331106 16.331106 16.331106)
  1 by 1 by 1 MPI processor grid
  reading atoms ...
  216 atoms
  reading velocities ...
  216 velocities
  read_data CPU = 0.001 seconds
mass 1 28.085
pair_style sw
pair_coeff * * Si.sw Si
Reading sw potential file Si.sw with DATE: 2007-06-11
run 0
Neighbor list info ...
  update: every = 1 steps, delay = 0 steps, check = yes
  max neighbors/atom: 2000, page size: 100000
  master list distance cutoff = 5.77118
  ghost atom cutoff = 5.77118
  binsize = 2.88559, bins = 6 6 6
  1 neighbor lists, perpetual/occasional/extra = 1 0 0
  (1) pair sw, perpetual
      attributes: full, newton on
      pair build: full/bin/atomonly
      stencil: full/bin/3d
      bin: standard
Per MPI rank memory allocation (min/avg/max) = 3.086 | 3.086 | 3.086 Mbytes
   Step          Temp          E_pair         E_mol          TotEng         Press     
WARNING: Too many warnings: 189 vs 100. All future warnings will be suppressed (src/thermo.cpp:478)
         0   0             -933.4789       0             -933.4789      -6248.0725    
Loop time of 1.02e-06 on 1 procs for 0 steps with 216 atoms

0.0% CPU use with 1 MPI tasks x 1 OpenMP threads

MPI task timing breakdown:
Section |  min time  |  avg time  |  max time  |%varavg| %total
---------------------------------------------------------------
Pair    | 0          | 0          | 0          |   0.0 |  0.00
Neigh   | 0          | 0          | 0          |   0.0 |  0.00
Comm    | 0          | 0          | 0          |   0.0 |  0.00
Output  | 0          | 0          | 0          |   0.0 |  0.00
Modify  | 0          | 0          | 0          |   0.0 |  0.00
Other   |            | 1.02e-06   |            |       |100.00

Nlocal:            216 ave         216 max         216 min
Histogram: 1 0 0 0 0 0 0 0 0 0
Nghost:            879 ave         879 max         879 min
Histogram: 1 0 0 0 0 0 0 0 0 0
Neighs:              0 ave           0 max           0 min
Histogram: 1 0 0 0 0 0 0 0 0 0
FullNghs:         7344 ave        7344 max        7344 min
Histogram: 1 0 0 0 0 0 0 0 0 0

Total # of neighbors = 7344
Ave neighs/atom = 34
Neighbor list builds = 0
Dangerous builds = 0
next i
jump SELF loop_struct
clear
  using 1 OpenMP thread(s) per MPI task
log energies.log append
units metal
boundary p p p
atom_style atomic
read_data Si333_${i}.in
read_data Si333_190.in
Reading data file ...
  orthogonal box = (0 0 0) to (16.331106 16.331106 16.331106)
  1 by 1 by 1 MPI processor grid
  reading atoms ...
  216 atoms
  reading velocities ...
  216 velocities
  read_data CPU = 0.001 seconds
mass 1 28.085
pair_style sw
pair_coeff * * Si.sw Si
Reading sw potential file Si.sw with DATE: 2007-06-11
run 0
Neighbor list info ...
  update: every = 1 steps, delay = 0 steps, check = yes
  max neighbors/atom: 2000, page size: 100000
  master list distance cutoff = 5.77118
  ghost atom cutoff = 5.77118
  binsize = 2.88559, bins = 6 6 6
  1 neighbor lists, perpetual/occasional/extra = 1 0 0
  (1) pair sw, perpetual
      attributes: full, newton on
      pair build: full/bin/atomonly
      stencil: full/bin/3d
      bin: standard
Per MPI rank memory allocation (min/avg/max) = 3.084 | 3.084 | 3.084 Mbytes
   Step          Temp          E_pair         E_mol          TotEng         Press     
WARNING: Too many warnings: 190 vs 100. All future warnings will be suppressed (src/thermo.cpp:478)
         0   0             -679.88572      0             -679.88572      133906.6     
Loop time of 1.02e-06 on 1 procs for 0 steps with 216 atoms

98.0% CPU use with 1 MPI tasks x 1 OpenMP threads

MPI task timing breakdown:
Section |  min time  |  avg time  |  max time  |%varavg| %total
---------------------------------------------------------------
Pair    | 0          | 0          | 0          |   0.0 |  0.00
Neigh   | 0          | 0          | 0          |   0.0 |  0.00
Comm    | 0          | 0          | 0          |   0.0 |  0.00
Output  | 0          | 0          | 0          |   0.0 |  0.00
Modify  | 0          | 0          | 0          |   0.0 |  0.00
Other   |            | 1.02e-06   |            |       |100.00

Nlocal:            216 ave         216 max         216 min
Histogram: 1 0 0 0 0 0 0 0 0 0
Nghost:            876 ave         876 max         876 min
Histogram: 1 0 0 0 0 0 0 0 0 0
Neighs:              0 ave           0 max           0 min
Histogram: 1 0 0 0 0 0 0 0 0 0
FullNghs:         7404 ave        7404 max        7404 min
Histogram: 1 0 0 0 0 0 0 0 0 0

Total # of neighbors = 7404
Ave neighs/atom = 34.277778
Neighbor list builds = 0
Dangerous builds = 0
next i
jump SELF loop_struct
clear
  using 1 OpenMP thread(s) per MPI task
log energies.log append
units metal
boundary p p p
atom_style atomic
read_data Si333_${i}.in
read_data Si333_191.in
Reading data file ...
  orthogonal box = (0 0 0) to (16.331106 16.331106 16.331106)
  1 by 1 by 1 MPI processor grid
  reading atoms ...
  216 atoms
  reading velocities ...
  216 velocities
  read_data CPU = 0.001 seconds
mass 1 28.085
pair_style sw
pair_coeff * * Si.sw Si
Reading sw potential file Si.sw with DATE: 2007-06-11
run 0
Neighbor list info ...
  update: every = 1 steps, delay = 0 steps, check = yes
  max neighbors/atom: 2000, page size: 100000
  master list distance cutoff = 5.77118
  ghost atom cutoff = 5.77118
  binsize = 2.88559, bins = 6 6 6
  1 neighbor lists, perpetual/occasional/extra = 1 0 0
  (1) pair sw, perpetual
      attributes: full, newton on
      pair build: full/bin/atomonly
      stencil: full/bin/3d
      bin: standard
Per MPI rank memory allocation (min/avg/max) = 3.084 | 3.084 | 3.084 Mbytes
   Step          Temp          E_pair         E_mol          TotEng         Press     
WARNING: Too many warnings: 191 vs 100. All future warnings will be suppressed (src/thermo.cpp:478)
         0   0             -451.67491      0             -451.67491      256766.68    
Loop time of 1.22e-06 on 1 procs for 0 steps with 216 atoms

163.9% CPU use with 1 MPI tasks x 1 OpenMP threads

MPI task timing breakdown:
Section |  min time  |  avg time  |  max time  |%varavg| %total
---------------------------------------------------------------
Pair    | 0          | 0          | 0          |   0.0 |  0.00
Neigh   | 0          | 0          | 0          |   0.0 |  0.00
Comm    | 0          | 0          | 0          |   0.0 |  0.00
Output  | 0          | 0          | 0          |   0.0 |  0.00
Modify  | 0          | 0          | 0          |   0.0 |  0.00
Other   |            | 1.22e-06   |            |       |100.00

Nlocal:            216 ave         216 max         216 min
Histogram: 1 0 0 0 0 0 0 0 0 0
Nghost:            854 ave         854 max         854 min
Histogram: 1 0 0 0 0 0 0 0 0 0
Neighs:              0 ave           0 max           0 min
Histogram: 1 0 0 0 0 0 0 0 0 0
FullNghs:         7400 ave        7400 max        7400 min
Histogram: 1 0 0 0 0 0 0 0 0 0

Total # of neighbors = 7400
Ave neighs/atom = 34.259259
Neighbor list builds = 0
Dangerous builds = 0
next i
jump SELF loop_struct
clear
  using 1 OpenMP thread(s) per MPI task
log energies.log append
units metal
boundary p p p
atom_style atomic
read_data Si333_${i}.in
read_data Si333_192.in
Reading data file ...
  orthogonal box = (0 0 0) to (16.331106 16.331106 16.331106)
  1 by 1 by 1 MPI processor grid
  reading atoms ...
  216 atoms
  reading velocities ...
  216 velocities
  read_data CPU = 0.001 seconds
mass 1 28.085
pair_style sw
pair_coeff * * Si.sw Si
Reading sw potential file Si.sw with DATE: 2007-06-11
run 0
Neighbor list info ...
  update: every = 1 steps, delay = 0 steps, check = yes
  max neighbors/atom: 2000, page size: 100000
  master list distance cutoff = 5.77118
  ghost atom cutoff = 5.77118
  binsize = 2.88559, bins = 6 6 6
  1 neighbor lists, perpetual/occasional/extra = 1 0 0
  (1) pair sw, perpetual
      attributes: full, newton on
      pair build: full/bin/atomonly
      stencil: full/bin/3d
      bin: standard
Per MPI rank memory allocation (min/avg/max) = 3.084 | 3.084 | 3.084 Mbytes
   Step          Temp          E_pair         E_mol          TotEng         Press     
WARNING: Too many warnings: 192 vs 100. All future warnings will be suppressed (src/thermo.cpp:478)
         0   0             -933.02261      0             -933.02261     -6153.1976    
Loop time of 1.02e-06 on 1 procs for 0 steps with 216 atoms

98.0% CPU use with 1 MPI tasks x 1 OpenMP threads

MPI task timing breakdown:
Section |  min time  |  avg time  |  max time  |%varavg| %total
---------------------------------------------------------------
Pair    | 0          | 0          | 0          |   0.0 |  0.00
Neigh   | 0          | 0          | 0          |   0.0 |  0.00
Comm    | 0          | 0          | 0          |   0.0 |  0.00
Output  | 0          | 0          | 0          |   0.0 |  0.00
Modify  | 0          | 0          | 0          |   0.0 |  0.00
Other   |            | 1.02e-06   |            |       |100.00

Nlocal:            216 ave         216 max         216 min
Histogram: 1 0 0 0 0 0 0 0 0 0
Nghost:            889 ave         889 max         889 min
Histogram: 1 0 0 0 0 0 0 0 0 0
Neighs:              0 ave           0 max           0 min
Histogram: 1 0 0 0 0 0 0 0 0 0
FullNghs:         7344 ave        7344 max        7344 min
Histogram: 1 0 0 0 0 0 0 0 0 0

Total # of neighbors = 7344
Ave neighs/atom = 34
Neighbor list builds = 0
Dangerous builds = 0
next i
jump SELF loop_struct
clear
  using 1 OpenMP thread(s) per MPI task
log energies.log append
units metal
boundary p p p
atom_style atomic
read_data Si333_${i}.in
read_data Si333_193.in
Reading data file ...
  orthogonal box = (0 0 0) to (16.331106 16.331106 16.331106)
  1 by 1 by 1 MPI processor grid
  reading atoms ...
  216 atoms
  reading velocities ...
  216 velocities
  read_data CPU = 0.001 seconds
mass 1 28.085
pair_style sw
pair_coeff * * Si.sw Si
Reading sw potential file Si.sw with DATE: 2007-06-11
run 0
Neighbor list info ...
  update: every = 1 steps, delay = 0 steps, check = yes
  max neighbors/atom: 2000, page size: 100000
  master list distance cutoff = 5.77118
  ghost atom cutoff = 5.77118
  binsize = 2.88559, bins = 6 6 6
  1 neighbor lists, perpetual/occasional/extra = 1 0 0
  (1) pair sw, perpetual
      attributes: full, newton on
      pair build: full/bin/atomonly
      stencil: full/bin/3d
      bin: standard
Per MPI rank memory allocation (min/avg/max) = 3.081 | 3.081 | 3.081 Mbytes
   Step          Temp          E_pair         E_mol          TotEng         Press     
WARNING: Too many warnings: 193 vs 100. All future warnings will be suppressed (src/thermo.cpp:478)
         0   0             -693.70925      0             -693.70925      132193.25    
Loop time of 1.05e-06 on 1 procs for 0 steps with 216 atoms

95.2% CPU use with 1 MPI tasks x 1 OpenMP threads

MPI task timing breakdown:
Section |  min time  |  avg time  |  max time  |%varavg| %total
---------------------------------------------------------------
Pair    | 0          | 0          | 0          |   0.0 |  0.00
Neigh   | 0          | 0          | 0          |   0.0 |  0.00
Comm    | 0          | 0          | 0          |   0.0 |  0.00
Output  | 0          | 0          | 0          |   0.0 |  0.00
Modify  | 0          | 0          | 0          |   0.0 |  0.00
Other   |            | 1.05e-06   |            |       |100.00

Nlocal:            216 ave         216 max         216 min
Histogram: 1 0 0 0 0 0 0 0 0 0
Nghost:            787 ave         787 max         787 min
Histogram: 1 0 0 0 0 0 0 0 0 0
Neighs:              0 ave           0 max           0 min
Histogram: 1 0 0 0 0 0 0 0 0 0
FullNghs:         7418 ave        7418 max        7418 min
Histogram: 1 0 0 0 0 0 0 0 0 0

Total # of neighbors = 7418
Ave neighs/atom = 34.342593
Neighbor list builds = 0
Dangerous builds = 0
next i
jump SELF loop_struct
clear
  using 1 OpenMP thread(s) per MPI task
log energies.log append
units metal
boundary p p p
atom_style atomic
read_data Si333_${i}.in
read_data Si333_194.in
Reading data file ...
  orthogonal box = (0 0 0) to (16.331106 16.331106 16.331106)
  1 by 1 by 1 MPI processor grid
  reading atoms ...
  216 atoms
  reading velocities ...
  216 velocities
  read_data CPU = 0.001 seconds
mass 1 28.085
pair_style sw
pair_coeff * * Si.sw Si
Reading sw potential file Si.sw with DATE: 2007-06-11
run 0
Neighbor list info ...
  update: every = 1 steps, delay = 0 steps, check = yes
  max neighbors/atom: 2000, page size: 100000
  master list distance cutoff = 5.77118
  ghost atom cutoff = 5.77118
  binsize = 2.88559, bins = 6 6 6
  1 neighbor lists, perpetual/occasional/extra = 1 0 0
  (1) pair sw, perpetual
      attributes: full, newton on
      pair build: full/bin/atomonly
      stencil: full/bin/3d
      bin: standard
Per MPI rank memory allocation (min/avg/max) = 3.085 | 3.085 | 3.085 Mbytes
   Step          Temp          E_pair         E_mol          TotEng         Press     
WARNING: Too many warnings: 194 vs 100. All future warnings will be suppressed (src/thermo.cpp:478)
         0   0             -626.99053      0             -626.99053      161310.13    
Loop time of 1e-06 on 1 procs for 0 steps with 216 atoms

100.0% CPU use with 1 MPI tasks x 1 OpenMP threads

MPI task timing breakdown:
Section |  min time  |  avg time  |  max time  |%varavg| %total
---------------------------------------------------------------
Pair    | 0          | 0          | 0          |   0.0 |  0.00
Neigh   | 0          | 0          | 0          |   0.0 |  0.00
Comm    | 0          | 0          | 0          |   0.0 |  0.00
Output  | 0          | 0          | 0          |   0.0 |  0.00
Modify  | 0          | 0          | 0          |   0.0 |  0.00
Other   |            | 1e-06      |            |       |100.00

Nlocal:            216 ave         216 max         216 min
Histogram: 1 0 0 0 0 0 0 0 0 0
Nghost:            851 ave         851 max         851 min
Histogram: 1 0 0 0 0 0 0 0 0 0
Neighs:              0 ave           0 max           0 min
Histogram: 1 0 0 0 0 0 0 0 0 0
FullNghs:         7384 ave        7384 max        7384 min
Histogram: 1 0 0 0 0 0 0 0 0 0

Total # of neighbors = 7384
Ave neighs/atom = 34.185185
Neighbor list builds = 0
Dangerous builds = 0
next i
jump SELF loop_struct
clear
  using 1 OpenMP thread(s) per MPI task
log energies.log append
units metal
boundary p p p
atom_style atomic
read_data Si333_${i}.in
read_data Si333_195.in
Reading data file ...
  orthogonal box = (0 0 0) to (16.331106 16.331106 16.331106)
  1 by 1 by 1 MPI processor grid
  reading atoms ...
  216 atoms
  reading velocities ...
  216 velocities
  read_data CPU = 0.001 seconds
mass 1 28.085
pair_style sw
pair_coeff * * Si.sw Si
Reading sw potential file Si.sw with DATE: 2007-06-11
run 0
Neighbor list info ...
  update: every = 1 steps, delay = 0 steps, check = yes
  max neighbors/atom: 2000, page size: 100000
  master list distance cutoff = 5.77118
  ghost atom cutoff = 5.77118
  binsize = 2.88559, bins = 6 6 6
  1 neighbor lists, perpetual/occasional/extra = 1 0 0
  (1) pair sw, perpetual
      attributes: full, newton on
      pair build: full/bin/atomonly
      stencil: full/bin/3d
      bin: standard
Per MPI rank memory allocation (min/avg/max) = 3.091 | 3.091 | 3.091 Mbytes
   Step          Temp          E_pair         E_mol          TotEng         Press     
WARNING: Too many warnings: 195 vs 100. All future warnings will be suppressed (src/thermo.cpp:478)
         0   0             -766.6474       0             -766.6474       79896.61     
Loop time of 1.03e-06 on 1 procs for 0 steps with 216 atoms

97.1% CPU use with 1 MPI tasks x 1 OpenMP threads

MPI task timing breakdown:
Section |  min time  |  avg time  |  max time  |%varavg| %total
---------------------------------------------------------------
Pair    | 0          | 0          | 0          |   0.0 |  0.00
Neigh   | 0          | 0          | 0          |   0.0 |  0.00
Comm    | 0          | 0          | 0          |   0.0 |  0.00
Output  | 0          | 0          | 0          |   0.0 |  0.00
Modify  | 0          | 0          | 0          |   0.0 |  0.00
Other   |            | 1.03e-06   |            |       |100.00

Nlocal:            216 ave         216 max         216 min
Histogram: 1 0 0 0 0 0 0 0 0 0
Nghost:            911 ave         911 max         911 min
Histogram: 1 0 0 0 0 0 0 0 0 0
Neighs:              0 ave           0 max           0 min
Histogram: 1 0 0 0 0 0 0 0 0 0
FullNghs:         7364 ave        7364 max        7364 min
Histogram: 1 0 0 0 0 0 0 0 0 0

Total # of neighbors = 7364
Ave neighs/atom = 34.092593
Neighbor list builds = 0
Dangerous builds = 0
next i
jump SELF loop_struct
clear
  using 1 OpenMP thread(s) per MPI task
log energies.log append
units metal
boundary p p p
atom_style atomic
read_data Si333_${i}.in
read_data Si333_196.in
Reading data file ...
  orthogonal box = (0 0 0) to (16.331106 16.331106 16.331106)
  1 by 1 by 1 MPI processor grid
  reading atoms ...
  216 atoms
  reading velocities ...
  216 velocities
  read_data CPU = 0.001 seconds
mass 1 28.085
pair_style sw
pair_coeff * * Si.sw Si
Reading sw potential file Si.sw with DATE: 2007-06-11
run 0
Neighbor list info ...
  update: every = 1 steps, delay = 0 steps, check = yes
  max neighbors/atom: 2000, page size: 100000
  master list distance cutoff = 5.77118
  ghost atom cutoff = 5.77118
  binsize = 2.88559, bins = 6 6 6
  1 neighbor lists, perpetual/occasional/extra = 1 0 0
  (1) pair sw, perpetual
      attributes: full, newton on
      pair build: full/bin/atomonly
      stencil: full/bin/3d
      bin: standard
Per MPI rank memory allocation (min/avg/max) = 3.084 | 3.084 | 3.084 Mbytes
   Step          Temp          E_pair         E_mol          TotEng         Press     
WARNING: Too many warnings: 196 vs 100. All future warnings will be suppressed (src/thermo.cpp:478)
         0   0             -933.48499      0             -933.48499     -6229.4586    
Loop time of 1.06e-06 on 1 procs for 0 steps with 216 atoms

94.3% CPU use with 1 MPI tasks x 1 OpenMP threads

MPI task timing breakdown:
Section |  min time  |  avg time  |  max time  |%varavg| %total
---------------------------------------------------------------
Pair    | 0          | 0          | 0          |   0.0 |  0.00
Neigh   | 0          | 0          | 0          |   0.0 |  0.00
Comm    | 0          | 0          | 0          |   0.0 |  0.00
Output  | 0          | 0          | 0          |   0.0 |  0.00
Modify  | 0          | 0          | 0          |   0.0 |  0.00
Other   |            | 1.06e-06   |            |       |100.00

Nlocal:            216 ave         216 max         216 min
Histogram: 1 0 0 0 0 0 0 0 0 0
Nghost:            889 ave         889 max         889 min
Histogram: 1 0 0 0 0 0 0 0 0 0
Neighs:              0 ave           0 max           0 min
Histogram: 1 0 0 0 0 0 0 0 0 0
FullNghs:         7344 ave        7344 max        7344 min
Histogram: 1 0 0 0 0 0 0 0 0 0

Total # of neighbors = 7344
Ave neighs/atom = 34
Neighbor list builds = 0
Dangerous builds = 0
next i
jump SELF loop_struct
clear
  using 1 OpenMP thread(s) per MPI task
log energies.log append
units metal
boundary p p p
atom_style atomic
read_data Si333_${i}.in
read_data Si333_197.in
Reading data file ...
  orthogonal box = (0 0 0) to (16.331106 16.331106 16.331106)
  1 by 1 by 1 MPI processor grid
  reading atoms ...
  216 atoms
  reading velocities ...
  216 velocities
  read_data CPU = 0.001 seconds
mass 1 28.085
pair_style sw
pair_coeff * * Si.sw Si
Reading sw potential file Si.sw with DATE: 2007-06-11
run 0
Neighbor list info ...
  update: every = 1 steps, delay = 0 steps, check = yes
  max neighbors/atom: 2000, page size: 100000
  master list distance cutoff = 5.77118
  ghost atom cutoff = 5.77118
  binsize = 2.88559, bins = 6 6 6
  1 neighbor lists, perpetual/occasional/extra = 1 0 0
  (1) pair sw, perpetual
      attributes: full, newton on
      pair build: full/bin/atomonly
      stencil: full/bin/3d
      bin: standard
Per MPI rank memory allocation (min/avg/max) = 3.085 | 3.085 | 3.085 Mbytes
   Step          Temp          E_pair         E_mol          TotEng         Press     
WARNING: Too many warnings: 197 vs 100. All future warnings will be suppressed (src/thermo.cpp:478)
         0   0             -932.84878      0             -932.84878     -6075.1803    
Loop time of 1.01e-06 on 1 procs for 0 steps with 216 atoms

198.0% CPU use with 1 MPI tasks x 1 OpenMP threads

MPI task timing breakdown:
Section |  min time  |  avg time  |  max time  |%varavg| %total
---------------------------------------------------------------
Pair    | 0          | 0          | 0          |   0.0 |  0.00
Neigh   | 0          | 0          | 0          |   0.0 |  0.00
Comm    | 0          | 0          | 0          |   0.0 |  0.00
Output  | 0          | 0          | 0          |   0.0 |  0.00
Modify  | 0          | 0          | 0          |   0.0 |  0.00
Other   |            | 1.01e-06   |            |       |100.00

Nlocal:            216 ave         216 max         216 min
Histogram: 1 0 0 0 0 0 0 0 0 0
Nghost:            872 ave         872 max         872 min
Histogram: 1 0 0 0 0 0 0 0 0 0
Neighs:              0 ave           0 max           0 min
Histogram: 1 0 0 0 0 0 0 0 0 0
FullNghs:         7344 ave        7344 max        7344 min
Histogram: 1 0 0 0 0 0 0 0 0 0

Total # of neighbors = 7344
Ave neighs/atom = 34
Neighbor list builds = 0
Dangerous builds = 0
next i
jump SELF loop_struct
clear
  using 1 OpenMP thread(s) per MPI task
log energies.log append
units metal
boundary p p p
atom_style atomic
read_data Si333_${i}.in
read_data Si333_198.in
Reading data file ...
  orthogonal box = (0 0 0) to (16.331106 16.331106 16.331106)
  1 by 1 by 1 MPI processor grid
  reading atoms ...
  216 atoms
  reading velocities ...
  216 velocities
  read_data CPU = 0.001 seconds
mass 1 28.085
pair_style sw
pair_coeff * * Si.sw Si
Reading sw potential file Si.sw with DATE: 2007-06-11
run 0
Neighbor list info ...
  update: every = 1 steps, delay = 0 steps, check = yes
  max neighbors/atom: 2000, page size: 100000
  master list distance cutoff = 5.77118
  ghost atom cutoff = 5.77118
  binsize = 2.88559, bins = 6 6 6
  1 neighbor lists, perpetual/occasional/extra = 1 0 0
  (1) pair sw, perpetual
      attributes: full, newton on
      pair build: full/bin/atomonly
      stencil: full/bin/3d
      bin: standard
Per MPI rank memory allocation (min/avg/max) = 3.081 | 3.081 | 3.081 Mbytes
   Step          Temp          E_pair         E_mol          TotEng         Press     
WARNING: Too many warnings: 198 vs 100. All future warnings will be suppressed (src/thermo.cpp:478)
         0   0             -933.57494      0             -933.57494     -6267.2188    
Loop time of 1.03e-06 on 1 procs for 0 steps with 216 atoms

0.0% CPU use with 1 MPI tasks x 1 OpenMP threads

MPI task timing breakdown:
Section |  min time  |  avg time  |  max time  |%varavg| %total
---------------------------------------------------------------
Pair    | 0          | 0          | 0          |   0.0 |  0.00
Neigh   | 0          | 0          | 0          |   0.0 |  0.00
Comm    | 0          | 0          | 0          |   0.0 |  0.00
Output  | 0          | 0          | 0          |   0.0 |  0.00
Modify  | 0          | 0          | 0          |   0.0 |  0.00
Other   |            | 1.03e-06   |            |       |100.00

Nlocal:            216 ave         216 max         216 min
Histogram: 1 0 0 0 0 0 0 0 0 0
Nghost:            798 ave         798 max         798 min
Histogram: 1 0 0 0 0 0 0 0 0 0
Neighs:              0 ave           0 max           0 min
Histogram: 1 0 0 0 0 0 0 0 0 0
FullNghs:         7344 ave        7344 max        7344 min
Histogram: 1 0 0 0 0 0 0 0 0 0

Total # of neighbors = 7344
Ave neighs/atom = 34
Neighbor list builds = 0
Dangerous builds = 0
next i
jump SELF loop_struct
clear
  using 1 OpenMP thread(s) per MPI task
log energies.log append
units metal
boundary p p p
atom_style atomic
read_data Si333_${i}.in
read_data Si333_199.in
Reading data file ...
  orthogonal box = (0 0 0) to (16.331106 16.331106 16.331106)
  1 by 1 by 1 MPI processor grid
  reading atoms ...
  216 atoms
  reading velocities ...
  216 velocities
  read_data CPU = 0.001 seconds
mass 1 28.085
pair_style sw
pair_coeff * * Si.sw Si
Reading sw potential file Si.sw with DATE: 2007-06-11
run 0
Neighbor list info ...
  update: every = 1 steps, delay = 0 steps, check = yes
  max neighbors/atom: 2000, page size: 100000
  master list distance cutoff = 5.77118
  ghost atom cutoff = 5.77118
  binsize = 2.88559, bins = 6 6 6
  1 neighbor lists, perpetual/occasional/extra = 1 0 0
  (1) pair sw, perpetual
      attributes: full, newton on
      pair build: full/bin/atomonly
      stencil: full/bin/3d
      bin: standard
Per MPI rank memory allocation (min/avg/max) = 3.09 | 3.09 | 3.09 Mbytes
   Step          Temp          E_pair         E_mol          TotEng         Press     
WARNING: Too many warnings: 199 vs 100. All future warnings will be suppressed (src/thermo.cpp:478)
         0   0             -933.4972       0             -933.4972      -6267.0023    
Loop time of 1.04e-06 on 1 procs for 0 steps with 216 atoms

0.0% CPU use with 1 MPI tasks x 1 OpenMP threads

MPI task timing breakdown:
Section |  min time  |  avg time  |  max time  |%varavg| %total
---------------------------------------------------------------
Pair    | 0          | 0          | 0          |   0.0 |  0.00
Neigh   | 0          | 0          | 0          |   0.0 |  0.00
Comm    | 0          | 0          | 0          |   0.0 |  0.00
Output  | 0          | 0          | 0          |   0.0 |  0.00
Modify  | 0          | 0          | 0          |   0.0 |  0.00
Other   |            | 1.04e-06   |            |       |100.00

Nlocal:            216 ave         216 max         216 min
Histogram: 1 0 0 0 0 0 0 0 0 0
Nghost:            884 ave         884 max         884 min
Histogram: 1 0 0 0 0 0 0 0 0 0
Neighs:              0 ave           0 max           0 min
Histogram: 1 0 0 0 0 0 0 0 0 0
FullNghs:         7344 ave        7344 max        7344 min
Histogram: 1 0 0 0 0 0 0 0 0 0

Total # of neighbors = 7344
Ave neighs/atom = 34
Neighbor list builds = 0
Dangerous builds = 0
next i
jump SELF loop_struct
clear
  using 1 OpenMP thread(s) per MPI task
log energies.log append
units metal
boundary p p p
atom_style atomic
read_data Si333_${i}.in
read_data Si333_200.in
Reading data file ...
  orthogonal box = (0 0 0) to (16.331106 16.331106 16.331106)
  1 by 1 by 1 MPI processor grid
  reading atoms ...
  216 atoms
  reading velocities ...
  216 velocities
  read_data CPU = 0.001 seconds
mass 1 28.085
pair_style sw
pair_coeff * * Si.sw Si
Reading sw potential file Si.sw with DATE: 2007-06-11
run 0
Neighbor list info ...
  update: every = 1 steps, delay = 0 steps, check = yes
  max neighbors/atom: 2000, page size: 100000
  master list distance cutoff = 5.77118
  ghost atom cutoff = 5.77118
  binsize = 2.88559, bins = 6 6 6
  1 neighbor lists, perpetual/occasional/extra = 1 0 0
  (1) pair sw, perpetual
      attributes: full, newton on
      pair build: full/bin/atomonly
      stencil: full/bin/3d
      bin: standard
Per MPI rank memory allocation (min/avg/max) = 3.081 | 3.081 | 3.081 Mbytes
   Step          Temp          E_pair         E_mol          TotEng         Press     
WARNING: Too many warnings: 200 vs 100. All future warnings will be suppressed (src/thermo.cpp:478)
         0   0             -811.60627      0             -811.60627      60978.216    
Loop time of 1.02e-06 on 1 procs for 0 steps with 216 atoms

98.0% CPU use with 1 MPI tasks x 1 OpenMP threads

MPI task timing breakdown:
Section |  min time  |  avg time  |  max time  |%varavg| %total
---------------------------------------------------------------
Pair    | 0          | 0          | 0          |   0.0 |  0.00
Neigh   | 0          | 0          | 0          |   0.0 |  0.00
Comm    | 0          | 0          | 0          |   0.0 |  0.00
Output  | 0          | 0          | 0          |   0.0 |  0.00
Modify  | 0          | 0          | 0          |   0.0 |  0.00
Other   |            | 1.02e-06   |            |       |100.00

Nlocal:            216 ave         216 max         216 min
Histogram: 1 0 0 0 0 0 0 0 0 0
Nghost:            784 ave         784 max         784 min
Histogram: 1 0 0 0 0 0 0 0 0 0
Neighs:              0 ave           0 max           0 min
Histogram: 1 0 0 0 0 0 0 0 0 0
FullNghs:         7378 ave        7378 max        7378 min
Histogram: 1 0 0 0 0 0 0 0 0 0

Total # of neighbors = 7378
Ave neighs/atom = 34.157407
Neighbor list builds = 0
Dangerous builds = 0
next i
jump SELF loop_struct
clear
  using 1 OpenMP thread(s) per MPI task
log energies.log append
units metal
boundary p p p
atom_style atomic
read_data Si333_${i}.in
read_data Si333_201.in
Reading data file ...
  orthogonal box = (0 0 0) to (16.331106 16.331106 16.331106)
  1 by 1 by 1 MPI processor grid
  reading atoms ...
  216 atoms
  reading velocities ...
  216 velocities
  read_data CPU = 0.001 seconds
mass 1 28.085
pair_style sw
pair_coeff * * Si.sw Si
Reading sw potential file Si.sw with DATE: 2007-06-11
run 0
Neighbor list info ...
  update: every = 1 steps, delay = 0 steps, check = yes
  max neighbors/atom: 2000, page size: 100000
  master list distance cutoff = 5.77118
  ghost atom cutoff = 5.77118
  binsize = 2.88559, bins = 6 6 6
  1 neighbor lists, perpetual/occasional/extra = 1 0 0
  (1) pair sw, perpetual
      attributes: full, newton on
      pair build: full/bin/atomonly
      stencil: full/bin/3d
      bin: standard
Per MPI rank memory allocation (min/avg/max) = 3.081 | 3.081 | 3.081 Mbytes
   Step          Temp          E_pair         E_mol          TotEng         Press     
WARNING: Too many warnings: 201 vs 100. All future warnings will be suppressed (src/thermo.cpp:478)
         0   0             -677.34136      0             -677.34136      134853.71    
Loop time of 1.03e-06 on 1 procs for 0 steps with 216 atoms

194.2% CPU use with 1 MPI tasks x 1 OpenMP threads

MPI task timing breakdown:
Section |  min time  |  avg time  |  max time  |%varavg| %total
---------------------------------------------------------------
Pair    | 0          | 0          | 0          |   0.0 |  0.00
Neigh   | 0          | 0          | 0          |   0.0 |  0.00
Comm    | 0          | 0          | 0          |   0.0 |  0.00
Output  | 0          | 0          | 0          |   0.0 |  0.00
Modify  | 0          | 0          | 0          |   0.0 |  0.00
Other   |            | 1.03e-06   |            |       |100.00

Nlocal:            216 ave         216 max         216 min
Histogram: 1 0 0 0 0 0 0 0 0 0
Nghost:            792 ave         792 max         792 min
Histogram: 1 0 0 0 0 0 0 0 0 0
Neighs:              0 ave           0 max           0 min
Histogram: 1 0 0 0 0 0 0 0 0 0
FullNghs:         7398 ave        7398 max        7398 min
Histogram: 1 0 0 0 0 0 0 0 0 0

Total # of neighbors = 7398
Ave neighs/atom = 34.25
Neighbor list builds = 0
Dangerous builds = 0
next i
jump SELF loop_struct
clear
  using 1 OpenMP thread(s) per MPI task
log energies.log append
units metal
boundary p p p
atom_style atomic
read_data Si333_${i}.in
read_data Si333_202.in
Reading data file ...
  orthogonal box = (0 0 0) to (16.331106 16.331106 16.331106)
  1 by 1 by 1 MPI processor grid
  reading atoms ...
  216 atoms
  reading velocities ...
  216 velocities
  read_data CPU = 0.001 seconds
mass 1 28.085
pair_style sw
pair_coeff * * Si.sw Si
Reading sw potential file Si.sw with DATE: 2007-06-11
run 0
Neighbor list info ...
  update: every = 1 steps, delay = 0 steps, check = yes
  max neighbors/atom: 2000, page size: 100000
  master list distance cutoff = 5.77118
  ghost atom cutoff = 5.77118
  binsize = 2.88559, bins = 6 6 6
  1 neighbor lists, perpetual/occasional/extra = 1 0 0
  (1) pair sw, perpetual
      attributes: full, newton on
      pair build: full/bin/atomonly
      stencil: full/bin/3d
      bin: standard
Per MPI rank memory allocation (min/avg/max) = 3.09 | 3.09 | 3.09 Mbytes
   Step          Temp          E_pair         E_mol          TotEng         Press     
WARNING: Too many warnings: 202 vs 100. All future warnings will be suppressed (src/thermo.cpp:478)
         0   0             -663.72881      0             -663.72881      136301.98    
Loop time of 1.17e-06 on 1 procs for 0 steps with 216 atoms

0.0% CPU use with 1 MPI tasks x 1 OpenMP threads

MPI task timing breakdown:
Section |  min time  |  avg time  |  max time  |%varavg| %total
---------------------------------------------------------------
Pair    | 0          | 0          | 0          |   0.0 |  0.00
Neigh   | 0          | 0          | 0          |   0.0 |  0.00
Comm    | 0          | 0          | 0          |   0.0 |  0.00
Output  | 0          | 0          | 0          |   0.0 |  0.00
Modify  | 0          | 0          | 0          |   0.0 |  0.00
Other   |            | 1.17e-06   |            |       |100.00

Nlocal:            216 ave         216 max         216 min
Histogram: 1 0 0 0 0 0 0 0 0 0
Nghost:            883 ave         883 max         883 min
Histogram: 1 0 0 0 0 0 0 0 0 0
Neighs:              0 ave           0 max           0 min
Histogram: 1 0 0 0 0 0 0 0 0 0
FullNghs:         7360 ave        7360 max        7360 min
Histogram: 1 0 0 0 0 0 0 0 0 0

Total # of neighbors = 7360
Ave neighs/atom = 34.074074
Neighbor list builds = 0
Dangerous builds = 0
next i
jump SELF loop_struct
clear
  using 1 OpenMP thread(s) per MPI task
log energies.log append
units metal
boundary p p p
atom_style atomic
read_data Si333_${i}.in
read_data Si333_203.in
Reading data file ...
  orthogonal box = (0 0 0) to (16.331106 16.331106 16.331106)
  1 by 1 by 1 MPI processor grid
  reading atoms ...
  216 atoms
  reading velocities ...
  216 velocities
  read_data CPU = 0.001 seconds
mass 1 28.085
pair_style sw
pair_coeff * * Si.sw Si
Reading sw potential file Si.sw with DATE: 2007-06-11
run 0
Neighbor list info ...
  update: every = 1 steps, delay = 0 steps, check = yes
  max neighbors/atom: 2000, page size: 100000
  master list distance cutoff = 5.77118
  ghost atom cutoff = 5.77118
  binsize = 2.88559, bins = 6 6 6
  1 neighbor lists, perpetual/occasional/extra = 1 0 0
  (1) pair sw, perpetual
      attributes: full, newton on
      pair build: full/bin/atomonly
      stencil: full/bin/3d
      bin: standard
Per MPI rank memory allocation (min/avg/max) = 3.089 | 3.089 | 3.089 Mbytes
   Step          Temp          E_pair         E_mol          TotEng         Press     
WARNING: Too many warnings: 203 vs 100. All future warnings will be suppressed (src/thermo.cpp:478)
         0   0             -518.4542       0             -518.4542       214939.34    
Loop time of 1.02e-06 on 1 procs for 0 steps with 216 atoms

0.0% CPU use with 1 MPI tasks x 1 OpenMP threads

MPI task timing breakdown:
Section |  min time  |  avg time  |  max time  |%varavg| %total
---------------------------------------------------------------
Pair    | 0          | 0          | 0          |   0.0 |  0.00
Neigh   | 0          | 0          | 0          |   0.0 |  0.00
Comm    | 0          | 0          | 0          |   0.0 |  0.00
Output  | 0          | 0          | 0          |   0.0 |  0.00
Modify  | 0          | 0          | 0          |   0.0 |  0.00
Other   |            | 1.02e-06   |            |       |100.00

Nlocal:            216 ave         216 max         216 min
Histogram: 1 0 0 0 0 0 0 0 0 0
Nghost:            887 ave         887 max         887 min
Histogram: 1 0 0 0 0 0 0 0 0 0
Neighs:              0 ave           0 max           0 min
Histogram: 1 0 0 0 0 0 0 0 0 0
FullNghs:         7416 ave        7416 max        7416 min
Histogram: 1 0 0 0 0 0 0 0 0 0

Total # of neighbors = 7416
Ave neighs/atom = 34.333333
Neighbor list builds = 0
Dangerous builds = 0
next i
jump SELF loop_struct
clear
  using 1 OpenMP thread(s) per MPI task
log energies.log append
units metal
boundary p p p
atom_style atomic
read_data Si333_${i}.in
read_data Si333_204.in
Reading data file ...
  orthogonal box = (0 0 0) to (16.331106 16.331106 16.331106)
  1 by 1 by 1 MPI processor grid
  reading atoms ...
  216 atoms
  reading velocities ...
  216 velocities
  read_data CPU = 0.001 seconds
mass 1 28.085
pair_style sw
pair_coeff * * Si.sw Si
Reading sw potential file Si.sw with DATE: 2007-06-11
run 0
Neighbor list info ...
  update: every = 1 steps, delay = 0 steps, check = yes
  max neighbors/atom: 2000, page size: 100000
  master list distance cutoff = 5.77118
  ghost atom cutoff = 5.77118
  binsize = 2.88559, bins = 6 6 6
  1 neighbor lists, perpetual/occasional/extra = 1 0 0
  (1) pair sw, perpetual
      attributes: full, newton on
      pair build: full/bin/atomonly
      stencil: full/bin/3d
      bin: standard
Per MPI rank memory allocation (min/avg/max) = 3.084 | 3.084 | 3.084 Mbytes
   Step          Temp          E_pair         E_mol          TotEng         Press     
WARNING: Too many warnings: 204 vs 100. All future warnings will be suppressed (src/thermo.cpp:478)
         0   0             -703.52754      0             -703.52754      122025.24    
Loop time of 1.03e-06 on 1 procs for 0 steps with 216 atoms

97.1% CPU use with 1 MPI tasks x 1 OpenMP threads

MPI task timing breakdown:
Section |  min time  |  avg time  |  max time  |%varavg| %total
---------------------------------------------------------------
Pair    | 0          | 0          | 0          |   0.0 |  0.00
Neigh   | 0          | 0          | 0          |   0.0 |  0.00
Comm    | 0          | 0          | 0          |   0.0 |  0.00
Output  | 0          | 0          | 0          |   0.0 |  0.00
Modify  | 0          | 0          | 0          |   0.0 |  0.00
Other   |            | 1.03e-06   |            |       |100.00

Nlocal:            216 ave         216 max         216 min
Histogram: 1 0 0 0 0 0 0 0 0 0
Nghost:            886 ave         886 max         886 min
Histogram: 1 0 0 0 0 0 0 0 0 0
Neighs:              0 ave           0 max           0 min
Histogram: 1 0 0 0 0 0 0 0 0 0
FullNghs:         7384 ave        7384 max        7384 min
Histogram: 1 0 0 0 0 0 0 0 0 0

Total # of neighbors = 7384
Ave neighs/atom = 34.185185
Neighbor list builds = 0
Dangerous builds = 0
next i
jump SELF loop_struct
clear
  using 1 OpenMP thread(s) per MPI task
log energies.log append
units metal
boundary p p p
atom_style atomic
read_data Si333_${i}.in
read_data Si333_205.in
Reading data file ...
  orthogonal box = (0 0 0) to (16.331106 16.331106 16.331106)
  1 by 1 by 1 MPI processor grid
  reading atoms ...
  216 atoms
  reading velocities ...
  216 velocities
  read_data CPU = 0.001 seconds
mass 1 28.085
pair_style sw
pair_coeff * * Si.sw Si
Reading sw potential file Si.sw with DATE: 2007-06-11
run 0
Neighbor list info ...
  update: every = 1 steps, delay = 0 steps, check = yes
  max neighbors/atom: 2000, page size: 100000
  master list distance cutoff = 5.77118
  ghost atom cutoff = 5.77118
  binsize = 2.88559, bins = 6 6 6
  1 neighbor lists, perpetual/occasional/extra = 1 0 0
  (1) pair sw, perpetual
      attributes: full, newton on
      pair build: full/bin/atomonly
      stencil: full/bin/3d
      bin: standard
Per MPI rank memory allocation (min/avg/max) = 3.087 | 3.087 | 3.087 Mbytes
   Step          Temp          E_pair         E_mol          TotEng         Press     
WARNING: Too many warnings: 205 vs 100. All future warnings will be suppressed (src/thermo.cpp:478)
         0   0             -658.22533      0             -658.22533      139077.61    
Loop time of 1.02e-06 on 1 procs for 0 steps with 216 atoms

98.0% CPU use with 1 MPI tasks x 1 OpenMP threads

MPI task timing breakdown:
Section |  min time  |  avg time  |  max time  |%varavg| %total
---------------------------------------------------------------
Pair    | 0          | 0          | 0          |   0.0 |  0.00
Neigh   | 0          | 0          | 0          |   0.0 |  0.00
Comm    | 0          | 0          | 0          |   0.0 |  0.00
Output  | 0          | 0          | 0          |   0.0 |  0.00
Modify  | 0          | 0          | 0          |   0.0 |  0.00
Other   |            | 1.02e-06   |            |       |100.00

Nlocal:            216 ave         216 max         216 min
Histogram: 1 0 0 0 0 0 0 0 0 0
Nghost:            864 ave         864 max         864 min
Histogram: 1 0 0 0 0 0 0 0 0 0
Neighs:              0 ave           0 max           0 min
Histogram: 1 0 0 0 0 0 0 0 0 0
FullNghs:         7368 ave        7368 max        7368 min
Histogram: 1 0 0 0 0 0 0 0 0 0

Total # of neighbors = 7368
Ave neighs/atom = 34.111111
Neighbor list builds = 0
Dangerous builds = 0
next i
jump SELF loop_struct
clear
  using 1 OpenMP thread(s) per MPI task
log energies.log append
units metal
boundary p p p
atom_style atomic
read_data Si333_${i}.in
read_data Si333_206.in
Reading data file ...
  orthogonal box = (0 0 0) to (16.331106 16.331106 16.331106)
  1 by 1 by 1 MPI processor grid
  reading atoms ...
  216 atoms
  reading velocities ...
  216 velocities
  read_data CPU = 0.001 seconds
mass 1 28.085
pair_style sw
pair_coeff * * Si.sw Si
Reading sw potential file Si.sw with DATE: 2007-06-11
run 0
Neighbor list info ...
  update: every = 1 steps, delay = 0 steps, check = yes
  max neighbors/atom: 2000, page size: 100000
  master list distance cutoff = 5.77118
  ghost atom cutoff = 5.77118
  binsize = 2.88559, bins = 6 6 6
  1 neighbor lists, perpetual/occasional/extra = 1 0 0
  (1) pair sw, perpetual
      attributes: full, newton on
      pair build: full/bin/atomonly
      stencil: full/bin/3d
      bin: standard
Per MPI rank memory allocation (min/avg/max) = 3.083 | 3.083 | 3.083 Mbytes
   Step          Temp          E_pair         E_mol          TotEng         Press     
WARNING: Too many warnings: 206 vs 100. All future warnings will be suppressed (src/thermo.cpp:478)
         0   0             -291.89587      0             -291.89587      336215.73    
Loop time of 1.02e-06 on 1 procs for 0 steps with 216 atoms

0.0% CPU use with 1 MPI tasks x 1 OpenMP threads

MPI task timing breakdown:
Section |  min time  |  avg time  |  max time  |%varavg| %total
---------------------------------------------------------------
Pair    | 0          | 0          | 0          |   0.0 |  0.00
Neigh   | 0          | 0          | 0          |   0.0 |  0.00
Comm    | 0          | 0          | 0          |   0.0 |  0.00
Output  | 0          | 0          | 0          |   0.0 |  0.00
Modify  | 0          | 0          | 0          |   0.0 |  0.00
Other   |            | 1.02e-06   |            |       |100.00

Nlocal:            216 ave         216 max         216 min
Histogram: 1 0 0 0 0 0 0 0 0 0
Nghost:            834 ave         834 max         834 min
Histogram: 1 0 0 0 0 0 0 0 0 0
Neighs:              0 ave           0 max           0 min
Histogram: 1 0 0 0 0 0 0 0 0 0
FullNghs:         7408 ave        7408 max        7408 min
Histogram: 1 0 0 0 0 0 0 0 0 0

Total # of neighbors = 7408
Ave neighs/atom = 34.296296
Neighbor list builds = 0
Dangerous builds = 0
next i
jump SELF loop_struct
clear
  using 1 OpenMP thread(s) per MPI task
log energies.log append
units metal
boundary p p p
atom_style atomic
read_data Si333_${i}.in
read_data Si333_207.in
Reading data file ...
  orthogonal box = (0 0 0) to (16.331106 16.331106 16.331106)
  1 by 1 by 1 MPI processor grid
  reading atoms ...
  216 atoms
  reading velocities ...
  216 velocities
  read_data CPU = 0.001 seconds
mass 1 28.085
pair_style sw
pair_coeff * * Si.sw Si
Reading sw potential file Si.sw with DATE: 2007-06-11
run 0
Neighbor list info ...
  update: every = 1 steps, delay = 0 steps, check = yes
  max neighbors/atom: 2000, page size: 100000
  master list distance cutoff = 5.77118
  ghost atom cutoff = 5.77118
  binsize = 2.88559, bins = 6 6 6
  1 neighbor lists, perpetual/occasional/extra = 1 0 0
  (1) pair sw, perpetual
      attributes: full, newton on
      pair build: full/bin/atomonly
      stencil: full/bin/3d
      bin: standard
Per MPI rank memory allocation (min/avg/max) = 3.093 | 3.093 | 3.093 Mbytes
   Step          Temp          E_pair         E_mol          TotEng         Press     
WARNING: Too many warnings: 207 vs 100. All future warnings will be suppressed (src/thermo.cpp:478)
         0   0             -933.3346       0             -933.3346      -6257.5991    
Loop time of 1.01e-06 on 1 procs for 0 steps with 216 atoms

0.0% CPU use with 1 MPI tasks x 1 OpenMP threads

MPI task timing breakdown:
Section |  min time  |  avg time  |  max time  |%varavg| %total
---------------------------------------------------------------
Pair    | 0          | 0          | 0          |   0.0 |  0.00
Neigh   | 0          | 0          | 0          |   0.0 |  0.00
Comm    | 0          | 0          | 0          |   0.0 |  0.00
Output  | 0          | 0          | 0          |   0.0 |  0.00
Modify  | 0          | 0          | 0          |   0.0 |  0.00
Other   |            | 1.01e-06   |            |       |100.00

Nlocal:            216 ave         216 max         216 min
Histogram: 1 0 0 0 0 0 0 0 0 0
Nghost:            950 ave         950 max         950 min
Histogram: 1 0 0 0 0 0 0 0 0 0
Neighs:              0 ave           0 max           0 min
Histogram: 1 0 0 0 0 0 0 0 0 0
FullNghs:         7344 ave        7344 max        7344 min
Histogram: 1 0 0 0 0 0 0 0 0 0

Total # of neighbors = 7344
Ave neighs/atom = 34
Neighbor list builds = 0
Dangerous builds = 0
next i
jump SELF loop_struct
clear
  using 1 OpenMP thread(s) per MPI task
log energies.log append
units metal
boundary p p p
atom_style atomic
read_data Si333_${i}.in
read_data Si333_208.in
Reading data file ...
  orthogonal box = (0 0 0) to (16.331106 16.331106 16.331106)
  1 by 1 by 1 MPI processor grid
  reading atoms ...
  216 atoms
  reading velocities ...
  216 velocities
  read_data CPU = 0.001 seconds
mass 1 28.085
pair_style sw
pair_coeff * * Si.sw Si
Reading sw potential file Si.sw with DATE: 2007-06-11
run 0
Neighbor list info ...
  update: every = 1 steps, delay = 0 steps, check = yes
  max neighbors/atom: 2000, page size: 100000
  master list distance cutoff = 5.77118
  ghost atom cutoff = 5.77118
  binsize = 2.88559, bins = 6 6 6
  1 neighbor lists, perpetual/occasional/extra = 1 0 0
  (1) pair sw, perpetual
      attributes: full, newton on
      pair build: full/bin/atomonly
      stencil: full/bin/3d
      bin: standard
Per MPI rank memory allocation (min/avg/max) = 3.087 | 3.087 | 3.087 Mbytes
   Step          Temp          E_pair         E_mol          TotEng         Press     
WARNING: Too many warnings: 208 vs 100. All future warnings will be suppressed (src/thermo.cpp:478)
         0   0             -932.81564      0             -932.81564     -5968.1536    
Loop time of 1.07e-06 on 1 procs for 0 steps with 216 atoms

93.5% CPU use with 1 MPI tasks x 1 OpenMP threads

MPI task timing breakdown:
Section |  min time  |  avg time  |  max time  |%varavg| %total
---------------------------------------------------------------
Pair    | 0          | 0          | 0          |   0.0 |  0.00
Neigh   | 0          | 0          | 0          |   0.0 |  0.00
Comm    | 0          | 0          | 0          |   0.0 |  0.00
Output  | 0          | 0          | 0          |   0.0 |  0.00
Modify  | 0          | 0          | 0          |   0.0 |  0.00
Other   |            | 1.07e-06   |            |       |100.00

Nlocal:            216 ave         216 max         216 min
Histogram: 1 0 0 0 0 0 0 0 0 0
Nghost:            889 ave         889 max         889 min
Histogram: 1 0 0 0 0 0 0 0 0 0
Neighs:              0 ave           0 max           0 min
Histogram: 1 0 0 0 0 0 0 0 0 0
FullNghs:         7344 ave        7344 max        7344 min
Histogram: 1 0 0 0 0 0 0 0 0 0

Total # of neighbors = 7344
Ave neighs/atom = 34
Neighbor list builds = 0
Dangerous builds = 0
next i
jump SELF loop_struct
clear
  using 1 OpenMP thread(s) per MPI task
log energies.log append
units metal
boundary p p p
atom_style atomic
read_data Si333_${i}.in
read_data Si333_209.in
Reading data file ...
  orthogonal box = (0 0 0) to (16.331106 16.331106 16.331106)
  1 by 1 by 1 MPI processor grid
  reading atoms ...
  216 atoms
  reading velocities ...
  216 velocities
  read_data CPU = 0.001 seconds
mass 1 28.085
pair_style sw
pair_coeff * * Si.sw Si
Reading sw potential file Si.sw with DATE: 2007-06-11
run 0
Neighbor list info ...
  update: every = 1 steps, delay = 0 steps, check = yes
  max neighbors/atom: 2000, page size: 100000
  master list distance cutoff = 5.77118
  ghost atom cutoff = 5.77118
  binsize = 2.88559, bins = 6 6 6
  1 neighbor lists, perpetual/occasional/extra = 1 0 0
  (1) pair sw, perpetual
      attributes: full, newton on
      pair build: full/bin/atomonly
      stencil: full/bin/3d
      bin: standard
Per MPI rank memory allocation (min/avg/max) = 3.092 | 3.092 | 3.092 Mbytes
   Step          Temp          E_pair         E_mol          TotEng         Press     
WARNING: Too many warnings: 209 vs 100. All future warnings will be suppressed (src/thermo.cpp:478)
         0   0             -933.37214      0             -933.37214     -6231.4331    
Loop time of 1.03e-06 on 1 procs for 0 steps with 216 atoms

97.1% CPU use with 1 MPI tasks x 1 OpenMP threads

MPI task timing breakdown:
Section |  min time  |  avg time  |  max time  |%varavg| %total
---------------------------------------------------------------
Pair    | 0          | 0          | 0          |   0.0 |  0.00
Neigh   | 0          | 0          | 0          |   0.0 |  0.00
Comm    | 0          | 0          | 0          |   0.0 |  0.00
Output  | 0          | 0          | 0          |   0.0 |  0.00
Modify  | 0          | 0          | 0          |   0.0 |  0.00
Other   |            | 1.03e-06   |            |       |100.00

Nlocal:            216 ave         216 max         216 min
Histogram: 1 0 0 0 0 0 0 0 0 0
Nghost:            939 ave         939 max         939 min
Histogram: 1 0 0 0 0 0 0 0 0 0
Neighs:              0 ave           0 max           0 min
Histogram: 1 0 0 0 0 0 0 0 0 0
FullNghs:         7344 ave        7344 max        7344 min
Histogram: 1 0 0 0 0 0 0 0 0 0

Total # of neighbors = 7344
Ave neighs/atom = 34
Neighbor list builds = 0
Dangerous builds = 0
next i
jump SELF loop_struct
clear
  using 1 OpenMP thread(s) per MPI task
log energies.log append
units metal
boundary p p p
atom_style atomic
read_data Si333_${i}.in
read_data Si333_210.in
Reading data file ...
  orthogonal box = (0 0 0) to (16.331106 16.331106 16.331106)
  1 by 1 by 1 MPI processor grid
  reading atoms ...
  216 atoms
  reading velocities ...
  216 velocities
  read_data CPU = 0.001 seconds
mass 1 28.085
pair_style sw
pair_coeff * * Si.sw Si
Reading sw potential file Si.sw with DATE: 2007-06-11
run 0
Neighbor list info ...
  update: every = 1 steps, delay = 0 steps, check = yes
  max neighbors/atom: 2000, page size: 100000
  master list distance cutoff = 5.77118
  ghost atom cutoff = 5.77118
  binsize = 2.88559, bins = 6 6 6
  1 neighbor lists, perpetual/occasional/extra = 1 0 0
  (1) pair sw, perpetual
      attributes: full, newton on
      pair build: full/bin/atomonly
      stencil: full/bin/3d
      bin: standard
Per MPI rank memory allocation (min/avg/max) = 3.088 | 3.088 | 3.088 Mbytes
   Step          Temp          E_pair         E_mol          TotEng         Press     
WARNING: Too many warnings: 210 vs 100. All future warnings will be suppressed (src/thermo.cpp:478)
         0   0             -481.04999      0             -481.04999      241023.11    
Loop time of 1.04e-06 on 1 procs for 0 steps with 216 atoms

96.2% CPU use with 1 MPI tasks x 1 OpenMP threads

MPI task timing breakdown:
Section |  min time  |  avg time  |  max time  |%varavg| %total
---------------------------------------------------------------
Pair    | 0          | 0          | 0          |   0.0 |  0.00
Neigh   | 0          | 0          | 0          |   0.0 |  0.00
Comm    | 0          | 0          | 0          |   0.0 |  0.00
Output  | 0          | 0          | 0          |   0.0 |  0.00
Modify  | 0          | 0          | 0          |   0.0 |  0.00
Other   |            | 1.04e-06   |            |       |100.00

Nlocal:            216 ave         216 max         216 min
Histogram: 1 0 0 0 0 0 0 0 0 0
Nghost:            868 ave         868 max         868 min
Histogram: 1 0 0 0 0 0 0 0 0 0
Neighs:              0 ave           0 max           0 min
Histogram: 1 0 0 0 0 0 0 0 0 0
FullNghs:         7426 ave        7426 max        7426 min
Histogram: 1 0 0 0 0 0 0 0 0 0

Total # of neighbors = 7426
Ave neighs/atom = 34.37963
Neighbor list builds = 0
Dangerous builds = 0
next i
jump SELF loop_struct
clear
  using 1 OpenMP thread(s) per MPI task
log energies.log append
units metal
boundary p p p
atom_style atomic
read_data Si333_${i}.in
read_data Si333_211.in
Reading data file ...
  orthogonal box = (0 0 0) to (16.331106 16.331106 16.331106)
  1 by 1 by 1 MPI processor grid
  reading atoms ...
  216 atoms
  reading velocities ...
  216 velocities
  read_data CPU = 0.001 seconds
mass 1 28.085
pair_style sw
pair_coeff * * Si.sw Si
Reading sw potential file Si.sw with DATE: 2007-06-11
run 0
Neighbor list info ...
  update: every = 1 steps, delay = 0 steps, check = yes
  max neighbors/atom: 2000, page size: 100000
  master list distance cutoff = 5.77118
  ghost atom cutoff = 5.77118
  binsize = 2.88559, bins = 6 6 6
  1 neighbor lists, perpetual/occasional/extra = 1 0 0
  (1) pair sw, perpetual
      attributes: full, newton on
      pair build: full/bin/atomonly
      stencil: full/bin/3d
      bin: standard
Per MPI rank memory allocation (min/avg/max) = 3.083 | 3.083 | 3.083 Mbytes
   Step          Temp          E_pair         E_mol          TotEng         Press     
WARNING: Too many warnings: 211 vs 100. All future warnings will be suppressed (src/thermo.cpp:478)
         0   0             -776.06698      0             -776.06698      79303.286    
Loop time of 1.01e-06 on 1 procs for 0 steps with 216 atoms

0.0% CPU use with 1 MPI tasks x 1 OpenMP threads

MPI task timing breakdown:
Section |  min time  |  avg time  |  max time  |%varavg| %total
---------------------------------------------------------------
Pair    | 0          | 0          | 0          |   0.0 |  0.00
Neigh   | 0          | 0          | 0          |   0.0 |  0.00
Comm    | 0          | 0          | 0          |   0.0 |  0.00
Output  | 0          | 0          | 0          |   0.0 |  0.00
Modify  | 0          | 0          | 0          |   0.0 |  0.00
Other   |            | 1.01e-06   |            |       |100.00

Nlocal:            216 ave         216 max         216 min
Histogram: 1 0 0 0 0 0 0 0 0 0
Nghost:            840 ave         840 max         840 min
Histogram: 1 0 0 0 0 0 0 0 0 0
Neighs:              0 ave           0 max           0 min
Histogram: 1 0 0 0 0 0 0 0 0 0
FullNghs:         7372 ave        7372 max        7372 min
Histogram: 1 0 0 0 0 0 0 0 0 0

Total # of neighbors = 7372
Ave neighs/atom = 34.12963
Neighbor list builds = 0
Dangerous builds = 0
next i
jump SELF loop_struct
clear
  using 1 OpenMP thread(s) per MPI task
log energies.log append
units metal
boundary p p p
atom_style atomic
read_data Si333_${i}.in
read_data Si333_212.in
Reading data file ...
  orthogonal box = (0 0 0) to (16.331106 16.331106 16.331106)
  1 by 1 by 1 MPI processor grid
  reading atoms ...
  216 atoms
  reading velocities ...
  216 velocities
  read_data CPU = 0.001 seconds
mass 1 28.085
pair_style sw
pair_coeff * * Si.sw Si
Reading sw potential file Si.sw with DATE: 2007-06-11
run 0
Neighbor list info ...
  update: every = 1 steps, delay = 0 steps, check = yes
  max neighbors/atom: 2000, page size: 100000
  master list distance cutoff = 5.77118
  ghost atom cutoff = 5.77118
  binsize = 2.88559, bins = 6 6 6
  1 neighbor lists, perpetual/occasional/extra = 1 0 0
  (1) pair sw, perpetual
      attributes: full, newton on
      pair build: full/bin/atomonly
      stencil: full/bin/3d
      bin: standard
Per MPI rank memory allocation (min/avg/max) = 3.086 | 3.086 | 3.086 Mbytes
   Step          Temp          E_pair         E_mol          TotEng         Press     
WARNING: Too many warnings: 212 vs 100. All future warnings will be suppressed (src/thermo.cpp:478)
         0   0             -933.33226      0             -933.33226     -6225.0196    
Loop time of 1.03e-06 on 1 procs for 0 steps with 216 atoms

0.0% CPU use with 1 MPI tasks x 1 OpenMP threads

MPI task timing breakdown:
Section |  min time  |  avg time  |  max time  |%varavg| %total
---------------------------------------------------------------
Pair    | 0          | 0          | 0          |   0.0 |  0.00
Neigh   | 0          | 0          | 0          |   0.0 |  0.00
Comm    | 0          | 0          | 0          |   0.0 |  0.00
Output  | 0          | 0          | 0          |   0.0 |  0.00
Modify  | 0          | 0          | 0          |   0.0 |  0.00
Other   |            | 1.03e-06   |            |       |100.00

Nlocal:            216 ave         216 max         216 min
Histogram: 1 0 0 0 0 0 0 0 0 0
Nghost:            884 ave         884 max         884 min
Histogram: 1 0 0 0 0 0 0 0 0 0
Neighs:              0 ave           0 max           0 min
Histogram: 1 0 0 0 0 0 0 0 0 0
FullNghs:         7344 ave        7344 max        7344 min
Histogram: 1 0 0 0 0 0 0 0 0 0

Total # of neighbors = 7344
Ave neighs/atom = 34
Neighbor list builds = 0
Dangerous builds = 0
next i
jump SELF loop_struct
clear
  using 1 OpenMP thread(s) per MPI task
log energies.log append
units metal
boundary p p p
atom_style atomic
read_data Si333_${i}.in
read_data Si333_213.in
Reading data file ...
  orthogonal box = (0 0 0) to (16.331106 16.331106 16.331106)
  1 by 1 by 1 MPI processor grid
  reading atoms ...
  216 atoms
  reading velocities ...
  216 velocities
  read_data CPU = 0.001 seconds
mass 1 28.085
pair_style sw
pair_coeff * * Si.sw Si
Reading sw potential file Si.sw with DATE: 2007-06-11
run 0
Neighbor list info ...
  update: every = 1 steps, delay = 0 steps, check = yes
  max neighbors/atom: 2000, page size: 100000
  master list distance cutoff = 5.77118
  ghost atom cutoff = 5.77118
  binsize = 2.88559, bins = 6 6 6
  1 neighbor lists, perpetual/occasional/extra = 1 0 0
  (1) pair sw, perpetual
      attributes: full, newton on
      pair build: full/bin/atomonly
      stencil: full/bin/3d
      bin: standard
Per MPI rank memory allocation (min/avg/max) = 3.088 | 3.088 | 3.088 Mbytes
   Step          Temp          E_pair         E_mol          TotEng         Press     
WARNING: Too many warnings: 213 vs 100. All future warnings will be suppressed (src/thermo.cpp:478)
         0   0             -699.81253      0             -699.81253      123258.53    
Loop time of 1.01e-06 on 1 procs for 0 steps with 216 atoms

99.0% CPU use with 1 MPI tasks x 1 OpenMP threads

MPI task timing breakdown:
Section |  min time  |  avg time  |  max time  |%varavg| %total
---------------------------------------------------------------
Pair    | 0          | 0          | 0          |   0.0 |  0.00
Neigh   | 0          | 0          | 0          |   0.0 |  0.00
Comm    | 0          | 0          | 0          |   0.0 |  0.00
Output  | 0          | 0          | 0          |   0.0 |  0.00
Modify  | 0          | 0          | 0          |   0.0 |  0.00
Other   |            | 1.01e-06   |            |       |100.00

Nlocal:            216 ave         216 max         216 min
Histogram: 1 0 0 0 0 0 0 0 0 0
Nghost:            929 ave         929 max         929 min
Histogram: 1 0 0 0 0 0 0 0 0 0
Neighs:              0 ave           0 max           0 min
Histogram: 1 0 0 0 0 0 0 0 0 0
FullNghs:         7402 ave        7402 max        7402 min
Histogram: 1 0 0 0 0 0 0 0 0 0

Total # of neighbors = 7402
Ave neighs/atom = 34.268519
Neighbor list builds = 0
Dangerous builds = 0
next i
jump SELF loop_struct
clear
  using 1 OpenMP thread(s) per MPI task
log energies.log append
units metal
boundary p p p
atom_style atomic
read_data Si333_${i}.in
read_data Si333_214.in
Reading data file ...
  orthogonal box = (0 0 0) to (16.331106 16.331106 16.331106)
  1 by 1 by 1 MPI processor grid
  reading atoms ...
  216 atoms
  reading velocities ...
  216 velocities
  read_data CPU = 0.001 seconds
mass 1 28.085
pair_style sw
pair_coeff * * Si.sw Si
Reading sw potential file Si.sw with DATE: 2007-06-11
run 0
Neighbor list info ...
  update: every = 1 steps, delay = 0 steps, check = yes
  max neighbors/atom: 2000, page size: 100000
  master list distance cutoff = 5.77118
  ghost atom cutoff = 5.77118
  binsize = 2.88559, bins = 6 6 6
  1 neighbor lists, perpetual/occasional/extra = 1 0 0
  (1) pair sw, perpetual
      attributes: full, newton on
      pair build: full/bin/atomonly
      stencil: full/bin/3d
      bin: standard
Per MPI rank memory allocation (min/avg/max) = 3.09 | 3.09 | 3.09 Mbytes
   Step          Temp          E_pair         E_mol          TotEng         Press     
WARNING: Too many warnings: 214 vs 100. All future warnings will be suppressed (src/thermo.cpp:478)
         0   0             -622.52191      0             -622.52191      163458.67    
Loop time of 1.03e-06 on 1 procs for 0 steps with 216 atoms

0.0% CPU use with 1 MPI tasks x 1 OpenMP threads

MPI task timing breakdown:
Section |  min time  |  avg time  |  max time  |%varavg| %total
---------------------------------------------------------------
Pair    | 0          | 0          | 0          |   0.0 |  0.00
Neigh   | 0          | 0          | 0          |   0.0 |  0.00
Comm    | 0          | 0          | 0          |   0.0 |  0.00
Output  | 0          | 0          | 0          |   0.0 |  0.00
Modify  | 0          | 0          | 0          |   0.0 |  0.00
Other   |            | 1.03e-06   |            |       |100.00

Nlocal:            216 ave         216 max         216 min
Histogram: 1 0 0 0 0 0 0 0 0 0
Nghost:            888 ave         888 max         888 min
Histogram: 1 0 0 0 0 0 0 0 0 0
Neighs:              0 ave           0 max           0 min
Histogram: 1 0 0 0 0 0 0 0 0 0
FullNghs:         7386 ave        7386 max        7386 min
Histogram: 1 0 0 0 0 0 0 0 0 0

Total # of neighbors = 7386
Ave neighs/atom = 34.194444
Neighbor list builds = 0
Dangerous builds = 0
next i
jump SELF loop_struct
clear
  using 1 OpenMP thread(s) per MPI task
log energies.log append
units metal
boundary p p p
atom_style atomic
read_data Si333_${i}.in
read_data Si333_215.in
Reading data file ...
  orthogonal box = (0 0 0) to (16.331106 16.331106 16.331106)
  1 by 1 by 1 MPI processor grid
  reading atoms ...
  216 atoms
  reading velocities ...
  216 velocities
  read_data CPU = 0.001 seconds
mass 1 28.085
pair_style sw
pair_coeff * * Si.sw Si
Reading sw potential file Si.sw with DATE: 2007-06-11
run 0
Neighbor list info ...
  update: every = 1 steps, delay = 0 steps, check = yes
  max neighbors/atom: 2000, page size: 100000
  master list distance cutoff = 5.77118
  ghost atom cutoff = 5.77118
  binsize = 2.88559, bins = 6 6 6
  1 neighbor lists, perpetual/occasional/extra = 1 0 0
  (1) pair sw, perpetual
      attributes: full, newton on
      pair build: full/bin/atomonly
      stencil: full/bin/3d
      bin: standard
Per MPI rank memory allocation (min/avg/max) = 3.085 | 3.085 | 3.085 Mbytes
   Step          Temp          E_pair         E_mol          TotEng         Press     
WARNING: Too many warnings: 215 vs 100. All future warnings will be suppressed (src/thermo.cpp:478)
         0   0             -410.26502      0             -410.26502      273063.54    
Loop time of 1.05e-06 on 1 procs for 0 steps with 216 atoms

95.2% CPU use with 1 MPI tasks x 1 OpenMP threads

MPI task timing breakdown:
Section |  min time  |  avg time  |  max time  |%varavg| %total
---------------------------------------------------------------
Pair    | 0          | 0          | 0          |   0.0 |  0.00
Neigh   | 0          | 0          | 0          |   0.0 |  0.00
Comm    | 0          | 0          | 0          |   0.0 |  0.00
Output  | 0          | 0          | 0          |   0.0 |  0.00
Modify  | 0          | 0          | 0          |   0.0 |  0.00
Other   |            | 1.05e-06   |            |       |100.00

Nlocal:            216 ave         216 max         216 min
Histogram: 1 0 0 0 0 0 0 0 0 0
Nghost:            883 ave         883 max         883 min
Histogram: 1 0 0 0 0 0 0 0 0 0
Neighs:              0 ave           0 max           0 min
Histogram: 1 0 0 0 0 0 0 0 0 0
FullNghs:         7412 ave        7412 max        7412 min
Histogram: 1 0 0 0 0 0 0 0 0 0

Total # of neighbors = 7412
Ave neighs/atom = 34.314815
Neighbor list builds = 0
Dangerous builds = 0
next i
jump SELF loop_struct
clear
  using 1 OpenMP thread(s) per MPI task
log energies.log append
units metal
boundary p p p
atom_style atomic
read_data Si333_${i}.in
read_data Si333_216.in
Reading data file ...
  orthogonal box = (0 0 0) to (16.331106 16.331106 16.331106)
  1 by 1 by 1 MPI processor grid
  reading atoms ...
  216 atoms
  reading velocities ...
  216 velocities
  read_data CPU = 0.001 seconds
mass 1 28.085
pair_style sw
pair_coeff * * Si.sw Si
Reading sw potential file Si.sw with DATE: 2007-06-11
run 0
Neighbor list info ...
  update: every = 1 steps, delay = 0 steps, check = yes
  max neighbors/atom: 2000, page size: 100000
  master list distance cutoff = 5.77118
  ghost atom cutoff = 5.77118
  binsize = 2.88559, bins = 6 6 6
  1 neighbor lists, perpetual/occasional/extra = 1 0 0
  (1) pair sw, perpetual
      attributes: full, newton on
      pair build: full/bin/atomonly
      stencil: full/bin/3d
      bin: standard
Per MPI rank memory allocation (min/avg/max) = 3.083 | 3.083 | 3.083 Mbytes
   Step          Temp          E_pair         E_mol          TotEng         Press     
WARNING: Too many warnings: 216 vs 100. All future warnings will be suppressed (src/thermo.cpp:478)
         0   0             -573.68439      0             -573.68439      187704.4     
Loop time of 1.03e-06 on 1 procs for 0 steps with 216 atoms

0.0% CPU use with 1 MPI tasks x 1 OpenMP threads

MPI task timing breakdown:
Section |  min time  |  avg time  |  max time  |%varavg| %total
---------------------------------------------------------------
Pair    | 0          | 0          | 0          |   0.0 |  0.00
Neigh   | 0          | 0          | 0          |   0.0 |  0.00
Comm    | 0          | 0          | 0          |   0.0 |  0.00
Output  | 0          | 0          | 0          |   0.0 |  0.00
Modify  | 0          | 0          | 0          |   0.0 |  0.00
Other   |            | 1.03e-06   |            |       |100.00

Nlocal:            216 ave         216 max         216 min
Histogram: 1 0 0 0 0 0 0 0 0 0
Nghost:            844 ave         844 max         844 min
Histogram: 1 0 0 0 0 0 0 0 0 0
Neighs:              0 ave           0 max           0 min
Histogram: 1 0 0 0 0 0 0 0 0 0
FullNghs:         7400 ave        7400 max        7400 min
Histogram: 1 0 0 0 0 0 0 0 0 0

Total # of neighbors = 7400
Ave neighs/atom = 34.259259
Neighbor list builds = 0
Dangerous builds = 0
next i
jump SELF loop_struct
clear
  using 1 OpenMP thread(s) per MPI task
log energies.log append
units metal
boundary p p p
atom_style atomic
read_data Si333_${i}.in
read_data Si333_217.in
Reading data file ...
  orthogonal box = (0 0 0) to (16.331106 16.331106 16.331106)
  1 by 1 by 1 MPI processor grid
  reading atoms ...
  216 atoms
  reading velocities ...
  216 velocities
  read_data CPU = 0.001 seconds
mass 1 28.085
pair_style sw
pair_coeff * * Si.sw Si
Reading sw potential file Si.sw with DATE: 2007-06-11
run 0
Neighbor list info ...
  update: every = 1 steps, delay = 0 steps, check = yes
  max neighbors/atom: 2000, page size: 100000
  master list distance cutoff = 5.77118
  ghost atom cutoff = 5.77118
  binsize = 2.88559, bins = 6 6 6
  1 neighbor lists, perpetual/occasional/extra = 1 0 0
  (1) pair sw, perpetual
      attributes: full, newton on
      pair build: full/bin/atomonly
      stencil: full/bin/3d
      bin: standard
Per MPI rank memory allocation (min/avg/max) = 3.083 | 3.083 | 3.083 Mbytes
   Step          Temp          E_pair         E_mol          TotEng         Press     
WARNING: Too many warnings: 217 vs 100. All future warnings will be suppressed (src/thermo.cpp:478)
         0   0             -933.18818      0             -933.18818     -6162.0917    
Loop time of 1.22e-06 on 1 procs for 0 steps with 216 atoms

82.0% CPU use with 1 MPI tasks x 1 OpenMP threads

MPI task timing breakdown:
Section |  min time  |  avg time  |  max time  |%varavg| %total
---------------------------------------------------------------
Pair    | 0          | 0          | 0          |   0.0 |  0.00
Neigh   | 0          | 0          | 0          |   0.0 |  0.00
Comm    | 0          | 0          | 0          |   0.0 |  0.00
Output  | 0          | 0          | 0          |   0.0 |  0.00
Modify  | 0          | 0          | 0          |   0.0 |  0.00
Other   |            | 1.22e-06   |            |       |100.00

Nlocal:            216 ave         216 max         216 min
Histogram: 1 0 0 0 0 0 0 0 0 0
Nghost:            834 ave         834 max         834 min
Histogram: 1 0 0 0 0 0 0 0 0 0
Neighs:              0 ave           0 max           0 min
Histogram: 1 0 0 0 0 0 0 0 0 0
FullNghs:         7344 ave        7344 max        7344 min
Histogram: 1 0 0 0 0 0 0 0 0 0

Total # of neighbors = 7344
Ave neighs/atom = 34
Neighbor list builds = 0
Dangerous builds = 0
next i
jump SELF loop_struct
clear
  using 1 OpenMP thread(s) per MPI task
log energies.log append
units metal
boundary p p p
atom_style atomic
read_data Si333_${i}.in
read_data Si333_218.in
Reading data file ...
  orthogonal box = (0 0 0) to (16.331106 16.331106 16.331106)
  1 by 1 by 1 MPI processor grid
  reading atoms ...
  216 atoms
  reading velocities ...
  216 velocities
  read_data CPU = 0.001 seconds
mass 1 28.085
pair_style sw
pair_coeff * * Si.sw Si
Reading sw potential file Si.sw with DATE: 2007-06-11
run 0
Neighbor list info ...
  update: every = 1 steps, delay = 0 steps, check = yes
  max neighbors/atom: 2000, page size: 100000
  master list distance cutoff = 5.77118
  ghost atom cutoff = 5.77118
  binsize = 2.88559, bins = 6 6 6
  1 neighbor lists, perpetual/occasional/extra = 1 0 0
  (1) pair sw, perpetual
      attributes: full, newton on
      pair build: full/bin/atomonly
      stencil: full/bin/3d
      bin: standard
Per MPI rank memory allocation (min/avg/max) = 3.083 | 3.083 | 3.083 Mbytes
   Step          Temp          E_pair         E_mol          TotEng         Press     
WARNING: Too many warnings: 218 vs 100. All future warnings will be suppressed (src/thermo.cpp:478)
         0   0             -933.72268      0             -933.72268     -6313.8274    
Loop time of 1.01e-06 on 1 procs for 0 steps with 216 atoms

0.0% CPU use with 1 MPI tasks x 1 OpenMP threads

MPI task timing breakdown:
Section |  min time  |  avg time  |  max time  |%varavg| %total
---------------------------------------------------------------
Pair    | 0          | 0          | 0          |   0.0 |  0.00
Neigh   | 0          | 0          | 0          |   0.0 |  0.00
Comm    | 0          | 0          | 0          |   0.0 |  0.00
Output  | 0          | 0          | 0          |   0.0 |  0.00
Modify  | 0          | 0          | 0          |   0.0 |  0.00
Other   |            | 1.01e-06   |            |       |100.00

Nlocal:            216 ave         216 max         216 min
Histogram: 1 0 0 0 0 0 0 0 0 0
Nghost:            834 ave         834 max         834 min
Histogram: 1 0 0 0 0 0 0 0 0 0
Neighs:              0 ave           0 max           0 min
Histogram: 1 0 0 0 0 0 0 0 0 0
FullNghs:         7344 ave        7344 max        7344 min
Histogram: 1 0 0 0 0 0 0 0 0 0

Total # of neighbors = 7344
Ave neighs/atom = 34
Neighbor list builds = 0
Dangerous builds = 0
next i
jump SELF loop_struct
clear
  using 1 OpenMP thread(s) per MPI task
log energies.log append
units metal
boundary p p p
atom_style atomic
read_data Si333_${i}.in
read_data Si333_219.in
Reading data file ...
  orthogonal box = (0 0 0) to (16.331106 16.331106 16.331106)
  1 by 1 by 1 MPI processor grid
  reading atoms ...
  216 atoms
  reading velocities ...
  216 velocities
  read_data CPU = 0.001 seconds
mass 1 28.085
pair_style sw
pair_coeff * * Si.sw Si
Reading sw potential file Si.sw with DATE: 2007-06-11
run 0
Neighbor list info ...
  update: every = 1 steps, delay = 0 steps, check = yes
  max neighbors/atom: 2000, page size: 100000
  master list distance cutoff = 5.77118
  ghost atom cutoff = 5.77118
  binsize = 2.88559, bins = 6 6 6
  1 neighbor lists, perpetual/occasional/extra = 1 0 0
  (1) pair sw, perpetual
      attributes: full, newton on
      pair build: full/bin/atomonly
      stencil: full/bin/3d
      bin: standard
Per MPI rank memory allocation (min/avg/max) = 3.082 | 3.082 | 3.082 Mbytes
   Step          Temp          E_pair         E_mol          TotEng         Press     
WARNING: Too many warnings: 219 vs 100. All future warnings will be suppressed (src/thermo.cpp:478)
         0   0             -587.2537       0             -587.2537       185294.11    
Loop time of 1.03e-06 on 1 procs for 0 steps with 216 atoms

97.1% CPU use with 1 MPI tasks x 1 OpenMP threads

MPI task timing breakdown:
Section |  min time  |  avg time  |  max time  |%varavg| %total
---------------------------------------------------------------
Pair    | 0          | 0          | 0          |   0.0 |  0.00
Neigh   | 0          | 0          | 0          |   0.0 |  0.00
Comm    | 0          | 0          | 0          |   0.0 |  0.00
Output  | 0          | 0          | 0          |   0.0 |  0.00
Modify  | 0          | 0          | 0          |   0.0 |  0.00
Other   |            | 1.03e-06   |            |       |100.00

Nlocal:            216 ave         216 max         216 min
Histogram: 1 0 0 0 0 0 0 0 0 0
Nghost:            826 ave         826 max         826 min
Histogram: 1 0 0 0 0 0 0 0 0 0
Neighs:              0 ave           0 max           0 min
Histogram: 1 0 0 0 0 0 0 0 0 0
FullNghs:         7418 ave        7418 max        7418 min
Histogram: 1 0 0 0 0 0 0 0 0 0

Total # of neighbors = 7418
Ave neighs/atom = 34.342593
Neighbor list builds = 0
Dangerous builds = 0
next i
jump SELF loop_struct
clear
  using 1 OpenMP thread(s) per MPI task
log energies.log append
units metal
boundary p p p
atom_style atomic
read_data Si333_${i}.in
read_data Si333_220.in
Reading data file ...
  orthogonal box = (0 0 0) to (16.331106 16.331106 16.331106)
  1 by 1 by 1 MPI processor grid
  reading atoms ...
  216 atoms
  reading velocities ...
  216 velocities
  read_data CPU = 0.001 seconds
mass 1 28.085
pair_style sw
pair_coeff * * Si.sw Si
Reading sw potential file Si.sw with DATE: 2007-06-11
run 0
Neighbor list info ...
  update: every = 1 steps, delay = 0 steps, check = yes
  max neighbors/atom: 2000, page size: 100000
  master list distance cutoff = 5.77118
  ghost atom cutoff = 5.77118
  binsize = 2.88559, bins = 6 6 6
  1 neighbor lists, perpetual/occasional/extra = 1 0 0
  (1) pair sw, perpetual
      attributes: full, newton on
      pair build: full/bin/atomonly
      stencil: full/bin/3d
      bin: standard
Per MPI rank memory allocation (min/avg/max) = 3.086 | 3.086 | 3.086 Mbytes
   Step          Temp          E_pair         E_mol          TotEng         Press     
WARNING: Too many warnings: 220 vs 100. All future warnings will be suppressed (src/thermo.cpp:478)
         0   0             -436.0719       0             -436.0719       257816.58    
Loop time of 1.03e-06 on 1 procs for 0 steps with 216 atoms

194.2% CPU use with 1 MPI tasks x 1 OpenMP threads

MPI task timing breakdown:
Section |  min time  |  avg time  |  max time  |%varavg| %total
---------------------------------------------------------------
Pair    | 0          | 0          | 0          |   0.0 |  0.00
Neigh   | 0          | 0          | 0          |   0.0 |  0.00
Comm    | 0          | 0          | 0          |   0.0 |  0.00
Output  | 0          | 0          | 0          |   0.0 |  0.00
Modify  | 0          | 0          | 0          |   0.0 |  0.00
Other   |            | 1.03e-06   |            |       |100.00

Nlocal:            216 ave         216 max         216 min
Histogram: 1 0 0 0 0 0 0 0 0 0
Nghost:            861 ave         861 max         861 min
Histogram: 1 0 0 0 0 0 0 0 0 0
Neighs:              0 ave           0 max           0 min
Histogram: 1 0 0 0 0 0 0 0 0 0
FullNghs:         7380 ave        7380 max        7380 min
Histogram: 1 0 0 0 0 0 0 0 0 0

Total # of neighbors = 7380
Ave neighs/atom = 34.166667
Neighbor list builds = 0
Dangerous builds = 0
next i
jump SELF loop_struct
clear
  using 1 OpenMP thread(s) per MPI task
log energies.log append
units metal
boundary p p p
atom_style atomic
read_data Si333_${i}.in
read_data Si333_221.in
Reading data file ...
  orthogonal box = (0 0 0) to (16.331106 16.331106 16.331106)
  1 by 1 by 1 MPI processor grid
  reading atoms ...
  216 atoms
  reading velocities ...
  216 velocities
  read_data CPU = 0.001 seconds
mass 1 28.085
pair_style sw
pair_coeff * * Si.sw Si
Reading sw potential file Si.sw with DATE: 2007-06-11
run 0
Neighbor list info ...
  update: every = 1 steps, delay = 0 steps, check = yes
  max neighbors/atom: 2000, page size: 100000
  master list distance cutoff = 5.77118
  ghost atom cutoff = 5.77118
  binsize = 2.88559, bins = 6 6 6
  1 neighbor lists, perpetual/occasional/extra = 1 0 0
  (1) pair sw, perpetual
      attributes: full, newton on
      pair build: full/bin/atomonly
      stencil: full/bin/3d
      bin: standard
Per MPI rank memory allocation (min/avg/max) = 3.087 | 3.087 | 3.087 Mbytes
   Step          Temp          E_pair         E_mol          TotEng         Press     
WARNING: Too many warnings: 221 vs 100. All future warnings will be suppressed (src/thermo.cpp:478)
         0   0             -933.2275       0             -933.2275      -6235.2377    
Loop time of 1.02e-06 on 1 procs for 0 steps with 216 atoms

98.0% CPU use with 1 MPI tasks x 1 OpenMP threads

MPI task timing breakdown:
Section |  min time  |  avg time  |  max time  |%varavg| %total
---------------------------------------------------------------
Pair    | 0          | 0          | 0          |   0.0 |  0.00
Neigh   | 0          | 0          | 0          |   0.0 |  0.00
Comm    | 0          | 0          | 0          |   0.0 |  0.00
Output  | 0          | 0          | 0          |   0.0 |  0.00
Modify  | 0          | 0          | 0          |   0.0 |  0.00
Other   |            | 1.02e-06   |            |       |100.00

Nlocal:            216 ave         216 max         216 min
Histogram: 1 0 0 0 0 0 0 0 0 0
Nghost:            889 ave         889 max         889 min
Histogram: 1 0 0 0 0 0 0 0 0 0
Neighs:              0 ave           0 max           0 min
Histogram: 1 0 0 0 0 0 0 0 0 0
FullNghs:         7346 ave        7346 max        7346 min
Histogram: 1 0 0 0 0 0 0 0 0 0

Total # of neighbors = 7346
Ave neighs/atom = 34.009259
Neighbor list builds = 0
Dangerous builds = 0
next i
jump SELF loop_struct
clear
  using 1 OpenMP thread(s) per MPI task
log energies.log append
units metal
boundary p p p
atom_style atomic
read_data Si333_${i}.in
read_data Si333_222.in
Reading data file ...
  orthogonal box = (0 0 0) to (16.331106 16.331106 16.331106)
  1 by 1 by 1 MPI processor grid
  reading atoms ...
  216 atoms
  reading velocities ...
  216 velocities
  read_data CPU = 0.001 seconds
mass 1 28.085
pair_style sw
pair_coeff * * Si.sw Si
Reading sw potential file Si.sw with DATE: 2007-06-11
run 0
Neighbor list info ...
  update: every = 1 steps, delay = 0 steps, check = yes
  max neighbors/atom: 2000, page size: 100000
  master list distance cutoff = 5.77118
  ghost atom cutoff = 5.77118
  binsize = 2.88559, bins = 6 6 6
  1 neighbor lists, perpetual/occasional/extra = 1 0 0
  (1) pair sw, perpetual
      attributes: full, newton on
      pair build: full/bin/atomonly
      stencil: full/bin/3d
      bin: standard
Per MPI rank memory allocation (min/avg/max) = 3.083 | 3.083 | 3.083 Mbytes
   Step          Temp          E_pair         E_mol          TotEng         Press     
WARNING: Too many warnings: 222 vs 100. All future warnings will be suppressed (src/thermo.cpp:478)
         0   0             -494.36088      0             -494.36088      228033.51    
Loop time of 1e-06 on 1 procs for 0 steps with 216 atoms

0.0% CPU use with 1 MPI tasks x 1 OpenMP threads

MPI task timing breakdown:
Section |  min time  |  avg time  |  max time  |%varavg| %total
---------------------------------------------------------------
Pair    | 0          | 0          | 0          |   0.0 |  0.00
Neigh   | 0          | 0          | 0          |   0.0 |  0.00
Comm    | 0          | 0          | 0          |   0.0 |  0.00
Output  | 0          | 0          | 0          |   0.0 |  0.00
Modify  | 0          | 0          | 0          |   0.0 |  0.00
Other   |            | 1e-06      |            |       |100.00

Nlocal:            216 ave         216 max         216 min
Histogram: 1 0 0 0 0 0 0 0 0 0
Nghost:            833 ave         833 max         833 min
Histogram: 1 0 0 0 0 0 0 0 0 0
Neighs:              0 ave           0 max           0 min
Histogram: 1 0 0 0 0 0 0 0 0 0
FullNghs:         7390 ave        7390 max        7390 min
Histogram: 1 0 0 0 0 0 0 0 0 0

Total # of neighbors = 7390
Ave neighs/atom = 34.212963
Neighbor list builds = 0
Dangerous builds = 0
next i
jump SELF loop_struct
clear
  using 1 OpenMP thread(s) per MPI task
log energies.log append
units metal
boundary p p p
atom_style atomic
read_data Si333_${i}.in
read_data Si333_223.in
Reading data file ...
  orthogonal box = (0 0 0) to (16.331106 16.331106 16.331106)
  1 by 1 by 1 MPI processor grid
  reading atoms ...
  216 atoms
  reading velocities ...
  216 velocities
  read_data CPU = 0.001 seconds
mass 1 28.085
pair_style sw
pair_coeff * * Si.sw Si
Reading sw potential file Si.sw with DATE: 2007-06-11
run 0
Neighbor list info ...
  update: every = 1 steps, delay = 0 steps, check = yes
  max neighbors/atom: 2000, page size: 100000
  master list distance cutoff = 5.77118
  ghost atom cutoff = 5.77118
  binsize = 2.88559, bins = 6 6 6
  1 neighbor lists, perpetual/occasional/extra = 1 0 0
  (1) pair sw, perpetual
      attributes: full, newton on
      pair build: full/bin/atomonly
      stencil: full/bin/3d
      bin: standard
Per MPI rank memory allocation (min/avg/max) = 3.081 | 3.081 | 3.081 Mbytes
   Step          Temp          E_pair         E_mol          TotEng         Press     
WARNING: Too many warnings: 223 vs 100. All future warnings will be suppressed (src/thermo.cpp:478)
         0   0             -579.52279      0             -579.52279      183263.56    
Loop time of 9.9e-07 on 1 procs for 0 steps with 216 atoms

101.0% CPU use with 1 MPI tasks x 1 OpenMP threads

MPI task timing breakdown:
Section |  min time  |  avg time  |  max time  |%varavg| %total
---------------------------------------------------------------
Pair    | 0          | 0          | 0          |   0.0 |  0.00
Neigh   | 0          | 0          | 0          |   0.0 |  0.00
Comm    | 0          | 0          | 0          |   0.0 |  0.00
Output  | 0          | 0          | 0          |   0.0 |  0.00
Modify  | 0          | 0          | 0          |   0.0 |  0.00
Other   |            | 9.9e-07    |            |       |100.00

Nlocal:            216 ave         216 max         216 min
Histogram: 1 0 0 0 0 0 0 0 0 0
Nghost:            786 ave         786 max         786 min
Histogram: 1 0 0 0 0 0 0 0 0 0
Neighs:              0 ave           0 max           0 min
Histogram: 1 0 0 0 0 0 0 0 0 0
FullNghs:         7416 ave        7416 max        7416 min
Histogram: 1 0 0 0 0 0 0 0 0 0

Total # of neighbors = 7416
Ave neighs/atom = 34.333333
Neighbor list builds = 0
Dangerous builds = 0
next i
jump SELF loop_struct
clear
  using 1 OpenMP thread(s) per MPI task
log energies.log append
units metal
boundary p p p
atom_style atomic
read_data Si333_${i}.in
read_data Si333_224.in
Reading data file ...
  orthogonal box = (0 0 0) to (16.331106 16.331106 16.331106)
  1 by 1 by 1 MPI processor grid
  reading atoms ...
  216 atoms
  reading velocities ...
  216 velocities
  read_data CPU = 0.001 seconds
mass 1 28.085
pair_style sw
pair_coeff * * Si.sw Si
Reading sw potential file Si.sw with DATE: 2007-06-11
run 0
Neighbor list info ...
  update: every = 1 steps, delay = 0 steps, check = yes
  max neighbors/atom: 2000, page size: 100000
  master list distance cutoff = 5.77118
  ghost atom cutoff = 5.77118
  binsize = 2.88559, bins = 6 6 6
  1 neighbor lists, perpetual/occasional/extra = 1 0 0
  (1) pair sw, perpetual
      attributes: full, newton on
      pair build: full/bin/atomonly
      stencil: full/bin/3d
      bin: standard
Per MPI rank memory allocation (min/avg/max) = 3.081 | 3.081 | 3.081 Mbytes
   Step          Temp          E_pair         E_mol          TotEng         Press     
WARNING: Too many warnings: 224 vs 100. All future warnings will be suppressed (src/thermo.cpp:478)
         0   0             -698.27836      0             -698.27836      118556.58    
Loop time of 1.01e-06 on 1 procs for 0 steps with 216 atoms

99.0% CPU use with 1 MPI tasks x 1 OpenMP threads

MPI task timing breakdown:
Section |  min time  |  avg time  |  max time  |%varavg| %total
---------------------------------------------------------------
Pair    | 0          | 0          | 0          |   0.0 |  0.00
Neigh   | 0          | 0          | 0          |   0.0 |  0.00
Comm    | 0          | 0          | 0          |   0.0 |  0.00
Output  | 0          | 0          | 0          |   0.0 |  0.00
Modify  | 0          | 0          | 0          |   0.0 |  0.00
Other   |            | 1.01e-06   |            |       |100.00

Nlocal:            216 ave         216 max         216 min
Histogram: 1 0 0 0 0 0 0 0 0 0
Nghost:            786 ave         786 max         786 min
Histogram: 1 0 0 0 0 0 0 0 0 0
Neighs:              0 ave           0 max           0 min
Histogram: 1 0 0 0 0 0 0 0 0 0
FullNghs:         7370 ave        7370 max        7370 min
Histogram: 1 0 0 0 0 0 0 0 0 0

Total # of neighbors = 7370
Ave neighs/atom = 34.12037
Neighbor list builds = 0
Dangerous builds = 0
next i
jump SELF loop_struct
clear
  using 1 OpenMP thread(s) per MPI task
log energies.log append
units metal
boundary p p p
atom_style atomic
read_data Si333_${i}.in
read_data Si333_225.in
Reading data file ...
  orthogonal box = (0 0 0) to (16.331106 16.331106 16.331106)
  1 by 1 by 1 MPI processor grid
  reading atoms ...
  216 atoms
  reading velocities ...
  216 velocities
  read_data CPU = 0.001 seconds
mass 1 28.085
pair_style sw
pair_coeff * * Si.sw Si
Reading sw potential file Si.sw with DATE: 2007-06-11
run 0
Neighbor list info ...
  update: every = 1 steps, delay = 0 steps, check = yes
  max neighbors/atom: 2000, page size: 100000
  master list distance cutoff = 5.77118
  ghost atom cutoff = 5.77118
  binsize = 2.88559, bins = 6 6 6
  1 neighbor lists, perpetual/occasional/extra = 1 0 0
  (1) pair sw, perpetual
      attributes: full, newton on
      pair build: full/bin/atomonly
      stencil: full/bin/3d
      bin: standard
Per MPI rank memory allocation (min/avg/max) = 3.081 | 3.081 | 3.081 Mbytes
   Step          Temp          E_pair         E_mol          TotEng         Press     
WARNING: Too many warnings: 225 vs 100. All future warnings will be suppressed (src/thermo.cpp:478)
         0   0             -797.1557       0             -797.1557       68147.248    
Loop time of 1.2e-06 on 1 procs for 0 steps with 216 atoms

83.3% CPU use with 1 MPI tasks x 1 OpenMP threads

MPI task timing breakdown:
Section |  min time  |  avg time  |  max time  |%varavg| %total
---------------------------------------------------------------
Pair    | 0          | 0          | 0          |   0.0 |  0.00
Neigh   | 0          | 0          | 0          |   0.0 |  0.00
Comm    | 0          | 0          | 0          |   0.0 |  0.00
Output  | 0          | 0          | 0          |   0.0 |  0.00
Modify  | 0          | 0          | 0          |   0.0 |  0.00
Other   |            | 1.2e-06    |            |       |100.00

Nlocal:            216 ave         216 max         216 min
Histogram: 1 0 0 0 0 0 0 0 0 0
Nghost:            784 ave         784 max         784 min
Histogram: 1 0 0 0 0 0 0 0 0 0
Neighs:              0 ave           0 max           0 min
Histogram: 1 0 0 0 0 0 0 0 0 0
FullNghs:         7378 ave        7378 max        7378 min
Histogram: 1 0 0 0 0 0 0 0 0 0

Total # of neighbors = 7378
Ave neighs/atom = 34.157407
Neighbor list builds = 0
Dangerous builds = 0
next i
jump SELF loop_struct
clear
  using 1 OpenMP thread(s) per MPI task
log energies.log append
units metal
boundary p p p
atom_style atomic
read_data Si333_${i}.in
read_data Si333_226.in
Reading data file ...
  orthogonal box = (0 0 0) to (16.331106 16.331106 16.331106)
  1 by 1 by 1 MPI processor grid
  reading atoms ...
  216 atoms
  reading velocities ...
  216 velocities
  read_data CPU = 0.001 seconds
mass 1 28.085
pair_style sw
pair_coeff * * Si.sw Si
Reading sw potential file Si.sw with DATE: 2007-06-11
run 0
Neighbor list info ...
  update: every = 1 steps, delay = 0 steps, check = yes
  max neighbors/atom: 2000, page size: 100000
  master list distance cutoff = 5.77118
  ghost atom cutoff = 5.77118
  binsize = 2.88559, bins = 6 6 6
  1 neighbor lists, perpetual/occasional/extra = 1 0 0
  (1) pair sw, perpetual
      attributes: full, newton on
      pair build: full/bin/atomonly
      stencil: full/bin/3d
      bin: standard
Per MPI rank memory allocation (min/avg/max) = 3.087 | 3.087 | 3.087 Mbytes
   Step          Temp          E_pair         E_mol          TotEng         Press     
WARNING: Too many warnings: 226 vs 100. All future warnings will be suppressed (src/thermo.cpp:478)
         0   0             -179.33477      0             -179.33477      392724.25    
Loop time of 1.04e-06 on 1 procs for 0 steps with 216 atoms

0.0% CPU use with 1 MPI tasks x 1 OpenMP threads

MPI task timing breakdown:
Section |  min time  |  avg time  |  max time  |%varavg| %total
---------------------------------------------------------------
Pair    | 0          | 0          | 0          |   0.0 |  0.00
Neigh   | 0          | 0          | 0          |   0.0 |  0.00
Comm    | 0          | 0          | 0          |   0.0 |  0.00
Output  | 0          | 0          | 0          |   0.0 |  0.00
Modify  | 0          | 0          | 0          |   0.0 |  0.00
Other   |            | 1.04e-06   |            |       |100.00

Nlocal:            216 ave         216 max         216 min
Histogram: 1 0 0 0 0 0 0 0 0 0
Nghost:            832 ave         832 max         832 min
Histogram: 1 0 0 0 0 0 0 0 0 0
Neighs:              0 ave           0 max           0 min
Histogram: 1 0 0 0 0 0 0 0 0 0
FullNghs:         7428 ave        7428 max        7428 min
Histogram: 1 0 0 0 0 0 0 0 0 0

Total # of neighbors = 7428
Ave neighs/atom = 34.388889
Neighbor list builds = 0
Dangerous builds = 0
next i
jump SELF loop_struct
clear
  using 1 OpenMP thread(s) per MPI task
log energies.log append
units metal
boundary p p p
atom_style atomic
read_data Si333_${i}.in
read_data Si333_227.in
Reading data file ...
  orthogonal box = (0 0 0) to (16.331106 16.331106 16.331106)
  1 by 1 by 1 MPI processor grid
  reading atoms ...
  216 atoms
  reading velocities ...
  216 velocities
  read_data CPU = 0.001 seconds
mass 1 28.085
pair_style sw
pair_coeff * * Si.sw Si
Reading sw potential file Si.sw with DATE: 2007-06-11
run 0
Neighbor list info ...
  update: every = 1 steps, delay = 0 steps, check = yes
  max neighbors/atom: 2000, page size: 100000
  master list distance cutoff = 5.77118
  ghost atom cutoff = 5.77118
  binsize = 2.88559, bins = 6 6 6
  1 neighbor lists, perpetual/occasional/extra = 1 0 0
  (1) pair sw, perpetual
      attributes: full, newton on
      pair build: full/bin/atomonly
      stencil: full/bin/3d
      bin: standard
Per MPI rank memory allocation (min/avg/max) = 3.083 | 3.083 | 3.083 Mbytes
   Step          Temp          E_pair         E_mol          TotEng         Press     
WARNING: Too many warnings: 227 vs 100. All future warnings will be suppressed (src/thermo.cpp:478)
         0   0             -933.22589      0             -933.22589     -6175.1094    
Loop time of 1.02e-06 on 1 procs for 0 steps with 216 atoms

98.0% CPU use with 1 MPI tasks x 1 OpenMP threads

MPI task timing breakdown:
Section |  min time  |  avg time  |  max time  |%varavg| %total
---------------------------------------------------------------
Pair    | 0          | 0          | 0          |   0.0 |  0.00
Neigh   | 0          | 0          | 0          |   0.0 |  0.00
Comm    | 0          | 0          | 0          |   0.0 |  0.00
Output  | 0          | 0          | 0          |   0.0 |  0.00
Modify  | 0          | 0          | 0          |   0.0 |  0.00
Other   |            | 1.02e-06   |            |       |100.00

Nlocal:            216 ave         216 max         216 min
Histogram: 1 0 0 0 0 0 0 0 0 0
Nghost:            834 ave         834 max         834 min
Histogram: 1 0 0 0 0 0 0 0 0 0
Neighs:              0 ave           0 max           0 min
Histogram: 1 0 0 0 0 0 0 0 0 0
FullNghs:         7346 ave        7346 max        7346 min
Histogram: 1 0 0 0 0 0 0 0 0 0

Total # of neighbors = 7346
Ave neighs/atom = 34.009259
Neighbor list builds = 0
Dangerous builds = 0
next i
jump SELF loop_struct
clear
  using 1 OpenMP thread(s) per MPI task
log energies.log append
units metal
boundary p p p
atom_style atomic
read_data Si333_${i}.in
read_data Si333_228.in
Reading data file ...
  orthogonal box = (0 0 0) to (16.331106 16.331106 16.331106)
  1 by 1 by 1 MPI processor grid
  reading atoms ...
  216 atoms
  reading velocities ...
  216 velocities
  read_data CPU = 0.001 seconds
mass 1 28.085
pair_style sw
pair_coeff * * Si.sw Si
Reading sw potential file Si.sw with DATE: 2007-06-11
run 0
Neighbor list info ...
  update: every = 1 steps, delay = 0 steps, check = yes
  max neighbors/atom: 2000, page size: 100000
  master list distance cutoff = 5.77118
  ghost atom cutoff = 5.77118
  binsize = 2.88559, bins = 6 6 6
  1 neighbor lists, perpetual/occasional/extra = 1 0 0
  (1) pair sw, perpetual
      attributes: full, newton on
      pair build: full/bin/atomonly
      stencil: full/bin/3d
      bin: standard
Per MPI rank memory allocation (min/avg/max) = 3.087 | 3.087 | 3.087 Mbytes
   Step          Temp          E_pair         E_mol          TotEng         Press     
WARNING: Too many warnings: 228 vs 100. All future warnings will be suppressed (src/thermo.cpp:478)
         0   0             -445.12768      0             -445.12768      259578.58    
Loop time of 1.01e-06 on 1 procs for 0 steps with 216 atoms

99.0% CPU use with 1 MPI tasks x 1 OpenMP threads

MPI task timing breakdown:
Section |  min time  |  avg time  |  max time  |%varavg| %total
---------------------------------------------------------------
Pair    | 0          | 0          | 0          |   0.0 |  0.00
Neigh   | 0          | 0          | 0          |   0.0 |  0.00
Comm    | 0          | 0          | 0          |   0.0 |  0.00
Output  | 0          | 0          | 0          |   0.0 |  0.00
Modify  | 0          | 0          | 0          |   0.0 |  0.00
Other   |            | 1.01e-06   |            |       |100.00

Nlocal:            216 ave         216 max         216 min
Histogram: 1 0 0 0 0 0 0 0 0 0
Nghost:            895 ave         895 max         895 min
Histogram: 1 0 0 0 0 0 0 0 0 0
Neighs:              0 ave           0 max           0 min
Histogram: 1 0 0 0 0 0 0 0 0 0
FullNghs:         7414 ave        7414 max        7414 min
Histogram: 1 0 0 0 0 0 0 0 0 0

Total # of neighbors = 7414
Ave neighs/atom = 34.324074
Neighbor list builds = 0
Dangerous builds = 0
next i
jump SELF loop_struct
clear
  using 1 OpenMP thread(s) per MPI task
log energies.log append
units metal
boundary p p p
atom_style atomic
read_data Si333_${i}.in
read_data Si333_229.in
Reading data file ...
  orthogonal box = (0 0 0) to (16.331106 16.331106 16.331106)
  1 by 1 by 1 MPI processor grid
  reading atoms ...
  216 atoms
  reading velocities ...
  216 velocities
  read_data CPU = 0.001 seconds
mass 1 28.085
pair_style sw
pair_coeff * * Si.sw Si
Reading sw potential file Si.sw with DATE: 2007-06-11
run 0
Neighbor list info ...
  update: every = 1 steps, delay = 0 steps, check = yes
  max neighbors/atom: 2000, page size: 100000
  master list distance cutoff = 5.77118
  ghost atom cutoff = 5.77118
  binsize = 2.88559, bins = 6 6 6
  1 neighbor lists, perpetual/occasional/extra = 1 0 0
  (1) pair sw, perpetual
      attributes: full, newton on
      pair build: full/bin/atomonly
      stencil: full/bin/3d
      bin: standard
Per MPI rank memory allocation (min/avg/max) = 3.085 | 3.085 | 3.085 Mbytes
   Step          Temp          E_pair         E_mol          TotEng         Press     
WARNING: Too many warnings: 229 vs 100. All future warnings will be suppressed (src/thermo.cpp:478)
         0   0             -511.39127      0             -511.39127      215438.48    
Loop time of 1.01e-06 on 1 procs for 0 steps with 216 atoms

0.0% CPU use with 1 MPI tasks x 1 OpenMP threads

MPI task timing breakdown:
Section |  min time  |  avg time  |  max time  |%varavg| %total
---------------------------------------------------------------
Pair    | 0          | 0          | 0          |   0.0 |  0.00
Neigh   | 0          | 0          | 0          |   0.0 |  0.00
Comm    | 0          | 0          | 0          |   0.0 |  0.00
Output  | 0          | 0          | 0          |   0.0 |  0.00
Modify  | 0          | 0          | 0          |   0.0 |  0.00
Other   |            | 1.01e-06   |            |       |100.00

Nlocal:            216 ave         216 max         216 min
Histogram: 1 0 0 0 0 0 0 0 0 0
Nghost:            817 ave         817 max         817 min
Histogram: 1 0 0 0 0 0 0 0 0 0
Neighs:              0 ave           0 max           0 min
Histogram: 1 0 0 0 0 0 0 0 0 0
FullNghs:         7378 ave        7378 max        7378 min
Histogram: 1 0 0 0 0 0 0 0 0 0

Total # of neighbors = 7378
Ave neighs/atom = 34.157407
Neighbor list builds = 0
Dangerous builds = 0
next i
jump SELF loop_struct
clear
  using 1 OpenMP thread(s) per MPI task
log energies.log append
units metal
boundary p p p
atom_style atomic
read_data Si333_${i}.in
read_data Si333_230.in
Reading data file ...
  orthogonal box = (0 0 0) to (16.331106 16.331106 16.331106)
  1 by 1 by 1 MPI processor grid
  reading atoms ...
  216 atoms
  reading velocities ...
  216 velocities
  read_data CPU = 0.001 seconds
mass 1 28.085
pair_style sw
pair_coeff * * Si.sw Si
Reading sw potential file Si.sw with DATE: 2007-06-11
run 0
Neighbor list info ...
  update: every = 1 steps, delay = 0 steps, check = yes
  max neighbors/atom: 2000, page size: 100000
  master list distance cutoff = 5.77118
  ghost atom cutoff = 5.77118
  binsize = 2.88559, bins = 6 6 6
  1 neighbor lists, perpetual/occasional/extra = 1 0 0
  (1) pair sw, perpetual
      attributes: full, newton on
      pair build: full/bin/atomonly
      stencil: full/bin/3d
      bin: standard
Per MPI rank memory allocation (min/avg/max) = 3.081 | 3.081 | 3.081 Mbytes
   Step          Temp          E_pair         E_mol          TotEng         Press     
WARNING: Too many warnings: 230 vs 100. All future warnings will be suppressed (src/thermo.cpp:478)
         0   0             -933.35231      0             -933.35231     -6161.5864    
Loop time of 1.01e-06 on 1 procs for 0 steps with 216 atoms

0.0% CPU use with 1 MPI tasks x 1 OpenMP threads

MPI task timing breakdown:
Section |  min time  |  avg time  |  max time  |%varavg| %total
---------------------------------------------------------------
Pair    | 0          | 0          | 0          |   0.0 |  0.00
Neigh   | 0          | 0          | 0          |   0.0 |  0.00
Comm    | 0          | 0          | 0          |   0.0 |  0.00
Output  | 0          | 0          | 0          |   0.0 |  0.00
Modify  | 0          | 0          | 0          |   0.0 |  0.00
Other   |            | 1.01e-06   |            |       |100.00

Nlocal:            216 ave         216 max         216 min
Histogram: 1 0 0 0 0 0 0 0 0 0
Nghost:            786 ave         786 max         786 min
Histogram: 1 0 0 0 0 0 0 0 0 0
Neighs:              0 ave           0 max           0 min
Histogram: 1 0 0 0 0 0 0 0 0 0
FullNghs:         7344 ave        7344 max        7344 min
Histogram: 1 0 0 0 0 0 0 0 0 0

Total # of neighbors = 7344
Ave neighs/atom = 34
Neighbor list builds = 0
Dangerous builds = 0
next i
jump SELF loop_struct
clear
  using 1 OpenMP thread(s) per MPI task
log energies.log append
units metal
boundary p p p
atom_style atomic
read_data Si333_${i}.in
read_data Si333_231.in
Reading data file ...
  orthogonal box = (0 0 0) to (16.331106 16.331106 16.331106)
  1 by 1 by 1 MPI processor grid
  reading atoms ...
  216 atoms
  reading velocities ...
  216 velocities
  read_data CPU = 0.001 seconds
mass 1 28.085
pair_style sw
pair_coeff * * Si.sw Si
Reading sw potential file Si.sw with DATE: 2007-06-11
run 0
Neighbor list info ...
  update: every = 1 steps, delay = 0 steps, check = yes
  max neighbors/atom: 2000, page size: 100000
  master list distance cutoff = 5.77118
  ghost atom cutoff = 5.77118
  binsize = 2.88559, bins = 6 6 6
  1 neighbor lists, perpetual/occasional/extra = 1 0 0
  (1) pair sw, perpetual
      attributes: full, newton on
      pair build: full/bin/atomonly
      stencil: full/bin/3d
      bin: standard
Per MPI rank memory allocation (min/avg/max) = 3.083 | 3.083 | 3.083 Mbytes
   Step          Temp          E_pair         E_mol          TotEng         Press     
WARNING: Too many warnings: 231 vs 100. All future warnings will be suppressed (src/thermo.cpp:478)
         0   0             -549.70343      0             -549.70343      199614.8     
Loop time of 1.01e-06 on 1 procs for 0 steps with 216 atoms

99.0% CPU use with 1 MPI tasks x 1 OpenMP threads

MPI task timing breakdown:
Section |  min time  |  avg time  |  max time  |%varavg| %total
---------------------------------------------------------------
Pair    | 0          | 0          | 0          |   0.0 |  0.00
Neigh   | 0          | 0          | 0          |   0.0 |  0.00
Comm    | 0          | 0          | 0          |   0.0 |  0.00
Output  | 0          | 0          | 0          |   0.0 |  0.00
Modify  | 0          | 0          | 0          |   0.0 |  0.00
Other   |            | 1.01e-06   |            |       |100.00

Nlocal:            216 ave         216 max         216 min
Histogram: 1 0 0 0 0 0 0 0 0 0
Nghost:            836 ave         836 max         836 min
Histogram: 1 0 0 0 0 0 0 0 0 0
Neighs:              0 ave           0 max           0 min
Histogram: 1 0 0 0 0 0 0 0 0 0
FullNghs:         7400 ave        7400 max        7400 min
Histogram: 1 0 0 0 0 0 0 0 0 0

Total # of neighbors = 7400
Ave neighs/atom = 34.259259
Neighbor list builds = 0
Dangerous builds = 0
next i
jump SELF loop_struct
clear
  using 1 OpenMP thread(s) per MPI task
log energies.log append
units metal
boundary p p p
atom_style atomic
read_data Si333_${i}.in
read_data Si333_232.in
Reading data file ...
  orthogonal box = (0 0 0) to (16.331106 16.331106 16.331106)
  1 by 1 by 1 MPI processor grid
  reading atoms ...
  216 atoms
  reading velocities ...
  216 velocities
  read_data CPU = 0.001 seconds
mass 1 28.085
pair_style sw
pair_coeff * * Si.sw Si
Reading sw potential file Si.sw with DATE: 2007-06-11
run 0
Neighbor list info ...
  update: every = 1 steps, delay = 0 steps, check = yes
  max neighbors/atom: 2000, page size: 100000
  master list distance cutoff = 5.77118
  ghost atom cutoff = 5.77118
  binsize = 2.88559, bins = 6 6 6
  1 neighbor lists, perpetual/occasional/extra = 1 0 0
  (1) pair sw, perpetual
      attributes: full, newton on
      pair build: full/bin/atomonly
      stencil: full/bin/3d
      bin: standard
Per MPI rank memory allocation (min/avg/max) = 3.083 | 3.083 | 3.083 Mbytes
   Step          Temp          E_pair         E_mol          TotEng         Press     
WARNING: Too many warnings: 232 vs 100. All future warnings will be suppressed (src/thermo.cpp:478)
         0   0             -524.21441      0             -524.21441      218530.82    
Loop time of 1e-06 on 1 procs for 0 steps with 216 atoms

0.0% CPU use with 1 MPI tasks x 1 OpenMP threads

MPI task timing breakdown:
Section |  min time  |  avg time  |  max time  |%varavg| %total
---------------------------------------------------------------
Pair    | 0          | 0          | 0          |   0.0 |  0.00
Neigh   | 0          | 0          | 0          |   0.0 |  0.00
Comm    | 0          | 0          | 0          |   0.0 |  0.00
Output  | 0          | 0          | 0          |   0.0 |  0.00
Modify  | 0          | 0          | 0          |   0.0 |  0.00
Other   |            | 1e-06      |            |       |100.00

Nlocal:            216 ave         216 max         216 min
Histogram: 1 0 0 0 0 0 0 0 0 0
Nghost:            838 ave         838 max         838 min
Histogram: 1 0 0 0 0 0 0 0 0 0
Neighs:              0 ave           0 max           0 min
Histogram: 1 0 0 0 0 0 0 0 0 0
FullNghs:         7414 ave        7414 max        7414 min
Histogram: 1 0 0 0 0 0 0 0 0 0

Total # of neighbors = 7414
Ave neighs/atom = 34.324074
Neighbor list builds = 0
Dangerous builds = 0
next i
jump SELF loop_struct
clear
  using 1 OpenMP thread(s) per MPI task
log energies.log append
units metal
boundary p p p
atom_style atomic
read_data Si333_${i}.in
read_data Si333_233.in
Reading data file ...
  orthogonal box = (0 0 0) to (16.331106 16.331106 16.331106)
  1 by 1 by 1 MPI processor grid
  reading atoms ...
  216 atoms
  reading velocities ...
  216 velocities
  read_data CPU = 0.001 seconds
mass 1 28.085
pair_style sw
pair_coeff * * Si.sw Si
Reading sw potential file Si.sw with DATE: 2007-06-11
run 0
Neighbor list info ...
  update: every = 1 steps, delay = 0 steps, check = yes
  max neighbors/atom: 2000, page size: 100000
  master list distance cutoff = 5.77118
  ghost atom cutoff = 5.77118
  binsize = 2.88559, bins = 6 6 6
  1 neighbor lists, perpetual/occasional/extra = 1 0 0
  (1) pair sw, perpetual
      attributes: full, newton on
      pair build: full/bin/atomonly
      stencil: full/bin/3d
      bin: standard
Per MPI rank memory allocation (min/avg/max) = 3.082 | 3.082 | 3.082 Mbytes
   Step          Temp          E_pair         E_mol          TotEng         Press     
WARNING: Too many warnings: 233 vs 100. All future warnings will be suppressed (src/thermo.cpp:478)
         0   0             -405.39285      0             -405.39285      282722.06    
Loop time of 1.01e-06 on 1 procs for 0 steps with 216 atoms

99.0% CPU use with 1 MPI tasks x 1 OpenMP threads

MPI task timing breakdown:
Section |  min time  |  avg time  |  max time  |%varavg| %total
---------------------------------------------------------------
Pair    | 0          | 0          | 0          |   0.0 |  0.00
Neigh   | 0          | 0          | 0          |   0.0 |  0.00
Comm    | 0          | 0          | 0          |   0.0 |  0.00
Output  | 0          | 0          | 0          |   0.0 |  0.00
Modify  | 0          | 0          | 0          |   0.0 |  0.00
Other   |            | 1.01e-06   |            |       |100.00

Nlocal:            216 ave         216 max         216 min
Histogram: 1 0 0 0 0 0 0 0 0 0
Nghost:            794 ave         794 max         794 min
Histogram: 1 0 0 0 0 0 0 0 0 0
Neighs:              0 ave           0 max           0 min
Histogram: 1 0 0 0 0 0 0 0 0 0
FullNghs:         7456 ave        7456 max        7456 min
Histogram: 1 0 0 0 0 0 0 0 0 0

Total # of neighbors = 7456
Ave neighs/atom = 34.518519
Neighbor list builds = 0
Dangerous builds = 0
next i
jump SELF loop_struct
clear
  using 1 OpenMP thread(s) per MPI task
log energies.log append
units metal
boundary p p p
atom_style atomic
read_data Si333_${i}.in
read_data Si333_234.in
Reading data file ...
  orthogonal box = (0 0 0) to (16.331106 16.331106 16.331106)
  1 by 1 by 1 MPI processor grid
  reading atoms ...
  216 atoms
  reading velocities ...
  216 velocities
  read_data CPU = 0.001 seconds
mass 1 28.085
pair_style sw
pair_coeff * * Si.sw Si
Reading sw potential file Si.sw with DATE: 2007-06-11
run 0
Neighbor list info ...
  update: every = 1 steps, delay = 0 steps, check = yes
  max neighbors/atom: 2000, page size: 100000
  master list distance cutoff = 5.77118
  ghost atom cutoff = 5.77118
  binsize = 2.88559, bins = 6 6 6
  1 neighbor lists, perpetual/occasional/extra = 1 0 0
  (1) pair sw, perpetual
      attributes: full, newton on
      pair build: full/bin/atomonly
      stencil: full/bin/3d
      bin: standard
Per MPI rank memory allocation (min/avg/max) = 3.086 | 3.086 | 3.086 Mbytes
   Step          Temp          E_pair         E_mol          TotEng         Press     
WARNING: Too many warnings: 234 vs 100. All future warnings will be suppressed (src/thermo.cpp:478)
         0   0             -933.55548      0             -933.55548     -6223.177     
Loop time of 1.01e-06 on 1 procs for 0 steps with 216 atoms

99.0% CPU use with 1 MPI tasks x 1 OpenMP threads

MPI task timing breakdown:
Section |  min time  |  avg time  |  max time  |%varavg| %total
---------------------------------------------------------------
Pair    | 0          | 0          | 0          |   0.0 |  0.00
Neigh   | 0          | 0          | 0          |   0.0 |  0.00
Comm    | 0          | 0          | 0          |   0.0 |  0.00
Output  | 0          | 0          | 0          |   0.0 |  0.00
Modify  | 0          | 0          | 0          |   0.0 |  0.00
Other   |            | 1.01e-06   |            |       |100.00

Nlocal:            216 ave         216 max         216 min
Histogram: 1 0 0 0 0 0 0 0 0 0
Nghost:            884 ave         884 max         884 min
Histogram: 1 0 0 0 0 0 0 0 0 0
Neighs:              0 ave           0 max           0 min
Histogram: 1 0 0 0 0 0 0 0 0 0
FullNghs:         7344 ave        7344 max        7344 min
Histogram: 1 0 0 0 0 0 0 0 0 0

Total # of neighbors = 7344
Ave neighs/atom = 34
Neighbor list builds = 0
Dangerous builds = 0
next i
jump SELF loop_struct
clear
  using 1 OpenMP thread(s) per MPI task
log energies.log append
units metal
boundary p p p
atom_style atomic
read_data Si333_${i}.in
read_data Si333_235.in
Reading data file ...
  orthogonal box = (0 0 0) to (16.331106 16.331106 16.331106)
  1 by 1 by 1 MPI processor grid
  reading atoms ...
  216 atoms
  reading velocities ...
  216 velocities
  read_data CPU = 0.001 seconds
mass 1 28.085
pair_style sw
pair_coeff * * Si.sw Si
Reading sw potential file Si.sw with DATE: 2007-06-11
run 0
Neighbor list info ...
  update: every = 1 steps, delay = 0 steps, check = yes
  max neighbors/atom: 2000, page size: 100000
  master list distance cutoff = 5.77118
  ghost atom cutoff = 5.77118
  binsize = 2.88559, bins = 6 6 6
  1 neighbor lists, perpetual/occasional/extra = 1 0 0
  (1) pair sw, perpetual
      attributes: full, newton on
      pair build: full/bin/atomonly
      stencil: full/bin/3d
      bin: standard
Per MPI rank memory allocation (min/avg/max) = 3.083 | 3.083 | 3.083 Mbytes
   Step          Temp          E_pair         E_mol          TotEng         Press     
WARNING: Too many warnings: 235 vs 100. All future warnings will be suppressed (src/thermo.cpp:478)
         0   0             -717.71556      0             -717.71556      108823.12    
Loop time of 1.01e-06 on 1 procs for 0 steps with 216 atoms

99.0% CPU use with 1 MPI tasks x 1 OpenMP threads

MPI task timing breakdown:
Section |  min time  |  avg time  |  max time  |%varavg| %total
---------------------------------------------------------------
Pair    | 0          | 0          | 0          |   0.0 |  0.00
Neigh   | 0          | 0          | 0          |   0.0 |  0.00
Comm    | 0          | 0          | 0          |   0.0 |  0.00
Output  | 0          | 0          | 0          |   0.0 |  0.00
Modify  | 0          | 0          | 0          |   0.0 |  0.00
Other   |            | 1.01e-06   |            |       |100.00

Nlocal:            216 ave         216 max         216 min
Histogram: 1 0 0 0 0 0 0 0 0 0
Nghost:            832 ave         832 max         832 min
Histogram: 1 0 0 0 0 0 0 0 0 0
Neighs:              0 ave           0 max           0 min
Histogram: 1 0 0 0 0 0 0 0 0 0
FullNghs:         7370 ave        7370 max        7370 min
Histogram: 1 0 0 0 0 0 0 0 0 0

Total # of neighbors = 7370
Ave neighs/atom = 34.12037
Neighbor list builds = 0
Dangerous builds = 0
next i
jump SELF loop_struct
clear
  using 1 OpenMP thread(s) per MPI task
log energies.log append
units metal
boundary p p p
atom_style atomic
read_data Si333_${i}.in
read_data Si333_236.in
Reading data file ...
  orthogonal box = (0 0 0) to (16.331106 16.331106 16.331106)
  1 by 1 by 1 MPI processor grid
  reading atoms ...
  216 atoms
  reading velocities ...
  216 velocities
  read_data CPU = 0.001 seconds
mass 1 28.085
pair_style sw
pair_coeff * * Si.sw Si
Reading sw potential file Si.sw with DATE: 2007-06-11
run 0
Neighbor list info ...
  update: every = 1 steps, delay = 0 steps, check = yes
  max neighbors/atom: 2000, page size: 100000
  master list distance cutoff = 5.77118
  ghost atom cutoff = 5.77118
  binsize = 2.88559, bins = 6 6 6
  1 neighbor lists, perpetual/occasional/extra = 1 0 0
  (1) pair sw, perpetual
      attributes: full, newton on
      pair build: full/bin/atomonly
      stencil: full/bin/3d
      bin: standard
Per MPI rank memory allocation (min/avg/max) = 3.085 | 3.085 | 3.085 Mbytes
   Step          Temp          E_pair         E_mol          TotEng         Press     
WARNING: Too many warnings: 236 vs 100. All future warnings will be suppressed (src/thermo.cpp:478)
         0   0             -629.78466      0             -629.78466      159605.36    
Loop time of 1e-06 on 1 procs for 0 steps with 216 atoms

0.0% CPU use with 1 MPI tasks x 1 OpenMP threads

MPI task timing breakdown:
Section |  min time  |  avg time  |  max time  |%varavg| %total
---------------------------------------------------------------
Pair    | 0          | 0          | 0          |   0.0 |  0.00
Neigh   | 0          | 0          | 0          |   0.0 |  0.00
Comm    | 0          | 0          | 0          |   0.0 |  0.00
Output  | 0          | 0          | 0          |   0.0 |  0.00
Modify  | 0          | 0          | 0          |   0.0 |  0.00
Other   |            | 1e-06      |            |       |100.00

Nlocal:            216 ave         216 max         216 min
Histogram: 1 0 0 0 0 0 0 0 0 0
Nghost:            834 ave         834 max         834 min
Histogram: 1 0 0 0 0 0 0 0 0 0
Neighs:              0 ave           0 max           0 min
Histogram: 1 0 0 0 0 0 0 0 0 0
FullNghs:         7386 ave        7386 max        7386 min
Histogram: 1 0 0 0 0 0 0 0 0 0

Total # of neighbors = 7386
Ave neighs/atom = 34.194444
Neighbor list builds = 0
Dangerous builds = 0
next i
jump SELF loop_struct
clear
  using 1 OpenMP thread(s) per MPI task
log energies.log append
units metal
boundary p p p
atom_style atomic
read_data Si333_${i}.in
read_data Si333_237.in
Reading data file ...
  orthogonal box = (0 0 0) to (16.331106 16.331106 16.331106)
  1 by 1 by 1 MPI processor grid
  reading atoms ...
  216 atoms
  reading velocities ...
  216 velocities
  read_data CPU = 0.001 seconds
mass 1 28.085
pair_style sw
pair_coeff * * Si.sw Si
Reading sw potential file Si.sw with DATE: 2007-06-11
run 0
Neighbor list info ...
  update: every = 1 steps, delay = 0 steps, check = yes
  max neighbors/atom: 2000, page size: 100000
  master list distance cutoff = 5.77118
  ghost atom cutoff = 5.77118
  binsize = 2.88559, bins = 6 6 6
  1 neighbor lists, perpetual/occasional/extra = 1 0 0
  (1) pair sw, perpetual
      attributes: full, newton on
      pair build: full/bin/atomonly
      stencil: full/bin/3d
      bin: standard
Per MPI rank memory allocation (min/avg/max) = 3.083 | 3.083 | 3.083 Mbytes
   Step          Temp          E_pair         E_mol          TotEng         Press     
WARNING: Too many warnings: 237 vs 100. All future warnings will be suppressed (src/thermo.cpp:478)
         0   0             -26.25634       0             -26.25634       476727.28    
Loop time of 1.03e-06 on 1 procs for 0 steps with 216 atoms

97.1% CPU use with 1 MPI tasks x 1 OpenMP threads

MPI task timing breakdown:
Section |  min time  |  avg time  |  max time  |%varavg| %total
---------------------------------------------------------------
Pair    | 0          | 0          | 0          |   0.0 |  0.00
Neigh   | 0          | 0          | 0          |   0.0 |  0.00
Comm    | 0          | 0          | 0          |   0.0 |  0.00
Output  | 0          | 0          | 0          |   0.0 |  0.00
Modify  | 0          | 0          | 0          |   0.0 |  0.00
Other   |            | 1.03e-06   |            |       |100.00

Nlocal:            216 ave         216 max         216 min
Histogram: 1 0 0 0 0 0 0 0 0 0
Nghost:            820 ave         820 max         820 min
Histogram: 1 0 0 0 0 0 0 0 0 0
Neighs:              0 ave           0 max           0 min
Histogram: 1 0 0 0 0 0 0 0 0 0
FullNghs:         7530 ave        7530 max        7530 min
Histogram: 1 0 0 0 0 0 0 0 0 0

Total # of neighbors = 7530
Ave neighs/atom = 34.861111
Neighbor list builds = 0
Dangerous builds = 0
next i
jump SELF loop_struct
clear
  using 1 OpenMP thread(s) per MPI task
log energies.log append
units metal
boundary p p p
atom_style atomic
read_data Si333_${i}.in
read_data Si333_238.in
Reading data file ...
  orthogonal box = (0 0 0) to (16.331106 16.331106 16.331106)
  1 by 1 by 1 MPI processor grid
  reading atoms ...
  216 atoms
  reading velocities ...
  216 velocities
  read_data CPU = 0.001 seconds
mass 1 28.085
pair_style sw
pair_coeff * * Si.sw Si
Reading sw potential file Si.sw with DATE: 2007-06-11
run 0
Neighbor list info ...
  update: every = 1 steps, delay = 0 steps, check = yes
  max neighbors/atom: 2000, page size: 100000
  master list distance cutoff = 5.77118
  ghost atom cutoff = 5.77118
  binsize = 2.88559, bins = 6 6 6
  1 neighbor lists, perpetual/occasional/extra = 1 0 0
  (1) pair sw, perpetual
      attributes: full, newton on
      pair build: full/bin/atomonly
      stencil: full/bin/3d
      bin: standard
Per MPI rank memory allocation (min/avg/max) = 3.083 | 3.083 | 3.083 Mbytes
   Step          Temp          E_pair         E_mol          TotEng         Press     
WARNING: Too many warnings: 238 vs 100. All future warnings will be suppressed (src/thermo.cpp:478)
         0   0             -799.47558      0             -799.47558      68349.917    
Loop time of 1e-06 on 1 procs for 0 steps with 216 atoms

100.0% CPU use with 1 MPI tasks x 1 OpenMP threads

MPI task timing breakdown:
Section |  min time  |  avg time  |  max time  |%varavg| %total
---------------------------------------------------------------
Pair    | 0          | 0          | 0          |   0.0 |  0.00
Neigh   | 0          | 0          | 0          |   0.0 |  0.00
Comm    | 0          | 0          | 0          |   0.0 |  0.00
Output  | 0          | 0          | 0          |   0.0 |  0.00
Modify  | 0          | 0          | 0          |   0.0 |  0.00
Other   |            | 1e-06      |            |       |100.00

Nlocal:            216 ave         216 max         216 min
Histogram: 1 0 0 0 0 0 0 0 0 0
Nghost:            834 ave         834 max         834 min
Histogram: 1 0 0 0 0 0 0 0 0 0
Neighs:              0 ave           0 max           0 min
Histogram: 1 0 0 0 0 0 0 0 0 0
FullNghs:         7358 ave        7358 max        7358 min
Histogram: 1 0 0 0 0 0 0 0 0 0

Total # of neighbors = 7358
Ave neighs/atom = 34.064815
Neighbor list builds = 0
Dangerous builds = 0
next i
jump SELF loop_struct
clear
  using 1 OpenMP thread(s) per MPI task
log energies.log append
units metal
boundary p p p
atom_style atomic
read_data Si333_${i}.in
read_data Si333_239.in
Reading data file ...
  orthogonal box = (0 0 0) to (16.331106 16.331106 16.331106)
  1 by 1 by 1 MPI processor grid
  reading atoms ...
  216 atoms
  reading velocities ...
  216 velocities
  read_data CPU = 0.001 seconds
mass 1 28.085
pair_style sw
pair_coeff * * Si.sw Si
Reading sw potential file Si.sw with DATE: 2007-06-11
run 0
Neighbor list info ...
  update: every = 1 steps, delay = 0 steps, check = yes
  max neighbors/atom: 2000, page size: 100000
  master list distance cutoff = 5.77118
  ghost atom cutoff = 5.77118
  binsize = 2.88559, bins = 6 6 6
  1 neighbor lists, perpetual/occasional/extra = 1 0 0
  (1) pair sw, perpetual
      attributes: full, newton on
      pair build: full/bin/atomonly
      stencil: full/bin/3d
      bin: standard
Per MPI rank memory allocation (min/avg/max) = 3.089 | 3.089 | 3.089 Mbytes
   Step          Temp          E_pair         E_mol          TotEng         Press     
WARNING: Too many warnings: 239 vs 100. All future warnings will be suppressed (src/thermo.cpp:478)
         0   0             -318.65597      0             -318.65597      322084.54    
Loop time of 1.02e-06 on 1 procs for 0 steps with 216 atoms

0.0% CPU use with 1 MPI tasks x 1 OpenMP threads

MPI task timing breakdown:
Section |  min time  |  avg time  |  max time  |%varavg| %total
---------------------------------------------------------------
Pair    | 0          | 0          | 0          |   0.0 |  0.00
Neigh   | 0          | 0          | 0          |   0.0 |  0.00
Comm    | 0          | 0          | 0          |   0.0 |  0.00
Output  | 0          | 0          | 0          |   0.0 |  0.00
Modify  | 0          | 0          | 0          |   0.0 |  0.00
Other   |            | 1.02e-06   |            |       |100.00

Nlocal:            216 ave         216 max         216 min
Histogram: 1 0 0 0 0 0 0 0 0 0
Nghost:            876 ave         876 max         876 min
Histogram: 1 0 0 0 0 0 0 0 0 0
Neighs:              0 ave           0 max           0 min
Histogram: 1 0 0 0 0 0 0 0 0 0
FullNghs:         7442 ave        7442 max        7442 min
Histogram: 1 0 0 0 0 0 0 0 0 0

Total # of neighbors = 7442
Ave neighs/atom = 34.453704
Neighbor list builds = 0
Dangerous builds = 0
next i
jump SELF loop_struct
clear
  using 1 OpenMP thread(s) per MPI task
log energies.log append
units metal
boundary p p p
atom_style atomic
read_data Si333_${i}.in
read_data Si333_240.in
Reading data file ...
  orthogonal box = (0 0 0) to (16.331106 16.331106 16.331106)
  1 by 1 by 1 MPI processor grid
  reading atoms ...
  216 atoms
  reading velocities ...
  216 velocities
  read_data CPU = 0.001 seconds
mass 1 28.085
pair_style sw
pair_coeff * * Si.sw Si
Reading sw potential file Si.sw with DATE: 2007-06-11
run 0
Neighbor list info ...
  update: every = 1 steps, delay = 0 steps, check = yes
  max neighbors/atom: 2000, page size: 100000
  master list distance cutoff = 5.77118
  ghost atom cutoff = 5.77118
  binsize = 2.88559, bins = 6 6 6
  1 neighbor lists, perpetual/occasional/extra = 1 0 0
  (1) pair sw, perpetual
      attributes: full, newton on
      pair build: full/bin/atomonly
      stencil: full/bin/3d
      bin: standard
Per MPI rank memory allocation (min/avg/max) = 3.09 | 3.09 | 3.09 Mbytes
   Step          Temp          E_pair         E_mol          TotEng         Press     
WARNING: Too many warnings: 240 vs 100. All future warnings will be suppressed (src/thermo.cpp:478)
         0   0             -561.24618      0             -561.24618      200050.84    
Loop time of 1.02e-06 on 1 procs for 0 steps with 216 atoms

0.0% CPU use with 1 MPI tasks x 1 OpenMP threads

MPI task timing breakdown:
Section |  min time  |  avg time  |  max time  |%varavg| %total
---------------------------------------------------------------
Pair    | 0          | 0          | 0          |   0.0 |  0.00
Neigh   | 0          | 0          | 0          |   0.0 |  0.00
Comm    | 0          | 0          | 0          |   0.0 |  0.00
Output  | 0          | 0          | 0          |   0.0 |  0.00
Modify  | 0          | 0          | 0          |   0.0 |  0.00
Other   |            | 1.02e-06   |            |       |100.00

Nlocal:            216 ave         216 max         216 min
Histogram: 1 0 0 0 0 0 0 0 0 0
Nghost:            888 ave         888 max         888 min
Histogram: 1 0 0 0 0 0 0 0 0 0
Neighs:              0 ave           0 max           0 min
Histogram: 1 0 0 0 0 0 0 0 0 0
FullNghs:         7418 ave        7418 max        7418 min
Histogram: 1 0 0 0 0 0 0 0 0 0

Total # of neighbors = 7418
Ave neighs/atom = 34.342593
Neighbor list builds = 0
Dangerous builds = 0
next i
jump SELF loop_struct
clear
  using 1 OpenMP thread(s) per MPI task
log energies.log append
units metal
boundary p p p
atom_style atomic
read_data Si333_${i}.in
read_data Si333_241.in
Reading data file ...
  orthogonal box = (0 0 0) to (16.331106 16.331106 16.331106)
  1 by 1 by 1 MPI processor grid
  reading atoms ...
  216 atoms
  reading velocities ...
  216 velocities
  read_data CPU = 0.001 seconds
mass 1 28.085
pair_style sw
pair_coeff * * Si.sw Si
Reading sw potential file Si.sw with DATE: 2007-06-11
run 0
Neighbor list info ...
  update: every = 1 steps, delay = 0 steps, check = yes
  max neighbors/atom: 2000, page size: 100000
  master list distance cutoff = 5.77118
  ghost atom cutoff = 5.77118
  binsize = 2.88559, bins = 6 6 6
  1 neighbor lists, perpetual/occasional/extra = 1 0 0
  (1) pair sw, perpetual
      attributes: full, newton on
      pair build: full/bin/atomonly
      stencil: full/bin/3d
      bin: standard
Per MPI rank memory allocation (min/avg/max) = 3.084 | 3.084 | 3.084 Mbytes
   Step          Temp          E_pair         E_mol          TotEng         Press     
WARNING: Too many warnings: 241 vs 100. All future warnings will be suppressed (src/thermo.cpp:478)
         0   0             -933.24854      0             -933.24854     -6225.9275    
Loop time of 1.01e-06 on 1 procs for 0 steps with 216 atoms

99.0% CPU use with 1 MPI tasks x 1 OpenMP threads

MPI task timing breakdown:
Section |  min time  |  avg time  |  max time  |%varavg| %total
---------------------------------------------------------------
Pair    | 0          | 0          | 0          |   0.0 |  0.00
Neigh   | 0          | 0          | 0          |   0.0 |  0.00
Comm    | 0          | 0          | 0          |   0.0 |  0.00
Output  | 0          | 0          | 0          |   0.0 |  0.00
Modify  | 0          | 0          | 0          |   0.0 |  0.00
Other   |            | 1.01e-06   |            |       |100.00

Nlocal:            216 ave         216 max         216 min
Histogram: 1 0 0 0 0 0 0 0 0 0
Nghost:            845 ave         845 max         845 min
Histogram: 1 0 0 0 0 0 0 0 0 0
Neighs:              0 ave           0 max           0 min
Histogram: 1 0 0 0 0 0 0 0 0 0
FullNghs:         7344 ave        7344 max        7344 min
Histogram: 1 0 0 0 0 0 0 0 0 0

Total # of neighbors = 7344
Ave neighs/atom = 34
Neighbor list builds = 0
Dangerous builds = 0
next i
jump SELF loop_struct
clear
  using 1 OpenMP thread(s) per MPI task
log energies.log append
units metal
boundary p p p
atom_style atomic
read_data Si333_${i}.in
read_data Si333_242.in
Reading data file ...
  orthogonal box = (0 0 0) to (16.331106 16.331106 16.331106)
  1 by 1 by 1 MPI processor grid
  reading atoms ...
  216 atoms
  reading velocities ...
  216 velocities
  read_data CPU = 0.001 seconds
mass 1 28.085
pair_style sw
pair_coeff * * Si.sw Si
Reading sw potential file Si.sw with DATE: 2007-06-11
run 0
Neighbor list info ...
  update: every = 1 steps, delay = 0 steps, check = yes
  max neighbors/atom: 2000, page size: 100000
  master list distance cutoff = 5.77118
  ghost atom cutoff = 5.77118
  binsize = 2.88559, bins = 6 6 6
  1 neighbor lists, perpetual/occasional/extra = 1 0 0
  (1) pair sw, perpetual
      attributes: full, newton on
      pair build: full/bin/atomonly
      stencil: full/bin/3d
      bin: standard
Per MPI rank memory allocation (min/avg/max) = 3.089 | 3.089 | 3.089 Mbytes
   Step          Temp          E_pair         E_mol          TotEng         Press     
WARNING: Too many warnings: 242 vs 100. All future warnings will be suppressed (src/thermo.cpp:478)
         0   0             -483.52249      0             -483.52249      229232.2     
Loop time of 1.01e-06 on 1 procs for 0 steps with 216 atoms

0.0% CPU use with 1 MPI tasks x 1 OpenMP threads

MPI task timing breakdown:
Section |  min time  |  avg time  |  max time  |%varavg| %total
---------------------------------------------------------------
Pair    | 0          | 0          | 0          |   0.0 |  0.00
Neigh   | 0          | 0          | 0          |   0.0 |  0.00
Comm    | 0          | 0          | 0          |   0.0 |  0.00
Output  | 0          | 0          | 0          |   0.0 |  0.00
Modify  | 0          | 0          | 0          |   0.0 |  0.00
Other   |            | 1.01e-06   |            |       |100.00

Nlocal:            216 ave         216 max         216 min
Histogram: 1 0 0 0 0 0 0 0 0 0
Nghost:            940 ave         940 max         940 min
Histogram: 1 0 0 0 0 0 0 0 0 0
Neighs:              0 ave           0 max           0 min
Histogram: 1 0 0 0 0 0 0 0 0 0
FullNghs:         7408 ave        7408 max        7408 min
Histogram: 1 0 0 0 0 0 0 0 0 0

Total # of neighbors = 7408
Ave neighs/atom = 34.296296
Neighbor list builds = 0
Dangerous builds = 0
next i
jump SELF loop_struct
clear
  using 1 OpenMP thread(s) per MPI task
log energies.log append
units metal
boundary p p p
atom_style atomic
read_data Si333_${i}.in
read_data Si333_243.in
Reading data file ...
  orthogonal box = (0 0 0) to (16.331106 16.331106 16.331106)
  1 by 1 by 1 MPI processor grid
  reading atoms ...
  216 atoms
  reading velocities ...
  216 velocities
  read_data CPU = 0.001 seconds
mass 1 28.085
pair_style sw
pair_coeff * * Si.sw Si
Reading sw potential file Si.sw with DATE: 2007-06-11
run 0
Neighbor list info ...
  update: every = 1 steps, delay = 0 steps, check = yes
  max neighbors/atom: 2000, page size: 100000
  master list distance cutoff = 5.77118
  ghost atom cutoff = 5.77118
  binsize = 2.88559, bins = 6 6 6
  1 neighbor lists, perpetual/occasional/extra = 1 0 0
  (1) pair sw, perpetual
      attributes: full, newton on
      pair build: full/bin/atomonly
      stencil: full/bin/3d
      bin: standard
Per MPI rank memory allocation (min/avg/max) = 3.084 | 3.084 | 3.084 Mbytes
   Step          Temp          E_pair         E_mol          TotEng         Press     
WARNING: Too many warnings: 243 vs 100. All future warnings will be suppressed (src/thermo.cpp:478)
         0   0             -417.0323       0             -417.0323       265935.38    
Loop time of 1.01e-06 on 1 procs for 0 steps with 216 atoms

99.0% CPU use with 1 MPI tasks x 1 OpenMP threads

MPI task timing breakdown:
Section |  min time  |  avg time  |  max time  |%varavg| %total
---------------------------------------------------------------
Pair    | 0          | 0          | 0          |   0.0 |  0.00
Neigh   | 0          | 0          | 0          |   0.0 |  0.00
Comm    | 0          | 0          | 0          |   0.0 |  0.00
Output  | 0          | 0          | 0          |   0.0 |  0.00
Modify  | 0          | 0          | 0          |   0.0 |  0.00
Other   |            | 1.01e-06   |            |       |100.00

Nlocal:            216 ave         216 max         216 min
Histogram: 1 0 0 0 0 0 0 0 0 0
Nghost:            862 ave         862 max         862 min
Histogram: 1 0 0 0 0 0 0 0 0 0
Neighs:              0 ave           0 max           0 min
Histogram: 1 0 0 0 0 0 0 0 0 0
FullNghs:         7410 ave        7410 max        7410 min
Histogram: 1 0 0 0 0 0 0 0 0 0

Total # of neighbors = 7410
Ave neighs/atom = 34.305556
Neighbor list builds = 0
Dangerous builds = 0
next i
jump SELF loop_struct
clear
  using 1 OpenMP thread(s) per MPI task
log energies.log append
units metal
boundary p p p
atom_style atomic
read_data Si333_${i}.in
read_data Si333_244.in
Reading data file ...
  orthogonal box = (0 0 0) to (16.331106 16.331106 16.331106)
  1 by 1 by 1 MPI processor grid
  reading atoms ...
  216 atoms
  reading velocities ...
  216 velocities
  read_data CPU = 0.001 seconds
mass 1 28.085
pair_style sw
pair_coeff * * Si.sw Si
Reading sw potential file Si.sw with DATE: 2007-06-11
run 0
Neighbor list info ...
  update: every = 1 steps, delay = 0 steps, check = yes
  max neighbors/atom: 2000, page size: 100000
  master list distance cutoff = 5.77118
  ghost atom cutoff = 5.77118
  binsize = 2.88559, bins = 6 6 6
  1 neighbor lists, perpetual/occasional/extra = 1 0 0
  (1) pair sw, perpetual
      attributes: full, newton on
      pair build: full/bin/atomonly
      stencil: full/bin/3d
      bin: standard
Per MPI rank memory allocation (min/avg/max) = 3.081 | 3.081 | 3.081 Mbytes
   Step          Temp          E_pair         E_mol          TotEng         Press     
WARNING: Too many warnings: 244 vs 100. All future warnings will be suppressed (src/thermo.cpp:478)
         0   0             -720.60801      0             -720.60801      107326.44    
Loop time of 1.01e-06 on 1 procs for 0 steps with 216 atoms

0.0% CPU use with 1 MPI tasks x 1 OpenMP threads

MPI task timing breakdown:
Section |  min time  |  avg time  |  max time  |%varavg| %total
---------------------------------------------------------------
Pair    | 0          | 0          | 0          |   0.0 |  0.00
Neigh   | 0          | 0          | 0          |   0.0 |  0.00
Comm    | 0          | 0          | 0          |   0.0 |  0.00
Output  | 0          | 0          | 0          |   0.0 |  0.00
Modify  | 0          | 0          | 0          |   0.0 |  0.00
Other   |            | 1.01e-06   |            |       |100.00

Nlocal:            216 ave         216 max         216 min
Histogram: 1 0 0 0 0 0 0 0 0 0
Nghost:            786 ave         786 max         786 min
Histogram: 1 0 0 0 0 0 0 0 0 0
Neighs:              0 ave           0 max           0 min
Histogram: 1 0 0 0 0 0 0 0 0 0
FullNghs:         7372 ave        7372 max        7372 min
Histogram: 1 0 0 0 0 0 0 0 0 0

Total # of neighbors = 7372
Ave neighs/atom = 34.12963
Neighbor list builds = 0
Dangerous builds = 0
next i
jump SELF loop_struct
clear
  using 1 OpenMP thread(s) per MPI task
log energies.log append
units metal
boundary p p p
atom_style atomic
read_data Si333_${i}.in
read_data Si333_245.in
Reading data file ...
  orthogonal box = (0 0 0) to (16.331106 16.331106 16.331106)
  1 by 1 by 1 MPI processor grid
  reading atoms ...
  216 atoms
  reading velocities ...
  216 velocities
  read_data CPU = 0.001 seconds
mass 1 28.085
pair_style sw
pair_coeff * * Si.sw Si
Reading sw potential file Si.sw with DATE: 2007-06-11
run 0
Neighbor list info ...
  update: every = 1 steps, delay = 0 steps, check = yes
  max neighbors/atom: 2000, page size: 100000
  master list distance cutoff = 5.77118
  ghost atom cutoff = 5.77118
  binsize = 2.88559, bins = 6 6 6
  1 neighbor lists, perpetual/occasional/extra = 1 0 0
  (1) pair sw, perpetual
      attributes: full, newton on
      pair build: full/bin/atomonly
      stencil: full/bin/3d
      bin: standard
Per MPI rank memory allocation (min/avg/max) = 3.081 | 3.081 | 3.081 Mbytes
   Step          Temp          E_pair         E_mol          TotEng         Press     
WARNING: Too many warnings: 245 vs 100. All future warnings will be suppressed (src/thermo.cpp:478)
         0   0             -933.37795      0             -933.37795     -6245.5497    
Loop time of 1.02e-06 on 1 procs for 0 steps with 216 atoms

98.0% CPU use with 1 MPI tasks x 1 OpenMP threads

MPI task timing breakdown:
Section |  min time  |  avg time  |  max time  |%varavg| %total
---------------------------------------------------------------
Pair    | 0          | 0          | 0          |   0.0 |  0.00
Neigh   | 0          | 0          | 0          |   0.0 |  0.00
Comm    | 0          | 0          | 0          |   0.0 |  0.00
Output  | 0          | 0          | 0          |   0.0 |  0.00
Modify  | 0          | 0          | 0          |   0.0 |  0.00
Other   |            | 1.02e-06   |            |       |100.00

Nlocal:            216 ave         216 max         216 min
Histogram: 1 0 0 0 0 0 0 0 0 0
Nghost:            788 ave         788 max         788 min
Histogram: 1 0 0 0 0 0 0 0 0 0
Neighs:              0 ave           0 max           0 min
Histogram: 1 0 0 0 0 0 0 0 0 0
FullNghs:         7344 ave        7344 max        7344 min
Histogram: 1 0 0 0 0 0 0 0 0 0

Total # of neighbors = 7344
Ave neighs/atom = 34
Neighbor list builds = 0
Dangerous builds = 0
next i
jump SELF loop_struct
clear
  using 1 OpenMP thread(s) per MPI task
log energies.log append
units metal
boundary p p p
atom_style atomic
read_data Si333_${i}.in
read_data Si333_246.in
Reading data file ...
  orthogonal box = (0 0 0) to (16.331106 16.331106 16.331106)
  1 by 1 by 1 MPI processor grid
  reading atoms ...
  216 atoms
  reading velocities ...
  216 velocities
  read_data CPU = 0.001 seconds
mass 1 28.085
pair_style sw
pair_coeff * * Si.sw Si
Reading sw potential file Si.sw with DATE: 2007-06-11
run 0
Neighbor list info ...
  update: every = 1 steps, delay = 0 steps, check = yes
  max neighbors/atom: 2000, page size: 100000
  master list distance cutoff = 5.77118
  ghost atom cutoff = 5.77118
  binsize = 2.88559, bins = 6 6 6
  1 neighbor lists, perpetual/occasional/extra = 1 0 0
  (1) pair sw, perpetual
      attributes: full, newton on
      pair build: full/bin/atomonly
      stencil: full/bin/3d
      bin: standard
Per MPI rank memory allocation (min/avg/max) = 3.081 | 3.081 | 3.081 Mbytes
   Step          Temp          E_pair         E_mol          TotEng         Press     
WARNING: Too many warnings: 246 vs 100. All future warnings will be suppressed (src/thermo.cpp:478)
         0   0             -682.05002      0             -682.05002      133067.82    
Loop time of 1.04e-06 on 1 procs for 0 steps with 216 atoms

0.0% CPU use with 1 MPI tasks x 1 OpenMP threads

MPI task timing breakdown:
Section |  min time  |  avg time  |  max time  |%varavg| %total
---------------------------------------------------------------
Pair    | 0          | 0          | 0          |   0.0 |  0.00
Neigh   | 0          | 0          | 0          |   0.0 |  0.00
Comm    | 0          | 0          | 0          |   0.0 |  0.00
Output  | 0          | 0          | 0          |   0.0 |  0.00
Modify  | 0          | 0          | 0          |   0.0 |  0.00
Other   |            | 1.04e-06   |            |       |100.00

Nlocal:            216 ave         216 max         216 min
Histogram: 1 0 0 0 0 0 0 0 0 0
Nghost:            792 ave         792 max         792 min
Histogram: 1 0 0 0 0 0 0 0 0 0
Neighs:              0 ave           0 max           0 min
Histogram: 1 0 0 0 0 0 0 0 0 0
FullNghs:         7404 ave        7404 max        7404 min
Histogram: 1 0 0 0 0 0 0 0 0 0

Total # of neighbors = 7404
Ave neighs/atom = 34.277778
Neighbor list builds = 0
Dangerous builds = 0
next i
jump SELF loop_struct
clear
  using 1 OpenMP thread(s) per MPI task
log energies.log append
units metal
boundary p p p
atom_style atomic
read_data Si333_${i}.in
read_data Si333_247.in
Reading data file ...
  orthogonal box = (0 0 0) to (16.331106 16.331106 16.331106)
  1 by 1 by 1 MPI processor grid
  reading atoms ...
  216 atoms
  reading velocities ...
  216 velocities
  read_data CPU = 0.001 seconds
mass 1 28.085
pair_style sw
pair_coeff * * Si.sw Si
Reading sw potential file Si.sw with DATE: 2007-06-11
run 0
Neighbor list info ...
  update: every = 1 steps, delay = 0 steps, check = yes
  max neighbors/atom: 2000, page size: 100000
  master list distance cutoff = 5.77118
  ghost atom cutoff = 5.77118
  binsize = 2.88559, bins = 6 6 6
  1 neighbor lists, perpetual/occasional/extra = 1 0 0
  (1) pair sw, perpetual
      attributes: full, newton on
      pair build: full/bin/atomonly
      stencil: full/bin/3d
      bin: standard
Per MPI rank memory allocation (min/avg/max) = 3.089 | 3.089 | 3.089 Mbytes
   Step          Temp          E_pair         E_mol          TotEng         Press     
WARNING: Too many warnings: 247 vs 100. All future warnings will be suppressed (src/thermo.cpp:478)
         0   0             -474.65662      0             -474.65662      237606.96    
Loop time of 1.03e-06 on 1 procs for 0 steps with 216 atoms

97.1% CPU use with 1 MPI tasks x 1 OpenMP threads

MPI task timing breakdown:
Section |  min time  |  avg time  |  max time  |%varavg| %total
---------------------------------------------------------------
Pair    | 0          | 0          | 0          |   0.0 |  0.00
Neigh   | 0          | 0          | 0          |   0.0 |  0.00
Comm    | 0          | 0          | 0          |   0.0 |  0.00
Output  | 0          | 0          | 0          |   0.0 |  0.00
Modify  | 0          | 0          | 0          |   0.0 |  0.00
Other   |            | 1.03e-06   |            |       |100.00

Nlocal:            216 ave         216 max         216 min
Histogram: 1 0 0 0 0 0 0 0 0 0
Nghost:            873 ave         873 max         873 min
Histogram: 1 0 0 0 0 0 0 0 0 0
Neighs:              0 ave           0 max           0 min
Histogram: 1 0 0 0 0 0 0 0 0 0
FullNghs:         7414 ave        7414 max        7414 min
Histogram: 1 0 0 0 0 0 0 0 0 0

Total # of neighbors = 7414
Ave neighs/atom = 34.324074
Neighbor list builds = 0
Dangerous builds = 0
next i
jump SELF loop_struct
clear
  using 1 OpenMP thread(s) per MPI task
log energies.log append
units metal
boundary p p p
atom_style atomic
read_data Si333_${i}.in
read_data Si333_248.in
Reading data file ...
  orthogonal box = (0 0 0) to (16.331106 16.331106 16.331106)
  1 by 1 by 1 MPI processor grid
  reading atoms ...
  216 atoms
  reading velocities ...
  216 velocities
  read_data CPU = 0.001 seconds
mass 1 28.085
pair_style sw
pair_coeff * * Si.sw Si
Reading sw potential file Si.sw with DATE: 2007-06-11
run 0
Neighbor list info ...
  update: every = 1 steps, delay = 0 steps, check = yes
  max neighbors/atom: 2000, page size: 100000
  master list distance cutoff = 5.77118
  ghost atom cutoff = 5.77118
  binsize = 2.88559, bins = 6 6 6
  1 neighbor lists, perpetual/occasional/extra = 1 0 0
  (1) pair sw, perpetual
      attributes: full, newton on
      pair build: full/bin/atomonly
      stencil: full/bin/3d
      bin: standard
Per MPI rank memory allocation (min/avg/max) = 3.088 | 3.088 | 3.088 Mbytes
   Step          Temp          E_pair         E_mol          TotEng         Press     
WARNING: Too many warnings: 248 vs 100. All future warnings will be suppressed (src/thermo.cpp:478)
         0   0             -704.8223       0             -704.8223       115180.92    
Loop time of 1.03e-06 on 1 procs for 0 steps with 216 atoms

97.1% CPU use with 1 MPI tasks x 1 OpenMP threads

MPI task timing breakdown:
Section |  min time  |  avg time  |  max time  |%varavg| %total
---------------------------------------------------------------
Pair    | 0          | 0          | 0          |   0.0 |  0.00
Neigh   | 0          | 0          | 0          |   0.0 |  0.00
Comm    | 0          | 0          | 0          |   0.0 |  0.00
Output  | 0          | 0          | 0          |   0.0 |  0.00
Modify  | 0          | 0          | 0          |   0.0 |  0.00
Other   |            | 1.03e-06   |            |       |100.00

Nlocal:            216 ave         216 max         216 min
Histogram: 1 0 0 0 0 0 0 0 0 0
Nghost:            838 ave         838 max         838 min
Histogram: 1 0 0 0 0 0 0 0 0 0
Neighs:              0 ave           0 max           0 min
Histogram: 1 0 0 0 0 0 0 0 0 0
FullNghs:         7382 ave        7382 max        7382 min
Histogram: 1 0 0 0 0 0 0 0 0 0

Total # of neighbors = 7382
Ave neighs/atom = 34.175926
Neighbor list builds = 0
Dangerous builds = 0
next i
jump SELF loop_struct
clear
  using 1 OpenMP thread(s) per MPI task
log energies.log append
units metal
boundary p p p
atom_style atomic
read_data Si333_${i}.in
read_data Si333_249.in
Reading data file ...
  orthogonal box = (0 0 0) to (16.331106 16.331106 16.331106)
  1 by 1 by 1 MPI processor grid
  reading atoms ...
  216 atoms
  reading velocities ...
  216 velocities
  read_data CPU = 0.001 seconds
mass 1 28.085
pair_style sw
pair_coeff * * Si.sw Si
Reading sw potential file Si.sw with DATE: 2007-06-11
run 0
Neighbor list info ...
  update: every = 1 steps, delay = 0 steps, check = yes
  max neighbors/atom: 2000, page size: 100000
  master list distance cutoff = 5.77118
  ghost atom cutoff = 5.77118
  binsize = 2.88559, bins = 6 6 6
  1 neighbor lists, perpetual/occasional/extra = 1 0 0
  (1) pair sw, perpetual
      attributes: full, newton on
      pair build: full/bin/atomonly
      stencil: full/bin/3d
      bin: standard
Per MPI rank memory allocation (min/avg/max) = 3.092 | 3.092 | 3.092 Mbytes
   Step          Temp          E_pair         E_mol          TotEng         Press     
WARNING: Too many warnings: 249 vs 100. All future warnings will be suppressed (src/thermo.cpp:478)
         0   0             -933.02558      0             -933.02558     -6134.9481    
Loop time of 1.01e-06 on 1 procs for 0 steps with 216 atoms

99.0% CPU use with 1 MPI tasks x 1 OpenMP threads

MPI task timing breakdown:
Section |  min time  |  avg time  |  max time  |%varavg| %total
---------------------------------------------------------------
Pair    | 0          | 0          | 0          |   0.0 |  0.00
Neigh   | 0          | 0          | 0          |   0.0 |  0.00
Comm    | 0          | 0          | 0          |   0.0 |  0.00
Output  | 0          | 0          | 0          |   0.0 |  0.00
Modify  | 0          | 0          | 0          |   0.0 |  0.00
Other   |            | 1.01e-06   |            |       |100.00

Nlocal:            216 ave         216 max         216 min
Histogram: 1 0 0 0 0 0 0 0 0 0
Nghost:            939 ave         939 max         939 min
Histogram: 1 0 0 0 0 0 0 0 0 0
Neighs:              0 ave           0 max           0 min
Histogram: 1 0 0 0 0 0 0 0 0 0
FullNghs:         7344 ave        7344 max        7344 min
Histogram: 1 0 0 0 0 0 0 0 0 0

Total # of neighbors = 7344
Ave neighs/atom = 34
Neighbor list builds = 0
Dangerous builds = 0
next i
jump SELF loop_struct
clear
  using 1 OpenMP thread(s) per MPI task
log energies.log append
units metal
boundary p p p
atom_style atomic
read_data Si333_${i}.in
read_data Si333_250.in
Reading data file ...
  orthogonal box = (0 0 0) to (16.331106 16.331106 16.331106)
  1 by 1 by 1 MPI processor grid
  reading atoms ...
  216 atoms
  reading velocities ...
  216 velocities
  read_data CPU = 0.001 seconds
mass 1 28.085
pair_style sw
pair_coeff * * Si.sw Si
Reading sw potential file Si.sw with DATE: 2007-06-11
run 0
Neighbor list info ...
  update: every = 1 steps, delay = 0 steps, check = yes
  max neighbors/atom: 2000, page size: 100000
  master list distance cutoff = 5.77118
  ghost atom cutoff = 5.77118
  binsize = 2.88559, bins = 6 6 6
  1 neighbor lists, perpetual/occasional/extra = 1 0 0
  (1) pair sw, perpetual
      attributes: full, newton on
      pair build: full/bin/atomonly
      stencil: full/bin/3d
      bin: standard
Per MPI rank memory allocation (min/avg/max) = 3.083 | 3.083 | 3.083 Mbytes
   Step          Temp          E_pair         E_mol          TotEng         Press     
WARNING: Too many warnings: 250 vs 100. All future warnings will be suppressed (src/thermo.cpp:478)
         0   0             -933.24774      0             -933.24774     -6111.7132    
Loop time of 1.02e-06 on 1 procs for 0 steps with 216 atoms

0.0% CPU use with 1 MPI tasks x 1 OpenMP threads

MPI task timing breakdown:
Section |  min time  |  avg time  |  max time  |%varavg| %total
---------------------------------------------------------------
Pair    | 0          | 0          | 0          |   0.0 |  0.00
Neigh   | 0          | 0          | 0          |   0.0 |  0.00
Comm    | 0          | 0          | 0          |   0.0 |  0.00
Output  | 0          | 0          | 0          |   0.0 |  0.00
Modify  | 0          | 0          | 0          |   0.0 |  0.00
Other   |            | 1.02e-06   |            |       |100.00

Nlocal:            216 ave         216 max         216 min
Histogram: 1 0 0 0 0 0 0 0 0 0
Nghost:            834 ave         834 max         834 min
Histogram: 1 0 0 0 0 0 0 0 0 0
Neighs:              0 ave           0 max           0 min
Histogram: 1 0 0 0 0 0 0 0 0 0
FullNghs:         7344 ave        7344 max        7344 min
Histogram: 1 0 0 0 0 0 0 0 0 0

Total # of neighbors = 7344
Ave neighs/atom = 34
Neighbor list builds = 0
Dangerous builds = 0
next i
jump SELF loop_struct
clear
  using 1 OpenMP thread(s) per MPI task
log energies.log append
units metal
boundary p p p
atom_style atomic
read_data Si333_${i}.in
read_data Si333_251.in
Reading data file ...
  orthogonal box = (0 0 0) to (16.331106 16.331106 16.331106)
  1 by 1 by 1 MPI processor grid
  reading atoms ...
  216 atoms
  reading velocities ...
  216 velocities
  read_data CPU = 0.001 seconds
mass 1 28.085
pair_style sw
pair_coeff * * Si.sw Si
Reading sw potential file Si.sw with DATE: 2007-06-11
run 0
Neighbor list info ...
  update: every = 1 steps, delay = 0 steps, check = yes
  max neighbors/atom: 2000, page size: 100000
  master list distance cutoff = 5.77118
  ghost atom cutoff = 5.77118
  binsize = 2.88559, bins = 6 6 6
  1 neighbor lists, perpetual/occasional/extra = 1 0 0
  (1) pair sw, perpetual
      attributes: full, newton on
      pair build: full/bin/atomonly
      stencil: full/bin/3d
      bin: standard
Per MPI rank memory allocation (min/avg/max) = 3.085 | 3.085 | 3.085 Mbytes
   Step          Temp          E_pair         E_mol          TotEng         Press     
WARNING: Too many warnings: 251 vs 100. All future warnings will be suppressed (src/thermo.cpp:478)
         0   0             -572.3709       0             -572.3709       194151.33    
Loop time of 1.2e-06 on 1 procs for 0 steps with 216 atoms

83.3% CPU use with 1 MPI tasks x 1 OpenMP threads

MPI task timing breakdown:
Section |  min time  |  avg time  |  max time  |%varavg| %total
---------------------------------------------------------------
Pair    | 0          | 0          | 0          |   0.0 |  0.00
Neigh   | 0          | 0          | 0          |   0.0 |  0.00
Comm    | 0          | 0          | 0          |   0.0 |  0.00
Output  | 0          | 0          | 0          |   0.0 |  0.00
Modify  | 0          | 0          | 0          |   0.0 |  0.00
Other   |            | 1.2e-06    |            |       |100.00

Nlocal:            216 ave         216 max         216 min
Histogram: 1 0 0 0 0 0 0 0 0 0
Nghost:            891 ave         891 max         891 min
Histogram: 1 0 0 0 0 0 0 0 0 0
Neighs:              0 ave           0 max           0 min
Histogram: 1 0 0 0 0 0 0 0 0 0
FullNghs:         7414 ave        7414 max        7414 min
Histogram: 1 0 0 0 0 0 0 0 0 0

Total # of neighbors = 7414
Ave neighs/atom = 34.324074
Neighbor list builds = 0
Dangerous builds = 0
next i
jump SELF loop_struct
clear
  using 1 OpenMP thread(s) per MPI task
log energies.log append
units metal
boundary p p p
atom_style atomic
read_data Si333_${i}.in
read_data Si333_252.in
Reading data file ...
  orthogonal box = (0 0 0) to (16.331106 16.331106 16.331106)
  1 by 1 by 1 MPI processor grid
  reading atoms ...
  216 atoms
  reading velocities ...
  216 velocities
  read_data CPU = 0.001 seconds
mass 1 28.085
pair_style sw
pair_coeff * * Si.sw Si
Reading sw potential file Si.sw with DATE: 2007-06-11
run 0
Neighbor list info ...
  update: every = 1 steps, delay = 0 steps, check = yes
  max neighbors/atom: 2000, page size: 100000
  master list distance cutoff = 5.77118
  ghost atom cutoff = 5.77118
  binsize = 2.88559, bins = 6 6 6
  1 neighbor lists, perpetual/occasional/extra = 1 0 0
  (1) pair sw, perpetual
      attributes: full, newton on
      pair build: full/bin/atomonly
      stencil: full/bin/3d
      bin: standard
Per MPI rank memory allocation (min/avg/max) = 3.081 | 3.081 | 3.081 Mbytes
   Step          Temp          E_pair         E_mol          TotEng         Press     
WARNING: Too many warnings: 252 vs 100. All future warnings will be suppressed (src/thermo.cpp:478)
         0   0             -572.44502      0             -572.44502      188176.64    
Loop time of 1e-06 on 1 procs for 0 steps with 216 atoms

200.0% CPU use with 1 MPI tasks x 1 OpenMP threads

MPI task timing breakdown:
Section |  min time  |  avg time  |  max time  |%varavg| %total
---------------------------------------------------------------
Pair    | 0          | 0          | 0          |   0.0 |  0.00
Neigh   | 0          | 0          | 0          |   0.0 |  0.00
Comm    | 0          | 0          | 0          |   0.0 |  0.00
Output  | 0          | 0          | 0          |   0.0 |  0.00
Modify  | 0          | 0          | 0          |   0.0 |  0.00
Other   |            | 1e-06      |            |       |100.00

Nlocal:            216 ave         216 max         216 min
Histogram: 1 0 0 0 0 0 0 0 0 0
Nghost:            782 ave         782 max         782 min
Histogram: 1 0 0 0 0 0 0 0 0 0
Neighs:              0 ave           0 max           0 min
Histogram: 1 0 0 0 0 0 0 0 0 0
FullNghs:         7408 ave        7408 max        7408 min
Histogram: 1 0 0 0 0 0 0 0 0 0

Total # of neighbors = 7408
Ave neighs/atom = 34.296296
Neighbor list builds = 0
Dangerous builds = 0
next i
jump SELF loop_struct
clear
  using 1 OpenMP thread(s) per MPI task
log energies.log append
units metal
boundary p p p
atom_style atomic
read_data Si333_${i}.in
read_data Si333_253.in
Reading data file ...
  orthogonal box = (0 0 0) to (16.331106 16.331106 16.331106)
  1 by 1 by 1 MPI processor grid
  reading atoms ...
  216 atoms
  reading velocities ...
  216 velocities
  read_data CPU = 0.001 seconds
mass 1 28.085
pair_style sw
pair_coeff * * Si.sw Si
Reading sw potential file Si.sw with DATE: 2007-06-11
run 0
Neighbor list info ...
  update: every = 1 steps, delay = 0 steps, check = yes
  max neighbors/atom: 2000, page size: 100000
  master list distance cutoff = 5.77118
  ghost atom cutoff = 5.77118
  binsize = 2.88559, bins = 6 6 6
  1 neighbor lists, perpetual/occasional/extra = 1 0 0
  (1) pair sw, perpetual
      attributes: full, newton on
      pair build: full/bin/atomonly
      stencil: full/bin/3d
      bin: standard
Per MPI rank memory allocation (min/avg/max) = 3.088 | 3.088 | 3.088 Mbytes
   Step          Temp          E_pair         E_mol          TotEng         Press     
WARNING: Too many warnings: 253 vs 100. All future warnings will be suppressed (src/thermo.cpp:478)
         0   0             -452.61434      0             -452.61434      253313.51    
Loop time of 1.02e-06 on 1 procs for 0 steps with 216 atoms

0.0% CPU use with 1 MPI tasks x 1 OpenMP threads

MPI task timing breakdown:
Section |  min time  |  avg time  |  max time  |%varavg| %total
---------------------------------------------------------------
Pair    | 0          | 0          | 0          |   0.0 |  0.00
Neigh   | 0          | 0          | 0          |   0.0 |  0.00
Comm    | 0          | 0          | 0          |   0.0 |  0.00
Output  | 0          | 0          | 0          |   0.0 |  0.00
Modify  | 0          | 0          | 0          |   0.0 |  0.00
Other   |            | 1.02e-06   |            |       |100.00

Nlocal:            216 ave         216 max         216 min
Histogram: 1 0 0 0 0 0 0 0 0 0
Nghost:            929 ave         929 max         929 min
Histogram: 1 0 0 0 0 0 0 0 0 0
Neighs:              0 ave           0 max           0 min
Histogram: 1 0 0 0 0 0 0 0 0 0
FullNghs:         7446 ave        7446 max        7446 min
Histogram: 1 0 0 0 0 0 0 0 0 0

Total # of neighbors = 7446
Ave neighs/atom = 34.472222
Neighbor list builds = 0
Dangerous builds = 0
next i
jump SELF loop_struct
clear
  using 1 OpenMP thread(s) per MPI task
log energies.log append
units metal
boundary p p p
atom_style atomic
read_data Si333_${i}.in
read_data Si333_254.in
Reading data file ...
  orthogonal box = (0 0 0) to (16.331106 16.331106 16.331106)
  1 by 1 by 1 MPI processor grid
  reading atoms ...
  216 atoms
  reading velocities ...
  216 velocities
  read_data CPU = 0.001 seconds
mass 1 28.085
pair_style sw
pair_coeff * * Si.sw Si
Reading sw potential file Si.sw with DATE: 2007-06-11
run 0
Neighbor list info ...
  update: every = 1 steps, delay = 0 steps, check = yes
  max neighbors/atom: 2000, page size: 100000
  master list distance cutoff = 5.77118
  ghost atom cutoff = 5.77118
  binsize = 2.88559, bins = 6 6 6
  1 neighbor lists, perpetual/occasional/extra = 1 0 0
  (1) pair sw, perpetual
      attributes: full, newton on
      pair build: full/bin/atomonly
      stencil: full/bin/3d
      bin: standard
Per MPI rank memory allocation (min/avg/max) = 3.083 | 3.083 | 3.083 Mbytes
   Step          Temp          E_pair         E_mol          TotEng         Press     
WARNING: Too many warnings: 254 vs 100. All future warnings will be suppressed (src/thermo.cpp:478)
         0   0             -933.28293      0             -933.28293     -6164.6186    
Loop time of 1.03e-06 on 1 procs for 0 steps with 216 atoms

0.0% CPU use with 1 MPI tasks x 1 OpenMP threads

MPI task timing breakdown:
Section |  min time  |  avg time  |  max time  |%varavg| %total
---------------------------------------------------------------
Pair    | 0          | 0          | 0          |   0.0 |  0.00
Neigh   | 0          | 0          | 0          |   0.0 |  0.00
Comm    | 0          | 0          | 0          |   0.0 |  0.00
Output  | 0          | 0          | 0          |   0.0 |  0.00
Modify  | 0          | 0          | 0          |   0.0 |  0.00
Other   |            | 1.03e-06   |            |       |100.00

Nlocal:            216 ave         216 max         216 min
Histogram: 1 0 0 0 0 0 0 0 0 0
Nghost:            834 ave         834 max         834 min
Histogram: 1 0 0 0 0 0 0 0 0 0
Neighs:              0 ave           0 max           0 min
Histogram: 1 0 0 0 0 0 0 0 0 0
FullNghs:         7344 ave        7344 max        7344 min
Histogram: 1 0 0 0 0 0 0 0 0 0

Total # of neighbors = 7344
Ave neighs/atom = 34
Neighbor list builds = 0
Dangerous builds = 0
next i
jump SELF loop_struct
clear
  using 1 OpenMP thread(s) per MPI task
log energies.log append
units metal
boundary p p p
atom_style atomic
read_data Si333_${i}.in
read_data Si333_255.in
Reading data file ...
  orthogonal box = (0 0 0) to (16.331106 16.331106 16.331106)
  1 by 1 by 1 MPI processor grid
  reading atoms ...
  216 atoms
  reading velocities ...
  216 velocities
  read_data CPU = 0.001 seconds
mass 1 28.085
pair_style sw
pair_coeff * * Si.sw Si
Reading sw potential file Si.sw with DATE: 2007-06-11
run 0
Neighbor list info ...
  update: every = 1 steps, delay = 0 steps, check = yes
  max neighbors/atom: 2000, page size: 100000
  master list distance cutoff = 5.77118
  ghost atom cutoff = 5.77118
  binsize = 2.88559, bins = 6 6 6
  1 neighbor lists, perpetual/occasional/extra = 1 0 0
  (1) pair sw, perpetual
      attributes: full, newton on
      pair build: full/bin/atomonly
      stencil: full/bin/3d
      bin: standard
Per MPI rank memory allocation (min/avg/max) = 3.084 | 3.084 | 3.084 Mbytes
   Step          Temp          E_pair         E_mol          TotEng         Press     
WARNING: Too many warnings: 255 vs 100. All future warnings will be suppressed (src/thermo.cpp:478)
         0   0             -327.50653      0             -327.50653      312298.14    
Loop time of 1.02e-06 on 1 procs for 0 steps with 216 atoms

196.1% CPU use with 1 MPI tasks x 1 OpenMP threads

MPI task timing breakdown:
Section |  min time  |  avg time  |  max time  |%varavg| %total
---------------------------------------------------------------
Pair    | 0          | 0          | 0          |   0.0 |  0.00
Neigh   | 0          | 0          | 0          |   0.0 |  0.00
Comm    | 0          | 0          | 0          |   0.0 |  0.00
Output  | 0          | 0          | 0          |   0.0 |  0.00
Modify  | 0          | 0          | 0          |   0.0 |  0.00
Other   |            | 1.02e-06   |            |       |100.00

Nlocal:            216 ave         216 max         216 min
Histogram: 1 0 0 0 0 0 0 0 0 0
Nghost:            830 ave         830 max         830 min
Histogram: 1 0 0 0 0 0 0 0 0 0
Neighs:              0 ave           0 max           0 min
Histogram: 1 0 0 0 0 0 0 0 0 0
FullNghs:         7416 ave        7416 max        7416 min
Histogram: 1 0 0 0 0 0 0 0 0 0

Total # of neighbors = 7416
Ave neighs/atom = 34.333333
Neighbor list builds = 0
Dangerous builds = 0
next i
jump SELF loop_struct
clear
  using 1 OpenMP thread(s) per MPI task
log energies.log append
units metal
boundary p p p
atom_style atomic
read_data Si333_${i}.in
read_data Si333_256.in
Reading data file ...
  orthogonal box = (0 0 0) to (16.331106 16.331106 16.331106)
  1 by 1 by 1 MPI processor grid
  reading atoms ...
  216 atoms
  reading velocities ...
  216 velocities
  read_data CPU = 0.001 seconds
mass 1 28.085
pair_style sw
pair_coeff * * Si.sw Si
Reading sw potential file Si.sw with DATE: 2007-06-11
run 0
Neighbor list info ...
  update: every = 1 steps, delay = 0 steps, check = yes
  max neighbors/atom: 2000, page size: 100000
  master list distance cutoff = 5.77118
  ghost atom cutoff = 5.77118
  binsize = 2.88559, bins = 6 6 6
  1 neighbor lists, perpetual/occasional/extra = 1 0 0
  (1) pair sw, perpetual
      attributes: full, newton on
      pair build: full/bin/atomonly
      stencil: full/bin/3d
      bin: standard
Per MPI rank memory allocation (min/avg/max) = 3.085 | 3.085 | 3.085 Mbytes
   Step          Temp          E_pair         E_mol          TotEng         Press     
WARNING: Too many warnings: 256 vs 100. All future warnings will be suppressed (src/thermo.cpp:478)
         0   0             -681.73007      0             -681.73007      126796.85    
Loop time of 1e-06 on 1 procs for 0 steps with 216 atoms

0.0% CPU use with 1 MPI tasks x 1 OpenMP threads

MPI task timing breakdown:
Section |  min time  |  avg time  |  max time  |%varavg| %total
---------------------------------------------------------------
Pair    | 0          | 0          | 0          |   0.0 |  0.00
Neigh   | 0          | 0          | 0          |   0.0 |  0.00
Comm    | 0          | 0          | 0          |   0.0 |  0.00
Output  | 0          | 0          | 0          |   0.0 |  0.00
Modify  | 0          | 0          | 0          |   0.0 |  0.00
Other   |            | 1e-06      |            |       |100.00

Nlocal:            216 ave         216 max         216 min
Histogram: 1 0 0 0 0 0 0 0 0 0
Nghost:            888 ave         888 max         888 min
Histogram: 1 0 0 0 0 0 0 0 0 0
Neighs:              0 ave           0 max           0 min
Histogram: 1 0 0 0 0 0 0 0 0 0
FullNghs:         7374 ave        7374 max        7374 min
Histogram: 1 0 0 0 0 0 0 0 0 0

Total # of neighbors = 7374
Ave neighs/atom = 34.138889
Neighbor list builds = 0
Dangerous builds = 0
next i
jump SELF loop_struct
Total wall time: 0:00:00
