units metal
boundary p p p
atom_style atomic
read_data Si222_${i}.in
read_data Si222_1.in
Reading data file ...
  orthogonal box = (0 0 0) to (10.887404 10.887404 10.887404)
  1 by 1 by 1 MPI processor grid
  reading atoms ...
  64 atoms
  reading velocities ...
  64 velocities
  read_data CPU = 0.003 seconds
mass 1 28.085
pair_style sw
pair_coeff * * Si.sw Si
Reading sw potential file Si.sw with DATE: 2007-06-11
run 0

CITE-CITE-CITE-CITE-CITE-CITE-CITE-CITE-CITE-CITE-CITE-CITE-CITE

Your simulation uses code contributions which should be cited:

- Type Label Framework: https://doi.org/10.1021/acs.jpcb.3c08419

@Article{Gissinger24,
 author = {Jacob R. Gissinger, Ilia Nikiforov, Yaser Afshar, Brendon Waters, Moon-ki Choi, Daniel S. Karls, Alexander Stukowski, Wonpil Im, Hendrik Heinz, Axel Kohlmeyer, and Ellad B. Tadmor},
 title = {Type Label Framework for Bonded Force Fields in LAMMPS},
 journal = {J. Phys. Chem. B},
 year =    2024,
 volume =  128,
 number =  13,
 pages =   {3282–-3297}
}

CITE-CITE-CITE-CITE-CITE-CITE-CITE-CITE-CITE-CITE-CITE-CITE-CITE

WARNING: No fixes with time integration, atoms won't move (src/verlet.cpp:60)
Neighbor list info ...
  update: every = 1 steps, delay = 0 steps, check = yes
  max neighbors/atom: 2000, page size: 100000
  master list distance cutoff = 5.77118
  ghost atom cutoff = 5.77118
  binsize = 2.88559, bins = 4 4 4
  1 neighbor lists, perpetual/occasional/extra = 1 0 0
  (1) pair sw, perpetual
      attributes: full, newton on
      pair build: full/bin/atomonly
      stencil: full/bin/3d
      bin: standard
Per MPI rank memory allocation (min/avg/max) = 3.074 | 3.074 | 3.074 Mbytes
   Step          Temp          E_pair         E_mol          TotEng         Press     
         0   0             -275.35622      0             -275.35622     -5817.4709    
Loop time of 1.19e-06 on 1 procs for 0 steps with 64 atoms

84.0% CPU use with 1 MPI tasks x 1 OpenMP threads

MPI task timing breakdown:
Section |  min time  |  avg time  |  max time  |%varavg| %total
---------------------------------------------------------------
Pair    | 0          | 0          | 0          |   0.0 |  0.00
Neigh   | 0          | 0          | 0          |   0.0 |  0.00
Comm    | 0          | 0          | 0          |   0.0 |  0.00
Output  | 0          | 0          | 0          |   0.0 |  0.00
Modify  | 0          | 0          | 0          |   0.0 |  0.00
Other   |            | 1.19e-06   |            |       |100.00

Nlocal:             64 ave          64 max          64 min
Histogram: 1 0 0 0 0 0 0 0 0 0
Nghost:            557 ave         557 max         557 min
Histogram: 1 0 0 0 0 0 0 0 0 0
Neighs:              0 ave           0 max           0 min
Histogram: 1 0 0 0 0 0 0 0 0 0
FullNghs:         2190 ave        2190 max        2190 min
Histogram: 1 0 0 0 0 0 0 0 0 0

Total # of neighbors = 2190
Ave neighs/atom = 34.21875
Neighbor list builds = 0
Dangerous builds = 0
next i
jump SELF loop_struct
clear
  using 1 OpenMP thread(s) per MPI task
log energies.log append
units metal
boundary p p p
atom_style atomic
read_data Si222_${i}.in
read_data Si222_2.in
Reading data file ...
  orthogonal box = (0 0 0) to (10.887404 10.887404 10.887404)
  1 by 1 by 1 MPI processor grid
  reading atoms ...
  64 atoms
  reading velocities ...
  64 velocities
  read_data CPU = 0.001 seconds
mass 1 28.085
pair_style sw
pair_coeff * * Si.sw Si
Reading sw potential file Si.sw with DATE: 2007-06-11
run 0
WARNING: No fixes with time integration, atoms won't move (src/verlet.cpp:60)
Neighbor list info ...
  update: every = 1 steps, delay = 0 steps, check = yes
  max neighbors/atom: 2000, page size: 100000
  master list distance cutoff = 5.77118
  ghost atom cutoff = 5.77118
  binsize = 2.88559, bins = 4 4 4
  1 neighbor lists, perpetual/occasional/extra = 1 0 0
  (1) pair sw, perpetual
      attributes: full, newton on
      pair build: full/bin/atomonly
      stencil: full/bin/3d
      bin: standard
Per MPI rank memory allocation (min/avg/max) = 3.074 | 3.074 | 3.074 Mbytes
   Step          Temp          E_pair         E_mol          TotEng         Press     
         0   0             -275.58952      0             -275.58952     -5752.7618    
Loop time of 1.09e-06 on 1 procs for 0 steps with 64 atoms

91.7% CPU use with 1 MPI tasks x 1 OpenMP threads

MPI task timing breakdown:
Section |  min time  |  avg time  |  max time  |%varavg| %total
---------------------------------------------------------------
Pair    | 0          | 0          | 0          |   0.0 |  0.00
Neigh   | 0          | 0          | 0          |   0.0 |  0.00
Comm    | 0          | 0          | 0          |   0.0 |  0.00
Output  | 0          | 0          | 0          |   0.0 |  0.00
Modify  | 0          | 0          | 0          |   0.0 |  0.00
Other   |            | 1.09e-06   |            |       |100.00

Nlocal:             64 ave          64 max          64 min
Histogram: 1 0 0 0 0 0 0 0 0 0
Nghost:            557 ave         557 max         557 min
Histogram: 1 0 0 0 0 0 0 0 0 0
Neighs:              0 ave           0 max           0 min
Histogram: 1 0 0 0 0 0 0 0 0 0
FullNghs:         2186 ave        2186 max        2186 min
Histogram: 1 0 0 0 0 0 0 0 0 0

Total # of neighbors = 2186
Ave neighs/atom = 34.15625
Neighbor list builds = 0
Dangerous builds = 0
next i
jump SELF loop_struct
clear
  using 1 OpenMP thread(s) per MPI task
log energies.log append
units metal
boundary p p p
atom_style atomic
read_data Si222_${i}.in
read_data Si222_3.in
Reading data file ...
  orthogonal box = (0 0 0) to (10.887404 10.887404 10.887404)
  1 by 1 by 1 MPI processor grid
  reading atoms ...
  64 atoms
  reading velocities ...
  64 velocities
  read_data CPU = 0.001 seconds
mass 1 28.085
pair_style sw
pair_coeff * * Si.sw Si
Reading sw potential file Si.sw with DATE: 2007-06-11
run 0
WARNING: No fixes with time integration, atoms won't move (src/verlet.cpp:60)
Neighbor list info ...
  update: every = 1 steps, delay = 0 steps, check = yes
  max neighbors/atom: 2000, page size: 100000
  master list distance cutoff = 5.77118
  ghost atom cutoff = 5.77118
  binsize = 2.88559, bins = 4 4 4
  1 neighbor lists, perpetual/occasional/extra = 1 0 0
  (1) pair sw, perpetual
      attributes: full, newton on
      pair build: full/bin/atomonly
      stencil: full/bin/3d
      bin: standard
Per MPI rank memory allocation (min/avg/max) = 3.073 | 3.073 | 3.073 Mbytes
   Step          Temp          E_pair         E_mol          TotEng         Press     
         0   0             -275.74677      0             -275.74677     -5964.4566    
Loop time of 1.01e-06 on 1 procs for 0 steps with 64 atoms

0.0% CPU use with 1 MPI tasks x 1 OpenMP threads

MPI task timing breakdown:
Section |  min time  |  avg time  |  max time  |%varavg| %total
---------------------------------------------------------------
Pair    | 0          | 0          | 0          |   0.0 |  0.00
Neigh   | 0          | 0          | 0          |   0.0 |  0.00
Comm    | 0          | 0          | 0          |   0.0 |  0.00
Output  | 0          | 0          | 0          |   0.0 |  0.00
Modify  | 0          | 0          | 0          |   0.0 |  0.00
Other   |            | 1.01e-06   |            |       |100.00

Nlocal:             64 ave          64 max          64 min
Histogram: 1 0 0 0 0 0 0 0 0 0
Nghost:            557 ave         557 max         557 min
Histogram: 1 0 0 0 0 0 0 0 0 0
Neighs:              0 ave           0 max           0 min
Histogram: 1 0 0 0 0 0 0 0 0 0
FullNghs:         2184 ave        2184 max        2184 min
Histogram: 1 0 0 0 0 0 0 0 0 0

Total # of neighbors = 2184
Ave neighs/atom = 34.125
Neighbor list builds = 0
Dangerous builds = 0
next i
jump SELF loop_struct
clear
  using 1 OpenMP thread(s) per MPI task
log energies.log append
units metal
boundary p p p
atom_style atomic
read_data Si222_${i}.in
read_data Si222_4.in
Reading data file ...
  orthogonal box = (0 0 0) to (10.887404 10.887404 10.887404)
  1 by 1 by 1 MPI processor grid
  reading atoms ...
  64 atoms
  reading velocities ...
  64 velocities
  read_data CPU = 0.001 seconds
mass 1 28.085
pair_style sw
pair_coeff * * Si.sw Si
Reading sw potential file Si.sw with DATE: 2007-06-11
run 0
WARNING: No fixes with time integration, atoms won't move (src/verlet.cpp:60)
Neighbor list info ...
  update: every = 1 steps, delay = 0 steps, check = yes
  max neighbors/atom: 2000, page size: 100000
  master list distance cutoff = 5.77118
  ghost atom cutoff = 5.77118
  binsize = 2.88559, bins = 4 4 4
  1 neighbor lists, perpetual/occasional/extra = 1 0 0
  (1) pair sw, perpetual
      attributes: full, newton on
      pair build: full/bin/atomonly
      stencil: full/bin/3d
      bin: standard
Per MPI rank memory allocation (min/avg/max) = 3.074 | 3.074 | 3.074 Mbytes
   Step          Temp          E_pair         E_mol          TotEng         Press     
         0   0             -275.64017      0             -275.64017     -5722.9789    
Loop time of 1.04e-06 on 1 procs for 0 steps with 64 atoms

0.0% CPU use with 1 MPI tasks x 1 OpenMP threads

MPI task timing breakdown:
Section |  min time  |  avg time  |  max time  |%varavg| %total
---------------------------------------------------------------
Pair    | 0          | 0          | 0          |   0.0 |  0.00
Neigh   | 0          | 0          | 0          |   0.0 |  0.00
Comm    | 0          | 0          | 0          |   0.0 |  0.00
Output  | 0          | 0          | 0          |   0.0 |  0.00
Modify  | 0          | 0          | 0          |   0.0 |  0.00
Other   |            | 1.04e-06   |            |       |100.00

Nlocal:             64 ave          64 max          64 min
Histogram: 1 0 0 0 0 0 0 0 0 0
Nghost:            557 ave         557 max         557 min
Histogram: 1 0 0 0 0 0 0 0 0 0
Neighs:              0 ave           0 max           0 min
Histogram: 1 0 0 0 0 0 0 0 0 0
FullNghs:         2178 ave        2178 max        2178 min
Histogram: 1 0 0 0 0 0 0 0 0 0

Total # of neighbors = 2178
Ave neighs/atom = 34.03125
Neighbor list builds = 0
Dangerous builds = 0
next i
jump SELF loop_struct
clear
  using 1 OpenMP thread(s) per MPI task
log energies.log append
units metal
boundary p p p
atom_style atomic
read_data Si222_${i}.in
read_data Si222_5.in
Reading data file ...
  orthogonal box = (0 0 0) to (10.887404 10.887404 10.887404)
  1 by 1 by 1 MPI processor grid
  reading atoms ...
  64 atoms
  reading velocities ...
  64 velocities
  read_data CPU = 0.001 seconds
mass 1 28.085
pair_style sw
pair_coeff * * Si.sw Si
Reading sw potential file Si.sw with DATE: 2007-06-11
run 0
WARNING: No fixes with time integration, atoms won't move (src/verlet.cpp:60)
Neighbor list info ...
  update: every = 1 steps, delay = 0 steps, check = yes
  max neighbors/atom: 2000, page size: 100000
  master list distance cutoff = 5.77118
  ghost atom cutoff = 5.77118
  binsize = 2.88559, bins = 4 4 4
  1 neighbor lists, perpetual/occasional/extra = 1 0 0
  (1) pair sw, perpetual
      attributes: full, newton on
      pair build: full/bin/atomonly
      stencil: full/bin/3d
      bin: standard
Per MPI rank memory allocation (min/avg/max) = 3.073 | 3.073 | 3.073 Mbytes
   Step          Temp          E_pair         E_mol          TotEng         Press     
         0   0             -275.68728      0             -275.68728     -6051.7583    
Loop time of 1.02e-06 on 1 procs for 0 steps with 64 atoms

0.0% CPU use with 1 MPI tasks x 1 OpenMP threads

MPI task timing breakdown:
Section |  min time  |  avg time  |  max time  |%varavg| %total
---------------------------------------------------------------
Pair    | 0          | 0          | 0          |   0.0 |  0.00
Neigh   | 0          | 0          | 0          |   0.0 |  0.00
Comm    | 0          | 0          | 0          |   0.0 |  0.00
Output  | 0          | 0          | 0          |   0.0 |  0.00
Modify  | 0          | 0          | 0          |   0.0 |  0.00
Other   |            | 1.02e-06   |            |       |100.00

Nlocal:             64 ave          64 max          64 min
Histogram: 1 0 0 0 0 0 0 0 0 0
Nghost:            557 ave         557 max         557 min
Histogram: 1 0 0 0 0 0 0 0 0 0
Neighs:              0 ave           0 max           0 min
Histogram: 1 0 0 0 0 0 0 0 0 0
FullNghs:         2186 ave        2186 max        2186 min
Histogram: 1 0 0 0 0 0 0 0 0 0

Total # of neighbors = 2186
Ave neighs/atom = 34.15625
Neighbor list builds = 0
Dangerous builds = 0
next i
jump SELF loop_struct
clear
  using 1 OpenMP thread(s) per MPI task
log energies.log append
units metal
boundary p p p
atom_style atomic
read_data Si222_${i}.in
read_data Si222_6.in
Reading data file ...
  orthogonal box = (0 0 0) to (10.887404 10.887404 10.887404)
  1 by 1 by 1 MPI processor grid
  reading atoms ...
  64 atoms
  reading velocities ...
  64 velocities
  read_data CPU = 0.001 seconds
mass 1 28.085
pair_style sw
pair_coeff * * Si.sw Si
Reading sw potential file Si.sw with DATE: 2007-06-11
run 0
WARNING: No fixes with time integration, atoms won't move (src/verlet.cpp:60)
Neighbor list info ...
  update: every = 1 steps, delay = 0 steps, check = yes
  max neighbors/atom: 2000, page size: 100000
  master list distance cutoff = 5.77118
  ghost atom cutoff = 5.77118
  binsize = 2.88559, bins = 4 4 4
  1 neighbor lists, perpetual/occasional/extra = 1 0 0
  (1) pair sw, perpetual
      attributes: full, newton on
      pair build: full/bin/atomonly
      stencil: full/bin/3d
      bin: standard
Per MPI rank memory allocation (min/avg/max) = 3.072 | 3.072 | 3.072 Mbytes
   Step          Temp          E_pair         E_mol          TotEng         Press     
         0   0             -254.10372      0             -254.10372      43875.757    
Loop time of 1.05e-06 on 1 procs for 0 steps with 64 atoms

0.0% CPU use with 1 MPI tasks x 1 OpenMP threads

MPI task timing breakdown:
Section |  min time  |  avg time  |  max time  |%varavg| %total
---------------------------------------------------------------
Pair    | 0          | 0          | 0          |   0.0 |  0.00
Neigh   | 0          | 0          | 0          |   0.0 |  0.00
Comm    | 0          | 0          | 0          |   0.0 |  0.00
Output  | 0          | 0          | 0          |   0.0 |  0.00
Modify  | 0          | 0          | 0          |   0.0 |  0.00
Other   |            | 1.05e-06   |            |       |100.00

Nlocal:             64 ave          64 max          64 min
Histogram: 1 0 0 0 0 0 0 0 0 0
Nghost:            549 ave         549 max         549 min
Histogram: 1 0 0 0 0 0 0 0 0 0
Neighs:              0 ave           0 max           0 min
Histogram: 1 0 0 0 0 0 0 0 0 0
FullNghs:         2258 ave        2258 max        2258 min
Histogram: 1 0 0 0 0 0 0 0 0 0

Total # of neighbors = 2258
Ave neighs/atom = 35.28125
Neighbor list builds = 0
Dangerous builds = 0
next i
jump SELF loop_struct
clear
  using 1 OpenMP thread(s) per MPI task
log energies.log append
units metal
boundary p p p
atom_style atomic
read_data Si222_${i}.in
read_data Si222_7.in
Reading data file ...
  orthogonal box = (0 0 0) to (10.887404 10.887404 10.887404)
  1 by 1 by 1 MPI processor grid
  reading atoms ...
  64 atoms
  reading velocities ...
  64 velocities
  read_data CPU = 0.001 seconds
mass 1 28.085
pair_style sw
pair_coeff * * Si.sw Si
Reading sw potential file Si.sw with DATE: 2007-06-11
run 0
WARNING: No fixes with time integration, atoms won't move (src/verlet.cpp:60)
Neighbor list info ...
  update: every = 1 steps, delay = 0 steps, check = yes
  max neighbors/atom: 2000, page size: 100000
  master list distance cutoff = 5.77118
  ghost atom cutoff = 5.77118
  binsize = 2.88559, bins = 4 4 4
  1 neighbor lists, perpetual/occasional/extra = 1 0 0
  (1) pair sw, perpetual
      attributes: full, newton on
      pair build: full/bin/atomonly
      stencil: full/bin/3d
      bin: standard
Per MPI rank memory allocation (min/avg/max) = 3.074 | 3.074 | 3.074 Mbytes
   Step          Temp          E_pair         E_mol          TotEng         Press     
         0   0             -275.49804      0             -275.49804     -5934.4649    
Loop time of 1.06e-06 on 1 procs for 0 steps with 64 atoms

94.3% CPU use with 1 MPI tasks x 1 OpenMP threads

MPI task timing breakdown:
Section |  min time  |  avg time  |  max time  |%varavg| %total
---------------------------------------------------------------
Pair    | 0          | 0          | 0          |   0.0 |  0.00
Neigh   | 0          | 0          | 0          |   0.0 |  0.00
Comm    | 0          | 0          | 0          |   0.0 |  0.00
Output  | 0          | 0          | 0          |   0.0 |  0.00
Modify  | 0          | 0          | 0          |   0.0 |  0.00
Other   |            | 1.06e-06   |            |       |100.00

Nlocal:             64 ave          64 max          64 min
Histogram: 1 0 0 0 0 0 0 0 0 0
Nghost:            557 ave         557 max         557 min
Histogram: 1 0 0 0 0 0 0 0 0 0
Neighs:              0 ave           0 max           0 min
Histogram: 1 0 0 0 0 0 0 0 0 0
FullNghs:         2186 ave        2186 max        2186 min
Histogram: 1 0 0 0 0 0 0 0 0 0

Total # of neighbors = 2186
Ave neighs/atom = 34.15625
Neighbor list builds = 0
Dangerous builds = 0
next i
jump SELF loop_struct
clear
  using 1 OpenMP thread(s) per MPI task
log energies.log append
units metal
boundary p p p
atom_style atomic
read_data Si222_${i}.in
read_data Si222_8.in
Reading data file ...
  orthogonal box = (0 0 0) to (10.887404 10.887404 10.887404)
  1 by 1 by 1 MPI processor grid
  reading atoms ...
  64 atoms
  reading velocities ...
  64 velocities
  read_data CPU = 0.001 seconds
mass 1 28.085
pair_style sw
pair_coeff * * Si.sw Si
Reading sw potential file Si.sw with DATE: 2007-06-11
run 0
WARNING: No fixes with time integration, atoms won't move (src/verlet.cpp:60)
Neighbor list info ...
  update: every = 1 steps, delay = 0 steps, check = yes
  max neighbors/atom: 2000, page size: 100000
  master list distance cutoff = 5.77118
  ghost atom cutoff = 5.77118
  binsize = 2.88559, bins = 4 4 4
  1 neighbor lists, perpetual/occasional/extra = 1 0 0
  (1) pair sw, perpetual
      attributes: full, newton on
      pair build: full/bin/atomonly
      stencil: full/bin/3d
      bin: standard
Per MPI rank memory allocation (min/avg/max) = 3.074 | 3.074 | 3.074 Mbytes
   Step          Temp          E_pair         E_mol          TotEng         Press     
         0   0             -275.69757      0             -275.69757     -5779.7249    
Loop time of 1.06e-06 on 1 procs for 0 steps with 64 atoms

0.0% CPU use with 1 MPI tasks x 1 OpenMP threads

MPI task timing breakdown:
Section |  min time  |  avg time  |  max time  |%varavg| %total
---------------------------------------------------------------
Pair    | 0          | 0          | 0          |   0.0 |  0.00
Neigh   | 0          | 0          | 0          |   0.0 |  0.00
Comm    | 0          | 0          | 0          |   0.0 |  0.00
Output  | 0          | 0          | 0          |   0.0 |  0.00
Modify  | 0          | 0          | 0          |   0.0 |  0.00
Other   |            | 1.06e-06   |            |       |100.00

Nlocal:             64 ave          64 max          64 min
Histogram: 1 0 0 0 0 0 0 0 0 0
Nghost:            557 ave         557 max         557 min
Histogram: 1 0 0 0 0 0 0 0 0 0
Neighs:              0 ave           0 max           0 min
Histogram: 1 0 0 0 0 0 0 0 0 0
FullNghs:         2182 ave        2182 max        2182 min
Histogram: 1 0 0 0 0 0 0 0 0 0

Total # of neighbors = 2182
Ave neighs/atom = 34.09375
Neighbor list builds = 0
Dangerous builds = 0
next i
jump SELF loop_struct
clear
  using 1 OpenMP thread(s) per MPI task
log energies.log append
units metal
boundary p p p
atom_style atomic
read_data Si222_${i}.in
read_data Si222_9.in
Reading data file ...
  orthogonal box = (0 0 0) to (10.887404 10.887404 10.887404)
  1 by 1 by 1 MPI processor grid
  reading atoms ...
  64 atoms
  reading velocities ...
  64 velocities
  read_data CPU = 0.001 seconds
mass 1 28.085
pair_style sw
pair_coeff * * Si.sw Si
Reading sw potential file Si.sw with DATE: 2007-06-11
run 0
WARNING: No fixes with time integration, atoms won't move (src/verlet.cpp:60)
Neighbor list info ...
  update: every = 1 steps, delay = 0 steps, check = yes
  max neighbors/atom: 2000, page size: 100000
  master list distance cutoff = 5.77118
  ghost atom cutoff = 5.77118
  binsize = 2.88559, bins = 4 4 4
  1 neighbor lists, perpetual/occasional/extra = 1 0 0
  (1) pair sw, perpetual
      attributes: full, newton on
      pair build: full/bin/atomonly
      stencil: full/bin/3d
      bin: standard
Per MPI rank memory allocation (min/avg/max) = 3.072 | 3.072 | 3.072 Mbytes
   Step          Temp          E_pair         E_mol          TotEng         Press     
         0   0             -254.27117      0             -254.27117      40783.295    
Loop time of 1.02e-06 on 1 procs for 0 steps with 64 atoms

98.0% CPU use with 1 MPI tasks x 1 OpenMP threads

MPI task timing breakdown:
Section |  min time  |  avg time  |  max time  |%varavg| %total
---------------------------------------------------------------
Pair    | 0          | 0          | 0          |   0.0 |  0.00
Neigh   | 0          | 0          | 0          |   0.0 |  0.00
Comm    | 0          | 0          | 0          |   0.0 |  0.00
Output  | 0          | 0          | 0          |   0.0 |  0.00
Modify  | 0          | 0          | 0          |   0.0 |  0.00
Other   |            | 1.02e-06   |            |       |100.00

Nlocal:             64 ave          64 max          64 min
Histogram: 1 0 0 0 0 0 0 0 0 0
Nghost:            549 ave         549 max         549 min
Histogram: 1 0 0 0 0 0 0 0 0 0
Neighs:              0 ave           0 max           0 min
Histogram: 1 0 0 0 0 0 0 0 0 0
FullNghs:         2258 ave        2258 max        2258 min
Histogram: 1 0 0 0 0 0 0 0 0 0

Total # of neighbors = 2258
Ave neighs/atom = 35.28125
Neighbor list builds = 0
Dangerous builds = 0
next i
jump SELF loop_struct
clear
  using 1 OpenMP thread(s) per MPI task
log energies.log append
units metal
boundary p p p
atom_style atomic
read_data Si222_${i}.in
read_data Si222_10.in
Reading data file ...
  orthogonal box = (0 0 0) to (10.887404 10.887404 10.887404)
  1 by 1 by 1 MPI processor grid
  reading atoms ...
  64 atoms
  reading velocities ...
  64 velocities
  read_data CPU = 0.001 seconds
mass 1 28.085
pair_style sw
pair_coeff * * Si.sw Si
Reading sw potential file Si.sw with DATE: 2007-06-11
run 0
WARNING: No fixes with time integration, atoms won't move (src/verlet.cpp:60)
Neighbor list info ...
  update: every = 1 steps, delay = 0 steps, check = yes
  max neighbors/atom: 2000, page size: 100000
  master list distance cutoff = 5.77118
  ghost atom cutoff = 5.77118
  binsize = 2.88559, bins = 4 4 4
  1 neighbor lists, perpetual/occasional/extra = 1 0 0
  (1) pair sw, perpetual
      attributes: full, newton on
      pair build: full/bin/atomonly
      stencil: full/bin/3d
      bin: standard
Per MPI rank memory allocation (min/avg/max) = 3.072 | 3.072 | 3.072 Mbytes
   Step          Temp          E_pair         E_mol          TotEng         Press     
         0   0             -275.49952      0             -275.49952     -5907.4823    
Loop time of 1.06e-06 on 1 procs for 0 steps with 64 atoms

0.0% CPU use with 1 MPI tasks x 1 OpenMP threads

MPI task timing breakdown:
Section |  min time  |  avg time  |  max time  |%varavg| %total
---------------------------------------------------------------
Pair    | 0          | 0          | 0          |   0.0 |  0.00
Neigh   | 0          | 0          | 0          |   0.0 |  0.00
Comm    | 0          | 0          | 0          |   0.0 |  0.00
Output  | 0          | 0          | 0          |   0.0 |  0.00
Modify  | 0          | 0          | 0          |   0.0 |  0.00
Other   |            | 1.06e-06   |            |       |100.00

Nlocal:             64 ave          64 max          64 min
Histogram: 1 0 0 0 0 0 0 0 0 0
Nghost:            557 ave         557 max         557 min
Histogram: 1 0 0 0 0 0 0 0 0 0
Neighs:              0 ave           0 max           0 min
Histogram: 1 0 0 0 0 0 0 0 0 0
FullNghs:         2190 ave        2190 max        2190 min
Histogram: 1 0 0 0 0 0 0 0 0 0

Total # of neighbors = 2190
Ave neighs/atom = 34.21875
Neighbor list builds = 0
Dangerous builds = 0
next i
jump SELF loop_struct
clear
  using 1 OpenMP thread(s) per MPI task
log energies.log append
units metal
boundary p p p
atom_style atomic
read_data Si222_${i}.in
read_data Si222_11.in
Reading data file ...
  orthogonal box = (0 0 0) to (10.887404 10.887404 10.887404)
  1 by 1 by 1 MPI processor grid
  reading atoms ...
  64 atoms
  reading velocities ...
  64 velocities
  read_data CPU = 0.001 seconds
mass 1 28.085
pair_style sw
pair_coeff * * Si.sw Si
Reading sw potential file Si.sw with DATE: 2007-06-11
run 0
WARNING: No fixes with time integration, atoms won't move (src/verlet.cpp:60)
Neighbor list info ...
  update: every = 1 steps, delay = 0 steps, check = yes
  max neighbors/atom: 2000, page size: 100000
  master list distance cutoff = 5.77118
  ghost atom cutoff = 5.77118
  binsize = 2.88559, bins = 4 4 4
  1 neighbor lists, perpetual/occasional/extra = 1 0 0
  (1) pair sw, perpetual
      attributes: full, newton on
      pair build: full/bin/atomonly
      stencil: full/bin/3d
      bin: standard
Per MPI rank memory allocation (min/avg/max) = 3.072 | 3.072 | 3.072 Mbytes
   Step          Temp          E_pair         E_mol          TotEng         Press     
         0   0             -253.65157      0             -253.65157      45898.859    
Loop time of 1.05e-06 on 1 procs for 0 steps with 64 atoms

0.0% CPU use with 1 MPI tasks x 1 OpenMP threads

MPI task timing breakdown:
Section |  min time  |  avg time  |  max time  |%varavg| %total
---------------------------------------------------------------
Pair    | 0          | 0          | 0          |   0.0 |  0.00
Neigh   | 0          | 0          | 0          |   0.0 |  0.00
Comm    | 0          | 0          | 0          |   0.0 |  0.00
Output  | 0          | 0          | 0          |   0.0 |  0.00
Modify  | 0          | 0          | 0          |   0.0 |  0.00
Other   |            | 1.05e-06   |            |       |100.00

Nlocal:             64 ave          64 max          64 min
Histogram: 1 0 0 0 0 0 0 0 0 0
Nghost:            553 ave         553 max         553 min
Histogram: 1 0 0 0 0 0 0 0 0 0
Neighs:              0 ave           0 max           0 min
Histogram: 1 0 0 0 0 0 0 0 0 0
FullNghs:         2264 ave        2264 max        2264 min
Histogram: 1 0 0 0 0 0 0 0 0 0

Total # of neighbors = 2264
Ave neighs/atom = 35.375
Neighbor list builds = 0
Dangerous builds = 0
next i
jump SELF loop_struct
clear
  using 1 OpenMP thread(s) per MPI task
log energies.log append
units metal
boundary p p p
atom_style atomic
read_data Si222_${i}.in
read_data Si222_12.in
Reading data file ...
  orthogonal box = (0 0 0) to (10.887404 10.887404 10.887404)
  1 by 1 by 1 MPI processor grid
  reading atoms ...
  64 atoms
  reading velocities ...
  64 velocities
  read_data CPU = 0.001 seconds
mass 1 28.085
pair_style sw
pair_coeff * * Si.sw Si
Reading sw potential file Si.sw with DATE: 2007-06-11
run 0
WARNING: No fixes with time integration, atoms won't move (src/verlet.cpp:60)
Neighbor list info ...
  update: every = 1 steps, delay = 0 steps, check = yes
  max neighbors/atom: 2000, page size: 100000
  master list distance cutoff = 5.77118
  ghost atom cutoff = 5.77118
  binsize = 2.88559, bins = 4 4 4
  1 neighbor lists, perpetual/occasional/extra = 1 0 0
  (1) pair sw, perpetual
      attributes: full, newton on
      pair build: full/bin/atomonly
      stencil: full/bin/3d
      bin: standard
Per MPI rank memory allocation (min/avg/max) = 3.074 | 3.074 | 3.074 Mbytes
   Step          Temp          E_pair         E_mol          TotEng         Press     
         0   0             -275.40912      0             -275.40912     -6091.4967    
Loop time of 1.06e-06 on 1 procs for 0 steps with 64 atoms

0.0% CPU use with 1 MPI tasks x 1 OpenMP threads

MPI task timing breakdown:
Section |  min time  |  avg time  |  max time  |%varavg| %total
---------------------------------------------------------------
Pair    | 0          | 0          | 0          |   0.0 |  0.00
Neigh   | 0          | 0          | 0          |   0.0 |  0.00
Comm    | 0          | 0          | 0          |   0.0 |  0.00
Output  | 0          | 0          | 0          |   0.0 |  0.00
Modify  | 0          | 0          | 0          |   0.0 |  0.00
Other   |            | 1.06e-06   |            |       |100.00

Nlocal:             64 ave          64 max          64 min
Histogram: 1 0 0 0 0 0 0 0 0 0
Nghost:            557 ave         557 max         557 min
Histogram: 1 0 0 0 0 0 0 0 0 0
Neighs:              0 ave           0 max           0 min
Histogram: 1 0 0 0 0 0 0 0 0 0
FullNghs:         2190 ave        2190 max        2190 min
Histogram: 1 0 0 0 0 0 0 0 0 0

Total # of neighbors = 2190
Ave neighs/atom = 34.21875
Neighbor list builds = 0
Dangerous builds = 0
next i
jump SELF loop_struct
clear
  using 1 OpenMP thread(s) per MPI task
log energies.log append
units metal
boundary p p p
atom_style atomic
read_data Si222_${i}.in
read_data Si222_13.in
Reading data file ...
  orthogonal box = (0 0 0) to (10.887404 10.887404 10.887404)
  1 by 1 by 1 MPI processor grid
  reading atoms ...
  64 atoms
  reading velocities ...
  64 velocities
  read_data CPU = 0.001 seconds
mass 1 28.085
pair_style sw
pair_coeff * * Si.sw Si
Reading sw potential file Si.sw with DATE: 2007-06-11
run 0
WARNING: No fixes with time integration, atoms won't move (src/verlet.cpp:60)
Neighbor list info ...
  update: every = 1 steps, delay = 0 steps, check = yes
  max neighbors/atom: 2000, page size: 100000
  master list distance cutoff = 5.77118
  ghost atom cutoff = 5.77118
  binsize = 2.88559, bins = 4 4 4
  1 neighbor lists, perpetual/occasional/extra = 1 0 0
  (1) pair sw, perpetual
      attributes: full, newton on
      pair build: full/bin/atomonly
      stencil: full/bin/3d
      bin: standard
Per MPI rank memory allocation (min/avg/max) = 3.074 | 3.074 | 3.074 Mbytes
   Step          Temp          E_pair         E_mol          TotEng         Press     
         0   0             -275.58522      0             -275.58522     -5642.7325    
Loop time of 1.07e-06 on 1 procs for 0 steps with 64 atoms

93.5% CPU use with 1 MPI tasks x 1 OpenMP threads

MPI task timing breakdown:
Section |  min time  |  avg time  |  max time  |%varavg| %total
---------------------------------------------------------------
Pair    | 0          | 0          | 0          |   0.0 |  0.00
Neigh   | 0          | 0          | 0          |   0.0 |  0.00
Comm    | 0          | 0          | 0          |   0.0 |  0.00
Output  | 0          | 0          | 0          |   0.0 |  0.00
Modify  | 0          | 0          | 0          |   0.0 |  0.00
Other   |            | 1.07e-06   |            |       |100.00

Nlocal:             64 ave          64 max          64 min
Histogram: 1 0 0 0 0 0 0 0 0 0
Nghost:            557 ave         557 max         557 min
Histogram: 1 0 0 0 0 0 0 0 0 0
Neighs:              0 ave           0 max           0 min
Histogram: 1 0 0 0 0 0 0 0 0 0
FullNghs:         2176 ave        2176 max        2176 min
Histogram: 1 0 0 0 0 0 0 0 0 0

Total # of neighbors = 2176
Ave neighs/atom = 34
Neighbor list builds = 0
Dangerous builds = 0
next i
jump SELF loop_struct
clear
  using 1 OpenMP thread(s) per MPI task
log energies.log append
units metal
boundary p p p
atom_style atomic
read_data Si222_${i}.in
read_data Si222_14.in
Reading data file ...
  orthogonal box = (0 0 0) to (10.887404 10.887404 10.887404)
  1 by 1 by 1 MPI processor grid
  reading atoms ...
  64 atoms
  reading velocities ...
  64 velocities
  read_data CPU = 0.001 seconds
mass 1 28.085
pair_style sw
pair_coeff * * Si.sw Si
Reading sw potential file Si.sw with DATE: 2007-06-11
run 0
WARNING: No fixes with time integration, atoms won't move (src/verlet.cpp:60)
Neighbor list info ...
  update: every = 1 steps, delay = 0 steps, check = yes
  max neighbors/atom: 2000, page size: 100000
  master list distance cutoff = 5.77118
  ghost atom cutoff = 5.77118
  binsize = 2.88559, bins = 4 4 4
  1 neighbor lists, perpetual/occasional/extra = 1 0 0
  (1) pair sw, perpetual
      attributes: full, newton on
      pair build: full/bin/atomonly
      stencil: full/bin/3d
      bin: standard
Per MPI rank memory allocation (min/avg/max) = 3.074 | 3.074 | 3.074 Mbytes
   Step          Temp          E_pair         E_mol          TotEng         Press     
         0   0             -275.37437      0             -275.37437     -5760.155     
Loop time of 1.06e-06 on 1 procs for 0 steps with 64 atoms

0.0% CPU use with 1 MPI tasks x 1 OpenMP threads

MPI task timing breakdown:
Section |  min time  |  avg time  |  max time  |%varavg| %total
---------------------------------------------------------------
Pair    | 0          | 0          | 0          |   0.0 |  0.00
Neigh   | 0          | 0          | 0          |   0.0 |  0.00
Comm    | 0          | 0          | 0          |   0.0 |  0.00
Output  | 0          | 0          | 0          |   0.0 |  0.00
Modify  | 0          | 0          | 0          |   0.0 |  0.00
Other   |            | 1.06e-06   |            |       |100.00

Nlocal:             64 ave          64 max          64 min
Histogram: 1 0 0 0 0 0 0 0 0 0
Nghost:            557 ave         557 max         557 min
Histogram: 1 0 0 0 0 0 0 0 0 0
Neighs:              0 ave           0 max           0 min
Histogram: 1 0 0 0 0 0 0 0 0 0
FullNghs:         2184 ave        2184 max        2184 min
Histogram: 1 0 0 0 0 0 0 0 0 0

Total # of neighbors = 2184
Ave neighs/atom = 34.125
Neighbor list builds = 0
Dangerous builds = 0
next i
jump SELF loop_struct
clear
  using 1 OpenMP thread(s) per MPI task
log energies.log append
units metal
boundary p p p
atom_style atomic
read_data Si222_${i}.in
read_data Si222_15.in
Reading data file ...
  orthogonal box = (0 0 0) to (10.887404 10.887404 10.887404)
  1 by 1 by 1 MPI processor grid
  reading atoms ...
  64 atoms
  reading velocities ...
  64 velocities
  read_data CPU = 0.001 seconds
mass 1 28.085
pair_style sw
pair_coeff * * Si.sw Si
Reading sw potential file Si.sw with DATE: 2007-06-11
run 0
WARNING: No fixes with time integration, atoms won't move (src/verlet.cpp:60)
Neighbor list info ...
  update: every = 1 steps, delay = 0 steps, check = yes
  max neighbors/atom: 2000, page size: 100000
  master list distance cutoff = 5.77118
  ghost atom cutoff = 5.77118
  binsize = 2.88559, bins = 4 4 4
  1 neighbor lists, perpetual/occasional/extra = 1 0 0
  (1) pair sw, perpetual
      attributes: full, newton on
      pair build: full/bin/atomonly
      stencil: full/bin/3d
      bin: standard
Per MPI rank memory allocation (min/avg/max) = 3.064 | 3.064 | 3.064 Mbytes
   Step          Temp          E_pair         E_mol          TotEng         Press     
         0   0             -275.51824      0             -275.51824     -5732.6298    
Loop time of 1.04e-06 on 1 procs for 0 steps with 64 atoms

96.2% CPU use with 1 MPI tasks x 1 OpenMP threads

MPI task timing breakdown:
Section |  min time  |  avg time  |  max time  |%varavg| %total
---------------------------------------------------------------
Pair    | 0          | 0          | 0          |   0.0 |  0.00
Neigh   | 0          | 0          | 0          |   0.0 |  0.00
Comm    | 0          | 0          | 0          |   0.0 |  0.00
Output  | 0          | 0          | 0          |   0.0 |  0.00
Modify  | 0          | 0          | 0          |   0.0 |  0.00
Other   |            | 1.04e-06   |            |       |100.00

Nlocal:             64 ave          64 max          64 min
Histogram: 1 0 0 0 0 0 0 0 0 0
Nghost:            557 ave         557 max         557 min
Histogram: 1 0 0 0 0 0 0 0 0 0
Neighs:              0 ave           0 max           0 min
Histogram: 1 0 0 0 0 0 0 0 0 0
FullNghs:         2178 ave        2178 max        2178 min
Histogram: 1 0 0 0 0 0 0 0 0 0

Total # of neighbors = 2178
Ave neighs/atom = 34.03125
Neighbor list builds = 0
Dangerous builds = 0
next i
jump SELF loop_struct
clear
  using 1 OpenMP thread(s) per MPI task
log energies.log append
units metal
boundary p p p
atom_style atomic
read_data Si222_${i}.in
read_data Si222_16.in
Reading data file ...
  orthogonal box = (0 0 0) to (10.887404 10.887404 10.887404)
  1 by 1 by 1 MPI processor grid
  reading atoms ...
  64 atoms
  reading velocities ...
  64 velocities
  read_data CPU = 0.001 seconds
mass 1 28.085
pair_style sw
pair_coeff * * Si.sw Si
Reading sw potential file Si.sw with DATE: 2007-06-11
run 0
WARNING: No fixes with time integration, atoms won't move (src/verlet.cpp:60)
Neighbor list info ...
  update: every = 1 steps, delay = 0 steps, check = yes
  max neighbors/atom: 2000, page size: 100000
  master list distance cutoff = 5.77118
  ghost atom cutoff = 5.77118
  binsize = 2.88559, bins = 4 4 4
  1 neighbor lists, perpetual/occasional/extra = 1 0 0
  (1) pair sw, perpetual
      attributes: full, newton on
      pair build: full/bin/atomonly
      stencil: full/bin/3d
      bin: standard
Per MPI rank memory allocation (min/avg/max) = 3.072 | 3.072 | 3.072 Mbytes
   Step          Temp          E_pair         E_mol          TotEng         Press     
         0   0             -221.35895      0             -221.35895      99185.06     
Loop time of 1.03e-06 on 1 procs for 0 steps with 64 atoms

97.1% CPU use with 1 MPI tasks x 1 OpenMP threads

MPI task timing breakdown:
Section |  min time  |  avg time  |  max time  |%varavg| %total
---------------------------------------------------------------
Pair    | 0          | 0          | 0          |   0.0 |  0.00
Neigh   | 0          | 0          | 0          |   0.0 |  0.00
Comm    | 0          | 0          | 0          |   0.0 |  0.00
Output  | 0          | 0          | 0          |   0.0 |  0.00
Modify  | 0          | 0          | 0          |   0.0 |  0.00
Other   |            | 1.03e-06   |            |       |100.00

Nlocal:             64 ave          64 max          64 min
Histogram: 1 0 0 0 0 0 0 0 0 0
Nghost:            537 ave         537 max         537 min
Histogram: 1 0 0 0 0 0 0 0 0 0
Neighs:              0 ave           0 max           0 min
Histogram: 1 0 0 0 0 0 0 0 0 0
FullNghs:         2342 ave        2342 max        2342 min
Histogram: 1 0 0 0 0 0 0 0 0 0

Total # of neighbors = 2342
Ave neighs/atom = 36.59375
Neighbor list builds = 0
Dangerous builds = 0
next i
jump SELF loop_struct
clear
  using 1 OpenMP thread(s) per MPI task
log energies.log append
units metal
boundary p p p
atom_style atomic
read_data Si222_${i}.in
read_data Si222_17.in
Reading data file ...
  orthogonal box = (0 0 0) to (10.887404 10.887404 10.887404)
  1 by 1 by 1 MPI processor grid
  reading atoms ...
  64 atoms
  reading velocities ...
  64 velocities
  read_data CPU = 0.001 seconds
mass 1 28.085
pair_style sw
pair_coeff * * Si.sw Si
Reading sw potential file Si.sw with DATE: 2007-06-11
run 0
WARNING: No fixes with time integration, atoms won't move (src/verlet.cpp:60)
Neighbor list info ...
  update: every = 1 steps, delay = 0 steps, check = yes
  max neighbors/atom: 2000, page size: 100000
  master list distance cutoff = 5.77118
  ghost atom cutoff = 5.77118
  binsize = 2.88559, bins = 4 4 4
  1 neighbor lists, perpetual/occasional/extra = 1 0 0
  (1) pair sw, perpetual
      attributes: full, newton on
      pair build: full/bin/atomonly
      stencil: full/bin/3d
      bin: standard
Per MPI rank memory allocation (min/avg/max) = 3.073 | 3.073 | 3.073 Mbytes
   Step          Temp          E_pair         E_mol          TotEng         Press     
         0   0             -275.39687      0             -275.39687     -5700.3488    
Loop time of 1.04e-06 on 1 procs for 0 steps with 64 atoms

96.2% CPU use with 1 MPI tasks x 1 OpenMP threads

MPI task timing breakdown:
Section |  min time  |  avg time  |  max time  |%varavg| %total
---------------------------------------------------------------
Pair    | 0          | 0          | 0          |   0.0 |  0.00
Neigh   | 0          | 0          | 0          |   0.0 |  0.00
Comm    | 0          | 0          | 0          |   0.0 |  0.00
Output  | 0          | 0          | 0          |   0.0 |  0.00
Modify  | 0          | 0          | 0          |   0.0 |  0.00
Other   |            | 1.04e-06   |            |       |100.00

Nlocal:             64 ave          64 max          64 min
Histogram: 1 0 0 0 0 0 0 0 0 0
Nghost:            557 ave         557 max         557 min
Histogram: 1 0 0 0 0 0 0 0 0 0
Neighs:              0 ave           0 max           0 min
Histogram: 1 0 0 0 0 0 0 0 0 0
FullNghs:         2182 ave        2182 max        2182 min
Histogram: 1 0 0 0 0 0 0 0 0 0

Total # of neighbors = 2182
Ave neighs/atom = 34.09375
Neighbor list builds = 0
Dangerous builds = 0
next i
jump SELF loop_struct
clear
  using 1 OpenMP thread(s) per MPI task
log energies.log append
units metal
boundary p p p
atom_style atomic
read_data Si222_${i}.in
read_data Si222_18.in
Reading data file ...
  orthogonal box = (0 0 0) to (10.887404 10.887404 10.887404)
  1 by 1 by 1 MPI processor grid
  reading atoms ...
  64 atoms
  reading velocities ...
  64 velocities
  read_data CPU = 0.001 seconds
mass 1 28.085
pair_style sw
pair_coeff * * Si.sw Si
Reading sw potential file Si.sw with DATE: 2007-06-11
run 0
WARNING: No fixes with time integration, atoms won't move (src/verlet.cpp:60)
Neighbor list info ...
  update: every = 1 steps, delay = 0 steps, check = yes
  max neighbors/atom: 2000, page size: 100000
  master list distance cutoff = 5.77118
  ghost atom cutoff = 5.77118
  binsize = 2.88559, bins = 4 4 4
  1 neighbor lists, perpetual/occasional/extra = 1 0 0
  (1) pair sw, perpetual
      attributes: full, newton on
      pair build: full/bin/atomonly
      stencil: full/bin/3d
      bin: standard
Per MPI rank memory allocation (min/avg/max) = 3.073 | 3.073 | 3.073 Mbytes
   Step          Temp          E_pair         E_mol          TotEng         Press     
         0   0             -275.37437      0             -275.37437     -5537.8933    
Loop time of 1.07e-06 on 1 procs for 0 steps with 64 atoms

93.5% CPU use with 1 MPI tasks x 1 OpenMP threads

MPI task timing breakdown:
Section |  min time  |  avg time  |  max time  |%varavg| %total
---------------------------------------------------------------
Pair    | 0          | 0          | 0          |   0.0 |  0.00
Neigh   | 0          | 0          | 0          |   0.0 |  0.00
Comm    | 0          | 0          | 0          |   0.0 |  0.00
Output  | 0          | 0          | 0          |   0.0 |  0.00
Modify  | 0          | 0          | 0          |   0.0 |  0.00
Other   |            | 1.07e-06   |            |       |100.00

Nlocal:             64 ave          64 max          64 min
Histogram: 1 0 0 0 0 0 0 0 0 0
Nghost:            557 ave         557 max         557 min
Histogram: 1 0 0 0 0 0 0 0 0 0
Neighs:              0 ave           0 max           0 min
Histogram: 1 0 0 0 0 0 0 0 0 0
FullNghs:         2180 ave        2180 max        2180 min
Histogram: 1 0 0 0 0 0 0 0 0 0

Total # of neighbors = 2180
Ave neighs/atom = 34.0625
Neighbor list builds = 0
Dangerous builds = 0
next i
jump SELF loop_struct
clear
  using 1 OpenMP thread(s) per MPI task
log energies.log append
units metal
boundary p p p
atom_style atomic
read_data Si222_${i}.in
read_data Si222_19.in
Reading data file ...
  orthogonal box = (0 0 0) to (10.887404 10.887404 10.887404)
  1 by 1 by 1 MPI processor grid
  reading atoms ...
  64 atoms
  reading velocities ...
  64 velocities
  read_data CPU = 0.001 seconds
mass 1 28.085
pair_style sw
pair_coeff * * Si.sw Si
Reading sw potential file Si.sw with DATE: 2007-06-11
run 0
WARNING: No fixes with time integration, atoms won't move (src/verlet.cpp:60)
Neighbor list info ...
  update: every = 1 steps, delay = 0 steps, check = yes
  max neighbors/atom: 2000, page size: 100000
  master list distance cutoff = 5.77118
  ghost atom cutoff = 5.77118
  binsize = 2.88559, bins = 4 4 4
  1 neighbor lists, perpetual/occasional/extra = 1 0 0
  (1) pair sw, perpetual
      attributes: full, newton on
      pair build: full/bin/atomonly
      stencil: full/bin/3d
      bin: standard
Per MPI rank memory allocation (min/avg/max) = 3.073 | 3.073 | 3.073 Mbytes
   Step          Temp          E_pair         E_mol          TotEng         Press     
         0   0             -275.80293      0             -275.80293     -5827.2835    
Loop time of 1.06e-06 on 1 procs for 0 steps with 64 atoms

94.3% CPU use with 1 MPI tasks x 1 OpenMP threads

MPI task timing breakdown:
Section |  min time  |  avg time  |  max time  |%varavg| %total
---------------------------------------------------------------
Pair    | 0          | 0          | 0          |   0.0 |  0.00
Neigh   | 0          | 0          | 0          |   0.0 |  0.00
Comm    | 0          | 0          | 0          |   0.0 |  0.00
Output  | 0          | 0          | 0          |   0.0 |  0.00
Modify  | 0          | 0          | 0          |   0.0 |  0.00
Other   |            | 1.06e-06   |            |       |100.00

Nlocal:             64 ave          64 max          64 min
Histogram: 1 0 0 0 0 0 0 0 0 0
Nghost:            557 ave         557 max         557 min
Histogram: 1 0 0 0 0 0 0 0 0 0
Neighs:              0 ave           0 max           0 min
Histogram: 1 0 0 0 0 0 0 0 0 0
FullNghs:         2176 ave        2176 max        2176 min
Histogram: 1 0 0 0 0 0 0 0 0 0

Total # of neighbors = 2176
Ave neighs/atom = 34
Neighbor list builds = 0
Dangerous builds = 0
next i
jump SELF loop_struct
clear
  using 1 OpenMP thread(s) per MPI task
log energies.log append
units metal
boundary p p p
atom_style atomic
read_data Si222_${i}.in
read_data Si222_20.in
Reading data file ...
  orthogonal box = (0 0 0) to (10.887404 10.887404 10.887404)
  1 by 1 by 1 MPI processor grid
  reading atoms ...
  64 atoms
  reading velocities ...
  64 velocities
  read_data CPU = 0.001 seconds
mass 1 28.085
pair_style sw
pair_coeff * * Si.sw Si
Reading sw potential file Si.sw with DATE: 2007-06-11
run 0
WARNING: No fixes with time integration, atoms won't move (src/verlet.cpp:60)
Neighbor list info ...
  update: every = 1 steps, delay = 0 steps, check = yes
  max neighbors/atom: 2000, page size: 100000
  master list distance cutoff = 5.77118
  ghost atom cutoff = 5.77118
  binsize = 2.88559, bins = 4 4 4
  1 neighbor lists, perpetual/occasional/extra = 1 0 0
  (1) pair sw, perpetual
      attributes: full, newton on
      pair build: full/bin/atomonly
      stencil: full/bin/3d
      bin: standard
Per MPI rank memory allocation (min/avg/max) = 3.073 | 3.073 | 3.073 Mbytes
   Step          Temp          E_pair         E_mol          TotEng         Press     
         0   0             -275.62129      0             -275.62129     -6127.1715    
Loop time of 1.05e-06 on 1 procs for 0 steps with 64 atoms

0.0% CPU use with 1 MPI tasks x 1 OpenMP threads

MPI task timing breakdown:
Section |  min time  |  avg time  |  max time  |%varavg| %total
---------------------------------------------------------------
Pair    | 0          | 0          | 0          |   0.0 |  0.00
Neigh   | 0          | 0          | 0          |   0.0 |  0.00
Comm    | 0          | 0          | 0          |   0.0 |  0.00
Output  | 0          | 0          | 0          |   0.0 |  0.00
Modify  | 0          | 0          | 0          |   0.0 |  0.00
Other   |            | 1.05e-06   |            |       |100.00

Nlocal:             64 ave          64 max          64 min
Histogram: 1 0 0 0 0 0 0 0 0 0
Nghost:            557 ave         557 max         557 min
Histogram: 1 0 0 0 0 0 0 0 0 0
Neighs:              0 ave           0 max           0 min
Histogram: 1 0 0 0 0 0 0 0 0 0
FullNghs:         2184 ave        2184 max        2184 min
Histogram: 1 0 0 0 0 0 0 0 0 0

Total # of neighbors = 2184
Ave neighs/atom = 34.125
Neighbor list builds = 0
Dangerous builds = 0
next i
jump SELF loop_struct
clear
  using 1 OpenMP thread(s) per MPI task
log energies.log append
units metal
boundary p p p
atom_style atomic
read_data Si222_${i}.in
read_data Si222_21.in
Reading data file ...
  orthogonal box = (0 0 0) to (10.887404 10.887404 10.887404)
  1 by 1 by 1 MPI processor grid
  reading atoms ...
  64 atoms
  reading velocities ...
  64 velocities
  read_data CPU = 0.001 seconds
mass 1 28.085
pair_style sw
pair_coeff * * Si.sw Si
Reading sw potential file Si.sw with DATE: 2007-06-11
run 0
WARNING: No fixes with time integration, atoms won't move (src/verlet.cpp:60)
Neighbor list info ...
  update: every = 1 steps, delay = 0 steps, check = yes
  max neighbors/atom: 2000, page size: 100000
  master list distance cutoff = 5.77118
  ghost atom cutoff = 5.77118
  binsize = 2.88559, bins = 4 4 4
  1 neighbor lists, perpetual/occasional/extra = 1 0 0
  (1) pair sw, perpetual
      attributes: full, newton on
      pair build: full/bin/atomonly
      stencil: full/bin/3d
      bin: standard
Per MPI rank memory allocation (min/avg/max) = 3.073 | 3.073 | 3.073 Mbytes
   Step          Temp          E_pair         E_mol          TotEng         Press     
         0   0             -256.56278      0             -256.56278      38803.56     
Loop time of 1.05e-06 on 1 procs for 0 steps with 64 atoms

0.0% CPU use with 1 MPI tasks x 1 OpenMP threads

MPI task timing breakdown:
Section |  min time  |  avg time  |  max time  |%varavg| %total
---------------------------------------------------------------
Pair    | 0          | 0          | 0          |   0.0 |  0.00
Neigh   | 0          | 0          | 0          |   0.0 |  0.00
Comm    | 0          | 0          | 0          |   0.0 |  0.00
Output  | 0          | 0          | 0          |   0.0 |  0.00
Modify  | 0          | 0          | 0          |   0.0 |  0.00
Other   |            | 1.05e-06   |            |       |100.00

Nlocal:             64 ave          64 max          64 min
Histogram: 1 0 0 0 0 0 0 0 0 0
Nghost:            553 ave         553 max         553 min
Histogram: 1 0 0 0 0 0 0 0 0 0
Neighs:              0 ave           0 max           0 min
Histogram: 1 0 0 0 0 0 0 0 0 0
FullNghs:         2264 ave        2264 max        2264 min
Histogram: 1 0 0 0 0 0 0 0 0 0

Total # of neighbors = 2264
Ave neighs/atom = 35.375
Neighbor list builds = 0
Dangerous builds = 0
next i
jump SELF loop_struct
clear
  using 1 OpenMP thread(s) per MPI task
log energies.log append
units metal
boundary p p p
atom_style atomic
read_data Si222_${i}.in
read_data Si222_22.in
Reading data file ...
  orthogonal box = (0 0 0) to (10.887404 10.887404 10.887404)
  1 by 1 by 1 MPI processor grid
  reading atoms ...
  64 atoms
  reading velocities ...
  64 velocities
  read_data CPU = 0.001 seconds
mass 1 28.085
pair_style sw
pair_coeff * * Si.sw Si
Reading sw potential file Si.sw with DATE: 2007-06-11
run 0
WARNING: No fixes with time integration, atoms won't move (src/verlet.cpp:60)
Neighbor list info ...
  update: every = 1 steps, delay = 0 steps, check = yes
  max neighbors/atom: 2000, page size: 100000
  master list distance cutoff = 5.77118
  ghost atom cutoff = 5.77118
  binsize = 2.88559, bins = 4 4 4
  1 neighbor lists, perpetual/occasional/extra = 1 0 0
  (1) pair sw, perpetual
      attributes: full, newton on
      pair build: full/bin/atomonly
      stencil: full/bin/3d
      bin: standard
Per MPI rank memory allocation (min/avg/max) = 3.064 | 3.064 | 3.064 Mbytes
   Step          Temp          E_pair         E_mol          TotEng         Press     
         0   0             -275.30923      0             -275.30923     -5811.834     
Loop time of 1.05e-06 on 1 procs for 0 steps with 64 atoms

0.0% CPU use with 1 MPI tasks x 1 OpenMP threads

MPI task timing breakdown:
Section |  min time  |  avg time  |  max time  |%varavg| %total
---------------------------------------------------------------
Pair    | 0          | 0          | 0          |   0.0 |  0.00
Neigh   | 0          | 0          | 0          |   0.0 |  0.00
Comm    | 0          | 0          | 0          |   0.0 |  0.00
Output  | 0          | 0          | 0          |   0.0 |  0.00
Modify  | 0          | 0          | 0          |   0.0 |  0.00
Other   |            | 1.05e-06   |            |       |100.00

Nlocal:             64 ave          64 max          64 min
Histogram: 1 0 0 0 0 0 0 0 0 0
Nghost:            557 ave         557 max         557 min
Histogram: 1 0 0 0 0 0 0 0 0 0
Neighs:              0 ave           0 max           0 min
Histogram: 1 0 0 0 0 0 0 0 0 0
FullNghs:         2182 ave        2182 max        2182 min
Histogram: 1 0 0 0 0 0 0 0 0 0

Total # of neighbors = 2182
Ave neighs/atom = 34.09375
Neighbor list builds = 0
Dangerous builds = 0
next i
jump SELF loop_struct
clear
  using 1 OpenMP thread(s) per MPI task
log energies.log append
units metal
boundary p p p
atom_style atomic
read_data Si222_${i}.in
read_data Si222_23.in
Reading data file ...
  orthogonal box = (0 0 0) to (10.887404 10.887404 10.887404)
  1 by 1 by 1 MPI processor grid
  reading atoms ...
  64 atoms
  reading velocities ...
  64 velocities
  read_data CPU = 0.001 seconds
mass 1 28.085
pair_style sw
pair_coeff * * Si.sw Si
Reading sw potential file Si.sw with DATE: 2007-06-11
run 0
WARNING: No fixes with time integration, atoms won't move (src/verlet.cpp:60)
Neighbor list info ...
  update: every = 1 steps, delay = 0 steps, check = yes
  max neighbors/atom: 2000, page size: 100000
  master list distance cutoff = 5.77118
  ghost atom cutoff = 5.77118
  binsize = 2.88559, bins = 4 4 4
  1 neighbor lists, perpetual/occasional/extra = 1 0 0
  (1) pair sw, perpetual
      attributes: full, newton on
      pair build: full/bin/atomonly
      stencil: full/bin/3d
      bin: standard
Per MPI rank memory allocation (min/avg/max) = 3.063 | 3.063 | 3.063 Mbytes
   Step          Temp          E_pair         E_mol          TotEng         Press     
         0   0             -231.75658      0             -231.75658      66414.89     
Loop time of 1.04e-06 on 1 procs for 0 steps with 64 atoms

192.3% CPU use with 1 MPI tasks x 1 OpenMP threads

MPI task timing breakdown:
Section |  min time  |  avg time  |  max time  |%varavg| %total
---------------------------------------------------------------
Pair    | 0          | 0          | 0          |   0.0 |  0.00
Neigh   | 0          | 0          | 0          |   0.0 |  0.00
Comm    | 0          | 0          | 0          |   0.0 |  0.00
Output  | 0          | 0          | 0          |   0.0 |  0.00
Modify  | 0          | 0          | 0          |   0.0 |  0.00
Other   |            | 1.04e-06   |            |       |100.00

Nlocal:             64 ave          64 max          64 min
Histogram: 1 0 0 0 0 0 0 0 0 0
Nghost:            505 ave         505 max         505 min
Histogram: 1 0 0 0 0 0 0 0 0 0
Neighs:              0 ave           0 max           0 min
Histogram: 1 0 0 0 0 0 0 0 0 0
FullNghs:         2292 ave        2292 max        2292 min
Histogram: 1 0 0 0 0 0 0 0 0 0

Total # of neighbors = 2292
Ave neighs/atom = 35.8125
Neighbor list builds = 0
Dangerous builds = 0
next i
jump SELF loop_struct
clear
  using 1 OpenMP thread(s) per MPI task
log energies.log append
units metal
boundary p p p
atom_style atomic
read_data Si222_${i}.in
read_data Si222_24.in
Reading data file ...
  orthogonal box = (0 0 0) to (10.887404 10.887404 10.887404)
  1 by 1 by 1 MPI processor grid
  reading atoms ...
  64 atoms
  reading velocities ...
  64 velocities
  read_data CPU = 0.001 seconds
mass 1 28.085
pair_style sw
pair_coeff * * Si.sw Si
Reading sw potential file Si.sw with DATE: 2007-06-11
run 0
WARNING: No fixes with time integration, atoms won't move (src/verlet.cpp:60)
Neighbor list info ...
  update: every = 1 steps, delay = 0 steps, check = yes
  max neighbors/atom: 2000, page size: 100000
  master list distance cutoff = 5.77118
  ghost atom cutoff = 5.77118
  binsize = 2.88559, bins = 4 4 4
  1 neighbor lists, perpetual/occasional/extra = 1 0 0
  (1) pair sw, perpetual
      attributes: full, newton on
      pair build: full/bin/atomonly
      stencil: full/bin/3d
      bin: standard
Per MPI rank memory allocation (min/avg/max) = 3.064 | 3.064 | 3.064 Mbytes
   Step          Temp          E_pair         E_mol          TotEng         Press     
         0   0             -250.11473      0             -250.11473      43628.357    
Loop time of 1.23e-06 on 1 procs for 0 steps with 64 atoms

81.3% CPU use with 1 MPI tasks x 1 OpenMP threads

MPI task timing breakdown:
Section |  min time  |  avg time  |  max time  |%varavg| %total
---------------------------------------------------------------
Pair    | 0          | 0          | 0          |   0.0 |  0.00
Neigh   | 0          | 0          | 0          |   0.0 |  0.00
Comm    | 0          | 0          | 0          |   0.0 |  0.00
Output  | 0          | 0          | 0          |   0.0 |  0.00
Modify  | 0          | 0          | 0          |   0.0 |  0.00
Other   |            | 1.23e-06   |            |       |100.00

Nlocal:             64 ave          64 max          64 min
Histogram: 1 0 0 0 0 0 0 0 0 0
Nghost:            539 ave         539 max         539 min
Histogram: 1 0 0 0 0 0 0 0 0 0
Neighs:              0 ave           0 max           0 min
Histogram: 1 0 0 0 0 0 0 0 0 0
FullNghs:         2292 ave        2292 max        2292 min
Histogram: 1 0 0 0 0 0 0 0 0 0

Total # of neighbors = 2292
Ave neighs/atom = 35.8125
Neighbor list builds = 0
Dangerous builds = 0
next i
jump SELF loop_struct
clear
  using 1 OpenMP thread(s) per MPI task
log energies.log append
units metal
boundary p p p
atom_style atomic
read_data Si222_${i}.in
read_data Si222_25.in
Reading data file ...
  orthogonal box = (0 0 0) to (10.887404 10.887404 10.887404)
  1 by 1 by 1 MPI processor grid
  reading atoms ...
  64 atoms
  reading velocities ...
  64 velocities
  read_data CPU = 0.001 seconds
mass 1 28.085
pair_style sw
pair_coeff * * Si.sw Si
Reading sw potential file Si.sw with DATE: 2007-06-11
run 0
WARNING: No fixes with time integration, atoms won't move (src/verlet.cpp:60)
Neighbor list info ...
  update: every = 1 steps, delay = 0 steps, check = yes
  max neighbors/atom: 2000, page size: 100000
  master list distance cutoff = 5.77118
  ghost atom cutoff = 5.77118
  binsize = 2.88559, bins = 4 4 4
  1 neighbor lists, perpetual/occasional/extra = 1 0 0
  (1) pair sw, perpetual
      attributes: full, newton on
      pair build: full/bin/atomonly
      stencil: full/bin/3d
      bin: standard
Per MPI rank memory allocation (min/avg/max) = 3.073 | 3.073 | 3.073 Mbytes
   Step          Temp          E_pair         E_mol          TotEng         Press     
         0   0             -275.66694      0             -275.66694     -5895.3145    
Loop time of 1.14e-06 on 1 procs for 0 steps with 64 atoms

87.7% CPU use with 1 MPI tasks x 1 OpenMP threads

MPI task timing breakdown:
Section |  min time  |  avg time  |  max time  |%varavg| %total
---------------------------------------------------------------
Pair    | 0          | 0          | 0          |   0.0 |  0.00
Neigh   | 0          | 0          | 0          |   0.0 |  0.00
Comm    | 0          | 0          | 0          |   0.0 |  0.00
Output  | 0          | 0          | 0          |   0.0 |  0.00
Modify  | 0          | 0          | 0          |   0.0 |  0.00
Other   |            | 1.14e-06   |            |       |100.00

Nlocal:             64 ave          64 max          64 min
Histogram: 1 0 0 0 0 0 0 0 0 0
Nghost:            557 ave         557 max         557 min
Histogram: 1 0 0 0 0 0 0 0 0 0
Neighs:              0 ave           0 max           0 min
Histogram: 1 0 0 0 0 0 0 0 0 0
FullNghs:         2182 ave        2182 max        2182 min
Histogram: 1 0 0 0 0 0 0 0 0 0

Total # of neighbors = 2182
Ave neighs/atom = 34.09375
Neighbor list builds = 0
Dangerous builds = 0
next i
jump SELF loop_struct
clear
  using 1 OpenMP thread(s) per MPI task
log energies.log append
units metal
boundary p p p
atom_style atomic
read_data Si222_${i}.in
read_data Si222_26.in
Reading data file ...
  orthogonal box = (0 0 0) to (10.887404 10.887404 10.887404)
  1 by 1 by 1 MPI processor grid
  reading atoms ...
  64 atoms
  reading velocities ...
  64 velocities
  read_data CPU = 0.001 seconds
mass 1 28.085
pair_style sw
pair_coeff * * Si.sw Si
Reading sw potential file Si.sw with DATE: 2007-06-11
run 0
WARNING: No fixes with time integration, atoms won't move (src/verlet.cpp:60)
Neighbor list info ...
  update: every = 1 steps, delay = 0 steps, check = yes
  max neighbors/atom: 2000, page size: 100000
  master list distance cutoff = 5.77118
  ghost atom cutoff = 5.77118
  binsize = 2.88559, bins = 4 4 4
  1 neighbor lists, perpetual/occasional/extra = 1 0 0
  (1) pair sw, perpetual
      attributes: full, newton on
      pair build: full/bin/atomonly
      stencil: full/bin/3d
      bin: standard
Per MPI rank memory allocation (min/avg/max) = 3.074 | 3.074 | 3.074 Mbytes
   Step          Temp          E_pair         E_mol          TotEng         Press     
         0   0             -253.68316      0             -253.68316      41153.037    
Loop time of 1.05e-06 on 1 procs for 0 steps with 64 atoms

95.2% CPU use with 1 MPI tasks x 1 OpenMP threads

MPI task timing breakdown:
Section |  min time  |  avg time  |  max time  |%varavg| %total
---------------------------------------------------------------
Pair    | 0          | 0          | 0          |   0.0 |  0.00
Neigh   | 0          | 0          | 0          |   0.0 |  0.00
Comm    | 0          | 0          | 0          |   0.0 |  0.00
Output  | 0          | 0          | 0          |   0.0 |  0.00
Modify  | 0          | 0          | 0          |   0.0 |  0.00
Other   |            | 1.05e-06   |            |       |100.00

Nlocal:             64 ave          64 max          64 min
Histogram: 1 0 0 0 0 0 0 0 0 0
Nghost:            561 ave         561 max         561 min
Histogram: 1 0 0 0 0 0 0 0 0 0
Neighs:              0 ave           0 max           0 min
Histogram: 1 0 0 0 0 0 0 0 0 0
FullNghs:         2278 ave        2278 max        2278 min
Histogram: 1 0 0 0 0 0 0 0 0 0

Total # of neighbors = 2278
Ave neighs/atom = 35.59375
Neighbor list builds = 0
Dangerous builds = 0
next i
jump SELF loop_struct
clear
  using 1 OpenMP thread(s) per MPI task
log energies.log append
units metal
boundary p p p
atom_style atomic
read_data Si222_${i}.in
read_data Si222_27.in
Reading data file ...
  orthogonal box = (0 0 0) to (10.887404 10.887404 10.887404)
  1 by 1 by 1 MPI processor grid
  reading atoms ...
  64 atoms
  reading velocities ...
  64 velocities
  read_data CPU = 0.001 seconds
mass 1 28.085
pair_style sw
pair_coeff * * Si.sw Si
Reading sw potential file Si.sw with DATE: 2007-06-11
run 0
WARNING: No fixes with time integration, atoms won't move (src/verlet.cpp:60)
Neighbor list info ...
  update: every = 1 steps, delay = 0 steps, check = yes
  max neighbors/atom: 2000, page size: 100000
  master list distance cutoff = 5.77118
  ghost atom cutoff = 5.77118
  binsize = 2.88559, bins = 4 4 4
  1 neighbor lists, perpetual/occasional/extra = 1 0 0
  (1) pair sw, perpetual
      attributes: full, newton on
      pair build: full/bin/atomonly
      stencil: full/bin/3d
      bin: standard
Per MPI rank memory allocation (min/avg/max) = 3.072 | 3.072 | 3.072 Mbytes
   Step          Temp          E_pair         E_mol          TotEng         Press     
         0   0             -275.37996      0             -275.37996     -5763.3544    
Loop time of 1.02e-06 on 1 procs for 0 steps with 64 atoms

0.0% CPU use with 1 MPI tasks x 1 OpenMP threads

MPI task timing breakdown:
Section |  min time  |  avg time  |  max time  |%varavg| %total
---------------------------------------------------------------
Pair    | 0          | 0          | 0          |   0.0 |  0.00
Neigh   | 0          | 0          | 0          |   0.0 |  0.00
Comm    | 0          | 0          | 0          |   0.0 |  0.00
Output  | 0          | 0          | 0          |   0.0 |  0.00
Modify  | 0          | 0          | 0          |   0.0 |  0.00
Other   |            | 1.02e-06   |            |       |100.00

Nlocal:             64 ave          64 max          64 min
Histogram: 1 0 0 0 0 0 0 0 0 0
Nghost:            557 ave         557 max         557 min
Histogram: 1 0 0 0 0 0 0 0 0 0
Neighs:              0 ave           0 max           0 min
Histogram: 1 0 0 0 0 0 0 0 0 0
FullNghs:         2184 ave        2184 max        2184 min
Histogram: 1 0 0 0 0 0 0 0 0 0

Total # of neighbors = 2184
Ave neighs/atom = 34.125
Neighbor list builds = 0
Dangerous builds = 0
next i
jump SELF loop_struct
clear
  using 1 OpenMP thread(s) per MPI task
log energies.log append
units metal
boundary p p p
atom_style atomic
read_data Si222_${i}.in
read_data Si222_28.in
Reading data file ...
  orthogonal box = (0 0 0) to (10.887404 10.887404 10.887404)
  1 by 1 by 1 MPI processor grid
  reading atoms ...
  64 atoms
  reading velocities ...
  64 velocities
  read_data CPU = 0.001 seconds
mass 1 28.085
pair_style sw
pair_coeff * * Si.sw Si
Reading sw potential file Si.sw with DATE: 2007-06-11
run 0
WARNING: No fixes with time integration, atoms won't move (src/verlet.cpp:60)
Neighbor list info ...
  update: every = 1 steps, delay = 0 steps, check = yes
  max neighbors/atom: 2000, page size: 100000
  master list distance cutoff = 5.77118
  ghost atom cutoff = 5.77118
  binsize = 2.88559, bins = 4 4 4
  1 neighbor lists, perpetual/occasional/extra = 1 0 0
  (1) pair sw, perpetual
      attributes: full, newton on
      pair build: full/bin/atomonly
      stencil: full/bin/3d
      bin: standard
Per MPI rank memory allocation (min/avg/max) = 3.072 | 3.072 | 3.072 Mbytes
   Step          Temp          E_pair         E_mol          TotEng         Press     
         0   0             -253.9559       0             -253.9559       40146.737    
Loop time of 1.03e-06 on 1 procs for 0 steps with 64 atoms

0.0% CPU use with 1 MPI tasks x 1 OpenMP threads

MPI task timing breakdown:
Section |  min time  |  avg time  |  max time  |%varavg| %total
---------------------------------------------------------------
Pair    | 0          | 0          | 0          |   0.0 |  0.00
Neigh   | 0          | 0          | 0          |   0.0 |  0.00
Comm    | 0          | 0          | 0          |   0.0 |  0.00
Output  | 0          | 0          | 0          |   0.0 |  0.00
Modify  | 0          | 0          | 0          |   0.0 |  0.00
Other   |            | 1.03e-06   |            |       |100.00

Nlocal:             64 ave          64 max          64 min
Histogram: 1 0 0 0 0 0 0 0 0 0
Nghost:            549 ave         549 max         549 min
Histogram: 1 0 0 0 0 0 0 0 0 0
Neighs:              0 ave           0 max           0 min
Histogram: 1 0 0 0 0 0 0 0 0 0
FullNghs:         2290 ave        2290 max        2290 min
Histogram: 1 0 0 0 0 0 0 0 0 0

Total # of neighbors = 2290
Ave neighs/atom = 35.78125
Neighbor list builds = 0
Dangerous builds = 0
next i
jump SELF loop_struct
clear
  using 1 OpenMP thread(s) per MPI task
log energies.log append
units metal
boundary p p p
atom_style atomic
read_data Si222_${i}.in
read_data Si222_29.in
Reading data file ...
  orthogonal box = (0 0 0) to (10.887404 10.887404 10.887404)
  1 by 1 by 1 MPI processor grid
  reading atoms ...
  64 atoms
  reading velocities ...
  64 velocities
  read_data CPU = 0.001 seconds
mass 1 28.085
pair_style sw
pair_coeff * * Si.sw Si
Reading sw potential file Si.sw with DATE: 2007-06-11
run 0
WARNING: No fixes with time integration, atoms won't move (src/verlet.cpp:60)
Neighbor list info ...
  update: every = 1 steps, delay = 0 steps, check = yes
  max neighbors/atom: 2000, page size: 100000
  master list distance cutoff = 5.77118
  ghost atom cutoff = 5.77118
  binsize = 2.88559, bins = 4 4 4
  1 neighbor lists, perpetual/occasional/extra = 1 0 0
  (1) pair sw, perpetual
      attributes: full, newton on
      pair build: full/bin/atomonly
      stencil: full/bin/3d
      bin: standard
Per MPI rank memory allocation (min/avg/max) = 3.074 | 3.074 | 3.074 Mbytes
   Step          Temp          E_pair         E_mol          TotEng         Press     
         0   0             -275.24137      0             -275.24137     -5573.4761    
Loop time of 1.04e-06 on 1 procs for 0 steps with 64 atoms

96.2% CPU use with 1 MPI tasks x 1 OpenMP threads

MPI task timing breakdown:
Section |  min time  |  avg time  |  max time  |%varavg| %total
---------------------------------------------------------------
Pair    | 0          | 0          | 0          |   0.0 |  0.00
Neigh   | 0          | 0          | 0          |   0.0 |  0.00
Comm    | 0          | 0          | 0          |   0.0 |  0.00
Output  | 0          | 0          | 0          |   0.0 |  0.00
Modify  | 0          | 0          | 0          |   0.0 |  0.00
Other   |            | 1.04e-06   |            |       |100.00

Nlocal:             64 ave          64 max          64 min
Histogram: 1 0 0 0 0 0 0 0 0 0
Nghost:            557 ave         557 max         557 min
Histogram: 1 0 0 0 0 0 0 0 0 0
Neighs:              0 ave           0 max           0 min
Histogram: 1 0 0 0 0 0 0 0 0 0
FullNghs:         2188 ave        2188 max        2188 min
Histogram: 1 0 0 0 0 0 0 0 0 0

Total # of neighbors = 2188
Ave neighs/atom = 34.1875
Neighbor list builds = 0
Dangerous builds = 0
next i
jump SELF loop_struct
clear
  using 1 OpenMP thread(s) per MPI task
log energies.log append
units metal
boundary p p p
atom_style atomic
read_data Si222_${i}.in
read_data Si222_30.in
Reading data file ...
  orthogonal box = (0 0 0) to (10.887404 10.887404 10.887404)
  1 by 1 by 1 MPI processor grid
  reading atoms ...
  64 atoms
  reading velocities ...
  64 velocities
  read_data CPU = 0.001 seconds
mass 1 28.085
pair_style sw
pair_coeff * * Si.sw Si
Reading sw potential file Si.sw with DATE: 2007-06-11
run 0
WARNING: No fixes with time integration, atoms won't move (src/verlet.cpp:60)
Neighbor list info ...
  update: every = 1 steps, delay = 0 steps, check = yes
  max neighbors/atom: 2000, page size: 100000
  master list distance cutoff = 5.77118
  ghost atom cutoff = 5.77118
  binsize = 2.88559, bins = 4 4 4
  1 neighbor lists, perpetual/occasional/extra = 1 0 0
  (1) pair sw, perpetual
      attributes: full, newton on
      pair build: full/bin/atomonly
      stencil: full/bin/3d
      bin: standard
Per MPI rank memory allocation (min/avg/max) = 3.073 | 3.073 | 3.073 Mbytes
   Step          Temp          E_pair         E_mol          TotEng         Press     
         0   0             -275.34438      0             -275.34438     -5577.9088    
Loop time of 1.03e-06 on 1 procs for 0 steps with 64 atoms

97.1% CPU use with 1 MPI tasks x 1 OpenMP threads

MPI task timing breakdown:
Section |  min time  |  avg time  |  max time  |%varavg| %total
---------------------------------------------------------------
Pair    | 0          | 0          | 0          |   0.0 |  0.00
Neigh   | 0          | 0          | 0          |   0.0 |  0.00
Comm    | 0          | 0          | 0          |   0.0 |  0.00
Output  | 0          | 0          | 0          |   0.0 |  0.00
Modify  | 0          | 0          | 0          |   0.0 |  0.00
Other   |            | 1.03e-06   |            |       |100.00

Nlocal:             64 ave          64 max          64 min
Histogram: 1 0 0 0 0 0 0 0 0 0
Nghost:            557 ave         557 max         557 min
Histogram: 1 0 0 0 0 0 0 0 0 0
Neighs:              0 ave           0 max           0 min
Histogram: 1 0 0 0 0 0 0 0 0 0
FullNghs:         2184 ave        2184 max        2184 min
Histogram: 1 0 0 0 0 0 0 0 0 0

Total # of neighbors = 2184
Ave neighs/atom = 34.125
Neighbor list builds = 0
Dangerous builds = 0
next i
jump SELF loop_struct
clear
  using 1 OpenMP thread(s) per MPI task
log energies.log append
units metal
boundary p p p
atom_style atomic
read_data Si222_${i}.in
read_data Si222_31.in
Reading data file ...
  orthogonal box = (0 0 0) to (10.887404 10.887404 10.887404)
  1 by 1 by 1 MPI processor grid
  reading atoms ...
  64 atoms
  reading velocities ...
  64 velocities
  read_data CPU = 0.001 seconds
mass 1 28.085
pair_style sw
pair_coeff * * Si.sw Si
Reading sw potential file Si.sw with DATE: 2007-06-11
run 0
WARNING: No fixes with time integration, atoms won't move (src/verlet.cpp:60)
Neighbor list info ...
  update: every = 1 steps, delay = 0 steps, check = yes
  max neighbors/atom: 2000, page size: 100000
  master list distance cutoff = 5.77118
  ghost atom cutoff = 5.77118
  binsize = 2.88559, bins = 4 4 4
  1 neighbor lists, perpetual/occasional/extra = 1 0 0
  (1) pair sw, perpetual
      attributes: full, newton on
      pair build: full/bin/atomonly
      stencil: full/bin/3d
      bin: standard
Per MPI rank memory allocation (min/avg/max) = 3.073 | 3.073 | 3.073 Mbytes
   Step          Temp          E_pair         E_mol          TotEng         Press     
         0   0             -275.74372      0             -275.74372     -6154.0801    
Loop time of 1.08e-06 on 1 procs for 0 steps with 64 atoms

92.6% CPU use with 1 MPI tasks x 1 OpenMP threads

MPI task timing breakdown:
Section |  min time  |  avg time  |  max time  |%varavg| %total
---------------------------------------------------------------
Pair    | 0          | 0          | 0          |   0.0 |  0.00
Neigh   | 0          | 0          | 0          |   0.0 |  0.00
Comm    | 0          | 0          | 0          |   0.0 |  0.00
Output  | 0          | 0          | 0          |   0.0 |  0.00
Modify  | 0          | 0          | 0          |   0.0 |  0.00
Other   |            | 1.08e-06   |            |       |100.00

Nlocal:             64 ave          64 max          64 min
Histogram: 1 0 0 0 0 0 0 0 0 0
Nghost:            557 ave         557 max         557 min
Histogram: 1 0 0 0 0 0 0 0 0 0
Neighs:              0 ave           0 max           0 min
Histogram: 1 0 0 0 0 0 0 0 0 0
FullNghs:         2182 ave        2182 max        2182 min
Histogram: 1 0 0 0 0 0 0 0 0 0

Total # of neighbors = 2182
Ave neighs/atom = 34.09375
Neighbor list builds = 0
Dangerous builds = 0
next i
jump SELF loop_struct
clear
  using 1 OpenMP thread(s) per MPI task
log energies.log append
units metal
boundary p p p
atom_style atomic
read_data Si222_${i}.in
read_data Si222_32.in
Reading data file ...
  orthogonal box = (0 0 0) to (10.887404 10.887404 10.887404)
  1 by 1 by 1 MPI processor grid
  reading atoms ...
  64 atoms
  reading velocities ...
  64 velocities
  read_data CPU = 0.001 seconds
mass 1 28.085
pair_style sw
pair_coeff * * Si.sw Si
Reading sw potential file Si.sw with DATE: 2007-06-11
run 0
WARNING: No fixes with time integration, atoms won't move (src/verlet.cpp:60)
Neighbor list info ...
  update: every = 1 steps, delay = 0 steps, check = yes
  max neighbors/atom: 2000, page size: 100000
  master list distance cutoff = 5.77118
  ghost atom cutoff = 5.77118
  binsize = 2.88559, bins = 4 4 4
  1 neighbor lists, perpetual/occasional/extra = 1 0 0
  (1) pair sw, perpetual
      attributes: full, newton on
      pair build: full/bin/atomonly
      stencil: full/bin/3d
      bin: standard
Per MPI rank memory allocation (min/avg/max) = 3.064 | 3.064 | 3.064 Mbytes
   Step          Temp          E_pair         E_mol          TotEng         Press     
         0   0             -275.65952      0             -275.65952     -5698.5176    
Loop time of 1.15e-06 on 1 procs for 0 steps with 64 atoms

0.0% CPU use with 1 MPI tasks x 1 OpenMP threads

MPI task timing breakdown:
Section |  min time  |  avg time  |  max time  |%varavg| %total
---------------------------------------------------------------
Pair    | 0          | 0          | 0          |   0.0 |  0.00
Neigh   | 0          | 0          | 0          |   0.0 |  0.00
Comm    | 0          | 0          | 0          |   0.0 |  0.00
Output  | 0          | 0          | 0          |   0.0 |  0.00
Modify  | 0          | 0          | 0          |   0.0 |  0.00
Other   |            | 1.15e-06   |            |       |100.00

Nlocal:             64 ave          64 max          64 min
Histogram: 1 0 0 0 0 0 0 0 0 0
Nghost:            557 ave         557 max         557 min
Histogram: 1 0 0 0 0 0 0 0 0 0
Neighs:              0 ave           0 max           0 min
Histogram: 1 0 0 0 0 0 0 0 0 0
FullNghs:         2182 ave        2182 max        2182 min
Histogram: 1 0 0 0 0 0 0 0 0 0

Total # of neighbors = 2182
Ave neighs/atom = 34.09375
Neighbor list builds = 0
Dangerous builds = 0
next i
jump SELF loop_struct
clear
  using 1 OpenMP thread(s) per MPI task
log energies.log append
units metal
boundary p p p
atom_style atomic
read_data Si222_${i}.in
read_data Si222_33.in
Reading data file ...
  orthogonal box = (0 0 0) to (10.887404 10.887404 10.887404)
  1 by 1 by 1 MPI processor grid
  reading atoms ...
  64 atoms
  reading velocities ...
  64 velocities
  read_data CPU = 0.001 seconds
mass 1 28.085
pair_style sw
pair_coeff * * Si.sw Si
Reading sw potential file Si.sw with DATE: 2007-06-11
run 0
WARNING: No fixes with time integration, atoms won't move (src/verlet.cpp:60)
Neighbor list info ...
  update: every = 1 steps, delay = 0 steps, check = yes
  max neighbors/atom: 2000, page size: 100000
  master list distance cutoff = 5.77118
  ghost atom cutoff = 5.77118
  binsize = 2.88559, bins = 4 4 4
  1 neighbor lists, perpetual/occasional/extra = 1 0 0
  (1) pair sw, perpetual
      attributes: full, newton on
      pair build: full/bin/atomonly
      stencil: full/bin/3d
      bin: standard
Per MPI rank memory allocation (min/avg/max) = 3.072 | 3.072 | 3.072 Mbytes
   Step          Temp          E_pair         E_mol          TotEng         Press     
         0   0             -275.92951      0             -275.92951     -6070.9059    
Loop time of 1.03e-06 on 1 procs for 0 steps with 64 atoms

0.0% CPU use with 1 MPI tasks x 1 OpenMP threads

MPI task timing breakdown:
Section |  min time  |  avg time  |  max time  |%varavg| %total
---------------------------------------------------------------
Pair    | 0          | 0          | 0          |   0.0 |  0.00
Neigh   | 0          | 0          | 0          |   0.0 |  0.00
Comm    | 0          | 0          | 0          |   0.0 |  0.00
Output  | 0          | 0          | 0          |   0.0 |  0.00
Modify  | 0          | 0          | 0          |   0.0 |  0.00
Other   |            | 1.03e-06   |            |       |100.00

Nlocal:             64 ave          64 max          64 min
Histogram: 1 0 0 0 0 0 0 0 0 0
Nghost:            557 ave         557 max         557 min
Histogram: 1 0 0 0 0 0 0 0 0 0
Neighs:              0 ave           0 max           0 min
Histogram: 1 0 0 0 0 0 0 0 0 0
FullNghs:         2176 ave        2176 max        2176 min
Histogram: 1 0 0 0 0 0 0 0 0 0

Total # of neighbors = 2176
Ave neighs/atom = 34
Neighbor list builds = 0
Dangerous builds = 0
next i
jump SELF loop_struct
clear
  using 1 OpenMP thread(s) per MPI task
log energies.log append
units metal
boundary p p p
atom_style atomic
read_data Si222_${i}.in
read_data Si222_34.in
Reading data file ...
  orthogonal box = (0 0 0) to (10.887404 10.887404 10.887404)
  1 by 1 by 1 MPI processor grid
  reading atoms ...
  64 atoms
  reading velocities ...
  64 velocities
  read_data CPU = 0.001 seconds
mass 1 28.085
pair_style sw
pair_coeff * * Si.sw Si
Reading sw potential file Si.sw with DATE: 2007-06-11
run 0
WARNING: No fixes with time integration, atoms won't move (src/verlet.cpp:60)
Neighbor list info ...
  update: every = 1 steps, delay = 0 steps, check = yes
  max neighbors/atom: 2000, page size: 100000
  master list distance cutoff = 5.77118
  ghost atom cutoff = 5.77118
  binsize = 2.88559, bins = 4 4 4
  1 neighbor lists, perpetual/occasional/extra = 1 0 0
  (1) pair sw, perpetual
      attributes: full, newton on
      pair build: full/bin/atomonly
      stencil: full/bin/3d
      bin: standard
Per MPI rank memory allocation (min/avg/max) = 3.074 | 3.074 | 3.074 Mbytes
   Step          Temp          E_pair         E_mol          TotEng         Press     
         0   0             -275.68884      0             -275.68884     -6083.5811    
Loop time of 1.05e-06 on 1 procs for 0 steps with 64 atoms

0.0% CPU use with 1 MPI tasks x 1 OpenMP threads

MPI task timing breakdown:
Section |  min time  |  avg time  |  max time  |%varavg| %total
---------------------------------------------------------------
Pair    | 0          | 0          | 0          |   0.0 |  0.00
Neigh   | 0          | 0          | 0          |   0.0 |  0.00
Comm    | 0          | 0          | 0          |   0.0 |  0.00
Output  | 0          | 0          | 0          |   0.0 |  0.00
Modify  | 0          | 0          | 0          |   0.0 |  0.00
Other   |            | 1.05e-06   |            |       |100.00

Nlocal:             64 ave          64 max          64 min
Histogram: 1 0 0 0 0 0 0 0 0 0
Nghost:            557 ave         557 max         557 min
Histogram: 1 0 0 0 0 0 0 0 0 0
Neighs:              0 ave           0 max           0 min
Histogram: 1 0 0 0 0 0 0 0 0 0
FullNghs:         2182 ave        2182 max        2182 min
Histogram: 1 0 0 0 0 0 0 0 0 0

Total # of neighbors = 2182
Ave neighs/atom = 34.09375
Neighbor list builds = 0
Dangerous builds = 0
next i
jump SELF loop_struct
clear
  using 1 OpenMP thread(s) per MPI task
log energies.log append
units metal
boundary p p p
atom_style atomic
read_data Si222_${i}.in
read_data Si222_35.in
Reading data file ...
  orthogonal box = (0 0 0) to (10.887404 10.887404 10.887404)
  1 by 1 by 1 MPI processor grid
  reading atoms ...
  64 atoms
  reading velocities ...
  64 velocities
  read_data CPU = 0.001 seconds
mass 1 28.085
pair_style sw
pair_coeff * * Si.sw Si
Reading sw potential file Si.sw with DATE: 2007-06-11
run 0
WARNING: No fixes with time integration, atoms won't move (src/verlet.cpp:60)
Neighbor list info ...
  update: every = 1 steps, delay = 0 steps, check = yes
  max neighbors/atom: 2000, page size: 100000
  master list distance cutoff = 5.77118
  ghost atom cutoff = 5.77118
  binsize = 2.88559, bins = 4 4 4
  1 neighbor lists, perpetual/occasional/extra = 1 0 0
  (1) pair sw, perpetual
      attributes: full, newton on
      pair build: full/bin/atomonly
      stencil: full/bin/3d
      bin: standard
Per MPI rank memory allocation (min/avg/max) = 3.074 | 3.074 | 3.074 Mbytes
   Step          Temp          E_pair         E_mol          TotEng         Press     
         0   0             -275.20101      0             -275.20101     -5505.9744    
Loop time of 1.03e-06 on 1 procs for 0 steps with 64 atoms

97.1% CPU use with 1 MPI tasks x 1 OpenMP threads

MPI task timing breakdown:
Section |  min time  |  avg time  |  max time  |%varavg| %total
---------------------------------------------------------------
Pair    | 0          | 0          | 0          |   0.0 |  0.00
Neigh   | 0          | 0          | 0          |   0.0 |  0.00
Comm    | 0          | 0          | 0          |   0.0 |  0.00
Output  | 0          | 0          | 0          |   0.0 |  0.00
Modify  | 0          | 0          | 0          |   0.0 |  0.00
Other   |            | 1.03e-06   |            |       |100.00

Nlocal:             64 ave          64 max          64 min
Histogram: 1 0 0 0 0 0 0 0 0 0
Nghost:            557 ave         557 max         557 min
Histogram: 1 0 0 0 0 0 0 0 0 0
Neighs:              0 ave           0 max           0 min
Histogram: 1 0 0 0 0 0 0 0 0 0
FullNghs:         2182 ave        2182 max        2182 min
Histogram: 1 0 0 0 0 0 0 0 0 0

Total # of neighbors = 2182
Ave neighs/atom = 34.09375
Neighbor list builds = 0
Dangerous builds = 0
next i
jump SELF loop_struct
clear
  using 1 OpenMP thread(s) per MPI task
log energies.log append
units metal
boundary p p p
atom_style atomic
read_data Si222_${i}.in
read_data Si222_36.in
Reading data file ...
  orthogonal box = (0 0 0) to (10.887404 10.887404 10.887404)
  1 by 1 by 1 MPI processor grid
  reading atoms ...
  64 atoms
  reading velocities ...
  64 velocities
  read_data CPU = 0.001 seconds
mass 1 28.085
pair_style sw
pair_coeff * * Si.sw Si
Reading sw potential file Si.sw with DATE: 2007-06-11
run 0
WARNING: No fixes with time integration, atoms won't move (src/verlet.cpp:60)
Neighbor list info ...
  update: every = 1 steps, delay = 0 steps, check = yes
  max neighbors/atom: 2000, page size: 100000
  master list distance cutoff = 5.77118
  ghost atom cutoff = 5.77118
  binsize = 2.88559, bins = 4 4 4
  1 neighbor lists, perpetual/occasional/extra = 1 0 0
  (1) pair sw, perpetual
      attributes: full, newton on
      pair build: full/bin/atomonly
      stencil: full/bin/3d
      bin: standard
Per MPI rank memory allocation (min/avg/max) = 3.072 | 3.072 | 3.072 Mbytes
   Step          Temp          E_pair         E_mol          TotEng         Press     
         0   0             -275.80175      0             -275.80175     -6086.7778    
Loop time of 1.13e-06 on 1 procs for 0 steps with 64 atoms

0.0% CPU use with 1 MPI tasks x 1 OpenMP threads

MPI task timing breakdown:
Section |  min time  |  avg time  |  max time  |%varavg| %total
---------------------------------------------------------------
Pair    | 0          | 0          | 0          |   0.0 |  0.00
Neigh   | 0          | 0          | 0          |   0.0 |  0.00
Comm    | 0          | 0          | 0          |   0.0 |  0.00
Output  | 0          | 0          | 0          |   0.0 |  0.00
Modify  | 0          | 0          | 0          |   0.0 |  0.00
Other   |            | 1.13e-06   |            |       |100.00

Nlocal:             64 ave          64 max          64 min
Histogram: 1 0 0 0 0 0 0 0 0 0
Nghost:            557 ave         557 max         557 min
Histogram: 1 0 0 0 0 0 0 0 0 0
Neighs:              0 ave           0 max           0 min
Histogram: 1 0 0 0 0 0 0 0 0 0
FullNghs:         2190 ave        2190 max        2190 min
Histogram: 1 0 0 0 0 0 0 0 0 0

Total # of neighbors = 2190
Ave neighs/atom = 34.21875
Neighbor list builds = 0
Dangerous builds = 0
next i
jump SELF loop_struct
clear
  using 1 OpenMP thread(s) per MPI task
log energies.log append
units metal
boundary p p p
atom_style atomic
read_data Si222_${i}.in
read_data Si222_37.in
Reading data file ...
  orthogonal box = (0 0 0) to (10.887404 10.887404 10.887404)
  1 by 1 by 1 MPI processor grid
  reading atoms ...
  64 atoms
  reading velocities ...
  64 velocities
  read_data CPU = 0.001 seconds
mass 1 28.085
pair_style sw
pair_coeff * * Si.sw Si
Reading sw potential file Si.sw with DATE: 2007-06-11
run 0
WARNING: No fixes with time integration, atoms won't move (src/verlet.cpp:60)
Neighbor list info ...
  update: every = 1 steps, delay = 0 steps, check = yes
  max neighbors/atom: 2000, page size: 100000
  master list distance cutoff = 5.77118
  ghost atom cutoff = 5.77118
  binsize = 2.88559, bins = 4 4 4
  1 neighbor lists, perpetual/occasional/extra = 1 0 0
  (1) pair sw, perpetual
      attributes: full, newton on
      pair build: full/bin/atomonly
      stencil: full/bin/3d
      bin: standard
Per MPI rank memory allocation (min/avg/max) = 3.074 | 3.074 | 3.074 Mbytes
   Step          Temp          E_pair         E_mol          TotEng         Press     
         0   0             -275.39836      0             -275.39836     -5860.7604    
Loop time of 1.071e-06 on 1 procs for 0 steps with 64 atoms

0.0% CPU use with 1 MPI tasks x 1 OpenMP threads

MPI task timing breakdown:
Section |  min time  |  avg time  |  max time  |%varavg| %total
---------------------------------------------------------------
Pair    | 0          | 0          | 0          |   0.0 |  0.00
Neigh   | 0          | 0          | 0          |   0.0 |  0.00
Comm    | 0          | 0          | 0          |   0.0 |  0.00
Output  | 0          | 0          | 0          |   0.0 |  0.00
Modify  | 0          | 0          | 0          |   0.0 |  0.00
Other   |            | 1.071e-06  |            |       |100.00

Nlocal:             64 ave          64 max          64 min
Histogram: 1 0 0 0 0 0 0 0 0 0
Nghost:            557 ave         557 max         557 min
Histogram: 1 0 0 0 0 0 0 0 0 0
Neighs:              0 ave           0 max           0 min
Histogram: 1 0 0 0 0 0 0 0 0 0
FullNghs:         2182 ave        2182 max        2182 min
Histogram: 1 0 0 0 0 0 0 0 0 0

Total # of neighbors = 2182
Ave neighs/atom = 34.09375
Neighbor list builds = 0
Dangerous builds = 0
next i
jump SELF loop_struct
clear
  using 1 OpenMP thread(s) per MPI task
log energies.log append
units metal
boundary p p p
atom_style atomic
read_data Si222_${i}.in
read_data Si222_38.in
Reading data file ...
  orthogonal box = (0 0 0) to (10.887404 10.887404 10.887404)
  1 by 1 by 1 MPI processor grid
  reading atoms ...
  64 atoms
  reading velocities ...
  64 velocities
  read_data CPU = 0.001 seconds
mass 1 28.085
pair_style sw
pair_coeff * * Si.sw Si
Reading sw potential file Si.sw with DATE: 2007-06-11
run 0
WARNING: No fixes with time integration, atoms won't move (src/verlet.cpp:60)
Neighbor list info ...
  update: every = 1 steps, delay = 0 steps, check = yes
  max neighbors/atom: 2000, page size: 100000
  master list distance cutoff = 5.77118
  ghost atom cutoff = 5.77118
  binsize = 2.88559, bins = 4 4 4
  1 neighbor lists, perpetual/occasional/extra = 1 0 0
  (1) pair sw, perpetual
      attributes: full, newton on
      pair build: full/bin/atomonly
      stencil: full/bin/3d
      bin: standard
Per MPI rank memory allocation (min/avg/max) = 3.073 | 3.073 | 3.073 Mbytes
   Step          Temp          E_pair         E_mol          TotEng         Press     
         0   0             -275.69876      0             -275.69876     -5922.1744    
Loop time of 1.13e-06 on 1 procs for 0 steps with 64 atoms

88.5% CPU use with 1 MPI tasks x 1 OpenMP threads

MPI task timing breakdown:
Section |  min time  |  avg time  |  max time  |%varavg| %total
---------------------------------------------------------------
Pair    | 0          | 0          | 0          |   0.0 |  0.00
Neigh   | 0          | 0          | 0          |   0.0 |  0.00
Comm    | 0          | 0          | 0          |   0.0 |  0.00
Output  | 0          | 0          | 0          |   0.0 |  0.00
Modify  | 0          | 0          | 0          |   0.0 |  0.00
Other   |            | 1.13e-06   |            |       |100.00

Nlocal:             64 ave          64 max          64 min
Histogram: 1 0 0 0 0 0 0 0 0 0
Nghost:            557 ave         557 max         557 min
Histogram: 1 0 0 0 0 0 0 0 0 0
Neighs:              0 ave           0 max           0 min
Histogram: 1 0 0 0 0 0 0 0 0 0
FullNghs:         2182 ave        2182 max        2182 min
Histogram: 1 0 0 0 0 0 0 0 0 0

Total # of neighbors = 2182
Ave neighs/atom = 34.09375
Neighbor list builds = 0
Dangerous builds = 0
next i
jump SELF loop_struct
clear
  using 1 OpenMP thread(s) per MPI task
log energies.log append
units metal
boundary p p p
atom_style atomic
read_data Si222_${i}.in
read_data Si222_39.in
Reading data file ...
  orthogonal box = (0 0 0) to (10.887404 10.887404 10.887404)
  1 by 1 by 1 MPI processor grid
  reading atoms ...
  64 atoms
  reading velocities ...
  64 velocities
  read_data CPU = 0.001 seconds
mass 1 28.085
pair_style sw
pair_coeff * * Si.sw Si
Reading sw potential file Si.sw with DATE: 2007-06-11
run 0
WARNING: No fixes with time integration, atoms won't move (src/verlet.cpp:60)
Neighbor list info ...
  update: every = 1 steps, delay = 0 steps, check = yes
  max neighbors/atom: 2000, page size: 100000
  master list distance cutoff = 5.77118
  ghost atom cutoff = 5.77118
  binsize = 2.88559, bins = 4 4 4
  1 neighbor lists, perpetual/occasional/extra = 1 0 0
  (1) pair sw, perpetual
      attributes: full, newton on
      pair build: full/bin/atomonly
      stencil: full/bin/3d
      bin: standard
Per MPI rank memory allocation (min/avg/max) = 3.074 | 3.074 | 3.074 Mbytes
   Step          Temp          E_pair         E_mol          TotEng         Press     
         0   0             -275.58841      0             -275.58841     -5689.5724    
Loop time of 1.05e-06 on 1 procs for 0 steps with 64 atoms

190.5% CPU use with 1 MPI tasks x 1 OpenMP threads

MPI task timing breakdown:
Section |  min time  |  avg time  |  max time  |%varavg| %total
---------------------------------------------------------------
Pair    | 0          | 0          | 0          |   0.0 |  0.00
Neigh   | 0          | 0          | 0          |   0.0 |  0.00
Comm    | 0          | 0          | 0          |   0.0 |  0.00
Output  | 0          | 0          | 0          |   0.0 |  0.00
Modify  | 0          | 0          | 0          |   0.0 |  0.00
Other   |            | 1.05e-06   |            |       |100.00

Nlocal:             64 ave          64 max          64 min
Histogram: 1 0 0 0 0 0 0 0 0 0
Nghost:            557 ave         557 max         557 min
Histogram: 1 0 0 0 0 0 0 0 0 0
Neighs:              0 ave           0 max           0 min
Histogram: 1 0 0 0 0 0 0 0 0 0
FullNghs:         2176 ave        2176 max        2176 min
Histogram: 1 0 0 0 0 0 0 0 0 0

Total # of neighbors = 2176
Ave neighs/atom = 34
Neighbor list builds = 0
Dangerous builds = 0
next i
jump SELF loop_struct
clear
  using 1 OpenMP thread(s) per MPI task
log energies.log append
units metal
boundary p p p
atom_style atomic
read_data Si222_${i}.in
read_data Si222_40.in
Reading data file ...
  orthogonal box = (0 0 0) to (10.887404 10.887404 10.887404)
  1 by 1 by 1 MPI processor grid
  reading atoms ...
  64 atoms
  reading velocities ...
  64 velocities
  read_data CPU = 0.001 seconds
mass 1 28.085
pair_style sw
pair_coeff * * Si.sw Si
Reading sw potential file Si.sw with DATE: 2007-06-11
run 0
WARNING: No fixes with time integration, atoms won't move (src/verlet.cpp:60)
Neighbor list info ...
  update: every = 1 steps, delay = 0 steps, check = yes
  max neighbors/atom: 2000, page size: 100000
  master list distance cutoff = 5.77118
  ghost atom cutoff = 5.77118
  binsize = 2.88559, bins = 4 4 4
  1 neighbor lists, perpetual/occasional/extra = 1 0 0
  (1) pair sw, perpetual
      attributes: full, newton on
      pair build: full/bin/atomonly
      stencil: full/bin/3d
      bin: standard
Per MPI rank memory allocation (min/avg/max) = 3.073 | 3.073 | 3.073 Mbytes
   Step          Temp          E_pair         E_mol          TotEng         Press     
         0   0             -254.36219      0             -254.36219      45417.244    
Loop time of 1.03e-06 on 1 procs for 0 steps with 64 atoms

194.2% CPU use with 1 MPI tasks x 1 OpenMP threads

MPI task timing breakdown:
Section |  min time  |  avg time  |  max time  |%varavg| %total
---------------------------------------------------------------
Pair    | 0          | 0          | 0          |   0.0 |  0.00
Neigh   | 0          | 0          | 0          |   0.0 |  0.00
Comm    | 0          | 0          | 0          |   0.0 |  0.00
Output  | 0          | 0          | 0          |   0.0 |  0.00
Modify  | 0          | 0          | 0          |   0.0 |  0.00
Other   |            | 1.03e-06   |            |       |100.00

Nlocal:             64 ave          64 max          64 min
Histogram: 1 0 0 0 0 0 0 0 0 0
Nghost:            557 ave         557 max         557 min
Histogram: 1 0 0 0 0 0 0 0 0 0
Neighs:              0 ave           0 max           0 min
Histogram: 1 0 0 0 0 0 0 0 0 0
FullNghs:         2270 ave        2270 max        2270 min
Histogram: 1 0 0 0 0 0 0 0 0 0

Total # of neighbors = 2270
Ave neighs/atom = 35.46875
Neighbor list builds = 0
Dangerous builds = 0
next i
jump SELF loop_struct
clear
  using 1 OpenMP thread(s) per MPI task
log energies.log append
units metal
boundary p p p
atom_style atomic
read_data Si222_${i}.in
read_data Si222_41.in
Reading data file ...
  orthogonal box = (0 0 0) to (10.887404 10.887404 10.887404)
  1 by 1 by 1 MPI processor grid
  reading atoms ...
  64 atoms
  reading velocities ...
  64 velocities
  read_data CPU = 0.001 seconds
mass 1 28.085
pair_style sw
pair_coeff * * Si.sw Si
Reading sw potential file Si.sw with DATE: 2007-06-11
run 0
WARNING: No fixes with time integration, atoms won't move (src/verlet.cpp:60)
Neighbor list info ...
  update: every = 1 steps, delay = 0 steps, check = yes
  max neighbors/atom: 2000, page size: 100000
  master list distance cutoff = 5.77118
  ghost atom cutoff = 5.77118
  binsize = 2.88559, bins = 4 4 4
  1 neighbor lists, perpetual/occasional/extra = 1 0 0
  (1) pair sw, perpetual
      attributes: full, newton on
      pair build: full/bin/atomonly
      stencil: full/bin/3d
      bin: standard
Per MPI rank memory allocation (min/avg/max) = 3.064 | 3.064 | 3.064 Mbytes
   Step          Temp          E_pair         E_mol          TotEng         Press     
         0   0             -254.72895      0             -254.72895      36238.831    
Loop time of 1.06e-06 on 1 procs for 0 steps with 64 atoms

94.3% CPU use with 1 MPI tasks x 1 OpenMP threads

MPI task timing breakdown:
Section |  min time  |  avg time  |  max time  |%varavg| %total
---------------------------------------------------------------
Pair    | 0          | 0          | 0          |   0.0 |  0.00
Neigh   | 0          | 0          | 0          |   0.0 |  0.00
Comm    | 0          | 0          | 0          |   0.0 |  0.00
Output  | 0          | 0          | 0          |   0.0 |  0.00
Modify  | 0          | 0          | 0          |   0.0 |  0.00
Other   |            | 1.06e-06   |            |       |100.00

Nlocal:             64 ave          64 max          64 min
Histogram: 1 0 0 0 0 0 0 0 0 0
Nghost:            549 ave         549 max         549 min
Histogram: 1 0 0 0 0 0 0 0 0 0
Neighs:              0 ave           0 max           0 min
Histogram: 1 0 0 0 0 0 0 0 0 0
FullNghs:         2260 ave        2260 max        2260 min
Histogram: 1 0 0 0 0 0 0 0 0 0

Total # of neighbors = 2260
Ave neighs/atom = 35.3125
Neighbor list builds = 0
Dangerous builds = 0
next i
jump SELF loop_struct
clear
  using 1 OpenMP thread(s) per MPI task
log energies.log append
units metal
boundary p p p
atom_style atomic
read_data Si222_${i}.in
read_data Si222_42.in
Reading data file ...
  orthogonal box = (0 0 0) to (10.887404 10.887404 10.887404)
  1 by 1 by 1 MPI processor grid
  reading atoms ...
  64 atoms
  reading velocities ...
  64 velocities
  read_data CPU = 0.001 seconds
mass 1 28.085
pair_style sw
pair_coeff * * Si.sw Si
Reading sw potential file Si.sw with DATE: 2007-06-11
run 0
WARNING: No fixes with time integration, atoms won't move (src/verlet.cpp:60)
Neighbor list info ...
  update: every = 1 steps, delay = 0 steps, check = yes
  max neighbors/atom: 2000, page size: 100000
  master list distance cutoff = 5.77118
  ghost atom cutoff = 5.77118
  binsize = 2.88559, bins = 4 4 4
  1 neighbor lists, perpetual/occasional/extra = 1 0 0
  (1) pair sw, perpetual
      attributes: full, newton on
      pair build: full/bin/atomonly
      stencil: full/bin/3d
      bin: standard
Per MPI rank memory allocation (min/avg/max) = 3.072 | 3.072 | 3.072 Mbytes
   Step          Temp          E_pair         E_mol          TotEng         Press     
         0   0             -251.6153       0             -251.6153       44256.772    
Loop time of 1.05e-06 on 1 procs for 0 steps with 64 atoms

0.0% CPU use with 1 MPI tasks x 1 OpenMP threads

MPI task timing breakdown:
Section |  min time  |  avg time  |  max time  |%varavg| %total
---------------------------------------------------------------
Pair    | 0          | 0          | 0          |   0.0 |  0.00
Neigh   | 0          | 0          | 0          |   0.0 |  0.00
Comm    | 0          | 0          | 0          |   0.0 |  0.00
Output  | 0          | 0          | 0          |   0.0 |  0.00
Modify  | 0          | 0          | 0          |   0.0 |  0.00
Other   |            | 1.05e-06   |            |       |100.00

Nlocal:             64 ave          64 max          64 min
Histogram: 1 0 0 0 0 0 0 0 0 0
Nghost:            549 ave         549 max         549 min
Histogram: 1 0 0 0 0 0 0 0 0 0
Neighs:              0 ave           0 max           0 min
Histogram: 1 0 0 0 0 0 0 0 0 0
FullNghs:         2296 ave        2296 max        2296 min
Histogram: 1 0 0 0 0 0 0 0 0 0

Total # of neighbors = 2296
Ave neighs/atom = 35.875
Neighbor list builds = 0
Dangerous builds = 0
next i
jump SELF loop_struct
clear
  using 1 OpenMP thread(s) per MPI task
log energies.log append
units metal
boundary p p p
atom_style atomic
read_data Si222_${i}.in
read_data Si222_43.in
Reading data file ...
  orthogonal box = (0 0 0) to (10.887404 10.887404 10.887404)
  1 by 1 by 1 MPI processor grid
  reading atoms ...
  64 atoms
  reading velocities ...
  64 velocities
  read_data CPU = 0.001 seconds
mass 1 28.085
pair_style sw
pair_coeff * * Si.sw Si
Reading sw potential file Si.sw with DATE: 2007-06-11
run 0
WARNING: No fixes with time integration, atoms won't move (src/verlet.cpp:60)
Neighbor list info ...
  update: every = 1 steps, delay = 0 steps, check = yes
  max neighbors/atom: 2000, page size: 100000
  master list distance cutoff = 5.77118
  ghost atom cutoff = 5.77118
  binsize = 2.88559, bins = 4 4 4
  1 neighbor lists, perpetual/occasional/extra = 1 0 0
  (1) pair sw, perpetual
      attributes: full, newton on
      pair build: full/bin/atomonly
      stencil: full/bin/3d
      bin: standard
Per MPI rank memory allocation (min/avg/max) = 3.064 | 3.064 | 3.064 Mbytes
   Step          Temp          E_pair         E_mol          TotEng         Press     
         0   0             -253.39293      0             -253.39293      45572.897    
Loop time of 1.06e-06 on 1 procs for 0 steps with 64 atoms

0.0% CPU use with 1 MPI tasks x 1 OpenMP threads

MPI task timing breakdown:
Section |  min time  |  avg time  |  max time  |%varavg| %total
---------------------------------------------------------------
Pair    | 0          | 0          | 0          |   0.0 |  0.00
Neigh   | 0          | 0          | 0          |   0.0 |  0.00
Comm    | 0          | 0          | 0          |   0.0 |  0.00
Output  | 0          | 0          | 0          |   0.0 |  0.00
Modify  | 0          | 0          | 0          |   0.0 |  0.00
Other   |            | 1.06e-06   |            |       |100.00

Nlocal:             64 ave          64 max          64 min
Histogram: 1 0 0 0 0 0 0 0 0 0
Nghost:            549 ave         549 max         549 min
Histogram: 1 0 0 0 0 0 0 0 0 0
Neighs:              0 ave           0 max           0 min
Histogram: 1 0 0 0 0 0 0 0 0 0
FullNghs:         2276 ave        2276 max        2276 min
Histogram: 1 0 0 0 0 0 0 0 0 0

Total # of neighbors = 2276
Ave neighs/atom = 35.5625
Neighbor list builds = 0
Dangerous builds = 0
next i
jump SELF loop_struct
clear
  using 1 OpenMP thread(s) per MPI task
log energies.log append
units metal
boundary p p p
atom_style atomic
read_data Si222_${i}.in
read_data Si222_44.in
Reading data file ...
  orthogonal box = (0 0 0) to (10.887404 10.887404 10.887404)
  1 by 1 by 1 MPI processor grid
  reading atoms ...
  64 atoms
  reading velocities ...
  64 velocities
  read_data CPU = 0.001 seconds
mass 1 28.085
pair_style sw
pair_coeff * * Si.sw Si
Reading sw potential file Si.sw with DATE: 2007-06-11
run 0
WARNING: No fixes with time integration, atoms won't move (src/verlet.cpp:60)
Neighbor list info ...
  update: every = 1 steps, delay = 0 steps, check = yes
  max neighbors/atom: 2000, page size: 100000
  master list distance cutoff = 5.77118
  ghost atom cutoff = 5.77118
  binsize = 2.88559, bins = 4 4 4
  1 neighbor lists, perpetual/occasional/extra = 1 0 0
  (1) pair sw, perpetual
      attributes: full, newton on
      pair build: full/bin/atomonly
      stencil: full/bin/3d
      bin: standard
Per MPI rank memory allocation (min/avg/max) = 3.072 | 3.072 | 3.072 Mbytes
   Step          Temp          E_pair         E_mol          TotEng         Press     
         0   0             -276.05283      0             -276.05283     -6031.0102    
Loop time of 1.05e-06 on 1 procs for 0 steps with 64 atoms

0.0% CPU use with 1 MPI tasks x 1 OpenMP threads

MPI task timing breakdown:
Section |  min time  |  avg time  |  max time  |%varavg| %total
---------------------------------------------------------------
Pair    | 0          | 0          | 0          |   0.0 |  0.00
Neigh   | 0          | 0          | 0          |   0.0 |  0.00
Comm    | 0          | 0          | 0          |   0.0 |  0.00
Output  | 0          | 0          | 0          |   0.0 |  0.00
Modify  | 0          | 0          | 0          |   0.0 |  0.00
Other   |            | 1.05e-06   |            |       |100.00

Nlocal:             64 ave          64 max          64 min
Histogram: 1 0 0 0 0 0 0 0 0 0
Nghost:            557 ave         557 max         557 min
Histogram: 1 0 0 0 0 0 0 0 0 0
Neighs:              0 ave           0 max           0 min
Histogram: 1 0 0 0 0 0 0 0 0 0
FullNghs:         2176 ave        2176 max        2176 min
Histogram: 1 0 0 0 0 0 0 0 0 0

Total # of neighbors = 2176
Ave neighs/atom = 34
Neighbor list builds = 0
Dangerous builds = 0
next i
jump SELF loop_struct
clear
  using 1 OpenMP thread(s) per MPI task
log energies.log append
units metal
boundary p p p
atom_style atomic
read_data Si222_${i}.in
read_data Si222_45.in
Reading data file ...
  orthogonal box = (0 0 0) to (10.887404 10.887404 10.887404)
  1 by 1 by 1 MPI processor grid
  reading atoms ...
  64 atoms
  reading velocities ...
  64 velocities
  read_data CPU = 0.001 seconds
mass 1 28.085
pair_style sw
pair_coeff * * Si.sw Si
Reading sw potential file Si.sw with DATE: 2007-06-11
run 0
WARNING: No fixes with time integration, atoms won't move (src/verlet.cpp:60)
Neighbor list info ...
  update: every = 1 steps, delay = 0 steps, check = yes
  max neighbors/atom: 2000, page size: 100000
  master list distance cutoff = 5.77118
  ghost atom cutoff = 5.77118
  binsize = 2.88559, bins = 4 4 4
  1 neighbor lists, perpetual/occasional/extra = 1 0 0
  (1) pair sw, perpetual
      attributes: full, newton on
      pair build: full/bin/atomonly
      stencil: full/bin/3d
      bin: standard
Per MPI rank memory allocation (min/avg/max) = 3.072 | 3.072 | 3.072 Mbytes
   Step          Temp          E_pair         E_mol          TotEng         Press     
         0   0             -256.01999      0             -256.01999      41439.088    
Loop time of 1.04e-06 on 1 procs for 0 steps with 64 atoms

0.0% CPU use with 1 MPI tasks x 1 OpenMP threads

MPI task timing breakdown:
Section |  min time  |  avg time  |  max time  |%varavg| %total
---------------------------------------------------------------
Pair    | 0          | 0          | 0          |   0.0 |  0.00
Neigh   | 0          | 0          | 0          |   0.0 |  0.00
Comm    | 0          | 0          | 0          |   0.0 |  0.00
Output  | 0          | 0          | 0          |   0.0 |  0.00
Modify  | 0          | 0          | 0          |   0.0 |  0.00
Other   |            | 1.04e-06   |            |       |100.00

Nlocal:             64 ave          64 max          64 min
Histogram: 1 0 0 0 0 0 0 0 0 0
Nghost:            557 ave         557 max         557 min
Histogram: 1 0 0 0 0 0 0 0 0 0
Neighs:              0 ave           0 max           0 min
Histogram: 1 0 0 0 0 0 0 0 0 0
FullNghs:         2250 ave        2250 max        2250 min
Histogram: 1 0 0 0 0 0 0 0 0 0

Total # of neighbors = 2250
Ave neighs/atom = 35.15625
Neighbor list builds = 0
Dangerous builds = 0
next i
jump SELF loop_struct
clear
  using 1 OpenMP thread(s) per MPI task
log energies.log append
units metal
boundary p p p
atom_style atomic
read_data Si222_${i}.in
read_data Si222_46.in
Reading data file ...
  orthogonal box = (0 0 0) to (10.887404 10.887404 10.887404)
  1 by 1 by 1 MPI processor grid
  reading atoms ...
  64 atoms
  reading velocities ...
  64 velocities
  read_data CPU = 0.001 seconds
mass 1 28.085
pair_style sw
pair_coeff * * Si.sw Si
Reading sw potential file Si.sw with DATE: 2007-06-11
run 0
WARNING: No fixes with time integration, atoms won't move (src/verlet.cpp:60)
Neighbor list info ...
  update: every = 1 steps, delay = 0 steps, check = yes
  max neighbors/atom: 2000, page size: 100000
  master list distance cutoff = 5.77118
  ghost atom cutoff = 5.77118
  binsize = 2.88559, bins = 4 4 4
  1 neighbor lists, perpetual/occasional/extra = 1 0 0
  (1) pair sw, perpetual
      attributes: full, newton on
      pair build: full/bin/atomonly
      stencil: full/bin/3d
      bin: standard
Per MPI rank memory allocation (min/avg/max) = 3.064 | 3.064 | 3.064 Mbytes
   Step          Temp          E_pair         E_mol          TotEng         Press     
         0   0             -275.76688      0             -275.76688     -5741.2649    
Loop time of 1.02e-06 on 1 procs for 0 steps with 64 atoms

0.0% CPU use with 1 MPI tasks x 1 OpenMP threads

MPI task timing breakdown:
Section |  min time  |  avg time  |  max time  |%varavg| %total
---------------------------------------------------------------
Pair    | 0          | 0          | 0          |   0.0 |  0.00
Neigh   | 0          | 0          | 0          |   0.0 |  0.00
Comm    | 0          | 0          | 0          |   0.0 |  0.00
Output  | 0          | 0          | 0          |   0.0 |  0.00
Modify  | 0          | 0          | 0          |   0.0 |  0.00
Other   |            | 1.02e-06   |            |       |100.00

Nlocal:             64 ave          64 max          64 min
Histogram: 1 0 0 0 0 0 0 0 0 0
Nghost:            557 ave         557 max         557 min
Histogram: 1 0 0 0 0 0 0 0 0 0
Neighs:              0 ave           0 max           0 min
Histogram: 1 0 0 0 0 0 0 0 0 0
FullNghs:         2180 ave        2180 max        2180 min
Histogram: 1 0 0 0 0 0 0 0 0 0

Total # of neighbors = 2180
Ave neighs/atom = 34.0625
Neighbor list builds = 0
Dangerous builds = 0
next i
jump SELF loop_struct
clear
  using 1 OpenMP thread(s) per MPI task
log energies.log append
units metal
boundary p p p
atom_style atomic
read_data Si222_${i}.in
read_data Si222_47.in
Reading data file ...
  orthogonal box = (0 0 0) to (10.887404 10.887404 10.887404)
  1 by 1 by 1 MPI processor grid
  reading atoms ...
  64 atoms
  reading velocities ...
  64 velocities
  read_data CPU = 0.001 seconds
mass 1 28.085
pair_style sw
pair_coeff * * Si.sw Si
Reading sw potential file Si.sw with DATE: 2007-06-11
run 0
WARNING: No fixes with time integration, atoms won't move (src/verlet.cpp:60)
Neighbor list info ...
  update: every = 1 steps, delay = 0 steps, check = yes
  max neighbors/atom: 2000, page size: 100000
  master list distance cutoff = 5.77118
  ghost atom cutoff = 5.77118
  binsize = 2.88559, bins = 4 4 4
  1 neighbor lists, perpetual/occasional/extra = 1 0 0
  (1) pair sw, perpetual
      attributes: full, newton on
      pair build: full/bin/atomonly
      stencil: full/bin/3d
      bin: standard
Per MPI rank memory allocation (min/avg/max) = 3.064 | 3.064 | 3.064 Mbytes
   Step          Temp          E_pair         E_mol          TotEng         Press     
         0   0             -275.82124      0             -275.82124     -5683.2639    
Loop time of 1.13e-06 on 1 procs for 0 steps with 64 atoms

88.5% CPU use with 1 MPI tasks x 1 OpenMP threads

MPI task timing breakdown:
Section |  min time  |  avg time  |  max time  |%varavg| %total
---------------------------------------------------------------
Pair    | 0          | 0          | 0          |   0.0 |  0.00
Neigh   | 0          | 0          | 0          |   0.0 |  0.00
Comm    | 0          | 0          | 0          |   0.0 |  0.00
Output  | 0          | 0          | 0          |   0.0 |  0.00
Modify  | 0          | 0          | 0          |   0.0 |  0.00
Other   |            | 1.13e-06   |            |       |100.00

Nlocal:             64 ave          64 max          64 min
Histogram: 1 0 0 0 0 0 0 0 0 0
Nghost:            557 ave         557 max         557 min
Histogram: 1 0 0 0 0 0 0 0 0 0
Neighs:              0 ave           0 max           0 min
Histogram: 1 0 0 0 0 0 0 0 0 0
FullNghs:         2176 ave        2176 max        2176 min
Histogram: 1 0 0 0 0 0 0 0 0 0

Total # of neighbors = 2176
Ave neighs/atom = 34
Neighbor list builds = 0
Dangerous builds = 0
next i
jump SELF loop_struct
clear
  using 1 OpenMP thread(s) per MPI task
log energies.log append
units metal
boundary p p p
atom_style atomic
read_data Si222_${i}.in
read_data Si222_48.in
Reading data file ...
  orthogonal box = (0 0 0) to (10.887404 10.887404 10.887404)
  1 by 1 by 1 MPI processor grid
  reading atoms ...
  64 atoms
  reading velocities ...
  64 velocities
  read_data CPU = 0.001 seconds
mass 1 28.085
pair_style sw
pair_coeff * * Si.sw Si
Reading sw potential file Si.sw with DATE: 2007-06-11
run 0
WARNING: No fixes with time integration, atoms won't move (src/verlet.cpp:60)
Neighbor list info ...
  update: every = 1 steps, delay = 0 steps, check = yes
  max neighbors/atom: 2000, page size: 100000
  master list distance cutoff = 5.77118
  ghost atom cutoff = 5.77118
  binsize = 2.88559, bins = 4 4 4
  1 neighbor lists, perpetual/occasional/extra = 1 0 0
  (1) pair sw, perpetual
      attributes: full, newton on
      pair build: full/bin/atomonly
      stencil: full/bin/3d
      bin: standard
Per MPI rank memory allocation (min/avg/max) = 3.074 | 3.074 | 3.074 Mbytes
   Step          Temp          E_pair         E_mol          TotEng         Press     
         0   0             -275.92458      0             -275.92458     -5882.8746    
Loop time of 1.05e-06 on 1 procs for 0 steps with 64 atoms

95.2% CPU use with 1 MPI tasks x 1 OpenMP threads

MPI task timing breakdown:
Section |  min time  |  avg time  |  max time  |%varavg| %total
---------------------------------------------------------------
Pair    | 0          | 0          | 0          |   0.0 |  0.00
Neigh   | 0          | 0          | 0          |   0.0 |  0.00
Comm    | 0          | 0          | 0          |   0.0 |  0.00
Output  | 0          | 0          | 0          |   0.0 |  0.00
Modify  | 0          | 0          | 0          |   0.0 |  0.00
Other   |            | 1.05e-06   |            |       |100.00

Nlocal:             64 ave          64 max          64 min
Histogram: 1 0 0 0 0 0 0 0 0 0
Nghost:            557 ave         557 max         557 min
Histogram: 1 0 0 0 0 0 0 0 0 0
Neighs:              0 ave           0 max           0 min
Histogram: 1 0 0 0 0 0 0 0 0 0
FullNghs:         2176 ave        2176 max        2176 min
Histogram: 1 0 0 0 0 0 0 0 0 0

Total # of neighbors = 2176
Ave neighs/atom = 34
Neighbor list builds = 0
Dangerous builds = 0
next i
jump SELF loop_struct
clear
  using 1 OpenMP thread(s) per MPI task
log energies.log append
units metal
boundary p p p
atom_style atomic
read_data Si222_${i}.in
read_data Si222_49.in
Reading data file ...
  orthogonal box = (0 0 0) to (10.887404 10.887404 10.887404)
  1 by 1 by 1 MPI processor grid
  reading atoms ...
  64 atoms
  reading velocities ...
  64 velocities
  read_data CPU = 0.001 seconds
mass 1 28.085
pair_style sw
pair_coeff * * Si.sw Si
Reading sw potential file Si.sw with DATE: 2007-06-11
run 0
WARNING: No fixes with time integration, atoms won't move (src/verlet.cpp:60)
Neighbor list info ...
  update: every = 1 steps, delay = 0 steps, check = yes
  max neighbors/atom: 2000, page size: 100000
  master list distance cutoff = 5.77118
  ghost atom cutoff = 5.77118
  binsize = 2.88559, bins = 4 4 4
  1 neighbor lists, perpetual/occasional/extra = 1 0 0
  (1) pair sw, perpetual
      attributes: full, newton on
      pair build: full/bin/atomonly
      stencil: full/bin/3d
      bin: standard
Per MPI rank memory allocation (min/avg/max) = 3.074 | 3.074 | 3.074 Mbytes
   Step          Temp          E_pair         E_mol          TotEng         Press     
         0   0             -274.96633      0             -274.96633     -5020.5722    
Loop time of 1.04e-06 on 1 procs for 0 steps with 64 atoms

0.0% CPU use with 1 MPI tasks x 1 OpenMP threads

MPI task timing breakdown:
Section |  min time  |  avg time  |  max time  |%varavg| %total
---------------------------------------------------------------
Pair    | 0          | 0          | 0          |   0.0 |  0.00
Neigh   | 0          | 0          | 0          |   0.0 |  0.00
Comm    | 0          | 0          | 0          |   0.0 |  0.00
Output  | 0          | 0          | 0          |   0.0 |  0.00
Modify  | 0          | 0          | 0          |   0.0 |  0.00
Other   |            | 1.04e-06   |            |       |100.00

Nlocal:             64 ave          64 max          64 min
Histogram: 1 0 0 0 0 0 0 0 0 0
Nghost:            557 ave         557 max         557 min
Histogram: 1 0 0 0 0 0 0 0 0 0
Neighs:              0 ave           0 max           0 min
Histogram: 1 0 0 0 0 0 0 0 0 0
FullNghs:         2188 ave        2188 max        2188 min
Histogram: 1 0 0 0 0 0 0 0 0 0

Total # of neighbors = 2188
Ave neighs/atom = 34.1875
Neighbor list builds = 0
Dangerous builds = 0
next i
jump SELF loop_struct
clear
  using 1 OpenMP thread(s) per MPI task
log energies.log append
units metal
boundary p p p
atom_style atomic
read_data Si222_${i}.in
read_data Si222_50.in
Reading data file ...
  orthogonal box = (0 0 0) to (10.887404 10.887404 10.887404)
  1 by 1 by 1 MPI processor grid
  reading atoms ...
  64 atoms
  reading velocities ...
  64 velocities
  read_data CPU = 0.001 seconds
mass 1 28.085
pair_style sw
pair_coeff * * Si.sw Si
Reading sw potential file Si.sw with DATE: 2007-06-11
run 0
WARNING: No fixes with time integration, atoms won't move (src/verlet.cpp:60)
Neighbor list info ...
  update: every = 1 steps, delay = 0 steps, check = yes
  max neighbors/atom: 2000, page size: 100000
  master list distance cutoff = 5.77118
  ghost atom cutoff = 5.77118
  binsize = 2.88559, bins = 4 4 4
  1 neighbor lists, perpetual/occasional/extra = 1 0 0
  (1) pair sw, perpetual
      attributes: full, newton on
      pair build: full/bin/atomonly
      stencil: full/bin/3d
      bin: standard
Per MPI rank memory allocation (min/avg/max) = 3.074 | 3.074 | 3.074 Mbytes
   Step          Temp          E_pair         E_mol          TotEng         Press     
         0   0             -275.34712      0             -275.34712     -5956.1289    
Loop time of 1.03e-06 on 1 procs for 0 steps with 64 atoms

0.0% CPU use with 1 MPI tasks x 1 OpenMP threads

MPI task timing breakdown:
Section |  min time  |  avg time  |  max time  |%varavg| %total
---------------------------------------------------------------
Pair    | 0          | 0          | 0          |   0.0 |  0.00
Neigh   | 0          | 0          | 0          |   0.0 |  0.00
Comm    | 0          | 0          | 0          |   0.0 |  0.00
Output  | 0          | 0          | 0          |   0.0 |  0.00
Modify  | 0          | 0          | 0          |   0.0 |  0.00
Other   |            | 1.03e-06   |            |       |100.00

Nlocal:             64 ave          64 max          64 min
Histogram: 1 0 0 0 0 0 0 0 0 0
Nghost:            557 ave         557 max         557 min
Histogram: 1 0 0 0 0 0 0 0 0 0
Neighs:              0 ave           0 max           0 min
Histogram: 1 0 0 0 0 0 0 0 0 0
FullNghs:         2188 ave        2188 max        2188 min
Histogram: 1 0 0 0 0 0 0 0 0 0

Total # of neighbors = 2188
Ave neighs/atom = 34.1875
Neighbor list builds = 0
Dangerous builds = 0
next i
jump SELF loop_struct
clear
  using 1 OpenMP thread(s) per MPI task
log energies.log append
units metal
boundary p p p
atom_style atomic
read_data Si222_${i}.in
read_data Si222_51.in
Reading data file ...
  orthogonal box = (0 0 0) to (10.887404 10.887404 10.887404)
  1 by 1 by 1 MPI processor grid
  reading atoms ...
  64 atoms
  reading velocities ...
  64 velocities
  read_data CPU = 0.001 seconds
mass 1 28.085
pair_style sw
pair_coeff * * Si.sw Si
Reading sw potential file Si.sw with DATE: 2007-06-11
run 0
WARNING: No fixes with time integration, atoms won't move (src/verlet.cpp:60)
Neighbor list info ...
  update: every = 1 steps, delay = 0 steps, check = yes
  max neighbors/atom: 2000, page size: 100000
  master list distance cutoff = 5.77118
  ghost atom cutoff = 5.77118
  binsize = 2.88559, bins = 4 4 4
  1 neighbor lists, perpetual/occasional/extra = 1 0 0
  (1) pair sw, perpetual
      attributes: full, newton on
      pair build: full/bin/atomonly
      stencil: full/bin/3d
      bin: standard
Per MPI rank memory allocation (min/avg/max) = 3.074 | 3.074 | 3.074 Mbytes
   Step          Temp          E_pair         E_mol          TotEng         Press     
         0   0             -276.02864      0             -276.02864     -5937.5461    
Loop time of 1.03e-06 on 1 procs for 0 steps with 64 atoms

97.1% CPU use with 1 MPI tasks x 1 OpenMP threads

MPI task timing breakdown:
Section |  min time  |  avg time  |  max time  |%varavg| %total
---------------------------------------------------------------
Pair    | 0          | 0          | 0          |   0.0 |  0.00
Neigh   | 0          | 0          | 0          |   0.0 |  0.00
Comm    | 0          | 0          | 0          |   0.0 |  0.00
Output  | 0          | 0          | 0          |   0.0 |  0.00
Modify  | 0          | 0          | 0          |   0.0 |  0.00
Other   |            | 1.03e-06   |            |       |100.00

Nlocal:             64 ave          64 max          64 min
Histogram: 1 0 0 0 0 0 0 0 0 0
Nghost:            557 ave         557 max         557 min
Histogram: 1 0 0 0 0 0 0 0 0 0
Neighs:              0 ave           0 max           0 min
Histogram: 1 0 0 0 0 0 0 0 0 0
FullNghs:         2178 ave        2178 max        2178 min
Histogram: 1 0 0 0 0 0 0 0 0 0

Total # of neighbors = 2178
Ave neighs/atom = 34.03125
Neighbor list builds = 0
Dangerous builds = 0
next i
jump SELF loop_struct
clear
  using 1 OpenMP thread(s) per MPI task
log energies.log append
units metal
boundary p p p
atom_style atomic
read_data Si222_${i}.in
read_data Si222_52.in
Reading data file ...
  orthogonal box = (0 0 0) to (10.887404 10.887404 10.887404)
  1 by 1 by 1 MPI processor grid
  reading atoms ...
  64 atoms
  reading velocities ...
  64 velocities
  read_data CPU = 0.001 seconds
mass 1 28.085
pair_style sw
pair_coeff * * Si.sw Si
Reading sw potential file Si.sw with DATE: 2007-06-11
run 0
WARNING: No fixes with time integration, atoms won't move (src/verlet.cpp:60)
Neighbor list info ...
  update: every = 1 steps, delay = 0 steps, check = yes
  max neighbors/atom: 2000, page size: 100000
  master list distance cutoff = 5.77118
  ghost atom cutoff = 5.77118
  binsize = 2.88559, bins = 4 4 4
  1 neighbor lists, perpetual/occasional/extra = 1 0 0
  (1) pair sw, perpetual
      attributes: full, newton on
      pair build: full/bin/atomonly
      stencil: full/bin/3d
      bin: standard
Per MPI rank memory allocation (min/avg/max) = 3.073 | 3.073 | 3.073 Mbytes
   Step          Temp          E_pair         E_mol          TotEng         Press     
         0   0             -275.93083      0             -275.93083     -6100.8641    
Loop time of 1.09e-06 on 1 procs for 0 steps with 64 atoms

91.7% CPU use with 1 MPI tasks x 1 OpenMP threads

MPI task timing breakdown:
Section |  min time  |  avg time  |  max time  |%varavg| %total
---------------------------------------------------------------
Pair    | 0          | 0          | 0          |   0.0 |  0.00
Neigh   | 0          | 0          | 0          |   0.0 |  0.00
Comm    | 0          | 0          | 0          |   0.0 |  0.00
Output  | 0          | 0          | 0          |   0.0 |  0.00
Modify  | 0          | 0          | 0          |   0.0 |  0.00
Other   |            | 1.09e-06   |            |       |100.00

Nlocal:             64 ave          64 max          64 min
Histogram: 1 0 0 0 0 0 0 0 0 0
Nghost:            557 ave         557 max         557 min
Histogram: 1 0 0 0 0 0 0 0 0 0
Neighs:              0 ave           0 max           0 min
Histogram: 1 0 0 0 0 0 0 0 0 0
FullNghs:         2178 ave        2178 max        2178 min
Histogram: 1 0 0 0 0 0 0 0 0 0

Total # of neighbors = 2178
Ave neighs/atom = 34.03125
Neighbor list builds = 0
Dangerous builds = 0
next i
jump SELF loop_struct
clear
  using 1 OpenMP thread(s) per MPI task
log energies.log append
units metal
boundary p p p
atom_style atomic
read_data Si222_${i}.in
read_data Si222_53.in
Reading data file ...
  orthogonal box = (0 0 0) to (10.887404 10.887404 10.887404)
  1 by 1 by 1 MPI processor grid
  reading atoms ...
  64 atoms
  reading velocities ...
  64 velocities
  read_data CPU = 0.001 seconds
mass 1 28.085
pair_style sw
pair_coeff * * Si.sw Si
Reading sw potential file Si.sw with DATE: 2007-06-11
run 0
WARNING: No fixes with time integration, atoms won't move (src/verlet.cpp:60)
Neighbor list info ...
  update: every = 1 steps, delay = 0 steps, check = yes
  max neighbors/atom: 2000, page size: 100000
  master list distance cutoff = 5.77118
  ghost atom cutoff = 5.77118
  binsize = 2.88559, bins = 4 4 4
  1 neighbor lists, perpetual/occasional/extra = 1 0 0
  (1) pair sw, perpetual
      attributes: full, newton on
      pair build: full/bin/atomonly
      stencil: full/bin/3d
      bin: standard
Per MPI rank memory allocation (min/avg/max) = 3.064 | 3.064 | 3.064 Mbytes
   Step          Temp          E_pair         E_mol          TotEng         Press     
         0   0             -275.51745      0             -275.51745     -5603.7743    
Loop time of 1.06e-06 on 1 procs for 0 steps with 64 atoms

0.0% CPU use with 1 MPI tasks x 1 OpenMP threads

MPI task timing breakdown:
Section |  min time  |  avg time  |  max time  |%varavg| %total
---------------------------------------------------------------
Pair    | 0          | 0          | 0          |   0.0 |  0.00
Neigh   | 0          | 0          | 0          |   0.0 |  0.00
Comm    | 0          | 0          | 0          |   0.0 |  0.00
Output  | 0          | 0          | 0          |   0.0 |  0.00
Modify  | 0          | 0          | 0          |   0.0 |  0.00
Other   |            | 1.06e-06   |            |       |100.00

Nlocal:             64 ave          64 max          64 min
Histogram: 1 0 0 0 0 0 0 0 0 0
Nghost:            557 ave         557 max         557 min
Histogram: 1 0 0 0 0 0 0 0 0 0
Neighs:              0 ave           0 max           0 min
Histogram: 1 0 0 0 0 0 0 0 0 0
FullNghs:         2184 ave        2184 max        2184 min
Histogram: 1 0 0 0 0 0 0 0 0 0

Total # of neighbors = 2184
Ave neighs/atom = 34.125
Neighbor list builds = 0
Dangerous builds = 0
next i
jump SELF loop_struct
clear
  using 1 OpenMP thread(s) per MPI task
log energies.log append
units metal
boundary p p p
atom_style atomic
read_data Si222_${i}.in
read_data Si222_54.in
Reading data file ...
  orthogonal box = (0 0 0) to (10.887404 10.887404 10.887404)
  1 by 1 by 1 MPI processor grid
  reading atoms ...
  64 atoms
  reading velocities ...
  64 velocities
  read_data CPU = 0.001 seconds
mass 1 28.085
pair_style sw
pair_coeff * * Si.sw Si
Reading sw potential file Si.sw with DATE: 2007-06-11
run 0
WARNING: No fixes with time integration, atoms won't move (src/verlet.cpp:60)
Neighbor list info ...
  update: every = 1 steps, delay = 0 steps, check = yes
  max neighbors/atom: 2000, page size: 100000
  master list distance cutoff = 5.77118
  ghost atom cutoff = 5.77118
  binsize = 2.88559, bins = 4 4 4
  1 neighbor lists, perpetual/occasional/extra = 1 0 0
  (1) pair sw, perpetual
      attributes: full, newton on
      pair build: full/bin/atomonly
      stencil: full/bin/3d
      bin: standard
Per MPI rank memory allocation (min/avg/max) = 3.063 | 3.063 | 3.063 Mbytes
   Step          Temp          E_pair         E_mol          TotEng         Press     
         0   0             -240.73954      0             -240.73954      51517.602    
Loop time of 1.07e-06 on 1 procs for 0 steps with 64 atoms

93.5% CPU use with 1 MPI tasks x 1 OpenMP threads

MPI task timing breakdown:
Section |  min time  |  avg time  |  max time  |%varavg| %total
---------------------------------------------------------------
Pair    | 0          | 0          | 0          |   0.0 |  0.00
Neigh   | 0          | 0          | 0          |   0.0 |  0.00
Comm    | 0          | 0          | 0          |   0.0 |  0.00
Output  | 0          | 0          | 0          |   0.0 |  0.00
Modify  | 0          | 0          | 0          |   0.0 |  0.00
Other   |            | 1.07e-06   |            |       |100.00

Nlocal:             64 ave          64 max          64 min
Histogram: 1 0 0 0 0 0 0 0 0 0
Nghost:            481 ave         481 max         481 min
Histogram: 1 0 0 0 0 0 0 0 0 0
Neighs:              0 ave           0 max           0 min
Histogram: 1 0 0 0 0 0 0 0 0 0
FullNghs:         2258 ave        2258 max        2258 min
Histogram: 1 0 0 0 0 0 0 0 0 0

Total # of neighbors = 2258
Ave neighs/atom = 35.28125
Neighbor list builds = 0
Dangerous builds = 0
next i
jump SELF loop_struct
clear
  using 1 OpenMP thread(s) per MPI task
log energies.log append
units metal
boundary p p p
atom_style atomic
read_data Si222_${i}.in
read_data Si222_55.in
Reading data file ...
  orthogonal box = (0 0 0) to (10.887404 10.887404 10.887404)
  1 by 1 by 1 MPI processor grid
  reading atoms ...
  64 atoms
  reading velocities ...
  64 velocities
  read_data CPU = 0.001 seconds
mass 1 28.085
pair_style sw
pair_coeff * * Si.sw Si
Reading sw potential file Si.sw with DATE: 2007-06-11
run 0
WARNING: No fixes with time integration, atoms won't move (src/verlet.cpp:60)
Neighbor list info ...
  update: every = 1 steps, delay = 0 steps, check = yes
  max neighbors/atom: 2000, page size: 100000
  master list distance cutoff = 5.77118
  ghost atom cutoff = 5.77118
  binsize = 2.88559, bins = 4 4 4
  1 neighbor lists, perpetual/occasional/extra = 1 0 0
  (1) pair sw, perpetual
      attributes: full, newton on
      pair build: full/bin/atomonly
      stencil: full/bin/3d
      bin: standard
Per MPI rank memory allocation (min/avg/max) = 3.072 | 3.072 | 3.072 Mbytes
   Step          Temp          E_pair         E_mol          TotEng         Press     
         0   0             -254.78623      0             -254.78623      40794.632    
Loop time of 1.05e-06 on 1 procs for 0 steps with 64 atoms

190.5% CPU use with 1 MPI tasks x 1 OpenMP threads

MPI task timing breakdown:
Section |  min time  |  avg time  |  max time  |%varavg| %total
---------------------------------------------------------------
Pair    | 0          | 0          | 0          |   0.0 |  0.00
Neigh   | 0          | 0          | 0          |   0.0 |  0.00
Comm    | 0          | 0          | 0          |   0.0 |  0.00
Output  | 0          | 0          | 0          |   0.0 |  0.00
Modify  | 0          | 0          | 0          |   0.0 |  0.00
Other   |            | 1.05e-06   |            |       |100.00

Nlocal:             64 ave          64 max          64 min
Histogram: 1 0 0 0 0 0 0 0 0 0
Nghost:            549 ave         549 max         549 min
Histogram: 1 0 0 0 0 0 0 0 0 0
Neighs:              0 ave           0 max           0 min
Histogram: 1 0 0 0 0 0 0 0 0 0
FullNghs:         2272 ave        2272 max        2272 min
Histogram: 1 0 0 0 0 0 0 0 0 0

Total # of neighbors = 2272
Ave neighs/atom = 35.5
Neighbor list builds = 0
Dangerous builds = 0
next i
jump SELF loop_struct
clear
  using 1 OpenMP thread(s) per MPI task
log energies.log append
units metal
boundary p p p
atom_style atomic
read_data Si222_${i}.in
read_data Si222_56.in
Reading data file ...
  orthogonal box = (0 0 0) to (10.887404 10.887404 10.887404)
  1 by 1 by 1 MPI processor grid
  reading atoms ...
  64 atoms
  reading velocities ...
  64 velocities
  read_data CPU = 0.001 seconds
mass 1 28.085
pair_style sw
pair_coeff * * Si.sw Si
Reading sw potential file Si.sw with DATE: 2007-06-11
run 0
WARNING: No fixes with time integration, atoms won't move (src/verlet.cpp:60)
Neighbor list info ...
  update: every = 1 steps, delay = 0 steps, check = yes
  max neighbors/atom: 2000, page size: 100000
  master list distance cutoff = 5.77118
  ghost atom cutoff = 5.77118
  binsize = 2.88559, bins = 4 4 4
  1 neighbor lists, perpetual/occasional/extra = 1 0 0
  (1) pair sw, perpetual
      attributes: full, newton on
      pair build: full/bin/atomonly
      stencil: full/bin/3d
      bin: standard
Per MPI rank memory allocation (min/avg/max) = 3.074 | 3.074 | 3.074 Mbytes
   Step          Temp          E_pair         E_mol          TotEng         Press     
         0   0             -275.26508      0             -275.26508     -5758.7478    
Loop time of 1.02e-06 on 1 procs for 0 steps with 64 atoms

98.0% CPU use with 1 MPI tasks x 1 OpenMP threads

MPI task timing breakdown:
Section |  min time  |  avg time  |  max time  |%varavg| %total
---------------------------------------------------------------
Pair    | 0          | 0          | 0          |   0.0 |  0.00
Neigh   | 0          | 0          | 0          |   0.0 |  0.00
Comm    | 0          | 0          | 0          |   0.0 |  0.00
Output  | 0          | 0          | 0          |   0.0 |  0.00
Modify  | 0          | 0          | 0          |   0.0 |  0.00
Other   |            | 1.02e-06   |            |       |100.00

Nlocal:             64 ave          64 max          64 min
Histogram: 1 0 0 0 0 0 0 0 0 0
Nghost:            557 ave         557 max         557 min
Histogram: 1 0 0 0 0 0 0 0 0 0
Neighs:              0 ave           0 max           0 min
Histogram: 1 0 0 0 0 0 0 0 0 0
FullNghs:         2192 ave        2192 max        2192 min
Histogram: 1 0 0 0 0 0 0 0 0 0

Total # of neighbors = 2192
Ave neighs/atom = 34.25
Neighbor list builds = 0
Dangerous builds = 0
next i
jump SELF loop_struct
clear
  using 1 OpenMP thread(s) per MPI task
log energies.log append
units metal
boundary p p p
atom_style atomic
read_data Si222_${i}.in
read_data Si222_57.in
Reading data file ...
  orthogonal box = (0 0 0) to (10.887404 10.887404 10.887404)
  1 by 1 by 1 MPI processor grid
  reading atoms ...
  64 atoms
  reading velocities ...
  64 velocities
  read_data CPU = 0.001 seconds
mass 1 28.085
pair_style sw
pair_coeff * * Si.sw Si
Reading sw potential file Si.sw with DATE: 2007-06-11
run 0
WARNING: No fixes with time integration, atoms won't move (src/verlet.cpp:60)
Neighbor list info ...
  update: every = 1 steps, delay = 0 steps, check = yes
  max neighbors/atom: 2000, page size: 100000
  master list distance cutoff = 5.77118
  ghost atom cutoff = 5.77118
  binsize = 2.88559, bins = 4 4 4
  1 neighbor lists, perpetual/occasional/extra = 1 0 0
  (1) pair sw, perpetual
      attributes: full, newton on
      pair build: full/bin/atomonly
      stencil: full/bin/3d
      bin: standard
Per MPI rank memory allocation (min/avg/max) = 3.074 | 3.074 | 3.074 Mbytes
   Step          Temp          E_pair         E_mol          TotEng         Press     
         0   0             -275.8827       0             -275.8827      -5940.7117    
Loop time of 1.02e-06 on 1 procs for 0 steps with 64 atoms

98.0% CPU use with 1 MPI tasks x 1 OpenMP threads

MPI task timing breakdown:
Section |  min time  |  avg time  |  max time  |%varavg| %total
---------------------------------------------------------------
Pair    | 0          | 0          | 0          |   0.0 |  0.00
Neigh   | 0          | 0          | 0          |   0.0 |  0.00
Comm    | 0          | 0          | 0          |   0.0 |  0.00
Output  | 0          | 0          | 0          |   0.0 |  0.00
Modify  | 0          | 0          | 0          |   0.0 |  0.00
Other   |            | 1.02e-06   |            |       |100.00

Nlocal:             64 ave          64 max          64 min
Histogram: 1 0 0 0 0 0 0 0 0 0
Nghost:            557 ave         557 max         557 min
Histogram: 1 0 0 0 0 0 0 0 0 0
Neighs:              0 ave           0 max           0 min
Histogram: 1 0 0 0 0 0 0 0 0 0
FullNghs:         2176 ave        2176 max        2176 min
Histogram: 1 0 0 0 0 0 0 0 0 0

Total # of neighbors = 2176
Ave neighs/atom = 34
Neighbor list builds = 0
Dangerous builds = 0
next i
jump SELF loop_struct
clear
  using 1 OpenMP thread(s) per MPI task
log energies.log append
units metal
boundary p p p
atom_style atomic
read_data Si222_${i}.in
read_data Si222_58.in
Reading data file ...
  orthogonal box = (0 0 0) to (10.887404 10.887404 10.887404)
  1 by 1 by 1 MPI processor grid
  reading atoms ...
  64 atoms
  reading velocities ...
  64 velocities
  read_data CPU = 0.001 seconds
mass 1 28.085
pair_style sw
pair_coeff * * Si.sw Si
Reading sw potential file Si.sw with DATE: 2007-06-11
run 0
WARNING: No fixes with time integration, atoms won't move (src/verlet.cpp:60)
Neighbor list info ...
  update: every = 1 steps, delay = 0 steps, check = yes
  max neighbors/atom: 2000, page size: 100000
  master list distance cutoff = 5.77118
  ghost atom cutoff = 5.77118
  binsize = 2.88559, bins = 4 4 4
  1 neighbor lists, perpetual/occasional/extra = 1 0 0
  (1) pair sw, perpetual
      attributes: full, newton on
      pair build: full/bin/atomonly
      stencil: full/bin/3d
      bin: standard
Per MPI rank memory allocation (min/avg/max) = 3.072 | 3.072 | 3.072 Mbytes
   Step          Temp          E_pair         E_mol          TotEng         Press     
         0   0             -276.1305       0             -276.1305      -6106.7922    
Loop time of 1.06e-06 on 1 procs for 0 steps with 64 atoms

94.3% CPU use with 1 MPI tasks x 1 OpenMP threads

MPI task timing breakdown:
Section |  min time  |  avg time  |  max time  |%varavg| %total
---------------------------------------------------------------
Pair    | 0          | 0          | 0          |   0.0 |  0.00
Neigh   | 0          | 0          | 0          |   0.0 |  0.00
Comm    | 0          | 0          | 0          |   0.0 |  0.00
Output  | 0          | 0          | 0          |   0.0 |  0.00
Modify  | 0          | 0          | 0          |   0.0 |  0.00
Other   |            | 1.06e-06   |            |       |100.00

Nlocal:             64 ave          64 max          64 min
Histogram: 1 0 0 0 0 0 0 0 0 0
Nghost:            557 ave         557 max         557 min
Histogram: 1 0 0 0 0 0 0 0 0 0
Neighs:              0 ave           0 max           0 min
Histogram: 1 0 0 0 0 0 0 0 0 0
FullNghs:         2178 ave        2178 max        2178 min
Histogram: 1 0 0 0 0 0 0 0 0 0

Total # of neighbors = 2178
Ave neighs/atom = 34.03125
Neighbor list builds = 0
Dangerous builds = 0
next i
jump SELF loop_struct
clear
  using 1 OpenMP thread(s) per MPI task
log energies.log append
units metal
boundary p p p
atom_style atomic
read_data Si222_${i}.in
read_data Si222_59.in
Reading data file ...
  orthogonal box = (0 0 0) to (10.887404 10.887404 10.887404)
  1 by 1 by 1 MPI processor grid
  reading atoms ...
  64 atoms
  reading velocities ...
  64 velocities
  read_data CPU = 0.001 seconds
mass 1 28.085
pair_style sw
pair_coeff * * Si.sw Si
Reading sw potential file Si.sw with DATE: 2007-06-11
run 0
WARNING: No fixes with time integration, atoms won't move (src/verlet.cpp:60)
Neighbor list info ...
  update: every = 1 steps, delay = 0 steps, check = yes
  max neighbors/atom: 2000, page size: 100000
  master list distance cutoff = 5.77118
  ghost atom cutoff = 5.77118
  binsize = 2.88559, bins = 4 4 4
  1 neighbor lists, perpetual/occasional/extra = 1 0 0
  (1) pair sw, perpetual
      attributes: full, newton on
      pair build: full/bin/atomonly
      stencil: full/bin/3d
      bin: standard
Per MPI rank memory allocation (min/avg/max) = 3.073 | 3.073 | 3.073 Mbytes
   Step          Temp          E_pair         E_mol          TotEng         Press     
         0   0             -275.26199      0             -275.26199     -5705.0822    
Loop time of 1.07e-06 on 1 procs for 0 steps with 64 atoms

93.5% CPU use with 1 MPI tasks x 1 OpenMP threads

MPI task timing breakdown:
Section |  min time  |  avg time  |  max time  |%varavg| %total
---------------------------------------------------------------
Pair    | 0          | 0          | 0          |   0.0 |  0.00
Neigh   | 0          | 0          | 0          |   0.0 |  0.00
Comm    | 0          | 0          | 0          |   0.0 |  0.00
Output  | 0          | 0          | 0          |   0.0 |  0.00
Modify  | 0          | 0          | 0          |   0.0 |  0.00
Other   |            | 1.07e-06   |            |       |100.00

Nlocal:             64 ave          64 max          64 min
Histogram: 1 0 0 0 0 0 0 0 0 0
Nghost:            557 ave         557 max         557 min
Histogram: 1 0 0 0 0 0 0 0 0 0
Neighs:              0 ave           0 max           0 min
Histogram: 1 0 0 0 0 0 0 0 0 0
FullNghs:         2182 ave        2182 max        2182 min
Histogram: 1 0 0 0 0 0 0 0 0 0

Total # of neighbors = 2182
Ave neighs/atom = 34.09375
Neighbor list builds = 0
Dangerous builds = 0
next i
jump SELF loop_struct
clear
  using 1 OpenMP thread(s) per MPI task
log energies.log append
units metal
boundary p p p
atom_style atomic
read_data Si222_${i}.in
read_data Si222_60.in
Reading data file ...
  orthogonal box = (0 0 0) to (10.887404 10.887404 10.887404)
  1 by 1 by 1 MPI processor grid
  reading atoms ...
  64 atoms
  reading velocities ...
  64 velocities
  read_data CPU = 0.001 seconds
mass 1 28.085
pair_style sw
pair_coeff * * Si.sw Si
Reading sw potential file Si.sw with DATE: 2007-06-11
run 0
WARNING: No fixes with time integration, atoms won't move (src/verlet.cpp:60)
Neighbor list info ...
  update: every = 1 steps, delay = 0 steps, check = yes
  max neighbors/atom: 2000, page size: 100000
  master list distance cutoff = 5.77118
  ghost atom cutoff = 5.77118
  binsize = 2.88559, bins = 4 4 4
  1 neighbor lists, perpetual/occasional/extra = 1 0 0
  (1) pair sw, perpetual
      attributes: full, newton on
      pair build: full/bin/atomonly
      stencil: full/bin/3d
      bin: standard
Per MPI rank memory allocation (min/avg/max) = 3.073 | 3.073 | 3.073 Mbytes
   Step          Temp          E_pair         E_mol          TotEng         Press     
         0   0             -254.00227      0             -254.00227      45605.943    
Loop time of 1.02e-06 on 1 procs for 0 steps with 64 atoms

0.0% CPU use with 1 MPI tasks x 1 OpenMP threads

MPI task timing breakdown:
Section |  min time  |  avg time  |  max time  |%varavg| %total
---------------------------------------------------------------
Pair    | 0          | 0          | 0          |   0.0 |  0.00
Neigh   | 0          | 0          | 0          |   0.0 |  0.00
Comm    | 0          | 0          | 0          |   0.0 |  0.00
Output  | 0          | 0          | 0          |   0.0 |  0.00
Modify  | 0          | 0          | 0          |   0.0 |  0.00
Other   |            | 1.02e-06   |            |       |100.00

Nlocal:             64 ave          64 max          64 min
Histogram: 1 0 0 0 0 0 0 0 0 0
Nghost:            553 ave         553 max         553 min
Histogram: 1 0 0 0 0 0 0 0 0 0
Neighs:              0 ave           0 max           0 min
Histogram: 1 0 0 0 0 0 0 0 0 0
FullNghs:         2268 ave        2268 max        2268 min
Histogram: 1 0 0 0 0 0 0 0 0 0

Total # of neighbors = 2268
Ave neighs/atom = 35.4375
Neighbor list builds = 0
Dangerous builds = 0
next i
jump SELF loop_struct
clear
  using 1 OpenMP thread(s) per MPI task
log energies.log append
units metal
boundary p p p
atom_style atomic
read_data Si222_${i}.in
read_data Si222_61.in
Reading data file ...
  orthogonal box = (0 0 0) to (10.887404 10.887404 10.887404)
  1 by 1 by 1 MPI processor grid
  reading atoms ...
  64 atoms
  reading velocities ...
  64 velocities
  read_data CPU = 0.001 seconds
mass 1 28.085
pair_style sw
pair_coeff * * Si.sw Si
Reading sw potential file Si.sw with DATE: 2007-06-11
run 0
WARNING: No fixes with time integration, atoms won't move (src/verlet.cpp:60)
Neighbor list info ...
  update: every = 1 steps, delay = 0 steps, check = yes
  max neighbors/atom: 2000, page size: 100000
  master list distance cutoff = 5.77118
  ghost atom cutoff = 5.77118
  binsize = 2.88559, bins = 4 4 4
  1 neighbor lists, perpetual/occasional/extra = 1 0 0
  (1) pair sw, perpetual
      attributes: full, newton on
      pair build: full/bin/atomonly
      stencil: full/bin/3d
      bin: standard
Per MPI rank memory allocation (min/avg/max) = 3.063 | 3.063 | 3.063 Mbytes
   Step          Temp          E_pair         E_mol          TotEng         Press     
         0   0             -235.99124      0             -235.99124      60837.369    
Loop time of 1.04e-06 on 1 procs for 0 steps with 64 atoms

96.2% CPU use with 1 MPI tasks x 1 OpenMP threads

MPI task timing breakdown:
Section |  min time  |  avg time  |  max time  |%varavg| %total
---------------------------------------------------------------
Pair    | 0          | 0          | 0          |   0.0 |  0.00
Neigh   | 0          | 0          | 0          |   0.0 |  0.00
Comm    | 0          | 0          | 0          |   0.0 |  0.00
Output  | 0          | 0          | 0          |   0.0 |  0.00
Modify  | 0          | 0          | 0          |   0.0 |  0.00
Other   |            | 1.04e-06   |            |       |100.00

Nlocal:             64 ave          64 max          64 min
Histogram: 1 0 0 0 0 0 0 0 0 0
Nghost:            475 ave         475 max         475 min
Histogram: 1 0 0 0 0 0 0 0 0 0
Neighs:              0 ave           0 max           0 min
Histogram: 1 0 0 0 0 0 0 0 0 0
FullNghs:         2280 ave        2280 max        2280 min
Histogram: 1 0 0 0 0 0 0 0 0 0

Total # of neighbors = 2280
Ave neighs/atom = 35.625
Neighbor list builds = 0
Dangerous builds = 0
next i
jump SELF loop_struct
clear
  using 1 OpenMP thread(s) per MPI task
log energies.log append
units metal
boundary p p p
atom_style atomic
read_data Si222_${i}.in
read_data Si222_62.in
Reading data file ...
  orthogonal box = (0 0 0) to (10.887404 10.887404 10.887404)
  1 by 1 by 1 MPI processor grid
  reading atoms ...
  64 atoms
  reading velocities ...
  64 velocities
  read_data CPU = 0.001 seconds
mass 1 28.085
pair_style sw
pair_coeff * * Si.sw Si
Reading sw potential file Si.sw with DATE: 2007-06-11
run 0
WARNING: No fixes with time integration, atoms won't move (src/verlet.cpp:60)
Neighbor list info ...
  update: every = 1 steps, delay = 0 steps, check = yes
  max neighbors/atom: 2000, page size: 100000
  master list distance cutoff = 5.77118
  ghost atom cutoff = 5.77118
  binsize = 2.88559, bins = 4 4 4
  1 neighbor lists, perpetual/occasional/extra = 1 0 0
  (1) pair sw, perpetual
      attributes: full, newton on
      pair build: full/bin/atomonly
      stencil: full/bin/3d
      bin: standard
Per MPI rank memory allocation (min/avg/max) = 3.064 | 3.064 | 3.064 Mbytes
   Step          Temp          E_pair         E_mol          TotEng         Press     
         0   0             -275.63562      0             -275.63562     -6082.1902    
Loop time of 1.15e-06 on 1 procs for 0 steps with 64 atoms

0.0% CPU use with 1 MPI tasks x 1 OpenMP threads

MPI task timing breakdown:
Section |  min time  |  avg time  |  max time  |%varavg| %total
---------------------------------------------------------------
Pair    | 0          | 0          | 0          |   0.0 |  0.00
Neigh   | 0          | 0          | 0          |   0.0 |  0.00
Comm    | 0          | 0          | 0          |   0.0 |  0.00
Output  | 0          | 0          | 0          |   0.0 |  0.00
Modify  | 0          | 0          | 0          |   0.0 |  0.00
Other   |            | 1.15e-06   |            |       |100.00

Nlocal:             64 ave          64 max          64 min
Histogram: 1 0 0 0 0 0 0 0 0 0
Nghost:            557 ave         557 max         557 min
Histogram: 1 0 0 0 0 0 0 0 0 0
Neighs:              0 ave           0 max           0 min
Histogram: 1 0 0 0 0 0 0 0 0 0
FullNghs:         2176 ave        2176 max        2176 min
Histogram: 1 0 0 0 0 0 0 0 0 0

Total # of neighbors = 2176
Ave neighs/atom = 34
Neighbor list builds = 0
Dangerous builds = 0
next i
jump SELF loop_struct
clear
  using 1 OpenMP thread(s) per MPI task
log energies.log append
units metal
boundary p p p
atom_style atomic
read_data Si222_${i}.in
read_data Si222_63.in
Reading data file ...
  orthogonal box = (0 0 0) to (10.887404 10.887404 10.887404)
  1 by 1 by 1 MPI processor grid
  reading atoms ...
  64 atoms
  reading velocities ...
  64 velocities
  read_data CPU = 0.001 seconds
mass 1 28.085
pair_style sw
pair_coeff * * Si.sw Si
Reading sw potential file Si.sw with DATE: 2007-06-11
run 0
WARNING: No fixes with time integration, atoms won't move (src/verlet.cpp:60)
Neighbor list info ...
  update: every = 1 steps, delay = 0 steps, check = yes
  max neighbors/atom: 2000, page size: 100000
  master list distance cutoff = 5.77118
  ghost atom cutoff = 5.77118
  binsize = 2.88559, bins = 4 4 4
  1 neighbor lists, perpetual/occasional/extra = 1 0 0
  (1) pair sw, perpetual
      attributes: full, newton on
      pair build: full/bin/atomonly
      stencil: full/bin/3d
      bin: standard
Per MPI rank memory allocation (min/avg/max) = 3.073 | 3.073 | 3.073 Mbytes
   Step          Temp          E_pair         E_mol          TotEng         Press     
         0   0             -275.77116      0             -275.77116     -5799.5895    
Loop time of 1.07e-06 on 1 procs for 0 steps with 64 atoms

0.0% CPU use with 1 MPI tasks x 1 OpenMP threads

MPI task timing breakdown:
Section |  min time  |  avg time  |  max time  |%varavg| %total
---------------------------------------------------------------
Pair    | 0          | 0          | 0          |   0.0 |  0.00
Neigh   | 0          | 0          | 0          |   0.0 |  0.00
Comm    | 0          | 0          | 0          |   0.0 |  0.00
Output  | 0          | 0          | 0          |   0.0 |  0.00
Modify  | 0          | 0          | 0          |   0.0 |  0.00
Other   |            | 1.07e-06   |            |       |100.00

Nlocal:             64 ave          64 max          64 min
Histogram: 1 0 0 0 0 0 0 0 0 0
Nghost:            557 ave         557 max         557 min
Histogram: 1 0 0 0 0 0 0 0 0 0
Neighs:              0 ave           0 max           0 min
Histogram: 1 0 0 0 0 0 0 0 0 0
FullNghs:         2178 ave        2178 max        2178 min
Histogram: 1 0 0 0 0 0 0 0 0 0

Total # of neighbors = 2178
Ave neighs/atom = 34.03125
Neighbor list builds = 0
Dangerous builds = 0
next i
jump SELF loop_struct
clear
  using 1 OpenMP thread(s) per MPI task
log energies.log append
units metal
boundary p p p
atom_style atomic
read_data Si222_${i}.in
read_data Si222_64.in
Reading data file ...
  orthogonal box = (0 0 0) to (10.887404 10.887404 10.887404)
  1 by 1 by 1 MPI processor grid
  reading atoms ...
  64 atoms
  reading velocities ...
  64 velocities
  read_data CPU = 0.001 seconds
mass 1 28.085
pair_style sw
pair_coeff * * Si.sw Si
Reading sw potential file Si.sw with DATE: 2007-06-11
run 0
WARNING: No fixes with time integration, atoms won't move (src/verlet.cpp:60)
Neighbor list info ...
  update: every = 1 steps, delay = 0 steps, check = yes
  max neighbors/atom: 2000, page size: 100000
  master list distance cutoff = 5.77118
  ghost atom cutoff = 5.77118
  binsize = 2.88559, bins = 4 4 4
  1 neighbor lists, perpetual/occasional/extra = 1 0 0
  (1) pair sw, perpetual
      attributes: full, newton on
      pair build: full/bin/atomonly
      stencil: full/bin/3d
      bin: standard
Per MPI rank memory allocation (min/avg/max) = 3.073 | 3.073 | 3.073 Mbytes
   Step          Temp          E_pair         E_mol          TotEng         Press     
         0   0             -254.72069      0             -254.72069      45413.509    
Loop time of 1.05e-06 on 1 procs for 0 steps with 64 atoms

0.0% CPU use with 1 MPI tasks x 1 OpenMP threads

MPI task timing breakdown:
Section |  min time  |  avg time  |  max time  |%varavg| %total
---------------------------------------------------------------
Pair    | 0          | 0          | 0          |   0.0 |  0.00
Neigh   | 0          | 0          | 0          |   0.0 |  0.00
Comm    | 0          | 0          | 0          |   0.0 |  0.00
Output  | 0          | 0          | 0          |   0.0 |  0.00
Modify  | 0          | 0          | 0          |   0.0 |  0.00
Other   |            | 1.05e-06   |            |       |100.00

Nlocal:             64 ave          64 max          64 min
Histogram: 1 0 0 0 0 0 0 0 0 0
Nghost:            561 ave         561 max         561 min
Histogram: 1 0 0 0 0 0 0 0 0 0
Neighs:              0 ave           0 max           0 min
Histogram: 1 0 0 0 0 0 0 0 0 0
FullNghs:         2254 ave        2254 max        2254 min
Histogram: 1 0 0 0 0 0 0 0 0 0

Total # of neighbors = 2254
Ave neighs/atom = 35.21875
Neighbor list builds = 0
Dangerous builds = 0
next i
jump SELF loop_struct
clear
  using 1 OpenMP thread(s) per MPI task
log energies.log append
units metal
boundary p p p
atom_style atomic
read_data Si222_${i}.in
read_data Si222_65.in
Reading data file ...
  orthogonal box = (0 0 0) to (10.887404 10.887404 10.887404)
  1 by 1 by 1 MPI processor grid
  reading atoms ...
  64 atoms
  reading velocities ...
  64 velocities
  read_data CPU = 0.001 seconds
mass 1 28.085
pair_style sw
pair_coeff * * Si.sw Si
Reading sw potential file Si.sw with DATE: 2007-06-11
run 0
WARNING: No fixes with time integration, atoms won't move (src/verlet.cpp:60)
Neighbor list info ...
  update: every = 1 steps, delay = 0 steps, check = yes
  max neighbors/atom: 2000, page size: 100000
  master list distance cutoff = 5.77118
  ghost atom cutoff = 5.77118
  binsize = 2.88559, bins = 4 4 4
  1 neighbor lists, perpetual/occasional/extra = 1 0 0
  (1) pair sw, perpetual
      attributes: full, newton on
      pair build: full/bin/atomonly
      stencil: full/bin/3d
      bin: standard
Per MPI rank memory allocation (min/avg/max) = 3.072 | 3.072 | 3.072 Mbytes
   Step          Temp          E_pair         E_mol          TotEng         Press     
         0   0             -275.89259      0             -275.89259     -5960.8639    
Loop time of 1.05e-06 on 1 procs for 0 steps with 64 atoms

95.2% CPU use with 1 MPI tasks x 1 OpenMP threads

MPI task timing breakdown:
Section |  min time  |  avg time  |  max time  |%varavg| %total
---------------------------------------------------------------
Pair    | 0          | 0          | 0          |   0.0 |  0.00
Neigh   | 0          | 0          | 0          |   0.0 |  0.00
Comm    | 0          | 0          | 0          |   0.0 |  0.00
Output  | 0          | 0          | 0          |   0.0 |  0.00
Modify  | 0          | 0          | 0          |   0.0 |  0.00
Other   |            | 1.05e-06   |            |       |100.00

Nlocal:             64 ave          64 max          64 min
Histogram: 1 0 0 0 0 0 0 0 0 0
Nghost:            557 ave         557 max         557 min
Histogram: 1 0 0 0 0 0 0 0 0 0
Neighs:              0 ave           0 max           0 min
Histogram: 1 0 0 0 0 0 0 0 0 0
FullNghs:         2178 ave        2178 max        2178 min
Histogram: 1 0 0 0 0 0 0 0 0 0

Total # of neighbors = 2178
Ave neighs/atom = 34.03125
Neighbor list builds = 0
Dangerous builds = 0
next i
jump SELF loop_struct
clear
  using 1 OpenMP thread(s) per MPI task
log energies.log append
units metal
boundary p p p
atom_style atomic
read_data Si222_${i}.in
read_data Si222_66.in
Reading data file ...
  orthogonal box = (0 0 0) to (10.887404 10.887404 10.887404)
  1 by 1 by 1 MPI processor grid
  reading atoms ...
  64 atoms
  reading velocities ...
  64 velocities
  read_data CPU = 0.001 seconds
mass 1 28.085
pair_style sw
pair_coeff * * Si.sw Si
Reading sw potential file Si.sw with DATE: 2007-06-11
run 0
WARNING: No fixes with time integration, atoms won't move (src/verlet.cpp:60)
Neighbor list info ...
  update: every = 1 steps, delay = 0 steps, check = yes
  max neighbors/atom: 2000, page size: 100000
  master list distance cutoff = 5.77118
  ghost atom cutoff = 5.77118
  binsize = 2.88559, bins = 4 4 4
  1 neighbor lists, perpetual/occasional/extra = 1 0 0
  (1) pair sw, perpetual
      attributes: full, newton on
      pair build: full/bin/atomonly
      stencil: full/bin/3d
      bin: standard
Per MPI rank memory allocation (min/avg/max) = 3.064 | 3.064 | 3.064 Mbytes
   Step          Temp          E_pair         E_mol          TotEng         Press     
         0   0             -275.78188      0             -275.78188     -6032.6631    
Loop time of 1.03e-06 on 1 procs for 0 steps with 64 atoms

194.2% CPU use with 1 MPI tasks x 1 OpenMP threads

MPI task timing breakdown:
Section |  min time  |  avg time  |  max time  |%varavg| %total
---------------------------------------------------------------
Pair    | 0          | 0          | 0          |   0.0 |  0.00
Neigh   | 0          | 0          | 0          |   0.0 |  0.00
Comm    | 0          | 0          | 0          |   0.0 |  0.00
Output  | 0          | 0          | 0          |   0.0 |  0.00
Modify  | 0          | 0          | 0          |   0.0 |  0.00
Other   |            | 1.03e-06   |            |       |100.00

Nlocal:             64 ave          64 max          64 min
Histogram: 1 0 0 0 0 0 0 0 0 0
Nghost:            557 ave         557 max         557 min
Histogram: 1 0 0 0 0 0 0 0 0 0
Neighs:              0 ave           0 max           0 min
Histogram: 1 0 0 0 0 0 0 0 0 0
FullNghs:         2182 ave        2182 max        2182 min
Histogram: 1 0 0 0 0 0 0 0 0 0

Total # of neighbors = 2182
Ave neighs/atom = 34.09375
Neighbor list builds = 0
Dangerous builds = 0
next i
jump SELF loop_struct
clear
  using 1 OpenMP thread(s) per MPI task
log energies.log append
units metal
boundary p p p
atom_style atomic
read_data Si222_${i}.in
read_data Si222_67.in
Reading data file ...
  orthogonal box = (0 0 0) to (10.887404 10.887404 10.887404)
  1 by 1 by 1 MPI processor grid
  reading atoms ...
  64 atoms
  reading velocities ...
  64 velocities
  read_data CPU = 0.001 seconds
mass 1 28.085
pair_style sw
pair_coeff * * Si.sw Si
Reading sw potential file Si.sw with DATE: 2007-06-11
run 0
WARNING: No fixes with time integration, atoms won't move (src/verlet.cpp:60)
Neighbor list info ...
  update: every = 1 steps, delay = 0 steps, check = yes
  max neighbors/atom: 2000, page size: 100000
  master list distance cutoff = 5.77118
  ghost atom cutoff = 5.77118
  binsize = 2.88559, bins = 4 4 4
  1 neighbor lists, perpetual/occasional/extra = 1 0 0
  (1) pair sw, perpetual
      attributes: full, newton on
      pair build: full/bin/atomonly
      stencil: full/bin/3d
      bin: standard
Per MPI rank memory allocation (min/avg/max) = 3.074 | 3.074 | 3.074 Mbytes
   Step          Temp          E_pair         E_mol          TotEng         Press     
         0   0             -275.8477       0             -275.8477      -5702.2883    
Loop time of 1.04e-06 on 1 procs for 0 steps with 64 atoms

96.2% CPU use with 1 MPI tasks x 1 OpenMP threads

MPI task timing breakdown:
Section |  min time  |  avg time  |  max time  |%varavg| %total
---------------------------------------------------------------
Pair    | 0          | 0          | 0          |   0.0 |  0.00
Neigh   | 0          | 0          | 0          |   0.0 |  0.00
Comm    | 0          | 0          | 0          |   0.0 |  0.00
Output  | 0          | 0          | 0          |   0.0 |  0.00
Modify  | 0          | 0          | 0          |   0.0 |  0.00
Other   |            | 1.04e-06   |            |       |100.00

Nlocal:             64 ave          64 max          64 min
Histogram: 1 0 0 0 0 0 0 0 0 0
Nghost:            557 ave         557 max         557 min
Histogram: 1 0 0 0 0 0 0 0 0 0
Neighs:              0 ave           0 max           0 min
Histogram: 1 0 0 0 0 0 0 0 0 0
FullNghs:         2178 ave        2178 max        2178 min
Histogram: 1 0 0 0 0 0 0 0 0 0

Total # of neighbors = 2178
Ave neighs/atom = 34.03125
Neighbor list builds = 0
Dangerous builds = 0
next i
jump SELF loop_struct
clear
  using 1 OpenMP thread(s) per MPI task
log energies.log append
units metal
boundary p p p
atom_style atomic
read_data Si222_${i}.in
read_data Si222_68.in
Reading data file ...
  orthogonal box = (0 0 0) to (10.887404 10.887404 10.887404)
  1 by 1 by 1 MPI processor grid
  reading atoms ...
  64 atoms
  reading velocities ...
  64 velocities
  read_data CPU = 0.001 seconds
mass 1 28.085
pair_style sw
pair_coeff * * Si.sw Si
Reading sw potential file Si.sw with DATE: 2007-06-11
run 0
WARNING: No fixes with time integration, atoms won't move (src/verlet.cpp:60)
Neighbor list info ...
  update: every = 1 steps, delay = 0 steps, check = yes
  max neighbors/atom: 2000, page size: 100000
  master list distance cutoff = 5.77118
  ghost atom cutoff = 5.77118
  binsize = 2.88559, bins = 4 4 4
  1 neighbor lists, perpetual/occasional/extra = 1 0 0
  (1) pair sw, perpetual
      attributes: full, newton on
      pair build: full/bin/atomonly
      stencil: full/bin/3d
      bin: standard
Per MPI rank memory allocation (min/avg/max) = 3.074 | 3.074 | 3.074 Mbytes
   Step          Temp          E_pair         E_mol          TotEng         Press     
         0   0             -275.1258       0             -275.1258      -5540.5682    
Loop time of 1.03e-06 on 1 procs for 0 steps with 64 atoms

194.2% CPU use with 1 MPI tasks x 1 OpenMP threads

MPI task timing breakdown:
Section |  min time  |  avg time  |  max time  |%varavg| %total
---------------------------------------------------------------
Pair    | 0          | 0          | 0          |   0.0 |  0.00
Neigh   | 0          | 0          | 0          |   0.0 |  0.00
Comm    | 0          | 0          | 0          |   0.0 |  0.00
Output  | 0          | 0          | 0          |   0.0 |  0.00
Modify  | 0          | 0          | 0          |   0.0 |  0.00
Other   |            | 1.03e-06   |            |       |100.00

Nlocal:             64 ave          64 max          64 min
Histogram: 1 0 0 0 0 0 0 0 0 0
Nghost:            557 ave         557 max         557 min
Histogram: 1 0 0 0 0 0 0 0 0 0
Neighs:              0 ave           0 max           0 min
Histogram: 1 0 0 0 0 0 0 0 0 0
FullNghs:         2188 ave        2188 max        2188 min
Histogram: 1 0 0 0 0 0 0 0 0 0

Total # of neighbors = 2188
Ave neighs/atom = 34.1875
Neighbor list builds = 0
Dangerous builds = 0
next i
jump SELF loop_struct
clear
  using 1 OpenMP thread(s) per MPI task
log energies.log append
units metal
boundary p p p
atom_style atomic
read_data Si222_${i}.in
read_data Si222_69.in
Reading data file ...
  orthogonal box = (0 0 0) to (10.887404 10.887404 10.887404)
  1 by 1 by 1 MPI processor grid
  reading atoms ...
  64 atoms
  reading velocities ...
  64 velocities
  read_data CPU = 0.001 seconds
mass 1 28.085
pair_style sw
pair_coeff * * Si.sw Si
Reading sw potential file Si.sw with DATE: 2007-06-11
run 0
WARNING: No fixes with time integration, atoms won't move (src/verlet.cpp:60)
Neighbor list info ...
  update: every = 1 steps, delay = 0 steps, check = yes
  max neighbors/atom: 2000, page size: 100000
  master list distance cutoff = 5.77118
  ghost atom cutoff = 5.77118
  binsize = 2.88559, bins = 4 4 4
  1 neighbor lists, perpetual/occasional/extra = 1 0 0
  (1) pair sw, perpetual
      attributes: full, newton on
      pair build: full/bin/atomonly
      stencil: full/bin/3d
      bin: standard
Per MPI rank memory allocation (min/avg/max) = 3.064 | 3.064 | 3.064 Mbytes
   Step          Temp          E_pair         E_mol          TotEng         Press     
         0   0             -275.83231      0             -275.83231     -6137.5806    
Loop time of 1.03e-06 on 1 procs for 0 steps with 64 atoms

97.1% CPU use with 1 MPI tasks x 1 OpenMP threads

MPI task timing breakdown:
Section |  min time  |  avg time  |  max time  |%varavg| %total
---------------------------------------------------------------
Pair    | 0          | 0          | 0          |   0.0 |  0.00
Neigh   | 0          | 0          | 0          |   0.0 |  0.00
Comm    | 0          | 0          | 0          |   0.0 |  0.00
Output  | 0          | 0          | 0          |   0.0 |  0.00
Modify  | 0          | 0          | 0          |   0.0 |  0.00
Other   |            | 1.03e-06   |            |       |100.00

Nlocal:             64 ave          64 max          64 min
Histogram: 1 0 0 0 0 0 0 0 0 0
Nghost:            557 ave         557 max         557 min
Histogram: 1 0 0 0 0 0 0 0 0 0
Neighs:              0 ave           0 max           0 min
Histogram: 1 0 0 0 0 0 0 0 0 0
FullNghs:         2184 ave        2184 max        2184 min
Histogram: 1 0 0 0 0 0 0 0 0 0

Total # of neighbors = 2184
Ave neighs/atom = 34.125
Neighbor list builds = 0
Dangerous builds = 0
next i
jump SELF loop_struct
clear
  using 1 OpenMP thread(s) per MPI task
log energies.log append
units metal
boundary p p p
atom_style atomic
read_data Si222_${i}.in
read_data Si222_70.in
Reading data file ...
  orthogonal box = (0 0 0) to (10.887404 10.887404 10.887404)
  1 by 1 by 1 MPI processor grid
  reading atoms ...
  64 atoms
  reading velocities ...
  64 velocities
  read_data CPU = 0.001 seconds
mass 1 28.085
pair_style sw
pair_coeff * * Si.sw Si
Reading sw potential file Si.sw with DATE: 2007-06-11
run 0
WARNING: No fixes with time integration, atoms won't move (src/verlet.cpp:60)
Neighbor list info ...
  update: every = 1 steps, delay = 0 steps, check = yes
  max neighbors/atom: 2000, page size: 100000
  master list distance cutoff = 5.77118
  ghost atom cutoff = 5.77118
  binsize = 2.88559, bins = 4 4 4
  1 neighbor lists, perpetual/occasional/extra = 1 0 0
  (1) pair sw, perpetual
      attributes: full, newton on
      pair build: full/bin/atomonly
      stencil: full/bin/3d
      bin: standard
Per MPI rank memory allocation (min/avg/max) = 3.072 | 3.072 | 3.072 Mbytes
   Step          Temp          E_pair         E_mol          TotEng         Press     
         0   0             -253.9328       0             -253.9328       44869.324    
Loop time of 1.05e-06 on 1 procs for 0 steps with 64 atoms

0.0% CPU use with 1 MPI tasks x 1 OpenMP threads

MPI task timing breakdown:
Section |  min time  |  avg time  |  max time  |%varavg| %total
---------------------------------------------------------------
Pair    | 0          | 0          | 0          |   0.0 |  0.00
Neigh   | 0          | 0          | 0          |   0.0 |  0.00
Comm    | 0          | 0          | 0          |   0.0 |  0.00
Output  | 0          | 0          | 0          |   0.0 |  0.00
Modify  | 0          | 0          | 0          |   0.0 |  0.00
Other   |            | 1.05e-06   |            |       |100.00

Nlocal:             64 ave          64 max          64 min
Histogram: 1 0 0 0 0 0 0 0 0 0
Nghost:            557 ave         557 max         557 min
Histogram: 1 0 0 0 0 0 0 0 0 0
Neighs:              0 ave           0 max           0 min
Histogram: 1 0 0 0 0 0 0 0 0 0
FullNghs:         2274 ave        2274 max        2274 min
Histogram: 1 0 0 0 0 0 0 0 0 0

Total # of neighbors = 2274
Ave neighs/atom = 35.53125
Neighbor list builds = 0
Dangerous builds = 0
next i
jump SELF loop_struct
clear
  using 1 OpenMP thread(s) per MPI task
log energies.log append
units metal
boundary p p p
atom_style atomic
read_data Si222_${i}.in
read_data Si222_71.in
Reading data file ...
  orthogonal box = (0 0 0) to (10.887404 10.887404 10.887404)
  1 by 1 by 1 MPI processor grid
  reading atoms ...
  64 atoms
  reading velocities ...
  64 velocities
  read_data CPU = 0.001 seconds
mass 1 28.085
pair_style sw
pair_coeff * * Si.sw Si
Reading sw potential file Si.sw with DATE: 2007-06-11
run 0
WARNING: No fixes with time integration, atoms won't move (src/verlet.cpp:60)
Neighbor list info ...
  update: every = 1 steps, delay = 0 steps, check = yes
  max neighbors/atom: 2000, page size: 100000
  master list distance cutoff = 5.77118
  ghost atom cutoff = 5.77118
  binsize = 2.88559, bins = 4 4 4
  1 neighbor lists, perpetual/occasional/extra = 1 0 0
  (1) pair sw, perpetual
      attributes: full, newton on
      pair build: full/bin/atomonly
      stencil: full/bin/3d
      bin: standard
Per MPI rank memory allocation (min/avg/max) = 3.073 | 3.073 | 3.073 Mbytes
   Step          Temp          E_pair         E_mol          TotEng         Press     
         0   0             -275.32279      0             -275.32279     -5394.8039    
Loop time of 1.17e-06 on 1 procs for 0 steps with 64 atoms

170.9% CPU use with 1 MPI tasks x 1 OpenMP threads

MPI task timing breakdown:
Section |  min time  |  avg time  |  max time  |%varavg| %total
---------------------------------------------------------------
Pair    | 0          | 0          | 0          |   0.0 |  0.00
Neigh   | 0          | 0          | 0          |   0.0 |  0.00
Comm    | 0          | 0          | 0          |   0.0 |  0.00
Output  | 0          | 0          | 0          |   0.0 |  0.00
Modify  | 0          | 0          | 0          |   0.0 |  0.00
Other   |            | 1.17e-06   |            |       |100.00

Nlocal:             64 ave          64 max          64 min
Histogram: 1 0 0 0 0 0 0 0 0 0
Nghost:            557 ave         557 max         557 min
Histogram: 1 0 0 0 0 0 0 0 0 0
Neighs:              0 ave           0 max           0 min
Histogram: 1 0 0 0 0 0 0 0 0 0
FullNghs:         2192 ave        2192 max        2192 min
Histogram: 1 0 0 0 0 0 0 0 0 0

Total # of neighbors = 2192
Ave neighs/atom = 34.25
Neighbor list builds = 0
Dangerous builds = 0
next i
jump SELF loop_struct
clear
  using 1 OpenMP thread(s) per MPI task
log energies.log append
units metal
boundary p p p
atom_style atomic
read_data Si222_${i}.in
read_data Si222_72.in
Reading data file ...
  orthogonal box = (0 0 0) to (10.887404 10.887404 10.887404)
  1 by 1 by 1 MPI processor grid
  reading atoms ...
  64 atoms
  reading velocities ...
  64 velocities
  read_data CPU = 0.001 seconds
mass 1 28.085
pair_style sw
pair_coeff * * Si.sw Si
Reading sw potential file Si.sw with DATE: 2007-06-11
run 0
WARNING: No fixes with time integration, atoms won't move (src/verlet.cpp:60)
Neighbor list info ...
  update: every = 1 steps, delay = 0 steps, check = yes
  max neighbors/atom: 2000, page size: 100000
  master list distance cutoff = 5.77118
  ghost atom cutoff = 5.77118
  binsize = 2.88559, bins = 4 4 4
  1 neighbor lists, perpetual/occasional/extra = 1 0 0
  (1) pair sw, perpetual
      attributes: full, newton on
      pair build: full/bin/atomonly
      stencil: full/bin/3d
      bin: standard
Per MPI rank memory allocation (min/avg/max) = 3.074 | 3.074 | 3.074 Mbytes
   Step          Temp          E_pair         E_mol          TotEng         Press     
         0   0             -254.14004      0             -254.14004      51494.544    
Loop time of 1.03e-06 on 1 procs for 0 steps with 64 atoms

97.1% CPU use with 1 MPI tasks x 1 OpenMP threads

MPI task timing breakdown:
Section |  min time  |  avg time  |  max time  |%varavg| %total
---------------------------------------------------------------
Pair    | 0          | 0          | 0          |   0.0 |  0.00
Neigh   | 0          | 0          | 0          |   0.0 |  0.00
Comm    | 0          | 0          | 0          |   0.0 |  0.00
Output  | 0          | 0          | 0          |   0.0 |  0.00
Modify  | 0          | 0          | 0          |   0.0 |  0.00
Other   |            | 1.03e-06   |            |       |100.00

Nlocal:             64 ave          64 max          64 min
Histogram: 1 0 0 0 0 0 0 0 0 0
Nghost:            565 ave         565 max         565 min
Histogram: 1 0 0 0 0 0 0 0 0 0
Neighs:              0 ave           0 max           0 min
Histogram: 1 0 0 0 0 0 0 0 0 0
FullNghs:         2246 ave        2246 max        2246 min
Histogram: 1 0 0 0 0 0 0 0 0 0

Total # of neighbors = 2246
Ave neighs/atom = 35.09375
Neighbor list builds = 0
Dangerous builds = 0
next i
jump SELF loop_struct
clear
  using 1 OpenMP thread(s) per MPI task
log energies.log append
units metal
boundary p p p
atom_style atomic
read_data Si222_${i}.in
read_data Si222_73.in
Reading data file ...
  orthogonal box = (0 0 0) to (10.887404 10.887404 10.887404)
  1 by 1 by 1 MPI processor grid
  reading atoms ...
  64 atoms
  reading velocities ...
  64 velocities
  read_data CPU = 0.001 seconds
mass 1 28.085
pair_style sw
pair_coeff * * Si.sw Si
Reading sw potential file Si.sw with DATE: 2007-06-11
run 0
WARNING: No fixes with time integration, atoms won't move (src/verlet.cpp:60)
Neighbor list info ...
  update: every = 1 steps, delay = 0 steps, check = yes
  max neighbors/atom: 2000, page size: 100000
  master list distance cutoff = 5.77118
  ghost atom cutoff = 5.77118
  binsize = 2.88559, bins = 4 4 4
  1 neighbor lists, perpetual/occasional/extra = 1 0 0
  (1) pair sw, perpetual
      attributes: full, newton on
      pair build: full/bin/atomonly
      stencil: full/bin/3d
      bin: standard
Per MPI rank memory allocation (min/avg/max) = 3.072 | 3.072 | 3.072 Mbytes
   Step          Temp          E_pair         E_mol          TotEng         Press     
         0   0             -275.83359      0             -275.83359     -6060.6542    
Loop time of 1.01e-06 on 1 procs for 0 steps with 64 atoms

0.0% CPU use with 1 MPI tasks x 1 OpenMP threads

MPI task timing breakdown:
Section |  min time  |  avg time  |  max time  |%varavg| %total
---------------------------------------------------------------
Pair    | 0          | 0          | 0          |   0.0 |  0.00
Neigh   | 0          | 0          | 0          |   0.0 |  0.00
Comm    | 0          | 0          | 0          |   0.0 |  0.00
Output  | 0          | 0          | 0          |   0.0 |  0.00
Modify  | 0          | 0          | 0          |   0.0 |  0.00
Other   |            | 1.01e-06   |            |       |100.00

Nlocal:             64 ave          64 max          64 min
Histogram: 1 0 0 0 0 0 0 0 0 0
Nghost:            557 ave         557 max         557 min
Histogram: 1 0 0 0 0 0 0 0 0 0
Neighs:              0 ave           0 max           0 min
Histogram: 1 0 0 0 0 0 0 0 0 0
FullNghs:         2182 ave        2182 max        2182 min
Histogram: 1 0 0 0 0 0 0 0 0 0

Total # of neighbors = 2182
Ave neighs/atom = 34.09375
Neighbor list builds = 0
Dangerous builds = 0
next i
jump SELF loop_struct
clear
  using 1 OpenMP thread(s) per MPI task
log energies.log append
units metal
boundary p p p
atom_style atomic
read_data Si222_${i}.in
read_data Si222_74.in
Reading data file ...
  orthogonal box = (0 0 0) to (10.887404 10.887404 10.887404)
  1 by 1 by 1 MPI processor grid
  reading atoms ...
  64 atoms
  reading velocities ...
  64 velocities
  read_data CPU = 0.001 seconds
mass 1 28.085
pair_style sw
pair_coeff * * Si.sw Si
Reading sw potential file Si.sw with DATE: 2007-06-11
run 0
WARNING: No fixes with time integration, atoms won't move (src/verlet.cpp:60)
Neighbor list info ...
  update: every = 1 steps, delay = 0 steps, check = yes
  max neighbors/atom: 2000, page size: 100000
  master list distance cutoff = 5.77118
  ghost atom cutoff = 5.77118
  binsize = 2.88559, bins = 4 4 4
  1 neighbor lists, perpetual/occasional/extra = 1 0 0
  (1) pair sw, perpetual
      attributes: full, newton on
      pair build: full/bin/atomonly
      stencil: full/bin/3d
      bin: standard
Per MPI rank memory allocation (min/avg/max) = 3.063 | 3.063 | 3.063 Mbytes
   Step          Temp          E_pair         E_mol          TotEng         Press     
         0   0             -230.20608      0             -230.20608      70758.597    
Loop time of 1.07e-06 on 1 procs for 0 steps with 64 atoms

93.5% CPU use with 1 MPI tasks x 1 OpenMP threads

MPI task timing breakdown:
Section |  min time  |  avg time  |  max time  |%varavg| %total
---------------------------------------------------------------
Pair    | 0          | 0          | 0          |   0.0 |  0.00
Neigh   | 0          | 0          | 0          |   0.0 |  0.00
Comm    | 0          | 0          | 0          |   0.0 |  0.00
Output  | 0          | 0          | 0          |   0.0 |  0.00
Modify  | 0          | 0          | 0          |   0.0 |  0.00
Other   |            | 1.07e-06   |            |       |100.00

Nlocal:             64 ave          64 max          64 min
Histogram: 1 0 0 0 0 0 0 0 0 0
Nghost:            505 ave         505 max         505 min
Histogram: 1 0 0 0 0 0 0 0 0 0
Neighs:              0 ave           0 max           0 min
Histogram: 1 0 0 0 0 0 0 0 0 0
FullNghs:         2314 ave        2314 max        2314 min
Histogram: 1 0 0 0 0 0 0 0 0 0

Total # of neighbors = 2314
Ave neighs/atom = 36.15625
Neighbor list builds = 0
Dangerous builds = 0
next i
jump SELF loop_struct
clear
  using 1 OpenMP thread(s) per MPI task
log energies.log append
units metal
boundary p p p
atom_style atomic
read_data Si222_${i}.in
read_data Si222_75.in
Reading data file ...
  orthogonal box = (0 0 0) to (10.887404 10.887404 10.887404)
  1 by 1 by 1 MPI processor grid
  reading atoms ...
  64 atoms
  reading velocities ...
  64 velocities
  read_data CPU = 0.001 seconds
mass 1 28.085
pair_style sw
pair_coeff * * Si.sw Si
Reading sw potential file Si.sw with DATE: 2007-06-11
run 0
WARNING: No fixes with time integration, atoms won't move (src/verlet.cpp:60)
Neighbor list info ...
  update: every = 1 steps, delay = 0 steps, check = yes
  max neighbors/atom: 2000, page size: 100000
  master list distance cutoff = 5.77118
  ghost atom cutoff = 5.77118
  binsize = 2.88559, bins = 4 4 4
  1 neighbor lists, perpetual/occasional/extra = 1 0 0
  (1) pair sw, perpetual
      attributes: full, newton on
      pair build: full/bin/atomonly
      stencil: full/bin/3d
      bin: standard
Per MPI rank memory allocation (min/avg/max) = 3.072 | 3.072 | 3.072 Mbytes
   Step          Temp          E_pair         E_mol          TotEng         Press     
         0   0             -275.43205      0             -275.43205     -5986.7878    
Loop time of 1.05e-06 on 1 procs for 0 steps with 64 atoms

0.0% CPU use with 1 MPI tasks x 1 OpenMP threads

MPI task timing breakdown:
Section |  min time  |  avg time  |  max time  |%varavg| %total
---------------------------------------------------------------
Pair    | 0          | 0          | 0          |   0.0 |  0.00
Neigh   | 0          | 0          | 0          |   0.0 |  0.00
Comm    | 0          | 0          | 0          |   0.0 |  0.00
Output  | 0          | 0          | 0          |   0.0 |  0.00
Modify  | 0          | 0          | 0          |   0.0 |  0.00
Other   |            | 1.05e-06   |            |       |100.00

Nlocal:             64 ave          64 max          64 min
Histogram: 1 0 0 0 0 0 0 0 0 0
Nghost:            557 ave         557 max         557 min
Histogram: 1 0 0 0 0 0 0 0 0 0
Neighs:              0 ave           0 max           0 min
Histogram: 1 0 0 0 0 0 0 0 0 0
FullNghs:         2186 ave        2186 max        2186 min
Histogram: 1 0 0 0 0 0 0 0 0 0

Total # of neighbors = 2186
Ave neighs/atom = 34.15625
Neighbor list builds = 0
Dangerous builds = 0
next i
jump SELF loop_struct
clear
  using 1 OpenMP thread(s) per MPI task
log energies.log append
units metal
boundary p p p
atom_style atomic
read_data Si222_${i}.in
read_data Si222_76.in
Reading data file ...
  orthogonal box = (0 0 0) to (10.887404 10.887404 10.887404)
  1 by 1 by 1 MPI processor grid
  reading atoms ...
  64 atoms
  reading velocities ...
  64 velocities
  read_data CPU = 0.001 seconds
mass 1 28.085
pair_style sw
pair_coeff * * Si.sw Si
Reading sw potential file Si.sw with DATE: 2007-06-11
run 0
WARNING: No fixes with time integration, atoms won't move (src/verlet.cpp:60)
Neighbor list info ...
  update: every = 1 steps, delay = 0 steps, check = yes
  max neighbors/atom: 2000, page size: 100000
  master list distance cutoff = 5.77118
  ghost atom cutoff = 5.77118
  binsize = 2.88559, bins = 4 4 4
  1 neighbor lists, perpetual/occasional/extra = 1 0 0
  (1) pair sw, perpetual
      attributes: full, newton on
      pair build: full/bin/atomonly
      stencil: full/bin/3d
      bin: standard
Per MPI rank memory allocation (min/avg/max) = 3.063 | 3.063 | 3.063 Mbytes
   Step          Temp          E_pair         E_mol          TotEng         Press     
         0   0             -233.3061       0             -233.3061       65218.92     
Loop time of 1.04e-06 on 1 procs for 0 steps with 64 atoms

96.2% CPU use with 1 MPI tasks x 1 OpenMP threads

MPI task timing breakdown:
Section |  min time  |  avg time  |  max time  |%varavg| %total
---------------------------------------------------------------
Pair    | 0          | 0          | 0          |   0.0 |  0.00
Neigh   | 0          | 0          | 0          |   0.0 |  0.00
Comm    | 0          | 0          | 0          |   0.0 |  0.00
Output  | 0          | 0          | 0          |   0.0 |  0.00
Modify  | 0          | 0          | 0          |   0.0 |  0.00
Other   |            | 1.04e-06   |            |       |100.00

Nlocal:             64 ave          64 max          64 min
Histogram: 1 0 0 0 0 0 0 0 0 0
Nghost:            525 ave         525 max         525 min
Histogram: 1 0 0 0 0 0 0 0 0 0
Neighs:              0 ave           0 max           0 min
Histogram: 1 0 0 0 0 0 0 0 0 0
FullNghs:         2286 ave        2286 max        2286 min
Histogram: 1 0 0 0 0 0 0 0 0 0

Total # of neighbors = 2286
Ave neighs/atom = 35.71875
Neighbor list builds = 0
Dangerous builds = 0
next i
jump SELF loop_struct
clear
  using 1 OpenMP thread(s) per MPI task
log energies.log append
units metal
boundary p p p
atom_style atomic
read_data Si222_${i}.in
read_data Si222_77.in
Reading data file ...
  orthogonal box = (0 0 0) to (10.887404 10.887404 10.887404)
  1 by 1 by 1 MPI processor grid
  reading atoms ...
  64 atoms
  reading velocities ...
  64 velocities
  read_data CPU = 0.001 seconds
mass 1 28.085
pair_style sw
pair_coeff * * Si.sw Si
Reading sw potential file Si.sw with DATE: 2007-06-11
run 0
WARNING: No fixes with time integration, atoms won't move (src/verlet.cpp:60)
Neighbor list info ...
  update: every = 1 steps, delay = 0 steps, check = yes
  max neighbors/atom: 2000, page size: 100000
  master list distance cutoff = 5.77118
  ghost atom cutoff = 5.77118
  binsize = 2.88559, bins = 4 4 4
  1 neighbor lists, perpetual/occasional/extra = 1 0 0
  (1) pair sw, perpetual
      attributes: full, newton on
      pair build: full/bin/atomonly
      stencil: full/bin/3d
      bin: standard
Per MPI rank memory allocation (min/avg/max) = 3.064 | 3.064 | 3.064 Mbytes
   Step          Temp          E_pair         E_mol          TotEng         Press     
         0   0             -276.02582      0             -276.02582     -5956.059     
Loop time of 1.06e-06 on 1 procs for 0 steps with 64 atoms

94.3% CPU use with 1 MPI tasks x 1 OpenMP threads

MPI task timing breakdown:
Section |  min time  |  avg time  |  max time  |%varavg| %total
---------------------------------------------------------------
Pair    | 0          | 0          | 0          |   0.0 |  0.00
Neigh   | 0          | 0          | 0          |   0.0 |  0.00
Comm    | 0          | 0          | 0          |   0.0 |  0.00
Output  | 0          | 0          | 0          |   0.0 |  0.00
Modify  | 0          | 0          | 0          |   0.0 |  0.00
Other   |            | 1.06e-06   |            |       |100.00

Nlocal:             64 ave          64 max          64 min
Histogram: 1 0 0 0 0 0 0 0 0 0
Nghost:            557 ave         557 max         557 min
Histogram: 1 0 0 0 0 0 0 0 0 0
Neighs:              0 ave           0 max           0 min
Histogram: 1 0 0 0 0 0 0 0 0 0
FullNghs:         2180 ave        2180 max        2180 min
Histogram: 1 0 0 0 0 0 0 0 0 0

Total # of neighbors = 2180
Ave neighs/atom = 34.0625
Neighbor list builds = 0
Dangerous builds = 0
next i
jump SELF loop_struct
clear
  using 1 OpenMP thread(s) per MPI task
log energies.log append
units metal
boundary p p p
atom_style atomic
read_data Si222_${i}.in
read_data Si222_78.in
Reading data file ...
  orthogonal box = (0 0 0) to (10.887404 10.887404 10.887404)
  1 by 1 by 1 MPI processor grid
  reading atoms ...
  64 atoms
  reading velocities ...
  64 velocities
  read_data CPU = 0.001 seconds
mass 1 28.085
pair_style sw
pair_coeff * * Si.sw Si
Reading sw potential file Si.sw with DATE: 2007-06-11
run 0
WARNING: No fixes with time integration, atoms won't move (src/verlet.cpp:60)
Neighbor list info ...
  update: every = 1 steps, delay = 0 steps, check = yes
  max neighbors/atom: 2000, page size: 100000
  master list distance cutoff = 5.77118
  ghost atom cutoff = 5.77118
  binsize = 2.88559, bins = 4 4 4
  1 neighbor lists, perpetual/occasional/extra = 1 0 0
  (1) pair sw, perpetual
      attributes: full, newton on
      pair build: full/bin/atomonly
      stencil: full/bin/3d
      bin: standard
Per MPI rank memory allocation (min/avg/max) = 3.064 | 3.064 | 3.064 Mbytes
   Step          Temp          E_pair         E_mol          TotEng         Press     
         0   0             -275.69978      0             -275.69978     -5991.3952    
Loop time of 1.06e-06 on 1 procs for 0 steps with 64 atoms

94.3% CPU use with 1 MPI tasks x 1 OpenMP threads

MPI task timing breakdown:
Section |  min time  |  avg time  |  max time  |%varavg| %total
---------------------------------------------------------------
Pair    | 0          | 0          | 0          |   0.0 |  0.00
Neigh   | 0          | 0          | 0          |   0.0 |  0.00
Comm    | 0          | 0          | 0          |   0.0 |  0.00
Output  | 0          | 0          | 0          |   0.0 |  0.00
Modify  | 0          | 0          | 0          |   0.0 |  0.00
Other   |            | 1.06e-06   |            |       |100.00

Nlocal:             64 ave          64 max          64 min
Histogram: 1 0 0 0 0 0 0 0 0 0
Nghost:            557 ave         557 max         557 min
Histogram: 1 0 0 0 0 0 0 0 0 0
Neighs:              0 ave           0 max           0 min
Histogram: 1 0 0 0 0 0 0 0 0 0
FullNghs:         2188 ave        2188 max        2188 min
Histogram: 1 0 0 0 0 0 0 0 0 0

Total # of neighbors = 2188
Ave neighs/atom = 34.1875
Neighbor list builds = 0
Dangerous builds = 0
next i
jump SELF loop_struct
clear
  using 1 OpenMP thread(s) per MPI task
log energies.log append
units metal
boundary p p p
atom_style atomic
read_data Si222_${i}.in
read_data Si222_79.in
Reading data file ...
  orthogonal box = (0 0 0) to (10.887404 10.887404 10.887404)
  1 by 1 by 1 MPI processor grid
  reading atoms ...
  64 atoms
  reading velocities ...
  64 velocities
  read_data CPU = 0.001 seconds
mass 1 28.085
pair_style sw
pair_coeff * * Si.sw Si
Reading sw potential file Si.sw with DATE: 2007-06-11
run 0
WARNING: No fixes with time integration, atoms won't move (src/verlet.cpp:60)
Neighbor list info ...
  update: every = 1 steps, delay = 0 steps, check = yes
  max neighbors/atom: 2000, page size: 100000
  master list distance cutoff = 5.77118
  ghost atom cutoff = 5.77118
  binsize = 2.88559, bins = 4 4 4
  1 neighbor lists, perpetual/occasional/extra = 1 0 0
  (1) pair sw, perpetual
      attributes: full, newton on
      pair build: full/bin/atomonly
      stencil: full/bin/3d
      bin: standard
Per MPI rank memory allocation (min/avg/max) = 3.073 | 3.073 | 3.073 Mbytes
   Step          Temp          E_pair         E_mol          TotEng         Press     
         0   0             -275.54088      0             -275.54088     -5467.2631    
Loop time of 1.08e-06 on 1 procs for 0 steps with 64 atoms

0.0% CPU use with 1 MPI tasks x 1 OpenMP threads

MPI task timing breakdown:
Section |  min time  |  avg time  |  max time  |%varavg| %total
---------------------------------------------------------------
Pair    | 0          | 0          | 0          |   0.0 |  0.00
Neigh   | 0          | 0          | 0          |   0.0 |  0.00
Comm    | 0          | 0          | 0          |   0.0 |  0.00
Output  | 0          | 0          | 0          |   0.0 |  0.00
Modify  | 0          | 0          | 0          |   0.0 |  0.00
Other   |            | 1.08e-06   |            |       |100.00

Nlocal:             64 ave          64 max          64 min
Histogram: 1 0 0 0 0 0 0 0 0 0
Nghost:            557 ave         557 max         557 min
Histogram: 1 0 0 0 0 0 0 0 0 0
Neighs:              0 ave           0 max           0 min
Histogram: 1 0 0 0 0 0 0 0 0 0
FullNghs:         2178 ave        2178 max        2178 min
Histogram: 1 0 0 0 0 0 0 0 0 0

Total # of neighbors = 2178
Ave neighs/atom = 34.03125
Neighbor list builds = 0
Dangerous builds = 0
next i
jump SELF loop_struct
clear
  using 1 OpenMP thread(s) per MPI task
log energies.log append
units metal
boundary p p p
atom_style atomic
read_data Si222_${i}.in
read_data Si222_80.in
Reading data file ...
  orthogonal box = (0 0 0) to (10.887404 10.887404 10.887404)
  1 by 1 by 1 MPI processor grid
  reading atoms ...
  64 atoms
  reading velocities ...
  64 velocities
  read_data CPU = 0.001 seconds
mass 1 28.085
pair_style sw
pair_coeff * * Si.sw Si
Reading sw potential file Si.sw with DATE: 2007-06-11
run 0
WARNING: No fixes with time integration, atoms won't move (src/verlet.cpp:60)
Neighbor list info ...
  update: every = 1 steps, delay = 0 steps, check = yes
  max neighbors/atom: 2000, page size: 100000
  master list distance cutoff = 5.77118
  ghost atom cutoff = 5.77118
  binsize = 2.88559, bins = 4 4 4
  1 neighbor lists, perpetual/occasional/extra = 1 0 0
  (1) pair sw, perpetual
      attributes: full, newton on
      pair build: full/bin/atomonly
      stencil: full/bin/3d
      bin: standard
Per MPI rank memory allocation (min/avg/max) = 3.074 | 3.074 | 3.074 Mbytes
   Step          Temp          E_pair         E_mol          TotEng         Press     
         0   0             -275.38626      0             -275.38626     -5226.289     
Loop time of 1.04e-06 on 1 procs for 0 steps with 64 atoms

96.2% CPU use with 1 MPI tasks x 1 OpenMP threads

MPI task timing breakdown:
Section |  min time  |  avg time  |  max time  |%varavg| %total
---------------------------------------------------------------
Pair    | 0          | 0          | 0          |   0.0 |  0.00
Neigh   | 0          | 0          | 0          |   0.0 |  0.00
Comm    | 0          | 0          | 0          |   0.0 |  0.00
Output  | 0          | 0          | 0          |   0.0 |  0.00
Modify  | 0          | 0          | 0          |   0.0 |  0.00
Other   |            | 1.04e-06   |            |       |100.00

Nlocal:             64 ave          64 max          64 min
Histogram: 1 0 0 0 0 0 0 0 0 0
Nghost:            557 ave         557 max         557 min
Histogram: 1 0 0 0 0 0 0 0 0 0
Neighs:              0 ave           0 max           0 min
Histogram: 1 0 0 0 0 0 0 0 0 0
FullNghs:         2176 ave        2176 max        2176 min
Histogram: 1 0 0 0 0 0 0 0 0 0

Total # of neighbors = 2176
Ave neighs/atom = 34
Neighbor list builds = 0
Dangerous builds = 0
next i
jump SELF loop_struct
clear
  using 1 OpenMP thread(s) per MPI task
log energies.log append
units metal
boundary p p p
atom_style atomic
read_data Si222_${i}.in
read_data Si222_81.in
Reading data file ...
  orthogonal box = (0 0 0) to (10.887404 10.887404 10.887404)
  1 by 1 by 1 MPI processor grid
  reading atoms ...
  64 atoms
  reading velocities ...
  64 velocities
  read_data CPU = 0.001 seconds
mass 1 28.085
pair_style sw
pair_coeff * * Si.sw Si
Reading sw potential file Si.sw with DATE: 2007-06-11
run 0
WARNING: No fixes with time integration, atoms won't move (src/verlet.cpp:60)
Neighbor list info ...
  update: every = 1 steps, delay = 0 steps, check = yes
  max neighbors/atom: 2000, page size: 100000
  master list distance cutoff = 5.77118
  ghost atom cutoff = 5.77118
  binsize = 2.88559, bins = 4 4 4
  1 neighbor lists, perpetual/occasional/extra = 1 0 0
  (1) pair sw, perpetual
      attributes: full, newton on
      pair build: full/bin/atomonly
      stencil: full/bin/3d
      bin: standard
Per MPI rank memory allocation (min/avg/max) = 3.064 | 3.064 | 3.064 Mbytes
   Step          Temp          E_pair         E_mol          TotEng         Press     
         0   0             -274.91365      0             -274.91365     -5277.5562    
Loop time of 1.07e-06 on 1 procs for 0 steps with 64 atoms

93.5% CPU use with 1 MPI tasks x 1 OpenMP threads

MPI task timing breakdown:
Section |  min time  |  avg time  |  max time  |%varavg| %total
---------------------------------------------------------------
Pair    | 0          | 0          | 0          |   0.0 |  0.00
Neigh   | 0          | 0          | 0          |   0.0 |  0.00
Comm    | 0          | 0          | 0          |   0.0 |  0.00
Output  | 0          | 0          | 0          |   0.0 |  0.00
Modify  | 0          | 0          | 0          |   0.0 |  0.00
Other   |            | 1.07e-06   |            |       |100.00

Nlocal:             64 ave          64 max          64 min
Histogram: 1 0 0 0 0 0 0 0 0 0
Nghost:            557 ave         557 max         557 min
Histogram: 1 0 0 0 0 0 0 0 0 0
Neighs:              0 ave           0 max           0 min
Histogram: 1 0 0 0 0 0 0 0 0 0
FullNghs:         2186 ave        2186 max        2186 min
Histogram: 1 0 0 0 0 0 0 0 0 0

Total # of neighbors = 2186
Ave neighs/atom = 34.15625
Neighbor list builds = 0
Dangerous builds = 0
next i
jump SELF loop_struct
clear
  using 1 OpenMP thread(s) per MPI task
log energies.log append
units metal
boundary p p p
atom_style atomic
read_data Si222_${i}.in
read_data Si222_82.in
Reading data file ...
  orthogonal box = (0 0 0) to (10.887404 10.887404 10.887404)
  1 by 1 by 1 MPI processor grid
  reading atoms ...
  64 atoms
  reading velocities ...
  64 velocities
  read_data CPU = 0.001 seconds
mass 1 28.085
pair_style sw
pair_coeff * * Si.sw Si
Reading sw potential file Si.sw with DATE: 2007-06-11
run 0
WARNING: No fixes with time integration, atoms won't move (src/verlet.cpp:60)
Neighbor list info ...
  update: every = 1 steps, delay = 0 steps, check = yes
  max neighbors/atom: 2000, page size: 100000
  master list distance cutoff = 5.77118
  ghost atom cutoff = 5.77118
  binsize = 2.88559, bins = 4 4 4
  1 neighbor lists, perpetual/occasional/extra = 1 0 0
  (1) pair sw, perpetual
      attributes: full, newton on
      pair build: full/bin/atomonly
      stencil: full/bin/3d
      bin: standard
Per MPI rank memory allocation (min/avg/max) = 3.074 | 3.074 | 3.074 Mbytes
   Step          Temp          E_pair         E_mol          TotEng         Press     
         0   0             -275.4905       0             -275.4905      -5751.3693    
Loop time of 1.06e-06 on 1 procs for 0 steps with 64 atoms

0.0% CPU use with 1 MPI tasks x 1 OpenMP threads

MPI task timing breakdown:
Section |  min time  |  avg time  |  max time  |%varavg| %total
---------------------------------------------------------------
Pair    | 0          | 0          | 0          |   0.0 |  0.00
Neigh   | 0          | 0          | 0          |   0.0 |  0.00
Comm    | 0          | 0          | 0          |   0.0 |  0.00
Output  | 0          | 0          | 0          |   0.0 |  0.00
Modify  | 0          | 0          | 0          |   0.0 |  0.00
Other   |            | 1.06e-06   |            |       |100.00

Nlocal:             64 ave          64 max          64 min
Histogram: 1 0 0 0 0 0 0 0 0 0
Nghost:            557 ave         557 max         557 min
Histogram: 1 0 0 0 0 0 0 0 0 0
Neighs:              0 ave           0 max           0 min
Histogram: 1 0 0 0 0 0 0 0 0 0
FullNghs:         2186 ave        2186 max        2186 min
Histogram: 1 0 0 0 0 0 0 0 0 0

Total # of neighbors = 2186
Ave neighs/atom = 34.15625
Neighbor list builds = 0
Dangerous builds = 0
next i
jump SELF loop_struct
clear
  using 1 OpenMP thread(s) per MPI task
log energies.log append
units metal
boundary p p p
atom_style atomic
read_data Si222_${i}.in
read_data Si222_83.in
Reading data file ...
  orthogonal box = (0 0 0) to (10.887404 10.887404 10.887404)
  1 by 1 by 1 MPI processor grid
  reading atoms ...
  64 atoms
  reading velocities ...
  64 velocities
  read_data CPU = 0.001 seconds
mass 1 28.085
pair_style sw
pair_coeff * * Si.sw Si
Reading sw potential file Si.sw with DATE: 2007-06-11
run 0
WARNING: No fixes with time integration, atoms won't move (src/verlet.cpp:60)
Neighbor list info ...
  update: every = 1 steps, delay = 0 steps, check = yes
  max neighbors/atom: 2000, page size: 100000
  master list distance cutoff = 5.77118
  ghost atom cutoff = 5.77118
  binsize = 2.88559, bins = 4 4 4
  1 neighbor lists, perpetual/occasional/extra = 1 0 0
  (1) pair sw, perpetual
      attributes: full, newton on
      pair build: full/bin/atomonly
      stencil: full/bin/3d
      bin: standard
Per MPI rank memory allocation (min/avg/max) = 3.073 | 3.073 | 3.073 Mbytes
   Step          Temp          E_pair         E_mol          TotEng         Press     
         0   0             -275.79032      0             -275.79032     -5845.8794    
Loop time of 1.08e-06 on 1 procs for 0 steps with 64 atoms

0.0% CPU use with 1 MPI tasks x 1 OpenMP threads

MPI task timing breakdown:
Section |  min time  |  avg time  |  max time  |%varavg| %total
---------------------------------------------------------------
Pair    | 0          | 0          | 0          |   0.0 |  0.00
Neigh   | 0          | 0          | 0          |   0.0 |  0.00
Comm    | 0          | 0          | 0          |   0.0 |  0.00
Output  | 0          | 0          | 0          |   0.0 |  0.00
Modify  | 0          | 0          | 0          |   0.0 |  0.00
Other   |            | 1.08e-06   |            |       |100.00

Nlocal:             64 ave          64 max          64 min
Histogram: 1 0 0 0 0 0 0 0 0 0
Nghost:            557 ave         557 max         557 min
Histogram: 1 0 0 0 0 0 0 0 0 0
Neighs:              0 ave           0 max           0 min
Histogram: 1 0 0 0 0 0 0 0 0 0
FullNghs:         2180 ave        2180 max        2180 min
Histogram: 1 0 0 0 0 0 0 0 0 0

Total # of neighbors = 2180
Ave neighs/atom = 34.0625
Neighbor list builds = 0
Dangerous builds = 0
next i
jump SELF loop_struct
clear
  using 1 OpenMP thread(s) per MPI task
log energies.log append
units metal
boundary p p p
atom_style atomic
read_data Si222_${i}.in
read_data Si222_84.in
Reading data file ...
  orthogonal box = (0 0 0) to (10.887404 10.887404 10.887404)
  1 by 1 by 1 MPI processor grid
  reading atoms ...
  64 atoms
  reading velocities ...
  64 velocities
  read_data CPU = 0.001 seconds
mass 1 28.085
pair_style sw
pair_coeff * * Si.sw Si
Reading sw potential file Si.sw with DATE: 2007-06-11
run 0
WARNING: No fixes with time integration, atoms won't move (src/verlet.cpp:60)
Neighbor list info ...
  update: every = 1 steps, delay = 0 steps, check = yes
  max neighbors/atom: 2000, page size: 100000
  master list distance cutoff = 5.77118
  ghost atom cutoff = 5.77118
  binsize = 2.88559, bins = 4 4 4
  1 neighbor lists, perpetual/occasional/extra = 1 0 0
  (1) pair sw, perpetual
      attributes: full, newton on
      pair build: full/bin/atomonly
      stencil: full/bin/3d
      bin: standard
Per MPI rank memory allocation (min/avg/max) = 3.072 | 3.072 | 3.072 Mbytes
   Step          Temp          E_pair         E_mol          TotEng         Press     
         0   0             -275.54393      0             -275.54393     -6051.1776    
Loop time of 1.24e-06 on 1 procs for 0 steps with 64 atoms

0.0% CPU use with 1 MPI tasks x 1 OpenMP threads

MPI task timing breakdown:
Section |  min time  |  avg time  |  max time  |%varavg| %total
---------------------------------------------------------------
Pair    | 0          | 0          | 0          |   0.0 |  0.00
Neigh   | 0          | 0          | 0          |   0.0 |  0.00
Comm    | 0          | 0          | 0          |   0.0 |  0.00
Output  | 0          | 0          | 0          |   0.0 |  0.00
Modify  | 0          | 0          | 0          |   0.0 |  0.00
Other   |            | 1.24e-06   |            |       |100.00

Nlocal:             64 ave          64 max          64 min
Histogram: 1 0 0 0 0 0 0 0 0 0
Nghost:            557 ave         557 max         557 min
Histogram: 1 0 0 0 0 0 0 0 0 0
Neighs:              0 ave           0 max           0 min
Histogram: 1 0 0 0 0 0 0 0 0 0
FullNghs:         2186 ave        2186 max        2186 min
Histogram: 1 0 0 0 0 0 0 0 0 0

Total # of neighbors = 2186
Ave neighs/atom = 34.15625
Neighbor list builds = 0
Dangerous builds = 0
next i
jump SELF loop_struct
clear
  using 1 OpenMP thread(s) per MPI task
log energies.log append
units metal
boundary p p p
atom_style atomic
read_data Si222_${i}.in
read_data Si222_85.in
Reading data file ...
  orthogonal box = (0 0 0) to (10.887404 10.887404 10.887404)
  1 by 1 by 1 MPI processor grid
  reading atoms ...
  64 atoms
  reading velocities ...
  64 velocities
  read_data CPU = 0.001 seconds
mass 1 28.085
pair_style sw
pair_coeff * * Si.sw Si
Reading sw potential file Si.sw with DATE: 2007-06-11
run 0
WARNING: No fixes with time integration, atoms won't move (src/verlet.cpp:60)
Neighbor list info ...
  update: every = 1 steps, delay = 0 steps, check = yes
  max neighbors/atom: 2000, page size: 100000
  master list distance cutoff = 5.77118
  ghost atom cutoff = 5.77118
  binsize = 2.88559, bins = 4 4 4
  1 neighbor lists, perpetual/occasional/extra = 1 0 0
  (1) pair sw, perpetual
      attributes: full, newton on
      pair build: full/bin/atomonly
      stencil: full/bin/3d
      bin: standard
Per MPI rank memory allocation (min/avg/max) = 3.073 | 3.073 | 3.073 Mbytes
   Step          Temp          E_pair         E_mol          TotEng         Press     
         0   0             -275.37274      0             -275.37274     -5701.7853    
Loop time of 1.06e-06 on 1 procs for 0 steps with 64 atoms

94.3% CPU use with 1 MPI tasks x 1 OpenMP threads

MPI task timing breakdown:
Section |  min time  |  avg time  |  max time  |%varavg| %total
---------------------------------------------------------------
Pair    | 0          | 0          | 0          |   0.0 |  0.00
Neigh   | 0          | 0          | 0          |   0.0 |  0.00
Comm    | 0          | 0          | 0          |   0.0 |  0.00
Output  | 0          | 0          | 0          |   0.0 |  0.00
Modify  | 0          | 0          | 0          |   0.0 |  0.00
Other   |            | 1.06e-06   |            |       |100.00

Nlocal:             64 ave          64 max          64 min
Histogram: 1 0 0 0 0 0 0 0 0 0
Nghost:            557 ave         557 max         557 min
Histogram: 1 0 0 0 0 0 0 0 0 0
Neighs:              0 ave           0 max           0 min
Histogram: 1 0 0 0 0 0 0 0 0 0
FullNghs:         2180 ave        2180 max        2180 min
Histogram: 1 0 0 0 0 0 0 0 0 0

Total # of neighbors = 2180
Ave neighs/atom = 34.0625
Neighbor list builds = 0
Dangerous builds = 0
next i
jump SELF loop_struct
clear
  using 1 OpenMP thread(s) per MPI task
log energies.log append
units metal
boundary p p p
atom_style atomic
read_data Si222_${i}.in
read_data Si222_86.in
Reading data file ...
  orthogonal box = (0 0 0) to (10.887404 10.887404 10.887404)
  1 by 1 by 1 MPI processor grid
  reading atoms ...
  64 atoms
  reading velocities ...
  64 velocities
  read_data CPU = 0.001 seconds
mass 1 28.085
pair_style sw
pair_coeff * * Si.sw Si
Reading sw potential file Si.sw with DATE: 2007-06-11
run 0
WARNING: No fixes with time integration, atoms won't move (src/verlet.cpp:60)
Neighbor list info ...
  update: every = 1 steps, delay = 0 steps, check = yes
  max neighbors/atom: 2000, page size: 100000
  master list distance cutoff = 5.77118
  ghost atom cutoff = 5.77118
  binsize = 2.88559, bins = 4 4 4
  1 neighbor lists, perpetual/occasional/extra = 1 0 0
  (1) pair sw, perpetual
      attributes: full, newton on
      pair build: full/bin/atomonly
      stencil: full/bin/3d
      bin: standard
Per MPI rank memory allocation (min/avg/max) = 3.073 | 3.073 | 3.073 Mbytes
   Step          Temp          E_pair         E_mol          TotEng         Press     
         0   0             -275.36358      0             -275.36358     -5569.7075    
Loop time of 1.12e-06 on 1 procs for 0 steps with 64 atoms

89.3% CPU use with 1 MPI tasks x 1 OpenMP threads

MPI task timing breakdown:
Section |  min time  |  avg time  |  max time  |%varavg| %total
---------------------------------------------------------------
Pair    | 0          | 0          | 0          |   0.0 |  0.00
Neigh   | 0          | 0          | 0          |   0.0 |  0.00
Comm    | 0          | 0          | 0          |   0.0 |  0.00
Output  | 0          | 0          | 0          |   0.0 |  0.00
Modify  | 0          | 0          | 0          |   0.0 |  0.00
Other   |            | 1.12e-06   |            |       |100.00

Nlocal:             64 ave          64 max          64 min
Histogram: 1 0 0 0 0 0 0 0 0 0
Nghost:            557 ave         557 max         557 min
Histogram: 1 0 0 0 0 0 0 0 0 0
Neighs:              0 ave           0 max           0 min
Histogram: 1 0 0 0 0 0 0 0 0 0
FullNghs:         2182 ave        2182 max        2182 min
Histogram: 1 0 0 0 0 0 0 0 0 0

Total # of neighbors = 2182
Ave neighs/atom = 34.09375
Neighbor list builds = 0
Dangerous builds = 0
next i
jump SELF loop_struct
clear
  using 1 OpenMP thread(s) per MPI task
log energies.log append
units metal
boundary p p p
atom_style atomic
read_data Si222_${i}.in
read_data Si222_87.in
Reading data file ...
  orthogonal box = (0 0 0) to (10.887404 10.887404 10.887404)
  1 by 1 by 1 MPI processor grid
  reading atoms ...
  64 atoms
  reading velocities ...
  64 velocities
  read_data CPU = 0.001 seconds
mass 1 28.085
pair_style sw
pair_coeff * * Si.sw Si
Reading sw potential file Si.sw with DATE: 2007-06-11
run 0
WARNING: No fixes with time integration, atoms won't move (src/verlet.cpp:60)
Neighbor list info ...
  update: every = 1 steps, delay = 0 steps, check = yes
  max neighbors/atom: 2000, page size: 100000
  master list distance cutoff = 5.77118
  ghost atom cutoff = 5.77118
  binsize = 2.88559, bins = 4 4 4
  1 neighbor lists, perpetual/occasional/extra = 1 0 0
  (1) pair sw, perpetual
      attributes: full, newton on
      pair build: full/bin/atomonly
      stencil: full/bin/3d
      bin: standard
Per MPI rank memory allocation (min/avg/max) = 3.074 | 3.074 | 3.074 Mbytes
   Step          Temp          E_pair         E_mol          TotEng         Press     
         0   0             -274.92873      0             -274.92873     -5547.5988    
Loop time of 1.06e-06 on 1 procs for 0 steps with 64 atoms

94.3% CPU use with 1 MPI tasks x 1 OpenMP threads

MPI task timing breakdown:
Section |  min time  |  avg time  |  max time  |%varavg| %total
---------------------------------------------------------------
Pair    | 0          | 0          | 0          |   0.0 |  0.00
Neigh   | 0          | 0          | 0          |   0.0 |  0.00
Comm    | 0          | 0          | 0          |   0.0 |  0.00
Output  | 0          | 0          | 0          |   0.0 |  0.00
Modify  | 0          | 0          | 0          |   0.0 |  0.00
Other   |            | 1.06e-06   |            |       |100.00

Nlocal:             64 ave          64 max          64 min
Histogram: 1 0 0 0 0 0 0 0 0 0
Nghost:            557 ave         557 max         557 min
Histogram: 1 0 0 0 0 0 0 0 0 0
Neighs:              0 ave           0 max           0 min
Histogram: 1 0 0 0 0 0 0 0 0 0
FullNghs:         2192 ave        2192 max        2192 min
Histogram: 1 0 0 0 0 0 0 0 0 0

Total # of neighbors = 2192
Ave neighs/atom = 34.25
Neighbor list builds = 0
Dangerous builds = 0
next i
jump SELF loop_struct
clear
  using 1 OpenMP thread(s) per MPI task
log energies.log append
units metal
boundary p p p
atom_style atomic
read_data Si222_${i}.in
read_data Si222_88.in
Reading data file ...
  orthogonal box = (0 0 0) to (10.887404 10.887404 10.887404)
  1 by 1 by 1 MPI processor grid
  reading atoms ...
  64 atoms
  reading velocities ...
  64 velocities
  read_data CPU = 0.001 seconds
mass 1 28.085
pair_style sw
pair_coeff * * Si.sw Si
Reading sw potential file Si.sw with DATE: 2007-06-11
run 0
WARNING: No fixes with time integration, atoms won't move (src/verlet.cpp:60)
Neighbor list info ...
  update: every = 1 steps, delay = 0 steps, check = yes
  max neighbors/atom: 2000, page size: 100000
  master list distance cutoff = 5.77118
  ghost atom cutoff = 5.77118
  binsize = 2.88559, bins = 4 4 4
  1 neighbor lists, perpetual/occasional/extra = 1 0 0
  (1) pair sw, perpetual
      attributes: full, newton on
      pair build: full/bin/atomonly
      stencil: full/bin/3d
      bin: standard
Per MPI rank memory allocation (min/avg/max) = 3.073 | 3.073 | 3.073 Mbytes
   Step          Temp          E_pair         E_mol          TotEng         Press     
         0   0             -275.92575      0             -275.92575     -5988.1891    
Loop time of 1.08e-06 on 1 procs for 0 steps with 64 atoms

0.0% CPU use with 1 MPI tasks x 1 OpenMP threads

MPI task timing breakdown:
Section |  min time  |  avg time  |  max time  |%varavg| %total
---------------------------------------------------------------
Pair    | 0          | 0          | 0          |   0.0 |  0.00
Neigh   | 0          | 0          | 0          |   0.0 |  0.00
Comm    | 0          | 0          | 0          |   0.0 |  0.00
Output  | 0          | 0          | 0          |   0.0 |  0.00
Modify  | 0          | 0          | 0          |   0.0 |  0.00
Other   |            | 1.08e-06   |            |       |100.00

Nlocal:             64 ave          64 max          64 min
Histogram: 1 0 0 0 0 0 0 0 0 0
Nghost:            557 ave         557 max         557 min
Histogram: 1 0 0 0 0 0 0 0 0 0
Neighs:              0 ave           0 max           0 min
Histogram: 1 0 0 0 0 0 0 0 0 0
FullNghs:         2182 ave        2182 max        2182 min
Histogram: 1 0 0 0 0 0 0 0 0 0

Total # of neighbors = 2182
Ave neighs/atom = 34.09375
Neighbor list builds = 0
Dangerous builds = 0
next i
jump SELF loop_struct
clear
  using 1 OpenMP thread(s) per MPI task
log energies.log append
units metal
boundary p p p
atom_style atomic
read_data Si222_${i}.in
read_data Si222_89.in
Reading data file ...
  orthogonal box = (0 0 0) to (10.887404 10.887404 10.887404)
  1 by 1 by 1 MPI processor grid
  reading atoms ...
  64 atoms
  reading velocities ...
  64 velocities
  read_data CPU = 0.001 seconds
mass 1 28.085
pair_style sw
pair_coeff * * Si.sw Si
Reading sw potential file Si.sw with DATE: 2007-06-11
run 0
WARNING: No fixes with time integration, atoms won't move (src/verlet.cpp:60)
Neighbor list info ...
  update: every = 1 steps, delay = 0 steps, check = yes
  max neighbors/atom: 2000, page size: 100000
  master list distance cutoff = 5.77118
  ghost atom cutoff = 5.77118
  binsize = 2.88559, bins = 4 4 4
  1 neighbor lists, perpetual/occasional/extra = 1 0 0
  (1) pair sw, perpetual
      attributes: full, newton on
      pair build: full/bin/atomonly
      stencil: full/bin/3d
      bin: standard
Per MPI rank memory allocation (min/avg/max) = 3.073 | 3.073 | 3.073 Mbytes
   Step          Temp          E_pair         E_mol          TotEng         Press     
         0   0             -275.58687      0             -275.58687     -5822.5877    
Loop time of 1.07e-06 on 1 procs for 0 steps with 64 atoms

93.5% CPU use with 1 MPI tasks x 1 OpenMP threads

MPI task timing breakdown:
Section |  min time  |  avg time  |  max time  |%varavg| %total
---------------------------------------------------------------
Pair    | 0          | 0          | 0          |   0.0 |  0.00
Neigh   | 0          | 0          | 0          |   0.0 |  0.00
Comm    | 0          | 0          | 0          |   0.0 |  0.00
Output  | 0          | 0          | 0          |   0.0 |  0.00
Modify  | 0          | 0          | 0          |   0.0 |  0.00
Other   |            | 1.07e-06   |            |       |100.00

Nlocal:             64 ave          64 max          64 min
Histogram: 1 0 0 0 0 0 0 0 0 0
Nghost:            557 ave         557 max         557 min
Histogram: 1 0 0 0 0 0 0 0 0 0
Neighs:              0 ave           0 max           0 min
Histogram: 1 0 0 0 0 0 0 0 0 0
FullNghs:         2182 ave        2182 max        2182 min
Histogram: 1 0 0 0 0 0 0 0 0 0

Total # of neighbors = 2182
Ave neighs/atom = 34.09375
Neighbor list builds = 0
Dangerous builds = 0
next i
jump SELF loop_struct
clear
  using 1 OpenMP thread(s) per MPI task
log energies.log append
units metal
boundary p p p
atom_style atomic
read_data Si222_${i}.in
read_data Si222_90.in
Reading data file ...
  orthogonal box = (0 0 0) to (10.887404 10.887404 10.887404)
  1 by 1 by 1 MPI processor grid
  reading atoms ...
  64 atoms
  reading velocities ...
  64 velocities
  read_data CPU = 0.001 seconds
mass 1 28.085
pair_style sw
pair_coeff * * Si.sw Si
Reading sw potential file Si.sw with DATE: 2007-06-11
run 0
WARNING: No fixes with time integration, atoms won't move (src/verlet.cpp:60)
Neighbor list info ...
  update: every = 1 steps, delay = 0 steps, check = yes
  max neighbors/atom: 2000, page size: 100000
  master list distance cutoff = 5.77118
  ghost atom cutoff = 5.77118
  binsize = 2.88559, bins = 4 4 4
  1 neighbor lists, perpetual/occasional/extra = 1 0 0
  (1) pair sw, perpetual
      attributes: full, newton on
      pair build: full/bin/atomonly
      stencil: full/bin/3d
      bin: standard
Per MPI rank memory allocation (min/avg/max) = 3.063 | 3.063 | 3.063 Mbytes
   Step          Temp          E_pair         E_mol          TotEng         Press     
         0   0             -157.84071      0             -157.84071      276092.28    
Loop time of 1.05e-06 on 1 procs for 0 steps with 64 atoms

0.0% CPU use with 1 MPI tasks x 1 OpenMP threads

MPI task timing breakdown:
Section |  min time  |  avg time  |  max time  |%varavg| %total
---------------------------------------------------------------
Pair    | 0          | 0          | 0          |   0.0 |  0.00
Neigh   | 0          | 0          | 0          |   0.0 |  0.00
Comm    | 0          | 0          | 0          |   0.0 |  0.00
Output  | 0          | 0          | 0          |   0.0 |  0.00
Modify  | 0          | 0          | 0          |   0.0 |  0.00
Other   |            | 1.05e-06   |            |       |100.00

Nlocal:             64 ave          64 max          64 min
Histogram: 1 0 0 0 0 0 0 0 0 0
Nghost:            491 ave         491 max         491 min
Histogram: 1 0 0 0 0 0 0 0 0 0
Neighs:              0 ave           0 max           0 min
Histogram: 1 0 0 0 0 0 0 0 0 0
FullNghs:         2338 ave        2338 max        2338 min
Histogram: 1 0 0 0 0 0 0 0 0 0

Total # of neighbors = 2338
Ave neighs/atom = 36.53125
Neighbor list builds = 0
Dangerous builds = 0
next i
jump SELF loop_struct
clear
  using 1 OpenMP thread(s) per MPI task
log energies.log append
units metal
boundary p p p
atom_style atomic
read_data Si222_${i}.in
read_data Si222_91.in
Reading data file ...
  orthogonal box = (0 0 0) to (10.887404 10.887404 10.887404)
  1 by 1 by 1 MPI processor grid
  reading atoms ...
  64 atoms
  reading velocities ...
  64 velocities
  read_data CPU = 0.001 seconds
mass 1 28.085
pair_style sw
pair_coeff * * Si.sw Si
Reading sw potential file Si.sw with DATE: 2007-06-11
run 0
WARNING: No fixes with time integration, atoms won't move (src/verlet.cpp:60)
Neighbor list info ...
  update: every = 1 steps, delay = 0 steps, check = yes
  max neighbors/atom: 2000, page size: 100000
  master list distance cutoff = 5.77118
  ghost atom cutoff = 5.77118
  binsize = 2.88559, bins = 4 4 4
  1 neighbor lists, perpetual/occasional/extra = 1 0 0
  (1) pair sw, perpetual
      attributes: full, newton on
      pair build: full/bin/atomonly
      stencil: full/bin/3d
      bin: standard
Per MPI rank memory allocation (min/avg/max) = 3.072 | 3.072 | 3.072 Mbytes
   Step          Temp          E_pair         E_mol          TotEng         Press     
         0   0             -276.04139      0             -276.04139     -6301.3763    
Loop time of 1.05e-06 on 1 procs for 0 steps with 64 atoms

0.0% CPU use with 1 MPI tasks x 1 OpenMP threads

MPI task timing breakdown:
Section |  min time  |  avg time  |  max time  |%varavg| %total
---------------------------------------------------------------
Pair    | 0          | 0          | 0          |   0.0 |  0.00
Neigh   | 0          | 0          | 0          |   0.0 |  0.00
Comm    | 0          | 0          | 0          |   0.0 |  0.00
Output  | 0          | 0          | 0          |   0.0 |  0.00
Modify  | 0          | 0          | 0          |   0.0 |  0.00
Other   |            | 1.05e-06   |            |       |100.00

Nlocal:             64 ave          64 max          64 min
Histogram: 1 0 0 0 0 0 0 0 0 0
Nghost:            557 ave         557 max         557 min
Histogram: 1 0 0 0 0 0 0 0 0 0
Neighs:              0 ave           0 max           0 min
Histogram: 1 0 0 0 0 0 0 0 0 0
FullNghs:         2180 ave        2180 max        2180 min
Histogram: 1 0 0 0 0 0 0 0 0 0

Total # of neighbors = 2180
Ave neighs/atom = 34.0625
Neighbor list builds = 0
Dangerous builds = 0
next i
jump SELF loop_struct
clear
  using 1 OpenMP thread(s) per MPI task
log energies.log append
units metal
boundary p p p
atom_style atomic
read_data Si222_${i}.in
read_data Si222_92.in
Reading data file ...
  orthogonal box = (0 0 0) to (10.887404 10.887404 10.887404)
  1 by 1 by 1 MPI processor grid
  reading atoms ...
  64 atoms
  reading velocities ...
  64 velocities
  read_data CPU = 0.001 seconds
mass 1 28.085
pair_style sw
pair_coeff * * Si.sw Si
Reading sw potential file Si.sw with DATE: 2007-06-11
run 0
WARNING: No fixes with time integration, atoms won't move (src/verlet.cpp:60)
Neighbor list info ...
  update: every = 1 steps, delay = 0 steps, check = yes
  max neighbors/atom: 2000, page size: 100000
  master list distance cutoff = 5.77118
  ghost atom cutoff = 5.77118
  binsize = 2.88559, bins = 4 4 4
  1 neighbor lists, perpetual/occasional/extra = 1 0 0
  (1) pair sw, perpetual
      attributes: full, newton on
      pair build: full/bin/atomonly
      stencil: full/bin/3d
      bin: standard
Per MPI rank memory allocation (min/avg/max) = 3.073 | 3.073 | 3.073 Mbytes
   Step          Temp          E_pair         E_mol          TotEng         Press     
         0   0             -275.61895      0             -275.61895     -5712.1244    
Loop time of 1.06e-06 on 1 procs for 0 steps with 64 atoms

94.3% CPU use with 1 MPI tasks x 1 OpenMP threads

MPI task timing breakdown:
Section |  min time  |  avg time  |  max time  |%varavg| %total
---------------------------------------------------------------
Pair    | 0          | 0          | 0          |   0.0 |  0.00
Neigh   | 0          | 0          | 0          |   0.0 |  0.00
Comm    | 0          | 0          | 0          |   0.0 |  0.00
Output  | 0          | 0          | 0          |   0.0 |  0.00
Modify  | 0          | 0          | 0          |   0.0 |  0.00
Other   |            | 1.06e-06   |            |       |100.00

Nlocal:             64 ave          64 max          64 min
Histogram: 1 0 0 0 0 0 0 0 0 0
Nghost:            557 ave         557 max         557 min
Histogram: 1 0 0 0 0 0 0 0 0 0
Neighs:              0 ave           0 max           0 min
Histogram: 1 0 0 0 0 0 0 0 0 0
FullNghs:         2182 ave        2182 max        2182 min
Histogram: 1 0 0 0 0 0 0 0 0 0

Total # of neighbors = 2182
Ave neighs/atom = 34.09375
Neighbor list builds = 0
Dangerous builds = 0
next i
jump SELF loop_struct
clear
  using 1 OpenMP thread(s) per MPI task
log energies.log append
units metal
boundary p p p
atom_style atomic
read_data Si222_${i}.in
read_data Si222_93.in
Reading data file ...
  orthogonal box = (0 0 0) to (10.887404 10.887404 10.887404)
  1 by 1 by 1 MPI processor grid
  reading atoms ...
  64 atoms
  reading velocities ...
  64 velocities
  read_data CPU = 0.001 seconds
mass 1 28.085
pair_style sw
pair_coeff * * Si.sw Si
Reading sw potential file Si.sw with DATE: 2007-06-11
run 0
WARNING: No fixes with time integration, atoms won't move (src/verlet.cpp:60)
Neighbor list info ...
  update: every = 1 steps, delay = 0 steps, check = yes
  max neighbors/atom: 2000, page size: 100000
  master list distance cutoff = 5.77118
  ghost atom cutoff = 5.77118
  binsize = 2.88559, bins = 4 4 4
  1 neighbor lists, perpetual/occasional/extra = 1 0 0
  (1) pair sw, perpetual
      attributes: full, newton on
      pair build: full/bin/atomonly
      stencil: full/bin/3d
      bin: standard
Per MPI rank memory allocation (min/avg/max) = 3.064 | 3.064 | 3.064 Mbytes
   Step          Temp          E_pair         E_mol          TotEng         Press     
         0   0             -255.26541      0             -255.26541      38163.457    
Loop time of 1.07e-06 on 1 procs for 0 steps with 64 atoms

0.0% CPU use with 1 MPI tasks x 1 OpenMP threads

MPI task timing breakdown:
Section |  min time  |  avg time  |  max time  |%varavg| %total
---------------------------------------------------------------
Pair    | 0          | 0          | 0          |   0.0 |  0.00
Neigh   | 0          | 0          | 0          |   0.0 |  0.00
Comm    | 0          | 0          | 0          |   0.0 |  0.00
Output  | 0          | 0          | 0          |   0.0 |  0.00
Modify  | 0          | 0          | 0          |   0.0 |  0.00
Other   |            | 1.07e-06   |            |       |100.00

Nlocal:             64 ave          64 max          64 min
Histogram: 1 0 0 0 0 0 0 0 0 0
Nghost:            549 ave         549 max         549 min
Histogram: 1 0 0 0 0 0 0 0 0 0
Neighs:              0 ave           0 max           0 min
Histogram: 1 0 0 0 0 0 0 0 0 0
FullNghs:         2258 ave        2258 max        2258 min
Histogram: 1 0 0 0 0 0 0 0 0 0

Total # of neighbors = 2258
Ave neighs/atom = 35.28125
Neighbor list builds = 0
Dangerous builds = 0
next i
jump SELF loop_struct
clear
  using 1 OpenMP thread(s) per MPI task
log energies.log append
units metal
boundary p p p
atom_style atomic
read_data Si222_${i}.in
read_data Si222_94.in
Reading data file ...
  orthogonal box = (0 0 0) to (10.887404 10.887404 10.887404)
  1 by 1 by 1 MPI processor grid
  reading atoms ...
  64 atoms
  reading velocities ...
  64 velocities
  read_data CPU = 0.001 seconds
mass 1 28.085
pair_style sw
pair_coeff * * Si.sw Si
Reading sw potential file Si.sw with DATE: 2007-06-11
run 0
WARNING: No fixes with time integration, atoms won't move (src/verlet.cpp:60)
Neighbor list info ...
  update: every = 1 steps, delay = 0 steps, check = yes
  max neighbors/atom: 2000, page size: 100000
  master list distance cutoff = 5.77118
  ghost atom cutoff = 5.77118
  binsize = 2.88559, bins = 4 4 4
  1 neighbor lists, perpetual/occasional/extra = 1 0 0
  (1) pair sw, perpetual
      attributes: full, newton on
      pair build: full/bin/atomonly
      stencil: full/bin/3d
      bin: standard
Per MPI rank memory allocation (min/avg/max) = 3.063 | 3.063 | 3.063 Mbytes
   Step          Temp          E_pair         E_mol          TotEng         Press     
         0   0             -224.49552      0             -224.49552      103603.96    
Loop time of 1.05e-06 on 1 procs for 0 steps with 64 atoms

0.0% CPU use with 1 MPI tasks x 1 OpenMP threads

MPI task timing breakdown:
Section |  min time  |  avg time  |  max time  |%varavg| %total
---------------------------------------------------------------
Pair    | 0          | 0          | 0          |   0.0 |  0.00
Neigh   | 0          | 0          | 0          |   0.0 |  0.00
Comm    | 0          | 0          | 0          |   0.0 |  0.00
Output  | 0          | 0          | 0          |   0.0 |  0.00
Modify  | 0          | 0          | 0          |   0.0 |  0.00
Other   |            | 1.05e-06   |            |       |100.00

Nlocal:             64 ave          64 max          64 min
Histogram: 1 0 0 0 0 0 0 0 0 0
Nghost:            511 ave         511 max         511 min
Histogram: 1 0 0 0 0 0 0 0 0 0
Neighs:              0 ave           0 max           0 min
Histogram: 1 0 0 0 0 0 0 0 0 0
FullNghs:         2282 ave        2282 max        2282 min
Histogram: 1 0 0 0 0 0 0 0 0 0

Total # of neighbors = 2282
Ave neighs/atom = 35.65625
Neighbor list builds = 0
Dangerous builds = 0
next i
jump SELF loop_struct
clear
  using 1 OpenMP thread(s) per MPI task
log energies.log append
units metal
boundary p p p
atom_style atomic
read_data Si222_${i}.in
read_data Si222_95.in
Reading data file ...
  orthogonal box = (0 0 0) to (10.887404 10.887404 10.887404)
  1 by 1 by 1 MPI processor grid
  reading atoms ...
  64 atoms
  reading velocities ...
  64 velocities
  read_data CPU = 0.001 seconds
mass 1 28.085
pair_style sw
pair_coeff * * Si.sw Si
Reading sw potential file Si.sw with DATE: 2007-06-11
run 0
WARNING: No fixes with time integration, atoms won't move (src/verlet.cpp:60)
Neighbor list info ...
  update: every = 1 steps, delay = 0 steps, check = yes
  max neighbors/atom: 2000, page size: 100000
  master list distance cutoff = 5.77118
  ghost atom cutoff = 5.77118
  binsize = 2.88559, bins = 4 4 4
  1 neighbor lists, perpetual/occasional/extra = 1 0 0
  (1) pair sw, perpetual
      attributes: full, newton on
      pair build: full/bin/atomonly
      stencil: full/bin/3d
      bin: standard
Per MPI rank memory allocation (min/avg/max) = 3.074 | 3.074 | 3.074 Mbytes
   Step          Temp          E_pair         E_mol          TotEng         Press     
         0   0             -275.67505      0             -275.67505     -5553.359     
Loop time of 1.05e-06 on 1 procs for 0 steps with 64 atoms

0.0% CPU use with 1 MPI tasks x 1 OpenMP threads

MPI task timing breakdown:
Section |  min time  |  avg time  |  max time  |%varavg| %total
---------------------------------------------------------------
Pair    | 0          | 0          | 0          |   0.0 |  0.00
Neigh   | 0          | 0          | 0          |   0.0 |  0.00
Comm    | 0          | 0          | 0          |   0.0 |  0.00
Output  | 0          | 0          | 0          |   0.0 |  0.00
Modify  | 0          | 0          | 0          |   0.0 |  0.00
Other   |            | 1.05e-06   |            |       |100.00

Nlocal:             64 ave          64 max          64 min
Histogram: 1 0 0 0 0 0 0 0 0 0
Nghost:            557 ave         557 max         557 min
Histogram: 1 0 0 0 0 0 0 0 0 0
Neighs:              0 ave           0 max           0 min
Histogram: 1 0 0 0 0 0 0 0 0 0
FullNghs:         2176 ave        2176 max        2176 min
Histogram: 1 0 0 0 0 0 0 0 0 0

Total # of neighbors = 2176
Ave neighs/atom = 34
Neighbor list builds = 0
Dangerous builds = 0
next i
jump SELF loop_struct
clear
  using 1 OpenMP thread(s) per MPI task
log energies.log append
units metal
boundary p p p
atom_style atomic
read_data Si222_${i}.in
read_data Si222_96.in
Reading data file ...
  orthogonal box = (0 0 0) to (10.887404 10.887404 10.887404)
  1 by 1 by 1 MPI processor grid
  reading atoms ...
  64 atoms
  reading velocities ...
  64 velocities
  read_data CPU = 0.001 seconds
mass 1 28.085
pair_style sw
pair_coeff * * Si.sw Si
Reading sw potential file Si.sw with DATE: 2007-06-11
run 0
WARNING: No fixes with time integration, atoms won't move (src/verlet.cpp:60)
Neighbor list info ...
  update: every = 1 steps, delay = 0 steps, check = yes
  max neighbors/atom: 2000, page size: 100000
  master list distance cutoff = 5.77118
  ghost atom cutoff = 5.77118
  binsize = 2.88559, bins = 4 4 4
  1 neighbor lists, perpetual/occasional/extra = 1 0 0
  (1) pair sw, perpetual
      attributes: full, newton on
      pair build: full/bin/atomonly
      stencil: full/bin/3d
      bin: standard
Per MPI rank memory allocation (min/avg/max) = 3.064 | 3.064 | 3.064 Mbytes
   Step          Temp          E_pair         E_mol          TotEng         Press     
         0   0             -275.76958      0             -275.76958     -5825.1587    
Loop time of 1.21e-06 on 1 procs for 0 steps with 64 atoms

82.6% CPU use with 1 MPI tasks x 1 OpenMP threads

MPI task timing breakdown:
Section |  min time  |  avg time  |  max time  |%varavg| %total
---------------------------------------------------------------
Pair    | 0          | 0          | 0          |   0.0 |  0.00
Neigh   | 0          | 0          | 0          |   0.0 |  0.00
Comm    | 0          | 0          | 0          |   0.0 |  0.00
Output  | 0          | 0          | 0          |   0.0 |  0.00
Modify  | 0          | 0          | 0          |   0.0 |  0.00
Other   |            | 1.21e-06   |            |       |100.00

Nlocal:             64 ave          64 max          64 min
Histogram: 1 0 0 0 0 0 0 0 0 0
Nghost:            557 ave         557 max         557 min
Histogram: 1 0 0 0 0 0 0 0 0 0
Neighs:              0 ave           0 max           0 min
Histogram: 1 0 0 0 0 0 0 0 0 0
FullNghs:         2176 ave        2176 max        2176 min
Histogram: 1 0 0 0 0 0 0 0 0 0

Total # of neighbors = 2176
Ave neighs/atom = 34
Neighbor list builds = 0
Dangerous builds = 0
next i
jump SELF loop_struct
clear
  using 1 OpenMP thread(s) per MPI task
log energies.log append
units metal
boundary p p p
atom_style atomic
read_data Si222_${i}.in
read_data Si222_97.in
Reading data file ...
  orthogonal box = (0 0 0) to (10.887404 10.887404 10.887404)
  1 by 1 by 1 MPI processor grid
  reading atoms ...
  64 atoms
  reading velocities ...
  64 velocities
  read_data CPU = 0.001 seconds
mass 1 28.085
pair_style sw
pair_coeff * * Si.sw Si
Reading sw potential file Si.sw with DATE: 2007-06-11
run 0
WARNING: No fixes with time integration, atoms won't move (src/verlet.cpp:60)
Neighbor list info ...
  update: every = 1 steps, delay = 0 steps, check = yes
  max neighbors/atom: 2000, page size: 100000
  master list distance cutoff = 5.77118
  ghost atom cutoff = 5.77118
  binsize = 2.88559, bins = 4 4 4
  1 neighbor lists, perpetual/occasional/extra = 1 0 0
  (1) pair sw, perpetual
      attributes: full, newton on
      pair build: full/bin/atomonly
      stencil: full/bin/3d
      bin: standard
Per MPI rank memory allocation (min/avg/max) = 3.063 | 3.063 | 3.063 Mbytes
   Step          Temp          E_pair         E_mol          TotEng         Press     
         0   0             -241.29717      0             -241.29717      50262.361    
Loop time of 1.06e-06 on 1 procs for 0 steps with 64 atoms

94.3% CPU use with 1 MPI tasks x 1 OpenMP threads

MPI task timing breakdown:
Section |  min time  |  avg time  |  max time  |%varavg| %total
---------------------------------------------------------------
Pair    | 0          | 0          | 0          |   0.0 |  0.00
Neigh   | 0          | 0          | 0          |   0.0 |  0.00
Comm    | 0          | 0          | 0          |   0.0 |  0.00
Output  | 0          | 0          | 0          |   0.0 |  0.00
Modify  | 0          | 0          | 0          |   0.0 |  0.00
Other   |            | 1.06e-06   |            |       |100.00

Nlocal:             64 ave          64 max          64 min
Histogram: 1 0 0 0 0 0 0 0 0 0
Nghost:            481 ave         481 max         481 min
Histogram: 1 0 0 0 0 0 0 0 0 0
Neighs:              0 ave           0 max           0 min
Histogram: 1 0 0 0 0 0 0 0 0 0
FullNghs:         2276 ave        2276 max        2276 min
Histogram: 1 0 0 0 0 0 0 0 0 0

Total # of neighbors = 2276
Ave neighs/atom = 35.5625
Neighbor list builds = 0
Dangerous builds = 0
next i
jump SELF loop_struct
clear
  using 1 OpenMP thread(s) per MPI task
log energies.log append
units metal
boundary p p p
atom_style atomic
read_data Si222_${i}.in
read_data Si222_98.in
Reading data file ...
  orthogonal box = (0 0 0) to (10.887404 10.887404 10.887404)
  1 by 1 by 1 MPI processor grid
  reading atoms ...
  64 atoms
  reading velocities ...
  64 velocities
  read_data CPU = 0.001 seconds
mass 1 28.085
pair_style sw
pair_coeff * * Si.sw Si
Reading sw potential file Si.sw with DATE: 2007-06-11
run 0
WARNING: No fixes with time integration, atoms won't move (src/verlet.cpp:60)
Neighbor list info ...
  update: every = 1 steps, delay = 0 steps, check = yes
  max neighbors/atom: 2000, page size: 100000
  master list distance cutoff = 5.77118
  ghost atom cutoff = 5.77118
  binsize = 2.88559, bins = 4 4 4
  1 neighbor lists, perpetual/occasional/extra = 1 0 0
  (1) pair sw, perpetual
      attributes: full, newton on
      pair build: full/bin/atomonly
      stencil: full/bin/3d
      bin: standard
Per MPI rank memory allocation (min/avg/max) = 3.072 | 3.072 | 3.072 Mbytes
   Step          Temp          E_pair         E_mol          TotEng         Press     
         0   0             -253.18933      0             -253.18933      46267.952    
Loop time of 1.04e-06 on 1 procs for 0 steps with 64 atoms

192.3% CPU use with 1 MPI tasks x 1 OpenMP threads

MPI task timing breakdown:
Section |  min time  |  avg time  |  max time  |%varavg| %total
---------------------------------------------------------------
Pair    | 0          | 0          | 0          |   0.0 |  0.00
Neigh   | 0          | 0          | 0          |   0.0 |  0.00
Comm    | 0          | 0          | 0          |   0.0 |  0.00
Output  | 0          | 0          | 0          |   0.0 |  0.00
Modify  | 0          | 0          | 0          |   0.0 |  0.00
Other   |            | 1.04e-06   |            |       |100.00

Nlocal:             64 ave          64 max          64 min
Histogram: 1 0 0 0 0 0 0 0 0 0
Nghost:            557 ave         557 max         557 min
Histogram: 1 0 0 0 0 0 0 0 0 0
Neighs:              0 ave           0 max           0 min
Histogram: 1 0 0 0 0 0 0 0 0 0
FullNghs:         2264 ave        2264 max        2264 min
Histogram: 1 0 0 0 0 0 0 0 0 0

Total # of neighbors = 2264
Ave neighs/atom = 35.375
Neighbor list builds = 0
Dangerous builds = 0
next i
jump SELF loop_struct
clear
  using 1 OpenMP thread(s) per MPI task
log energies.log append
units metal
boundary p p p
atom_style atomic
read_data Si222_${i}.in
read_data Si222_99.in
Reading data file ...
  orthogonal box = (0 0 0) to (10.887404 10.887404 10.887404)
  1 by 1 by 1 MPI processor grid
  reading atoms ...
  64 atoms
  reading velocities ...
  64 velocities
  read_data CPU = 0.001 seconds
mass 1 28.085
pair_style sw
pair_coeff * * Si.sw Si
Reading sw potential file Si.sw with DATE: 2007-06-11
run 0
WARNING: No fixes with time integration, atoms won't move (src/verlet.cpp:60)
Neighbor list info ...
  update: every = 1 steps, delay = 0 steps, check = yes
  max neighbors/atom: 2000, page size: 100000
  master list distance cutoff = 5.77118
  ghost atom cutoff = 5.77118
  binsize = 2.88559, bins = 4 4 4
  1 neighbor lists, perpetual/occasional/extra = 1 0 0
  (1) pair sw, perpetual
      attributes: full, newton on
      pair build: full/bin/atomonly
      stencil: full/bin/3d
      bin: standard
Per MPI rank memory allocation (min/avg/max) = 3.073 | 3.073 | 3.073 Mbytes
   Step          Temp          E_pair         E_mol          TotEng         Press     
         0   0             -276.05706      0             -276.05706     -6119.7284    
Loop time of 1.05e-06 on 1 procs for 0 steps with 64 atoms

0.0% CPU use with 1 MPI tasks x 1 OpenMP threads

MPI task timing breakdown:
Section |  min time  |  avg time  |  max time  |%varavg| %total
---------------------------------------------------------------
Pair    | 0          | 0          | 0          |   0.0 |  0.00
Neigh   | 0          | 0          | 0          |   0.0 |  0.00
Comm    | 0          | 0          | 0          |   0.0 |  0.00
Output  | 0          | 0          | 0          |   0.0 |  0.00
Modify  | 0          | 0          | 0          |   0.0 |  0.00
Other   |            | 1.05e-06   |            |       |100.00

Nlocal:             64 ave          64 max          64 min
Histogram: 1 0 0 0 0 0 0 0 0 0
Nghost:            557 ave         557 max         557 min
Histogram: 1 0 0 0 0 0 0 0 0 0
Neighs:              0 ave           0 max           0 min
Histogram: 1 0 0 0 0 0 0 0 0 0
FullNghs:         2176 ave        2176 max        2176 min
Histogram: 1 0 0 0 0 0 0 0 0 0

Total # of neighbors = 2176
Ave neighs/atom = 34
Neighbor list builds = 0
Dangerous builds = 0
next i
jump SELF loop_struct
clear
  using 1 OpenMP thread(s) per MPI task
log energies.log append
units metal
boundary p p p
atom_style atomic
read_data Si222_${i}.in
read_data Si222_100.in
Reading data file ...
  orthogonal box = (0 0 0) to (10.887404 10.887404 10.887404)
  1 by 1 by 1 MPI processor grid
  reading atoms ...
  64 atoms
  reading velocities ...
  64 velocities
  read_data CPU = 0.001 seconds
mass 1 28.085
pair_style sw
pair_coeff * * Si.sw Si
Reading sw potential file Si.sw with DATE: 2007-06-11
run 0
WARNING: No fixes with time integration, atoms won't move (src/verlet.cpp:60)
Neighbor list info ...
  update: every = 1 steps, delay = 0 steps, check = yes
  max neighbors/atom: 2000, page size: 100000
  master list distance cutoff = 5.77118
  ghost atom cutoff = 5.77118
  binsize = 2.88559, bins = 4 4 4
  1 neighbor lists, perpetual/occasional/extra = 1 0 0
  (1) pair sw, perpetual
      attributes: full, newton on
      pair build: full/bin/atomonly
      stencil: full/bin/3d
      bin: standard
Per MPI rank memory allocation (min/avg/max) = 3.073 | 3.073 | 3.073 Mbytes
   Step          Temp          E_pair         E_mol          TotEng         Press     
         0   0             -254.96695      0             -254.96695      47433.757    
Loop time of 1.03e-06 on 1 procs for 0 steps with 64 atoms

0.0% CPU use with 1 MPI tasks x 1 OpenMP threads

MPI task timing breakdown:
Section |  min time  |  avg time  |  max time  |%varavg| %total
---------------------------------------------------------------
Pair    | 0          | 0          | 0          |   0.0 |  0.00
Neigh   | 0          | 0          | 0          |   0.0 |  0.00
Comm    | 0          | 0          | 0          |   0.0 |  0.00
Output  | 0          | 0          | 0          |   0.0 |  0.00
Modify  | 0          | 0          | 0          |   0.0 |  0.00
Other   |            | 1.03e-06   |            |       |100.00

Nlocal:             64 ave          64 max          64 min
Histogram: 1 0 0 0 0 0 0 0 0 0
Nghost:            565 ave         565 max         565 min
Histogram: 1 0 0 0 0 0 0 0 0 0
Neighs:              0 ave           0 max           0 min
Histogram: 1 0 0 0 0 0 0 0 0 0
FullNghs:         2254 ave        2254 max        2254 min
Histogram: 1 0 0 0 0 0 0 0 0 0

Total # of neighbors = 2254
Ave neighs/atom = 35.21875
Neighbor list builds = 0
Dangerous builds = 0
next i
jump SELF loop_struct
clear
  using 1 OpenMP thread(s) per MPI task
log energies.log append
units metal
boundary p p p
atom_style atomic
read_data Si222_${i}.in
read_data Si222_101.in
Reading data file ...
  orthogonal box = (0 0 0) to (10.887404 10.887404 10.887404)
  1 by 1 by 1 MPI processor grid
  reading atoms ...
  64 atoms
  reading velocities ...
  64 velocities
  read_data CPU = 0.001 seconds
mass 1 28.085
pair_style sw
pair_coeff * * Si.sw Si
Reading sw potential file Si.sw with DATE: 2007-06-11
run 0
Neighbor list info ...
  update: every = 1 steps, delay = 0 steps, check = yes
  max neighbors/atom: 2000, page size: 100000
  master list distance cutoff = 5.77118
  ghost atom cutoff = 5.77118
  binsize = 2.88559, bins = 4 4 4
  1 neighbor lists, perpetual/occasional/extra = 1 0 0
  (1) pair sw, perpetual
      attributes: full, newton on
      pair build: full/bin/atomonly
      stencil: full/bin/3d
      bin: standard
Per MPI rank memory allocation (min/avg/max) = 3.073 | 3.073 | 3.073 Mbytes
   Step          Temp          E_pair         E_mol          TotEng         Press     
WARNING: Too many warnings: 101 vs 100. All future warnings will be suppressed (src/thermo.cpp:478)
         0   0             -253.29748      0             -253.29748      44358.247    
Loop time of 1.08e-06 on 1 procs for 0 steps with 64 atoms

0.0% CPU use with 1 MPI tasks x 1 OpenMP threads

MPI task timing breakdown:
Section |  min time  |  avg time  |  max time  |%varavg| %total
---------------------------------------------------------------
Pair    | 0          | 0          | 0          |   0.0 |  0.00
Neigh   | 0          | 0          | 0          |   0.0 |  0.00
Comm    | 0          | 0          | 0          |   0.0 |  0.00
Output  | 0          | 0          | 0          |   0.0 |  0.00
Modify  | 0          | 0          | 0          |   0.0 |  0.00
Other   |            | 1.08e-06   |            |       |100.00

Nlocal:             64 ave          64 max          64 min
Histogram: 1 0 0 0 0 0 0 0 0 0
Nghost:            557 ave         557 max         557 min
Histogram: 1 0 0 0 0 0 0 0 0 0
Neighs:              0 ave           0 max           0 min
Histogram: 1 0 0 0 0 0 0 0 0 0
FullNghs:         2270 ave        2270 max        2270 min
Histogram: 1 0 0 0 0 0 0 0 0 0

Total # of neighbors = 2270
Ave neighs/atom = 35.46875
Neighbor list builds = 0
Dangerous builds = 0
next i
jump SELF loop_struct
clear
  using 1 OpenMP thread(s) per MPI task
log energies.log append
units metal
boundary p p p
atom_style atomic
read_data Si222_${i}.in
read_data Si222_102.in
Reading data file ...
  orthogonal box = (0 0 0) to (10.887404 10.887404 10.887404)
  1 by 1 by 1 MPI processor grid
  reading atoms ...
  64 atoms
  reading velocities ...
  64 velocities
  read_data CPU = 0.001 seconds
mass 1 28.085
pair_style sw
pair_coeff * * Si.sw Si
Reading sw potential file Si.sw with DATE: 2007-06-11
run 0
Neighbor list info ...
  update: every = 1 steps, delay = 0 steps, check = yes
  max neighbors/atom: 2000, page size: 100000
  master list distance cutoff = 5.77118
  ghost atom cutoff = 5.77118
  binsize = 2.88559, bins = 4 4 4
  1 neighbor lists, perpetual/occasional/extra = 1 0 0
  (1) pair sw, perpetual
      attributes: full, newton on
      pair build: full/bin/atomonly
      stencil: full/bin/3d
      bin: standard
Per MPI rank memory allocation (min/avg/max) = 3.074 | 3.074 | 3.074 Mbytes
   Step          Temp          E_pair         E_mol          TotEng         Press     
WARNING: Too many warnings: 102 vs 100. All future warnings will be suppressed (src/thermo.cpp:478)
         0   0             -253.263        0             -253.263        50080.728    
Loop time of 1.06e-06 on 1 procs for 0 steps with 64 atoms

94.3% CPU use with 1 MPI tasks x 1 OpenMP threads

MPI task timing breakdown:
Section |  min time  |  avg time  |  max time  |%varavg| %total
---------------------------------------------------------------
Pair    | 0          | 0          | 0          |   0.0 |  0.00
Neigh   | 0          | 0          | 0          |   0.0 |  0.00
Comm    | 0          | 0          | 0          |   0.0 |  0.00
Output  | 0          | 0          | 0          |   0.0 |  0.00
Modify  | 0          | 0          | 0          |   0.0 |  0.00
Other   |            | 1.06e-06   |            |       |100.00

Nlocal:             64 ave          64 max          64 min
Histogram: 1 0 0 0 0 0 0 0 0 0
Nghost:            565 ave         565 max         565 min
Histogram: 1 0 0 0 0 0 0 0 0 0
Neighs:              0 ave           0 max           0 min
Histogram: 1 0 0 0 0 0 0 0 0 0
FullNghs:         2258 ave        2258 max        2258 min
Histogram: 1 0 0 0 0 0 0 0 0 0

Total # of neighbors = 2258
Ave neighs/atom = 35.28125
Neighbor list builds = 0
Dangerous builds = 0
next i
jump SELF loop_struct
clear
  using 1 OpenMP thread(s) per MPI task
log energies.log append
units metal
boundary p p p
atom_style atomic
read_data Si222_${i}.in
read_data Si222_103.in
Reading data file ...
  orthogonal box = (0 0 0) to (10.887404 10.887404 10.887404)
  1 by 1 by 1 MPI processor grid
  reading atoms ...
  64 atoms
  reading velocities ...
  64 velocities
  read_data CPU = 0.001 seconds
mass 1 28.085
pair_style sw
pair_coeff * * Si.sw Si
Reading sw potential file Si.sw with DATE: 2007-06-11
run 0
Neighbor list info ...
  update: every = 1 steps, delay = 0 steps, check = yes
  max neighbors/atom: 2000, page size: 100000
  master list distance cutoff = 5.77118
  ghost atom cutoff = 5.77118
  binsize = 2.88559, bins = 4 4 4
  1 neighbor lists, perpetual/occasional/extra = 1 0 0
  (1) pair sw, perpetual
      attributes: full, newton on
      pair build: full/bin/atomonly
      stencil: full/bin/3d
      bin: standard
Per MPI rank memory allocation (min/avg/max) = 3.072 | 3.072 | 3.072 Mbytes
   Step          Temp          E_pair         E_mol          TotEng         Press     
WARNING: Too many warnings: 103 vs 100. All future warnings will be suppressed (src/thermo.cpp:478)
         0   0             -275.82246      0             -275.82246     -5845.8153    
Loop time of 1.04e-06 on 1 procs for 0 steps with 64 atoms

0.0% CPU use with 1 MPI tasks x 1 OpenMP threads

MPI task timing breakdown:
Section |  min time  |  avg time  |  max time  |%varavg| %total
---------------------------------------------------------------
Pair    | 0          | 0          | 0          |   0.0 |  0.00
Neigh   | 0          | 0          | 0          |   0.0 |  0.00
Comm    | 0          | 0          | 0          |   0.0 |  0.00
Output  | 0          | 0          | 0          |   0.0 |  0.00
Modify  | 0          | 0          | 0          |   0.0 |  0.00
Other   |            | 1.04e-06   |            |       |100.00

Nlocal:             64 ave          64 max          64 min
Histogram: 1 0 0 0 0 0 0 0 0 0
Nghost:            557 ave         557 max         557 min
Histogram: 1 0 0 0 0 0 0 0 0 0
Neighs:              0 ave           0 max           0 min
Histogram: 1 0 0 0 0 0 0 0 0 0
FullNghs:         2182 ave        2182 max        2182 min
Histogram: 1 0 0 0 0 0 0 0 0 0

Total # of neighbors = 2182
Ave neighs/atom = 34.09375
Neighbor list builds = 0
Dangerous builds = 0
next i
jump SELF loop_struct
clear
  using 1 OpenMP thread(s) per MPI task
log energies.log append
units metal
boundary p p p
atom_style atomic
read_data Si222_${i}.in
read_data Si222_104.in
Reading data file ...
  orthogonal box = (0 0 0) to (10.887404 10.887404 10.887404)
  1 by 1 by 1 MPI processor grid
  reading atoms ...
  64 atoms
  reading velocities ...
  64 velocities
  read_data CPU = 0.001 seconds
mass 1 28.085
pair_style sw
pair_coeff * * Si.sw Si
Reading sw potential file Si.sw with DATE: 2007-06-11
run 0
Neighbor list info ...
  update: every = 1 steps, delay = 0 steps, check = yes
  max neighbors/atom: 2000, page size: 100000
  master list distance cutoff = 5.77118
  ghost atom cutoff = 5.77118
  binsize = 2.88559, bins = 4 4 4
  1 neighbor lists, perpetual/occasional/extra = 1 0 0
  (1) pair sw, perpetual
      attributes: full, newton on
      pair build: full/bin/atomonly
      stencil: full/bin/3d
      bin: standard
Per MPI rank memory allocation (min/avg/max) = 3.072 | 3.072 | 3.072 Mbytes
   Step          Temp          E_pair         E_mol          TotEng         Press     
WARNING: Too many warnings: 104 vs 100. All future warnings will be suppressed (src/thermo.cpp:478)
         0   0             -244.88805      0             -244.88805      42589.592    
Loop time of 1.05e-06 on 1 procs for 0 steps with 64 atoms

0.0% CPU use with 1 MPI tasks x 1 OpenMP threads

MPI task timing breakdown:
Section |  min time  |  avg time  |  max time  |%varavg| %total
---------------------------------------------------------------
Pair    | 0          | 0          | 0          |   0.0 |  0.00
Neigh   | 0          | 0          | 0          |   0.0 |  0.00
Comm    | 0          | 0          | 0          |   0.0 |  0.00
Output  | 0          | 0          | 0          |   0.0 |  0.00
Modify  | 0          | 0          | 0          |   0.0 |  0.00
Other   |            | 1.05e-06   |            |       |100.00

Nlocal:             64 ave          64 max          64 min
Histogram: 1 0 0 0 0 0 0 0 0 0
Nghost:            545 ave         545 max         545 min
Histogram: 1 0 0 0 0 0 0 0 0 0
Neighs:              0 ave           0 max           0 min
Histogram: 1 0 0 0 0 0 0 0 0 0
FullNghs:         2240 ave        2240 max        2240 min
Histogram: 1 0 0 0 0 0 0 0 0 0

Total # of neighbors = 2240
Ave neighs/atom = 35
Neighbor list builds = 0
Dangerous builds = 0
next i
jump SELF loop_struct
clear
  using 1 OpenMP thread(s) per MPI task
log energies.log append
units metal
boundary p p p
atom_style atomic
read_data Si222_${i}.in
read_data Si222_105.in
Reading data file ...
  orthogonal box = (0 0 0) to (10.887404 10.887404 10.887404)
  1 by 1 by 1 MPI processor grid
  reading atoms ...
  64 atoms
  reading velocities ...
  64 velocities
  read_data CPU = 0.001 seconds
mass 1 28.085
pair_style sw
pair_coeff * * Si.sw Si
Reading sw potential file Si.sw with DATE: 2007-06-11
run 0
Neighbor list info ...
  update: every = 1 steps, delay = 0 steps, check = yes
  max neighbors/atom: 2000, page size: 100000
  master list distance cutoff = 5.77118
  ghost atom cutoff = 5.77118
  binsize = 2.88559, bins = 4 4 4
  1 neighbor lists, perpetual/occasional/extra = 1 0 0
  (1) pair sw, perpetual
      attributes: full, newton on
      pair build: full/bin/atomonly
      stencil: full/bin/3d
      bin: standard
Per MPI rank memory allocation (min/avg/max) = 3.074 | 3.074 | 3.074 Mbytes
   Step          Temp          E_pair         E_mol          TotEng         Press     
WARNING: Too many warnings: 105 vs 100. All future warnings will be suppressed (src/thermo.cpp:478)
         0   0             -275.79923      0             -275.79923     -6078.3305    
Loop time of 1.07e-06 on 1 procs for 0 steps with 64 atoms

0.0% CPU use with 1 MPI tasks x 1 OpenMP threads

MPI task timing breakdown:
Section |  min time  |  avg time  |  max time  |%varavg| %total
---------------------------------------------------------------
Pair    | 0          | 0          | 0          |   0.0 |  0.00
Neigh   | 0          | 0          | 0          |   0.0 |  0.00
Comm    | 0          | 0          | 0          |   0.0 |  0.00
Output  | 0          | 0          | 0          |   0.0 |  0.00
Modify  | 0          | 0          | 0          |   0.0 |  0.00
Other   |            | 1.07e-06   |            |       |100.00

Nlocal:             64 ave          64 max          64 min
Histogram: 1 0 0 0 0 0 0 0 0 0
Nghost:            557 ave         557 max         557 min
Histogram: 1 0 0 0 0 0 0 0 0 0
Neighs:              0 ave           0 max           0 min
Histogram: 1 0 0 0 0 0 0 0 0 0
FullNghs:         2186 ave        2186 max        2186 min
Histogram: 1 0 0 0 0 0 0 0 0 0

Total # of neighbors = 2186
Ave neighs/atom = 34.15625
Neighbor list builds = 0
Dangerous builds = 0
next i
jump SELF loop_struct
clear
  using 1 OpenMP thread(s) per MPI task
log energies.log append
units metal
boundary p p p
atom_style atomic
read_data Si222_${i}.in
read_data Si222_106.in
Reading data file ...
  orthogonal box = (0 0 0) to (10.887404 10.887404 10.887404)
  1 by 1 by 1 MPI processor grid
  reading atoms ...
  64 atoms
  reading velocities ...
  64 velocities
  read_data CPU = 0.001 seconds
mass 1 28.085
pair_style sw
pair_coeff * * Si.sw Si
Reading sw potential file Si.sw with DATE: 2007-06-11
run 0
Neighbor list info ...
  update: every = 1 steps, delay = 0 steps, check = yes
  max neighbors/atom: 2000, page size: 100000
  master list distance cutoff = 5.77118
  ghost atom cutoff = 5.77118
  binsize = 2.88559, bins = 4 4 4
  1 neighbor lists, perpetual/occasional/extra = 1 0 0
  (1) pair sw, perpetual
      attributes: full, newton on
      pair build: full/bin/atomonly
      stencil: full/bin/3d
      bin: standard
Per MPI rank memory allocation (min/avg/max) = 3.074 | 3.074 | 3.074 Mbytes
   Step          Temp          E_pair         E_mol          TotEng         Press     
WARNING: Too many warnings: 106 vs 100. All future warnings will be suppressed (src/thermo.cpp:478)
         0   0             -254.18389      0             -254.18389      45204.471    
Loop time of 1.05e-06 on 1 procs for 0 steps with 64 atoms

95.2% CPU use with 1 MPI tasks x 1 OpenMP threads

MPI task timing breakdown:
Section |  min time  |  avg time  |  max time  |%varavg| %total
---------------------------------------------------------------
Pair    | 0          | 0          | 0          |   0.0 |  0.00
Neigh   | 0          | 0          | 0          |   0.0 |  0.00
Comm    | 0          | 0          | 0          |   0.0 |  0.00
Output  | 0          | 0          | 0          |   0.0 |  0.00
Modify  | 0          | 0          | 0          |   0.0 |  0.00
Other   |            | 1.05e-06   |            |       |100.00

Nlocal:             64 ave          64 max          64 min
Histogram: 1 0 0 0 0 0 0 0 0 0
Nghost:            565 ave         565 max         565 min
Histogram: 1 0 0 0 0 0 0 0 0 0
Neighs:              0 ave           0 max           0 min
Histogram: 1 0 0 0 0 0 0 0 0 0
FullNghs:         2250 ave        2250 max        2250 min
Histogram: 1 0 0 0 0 0 0 0 0 0

Total # of neighbors = 2250
Ave neighs/atom = 35.15625
Neighbor list builds = 0
Dangerous builds = 0
next i
jump SELF loop_struct
clear
  using 1 OpenMP thread(s) per MPI task
log energies.log append
units metal
boundary p p p
atom_style atomic
read_data Si222_${i}.in
read_data Si222_107.in
Reading data file ...
  orthogonal box = (0 0 0) to (10.887404 10.887404 10.887404)
  1 by 1 by 1 MPI processor grid
  reading atoms ...
  64 atoms
  reading velocities ...
  64 velocities
  read_data CPU = 0.001 seconds
mass 1 28.085
pair_style sw
pair_coeff * * Si.sw Si
Reading sw potential file Si.sw with DATE: 2007-06-11
run 0
Neighbor list info ...
  update: every = 1 steps, delay = 0 steps, check = yes
  max neighbors/atom: 2000, page size: 100000
  master list distance cutoff = 5.77118
  ghost atom cutoff = 5.77118
  binsize = 2.88559, bins = 4 4 4
  1 neighbor lists, perpetual/occasional/extra = 1 0 0
  (1) pair sw, perpetual
      attributes: full, newton on
      pair build: full/bin/atomonly
      stencil: full/bin/3d
      bin: standard
Per MPI rank memory allocation (min/avg/max) = 3.074 | 3.074 | 3.074 Mbytes
   Step          Temp          E_pair         E_mol          TotEng         Press     
WARNING: Too many warnings: 107 vs 100. All future warnings will be suppressed (src/thermo.cpp:478)
         0   0             -275.2394       0             -275.2394      -5394.1386    
Loop time of 1.04e-06 on 1 procs for 0 steps with 64 atoms

96.2% CPU use with 1 MPI tasks x 1 OpenMP threads

MPI task timing breakdown:
Section |  min time  |  avg time  |  max time  |%varavg| %total
---------------------------------------------------------------
Pair    | 0          | 0          | 0          |   0.0 |  0.00
Neigh   | 0          | 0          | 0          |   0.0 |  0.00
Comm    | 0          | 0          | 0          |   0.0 |  0.00
Output  | 0          | 0          | 0          |   0.0 |  0.00
Modify  | 0          | 0          | 0          |   0.0 |  0.00
Other   |            | 1.04e-06   |            |       |100.00

Nlocal:             64 ave          64 max          64 min
Histogram: 1 0 0 0 0 0 0 0 0 0
Nghost:            557 ave         557 max         557 min
Histogram: 1 0 0 0 0 0 0 0 0 0
Neighs:              0 ave           0 max           0 min
Histogram: 1 0 0 0 0 0 0 0 0 0
FullNghs:         2194 ave        2194 max        2194 min
Histogram: 1 0 0 0 0 0 0 0 0 0

Total # of neighbors = 2194
Ave neighs/atom = 34.28125
Neighbor list builds = 0
Dangerous builds = 0
next i
jump SELF loop_struct
clear
  using 1 OpenMP thread(s) per MPI task
log energies.log append
units metal
boundary p p p
atom_style atomic
read_data Si222_${i}.in
read_data Si222_108.in
Reading data file ...
  orthogonal box = (0 0 0) to (10.887404 10.887404 10.887404)
  1 by 1 by 1 MPI processor grid
  reading atoms ...
  64 atoms
  reading velocities ...
  64 velocities
  read_data CPU = 0.001 seconds
mass 1 28.085
pair_style sw
pair_coeff * * Si.sw Si
Reading sw potential file Si.sw with DATE: 2007-06-11
run 0
Neighbor list info ...
  update: every = 1 steps, delay = 0 steps, check = yes
  max neighbors/atom: 2000, page size: 100000
  master list distance cutoff = 5.77118
  ghost atom cutoff = 5.77118
  binsize = 2.88559, bins = 4 4 4
  1 neighbor lists, perpetual/occasional/extra = 1 0 0
  (1) pair sw, perpetual
      attributes: full, newton on
      pair build: full/bin/atomonly
      stencil: full/bin/3d
      bin: standard
Per MPI rank memory allocation (min/avg/max) = 3.073 | 3.073 | 3.073 Mbytes
   Step          Temp          E_pair         E_mol          TotEng         Press     
WARNING: Too many warnings: 108 vs 100. All future warnings will be suppressed (src/thermo.cpp:478)
         0   0             -275.87066      0             -275.87066     -6097.825     
Loop time of 1.06e-06 on 1 procs for 0 steps with 64 atoms

0.0% CPU use with 1 MPI tasks x 1 OpenMP threads

MPI task timing breakdown:
Section |  min time  |  avg time  |  max time  |%varavg| %total
---------------------------------------------------------------
Pair    | 0          | 0          | 0          |   0.0 |  0.00
Neigh   | 0          | 0          | 0          |   0.0 |  0.00
Comm    | 0          | 0          | 0          |   0.0 |  0.00
Output  | 0          | 0          | 0          |   0.0 |  0.00
Modify  | 0          | 0          | 0          |   0.0 |  0.00
Other   |            | 1.06e-06   |            |       |100.00

Nlocal:             64 ave          64 max          64 min
Histogram: 1 0 0 0 0 0 0 0 0 0
Nghost:            557 ave         557 max         557 min
Histogram: 1 0 0 0 0 0 0 0 0 0
Neighs:              0 ave           0 max           0 min
Histogram: 1 0 0 0 0 0 0 0 0 0
FullNghs:         2178 ave        2178 max        2178 min
Histogram: 1 0 0 0 0 0 0 0 0 0

Total # of neighbors = 2178
Ave neighs/atom = 34.03125
Neighbor list builds = 0
Dangerous builds = 0
next i
jump SELF loop_struct
clear
  using 1 OpenMP thread(s) per MPI task
log energies.log append
units metal
boundary p p p
atom_style atomic
read_data Si222_${i}.in
read_data Si222_109.in
Reading data file ...
  orthogonal box = (0 0 0) to (10.887404 10.887404 10.887404)
  1 by 1 by 1 MPI processor grid
  reading atoms ...
  64 atoms
  reading velocities ...
  64 velocities
  read_data CPU = 0.001 seconds
mass 1 28.085
pair_style sw
pair_coeff * * Si.sw Si
Reading sw potential file Si.sw with DATE: 2007-06-11
run 0
Neighbor list info ...
  update: every = 1 steps, delay = 0 steps, check = yes
  max neighbors/atom: 2000, page size: 100000
  master list distance cutoff = 5.77118
  ghost atom cutoff = 5.77118
  binsize = 2.88559, bins = 4 4 4
  1 neighbor lists, perpetual/occasional/extra = 1 0 0
  (1) pair sw, perpetual
      attributes: full, newton on
      pair build: full/bin/atomonly
      stencil: full/bin/3d
      bin: standard
Per MPI rank memory allocation (min/avg/max) = 3.064 | 3.064 | 3.064 Mbytes
   Step          Temp          E_pair         E_mol          TotEng         Press     
WARNING: Too many warnings: 109 vs 100. All future warnings will be suppressed (src/thermo.cpp:478)
         0   0             -275.67955      0             -275.67955     -5838.9108    
Loop time of 1.04e-06 on 1 procs for 0 steps with 64 atoms

96.2% CPU use with 1 MPI tasks x 1 OpenMP threads

MPI task timing breakdown:
Section |  min time  |  avg time  |  max time  |%varavg| %total
---------------------------------------------------------------
Pair    | 0          | 0          | 0          |   0.0 |  0.00
Neigh   | 0          | 0          | 0          |   0.0 |  0.00
Comm    | 0          | 0          | 0          |   0.0 |  0.00
Output  | 0          | 0          | 0          |   0.0 |  0.00
Modify  | 0          | 0          | 0          |   0.0 |  0.00
Other   |            | 1.04e-06   |            |       |100.00

Nlocal:             64 ave          64 max          64 min
Histogram: 1 0 0 0 0 0 0 0 0 0
Nghost:            557 ave         557 max         557 min
Histogram: 1 0 0 0 0 0 0 0 0 0
Neighs:              0 ave           0 max           0 min
Histogram: 1 0 0 0 0 0 0 0 0 0
FullNghs:         2176 ave        2176 max        2176 min
Histogram: 1 0 0 0 0 0 0 0 0 0

Total # of neighbors = 2176
Ave neighs/atom = 34
Neighbor list builds = 0
Dangerous builds = 0
next i
jump SELF loop_struct
clear
  using 1 OpenMP thread(s) per MPI task
log energies.log append
units metal
boundary p p p
atom_style atomic
read_data Si222_${i}.in
read_data Si222_110.in
Reading data file ...
  orthogonal box = (0 0 0) to (10.887404 10.887404 10.887404)
  1 by 1 by 1 MPI processor grid
  reading atoms ...
  64 atoms
  reading velocities ...
  64 velocities
  read_data CPU = 0.001 seconds
mass 1 28.085
pair_style sw
pair_coeff * * Si.sw Si
Reading sw potential file Si.sw with DATE: 2007-06-11
run 0
Neighbor list info ...
  update: every = 1 steps, delay = 0 steps, check = yes
  max neighbors/atom: 2000, page size: 100000
  master list distance cutoff = 5.77118
  ghost atom cutoff = 5.77118
  binsize = 2.88559, bins = 4 4 4
  1 neighbor lists, perpetual/occasional/extra = 1 0 0
  (1) pair sw, perpetual
      attributes: full, newton on
      pair build: full/bin/atomonly
      stencil: full/bin/3d
      bin: standard
Per MPI rank memory allocation (min/avg/max) = 3.072 | 3.072 | 3.072 Mbytes
   Step          Temp          E_pair         E_mol          TotEng         Press     
WARNING: Too many warnings: 110 vs 100. All future warnings will be suppressed (src/thermo.cpp:478)
         0   0             -275.71293      0             -275.71293     -5618.6683    
Loop time of 1.06e-06 on 1 procs for 0 steps with 64 atoms

0.0% CPU use with 1 MPI tasks x 1 OpenMP threads

MPI task timing breakdown:
Section |  min time  |  avg time  |  max time  |%varavg| %total
---------------------------------------------------------------
Pair    | 0          | 0          | 0          |   0.0 |  0.00
Neigh   | 0          | 0          | 0          |   0.0 |  0.00
Comm    | 0          | 0          | 0          |   0.0 |  0.00
Output  | 0          | 0          | 0          |   0.0 |  0.00
Modify  | 0          | 0          | 0          |   0.0 |  0.00
Other   |            | 1.06e-06   |            |       |100.00

Nlocal:             64 ave          64 max          64 min
Histogram: 1 0 0 0 0 0 0 0 0 0
Nghost:            557 ave         557 max         557 min
Histogram: 1 0 0 0 0 0 0 0 0 0
Neighs:              0 ave           0 max           0 min
Histogram: 1 0 0 0 0 0 0 0 0 0
FullNghs:         2176 ave        2176 max        2176 min
Histogram: 1 0 0 0 0 0 0 0 0 0

Total # of neighbors = 2176
Ave neighs/atom = 34
Neighbor list builds = 0
Dangerous builds = 0
next i
jump SELF loop_struct
clear
  using 1 OpenMP thread(s) per MPI task
log energies.log append
units metal
boundary p p p
atom_style atomic
read_data Si222_${i}.in
read_data Si222_111.in
Reading data file ...
  orthogonal box = (0 0 0) to (10.887404 10.887404 10.887404)
  1 by 1 by 1 MPI processor grid
  reading atoms ...
  64 atoms
  reading velocities ...
  64 velocities
  read_data CPU = 0.001 seconds
mass 1 28.085
pair_style sw
pair_coeff * * Si.sw Si
Reading sw potential file Si.sw with DATE: 2007-06-11
run 0
Neighbor list info ...
  update: every = 1 steps, delay = 0 steps, check = yes
  max neighbors/atom: 2000, page size: 100000
  master list distance cutoff = 5.77118
  ghost atom cutoff = 5.77118
  binsize = 2.88559, bins = 4 4 4
  1 neighbor lists, perpetual/occasional/extra = 1 0 0
  (1) pair sw, perpetual
      attributes: full, newton on
      pair build: full/bin/atomonly
      stencil: full/bin/3d
      bin: standard
Per MPI rank memory allocation (min/avg/max) = 3.072 | 3.072 | 3.072 Mbytes
   Step          Temp          E_pair         E_mol          TotEng         Press     
WARNING: Too many warnings: 111 vs 100. All future warnings will be suppressed (src/thermo.cpp:478)
         0   0             -253.32059      0             -253.32059      42161.923    
Loop time of 1.07e-06 on 1 procs for 0 steps with 64 atoms

93.5% CPU use with 1 MPI tasks x 1 OpenMP threads

MPI task timing breakdown:
Section |  min time  |  avg time  |  max time  |%varavg| %total
---------------------------------------------------------------
Pair    | 0          | 0          | 0          |   0.0 |  0.00
Neigh   | 0          | 0          | 0          |   0.0 |  0.00
Comm    | 0          | 0          | 0          |   0.0 |  0.00
Output  | 0          | 0          | 0          |   0.0 |  0.00
Modify  | 0          | 0          | 0          |   0.0 |  0.00
Other   |            | 1.07e-06   |            |       |100.00

Nlocal:             64 ave          64 max          64 min
Histogram: 1 0 0 0 0 0 0 0 0 0
Nghost:            553 ave         553 max         553 min
Histogram: 1 0 0 0 0 0 0 0 0 0
Neighs:              0 ave           0 max           0 min
Histogram: 1 0 0 0 0 0 0 0 0 0
FullNghs:         2278 ave        2278 max        2278 min
Histogram: 1 0 0 0 0 0 0 0 0 0

Total # of neighbors = 2278
Ave neighs/atom = 35.59375
Neighbor list builds = 0
Dangerous builds = 0
next i
jump SELF loop_struct
clear
  using 1 OpenMP thread(s) per MPI task
log energies.log append
units metal
boundary p p p
atom_style atomic
read_data Si222_${i}.in
read_data Si222_112.in
Reading data file ...
  orthogonal box = (0 0 0) to (10.887404 10.887404 10.887404)
  1 by 1 by 1 MPI processor grid
  reading atoms ...
  64 atoms
  reading velocities ...
  64 velocities
  read_data CPU = 0.001 seconds
mass 1 28.085
pair_style sw
pair_coeff * * Si.sw Si
Reading sw potential file Si.sw with DATE: 2007-06-11
run 0
Neighbor list info ...
  update: every = 1 steps, delay = 0 steps, check = yes
  max neighbors/atom: 2000, page size: 100000
  master list distance cutoff = 5.77118
  ghost atom cutoff = 5.77118
  binsize = 2.88559, bins = 4 4 4
  1 neighbor lists, perpetual/occasional/extra = 1 0 0
  (1) pair sw, perpetual
      attributes: full, newton on
      pair build: full/bin/atomonly
      stencil: full/bin/3d
      bin: standard
Per MPI rank memory allocation (min/avg/max) = 3.063 | 3.063 | 3.063 Mbytes
   Step          Temp          E_pair         E_mol          TotEng         Press     
WARNING: Too many warnings: 112 vs 100. All future warnings will be suppressed (src/thermo.cpp:478)
         0   0             -239.64858      0             -239.64858      53120.876    
Loop time of 1.11e-06 on 1 procs for 0 steps with 64 atoms

90.1% CPU use with 1 MPI tasks x 1 OpenMP threads

MPI task timing breakdown:
Section |  min time  |  avg time  |  max time  |%varavg| %total
---------------------------------------------------------------
Pair    | 0          | 0          | 0          |   0.0 |  0.00
Neigh   | 0          | 0          | 0          |   0.0 |  0.00
Comm    | 0          | 0          | 0          |   0.0 |  0.00
Output  | 0          | 0          | 0          |   0.0 |  0.00
Modify  | 0          | 0          | 0          |   0.0 |  0.00
Other   |            | 1.11e-06   |            |       |100.00

Nlocal:             64 ave          64 max          64 min
Histogram: 1 0 0 0 0 0 0 0 0 0
Nghost:            481 ave         481 max         481 min
Histogram: 1 0 0 0 0 0 0 0 0 0
Neighs:              0 ave           0 max           0 min
Histogram: 1 0 0 0 0 0 0 0 0 0
FullNghs:         2276 ave        2276 max        2276 min
Histogram: 1 0 0 0 0 0 0 0 0 0

Total # of neighbors = 2276
Ave neighs/atom = 35.5625
Neighbor list builds = 0
Dangerous builds = 0
next i
jump SELF loop_struct
clear
  using 1 OpenMP thread(s) per MPI task
log energies.log append
units metal
boundary p p p
atom_style atomic
read_data Si222_${i}.in
read_data Si222_113.in
Reading data file ...
  orthogonal box = (0 0 0) to (10.887404 10.887404 10.887404)
  1 by 1 by 1 MPI processor grid
  reading atoms ...
  64 atoms
  reading velocities ...
  64 velocities
  read_data CPU = 0.001 seconds
mass 1 28.085
pair_style sw
pair_coeff * * Si.sw Si
Reading sw potential file Si.sw with DATE: 2007-06-11
run 0
Neighbor list info ...
  update: every = 1 steps, delay = 0 steps, check = yes
  max neighbors/atom: 2000, page size: 100000
  master list distance cutoff = 5.77118
  ghost atom cutoff = 5.77118
  binsize = 2.88559, bins = 4 4 4
  1 neighbor lists, perpetual/occasional/extra = 1 0 0
  (1) pair sw, perpetual
      attributes: full, newton on
      pair build: full/bin/atomonly
      stencil: full/bin/3d
      bin: standard
Per MPI rank memory allocation (min/avg/max) = 3.072 | 3.072 | 3.072 Mbytes
   Step          Temp          E_pair         E_mol          TotEng         Press     
WARNING: Too many warnings: 113 vs 100. All future warnings will be suppressed (src/thermo.cpp:478)
         0   0             -275.65584      0             -275.65584     -5930.571     
Loop time of 1.03e-06 on 1 procs for 0 steps with 64 atoms

0.0% CPU use with 1 MPI tasks x 1 OpenMP threads

MPI task timing breakdown:
Section |  min time  |  avg time  |  max time  |%varavg| %total
---------------------------------------------------------------
Pair    | 0          | 0          | 0          |   0.0 |  0.00
Neigh   | 0          | 0          | 0          |   0.0 |  0.00
Comm    | 0          | 0          | 0          |   0.0 |  0.00
Output  | 0          | 0          | 0          |   0.0 |  0.00
Modify  | 0          | 0          | 0          |   0.0 |  0.00
Other   |            | 1.03e-06   |            |       |100.00

Nlocal:             64 ave          64 max          64 min
Histogram: 1 0 0 0 0 0 0 0 0 0
Nghost:            557 ave         557 max         557 min
Histogram: 1 0 0 0 0 0 0 0 0 0
Neighs:              0 ave           0 max           0 min
Histogram: 1 0 0 0 0 0 0 0 0 0
FullNghs:         2180 ave        2180 max        2180 min
Histogram: 1 0 0 0 0 0 0 0 0 0

Total # of neighbors = 2180
Ave neighs/atom = 34.0625
Neighbor list builds = 0
Dangerous builds = 0
next i
jump SELF loop_struct
clear
  using 1 OpenMP thread(s) per MPI task
log energies.log append
units metal
boundary p p p
atom_style atomic
read_data Si222_${i}.in
read_data Si222_114.in
Reading data file ...
  orthogonal box = (0 0 0) to (10.887404 10.887404 10.887404)
  1 by 1 by 1 MPI processor grid
  reading atoms ...
  64 atoms
  reading velocities ...
  64 velocities
  read_data CPU = 0.001 seconds
mass 1 28.085
pair_style sw
pair_coeff * * Si.sw Si
Reading sw potential file Si.sw with DATE: 2007-06-11
run 0
Neighbor list info ...
  update: every = 1 steps, delay = 0 steps, check = yes
  max neighbors/atom: 2000, page size: 100000
  master list distance cutoff = 5.77118
  ghost atom cutoff = 5.77118
  binsize = 2.88559, bins = 4 4 4
  1 neighbor lists, perpetual/occasional/extra = 1 0 0
  (1) pair sw, perpetual
      attributes: full, newton on
      pair build: full/bin/atomonly
      stencil: full/bin/3d
      bin: standard
Per MPI rank memory allocation (min/avg/max) = 3.064 | 3.064 | 3.064 Mbytes
   Step          Temp          E_pair         E_mol          TotEng         Press     
WARNING: Too many warnings: 114 vs 100. All future warnings will be suppressed (src/thermo.cpp:478)
         0   0             -276.02239      0             -276.02239     -5908.7889    
Loop time of 1.05e-06 on 1 procs for 0 steps with 64 atoms

0.0% CPU use with 1 MPI tasks x 1 OpenMP threads

MPI task timing breakdown:
Section |  min time  |  avg time  |  max time  |%varavg| %total
---------------------------------------------------------------
Pair    | 0          | 0          | 0          |   0.0 |  0.00
Neigh   | 0          | 0          | 0          |   0.0 |  0.00
Comm    | 0          | 0          | 0          |   0.0 |  0.00
Output  | 0          | 0          | 0          |   0.0 |  0.00
Modify  | 0          | 0          | 0          |   0.0 |  0.00
Other   |            | 1.05e-06   |            |       |100.00

Nlocal:             64 ave          64 max          64 min
Histogram: 1 0 0 0 0 0 0 0 0 0
Nghost:            557 ave         557 max         557 min
Histogram: 1 0 0 0 0 0 0 0 0 0
Neighs:              0 ave           0 max           0 min
Histogram: 1 0 0 0 0 0 0 0 0 0
FullNghs:         2176 ave        2176 max        2176 min
Histogram: 1 0 0 0 0 0 0 0 0 0

Total # of neighbors = 2176
Ave neighs/atom = 34
Neighbor list builds = 0
Dangerous builds = 0
next i
jump SELF loop_struct
clear
  using 1 OpenMP thread(s) per MPI task
log energies.log append
units metal
boundary p p p
atom_style atomic
read_data Si222_${i}.in
read_data Si222_115.in
Reading data file ...
  orthogonal box = (0 0 0) to (10.887404 10.887404 10.887404)
  1 by 1 by 1 MPI processor grid
  reading atoms ...
  64 atoms
  reading velocities ...
  64 velocities
  read_data CPU = 0.001 seconds
mass 1 28.085
pair_style sw
pair_coeff * * Si.sw Si
Reading sw potential file Si.sw with DATE: 2007-06-11
run 0
Neighbor list info ...
  update: every = 1 steps, delay = 0 steps, check = yes
  max neighbors/atom: 2000, page size: 100000
  master list distance cutoff = 5.77118
  ghost atom cutoff = 5.77118
  binsize = 2.88559, bins = 4 4 4
  1 neighbor lists, perpetual/occasional/extra = 1 0 0
  (1) pair sw, perpetual
      attributes: full, newton on
      pair build: full/bin/atomonly
      stencil: full/bin/3d
      bin: standard
Per MPI rank memory allocation (min/avg/max) = 3.072 | 3.072 | 3.072 Mbytes
   Step          Temp          E_pair         E_mol          TotEng         Press     
WARNING: Too many warnings: 115 vs 100. All future warnings will be suppressed (src/thermo.cpp:478)
         0   0             -275.55804      0             -275.55804     -5514.3284    
Loop time of 1.04e-06 on 1 procs for 0 steps with 64 atoms

96.2% CPU use with 1 MPI tasks x 1 OpenMP threads

MPI task timing breakdown:
Section |  min time  |  avg time  |  max time  |%varavg| %total
---------------------------------------------------------------
Pair    | 0          | 0          | 0          |   0.0 |  0.00
Neigh   | 0          | 0          | 0          |   0.0 |  0.00
Comm    | 0          | 0          | 0          |   0.0 |  0.00
Output  | 0          | 0          | 0          |   0.0 |  0.00
Modify  | 0          | 0          | 0          |   0.0 |  0.00
Other   |            | 1.04e-06   |            |       |100.00

Nlocal:             64 ave          64 max          64 min
Histogram: 1 0 0 0 0 0 0 0 0 0
Nghost:            557 ave         557 max         557 min
Histogram: 1 0 0 0 0 0 0 0 0 0
Neighs:              0 ave           0 max           0 min
Histogram: 1 0 0 0 0 0 0 0 0 0
FullNghs:         2178 ave        2178 max        2178 min
Histogram: 1 0 0 0 0 0 0 0 0 0

Total # of neighbors = 2178
Ave neighs/atom = 34.03125
Neighbor list builds = 0
Dangerous builds = 0
next i
jump SELF loop_struct
clear
  using 1 OpenMP thread(s) per MPI task
log energies.log append
units metal
boundary p p p
atom_style atomic
read_data Si222_${i}.in
read_data Si222_116.in
Reading data file ...
  orthogonal box = (0 0 0) to (10.887404 10.887404 10.887404)
  1 by 1 by 1 MPI processor grid
  reading atoms ...
  64 atoms
  reading velocities ...
  64 velocities
  read_data CPU = 0.001 seconds
mass 1 28.085
pair_style sw
pair_coeff * * Si.sw Si
Reading sw potential file Si.sw with DATE: 2007-06-11
run 0
Neighbor list info ...
  update: every = 1 steps, delay = 0 steps, check = yes
  max neighbors/atom: 2000, page size: 100000
  master list distance cutoff = 5.77118
  ghost atom cutoff = 5.77118
  binsize = 2.88559, bins = 4 4 4
  1 neighbor lists, perpetual/occasional/extra = 1 0 0
  (1) pair sw, perpetual
      attributes: full, newton on
      pair build: full/bin/atomonly
      stencil: full/bin/3d
      bin: standard
Per MPI rank memory allocation (min/avg/max) = 3.072 | 3.072 | 3.072 Mbytes
   Step          Temp          E_pair         E_mol          TotEng         Press     
WARNING: Too many warnings: 116 vs 100. All future warnings will be suppressed (src/thermo.cpp:478)
         0   0             -254.81582      0             -254.81582      43940.238    
Loop time of 1.07e-06 on 1 procs for 0 steps with 64 atoms

0.0% CPU use with 1 MPI tasks x 1 OpenMP threads

MPI task timing breakdown:
Section |  min time  |  avg time  |  max time  |%varavg| %total
---------------------------------------------------------------
Pair    | 0          | 0          | 0          |   0.0 |  0.00
Neigh   | 0          | 0          | 0          |   0.0 |  0.00
Comm    | 0          | 0          | 0          |   0.0 |  0.00
Output  | 0          | 0          | 0          |   0.0 |  0.00
Modify  | 0          | 0          | 0          |   0.0 |  0.00
Other   |            | 1.07e-06   |            |       |100.00

Nlocal:             64 ave          64 max          64 min
Histogram: 1 0 0 0 0 0 0 0 0 0
Nghost:            557 ave         557 max         557 min
Histogram: 1 0 0 0 0 0 0 0 0 0
Neighs:              0 ave           0 max           0 min
Histogram: 1 0 0 0 0 0 0 0 0 0
FullNghs:         2264 ave        2264 max        2264 min
Histogram: 1 0 0 0 0 0 0 0 0 0

Total # of neighbors = 2264
Ave neighs/atom = 35.375
Neighbor list builds = 0
Dangerous builds = 0
next i
jump SELF loop_struct
clear
  using 1 OpenMP thread(s) per MPI task
log energies.log append
units metal
boundary p p p
atom_style atomic
read_data Si222_${i}.in
read_data Si222_117.in
Reading data file ...
  orthogonal box = (0 0 0) to (10.887404 10.887404 10.887404)
  1 by 1 by 1 MPI processor grid
  reading atoms ...
  64 atoms
  reading velocities ...
  64 velocities
  read_data CPU = 0.001 seconds
mass 1 28.085
pair_style sw
pair_coeff * * Si.sw Si
Reading sw potential file Si.sw with DATE: 2007-06-11
run 0
Neighbor list info ...
  update: every = 1 steps, delay = 0 steps, check = yes
  max neighbors/atom: 2000, page size: 100000
  master list distance cutoff = 5.77118
  ghost atom cutoff = 5.77118
  binsize = 2.88559, bins = 4 4 4
  1 neighbor lists, perpetual/occasional/extra = 1 0 0
  (1) pair sw, perpetual
      attributes: full, newton on
      pair build: full/bin/atomonly
      stencil: full/bin/3d
      bin: standard
Per MPI rank memory allocation (min/avg/max) = 3.064 | 3.064 | 3.064 Mbytes
   Step          Temp          E_pair         E_mol          TotEng         Press     
WARNING: Too many warnings: 117 vs 100. All future warnings will be suppressed (src/thermo.cpp:478)
         0   0             -253.35796      0             -253.35796      41711.967    
Loop time of 1.13e-06 on 1 procs for 0 steps with 64 atoms

0.0% CPU use with 1 MPI tasks x 1 OpenMP threads

MPI task timing breakdown:
Section |  min time  |  avg time  |  max time  |%varavg| %total
---------------------------------------------------------------
Pair    | 0          | 0          | 0          |   0.0 |  0.00
Neigh   | 0          | 0          | 0          |   0.0 |  0.00
Comm    | 0          | 0          | 0          |   0.0 |  0.00
Output  | 0          | 0          | 0          |   0.0 |  0.00
Modify  | 0          | 0          | 0          |   0.0 |  0.00
Other   |            | 1.13e-06   |            |       |100.00

Nlocal:             64 ave          64 max          64 min
Histogram: 1 0 0 0 0 0 0 0 0 0
Nghost:            549 ave         549 max         549 min
Histogram: 1 0 0 0 0 0 0 0 0 0
Neighs:              0 ave           0 max           0 min
Histogram: 1 0 0 0 0 0 0 0 0 0
FullNghs:         2258 ave        2258 max        2258 min
Histogram: 1 0 0 0 0 0 0 0 0 0

Total # of neighbors = 2258
Ave neighs/atom = 35.28125
Neighbor list builds = 0
Dangerous builds = 0
next i
jump SELF loop_struct
clear
  using 1 OpenMP thread(s) per MPI task
log energies.log append
units metal
boundary p p p
atom_style atomic
read_data Si222_${i}.in
read_data Si222_118.in
Reading data file ...
  orthogonal box = (0 0 0) to (10.887404 10.887404 10.887404)
  1 by 1 by 1 MPI processor grid
  reading atoms ...
  64 atoms
  reading velocities ...
  64 velocities
  read_data CPU = 0.001 seconds
mass 1 28.085
pair_style sw
pair_coeff * * Si.sw Si
Reading sw potential file Si.sw with DATE: 2007-06-11
run 0
Neighbor list info ...
  update: every = 1 steps, delay = 0 steps, check = yes
  max neighbors/atom: 2000, page size: 100000
  master list distance cutoff = 5.77118
  ghost atom cutoff = 5.77118
  binsize = 2.88559, bins = 4 4 4
  1 neighbor lists, perpetual/occasional/extra = 1 0 0
  (1) pair sw, perpetual
      attributes: full, newton on
      pair build: full/bin/atomonly
      stencil: full/bin/3d
      bin: standard
Per MPI rank memory allocation (min/avg/max) = 3.063 | 3.063 | 3.063 Mbytes
   Step          Temp          E_pair         E_mol          TotEng         Press     
WARNING: Too many warnings: 118 vs 100. All future warnings will be suppressed (src/thermo.cpp:478)
         0   0             -209.6549       0             -209.6549       131261.96    
Loop time of 1.03e-06 on 1 procs for 0 steps with 64 atoms

0.0% CPU use with 1 MPI tasks x 1 OpenMP threads

MPI task timing breakdown:
Section |  min time  |  avg time  |  max time  |%varavg| %total
---------------------------------------------------------------
Pair    | 0          | 0          | 0          |   0.0 |  0.00
Neigh   | 0          | 0          | 0          |   0.0 |  0.00
Comm    | 0          | 0          | 0          |   0.0 |  0.00
Output  | 0          | 0          | 0          |   0.0 |  0.00
Modify  | 0          | 0          | 0          |   0.0 |  0.00
Other   |            | 1.03e-06   |            |       |100.00

Nlocal:             64 ave          64 max          64 min
Histogram: 1 0 0 0 0 0 0 0 0 0
Nghost:            513 ave         513 max         513 min
Histogram: 1 0 0 0 0 0 0 0 0 0
Neighs:              0 ave           0 max           0 min
Histogram: 1 0 0 0 0 0 0 0 0 0
FullNghs:         2356 ave        2356 max        2356 min
Histogram: 1 0 0 0 0 0 0 0 0 0

Total # of neighbors = 2356
Ave neighs/atom = 36.8125
Neighbor list builds = 0
Dangerous builds = 0
next i
jump SELF loop_struct
clear
  using 1 OpenMP thread(s) per MPI task
log energies.log append
units metal
boundary p p p
atom_style atomic
read_data Si222_${i}.in
read_data Si222_119.in
Reading data file ...
  orthogonal box = (0 0 0) to (10.887404 10.887404 10.887404)
  1 by 1 by 1 MPI processor grid
  reading atoms ...
  64 atoms
  reading velocities ...
  64 velocities
  read_data CPU = 0.001 seconds
mass 1 28.085
pair_style sw
pair_coeff * * Si.sw Si
Reading sw potential file Si.sw with DATE: 2007-06-11
run 0
Neighbor list info ...
  update: every = 1 steps, delay = 0 steps, check = yes
  max neighbors/atom: 2000, page size: 100000
  master list distance cutoff = 5.77118
  ghost atom cutoff = 5.77118
  binsize = 2.88559, bins = 4 4 4
  1 neighbor lists, perpetual/occasional/extra = 1 0 0
  (1) pair sw, perpetual
      attributes: full, newton on
      pair build: full/bin/atomonly
      stencil: full/bin/3d
      bin: standard
Per MPI rank memory allocation (min/avg/max) = 3.074 | 3.074 | 3.074 Mbytes
   Step          Temp          E_pair         E_mol          TotEng         Press     
WARNING: Too many warnings: 119 vs 100. All future warnings will be suppressed (src/thermo.cpp:478)
         0   0             -254.90529      0             -254.90529      45597.93     
Loop time of 1.05e-06 on 1 procs for 0 steps with 64 atoms

95.2% CPU use with 1 MPI tasks x 1 OpenMP threads

MPI task timing breakdown:
Section |  min time  |  avg time  |  max time  |%varavg| %total
---------------------------------------------------------------
Pair    | 0          | 0          | 0          |   0.0 |  0.00
Neigh   | 0          | 0          | 0          |   0.0 |  0.00
Comm    | 0          | 0          | 0          |   0.0 |  0.00
Output  | 0          | 0          | 0          |   0.0 |  0.00
Modify  | 0          | 0          | 0          |   0.0 |  0.00
Other   |            | 1.05e-06   |            |       |100.00

Nlocal:             64 ave          64 max          64 min
Histogram: 1 0 0 0 0 0 0 0 0 0
Nghost:            565 ave         565 max         565 min
Histogram: 1 0 0 0 0 0 0 0 0 0
Neighs:              0 ave           0 max           0 min
Histogram: 1 0 0 0 0 0 0 0 0 0
FullNghs:         2246 ave        2246 max        2246 min
Histogram: 1 0 0 0 0 0 0 0 0 0

Total # of neighbors = 2246
Ave neighs/atom = 35.09375
Neighbor list builds = 0
Dangerous builds = 0
next i
jump SELF loop_struct
clear
  using 1 OpenMP thread(s) per MPI task
log energies.log append
units metal
boundary p p p
atom_style atomic
read_data Si222_${i}.in
read_data Si222_120.in
Reading data file ...
  orthogonal box = (0 0 0) to (10.887404 10.887404 10.887404)
  1 by 1 by 1 MPI processor grid
  reading atoms ...
  64 atoms
  reading velocities ...
  64 velocities
  read_data CPU = 0.001 seconds
mass 1 28.085
pair_style sw
pair_coeff * * Si.sw Si
Reading sw potential file Si.sw with DATE: 2007-06-11
run 0
Neighbor list info ...
  update: every = 1 steps, delay = 0 steps, check = yes
  max neighbors/atom: 2000, page size: 100000
  master list distance cutoff = 5.77118
  ghost atom cutoff = 5.77118
  binsize = 2.88559, bins = 4 4 4
  1 neighbor lists, perpetual/occasional/extra = 1 0 0
  (1) pair sw, perpetual
      attributes: full, newton on
      pair build: full/bin/atomonly
      stencil: full/bin/3d
      bin: standard
Per MPI rank memory allocation (min/avg/max) = 3.073 | 3.073 | 3.073 Mbytes
   Step          Temp          E_pair         E_mol          TotEng         Press     
WARNING: Too many warnings: 120 vs 100. All future warnings will be suppressed (src/thermo.cpp:478)
         0   0             -275.50001      0             -275.50001     -5767.945     
Loop time of 1.06e-06 on 1 procs for 0 steps with 64 atoms

94.3% CPU use with 1 MPI tasks x 1 OpenMP threads

MPI task timing breakdown:
Section |  min time  |  avg time  |  max time  |%varavg| %total
---------------------------------------------------------------
Pair    | 0          | 0          | 0          |   0.0 |  0.00
Neigh   | 0          | 0          | 0          |   0.0 |  0.00
Comm    | 0          | 0          | 0          |   0.0 |  0.00
Output  | 0          | 0          | 0          |   0.0 |  0.00
Modify  | 0          | 0          | 0          |   0.0 |  0.00
Other   |            | 1.06e-06   |            |       |100.00

Nlocal:             64 ave          64 max          64 min
Histogram: 1 0 0 0 0 0 0 0 0 0
Nghost:            557 ave         557 max         557 min
Histogram: 1 0 0 0 0 0 0 0 0 0
Neighs:              0 ave           0 max           0 min
Histogram: 1 0 0 0 0 0 0 0 0 0
FullNghs:         2190 ave        2190 max        2190 min
Histogram: 1 0 0 0 0 0 0 0 0 0

Total # of neighbors = 2190
Ave neighs/atom = 34.21875
Neighbor list builds = 0
Dangerous builds = 0
next i
jump SELF loop_struct
clear
  using 1 OpenMP thread(s) per MPI task
log energies.log append
units metal
boundary p p p
atom_style atomic
read_data Si222_${i}.in
read_data Si222_121.in
Reading data file ...
  orthogonal box = (0 0 0) to (10.887404 10.887404 10.887404)
  1 by 1 by 1 MPI processor grid
  reading atoms ...
  64 atoms
  reading velocities ...
  64 velocities
  read_data CPU = 0.001 seconds
mass 1 28.085
pair_style sw
pair_coeff * * Si.sw Si
Reading sw potential file Si.sw with DATE: 2007-06-11
run 0
Neighbor list info ...
  update: every = 1 steps, delay = 0 steps, check = yes
  max neighbors/atom: 2000, page size: 100000
  master list distance cutoff = 5.77118
  ghost atom cutoff = 5.77118
  binsize = 2.88559, bins = 4 4 4
  1 neighbor lists, perpetual/occasional/extra = 1 0 0
  (1) pair sw, perpetual
      attributes: full, newton on
      pair build: full/bin/atomonly
      stencil: full/bin/3d
      bin: standard
Per MPI rank memory allocation (min/avg/max) = 3.073 | 3.073 | 3.073 Mbytes
   Step          Temp          E_pair         E_mol          TotEng         Press     
WARNING: Too many warnings: 121 vs 100. All future warnings will be suppressed (src/thermo.cpp:478)
         0   0             -275.7225       0             -275.7225      -6284.3241    
Loop time of 1.04e-06 on 1 procs for 0 steps with 64 atoms

96.2% CPU use with 1 MPI tasks x 1 OpenMP threads

MPI task timing breakdown:
Section |  min time  |  avg time  |  max time  |%varavg| %total
---------------------------------------------------------------
Pair    | 0          | 0          | 0          |   0.0 |  0.00
Neigh   | 0          | 0          | 0          |   0.0 |  0.00
Comm    | 0          | 0          | 0          |   0.0 |  0.00
Output  | 0          | 0          | 0          |   0.0 |  0.00
Modify  | 0          | 0          | 0          |   0.0 |  0.00
Other   |            | 1.04e-06   |            |       |100.00

Nlocal:             64 ave          64 max          64 min
Histogram: 1 0 0 0 0 0 0 0 0 0
Nghost:            557 ave         557 max         557 min
Histogram: 1 0 0 0 0 0 0 0 0 0
Neighs:              0 ave           0 max           0 min
Histogram: 1 0 0 0 0 0 0 0 0 0
FullNghs:         2182 ave        2182 max        2182 min
Histogram: 1 0 0 0 0 0 0 0 0 0

Total # of neighbors = 2182
Ave neighs/atom = 34.09375
Neighbor list builds = 0
Dangerous builds = 0
next i
jump SELF loop_struct
clear
  using 1 OpenMP thread(s) per MPI task
log energies.log append
units metal
boundary p p p
atom_style atomic
read_data Si222_${i}.in
read_data Si222_122.in
Reading data file ...
  orthogonal box = (0 0 0) to (10.887404 10.887404 10.887404)
  1 by 1 by 1 MPI processor grid
  reading atoms ...
  64 atoms
  reading velocities ...
  64 velocities
  read_data CPU = 0.001 seconds
mass 1 28.085
pair_style sw
pair_coeff * * Si.sw Si
Reading sw potential file Si.sw with DATE: 2007-06-11
run 0
Neighbor list info ...
  update: every = 1 steps, delay = 0 steps, check = yes
  max neighbors/atom: 2000, page size: 100000
  master list distance cutoff = 5.77118
  ghost atom cutoff = 5.77118
  binsize = 2.88559, bins = 4 4 4
  1 neighbor lists, perpetual/occasional/extra = 1 0 0
  (1) pair sw, perpetual
      attributes: full, newton on
      pair build: full/bin/atomonly
      stencil: full/bin/3d
      bin: standard
Per MPI rank memory allocation (min/avg/max) = 3.063 | 3.063 | 3.063 Mbytes
   Step          Temp          E_pair         E_mol          TotEng         Press     
WARNING: Too many warnings: 122 vs 100. All future warnings will be suppressed (src/thermo.cpp:478)
         0   0             -240.04199      0             -240.04199      59353.162    
Loop time of 1.05e-06 on 1 procs for 0 steps with 64 atoms

0.0% CPU use with 1 MPI tasks x 1 OpenMP threads

MPI task timing breakdown:
Section |  min time  |  avg time  |  max time  |%varavg| %total
---------------------------------------------------------------
Pair    | 0          | 0          | 0          |   0.0 |  0.00
Neigh   | 0          | 0          | 0          |   0.0 |  0.00
Comm    | 0          | 0          | 0          |   0.0 |  0.00
Output  | 0          | 0          | 0          |   0.0 |  0.00
Modify  | 0          | 0          | 0          |   0.0 |  0.00
Other   |            | 1.05e-06   |            |       |100.00

Nlocal:             64 ave          64 max          64 min
Histogram: 1 0 0 0 0 0 0 0 0 0
Nghost:            519 ave         519 max         519 min
Histogram: 1 0 0 0 0 0 0 0 0 0
Neighs:              0 ave           0 max           0 min
Histogram: 1 0 0 0 0 0 0 0 0 0
FullNghs:         2300 ave        2300 max        2300 min
Histogram: 1 0 0 0 0 0 0 0 0 0

Total # of neighbors = 2300
Ave neighs/atom = 35.9375
Neighbor list builds = 0
Dangerous builds = 0
next i
jump SELF loop_struct
clear
  using 1 OpenMP thread(s) per MPI task
log energies.log append
units metal
boundary p p p
atom_style atomic
read_data Si222_${i}.in
read_data Si222_123.in
Reading data file ...
  orthogonal box = (0 0 0) to (10.887404 10.887404 10.887404)
  1 by 1 by 1 MPI processor grid
  reading atoms ...
  64 atoms
  reading velocities ...
  64 velocities
  read_data CPU = 0.001 seconds
mass 1 28.085
pair_style sw
pair_coeff * * Si.sw Si
Reading sw potential file Si.sw with DATE: 2007-06-11
run 0
Neighbor list info ...
  update: every = 1 steps, delay = 0 steps, check = yes
  max neighbors/atom: 2000, page size: 100000
  master list distance cutoff = 5.77118
  ghost atom cutoff = 5.77118
  binsize = 2.88559, bins = 4 4 4
  1 neighbor lists, perpetual/occasional/extra = 1 0 0
  (1) pair sw, perpetual
      attributes: full, newton on
      pair build: full/bin/atomonly
      stencil: full/bin/3d
      bin: standard
Per MPI rank memory allocation (min/avg/max) = 3.074 | 3.074 | 3.074 Mbytes
   Step          Temp          E_pair         E_mol          TotEng         Press     
WARNING: Too many warnings: 123 vs 100. All future warnings will be suppressed (src/thermo.cpp:478)
         0   0             -274.99466      0             -274.99466     -5724.7878    
Loop time of 1.06e-06 on 1 procs for 0 steps with 64 atoms

94.3% CPU use with 1 MPI tasks x 1 OpenMP threads

MPI task timing breakdown:
Section |  min time  |  avg time  |  max time  |%varavg| %total
---------------------------------------------------------------
Pair    | 0          | 0          | 0          |   0.0 |  0.00
Neigh   | 0          | 0          | 0          |   0.0 |  0.00
Comm    | 0          | 0          | 0          |   0.0 |  0.00
Output  | 0          | 0          | 0          |   0.0 |  0.00
Modify  | 0          | 0          | 0          |   0.0 |  0.00
Other   |            | 1.06e-06   |            |       |100.00

Nlocal:             64 ave          64 max          64 min
Histogram: 1 0 0 0 0 0 0 0 0 0
Nghost:            557 ave         557 max         557 min
Histogram: 1 0 0 0 0 0 0 0 0 0
Neighs:              0 ave           0 max           0 min
Histogram: 1 0 0 0 0 0 0 0 0 0
FullNghs:         2196 ave        2196 max        2196 min
Histogram: 1 0 0 0 0 0 0 0 0 0

Total # of neighbors = 2196
Ave neighs/atom = 34.3125
Neighbor list builds = 0
Dangerous builds = 0
next i
jump SELF loop_struct
clear
  using 1 OpenMP thread(s) per MPI task
log energies.log append
units metal
boundary p p p
atom_style atomic
read_data Si222_${i}.in
read_data Si222_124.in
Reading data file ...
  orthogonal box = (0 0 0) to (10.887404 10.887404 10.887404)
  1 by 1 by 1 MPI processor grid
  reading atoms ...
  64 atoms
  reading velocities ...
  64 velocities
  read_data CPU = 0.001 seconds
mass 1 28.085
pair_style sw
pair_coeff * * Si.sw Si
Reading sw potential file Si.sw with DATE: 2007-06-11
run 0
Neighbor list info ...
  update: every = 1 steps, delay = 0 steps, check = yes
  max neighbors/atom: 2000, page size: 100000
  master list distance cutoff = 5.77118
  ghost atom cutoff = 5.77118
  binsize = 2.88559, bins = 4 4 4
  1 neighbor lists, perpetual/occasional/extra = 1 0 0
  (1) pair sw, perpetual
      attributes: full, newton on
      pair build: full/bin/atomonly
      stencil: full/bin/3d
      bin: standard
Per MPI rank memory allocation (min/avg/max) = 3.073 | 3.073 | 3.073 Mbytes
   Step          Temp          E_pair         E_mol          TotEng         Press     
WARNING: Too many warnings: 124 vs 100. All future warnings will be suppressed (src/thermo.cpp:478)
         0   0             -255.0929       0             -255.0929       47746.193    
Loop time of 1.07e-06 on 1 procs for 0 steps with 64 atoms

93.5% CPU use with 1 MPI tasks x 1 OpenMP threads

MPI task timing breakdown:
Section |  min time  |  avg time  |  max time  |%varavg| %total
---------------------------------------------------------------
Pair    | 0          | 0          | 0          |   0.0 |  0.00
Neigh   | 0          | 0          | 0          |   0.0 |  0.00
Comm    | 0          | 0          | 0          |   0.0 |  0.00
Output  | 0          | 0          | 0          |   0.0 |  0.00
Modify  | 0          | 0          | 0          |   0.0 |  0.00
Other   |            | 1.07e-06   |            |       |100.00

Nlocal:             64 ave          64 max          64 min
Histogram: 1 0 0 0 0 0 0 0 0 0
Nghost:            565 ave         565 max         565 min
Histogram: 1 0 0 0 0 0 0 0 0 0
Neighs:              0 ave           0 max           0 min
Histogram: 1 0 0 0 0 0 0 0 0 0
FullNghs:         2236 ave        2236 max        2236 min
Histogram: 1 0 0 0 0 0 0 0 0 0

Total # of neighbors = 2236
Ave neighs/atom = 34.9375
Neighbor list builds = 0
Dangerous builds = 0
next i
jump SELF loop_struct
clear
  using 1 OpenMP thread(s) per MPI task
log energies.log append
units metal
boundary p p p
atom_style atomic
read_data Si222_${i}.in
read_data Si222_125.in
Reading data file ...
  orthogonal box = (0 0 0) to (10.887404 10.887404 10.887404)
  1 by 1 by 1 MPI processor grid
  reading atoms ...
  64 atoms
  reading velocities ...
  64 velocities
  read_data CPU = 0.001 seconds
mass 1 28.085
pair_style sw
pair_coeff * * Si.sw Si
Reading sw potential file Si.sw with DATE: 2007-06-11
run 0
Neighbor list info ...
  update: every = 1 steps, delay = 0 steps, check = yes
  max neighbors/atom: 2000, page size: 100000
  master list distance cutoff = 5.77118
  ghost atom cutoff = 5.77118
  binsize = 2.88559, bins = 4 4 4
  1 neighbor lists, perpetual/occasional/extra = 1 0 0
  (1) pair sw, perpetual
      attributes: full, newton on
      pair build: full/bin/atomonly
      stencil: full/bin/3d
      bin: standard
Per MPI rank memory allocation (min/avg/max) = 3.074 | 3.074 | 3.074 Mbytes
   Step          Temp          E_pair         E_mol          TotEng         Press     
WARNING: Too many warnings: 125 vs 100. All future warnings will be suppressed (src/thermo.cpp:478)
         0   0             -254.0166       0             -254.0166       48054.149    
Loop time of 1.05e-06 on 1 procs for 0 steps with 64 atoms

0.0% CPU use with 1 MPI tasks x 1 OpenMP threads

MPI task timing breakdown:
Section |  min time  |  avg time  |  max time  |%varavg| %total
---------------------------------------------------------------
Pair    | 0          | 0          | 0          |   0.0 |  0.00
Neigh   | 0          | 0          | 0          |   0.0 |  0.00
Comm    | 0          | 0          | 0          |   0.0 |  0.00
Output  | 0          | 0          | 0          |   0.0 |  0.00
Modify  | 0          | 0          | 0          |   0.0 |  0.00
Other   |            | 1.05e-06   |            |       |100.00

Nlocal:             64 ave          64 max          64 min
Histogram: 1 0 0 0 0 0 0 0 0 0
Nghost:            565 ave         565 max         565 min
Histogram: 1 0 0 0 0 0 0 0 0 0
Neighs:              0 ave           0 max           0 min
Histogram: 1 0 0 0 0 0 0 0 0 0
FullNghs:         2254 ave        2254 max        2254 min
Histogram: 1 0 0 0 0 0 0 0 0 0

Total # of neighbors = 2254
Ave neighs/atom = 35.21875
Neighbor list builds = 0
Dangerous builds = 0
next i
jump SELF loop_struct
clear
  using 1 OpenMP thread(s) per MPI task
log energies.log append
units metal
boundary p p p
atom_style atomic
read_data Si222_${i}.in
read_data Si222_126.in
Reading data file ...
  orthogonal box = (0 0 0) to (10.887404 10.887404 10.887404)
  1 by 1 by 1 MPI processor grid
  reading atoms ...
  64 atoms
  reading velocities ...
  64 velocities
  read_data CPU = 0.001 seconds
mass 1 28.085
pair_style sw
pair_coeff * * Si.sw Si
Reading sw potential file Si.sw with DATE: 2007-06-11
run 0
Neighbor list info ...
  update: every = 1 steps, delay = 0 steps, check = yes
  max neighbors/atom: 2000, page size: 100000
  master list distance cutoff = 5.77118
  ghost atom cutoff = 5.77118
  binsize = 2.88559, bins = 4 4 4
  1 neighbor lists, perpetual/occasional/extra = 1 0 0
  (1) pair sw, perpetual
      attributes: full, newton on
      pair build: full/bin/atomonly
      stencil: full/bin/3d
      bin: standard
Per MPI rank memory allocation (min/avg/max) = 3.063 | 3.063 | 3.063 Mbytes
   Step          Temp          E_pair         E_mol          TotEng         Press     
WARNING: Too many warnings: 126 vs 100. All future warnings will be suppressed (src/thermo.cpp:478)
         0   0             -238.73159      0             -238.73159      53377.726    
Loop time of 1.04e-06 on 1 procs for 0 steps with 64 atoms

96.2% CPU use with 1 MPI tasks x 1 OpenMP threads

MPI task timing breakdown:
Section |  min time  |  avg time  |  max time  |%varavg| %total
---------------------------------------------------------------
Pair    | 0          | 0          | 0          |   0.0 |  0.00
Neigh   | 0          | 0          | 0          |   0.0 |  0.00
Comm    | 0          | 0          | 0          |   0.0 |  0.00
Output  | 0          | 0          | 0          |   0.0 |  0.00
Modify  | 0          | 0          | 0          |   0.0 |  0.00
Other   |            | 1.04e-06   |            |       |100.00

Nlocal:             64 ave          64 max          64 min
Histogram: 1 0 0 0 0 0 0 0 0 0
Nghost:            481 ave         481 max         481 min
Histogram: 1 0 0 0 0 0 0 0 0 0
Neighs:              0 ave           0 max           0 min
Histogram: 1 0 0 0 0 0 0 0 0 0
FullNghs:         2280 ave        2280 max        2280 min
Histogram: 1 0 0 0 0 0 0 0 0 0

Total # of neighbors = 2280
Ave neighs/atom = 35.625
Neighbor list builds = 0
Dangerous builds = 0
next i
jump SELF loop_struct
clear
  using 1 OpenMP thread(s) per MPI task
log energies.log append
units metal
boundary p p p
atom_style atomic
read_data Si222_${i}.in
read_data Si222_127.in
Reading data file ...
  orthogonal box = (0 0 0) to (10.887404 10.887404 10.887404)
  1 by 1 by 1 MPI processor grid
  reading atoms ...
  64 atoms
  reading velocities ...
  64 velocities
  read_data CPU = 0.001 seconds
mass 1 28.085
pair_style sw
pair_coeff * * Si.sw Si
Reading sw potential file Si.sw with DATE: 2007-06-11
run 0
Neighbor list info ...
  update: every = 1 steps, delay = 0 steps, check = yes
  max neighbors/atom: 2000, page size: 100000
  master list distance cutoff = 5.77118
  ghost atom cutoff = 5.77118
  binsize = 2.88559, bins = 4 4 4
  1 neighbor lists, perpetual/occasional/extra = 1 0 0
  (1) pair sw, perpetual
      attributes: full, newton on
      pair build: full/bin/atomonly
      stencil: full/bin/3d
      bin: standard
Per MPI rank memory allocation (min/avg/max) = 3.073 | 3.073 | 3.073 Mbytes
   Step          Temp          E_pair         E_mol          TotEng         Press     
WARNING: Too many warnings: 127 vs 100. All future warnings will be suppressed (src/thermo.cpp:478)
         0   0             -275.66236      0             -275.66236     -5989.3317    
Loop time of 1.08e-06 on 1 procs for 0 steps with 64 atoms

92.6% CPU use with 1 MPI tasks x 1 OpenMP threads

MPI task timing breakdown:
Section |  min time  |  avg time  |  max time  |%varavg| %total
---------------------------------------------------------------
Pair    | 0          | 0          | 0          |   0.0 |  0.00
Neigh   | 0          | 0          | 0          |   0.0 |  0.00
Comm    | 0          | 0          | 0          |   0.0 |  0.00
Output  | 0          | 0          | 0          |   0.0 |  0.00
Modify  | 0          | 0          | 0          |   0.0 |  0.00
Other   |            | 1.08e-06   |            |       |100.00

Nlocal:             64 ave          64 max          64 min
Histogram: 1 0 0 0 0 0 0 0 0 0
Nghost:            557 ave         557 max         557 min
Histogram: 1 0 0 0 0 0 0 0 0 0
Neighs:              0 ave           0 max           0 min
Histogram: 1 0 0 0 0 0 0 0 0 0
FullNghs:         2186 ave        2186 max        2186 min
Histogram: 1 0 0 0 0 0 0 0 0 0

Total # of neighbors = 2186
Ave neighs/atom = 34.15625
Neighbor list builds = 0
Dangerous builds = 0
next i
jump SELF loop_struct
clear
  using 1 OpenMP thread(s) per MPI task
log energies.log append
units metal
boundary p p p
atom_style atomic
read_data Si222_${i}.in
read_data Si222_128.in
Reading data file ...
  orthogonal box = (0 0 0) to (10.887404 10.887404 10.887404)
  1 by 1 by 1 MPI processor grid
  reading atoms ...
  64 atoms
  reading velocities ...
  64 velocities
  read_data CPU = 0.001 seconds
mass 1 28.085
pair_style sw
pair_coeff * * Si.sw Si
Reading sw potential file Si.sw with DATE: 2007-06-11
run 0
Neighbor list info ...
  update: every = 1 steps, delay = 0 steps, check = yes
  max neighbors/atom: 2000, page size: 100000
  master list distance cutoff = 5.77118
  ghost atom cutoff = 5.77118
  binsize = 2.88559, bins = 4 4 4
  1 neighbor lists, perpetual/occasional/extra = 1 0 0
  (1) pair sw, perpetual
      attributes: full, newton on
      pair build: full/bin/atomonly
      stencil: full/bin/3d
      bin: standard
Per MPI rank memory allocation (min/avg/max) = 3.074 | 3.074 | 3.074 Mbytes
   Step          Temp          E_pair         E_mol          TotEng         Press     
WARNING: Too many warnings: 128 vs 100. All future warnings will be suppressed (src/thermo.cpp:478)
         0   0             -275.29338      0             -275.29338     -5974.438     
Loop time of 1.07e-06 on 1 procs for 0 steps with 64 atoms

93.5% CPU use with 1 MPI tasks x 1 OpenMP threads

MPI task timing breakdown:
Section |  min time  |  avg time  |  max time  |%varavg| %total
---------------------------------------------------------------
Pair    | 0          | 0          | 0          |   0.0 |  0.00
Neigh   | 0          | 0          | 0          |   0.0 |  0.00
Comm    | 0          | 0          | 0          |   0.0 |  0.00
Output  | 0          | 0          | 0          |   0.0 |  0.00
Modify  | 0          | 0          | 0          |   0.0 |  0.00
Other   |            | 1.07e-06   |            |       |100.00

Nlocal:             64 ave          64 max          64 min
Histogram: 1 0 0 0 0 0 0 0 0 0
Nghost:            557 ave         557 max         557 min
Histogram: 1 0 0 0 0 0 0 0 0 0
Neighs:              0 ave           0 max           0 min
Histogram: 1 0 0 0 0 0 0 0 0 0
FullNghs:         2186 ave        2186 max        2186 min
Histogram: 1 0 0 0 0 0 0 0 0 0

Total # of neighbors = 2186
Ave neighs/atom = 34.15625
Neighbor list builds = 0
Dangerous builds = 0
next i
jump SELF loop_struct
clear
  using 1 OpenMP thread(s) per MPI task
log energies.log append
units metal
boundary p p p
atom_style atomic
read_data Si222_${i}.in
read_data Si222_129.in
Reading data file ...
  orthogonal box = (0 0 0) to (10.887404 10.887404 10.887404)
  1 by 1 by 1 MPI processor grid
  reading atoms ...
  64 atoms
  reading velocities ...
  64 velocities
  read_data CPU = 0.001 seconds
mass 1 28.085
pair_style sw
pair_coeff * * Si.sw Si
Reading sw potential file Si.sw with DATE: 2007-06-11
run 0
Neighbor list info ...
  update: every = 1 steps, delay = 0 steps, check = yes
  max neighbors/atom: 2000, page size: 100000
  master list distance cutoff = 5.77118
  ghost atom cutoff = 5.77118
  binsize = 2.88559, bins = 4 4 4
  1 neighbor lists, perpetual/occasional/extra = 1 0 0
  (1) pair sw, perpetual
      attributes: full, newton on
      pair build: full/bin/atomonly
      stencil: full/bin/3d
      bin: standard
Per MPI rank memory allocation (min/avg/max) = 3.064 | 3.064 | 3.064 Mbytes
   Step          Temp          E_pair         E_mol          TotEng         Press     
WARNING: Too many warnings: 129 vs 100. All future warnings will be suppressed (src/thermo.cpp:478)
         0   0             -275.25558      0             -275.25558     -5763.543     
Loop time of 1.06e-06 on 1 procs for 0 steps with 64 atoms

94.3% CPU use with 1 MPI tasks x 1 OpenMP threads

MPI task timing breakdown:
Section |  min time  |  avg time  |  max time  |%varavg| %total
---------------------------------------------------------------
Pair    | 0          | 0          | 0          |   0.0 |  0.00
Neigh   | 0          | 0          | 0          |   0.0 |  0.00
Comm    | 0          | 0          | 0          |   0.0 |  0.00
Output  | 0          | 0          | 0          |   0.0 |  0.00
Modify  | 0          | 0          | 0          |   0.0 |  0.00
Other   |            | 1.06e-06   |            |       |100.00

Nlocal:             64 ave          64 max          64 min
Histogram: 1 0 0 0 0 0 0 0 0 0
Nghost:            557 ave         557 max         557 min
Histogram: 1 0 0 0 0 0 0 0 0 0
Neighs:              0 ave           0 max           0 min
Histogram: 1 0 0 0 0 0 0 0 0 0
FullNghs:         2186 ave        2186 max        2186 min
Histogram: 1 0 0 0 0 0 0 0 0 0

Total # of neighbors = 2186
Ave neighs/atom = 34.15625
Neighbor list builds = 0
Dangerous builds = 0
next i
jump SELF loop_struct
clear
  using 1 OpenMP thread(s) per MPI task
log energies.log append
units metal
boundary p p p
atom_style atomic
read_data Si222_${i}.in
read_data Si222_130.in
Reading data file ...
  orthogonal box = (0 0 0) to (10.887404 10.887404 10.887404)
  1 by 1 by 1 MPI processor grid
  reading atoms ...
  64 atoms
  reading velocities ...
  64 velocities
  read_data CPU = 0.001 seconds
mass 1 28.085
pair_style sw
pair_coeff * * Si.sw Si
Reading sw potential file Si.sw with DATE: 2007-06-11
run 0
Neighbor list info ...
  update: every = 1 steps, delay = 0 steps, check = yes
  max neighbors/atom: 2000, page size: 100000
  master list distance cutoff = 5.77118
  ghost atom cutoff = 5.77118
  binsize = 2.88559, bins = 4 4 4
  1 neighbor lists, perpetual/occasional/extra = 1 0 0
  (1) pair sw, perpetual
      attributes: full, newton on
      pair build: full/bin/atomonly
      stencil: full/bin/3d
      bin: standard
Per MPI rank memory allocation (min/avg/max) = 3.064 | 3.064 | 3.064 Mbytes
   Step          Temp          E_pair         E_mol          TotEng         Press     
WARNING: Too many warnings: 130 vs 100. All future warnings will be suppressed (src/thermo.cpp:478)
         0   0             -275.31085      0             -275.31085     -5633.126     
Loop time of 1.15e-06 on 1 procs for 0 steps with 64 atoms

173.9% CPU use with 1 MPI tasks x 1 OpenMP threads

MPI task timing breakdown:
Section |  min time  |  avg time  |  max time  |%varavg| %total
---------------------------------------------------------------
Pair    | 0          | 0          | 0          |   0.0 |  0.00
Neigh   | 0          | 0          | 0          |   0.0 |  0.00
Comm    | 0          | 0          | 0          |   0.0 |  0.00
Output  | 0          | 0          | 0          |   0.0 |  0.00
Modify  | 0          | 0          | 0          |   0.0 |  0.00
Other   |            | 1.15e-06   |            |       |100.00

Nlocal:             64 ave          64 max          64 min
Histogram: 1 0 0 0 0 0 0 0 0 0
Nghost:            557 ave         557 max         557 min
Histogram: 1 0 0 0 0 0 0 0 0 0
Neighs:              0 ave           0 max           0 min
Histogram: 1 0 0 0 0 0 0 0 0 0
FullNghs:         2180 ave        2180 max        2180 min
Histogram: 1 0 0 0 0 0 0 0 0 0

Total # of neighbors = 2180
Ave neighs/atom = 34.0625
Neighbor list builds = 0
Dangerous builds = 0
next i
jump SELF loop_struct
clear
  using 1 OpenMP thread(s) per MPI task
log energies.log append
units metal
boundary p p p
atom_style atomic
read_data Si222_${i}.in
read_data Si222_131.in
Reading data file ...
  orthogonal box = (0 0 0) to (10.887404 10.887404 10.887404)
  1 by 1 by 1 MPI processor grid
  reading atoms ...
  64 atoms
  reading velocities ...
  64 velocities
  read_data CPU = 0.001 seconds
mass 1 28.085
pair_style sw
pair_coeff * * Si.sw Si
Reading sw potential file Si.sw with DATE: 2007-06-11
run 0
Neighbor list info ...
  update: every = 1 steps, delay = 0 steps, check = yes
  max neighbors/atom: 2000, page size: 100000
  master list distance cutoff = 5.77118
  ghost atom cutoff = 5.77118
  binsize = 2.88559, bins = 4 4 4
  1 neighbor lists, perpetual/occasional/extra = 1 0 0
  (1) pair sw, perpetual
      attributes: full, newton on
      pair build: full/bin/atomonly
      stencil: full/bin/3d
      bin: standard
Per MPI rank memory allocation (min/avg/max) = 3.073 | 3.073 | 3.073 Mbytes
   Step          Temp          E_pair         E_mol          TotEng         Press     
WARNING: Too many warnings: 131 vs 100. All future warnings will be suppressed (src/thermo.cpp:478)
         0   0             -275.60751      0             -275.60751     -5940.6965    
Loop time of 1.03e-06 on 1 procs for 0 steps with 64 atoms

0.0% CPU use with 1 MPI tasks x 1 OpenMP threads

MPI task timing breakdown:
Section |  min time  |  avg time  |  max time  |%varavg| %total
---------------------------------------------------------------
Pair    | 0          | 0          | 0          |   0.0 |  0.00
Neigh   | 0          | 0          | 0          |   0.0 |  0.00
Comm    | 0          | 0          | 0          |   0.0 |  0.00
Output  | 0          | 0          | 0          |   0.0 |  0.00
Modify  | 0          | 0          | 0          |   0.0 |  0.00
Other   |            | 1.03e-06   |            |       |100.00

Nlocal:             64 ave          64 max          64 min
Histogram: 1 0 0 0 0 0 0 0 0 0
Nghost:            557 ave         557 max         557 min
Histogram: 1 0 0 0 0 0 0 0 0 0
Neighs:              0 ave           0 max           0 min
Histogram: 1 0 0 0 0 0 0 0 0 0
FullNghs:         2190 ave        2190 max        2190 min
Histogram: 1 0 0 0 0 0 0 0 0 0

Total # of neighbors = 2190
Ave neighs/atom = 34.21875
Neighbor list builds = 0
Dangerous builds = 0
next i
jump SELF loop_struct
clear
  using 1 OpenMP thread(s) per MPI task
log energies.log append
units metal
boundary p p p
atom_style atomic
read_data Si222_${i}.in
read_data Si222_132.in
Reading data file ...
  orthogonal box = (0 0 0) to (10.887404 10.887404 10.887404)
  1 by 1 by 1 MPI processor grid
  reading atoms ...
  64 atoms
  reading velocities ...
  64 velocities
  read_data CPU = 0.001 seconds
mass 1 28.085
pair_style sw
pair_coeff * * Si.sw Si
Reading sw potential file Si.sw with DATE: 2007-06-11
run 0
Neighbor list info ...
  update: every = 1 steps, delay = 0 steps, check = yes
  max neighbors/atom: 2000, page size: 100000
  master list distance cutoff = 5.77118
  ghost atom cutoff = 5.77118
  binsize = 2.88559, bins = 4 4 4
  1 neighbor lists, perpetual/occasional/extra = 1 0 0
  (1) pair sw, perpetual
      attributes: full, newton on
      pair build: full/bin/atomonly
      stencil: full/bin/3d
      bin: standard
Per MPI rank memory allocation (min/avg/max) = 3.063 | 3.063 | 3.063 Mbytes
   Step          Temp          E_pair         E_mol          TotEng         Press     
WARNING: Too many warnings: 132 vs 100. All future warnings will be suppressed (src/thermo.cpp:478)
         0   0             -214.08317      0             -214.08317      129746.39    
Loop time of 1.04e-06 on 1 procs for 0 steps with 64 atoms

0.0% CPU use with 1 MPI tasks x 1 OpenMP threads

MPI task timing breakdown:
Section |  min time  |  avg time  |  max time  |%varavg| %total
---------------------------------------------------------------
Pair    | 0          | 0          | 0          |   0.0 |  0.00
Neigh   | 0          | 0          | 0          |   0.0 |  0.00
Comm    | 0          | 0          | 0          |   0.0 |  0.00
Output  | 0          | 0          | 0          |   0.0 |  0.00
Modify  | 0          | 0          | 0          |   0.0 |  0.00
Other   |            | 1.04e-06   |            |       |100.00

Nlocal:             64 ave          64 max          64 min
Histogram: 1 0 0 0 0 0 0 0 0 0
Nghost:            507 ave         507 max         507 min
Histogram: 1 0 0 0 0 0 0 0 0 0
Neighs:              0 ave           0 max           0 min
Histogram: 1 0 0 0 0 0 0 0 0 0
FullNghs:         2304 ave        2304 max        2304 min
Histogram: 1 0 0 0 0 0 0 0 0 0

Total # of neighbors = 2304
Ave neighs/atom = 36
Neighbor list builds = 0
Dangerous builds = 0
next i
jump SELF loop_struct
clear
  using 1 OpenMP thread(s) per MPI task
log energies.log append
units metal
boundary p p p
atom_style atomic
read_data Si222_${i}.in
read_data Si222_133.in
Reading data file ...
  orthogonal box = (0 0 0) to (10.887404 10.887404 10.887404)
  1 by 1 by 1 MPI processor grid
  reading atoms ...
  64 atoms
  reading velocities ...
  64 velocities
  read_data CPU = 0.001 seconds
mass 1 28.085
pair_style sw
pair_coeff * * Si.sw Si
Reading sw potential file Si.sw with DATE: 2007-06-11
run 0
Neighbor list info ...
  update: every = 1 steps, delay = 0 steps, check = yes
  max neighbors/atom: 2000, page size: 100000
  master list distance cutoff = 5.77118
  ghost atom cutoff = 5.77118
  binsize = 2.88559, bins = 4 4 4
  1 neighbor lists, perpetual/occasional/extra = 1 0 0
  (1) pair sw, perpetual
      attributes: full, newton on
      pair build: full/bin/atomonly
      stencil: full/bin/3d
      bin: standard
Per MPI rank memory allocation (min/avg/max) = 3.072 | 3.072 | 3.072 Mbytes
   Step          Temp          E_pair         E_mol          TotEng         Press     
WARNING: Too many warnings: 133 vs 100. All future warnings will be suppressed (src/thermo.cpp:478)
         0   0             -275.88125      0             -275.88125     -6085.3261    
Loop time of 1.06e-06 on 1 procs for 0 steps with 64 atoms

94.3% CPU use with 1 MPI tasks x 1 OpenMP threads

MPI task timing breakdown:
Section |  min time  |  avg time  |  max time  |%varavg| %total
---------------------------------------------------------------
Pair    | 0          | 0          | 0          |   0.0 |  0.00
Neigh   | 0          | 0          | 0          |   0.0 |  0.00
Comm    | 0          | 0          | 0          |   0.0 |  0.00
Output  | 0          | 0          | 0          |   0.0 |  0.00
Modify  | 0          | 0          | 0          |   0.0 |  0.00
Other   |            | 1.06e-06   |            |       |100.00

Nlocal:             64 ave          64 max          64 min
Histogram: 1 0 0 0 0 0 0 0 0 0
Nghost:            557 ave         557 max         557 min
Histogram: 1 0 0 0 0 0 0 0 0 0
Neighs:              0 ave           0 max           0 min
Histogram: 1 0 0 0 0 0 0 0 0 0
FullNghs:         2180 ave        2180 max        2180 min
Histogram: 1 0 0 0 0 0 0 0 0 0

Total # of neighbors = 2180
Ave neighs/atom = 34.0625
Neighbor list builds = 0
Dangerous builds = 0
next i
jump SELF loop_struct
clear
  using 1 OpenMP thread(s) per MPI task
log energies.log append
units metal
boundary p p p
atom_style atomic
read_data Si222_${i}.in
read_data Si222_134.in
Reading data file ...
  orthogonal box = (0 0 0) to (10.887404 10.887404 10.887404)
  1 by 1 by 1 MPI processor grid
  reading atoms ...
  64 atoms
  reading velocities ...
  64 velocities
  read_data CPU = 0.001 seconds
mass 1 28.085
pair_style sw
pair_coeff * * Si.sw Si
Reading sw potential file Si.sw with DATE: 2007-06-11
run 0
Neighbor list info ...
  update: every = 1 steps, delay = 0 steps, check = yes
  max neighbors/atom: 2000, page size: 100000
  master list distance cutoff = 5.77118
  ghost atom cutoff = 5.77118
  binsize = 2.88559, bins = 4 4 4
  1 neighbor lists, perpetual/occasional/extra = 1 0 0
  (1) pair sw, perpetual
      attributes: full, newton on
      pair build: full/bin/atomonly
      stencil: full/bin/3d
      bin: standard
Per MPI rank memory allocation (min/avg/max) = 3.072 | 3.072 | 3.072 Mbytes
   Step          Temp          E_pair         E_mol          TotEng         Press     
WARNING: Too many warnings: 134 vs 100. All future warnings will be suppressed (src/thermo.cpp:478)
         0   0             -275.70899      0             -275.70899     -6030.7854    
Loop time of 1.061e-06 on 1 procs for 0 steps with 64 atoms

0.0% CPU use with 1 MPI tasks x 1 OpenMP threads

MPI task timing breakdown:
Section |  min time  |  avg time  |  max time  |%varavg| %total
---------------------------------------------------------------
Pair    | 0          | 0          | 0          |   0.0 |  0.00
Neigh   | 0          | 0          | 0          |   0.0 |  0.00
Comm    | 0          | 0          | 0          |   0.0 |  0.00
Output  | 0          | 0          | 0          |   0.0 |  0.00
Modify  | 0          | 0          | 0          |   0.0 |  0.00
Other   |            | 1.061e-06  |            |       |100.00

Nlocal:             64 ave          64 max          64 min
Histogram: 1 0 0 0 0 0 0 0 0 0
Nghost:            557 ave         557 max         557 min
Histogram: 1 0 0 0 0 0 0 0 0 0
Neighs:              0 ave           0 max           0 min
Histogram: 1 0 0 0 0 0 0 0 0 0
FullNghs:         2178 ave        2178 max        2178 min
Histogram: 1 0 0 0 0 0 0 0 0 0

Total # of neighbors = 2178
Ave neighs/atom = 34.03125
Neighbor list builds = 0
Dangerous builds = 0
next i
jump SELF loop_struct
clear
  using 1 OpenMP thread(s) per MPI task
log energies.log append
units metal
boundary p p p
atom_style atomic
read_data Si222_${i}.in
read_data Si222_135.in
Reading data file ...
  orthogonal box = (0 0 0) to (10.887404 10.887404 10.887404)
  1 by 1 by 1 MPI processor grid
  reading atoms ...
  64 atoms
  reading velocities ...
  64 velocities
  read_data CPU = 0.001 seconds
mass 1 28.085
pair_style sw
pair_coeff * * Si.sw Si
Reading sw potential file Si.sw with DATE: 2007-06-11
run 0
Neighbor list info ...
  update: every = 1 steps, delay = 0 steps, check = yes
  max neighbors/atom: 2000, page size: 100000
  master list distance cutoff = 5.77118
  ghost atom cutoff = 5.77118
  binsize = 2.88559, bins = 4 4 4
  1 neighbor lists, perpetual/occasional/extra = 1 0 0
  (1) pair sw, perpetual
      attributes: full, newton on
      pair build: full/bin/atomonly
      stencil: full/bin/3d
      bin: standard
Per MPI rank memory allocation (min/avg/max) = 3.074 | 3.074 | 3.074 Mbytes
   Step          Temp          E_pair         E_mol          TotEng         Press     
WARNING: Too many warnings: 135 vs 100. All future warnings will be suppressed (src/thermo.cpp:478)
         0   0             -275.36124      0             -275.36124     -5692.5766    
Loop time of 1.05e-06 on 1 procs for 0 steps with 64 atoms

0.0% CPU use with 1 MPI tasks x 1 OpenMP threads

MPI task timing breakdown:
Section |  min time  |  avg time  |  max time  |%varavg| %total
---------------------------------------------------------------
Pair    | 0          | 0          | 0          |   0.0 |  0.00
Neigh   | 0          | 0          | 0          |   0.0 |  0.00
Comm    | 0          | 0          | 0          |   0.0 |  0.00
Output  | 0          | 0          | 0          |   0.0 |  0.00
Modify  | 0          | 0          | 0          |   0.0 |  0.00
Other   |            | 1.05e-06   |            |       |100.00

Nlocal:             64 ave          64 max          64 min
Histogram: 1 0 0 0 0 0 0 0 0 0
Nghost:            557 ave         557 max         557 min
Histogram: 1 0 0 0 0 0 0 0 0 0
Neighs:              0 ave           0 max           0 min
Histogram: 1 0 0 0 0 0 0 0 0 0
FullNghs:         2186 ave        2186 max        2186 min
Histogram: 1 0 0 0 0 0 0 0 0 0

Total # of neighbors = 2186
Ave neighs/atom = 34.15625
Neighbor list builds = 0
Dangerous builds = 0
next i
jump SELF loop_struct
clear
  using 1 OpenMP thread(s) per MPI task
log energies.log append
units metal
boundary p p p
atom_style atomic
read_data Si222_${i}.in
read_data Si222_136.in
Reading data file ...
  orthogonal box = (0 0 0) to (10.887404 10.887404 10.887404)
  1 by 1 by 1 MPI processor grid
  reading atoms ...
  64 atoms
  reading velocities ...
  64 velocities
  read_data CPU = 0.001 seconds
mass 1 28.085
pair_style sw
pair_coeff * * Si.sw Si
Reading sw potential file Si.sw with DATE: 2007-06-11
run 0
Neighbor list info ...
  update: every = 1 steps, delay = 0 steps, check = yes
  max neighbors/atom: 2000, page size: 100000
  master list distance cutoff = 5.77118
  ghost atom cutoff = 5.77118
  binsize = 2.88559, bins = 4 4 4
  1 neighbor lists, perpetual/occasional/extra = 1 0 0
  (1) pair sw, perpetual
      attributes: full, newton on
      pair build: full/bin/atomonly
      stencil: full/bin/3d
      bin: standard
Per MPI rank memory allocation (min/avg/max) = 3.073 | 3.073 | 3.073 Mbytes
   Step          Temp          E_pair         E_mol          TotEng         Press     
WARNING: Too many warnings: 136 vs 100. All future warnings will be suppressed (src/thermo.cpp:478)
         0   0             -249.55097      0             -249.55097      44246.459    
Loop time of 1.09e-06 on 1 procs for 0 steps with 64 atoms

0.0% CPU use with 1 MPI tasks x 1 OpenMP threads

MPI task timing breakdown:
Section |  min time  |  avg time  |  max time  |%varavg| %total
---------------------------------------------------------------
Pair    | 0          | 0          | 0          |   0.0 |  0.00
Neigh   | 0          | 0          | 0          |   0.0 |  0.00
Comm    | 0          | 0          | 0          |   0.0 |  0.00
Output  | 0          | 0          | 0          |   0.0 |  0.00
Modify  | 0          | 0          | 0          |   0.0 |  0.00
Other   |            | 1.09e-06   |            |       |100.00

Nlocal:             64 ave          64 max          64 min
Histogram: 1 0 0 0 0 0 0 0 0 0
Nghost:            549 ave         549 max         549 min
Histogram: 1 0 0 0 0 0 0 0 0 0
Neighs:              0 ave           0 max           0 min
Histogram: 1 0 0 0 0 0 0 0 0 0
FullNghs:         2280 ave        2280 max        2280 min
Histogram: 1 0 0 0 0 0 0 0 0 0

Total # of neighbors = 2280
Ave neighs/atom = 35.625
Neighbor list builds = 0
Dangerous builds = 0
next i
jump SELF loop_struct
clear
  using 1 OpenMP thread(s) per MPI task
log energies.log append
units metal
boundary p p p
atom_style atomic
read_data Si222_${i}.in
read_data Si222_137.in
Reading data file ...
  orthogonal box = (0 0 0) to (10.887404 10.887404 10.887404)
  1 by 1 by 1 MPI processor grid
  reading atoms ...
  64 atoms
  reading velocities ...
  64 velocities
  read_data CPU = 0.001 seconds
mass 1 28.085
pair_style sw
pair_coeff * * Si.sw Si
Reading sw potential file Si.sw with DATE: 2007-06-11
run 0
Neighbor list info ...
  update: every = 1 steps, delay = 0 steps, check = yes
  max neighbors/atom: 2000, page size: 100000
  master list distance cutoff = 5.77118
  ghost atom cutoff = 5.77118
  binsize = 2.88559, bins = 4 4 4
  1 neighbor lists, perpetual/occasional/extra = 1 0 0
  (1) pair sw, perpetual
      attributes: full, newton on
      pair build: full/bin/atomonly
      stencil: full/bin/3d
      bin: standard
Per MPI rank memory allocation (min/avg/max) = 3.072 | 3.072 | 3.072 Mbytes
   Step          Temp          E_pair         E_mol          TotEng         Press     
WARNING: Too many warnings: 137 vs 100. All future warnings will be suppressed (src/thermo.cpp:478)
         0   0             -275.45243      0             -275.45243     -6069.9937    
Loop time of 1.07e-06 on 1 procs for 0 steps with 64 atoms

0.0% CPU use with 1 MPI tasks x 1 OpenMP threads

MPI task timing breakdown:
Section |  min time  |  avg time  |  max time  |%varavg| %total
---------------------------------------------------------------
Pair    | 0          | 0          | 0          |   0.0 |  0.00
Neigh   | 0          | 0          | 0          |   0.0 |  0.00
Comm    | 0          | 0          | 0          |   0.0 |  0.00
Output  | 0          | 0          | 0          |   0.0 |  0.00
Modify  | 0          | 0          | 0          |   0.0 |  0.00
Other   |            | 1.07e-06   |            |       |100.00

Nlocal:             64 ave          64 max          64 min
Histogram: 1 0 0 0 0 0 0 0 0 0
Nghost:            557 ave         557 max         557 min
Histogram: 1 0 0 0 0 0 0 0 0 0
Neighs:              0 ave           0 max           0 min
Histogram: 1 0 0 0 0 0 0 0 0 0
FullNghs:         2180 ave        2180 max        2180 min
Histogram: 1 0 0 0 0 0 0 0 0 0

Total # of neighbors = 2180
Ave neighs/atom = 34.0625
Neighbor list builds = 0
Dangerous builds = 0
next i
jump SELF loop_struct
clear
  using 1 OpenMP thread(s) per MPI task
log energies.log append
units metal
boundary p p p
atom_style atomic
read_data Si222_${i}.in
read_data Si222_138.in
Reading data file ...
  orthogonal box = (0 0 0) to (10.887404 10.887404 10.887404)
  1 by 1 by 1 MPI processor grid
  reading atoms ...
  64 atoms
  reading velocities ...
  64 velocities
  read_data CPU = 0.001 seconds
mass 1 28.085
pair_style sw
pair_coeff * * Si.sw Si
Reading sw potential file Si.sw with DATE: 2007-06-11
run 0
Neighbor list info ...
  update: every = 1 steps, delay = 0 steps, check = yes
  max neighbors/atom: 2000, page size: 100000
  master list distance cutoff = 5.77118
  ghost atom cutoff = 5.77118
  binsize = 2.88559, bins = 4 4 4
  1 neighbor lists, perpetual/occasional/extra = 1 0 0
  (1) pair sw, perpetual
      attributes: full, newton on
      pair build: full/bin/atomonly
      stencil: full/bin/3d
      bin: standard
Per MPI rank memory allocation (min/avg/max) = 3.074 | 3.074 | 3.074 Mbytes
   Step          Temp          E_pair         E_mol          TotEng         Press     
WARNING: Too many warnings: 138 vs 100. All future warnings will be suppressed (src/thermo.cpp:478)
         0   0             -275.65627      0             -275.65627     -5866.8696    
Loop time of 1.04e-06 on 1 procs for 0 steps with 64 atoms

0.0% CPU use with 1 MPI tasks x 1 OpenMP threads

MPI task timing breakdown:
Section |  min time  |  avg time  |  max time  |%varavg| %total
---------------------------------------------------------------
Pair    | 0          | 0          | 0          |   0.0 |  0.00
Neigh   | 0          | 0          | 0          |   0.0 |  0.00
Comm    | 0          | 0          | 0          |   0.0 |  0.00
Output  | 0          | 0          | 0          |   0.0 |  0.00
Modify  | 0          | 0          | 0          |   0.0 |  0.00
Other   |            | 1.04e-06   |            |       |100.00

Nlocal:             64 ave          64 max          64 min
Histogram: 1 0 0 0 0 0 0 0 0 0
Nghost:            557 ave         557 max         557 min
Histogram: 1 0 0 0 0 0 0 0 0 0
Neighs:              0 ave           0 max           0 min
Histogram: 1 0 0 0 0 0 0 0 0 0
FullNghs:         2186 ave        2186 max        2186 min
Histogram: 1 0 0 0 0 0 0 0 0 0

Total # of neighbors = 2186
Ave neighs/atom = 34.15625
Neighbor list builds = 0
Dangerous builds = 0
next i
jump SELF loop_struct
clear
  using 1 OpenMP thread(s) per MPI task
log energies.log append
units metal
boundary p p p
atom_style atomic
read_data Si222_${i}.in
read_data Si222_139.in
Reading data file ...
  orthogonal box = (0 0 0) to (10.887404 10.887404 10.887404)
  1 by 1 by 1 MPI processor grid
  reading atoms ...
  64 atoms
  reading velocities ...
  64 velocities
  read_data CPU = 0.001 seconds
mass 1 28.085
pair_style sw
pair_coeff * * Si.sw Si
Reading sw potential file Si.sw with DATE: 2007-06-11
run 0
Neighbor list info ...
  update: every = 1 steps, delay = 0 steps, check = yes
  max neighbors/atom: 2000, page size: 100000
  master list distance cutoff = 5.77118
  ghost atom cutoff = 5.77118
  binsize = 2.88559, bins = 4 4 4
  1 neighbor lists, perpetual/occasional/extra = 1 0 0
  (1) pair sw, perpetual
      attributes: full, newton on
      pair build: full/bin/atomonly
      stencil: full/bin/3d
      bin: standard
Per MPI rank memory allocation (min/avg/max) = 3.074 | 3.074 | 3.074 Mbytes
   Step          Temp          E_pair         E_mol          TotEng         Press     
WARNING: Too many warnings: 139 vs 100. All future warnings will be suppressed (src/thermo.cpp:478)
         0   0             -275.32177      0             -275.32177     -5684.9399    
Loop time of 1.01e-06 on 1 procs for 0 steps with 64 atoms

0.0% CPU use with 1 MPI tasks x 1 OpenMP threads

MPI task timing breakdown:
Section |  min time  |  avg time  |  max time  |%varavg| %total
---------------------------------------------------------------
Pair    | 0          | 0          | 0          |   0.0 |  0.00
Neigh   | 0          | 0          | 0          |   0.0 |  0.00
Comm    | 0          | 0          | 0          |   0.0 |  0.00
Output  | 0          | 0          | 0          |   0.0 |  0.00
Modify  | 0          | 0          | 0          |   0.0 |  0.00
Other   |            | 1.01e-06   |            |       |100.00

Nlocal:             64 ave          64 max          64 min
Histogram: 1 0 0 0 0 0 0 0 0 0
Nghost:            557 ave         557 max         557 min
Histogram: 1 0 0 0 0 0 0 0 0 0
Neighs:              0 ave           0 max           0 min
Histogram: 1 0 0 0 0 0 0 0 0 0
FullNghs:         2190 ave        2190 max        2190 min
Histogram: 1 0 0 0 0 0 0 0 0 0

Total # of neighbors = 2190
Ave neighs/atom = 34.21875
Neighbor list builds = 0
Dangerous builds = 0
next i
jump SELF loop_struct
clear
  using 1 OpenMP thread(s) per MPI task
log energies.log append
units metal
boundary p p p
atom_style atomic
read_data Si222_${i}.in
read_data Si222_140.in
Reading data file ...
  orthogonal box = (0 0 0) to (10.887404 10.887404 10.887404)
  1 by 1 by 1 MPI processor grid
  reading atoms ...
  64 atoms
  reading velocities ...
  64 velocities
  read_data CPU = 0.001 seconds
mass 1 28.085
pair_style sw
pair_coeff * * Si.sw Si
Reading sw potential file Si.sw with DATE: 2007-06-11
run 0
Neighbor list info ...
  update: every = 1 steps, delay = 0 steps, check = yes
  max neighbors/atom: 2000, page size: 100000
  master list distance cutoff = 5.77118
  ghost atom cutoff = 5.77118
  binsize = 2.88559, bins = 4 4 4
  1 neighbor lists, perpetual/occasional/extra = 1 0 0
  (1) pair sw, perpetual
      attributes: full, newton on
      pair build: full/bin/atomonly
      stencil: full/bin/3d
      bin: standard
Per MPI rank memory allocation (min/avg/max) = 3.064 | 3.064 | 3.064 Mbytes
   Step          Temp          E_pair         E_mol          TotEng         Press     
WARNING: Too many warnings: 140 vs 100. All future warnings will be suppressed (src/thermo.cpp:478)
         0   0             -275.87485      0             -275.87485     -6241.9359    
Loop time of 1.05e-06 on 1 procs for 0 steps with 64 atoms

0.0% CPU use with 1 MPI tasks x 1 OpenMP threads

MPI task timing breakdown:
Section |  min time  |  avg time  |  max time  |%varavg| %total
---------------------------------------------------------------
Pair    | 0          | 0          | 0          |   0.0 |  0.00
Neigh   | 0          | 0          | 0          |   0.0 |  0.00
Comm    | 0          | 0          | 0          |   0.0 |  0.00
Output  | 0          | 0          | 0          |   0.0 |  0.00
Modify  | 0          | 0          | 0          |   0.0 |  0.00
Other   |            | 1.05e-06   |            |       |100.00

Nlocal:             64 ave          64 max          64 min
Histogram: 1 0 0 0 0 0 0 0 0 0
Nghost:            557 ave         557 max         557 min
Histogram: 1 0 0 0 0 0 0 0 0 0
Neighs:              0 ave           0 max           0 min
Histogram: 1 0 0 0 0 0 0 0 0 0
FullNghs:         2182 ave        2182 max        2182 min
Histogram: 1 0 0 0 0 0 0 0 0 0

Total # of neighbors = 2182
Ave neighs/atom = 34.09375
Neighbor list builds = 0
Dangerous builds = 0
next i
jump SELF loop_struct
clear
  using 1 OpenMP thread(s) per MPI task
log energies.log append
units metal
boundary p p p
atom_style atomic
read_data Si222_${i}.in
read_data Si222_141.in
Reading data file ...
  orthogonal box = (0 0 0) to (10.887404 10.887404 10.887404)
  1 by 1 by 1 MPI processor grid
  reading atoms ...
  64 atoms
  reading velocities ...
  64 velocities
  read_data CPU = 0.001 seconds
mass 1 28.085
pair_style sw
pair_coeff * * Si.sw Si
Reading sw potential file Si.sw with DATE: 2007-06-11
run 0
Neighbor list info ...
  update: every = 1 steps, delay = 0 steps, check = yes
  max neighbors/atom: 2000, page size: 100000
  master list distance cutoff = 5.77118
  ghost atom cutoff = 5.77118
  binsize = 2.88559, bins = 4 4 4
  1 neighbor lists, perpetual/occasional/extra = 1 0 0
  (1) pair sw, perpetual
      attributes: full, newton on
      pair build: full/bin/atomonly
      stencil: full/bin/3d
      bin: standard
Per MPI rank memory allocation (min/avg/max) = 3.074 | 3.074 | 3.074 Mbytes
   Step          Temp          E_pair         E_mol          TotEng         Press     
WARNING: Too many warnings: 141 vs 100. All future warnings will be suppressed (src/thermo.cpp:478)
         0   0             -254.97785      0             -254.97785      45842.751    
Loop time of 1.16e-06 on 1 procs for 0 steps with 64 atoms

86.2% CPU use with 1 MPI tasks x 1 OpenMP threads

MPI task timing breakdown:
Section |  min time  |  avg time  |  max time  |%varavg| %total
---------------------------------------------------------------
Pair    | 0          | 0          | 0          |   0.0 |  0.00
Neigh   | 0          | 0          | 0          |   0.0 |  0.00
Comm    | 0          | 0          | 0          |   0.0 |  0.00
Output  | 0          | 0          | 0          |   0.0 |  0.00
Modify  | 0          | 0          | 0          |   0.0 |  0.00
Other   |            | 1.16e-06   |            |       |100.00

Nlocal:             64 ave          64 max          64 min
Histogram: 1 0 0 0 0 0 0 0 0 0
Nghost:            565 ave         565 max         565 min
Histogram: 1 0 0 0 0 0 0 0 0 0
Neighs:              0 ave           0 max           0 min
Histogram: 1 0 0 0 0 0 0 0 0 0
FullNghs:         2272 ave        2272 max        2272 min
Histogram: 1 0 0 0 0 0 0 0 0 0

Total # of neighbors = 2272
Ave neighs/atom = 35.5
Neighbor list builds = 0
Dangerous builds = 0
next i
jump SELF loop_struct
clear
  using 1 OpenMP thread(s) per MPI task
log energies.log append
units metal
boundary p p p
atom_style atomic
read_data Si222_${i}.in
read_data Si222_142.in
Reading data file ...
  orthogonal box = (0 0 0) to (10.887404 10.887404 10.887404)
  1 by 1 by 1 MPI processor grid
  reading atoms ...
  64 atoms
  reading velocities ...
  64 velocities
  read_data CPU = 0.001 seconds
mass 1 28.085
pair_style sw
pair_coeff * * Si.sw Si
Reading sw potential file Si.sw with DATE: 2007-06-11
run 0
Neighbor list info ...
  update: every = 1 steps, delay = 0 steps, check = yes
  max neighbors/atom: 2000, page size: 100000
  master list distance cutoff = 5.77118
  ghost atom cutoff = 5.77118
  binsize = 2.88559, bins = 4 4 4
  1 neighbor lists, perpetual/occasional/extra = 1 0 0
  (1) pair sw, perpetual
      attributes: full, newton on
      pair build: full/bin/atomonly
      stencil: full/bin/3d
      bin: standard
Per MPI rank memory allocation (min/avg/max) = 3.064 | 3.064 | 3.064 Mbytes
   Step          Temp          E_pair         E_mol          TotEng         Press     
WARNING: Too many warnings: 142 vs 100. All future warnings will be suppressed (src/thermo.cpp:478)
         0   0             -275.57041      0             -275.57041     -6217.7742    
Loop time of 1.14e-06 on 1 procs for 0 steps with 64 atoms

87.7% CPU use with 1 MPI tasks x 1 OpenMP threads

MPI task timing breakdown:
Section |  min time  |  avg time  |  max time  |%varavg| %total
---------------------------------------------------------------
Pair    | 0          | 0          | 0          |   0.0 |  0.00
Neigh   | 0          | 0          | 0          |   0.0 |  0.00
Comm    | 0          | 0          | 0          |   0.0 |  0.00
Output  | 0          | 0          | 0          |   0.0 |  0.00
Modify  | 0          | 0          | 0          |   0.0 |  0.00
Other   |            | 1.14e-06   |            |       |100.00

Nlocal:             64 ave          64 max          64 min
Histogram: 1 0 0 0 0 0 0 0 0 0
Nghost:            557 ave         557 max         557 min
Histogram: 1 0 0 0 0 0 0 0 0 0
Neighs:              0 ave           0 max           0 min
Histogram: 1 0 0 0 0 0 0 0 0 0
FullNghs:         2188 ave        2188 max        2188 min
Histogram: 1 0 0 0 0 0 0 0 0 0

Total # of neighbors = 2188
Ave neighs/atom = 34.1875
Neighbor list builds = 0
Dangerous builds = 0
next i
jump SELF loop_struct
clear
  using 1 OpenMP thread(s) per MPI task
log energies.log append
units metal
boundary p p p
atom_style atomic
read_data Si222_${i}.in
read_data Si222_143.in
Reading data file ...
  orthogonal box = (0 0 0) to (10.887404 10.887404 10.887404)
  1 by 1 by 1 MPI processor grid
  reading atoms ...
  64 atoms
  reading velocities ...
  64 velocities
  read_data CPU = 0.001 seconds
mass 1 28.085
pair_style sw
pair_coeff * * Si.sw Si
Reading sw potential file Si.sw with DATE: 2007-06-11
run 0
Neighbor list info ...
  update: every = 1 steps, delay = 0 steps, check = yes
  max neighbors/atom: 2000, page size: 100000
  master list distance cutoff = 5.77118
  ghost atom cutoff = 5.77118
  binsize = 2.88559, bins = 4 4 4
  1 neighbor lists, perpetual/occasional/extra = 1 0 0
  (1) pair sw, perpetual
      attributes: full, newton on
      pair build: full/bin/atomonly
      stencil: full/bin/3d
      bin: standard
Per MPI rank memory allocation (min/avg/max) = 3.064 | 3.064 | 3.064 Mbytes
   Step          Temp          E_pair         E_mol          TotEng         Press     
WARNING: Too many warnings: 143 vs 100. All future warnings will be suppressed (src/thermo.cpp:478)
         0   0             -275.66938      0             -275.66938     -5790.9884    
Loop time of 1.09e-06 on 1 procs for 0 steps with 64 atoms

183.5% CPU use with 1 MPI tasks x 1 OpenMP threads

MPI task timing breakdown:
Section |  min time  |  avg time  |  max time  |%varavg| %total
---------------------------------------------------------------
Pair    | 0          | 0          | 0          |   0.0 |  0.00
Neigh   | 0          | 0          | 0          |   0.0 |  0.00
Comm    | 0          | 0          | 0          |   0.0 |  0.00
Output  | 0          | 0          | 0          |   0.0 |  0.00
Modify  | 0          | 0          | 0          |   0.0 |  0.00
Other   |            | 1.09e-06   |            |       |100.00

Nlocal:             64 ave          64 max          64 min
Histogram: 1 0 0 0 0 0 0 0 0 0
Nghost:            557 ave         557 max         557 min
Histogram: 1 0 0 0 0 0 0 0 0 0
Neighs:              0 ave           0 max           0 min
Histogram: 1 0 0 0 0 0 0 0 0 0
FullNghs:         2182 ave        2182 max        2182 min
Histogram: 1 0 0 0 0 0 0 0 0 0

Total # of neighbors = 2182
Ave neighs/atom = 34.09375
Neighbor list builds = 0
Dangerous builds = 0
next i
jump SELF loop_struct
clear
  using 1 OpenMP thread(s) per MPI task
log energies.log append
units metal
boundary p p p
atom_style atomic
read_data Si222_${i}.in
read_data Si222_144.in
Reading data file ...
  orthogonal box = (0 0 0) to (10.887404 10.887404 10.887404)
  1 by 1 by 1 MPI processor grid
  reading atoms ...
  64 atoms
  reading velocities ...
  64 velocities
  read_data CPU = 0.001 seconds
mass 1 28.085
pair_style sw
pair_coeff * * Si.sw Si
Reading sw potential file Si.sw with DATE: 2007-06-11
run 0
Neighbor list info ...
  update: every = 1 steps, delay = 0 steps, check = yes
  max neighbors/atom: 2000, page size: 100000
  master list distance cutoff = 5.77118
  ghost atom cutoff = 5.77118
  binsize = 2.88559, bins = 4 4 4
  1 neighbor lists, perpetual/occasional/extra = 1 0 0
  (1) pair sw, perpetual
      attributes: full, newton on
      pair build: full/bin/atomonly
      stencil: full/bin/3d
      bin: standard
Per MPI rank memory allocation (min/avg/max) = 3.072 | 3.072 | 3.072 Mbytes
   Step          Temp          E_pair         E_mol          TotEng         Press     
WARNING: Too many warnings: 144 vs 100. All future warnings will be suppressed (src/thermo.cpp:478)
         0   0             -275.56656      0             -275.56656     -5879.1894    
Loop time of 1.04e-06 on 1 procs for 0 steps with 64 atoms

96.2% CPU use with 1 MPI tasks x 1 OpenMP threads

MPI task timing breakdown:
Section |  min time  |  avg time  |  max time  |%varavg| %total
---------------------------------------------------------------
Pair    | 0          | 0          | 0          |   0.0 |  0.00
Neigh   | 0          | 0          | 0          |   0.0 |  0.00
Comm    | 0          | 0          | 0          |   0.0 |  0.00
Output  | 0          | 0          | 0          |   0.0 |  0.00
Modify  | 0          | 0          | 0          |   0.0 |  0.00
Other   |            | 1.04e-06   |            |       |100.00

Nlocal:             64 ave          64 max          64 min
Histogram: 1 0 0 0 0 0 0 0 0 0
Nghost:            557 ave         557 max         557 min
Histogram: 1 0 0 0 0 0 0 0 0 0
Neighs:              0 ave           0 max           0 min
Histogram: 1 0 0 0 0 0 0 0 0 0
FullNghs:         2180 ave        2180 max        2180 min
Histogram: 1 0 0 0 0 0 0 0 0 0

Total # of neighbors = 2180
Ave neighs/atom = 34.0625
Neighbor list builds = 0
Dangerous builds = 0
next i
jump SELF loop_struct
clear
  using 1 OpenMP thread(s) per MPI task
log energies.log append
units metal
boundary p p p
atom_style atomic
read_data Si222_${i}.in
read_data Si222_145.in
Reading data file ...
  orthogonal box = (0 0 0) to (10.887404 10.887404 10.887404)
  1 by 1 by 1 MPI processor grid
  reading atoms ...
  64 atoms
  reading velocities ...
  64 velocities
  read_data CPU = 0.001 seconds
mass 1 28.085
pair_style sw
pair_coeff * * Si.sw Si
Reading sw potential file Si.sw with DATE: 2007-06-11
run 0
Neighbor list info ...
  update: every = 1 steps, delay = 0 steps, check = yes
  max neighbors/atom: 2000, page size: 100000
  master list distance cutoff = 5.77118
  ghost atom cutoff = 5.77118
  binsize = 2.88559, bins = 4 4 4
  1 neighbor lists, perpetual/occasional/extra = 1 0 0
  (1) pair sw, perpetual
      attributes: full, newton on
      pair build: full/bin/atomonly
      stencil: full/bin/3d
      bin: standard
Per MPI rank memory allocation (min/avg/max) = 3.063 | 3.063 | 3.063 Mbytes
   Step          Temp          E_pair         E_mol          TotEng         Press     
WARNING: Too many warnings: 145 vs 100. All future warnings will be suppressed (src/thermo.cpp:478)
         0   0             -246.52822      0             -246.52822      34001.31     
Loop time of 1.03e-06 on 1 procs for 0 steps with 64 atoms

0.0% CPU use with 1 MPI tasks x 1 OpenMP threads

MPI task timing breakdown:
Section |  min time  |  avg time  |  max time  |%varavg| %total
---------------------------------------------------------------
Pair    | 0          | 0          | 0          |   0.0 |  0.00
Neigh   | 0          | 0          | 0          |   0.0 |  0.00
Comm    | 0          | 0          | 0          |   0.0 |  0.00
Output  | 0          | 0          | 0          |   0.0 |  0.00
Modify  | 0          | 0          | 0          |   0.0 |  0.00
Other   |            | 1.03e-06   |            |       |100.00

Nlocal:             64 ave          64 max          64 min
Histogram: 1 0 0 0 0 0 0 0 0 0
Nghost:            481 ave         481 max         481 min
Histogram: 1 0 0 0 0 0 0 0 0 0
Neighs:              0 ave           0 max           0 min
Histogram: 1 0 0 0 0 0 0 0 0 0
FullNghs:         2278 ave        2278 max        2278 min
Histogram: 1 0 0 0 0 0 0 0 0 0

Total # of neighbors = 2278
Ave neighs/atom = 35.59375
Neighbor list builds = 0
Dangerous builds = 0
next i
jump SELF loop_struct
clear
  using 1 OpenMP thread(s) per MPI task
log energies.log append
units metal
boundary p p p
atom_style atomic
read_data Si222_${i}.in
read_data Si222_146.in
Reading data file ...
  orthogonal box = (0 0 0) to (10.887404 10.887404 10.887404)
  1 by 1 by 1 MPI processor grid
  reading atoms ...
  64 atoms
  reading velocities ...
  64 velocities
  read_data CPU = 0.001 seconds
mass 1 28.085
pair_style sw
pair_coeff * * Si.sw Si
Reading sw potential file Si.sw with DATE: 2007-06-11
run 0
Neighbor list info ...
  update: every = 1 steps, delay = 0 steps, check = yes
  max neighbors/atom: 2000, page size: 100000
  master list distance cutoff = 5.77118
  ghost atom cutoff = 5.77118
  binsize = 2.88559, bins = 4 4 4
  1 neighbor lists, perpetual/occasional/extra = 1 0 0
  (1) pair sw, perpetual
      attributes: full, newton on
      pair build: full/bin/atomonly
      stencil: full/bin/3d
      bin: standard
Per MPI rank memory allocation (min/avg/max) = 3.073 | 3.073 | 3.073 Mbytes
   Step          Temp          E_pair         E_mol          TotEng         Press     
WARNING: Too many warnings: 146 vs 100. All future warnings will be suppressed (src/thermo.cpp:478)
         0   0             -252.04681      0             -252.04681      47014.669    
Loop time of 1.04e-06 on 1 procs for 0 steps with 64 atoms

96.2% CPU use with 1 MPI tasks x 1 OpenMP threads

MPI task timing breakdown:
Section |  min time  |  avg time  |  max time  |%varavg| %total
---------------------------------------------------------------
Pair    | 0          | 0          | 0          |   0.0 |  0.00
Neigh   | 0          | 0          | 0          |   0.0 |  0.00
Comm    | 0          | 0          | 0          |   0.0 |  0.00
Output  | 0          | 0          | 0          |   0.0 |  0.00
Modify  | 0          | 0          | 0          |   0.0 |  0.00
Other   |            | 1.04e-06   |            |       |100.00

Nlocal:             64 ave          64 max          64 min
Histogram: 1 0 0 0 0 0 0 0 0 0
Nghost:            553 ave         553 max         553 min
Histogram: 1 0 0 0 0 0 0 0 0 0
Neighs:              0 ave           0 max           0 min
Histogram: 1 0 0 0 0 0 0 0 0 0
FullNghs:         2288 ave        2288 max        2288 min
Histogram: 1 0 0 0 0 0 0 0 0 0

Total # of neighbors = 2288
Ave neighs/atom = 35.75
Neighbor list builds = 0
Dangerous builds = 0
next i
jump SELF loop_struct
clear
  using 1 OpenMP thread(s) per MPI task
log energies.log append
units metal
boundary p p p
atom_style atomic
read_data Si222_${i}.in
read_data Si222_147.in
Reading data file ...
  orthogonal box = (0 0 0) to (10.887404 10.887404 10.887404)
  1 by 1 by 1 MPI processor grid
  reading atoms ...
  64 atoms
  reading velocities ...
  64 velocities
  read_data CPU = 0.001 seconds
mass 1 28.085
pair_style sw
pair_coeff * * Si.sw Si
Reading sw potential file Si.sw with DATE: 2007-06-11
run 0
Neighbor list info ...
  update: every = 1 steps, delay = 0 steps, check = yes
  max neighbors/atom: 2000, page size: 100000
  master list distance cutoff = 5.77118
  ghost atom cutoff = 5.77118
  binsize = 2.88559, bins = 4 4 4
  1 neighbor lists, perpetual/occasional/extra = 1 0 0
  (1) pair sw, perpetual
      attributes: full, newton on
      pair build: full/bin/atomonly
      stencil: full/bin/3d
      bin: standard
Per MPI rank memory allocation (min/avg/max) = 3.064 | 3.064 | 3.064 Mbytes
   Step          Temp          E_pair         E_mol          TotEng         Press     
WARNING: Too many warnings: 147 vs 100. All future warnings will be suppressed (src/thermo.cpp:478)
         0   0             -275.71341      0             -275.71341     -5951.6233    
Loop time of 1.07e-06 on 1 procs for 0 steps with 64 atoms

0.0% CPU use with 1 MPI tasks x 1 OpenMP threads

MPI task timing breakdown:
Section |  min time  |  avg time  |  max time  |%varavg| %total
---------------------------------------------------------------
Pair    | 0          | 0          | 0          |   0.0 |  0.00
Neigh   | 0          | 0          | 0          |   0.0 |  0.00
Comm    | 0          | 0          | 0          |   0.0 |  0.00
Output  | 0          | 0          | 0          |   0.0 |  0.00
Modify  | 0          | 0          | 0          |   0.0 |  0.00
Other   |            | 1.07e-06   |            |       |100.00

Nlocal:             64 ave          64 max          64 min
Histogram: 1 0 0 0 0 0 0 0 0 0
Nghost:            557 ave         557 max         557 min
Histogram: 1 0 0 0 0 0 0 0 0 0
Neighs:              0 ave           0 max           0 min
Histogram: 1 0 0 0 0 0 0 0 0 0
FullNghs:         2182 ave        2182 max        2182 min
Histogram: 1 0 0 0 0 0 0 0 0 0

Total # of neighbors = 2182
Ave neighs/atom = 34.09375
Neighbor list builds = 0
Dangerous builds = 0
next i
jump SELF loop_struct
clear
  using 1 OpenMP thread(s) per MPI task
log energies.log append
units metal
boundary p p p
atom_style atomic
read_data Si222_${i}.in
read_data Si222_148.in
Reading data file ...
  orthogonal box = (0 0 0) to (10.887404 10.887404 10.887404)
  1 by 1 by 1 MPI processor grid
  reading atoms ...
  64 atoms
  reading velocities ...
  64 velocities
  read_data CPU = 0.001 seconds
mass 1 28.085
pair_style sw
pair_coeff * * Si.sw Si
Reading sw potential file Si.sw with DATE: 2007-06-11
run 0
Neighbor list info ...
  update: every = 1 steps, delay = 0 steps, check = yes
  max neighbors/atom: 2000, page size: 100000
  master list distance cutoff = 5.77118
  ghost atom cutoff = 5.77118
  binsize = 2.88559, bins = 4 4 4
  1 neighbor lists, perpetual/occasional/extra = 1 0 0
  (1) pair sw, perpetual
      attributes: full, newton on
      pair build: full/bin/atomonly
      stencil: full/bin/3d
      bin: standard
Per MPI rank memory allocation (min/avg/max) = 3.074 | 3.074 | 3.074 Mbytes
   Step          Temp          E_pair         E_mol          TotEng         Press     
WARNING: Too many warnings: 148 vs 100. All future warnings will be suppressed (src/thermo.cpp:478)
         0   0             -275.19389      0             -275.19389     -5828.1423    
Loop time of 1.06e-06 on 1 procs for 0 steps with 64 atoms

94.3% CPU use with 1 MPI tasks x 1 OpenMP threads

MPI task timing breakdown:
Section |  min time  |  avg time  |  max time  |%varavg| %total
---------------------------------------------------------------
Pair    | 0          | 0          | 0          |   0.0 |  0.00
Neigh   | 0          | 0          | 0          |   0.0 |  0.00
Comm    | 0          | 0          | 0          |   0.0 |  0.00
Output  | 0          | 0          | 0          |   0.0 |  0.00
Modify  | 0          | 0          | 0          |   0.0 |  0.00
Other   |            | 1.06e-06   |            |       |100.00

Nlocal:             64 ave          64 max          64 min
Histogram: 1 0 0 0 0 0 0 0 0 0
Nghost:            557 ave         557 max         557 min
Histogram: 1 0 0 0 0 0 0 0 0 0
Neighs:              0 ave           0 max           0 min
Histogram: 1 0 0 0 0 0 0 0 0 0
FullNghs:         2182 ave        2182 max        2182 min
Histogram: 1 0 0 0 0 0 0 0 0 0

Total # of neighbors = 2182
Ave neighs/atom = 34.09375
Neighbor list builds = 0
Dangerous builds = 0
next i
jump SELF loop_struct
clear
  using 1 OpenMP thread(s) per MPI task
log energies.log append
units metal
boundary p p p
atom_style atomic
read_data Si222_${i}.in
read_data Si222_149.in
Reading data file ...
  orthogonal box = (0 0 0) to (10.887404 10.887404 10.887404)
  1 by 1 by 1 MPI processor grid
  reading atoms ...
  64 atoms
  reading velocities ...
  64 velocities
  read_data CPU = 0.001 seconds
mass 1 28.085
pair_style sw
pair_coeff * * Si.sw Si
Reading sw potential file Si.sw with DATE: 2007-06-11
run 0
Neighbor list info ...
  update: every = 1 steps, delay = 0 steps, check = yes
  max neighbors/atom: 2000, page size: 100000
  master list distance cutoff = 5.77118
  ghost atom cutoff = 5.77118
  binsize = 2.88559, bins = 4 4 4
  1 neighbor lists, perpetual/occasional/extra = 1 0 0
  (1) pair sw, perpetual
      attributes: full, newton on
      pair build: full/bin/atomonly
      stencil: full/bin/3d
      bin: standard
Per MPI rank memory allocation (min/avg/max) = 3.073 | 3.073 | 3.073 Mbytes
   Step          Temp          E_pair         E_mol          TotEng         Press     
WARNING: Too many warnings: 149 vs 100. All future warnings will be suppressed (src/thermo.cpp:478)
         0   0             -275.4049       0             -275.4049      -5494.745     
Loop time of 1.03e-06 on 1 procs for 0 steps with 64 atoms

97.1% CPU use with 1 MPI tasks x 1 OpenMP threads

MPI task timing breakdown:
Section |  min time  |  avg time  |  max time  |%varavg| %total
---------------------------------------------------------------
Pair    | 0          | 0          | 0          |   0.0 |  0.00
Neigh   | 0          | 0          | 0          |   0.0 |  0.00
Comm    | 0          | 0          | 0          |   0.0 |  0.00
Output  | 0          | 0          | 0          |   0.0 |  0.00
Modify  | 0          | 0          | 0          |   0.0 |  0.00
Other   |            | 1.03e-06   |            |       |100.00

Nlocal:             64 ave          64 max          64 min
Histogram: 1 0 0 0 0 0 0 0 0 0
Nghost:            557 ave         557 max         557 min
Histogram: 1 0 0 0 0 0 0 0 0 0
Neighs:              0 ave           0 max           0 min
Histogram: 1 0 0 0 0 0 0 0 0 0
FullNghs:         2184 ave        2184 max        2184 min
Histogram: 1 0 0 0 0 0 0 0 0 0

Total # of neighbors = 2184
Ave neighs/atom = 34.125
Neighbor list builds = 0
Dangerous builds = 0
next i
jump SELF loop_struct
clear
  using 1 OpenMP thread(s) per MPI task
log energies.log append
units metal
boundary p p p
atom_style atomic
read_data Si222_${i}.in
read_data Si222_150.in
Reading data file ...
  orthogonal box = (0 0 0) to (10.887404 10.887404 10.887404)
  1 by 1 by 1 MPI processor grid
  reading atoms ...
  64 atoms
  reading velocities ...
  64 velocities
  read_data CPU = 0.001 seconds
mass 1 28.085
pair_style sw
pair_coeff * * Si.sw Si
Reading sw potential file Si.sw with DATE: 2007-06-11
run 0
Neighbor list info ...
  update: every = 1 steps, delay = 0 steps, check = yes
  max neighbors/atom: 2000, page size: 100000
  master list distance cutoff = 5.77118
  ghost atom cutoff = 5.77118
  binsize = 2.88559, bins = 4 4 4
  1 neighbor lists, perpetual/occasional/extra = 1 0 0
  (1) pair sw, perpetual
      attributes: full, newton on
      pair build: full/bin/atomonly
      stencil: full/bin/3d
      bin: standard
Per MPI rank memory allocation (min/avg/max) = 3.074 | 3.074 | 3.074 Mbytes
   Step          Temp          E_pair         E_mol          TotEng         Press     
WARNING: Too many warnings: 150 vs 100. All future warnings will be suppressed (src/thermo.cpp:478)
         0   0             -275.21529      0             -275.21529     -5831.8573    
Loop time of 1.04e-06 on 1 procs for 0 steps with 64 atoms

96.2% CPU use with 1 MPI tasks x 1 OpenMP threads

MPI task timing breakdown:
Section |  min time  |  avg time  |  max time  |%varavg| %total
---------------------------------------------------------------
Pair    | 0          | 0          | 0          |   0.0 |  0.00
Neigh   | 0          | 0          | 0          |   0.0 |  0.00
Comm    | 0          | 0          | 0          |   0.0 |  0.00
Output  | 0          | 0          | 0          |   0.0 |  0.00
Modify  | 0          | 0          | 0          |   0.0 |  0.00
Other   |            | 1.04e-06   |            |       |100.00

Nlocal:             64 ave          64 max          64 min
Histogram: 1 0 0 0 0 0 0 0 0 0
Nghost:            557 ave         557 max         557 min
Histogram: 1 0 0 0 0 0 0 0 0 0
Neighs:              0 ave           0 max           0 min
Histogram: 1 0 0 0 0 0 0 0 0 0
FullNghs:         2190 ave        2190 max        2190 min
Histogram: 1 0 0 0 0 0 0 0 0 0

Total # of neighbors = 2190
Ave neighs/atom = 34.21875
Neighbor list builds = 0
Dangerous builds = 0
next i
jump SELF loop_struct
clear
  using 1 OpenMP thread(s) per MPI task
log energies.log append
units metal
boundary p p p
atom_style atomic
read_data Si222_${i}.in
read_data Si222_151.in
Reading data file ...
  orthogonal box = (0 0 0) to (10.887404 10.887404 10.887404)
  1 by 1 by 1 MPI processor grid
  reading atoms ...
  64 atoms
  reading velocities ...
  64 velocities
  read_data CPU = 0.001 seconds
mass 1 28.085
pair_style sw
pair_coeff * * Si.sw Si
Reading sw potential file Si.sw with DATE: 2007-06-11
run 0
Neighbor list info ...
  update: every = 1 steps, delay = 0 steps, check = yes
  max neighbors/atom: 2000, page size: 100000
  master list distance cutoff = 5.77118
  ghost atom cutoff = 5.77118
  binsize = 2.88559, bins = 4 4 4
  1 neighbor lists, perpetual/occasional/extra = 1 0 0
  (1) pair sw, perpetual
      attributes: full, newton on
      pair build: full/bin/atomonly
      stencil: full/bin/3d
      bin: standard
Per MPI rank memory allocation (min/avg/max) = 3.074 | 3.074 | 3.074 Mbytes
   Step          Temp          E_pair         E_mol          TotEng         Press     
WARNING: Too many warnings: 151 vs 100. All future warnings will be suppressed (src/thermo.cpp:478)
         0   0             -275.39536      0             -275.39536     -5919.2777    
Loop time of 1.06e-06 on 1 procs for 0 steps with 64 atoms

0.0% CPU use with 1 MPI tasks x 1 OpenMP threads

MPI task timing breakdown:
Section |  min time  |  avg time  |  max time  |%varavg| %total
---------------------------------------------------------------
Pair    | 0          | 0          | 0          |   0.0 |  0.00
Neigh   | 0          | 0          | 0          |   0.0 |  0.00
Comm    | 0          | 0          | 0          |   0.0 |  0.00
Output  | 0          | 0          | 0          |   0.0 |  0.00
Modify  | 0          | 0          | 0          |   0.0 |  0.00
Other   |            | 1.06e-06   |            |       |100.00

Nlocal:             64 ave          64 max          64 min
Histogram: 1 0 0 0 0 0 0 0 0 0
Nghost:            557 ave         557 max         557 min
Histogram: 1 0 0 0 0 0 0 0 0 0
Neighs:              0 ave           0 max           0 min
Histogram: 1 0 0 0 0 0 0 0 0 0
FullNghs:         2184 ave        2184 max        2184 min
Histogram: 1 0 0 0 0 0 0 0 0 0

Total # of neighbors = 2184
Ave neighs/atom = 34.125
Neighbor list builds = 0
Dangerous builds = 0
next i
jump SELF loop_struct
clear
  using 1 OpenMP thread(s) per MPI task
log energies.log append
units metal
boundary p p p
atom_style atomic
read_data Si222_${i}.in
read_data Si222_152.in
Reading data file ...
  orthogonal box = (0 0 0) to (10.887404 10.887404 10.887404)
  1 by 1 by 1 MPI processor grid
  reading atoms ...
  64 atoms
  reading velocities ...
  64 velocities
  read_data CPU = 0.001 seconds
mass 1 28.085
pair_style sw
pair_coeff * * Si.sw Si
Reading sw potential file Si.sw with DATE: 2007-06-11
run 0
Neighbor list info ...
  update: every = 1 steps, delay = 0 steps, check = yes
  max neighbors/atom: 2000, page size: 100000
  master list distance cutoff = 5.77118
  ghost atom cutoff = 5.77118
  binsize = 2.88559, bins = 4 4 4
  1 neighbor lists, perpetual/occasional/extra = 1 0 0
  (1) pair sw, perpetual
      attributes: full, newton on
      pair build: full/bin/atomonly
      stencil: full/bin/3d
      bin: standard
Per MPI rank memory allocation (min/avg/max) = 3.072 | 3.072 | 3.072 Mbytes
   Step          Temp          E_pair         E_mol          TotEng         Press     
WARNING: Too many warnings: 152 vs 100. All future warnings will be suppressed (src/thermo.cpp:478)
         0   0             -275.45293      0             -275.45293     -5772.7546    
Loop time of 1.05e-06 on 1 procs for 0 steps with 64 atoms

0.0% CPU use with 1 MPI tasks x 1 OpenMP threads

MPI task timing breakdown:
Section |  min time  |  avg time  |  max time  |%varavg| %total
---------------------------------------------------------------
Pair    | 0          | 0          | 0          |   0.0 |  0.00
Neigh   | 0          | 0          | 0          |   0.0 |  0.00
Comm    | 0          | 0          | 0          |   0.0 |  0.00
Output  | 0          | 0          | 0          |   0.0 |  0.00
Modify  | 0          | 0          | 0          |   0.0 |  0.00
Other   |            | 1.05e-06   |            |       |100.00

Nlocal:             64 ave          64 max          64 min
Histogram: 1 0 0 0 0 0 0 0 0 0
Nghost:            557 ave         557 max         557 min
Histogram: 1 0 0 0 0 0 0 0 0 0
Neighs:              0 ave           0 max           0 min
Histogram: 1 0 0 0 0 0 0 0 0 0
FullNghs:         2176 ave        2176 max        2176 min
Histogram: 1 0 0 0 0 0 0 0 0 0

Total # of neighbors = 2176
Ave neighs/atom = 34
Neighbor list builds = 0
Dangerous builds = 0
next i
jump SELF loop_struct
clear
  using 1 OpenMP thread(s) per MPI task
log energies.log append
units metal
boundary p p p
atom_style atomic
read_data Si222_${i}.in
read_data Si222_153.in
Reading data file ...
  orthogonal box = (0 0 0) to (10.887404 10.887404 10.887404)
  1 by 1 by 1 MPI processor grid
  reading atoms ...
  64 atoms
  reading velocities ...
  64 velocities
  read_data CPU = 0.001 seconds
mass 1 28.085
pair_style sw
pair_coeff * * Si.sw Si
Reading sw potential file Si.sw with DATE: 2007-06-11
run 0
Neighbor list info ...
  update: every = 1 steps, delay = 0 steps, check = yes
  max neighbors/atom: 2000, page size: 100000
  master list distance cutoff = 5.77118
  ghost atom cutoff = 5.77118
  binsize = 2.88559, bins = 4 4 4
  1 neighbor lists, perpetual/occasional/extra = 1 0 0
  (1) pair sw, perpetual
      attributes: full, newton on
      pair build: full/bin/atomonly
      stencil: full/bin/3d
      bin: standard
Per MPI rank memory allocation (min/avg/max) = 3.064 | 3.064 | 3.064 Mbytes
   Step          Temp          E_pair         E_mol          TotEng         Press     
WARNING: Too many warnings: 153 vs 100. All future warnings will be suppressed (src/thermo.cpp:478)
         0   0             -275.63454      0             -275.63454     -5944.0554    
Loop time of 1.09e-06 on 1 procs for 0 steps with 64 atoms

0.0% CPU use with 1 MPI tasks x 1 OpenMP threads

MPI task timing breakdown:
Section |  min time  |  avg time  |  max time  |%varavg| %total
---------------------------------------------------------------
Pair    | 0          | 0          | 0          |   0.0 |  0.00
Neigh   | 0          | 0          | 0          |   0.0 |  0.00
Comm    | 0          | 0          | 0          |   0.0 |  0.00
Output  | 0          | 0          | 0          |   0.0 |  0.00
Modify  | 0          | 0          | 0          |   0.0 |  0.00
Other   |            | 1.09e-06   |            |       |100.00

Nlocal:             64 ave          64 max          64 min
Histogram: 1 0 0 0 0 0 0 0 0 0
Nghost:            557 ave         557 max         557 min
Histogram: 1 0 0 0 0 0 0 0 0 0
Neighs:              0 ave           0 max           0 min
Histogram: 1 0 0 0 0 0 0 0 0 0
FullNghs:         2186 ave        2186 max        2186 min
Histogram: 1 0 0 0 0 0 0 0 0 0

Total # of neighbors = 2186
Ave neighs/atom = 34.15625
Neighbor list builds = 0
Dangerous builds = 0
next i
jump SELF loop_struct
clear
  using 1 OpenMP thread(s) per MPI task
log energies.log append
units metal
boundary p p p
atom_style atomic
read_data Si222_${i}.in
read_data Si222_154.in
Reading data file ...
  orthogonal box = (0 0 0) to (10.887404 10.887404 10.887404)
  1 by 1 by 1 MPI processor grid
  reading atoms ...
  64 atoms
  reading velocities ...
  64 velocities
  read_data CPU = 0.001 seconds
mass 1 28.085
pair_style sw
pair_coeff * * Si.sw Si
Reading sw potential file Si.sw with DATE: 2007-06-11
run 0
Neighbor list info ...
  update: every = 1 steps, delay = 0 steps, check = yes
  max neighbors/atom: 2000, page size: 100000
  master list distance cutoff = 5.77118
  ghost atom cutoff = 5.77118
  binsize = 2.88559, bins = 4 4 4
  1 neighbor lists, perpetual/occasional/extra = 1 0 0
  (1) pair sw, perpetual
      attributes: full, newton on
      pair build: full/bin/atomonly
      stencil: full/bin/3d
      bin: standard
Per MPI rank memory allocation (min/avg/max) = 3.073 | 3.073 | 3.073 Mbytes
   Step          Temp          E_pair         E_mol          TotEng         Press     
WARNING: Too many warnings: 154 vs 100. All future warnings will be suppressed (src/thermo.cpp:478)
         0   0             -252.73543      0             -252.73543      42904.214    
Loop time of 1.29e-06 on 1 procs for 0 steps with 64 atoms

0.0% CPU use with 1 MPI tasks x 1 OpenMP threads

MPI task timing breakdown:
Section |  min time  |  avg time  |  max time  |%varavg| %total
---------------------------------------------------------------
Pair    | 0          | 0          | 0          |   0.0 |  0.00
Neigh   | 0          | 0          | 0          |   0.0 |  0.00
Comm    | 0          | 0          | 0          |   0.0 |  0.00
Output  | 0          | 0          | 0          |   0.0 |  0.00
Modify  | 0          | 0          | 0          |   0.0 |  0.00
Other   |            | 1.29e-06   |            |       |100.00

Nlocal:             64 ave          64 max          64 min
Histogram: 1 0 0 0 0 0 0 0 0 0
Nghost:            549 ave         549 max         549 min
Histogram: 1 0 0 0 0 0 0 0 0 0
Neighs:              0 ave           0 max           0 min
Histogram: 1 0 0 0 0 0 0 0 0 0
FullNghs:         2266 ave        2266 max        2266 min
Histogram: 1 0 0 0 0 0 0 0 0 0

Total # of neighbors = 2266
Ave neighs/atom = 35.40625
Neighbor list builds = 0
Dangerous builds = 0
next i
jump SELF loop_struct
clear
  using 1 OpenMP thread(s) per MPI task
log energies.log append
units metal
boundary p p p
atom_style atomic
read_data Si222_${i}.in
read_data Si222_155.in
Reading data file ...
  orthogonal box = (0 0 0) to (10.887404 10.887404 10.887404)
  1 by 1 by 1 MPI processor grid
  reading atoms ...
  64 atoms
  reading velocities ...
  64 velocities
  read_data CPU = 0.001 seconds
mass 1 28.085
pair_style sw
pair_coeff * * Si.sw Si
Reading sw potential file Si.sw with DATE: 2007-06-11
run 0
Neighbor list info ...
  update: every = 1 steps, delay = 0 steps, check = yes
  max neighbors/atom: 2000, page size: 100000
  master list distance cutoff = 5.77118
  ghost atom cutoff = 5.77118
  binsize = 2.88559, bins = 4 4 4
  1 neighbor lists, perpetual/occasional/extra = 1 0 0
  (1) pair sw, perpetual
      attributes: full, newton on
      pair build: full/bin/atomonly
      stencil: full/bin/3d
      bin: standard
Per MPI rank memory allocation (min/avg/max) = 3.074 | 3.074 | 3.074 Mbytes
   Step          Temp          E_pair         E_mol          TotEng         Press     
WARNING: Too many warnings: 155 vs 100. All future warnings will be suppressed (src/thermo.cpp:478)
         0   0             -253.27329      0             -253.27329      51544.381    
Loop time of 1.05e-06 on 1 procs for 0 steps with 64 atoms

0.0% CPU use with 1 MPI tasks x 1 OpenMP threads

MPI task timing breakdown:
Section |  min time  |  avg time  |  max time  |%varavg| %total
---------------------------------------------------------------
Pair    | 0          | 0          | 0          |   0.0 |  0.00
Neigh   | 0          | 0          | 0          |   0.0 |  0.00
Comm    | 0          | 0          | 0          |   0.0 |  0.00
Output  | 0          | 0          | 0          |   0.0 |  0.00
Modify  | 0          | 0          | 0          |   0.0 |  0.00
Other   |            | 1.05e-06   |            |       |100.00

Nlocal:             64 ave          64 max          64 min
Histogram: 1 0 0 0 0 0 0 0 0 0
Nghost:            565 ave         565 max         565 min
Histogram: 1 0 0 0 0 0 0 0 0 0
Neighs:              0 ave           0 max           0 min
Histogram: 1 0 0 0 0 0 0 0 0 0
FullNghs:         2254 ave        2254 max        2254 min
Histogram: 1 0 0 0 0 0 0 0 0 0

Total # of neighbors = 2254
Ave neighs/atom = 35.21875
Neighbor list builds = 0
Dangerous builds = 0
next i
jump SELF loop_struct
clear
  using 1 OpenMP thread(s) per MPI task
log energies.log append
units metal
boundary p p p
atom_style atomic
read_data Si222_${i}.in
read_data Si222_156.in
Reading data file ...
  orthogonal box = (0 0 0) to (10.887404 10.887404 10.887404)
  1 by 1 by 1 MPI processor grid
  reading atoms ...
  64 atoms
  reading velocities ...
  64 velocities
  read_data CPU = 0.001 seconds
mass 1 28.085
pair_style sw
pair_coeff * * Si.sw Si
Reading sw potential file Si.sw with DATE: 2007-06-11
run 0
Neighbor list info ...
  update: every = 1 steps, delay = 0 steps, check = yes
  max neighbors/atom: 2000, page size: 100000
  master list distance cutoff = 5.77118
  ghost atom cutoff = 5.77118
  binsize = 2.88559, bins = 4 4 4
  1 neighbor lists, perpetual/occasional/extra = 1 0 0
  (1) pair sw, perpetual
      attributes: full, newton on
      pair build: full/bin/atomonly
      stencil: full/bin/3d
      bin: standard
Per MPI rank memory allocation (min/avg/max) = 3.072 | 3.072 | 3.072 Mbytes
   Step          Temp          E_pair         E_mol          TotEng         Press     
WARNING: Too many warnings: 156 vs 100. All future warnings will be suppressed (src/thermo.cpp:478)
         0   0             -275.6939       0             -275.6939      -6179.0548    
Loop time of 1.09e-06 on 1 procs for 0 steps with 64 atoms

91.7% CPU use with 1 MPI tasks x 1 OpenMP threads

MPI task timing breakdown:
Section |  min time  |  avg time  |  max time  |%varavg| %total
---------------------------------------------------------------
Pair    | 0          | 0          | 0          |   0.0 |  0.00
Neigh   | 0          | 0          | 0          |   0.0 |  0.00
Comm    | 0          | 0          | 0          |   0.0 |  0.00
Output  | 0          | 0          | 0          |   0.0 |  0.00
Modify  | 0          | 0          | 0          |   0.0 |  0.00
Other   |            | 1.09e-06   |            |       |100.00

Nlocal:             64 ave          64 max          64 min
Histogram: 1 0 0 0 0 0 0 0 0 0
Nghost:            557 ave         557 max         557 min
Histogram: 1 0 0 0 0 0 0 0 0 0
Neighs:              0 ave           0 max           0 min
Histogram: 1 0 0 0 0 0 0 0 0 0
FullNghs:         2190 ave        2190 max        2190 min
Histogram: 1 0 0 0 0 0 0 0 0 0

Total # of neighbors = 2190
Ave neighs/atom = 34.21875
Neighbor list builds = 0
Dangerous builds = 0
next i
jump SELF loop_struct
clear
  using 1 OpenMP thread(s) per MPI task
log energies.log append
units metal
boundary p p p
atom_style atomic
read_data Si222_${i}.in
read_data Si222_157.in
Reading data file ...
  orthogonal box = (0 0 0) to (10.887404 10.887404 10.887404)
  1 by 1 by 1 MPI processor grid
  reading atoms ...
  64 atoms
  reading velocities ...
  64 velocities
  read_data CPU = 0.001 seconds
mass 1 28.085
pair_style sw
pair_coeff * * Si.sw Si
Reading sw potential file Si.sw with DATE: 2007-06-11
run 0
Neighbor list info ...
  update: every = 1 steps, delay = 0 steps, check = yes
  max neighbors/atom: 2000, page size: 100000
  master list distance cutoff = 5.77118
  ghost atom cutoff = 5.77118
  binsize = 2.88559, bins = 4 4 4
  1 neighbor lists, perpetual/occasional/extra = 1 0 0
  (1) pair sw, perpetual
      attributes: full, newton on
      pair build: full/bin/atomonly
      stencil: full/bin/3d
      bin: standard
Per MPI rank memory allocation (min/avg/max) = 3.074 | 3.074 | 3.074 Mbytes
   Step          Temp          E_pair         E_mol          TotEng         Press     
WARNING: Too many warnings: 157 vs 100. All future warnings will be suppressed (src/thermo.cpp:478)
         0   0             -275.42482      0             -275.42482     -5446.8022    
Loop time of 1.08e-06 on 1 procs for 0 steps with 64 atoms

0.0% CPU use with 1 MPI tasks x 1 OpenMP threads

MPI task timing breakdown:
Section |  min time  |  avg time  |  max time  |%varavg| %total
---------------------------------------------------------------
Pair    | 0          | 0          | 0          |   0.0 |  0.00
Neigh   | 0          | 0          | 0          |   0.0 |  0.00
Comm    | 0          | 0          | 0          |   0.0 |  0.00
Output  | 0          | 0          | 0          |   0.0 |  0.00
Modify  | 0          | 0          | 0          |   0.0 |  0.00
Other   |            | 1.08e-06   |            |       |100.00

Nlocal:             64 ave          64 max          64 min
Histogram: 1 0 0 0 0 0 0 0 0 0
Nghost:            557 ave         557 max         557 min
Histogram: 1 0 0 0 0 0 0 0 0 0
Neighs:              0 ave           0 max           0 min
Histogram: 1 0 0 0 0 0 0 0 0 0
FullNghs:         2184 ave        2184 max        2184 min
Histogram: 1 0 0 0 0 0 0 0 0 0

Total # of neighbors = 2184
Ave neighs/atom = 34.125
Neighbor list builds = 0
Dangerous builds = 0
next i
jump SELF loop_struct
clear
  using 1 OpenMP thread(s) per MPI task
log energies.log append
units metal
boundary p p p
atom_style atomic
read_data Si222_${i}.in
read_data Si222_158.in
Reading data file ...
  orthogonal box = (0 0 0) to (10.887404 10.887404 10.887404)
  1 by 1 by 1 MPI processor grid
  reading atoms ...
  64 atoms
  reading velocities ...
  64 velocities
  read_data CPU = 0.001 seconds
mass 1 28.085
pair_style sw
pair_coeff * * Si.sw Si
Reading sw potential file Si.sw with DATE: 2007-06-11
run 0
Neighbor list info ...
  update: every = 1 steps, delay = 0 steps, check = yes
  max neighbors/atom: 2000, page size: 100000
  master list distance cutoff = 5.77118
  ghost atom cutoff = 5.77118
  binsize = 2.88559, bins = 4 4 4
  1 neighbor lists, perpetual/occasional/extra = 1 0 0
  (1) pair sw, perpetual
      attributes: full, newton on
      pair build: full/bin/atomonly
      stencil: full/bin/3d
      bin: standard
Per MPI rank memory allocation (min/avg/max) = 3.072 | 3.072 | 3.072 Mbytes
   Step          Temp          E_pair         E_mol          TotEng         Press     
WARNING: Too many warnings: 158 vs 100. All future warnings will be suppressed (src/thermo.cpp:478)
         0   0             -255.37056      0             -255.37056      44054.455    
Loop time of 1.06e-06 on 1 procs for 0 steps with 64 atoms

0.0% CPU use with 1 MPI tasks x 1 OpenMP threads

MPI task timing breakdown:
Section |  min time  |  avg time  |  max time  |%varavg| %total
---------------------------------------------------------------
Pair    | 0          | 0          | 0          |   0.0 |  0.00
Neigh   | 0          | 0          | 0          |   0.0 |  0.00
Comm    | 0          | 0          | 0          |   0.0 |  0.00
Output  | 0          | 0          | 0          |   0.0 |  0.00
Modify  | 0          | 0          | 0          |   0.0 |  0.00
Other   |            | 1.06e-06   |            |       |100.00

Nlocal:             64 ave          64 max          64 min
Histogram: 1 0 0 0 0 0 0 0 0 0
Nghost:            557 ave         557 max         557 min
Histogram: 1 0 0 0 0 0 0 0 0 0
Neighs:              0 ave           0 max           0 min
Histogram: 1 0 0 0 0 0 0 0 0 0
FullNghs:         2274 ave        2274 max        2274 min
Histogram: 1 0 0 0 0 0 0 0 0 0

Total # of neighbors = 2274
Ave neighs/atom = 35.53125
Neighbor list builds = 0
Dangerous builds = 0
next i
jump SELF loop_struct
clear
  using 1 OpenMP thread(s) per MPI task
log energies.log append
units metal
boundary p p p
atom_style atomic
read_data Si222_${i}.in
read_data Si222_159.in
Reading data file ...
  orthogonal box = (0 0 0) to (10.887404 10.887404 10.887404)
  1 by 1 by 1 MPI processor grid
  reading atoms ...
  64 atoms
  reading velocities ...
  64 velocities
  read_data CPU = 0.001 seconds
mass 1 28.085
pair_style sw
pair_coeff * * Si.sw Si
Reading sw potential file Si.sw with DATE: 2007-06-11
run 0
Neighbor list info ...
  update: every = 1 steps, delay = 0 steps, check = yes
  max neighbors/atom: 2000, page size: 100000
  master list distance cutoff = 5.77118
  ghost atom cutoff = 5.77118
  binsize = 2.88559, bins = 4 4 4
  1 neighbor lists, perpetual/occasional/extra = 1 0 0
  (1) pair sw, perpetual
      attributes: full, newton on
      pair build: full/bin/atomonly
      stencil: full/bin/3d
      bin: standard
Per MPI rank memory allocation (min/avg/max) = 3.063 | 3.063 | 3.063 Mbytes
   Step          Temp          E_pair         E_mol          TotEng         Press     
WARNING: Too many warnings: 159 vs 100. All future warnings will be suppressed (src/thermo.cpp:478)
         0   0             -244.5194       0             -244.5194       39345.946    
Loop time of 1.05e-06 on 1 procs for 0 steps with 64 atoms

95.2% CPU use with 1 MPI tasks x 1 OpenMP threads

MPI task timing breakdown:
Section |  min time  |  avg time  |  max time  |%varavg| %total
---------------------------------------------------------------
Pair    | 0          | 0          | 0          |   0.0 |  0.00
Neigh   | 0          | 0          | 0          |   0.0 |  0.00
Comm    | 0          | 0          | 0          |   0.0 |  0.00
Output  | 0          | 0          | 0          |   0.0 |  0.00
Modify  | 0          | 0          | 0          |   0.0 |  0.00
Other   |            | 1.05e-06   |            |       |100.00

Nlocal:             64 ave          64 max          64 min
Histogram: 1 0 0 0 0 0 0 0 0 0
Nghost:            511 ave         511 max         511 min
Histogram: 1 0 0 0 0 0 0 0 0 0
Neighs:              0 ave           0 max           0 min
Histogram: 1 0 0 0 0 0 0 0 0 0
FullNghs:         2246 ave        2246 max        2246 min
Histogram: 1 0 0 0 0 0 0 0 0 0

Total # of neighbors = 2246
Ave neighs/atom = 35.09375
Neighbor list builds = 0
Dangerous builds = 0
next i
jump SELF loop_struct
clear
  using 1 OpenMP thread(s) per MPI task
log energies.log append
units metal
boundary p p p
atom_style atomic
read_data Si222_${i}.in
read_data Si222_160.in
Reading data file ...
  orthogonal box = (0 0 0) to (10.887404 10.887404 10.887404)
  1 by 1 by 1 MPI processor grid
  reading atoms ...
  64 atoms
  reading velocities ...
  64 velocities
  read_data CPU = 0.001 seconds
mass 1 28.085
pair_style sw
pair_coeff * * Si.sw Si
Reading sw potential file Si.sw with DATE: 2007-06-11
run 0
Neighbor list info ...
  update: every = 1 steps, delay = 0 steps, check = yes
  max neighbors/atom: 2000, page size: 100000
  master list distance cutoff = 5.77118
  ghost atom cutoff = 5.77118
  binsize = 2.88559, bins = 4 4 4
  1 neighbor lists, perpetual/occasional/extra = 1 0 0
  (1) pair sw, perpetual
      attributes: full, newton on
      pair build: full/bin/atomonly
      stencil: full/bin/3d
      bin: standard
Per MPI rank memory allocation (min/avg/max) = 3.074 | 3.074 | 3.074 Mbytes
   Step          Temp          E_pair         E_mol          TotEng         Press     
WARNING: Too many warnings: 160 vs 100. All future warnings will be suppressed (src/thermo.cpp:478)
         0   0             -275.56334      0             -275.56334     -6189.7414    
Loop time of 1.03e-06 on 1 procs for 0 steps with 64 atoms

0.0% CPU use with 1 MPI tasks x 1 OpenMP threads

MPI task timing breakdown:
Section |  min time  |  avg time  |  max time  |%varavg| %total
---------------------------------------------------------------
Pair    | 0          | 0          | 0          |   0.0 |  0.00
Neigh   | 0          | 0          | 0          |   0.0 |  0.00
Comm    | 0          | 0          | 0          |   0.0 |  0.00
Output  | 0          | 0          | 0          |   0.0 |  0.00
Modify  | 0          | 0          | 0          |   0.0 |  0.00
Other   |            | 1.03e-06   |            |       |100.00

Nlocal:             64 ave          64 max          64 min
Histogram: 1 0 0 0 0 0 0 0 0 0
Nghost:            557 ave         557 max         557 min
Histogram: 1 0 0 0 0 0 0 0 0 0
Neighs:              0 ave           0 max           0 min
Histogram: 1 0 0 0 0 0 0 0 0 0
FullNghs:         2184 ave        2184 max        2184 min
Histogram: 1 0 0 0 0 0 0 0 0 0

Total # of neighbors = 2184
Ave neighs/atom = 34.125
Neighbor list builds = 0
Dangerous builds = 0
next i
jump SELF loop_struct
clear
  using 1 OpenMP thread(s) per MPI task
log energies.log append
units metal
boundary p p p
atom_style atomic
read_data Si222_${i}.in
read_data Si222_161.in
Reading data file ...
  orthogonal box = (0 0 0) to (10.887404 10.887404 10.887404)
  1 by 1 by 1 MPI processor grid
  reading atoms ...
  64 atoms
  reading velocities ...
  64 velocities
  read_data CPU = 0.001 seconds
mass 1 28.085
pair_style sw
pair_coeff * * Si.sw Si
Reading sw potential file Si.sw with DATE: 2007-06-11
run 0
Neighbor list info ...
  update: every = 1 steps, delay = 0 steps, check = yes
  max neighbors/atom: 2000, page size: 100000
  master list distance cutoff = 5.77118
  ghost atom cutoff = 5.77118
  binsize = 2.88559, bins = 4 4 4
  1 neighbor lists, perpetual/occasional/extra = 1 0 0
  (1) pair sw, perpetual
      attributes: full, newton on
      pair build: full/bin/atomonly
      stencil: full/bin/3d
      bin: standard
Per MPI rank memory allocation (min/avg/max) = 3.074 | 3.074 | 3.074 Mbytes
   Step          Temp          E_pair         E_mol          TotEng         Press     
WARNING: Too many warnings: 161 vs 100. All future warnings will be suppressed (src/thermo.cpp:478)
         0   0             -275.395        0             -275.395       -5487.04      
Loop time of 1.05e-06 on 1 procs for 0 steps with 64 atoms

0.0% CPU use with 1 MPI tasks x 1 OpenMP threads

MPI task timing breakdown:
Section |  min time  |  avg time  |  max time  |%varavg| %total
---------------------------------------------------------------
Pair    | 0          | 0          | 0          |   0.0 |  0.00
Neigh   | 0          | 0          | 0          |   0.0 |  0.00
Comm    | 0          | 0          | 0          |   0.0 |  0.00
Output  | 0          | 0          | 0          |   0.0 |  0.00
Modify  | 0          | 0          | 0          |   0.0 |  0.00
Other   |            | 1.05e-06   |            |       |100.00

Nlocal:             64 ave          64 max          64 min
Histogram: 1 0 0 0 0 0 0 0 0 0
Nghost:            557 ave         557 max         557 min
Histogram: 1 0 0 0 0 0 0 0 0 0
Neighs:              0 ave           0 max           0 min
Histogram: 1 0 0 0 0 0 0 0 0 0
FullNghs:         2178 ave        2178 max        2178 min
Histogram: 1 0 0 0 0 0 0 0 0 0

Total # of neighbors = 2178
Ave neighs/atom = 34.03125
Neighbor list builds = 0
Dangerous builds = 0
next i
jump SELF loop_struct
clear
  using 1 OpenMP thread(s) per MPI task
log energies.log append
units metal
boundary p p p
atom_style atomic
read_data Si222_${i}.in
read_data Si222_162.in
Reading data file ...
  orthogonal box = (0 0 0) to (10.887404 10.887404 10.887404)
  1 by 1 by 1 MPI processor grid
  reading atoms ...
  64 atoms
  reading velocities ...
  64 velocities
  read_data CPU = 0.001 seconds
mass 1 28.085
pair_style sw
pair_coeff * * Si.sw Si
Reading sw potential file Si.sw with DATE: 2007-06-11
run 0
Neighbor list info ...
  update: every = 1 steps, delay = 0 steps, check = yes
  max neighbors/atom: 2000, page size: 100000
  master list distance cutoff = 5.77118
  ghost atom cutoff = 5.77118
  binsize = 2.88559, bins = 4 4 4
  1 neighbor lists, perpetual/occasional/extra = 1 0 0
  (1) pair sw, perpetual
      attributes: full, newton on
      pair build: full/bin/atomonly
      stencil: full/bin/3d
      bin: standard
Per MPI rank memory allocation (min/avg/max) = 3.073 | 3.073 | 3.073 Mbytes
   Step          Temp          E_pair         E_mol          TotEng         Press     
WARNING: Too many warnings: 162 vs 100. All future warnings will be suppressed (src/thermo.cpp:478)
         0   0             -275.53421      0             -275.53421     -5916.2803    
Loop time of 1.08e-06 on 1 procs for 0 steps with 64 atoms

0.0% CPU use with 1 MPI tasks x 1 OpenMP threads

MPI task timing breakdown:
Section |  min time  |  avg time  |  max time  |%varavg| %total
---------------------------------------------------------------
Pair    | 0          | 0          | 0          |   0.0 |  0.00
Neigh   | 0          | 0          | 0          |   0.0 |  0.00
Comm    | 0          | 0          | 0          |   0.0 |  0.00
Output  | 0          | 0          | 0          |   0.0 |  0.00
Modify  | 0          | 0          | 0          |   0.0 |  0.00
Other   |            | 1.08e-06   |            |       |100.00

Nlocal:             64 ave          64 max          64 min
Histogram: 1 0 0 0 0 0 0 0 0 0
Nghost:            557 ave         557 max         557 min
Histogram: 1 0 0 0 0 0 0 0 0 0
Neighs:              0 ave           0 max           0 min
Histogram: 1 0 0 0 0 0 0 0 0 0
FullNghs:         2186 ave        2186 max        2186 min
Histogram: 1 0 0 0 0 0 0 0 0 0

Total # of neighbors = 2186
Ave neighs/atom = 34.15625
Neighbor list builds = 0
Dangerous builds = 0
next i
jump SELF loop_struct
clear
  using 1 OpenMP thread(s) per MPI task
log energies.log append
units metal
boundary p p p
atom_style atomic
read_data Si222_${i}.in
read_data Si222_163.in
Reading data file ...
  orthogonal box = (0 0 0) to (10.887404 10.887404 10.887404)
  1 by 1 by 1 MPI processor grid
  reading atoms ...
  64 atoms
  reading velocities ...
  64 velocities
  read_data CPU = 0.001 seconds
mass 1 28.085
pair_style sw
pair_coeff * * Si.sw Si
Reading sw potential file Si.sw with DATE: 2007-06-11
run 0
Neighbor list info ...
  update: every = 1 steps, delay = 0 steps, check = yes
  max neighbors/atom: 2000, page size: 100000
  master list distance cutoff = 5.77118
  ghost atom cutoff = 5.77118
  binsize = 2.88559, bins = 4 4 4
  1 neighbor lists, perpetual/occasional/extra = 1 0 0
  (1) pair sw, perpetual
      attributes: full, newton on
      pair build: full/bin/atomonly
      stencil: full/bin/3d
      bin: standard
Per MPI rank memory allocation (min/avg/max) = 3.072 | 3.072 | 3.072 Mbytes
   Step          Temp          E_pair         E_mol          TotEng         Press     
WARNING: Too many warnings: 163 vs 100. All future warnings will be suppressed (src/thermo.cpp:478)
         0   0             -275.92328      0             -275.92328     -5964.1931    
Loop time of 1.09e-06 on 1 procs for 0 steps with 64 atoms

91.7% CPU use with 1 MPI tasks x 1 OpenMP threads

MPI task timing breakdown:
Section |  min time  |  avg time  |  max time  |%varavg| %total
---------------------------------------------------------------
Pair    | 0          | 0          | 0          |   0.0 |  0.00
Neigh   | 0          | 0          | 0          |   0.0 |  0.00
Comm    | 0          | 0          | 0          |   0.0 |  0.00
Output  | 0          | 0          | 0          |   0.0 |  0.00
Modify  | 0          | 0          | 0          |   0.0 |  0.00
Other   |            | 1.09e-06   |            |       |100.00

Nlocal:             64 ave          64 max          64 min
Histogram: 1 0 0 0 0 0 0 0 0 0
Nghost:            557 ave         557 max         557 min
Histogram: 1 0 0 0 0 0 0 0 0 0
Neighs:              0 ave           0 max           0 min
Histogram: 1 0 0 0 0 0 0 0 0 0
FullNghs:         2180 ave        2180 max        2180 min
Histogram: 1 0 0 0 0 0 0 0 0 0

Total # of neighbors = 2180
Ave neighs/atom = 34.0625
Neighbor list builds = 0
Dangerous builds = 0
next i
jump SELF loop_struct
clear
  using 1 OpenMP thread(s) per MPI task
log energies.log append
units metal
boundary p p p
atom_style atomic
read_data Si222_${i}.in
read_data Si222_164.in
Reading data file ...
  orthogonal box = (0 0 0) to (10.887404 10.887404 10.887404)
  1 by 1 by 1 MPI processor grid
  reading atoms ...
  64 atoms
  reading velocities ...
  64 velocities
  read_data CPU = 0.001 seconds
mass 1 28.085
pair_style sw
pair_coeff * * Si.sw Si
Reading sw potential file Si.sw with DATE: 2007-06-11
run 0
Neighbor list info ...
  update: every = 1 steps, delay = 0 steps, check = yes
  max neighbors/atom: 2000, page size: 100000
  master list distance cutoff = 5.77118
  ghost atom cutoff = 5.77118
  binsize = 2.88559, bins = 4 4 4
  1 neighbor lists, perpetual/occasional/extra = 1 0 0
  (1) pair sw, perpetual
      attributes: full, newton on
      pair build: full/bin/atomonly
      stencil: full/bin/3d
      bin: standard
Per MPI rank memory allocation (min/avg/max) = 3.074 | 3.074 | 3.074 Mbytes
   Step          Temp          E_pair         E_mol          TotEng         Press     
WARNING: Too many warnings: 164 vs 100. All future warnings will be suppressed (src/thermo.cpp:478)
         0   0             -275.5643       0             -275.5643      -5798.3025    
Loop time of 1.3e-06 on 1 procs for 0 steps with 64 atoms

0.0% CPU use with 1 MPI tasks x 1 OpenMP threads

MPI task timing breakdown:
Section |  min time  |  avg time  |  max time  |%varavg| %total
---------------------------------------------------------------
Pair    | 0          | 0          | 0          |   0.0 |  0.00
Neigh   | 0          | 0          | 0          |   0.0 |  0.00
Comm    | 0          | 0          | 0          |   0.0 |  0.00
Output  | 0          | 0          | 0          |   0.0 |  0.00
Modify  | 0          | 0          | 0          |   0.0 |  0.00
Other   |            | 1.3e-06    |            |       |100.00

Nlocal:             64 ave          64 max          64 min
Histogram: 1 0 0 0 0 0 0 0 0 0
Nghost:            557 ave         557 max         557 min
Histogram: 1 0 0 0 0 0 0 0 0 0
Neighs:              0 ave           0 max           0 min
Histogram: 1 0 0 0 0 0 0 0 0 0
FullNghs:         2186 ave        2186 max        2186 min
Histogram: 1 0 0 0 0 0 0 0 0 0

Total # of neighbors = 2186
Ave neighs/atom = 34.15625
Neighbor list builds = 0
Dangerous builds = 0
next i
jump SELF loop_struct
clear
  using 1 OpenMP thread(s) per MPI task
log energies.log append
units metal
boundary p p p
atom_style atomic
read_data Si222_${i}.in
read_data Si222_165.in
Reading data file ...
  orthogonal box = (0 0 0) to (10.887404 10.887404 10.887404)
  1 by 1 by 1 MPI processor grid
  reading atoms ...
  64 atoms
  reading velocities ...
  64 velocities
  read_data CPU = 0.001 seconds
mass 1 28.085
pair_style sw
pair_coeff * * Si.sw Si
Reading sw potential file Si.sw with DATE: 2007-06-11
run 0
Neighbor list info ...
  update: every = 1 steps, delay = 0 steps, check = yes
  max neighbors/atom: 2000, page size: 100000
  master list distance cutoff = 5.77118
  ghost atom cutoff = 5.77118
  binsize = 2.88559, bins = 4 4 4
  1 neighbor lists, perpetual/occasional/extra = 1 0 0
  (1) pair sw, perpetual
      attributes: full, newton on
      pair build: full/bin/atomonly
      stencil: full/bin/3d
      bin: standard
Per MPI rank memory allocation (min/avg/max) = 3.073 | 3.073 | 3.073 Mbytes
   Step          Temp          E_pair         E_mol          TotEng         Press     
WARNING: Too many warnings: 165 vs 100. All future warnings will be suppressed (src/thermo.cpp:478)
         0   0             -275.67577      0             -275.67577     -5974.4784    
Loop time of 1.05e-06 on 1 procs for 0 steps with 64 atoms

95.2% CPU use with 1 MPI tasks x 1 OpenMP threads

MPI task timing breakdown:
Section |  min time  |  avg time  |  max time  |%varavg| %total
---------------------------------------------------------------
Pair    | 0          | 0          | 0          |   0.0 |  0.00
Neigh   | 0          | 0          | 0          |   0.0 |  0.00
Comm    | 0          | 0          | 0          |   0.0 |  0.00
Output  | 0          | 0          | 0          |   0.0 |  0.00
Modify  | 0          | 0          | 0          |   0.0 |  0.00
Other   |            | 1.05e-06   |            |       |100.00

Nlocal:             64 ave          64 max          64 min
Histogram: 1 0 0 0 0 0 0 0 0 0
Nghost:            557 ave         557 max         557 min
Histogram: 1 0 0 0 0 0 0 0 0 0
Neighs:              0 ave           0 max           0 min
Histogram: 1 0 0 0 0 0 0 0 0 0
FullNghs:         2178 ave        2178 max        2178 min
Histogram: 1 0 0 0 0 0 0 0 0 0

Total # of neighbors = 2178
Ave neighs/atom = 34.03125
Neighbor list builds = 0
Dangerous builds = 0
next i
jump SELF loop_struct
clear
  using 1 OpenMP thread(s) per MPI task
log energies.log append
units metal
boundary p p p
atom_style atomic
read_data Si222_${i}.in
read_data Si222_166.in
Reading data file ...
  orthogonal box = (0 0 0) to (10.887404 10.887404 10.887404)
  1 by 1 by 1 MPI processor grid
  reading atoms ...
  64 atoms
  reading velocities ...
  64 velocities
  read_data CPU = 0.001 seconds
mass 1 28.085
pair_style sw
pair_coeff * * Si.sw Si
Reading sw potential file Si.sw with DATE: 2007-06-11
run 0
Neighbor list info ...
  update: every = 1 steps, delay = 0 steps, check = yes
  max neighbors/atom: 2000, page size: 100000
  master list distance cutoff = 5.77118
  ghost atom cutoff = 5.77118
  binsize = 2.88559, bins = 4 4 4
  1 neighbor lists, perpetual/occasional/extra = 1 0 0
  (1) pair sw, perpetual
      attributes: full, newton on
      pair build: full/bin/atomonly
      stencil: full/bin/3d
      bin: standard
Per MPI rank memory allocation (min/avg/max) = 3.063 | 3.063 | 3.063 Mbytes
   Step          Temp          E_pair         E_mol          TotEng         Press     
WARNING: Too many warnings: 166 vs 100. All future warnings will be suppressed (src/thermo.cpp:478)
         0   0             -241.69444      0             -241.69444      49118.818    
Loop time of 1.08e-06 on 1 procs for 0 steps with 64 atoms

92.6% CPU use with 1 MPI tasks x 1 OpenMP threads

MPI task timing breakdown:
Section |  min time  |  avg time  |  max time  |%varavg| %total
---------------------------------------------------------------
Pair    | 0          | 0          | 0          |   0.0 |  0.00
Neigh   | 0          | 0          | 0          |   0.0 |  0.00
Comm    | 0          | 0          | 0          |   0.0 |  0.00
Output  | 0          | 0          | 0          |   0.0 |  0.00
Modify  | 0          | 0          | 0          |   0.0 |  0.00
Other   |            | 1.08e-06   |            |       |100.00

Nlocal:             64 ave          64 max          64 min
Histogram: 1 0 0 0 0 0 0 0 0 0
Nghost:            481 ave         481 max         481 min
Histogram: 1 0 0 0 0 0 0 0 0 0
Neighs:              0 ave           0 max           0 min
Histogram: 1 0 0 0 0 0 0 0 0 0
FullNghs:         2282 ave        2282 max        2282 min
Histogram: 1 0 0 0 0 0 0 0 0 0

Total # of neighbors = 2282
Ave neighs/atom = 35.65625
Neighbor list builds = 0
Dangerous builds = 0
next i
jump SELF loop_struct
clear
  using 1 OpenMP thread(s) per MPI task
log energies.log append
units metal
boundary p p p
atom_style atomic
read_data Si222_${i}.in
read_data Si222_167.in
Reading data file ...
  orthogonal box = (0 0 0) to (10.887404 10.887404 10.887404)
  1 by 1 by 1 MPI processor grid
  reading atoms ...
  64 atoms
  reading velocities ...
  64 velocities
  read_data CPU = 0.001 seconds
mass 1 28.085
pair_style sw
pair_coeff * * Si.sw Si
Reading sw potential file Si.sw with DATE: 2007-06-11
run 0
Neighbor list info ...
  update: every = 1 steps, delay = 0 steps, check = yes
  max neighbors/atom: 2000, page size: 100000
  master list distance cutoff = 5.77118
  ghost atom cutoff = 5.77118
  binsize = 2.88559, bins = 4 4 4
  1 neighbor lists, perpetual/occasional/extra = 1 0 0
  (1) pair sw, perpetual
      attributes: full, newton on
      pair build: full/bin/atomonly
      stencil: full/bin/3d
      bin: standard
Per MPI rank memory allocation (min/avg/max) = 3.072 | 3.072 | 3.072 Mbytes
   Step          Temp          E_pair         E_mol          TotEng         Press     
WARNING: Too many warnings: 167 vs 100. All future warnings will be suppressed (src/thermo.cpp:478)
         0   0             -275.98776      0             -275.98776     -6040.9701    
Loop time of 1.04e-06 on 1 procs for 0 steps with 64 atoms

192.3% CPU use with 1 MPI tasks x 1 OpenMP threads

MPI task timing breakdown:
Section |  min time  |  avg time  |  max time  |%varavg| %total
---------------------------------------------------------------
Pair    | 0          | 0          | 0          |   0.0 |  0.00
Neigh   | 0          | 0          | 0          |   0.0 |  0.00
Comm    | 0          | 0          | 0          |   0.0 |  0.00
Output  | 0          | 0          | 0          |   0.0 |  0.00
Modify  | 0          | 0          | 0          |   0.0 |  0.00
Other   |            | 1.04e-06   |            |       |100.00

Nlocal:             64 ave          64 max          64 min
Histogram: 1 0 0 0 0 0 0 0 0 0
Nghost:            557 ave         557 max         557 min
Histogram: 1 0 0 0 0 0 0 0 0 0
Neighs:              0 ave           0 max           0 min
Histogram: 1 0 0 0 0 0 0 0 0 0
FullNghs:         2182 ave        2182 max        2182 min
Histogram: 1 0 0 0 0 0 0 0 0 0

Total # of neighbors = 2182
Ave neighs/atom = 34.09375
Neighbor list builds = 0
Dangerous builds = 0
next i
jump SELF loop_struct
clear
  using 1 OpenMP thread(s) per MPI task
log energies.log append
units metal
boundary p p p
atom_style atomic
read_data Si222_${i}.in
read_data Si222_168.in
Reading data file ...
  orthogonal box = (0 0 0) to (10.887404 10.887404 10.887404)
  1 by 1 by 1 MPI processor grid
  reading atoms ...
  64 atoms
  reading velocities ...
  64 velocities
  read_data CPU = 0.001 seconds
mass 1 28.085
pair_style sw
pair_coeff * * Si.sw Si
Reading sw potential file Si.sw with DATE: 2007-06-11
run 0
Neighbor list info ...
  update: every = 1 steps, delay = 0 steps, check = yes
  max neighbors/atom: 2000, page size: 100000
  master list distance cutoff = 5.77118
  ghost atom cutoff = 5.77118
  binsize = 2.88559, bins = 4 4 4
  1 neighbor lists, perpetual/occasional/extra = 1 0 0
  (1) pair sw, perpetual
      attributes: full, newton on
      pair build: full/bin/atomonly
      stencil: full/bin/3d
      bin: standard
Per MPI rank memory allocation (min/avg/max) = 3.072 | 3.072 | 3.072 Mbytes
   Step          Temp          E_pair         E_mol          TotEng         Press     
WARNING: Too many warnings: 168 vs 100. All future warnings will be suppressed (src/thermo.cpp:478)
         0   0             -255.32783      0             -255.32783      42917.264    
Loop time of 1.07e-06 on 1 procs for 0 steps with 64 atoms

186.9% CPU use with 1 MPI tasks x 1 OpenMP threads

MPI task timing breakdown:
Section |  min time  |  avg time  |  max time  |%varavg| %total
---------------------------------------------------------------
Pair    | 0          | 0          | 0          |   0.0 |  0.00
Neigh   | 0          | 0          | 0          |   0.0 |  0.00
Comm    | 0          | 0          | 0          |   0.0 |  0.00
Output  | 0          | 0          | 0          |   0.0 |  0.00
Modify  | 0          | 0          | 0          |   0.0 |  0.00
Other   |            | 1.07e-06   |            |       |100.00

Nlocal:             64 ave          64 max          64 min
Histogram: 1 0 0 0 0 0 0 0 0 0
Nghost:            553 ave         553 max         553 min
Histogram: 1 0 0 0 0 0 0 0 0 0
Neighs:              0 ave           0 max           0 min
Histogram: 1 0 0 0 0 0 0 0 0 0
FullNghs:         2256 ave        2256 max        2256 min
Histogram: 1 0 0 0 0 0 0 0 0 0

Total # of neighbors = 2256
Ave neighs/atom = 35.25
Neighbor list builds = 0
Dangerous builds = 0
next i
jump SELF loop_struct
clear
  using 1 OpenMP thread(s) per MPI task
log energies.log append
units metal
boundary p p p
atom_style atomic
read_data Si222_${i}.in
read_data Si222_169.in
Reading data file ...
  orthogonal box = (0 0 0) to (10.887404 10.887404 10.887404)
  1 by 1 by 1 MPI processor grid
  reading atoms ...
  64 atoms
  reading velocities ...
  64 velocities
  read_data CPU = 0.001 seconds
mass 1 28.085
pair_style sw
pair_coeff * * Si.sw Si
Reading sw potential file Si.sw with DATE: 2007-06-11
run 0
Neighbor list info ...
  update: every = 1 steps, delay = 0 steps, check = yes
  max neighbors/atom: 2000, page size: 100000
  master list distance cutoff = 5.77118
  ghost atom cutoff = 5.77118
  binsize = 2.88559, bins = 4 4 4
  1 neighbor lists, perpetual/occasional/extra = 1 0 0
  (1) pair sw, perpetual
      attributes: full, newton on
      pair build: full/bin/atomonly
      stencil: full/bin/3d
      bin: standard
Per MPI rank memory allocation (min/avg/max) = 3.072 | 3.072 | 3.072 Mbytes
   Step          Temp          E_pair         E_mol          TotEng         Press     
WARNING: Too many warnings: 169 vs 100. All future warnings will be suppressed (src/thermo.cpp:478)
         0   0             -275.88621      0             -275.88621     -5908.6498    
Loop time of 1.06e-06 on 1 procs for 0 steps with 64 atoms

0.0% CPU use with 1 MPI tasks x 1 OpenMP threads

MPI task timing breakdown:
Section |  min time  |  avg time  |  max time  |%varavg| %total
---------------------------------------------------------------
Pair    | 0          | 0          | 0          |   0.0 |  0.00
Neigh   | 0          | 0          | 0          |   0.0 |  0.00
Comm    | 0          | 0          | 0          |   0.0 |  0.00
Output  | 0          | 0          | 0          |   0.0 |  0.00
Modify  | 0          | 0          | 0          |   0.0 |  0.00
Other   |            | 1.06e-06   |            |       |100.00

Nlocal:             64 ave          64 max          64 min
Histogram: 1 0 0 0 0 0 0 0 0 0
Nghost:            557 ave         557 max         557 min
Histogram: 1 0 0 0 0 0 0 0 0 0
Neighs:              0 ave           0 max           0 min
Histogram: 1 0 0 0 0 0 0 0 0 0
FullNghs:         2180 ave        2180 max        2180 min
Histogram: 1 0 0 0 0 0 0 0 0 0

Total # of neighbors = 2180
Ave neighs/atom = 34.0625
Neighbor list builds = 0
Dangerous builds = 0
next i
jump SELF loop_struct
clear
  using 1 OpenMP thread(s) per MPI task
log energies.log append
units metal
boundary p p p
atom_style atomic
read_data Si222_${i}.in
read_data Si222_170.in
Reading data file ...
  orthogonal box = (0 0 0) to (10.887404 10.887404 10.887404)
  1 by 1 by 1 MPI processor grid
  reading atoms ...
  64 atoms
  reading velocities ...
  64 velocities
  read_data CPU = 0.001 seconds
mass 1 28.085
pair_style sw
pair_coeff * * Si.sw Si
Reading sw potential file Si.sw with DATE: 2007-06-11
run 0
Neighbor list info ...
  update: every = 1 steps, delay = 0 steps, check = yes
  max neighbors/atom: 2000, page size: 100000
  master list distance cutoff = 5.77118
  ghost atom cutoff = 5.77118
  binsize = 2.88559, bins = 4 4 4
  1 neighbor lists, perpetual/occasional/extra = 1 0 0
  (1) pair sw, perpetual
      attributes: full, newton on
      pair build: full/bin/atomonly
      stencil: full/bin/3d
      bin: standard
Per MPI rank memory allocation (min/avg/max) = 3.072 | 3.072 | 3.072 Mbytes
   Step          Temp          E_pair         E_mol          TotEng         Press     
WARNING: Too many warnings: 170 vs 100. All future warnings will be suppressed (src/thermo.cpp:478)
         0   0             -276.14923      0             -276.14923     -6099.1682    
Loop time of 1.07e-06 on 1 procs for 0 steps with 64 atoms

186.9% CPU use with 1 MPI tasks x 1 OpenMP threads

MPI task timing breakdown:
Section |  min time  |  avg time  |  max time  |%varavg| %total
---------------------------------------------------------------
Pair    | 0          | 0          | 0          |   0.0 |  0.00
Neigh   | 0          | 0          | 0          |   0.0 |  0.00
Comm    | 0          | 0          | 0          |   0.0 |  0.00
Output  | 0          | 0          | 0          |   0.0 |  0.00
Modify  | 0          | 0          | 0          |   0.0 |  0.00
Other   |            | 1.07e-06   |            |       |100.00

Nlocal:             64 ave          64 max          64 min
Histogram: 1 0 0 0 0 0 0 0 0 0
Nghost:            557 ave         557 max         557 min
Histogram: 1 0 0 0 0 0 0 0 0 0
Neighs:              0 ave           0 max           0 min
Histogram: 1 0 0 0 0 0 0 0 0 0
FullNghs:         2178 ave        2178 max        2178 min
Histogram: 1 0 0 0 0 0 0 0 0 0

Total # of neighbors = 2178
Ave neighs/atom = 34.03125
Neighbor list builds = 0
Dangerous builds = 0
next i
jump SELF loop_struct
clear
  using 1 OpenMP thread(s) per MPI task
log energies.log append
units metal
boundary p p p
atom_style atomic
read_data Si222_${i}.in
read_data Si222_171.in
Reading data file ...
  orthogonal box = (0 0 0) to (10.887404 10.887404 10.887404)
  1 by 1 by 1 MPI processor grid
  reading atoms ...
  64 atoms
  reading velocities ...
  64 velocities
  read_data CPU = 0.001 seconds
mass 1 28.085
pair_style sw
pair_coeff * * Si.sw Si
Reading sw potential file Si.sw with DATE: 2007-06-11
run 0
Neighbor list info ...
  update: every = 1 steps, delay = 0 steps, check = yes
  max neighbors/atom: 2000, page size: 100000
  master list distance cutoff = 5.77118
  ghost atom cutoff = 5.77118
  binsize = 2.88559, bins = 4 4 4
  1 neighbor lists, perpetual/occasional/extra = 1 0 0
  (1) pair sw, perpetual
      attributes: full, newton on
      pair build: full/bin/atomonly
      stencil: full/bin/3d
      bin: standard
Per MPI rank memory allocation (min/avg/max) = 3.074 | 3.074 | 3.074 Mbytes
   Step          Temp          E_pair         E_mol          TotEng         Press     
WARNING: Too many warnings: 171 vs 100. All future warnings will be suppressed (src/thermo.cpp:478)
         0   0             -275.76361      0             -275.76361     -5921.8285    
Loop time of 1.05e-06 on 1 procs for 0 steps with 64 atoms

190.5% CPU use with 1 MPI tasks x 1 OpenMP threads

MPI task timing breakdown:
Section |  min time  |  avg time  |  max time  |%varavg| %total
---------------------------------------------------------------
Pair    | 0          | 0          | 0          |   0.0 |  0.00
Neigh   | 0          | 0          | 0          |   0.0 |  0.00
Comm    | 0          | 0          | 0          |   0.0 |  0.00
Output  | 0          | 0          | 0          |   0.0 |  0.00
Modify  | 0          | 0          | 0          |   0.0 |  0.00
Other   |            | 1.05e-06   |            |       |100.00

Nlocal:             64 ave          64 max          64 min
Histogram: 1 0 0 0 0 0 0 0 0 0
Nghost:            557 ave         557 max         557 min
Histogram: 1 0 0 0 0 0 0 0 0 0
Neighs:              0 ave           0 max           0 min
Histogram: 1 0 0 0 0 0 0 0 0 0
FullNghs:         2186 ave        2186 max        2186 min
Histogram: 1 0 0 0 0 0 0 0 0 0

Total # of neighbors = 2186
Ave neighs/atom = 34.15625
Neighbor list builds = 0
Dangerous builds = 0
next i
jump SELF loop_struct
clear
  using 1 OpenMP thread(s) per MPI task
log energies.log append
units metal
boundary p p p
atom_style atomic
read_data Si222_${i}.in
read_data Si222_172.in
Reading data file ...
  orthogonal box = (0 0 0) to (10.887404 10.887404 10.887404)
  1 by 1 by 1 MPI processor grid
  reading atoms ...
  64 atoms
  reading velocities ...
  64 velocities
  read_data CPU = 0.001 seconds
mass 1 28.085
pair_style sw
pair_coeff * * Si.sw Si
Reading sw potential file Si.sw with DATE: 2007-06-11
run 0
Neighbor list info ...
  update: every = 1 steps, delay = 0 steps, check = yes
  max neighbors/atom: 2000, page size: 100000
  master list distance cutoff = 5.77118
  ghost atom cutoff = 5.77118
  binsize = 2.88559, bins = 4 4 4
  1 neighbor lists, perpetual/occasional/extra = 1 0 0
  (1) pair sw, perpetual
      attributes: full, newton on
      pair build: full/bin/atomonly
      stencil: full/bin/3d
      bin: standard
Per MPI rank memory allocation (min/avg/max) = 3.072 | 3.072 | 3.072 Mbytes
   Step          Temp          E_pair         E_mol          TotEng         Press     
WARNING: Too many warnings: 172 vs 100. All future warnings will be suppressed (src/thermo.cpp:478)
         0   0             -255.49298      0             -255.49298      43604.669    
Loop time of 1.07e-06 on 1 procs for 0 steps with 64 atoms

93.5% CPU use with 1 MPI tasks x 1 OpenMP threads

MPI task timing breakdown:
Section |  min time  |  avg time  |  max time  |%varavg| %total
---------------------------------------------------------------
Pair    | 0          | 0          | 0          |   0.0 |  0.00
Neigh   | 0          | 0          | 0          |   0.0 |  0.00
Comm    | 0          | 0          | 0          |   0.0 |  0.00
Output  | 0          | 0          | 0          |   0.0 |  0.00
Modify  | 0          | 0          | 0          |   0.0 |  0.00
Other   |            | 1.07e-06   |            |       |100.00

Nlocal:             64 ave          64 max          64 min
Histogram: 1 0 0 0 0 0 0 0 0 0
Nghost:            561 ave         561 max         561 min
Histogram: 1 0 0 0 0 0 0 0 0 0
Neighs:              0 ave           0 max           0 min
Histogram: 1 0 0 0 0 0 0 0 0 0
FullNghs:         2238 ave        2238 max        2238 min
Histogram: 1 0 0 0 0 0 0 0 0 0

Total # of neighbors = 2238
Ave neighs/atom = 34.96875
Neighbor list builds = 0
Dangerous builds = 0
next i
jump SELF loop_struct
clear
  using 1 OpenMP thread(s) per MPI task
log energies.log append
units metal
boundary p p p
atom_style atomic
read_data Si222_${i}.in
read_data Si222_173.in
Reading data file ...
  orthogonal box = (0 0 0) to (10.887404 10.887404 10.887404)
  1 by 1 by 1 MPI processor grid
  reading atoms ...
  64 atoms
  reading velocities ...
  64 velocities
  read_data CPU = 0.001 seconds
mass 1 28.085
pair_style sw
pair_coeff * * Si.sw Si
Reading sw potential file Si.sw with DATE: 2007-06-11
run 0
Neighbor list info ...
  update: every = 1 steps, delay = 0 steps, check = yes
  max neighbors/atom: 2000, page size: 100000
  master list distance cutoff = 5.77118
  ghost atom cutoff = 5.77118
  binsize = 2.88559, bins = 4 4 4
  1 neighbor lists, perpetual/occasional/extra = 1 0 0
  (1) pair sw, perpetual
      attributes: full, newton on
      pair build: full/bin/atomonly
      stencil: full/bin/3d
      bin: standard
Per MPI rank memory allocation (min/avg/max) = 3.074 | 3.074 | 3.074 Mbytes
   Step          Temp          E_pair         E_mol          TotEng         Press     
WARNING: Too many warnings: 173 vs 100. All future warnings will be suppressed (src/thermo.cpp:478)
         0   0             -253.68511      0             -253.68511      48962.916    
Loop time of 1.06e-06 on 1 procs for 0 steps with 64 atoms

188.7% CPU use with 1 MPI tasks x 1 OpenMP threads

MPI task timing breakdown:
Section |  min time  |  avg time  |  max time  |%varavg| %total
---------------------------------------------------------------
Pair    | 0          | 0          | 0          |   0.0 |  0.00
Neigh   | 0          | 0          | 0          |   0.0 |  0.00
Comm    | 0          | 0          | 0          |   0.0 |  0.00
Output  | 0          | 0          | 0          |   0.0 |  0.00
Modify  | 0          | 0          | 0          |   0.0 |  0.00
Other   |            | 1.06e-06   |            |       |100.00

Nlocal:             64 ave          64 max          64 min
Histogram: 1 0 0 0 0 0 0 0 0 0
Nghost:            565 ave         565 max         565 min
Histogram: 1 0 0 0 0 0 0 0 0 0
Neighs:              0 ave           0 max           0 min
Histogram: 1 0 0 0 0 0 0 0 0 0
FullNghs:         2266 ave        2266 max        2266 min
Histogram: 1 0 0 0 0 0 0 0 0 0

Total # of neighbors = 2266
Ave neighs/atom = 35.40625
Neighbor list builds = 0
Dangerous builds = 0
next i
jump SELF loop_struct
clear
  using 1 OpenMP thread(s) per MPI task
log energies.log append
units metal
boundary p p p
atom_style atomic
read_data Si222_${i}.in
read_data Si222_174.in
Reading data file ...
  orthogonal box = (0 0 0) to (10.887404 10.887404 10.887404)
  1 by 1 by 1 MPI processor grid
  reading atoms ...
  64 atoms
  reading velocities ...
  64 velocities
  read_data CPU = 0.001 seconds
mass 1 28.085
pair_style sw
pair_coeff * * Si.sw Si
Reading sw potential file Si.sw with DATE: 2007-06-11
run 0
Neighbor list info ...
  update: every = 1 steps, delay = 0 steps, check = yes
  max neighbors/atom: 2000, page size: 100000
  master list distance cutoff = 5.77118
  ghost atom cutoff = 5.77118
  binsize = 2.88559, bins = 4 4 4
  1 neighbor lists, perpetual/occasional/extra = 1 0 0
  (1) pair sw, perpetual
      attributes: full, newton on
      pair build: full/bin/atomonly
      stencil: full/bin/3d
      bin: standard
Per MPI rank memory allocation (min/avg/max) = 3.073 | 3.073 | 3.073 Mbytes
   Step          Temp          E_pair         E_mol          TotEng         Press     
WARNING: Too many warnings: 174 vs 100. All future warnings will be suppressed (src/thermo.cpp:478)
         0   0             -275.35887      0             -275.35887     -5549.8003    
Loop time of 1.07e-06 on 1 procs for 0 steps with 64 atoms

93.5% CPU use with 1 MPI tasks x 1 OpenMP threads

MPI task timing breakdown:
Section |  min time  |  avg time  |  max time  |%varavg| %total
---------------------------------------------------------------
Pair    | 0          | 0          | 0          |   0.0 |  0.00
Neigh   | 0          | 0          | 0          |   0.0 |  0.00
Comm    | 0          | 0          | 0          |   0.0 |  0.00
Output  | 0          | 0          | 0          |   0.0 |  0.00
Modify  | 0          | 0          | 0          |   0.0 |  0.00
Other   |            | 1.07e-06   |            |       |100.00

Nlocal:             64 ave          64 max          64 min
Histogram: 1 0 0 0 0 0 0 0 0 0
Nghost:            557 ave         557 max         557 min
Histogram: 1 0 0 0 0 0 0 0 0 0
Neighs:              0 ave           0 max           0 min
Histogram: 1 0 0 0 0 0 0 0 0 0
FullNghs:         2180 ave        2180 max        2180 min
Histogram: 1 0 0 0 0 0 0 0 0 0

Total # of neighbors = 2180
Ave neighs/atom = 34.0625
Neighbor list builds = 0
Dangerous builds = 0
next i
jump SELF loop_struct
clear
  using 1 OpenMP thread(s) per MPI task
log energies.log append
units metal
boundary p p p
atom_style atomic
read_data Si222_${i}.in
read_data Si222_175.in
Reading data file ...
  orthogonal box = (0 0 0) to (10.887404 10.887404 10.887404)
  1 by 1 by 1 MPI processor grid
  reading atoms ...
  64 atoms
  reading velocities ...
  64 velocities
  read_data CPU = 0.001 seconds
mass 1 28.085
pair_style sw
pair_coeff * * Si.sw Si
Reading sw potential file Si.sw with DATE: 2007-06-11
run 0
Neighbor list info ...
  update: every = 1 steps, delay = 0 steps, check = yes
  max neighbors/atom: 2000, page size: 100000
  master list distance cutoff = 5.77118
  ghost atom cutoff = 5.77118
  binsize = 2.88559, bins = 4 4 4
  1 neighbor lists, perpetual/occasional/extra = 1 0 0
  (1) pair sw, perpetual
      attributes: full, newton on
      pair build: full/bin/atomonly
      stencil: full/bin/3d
      bin: standard
Per MPI rank memory allocation (min/avg/max) = 3.074 | 3.074 | 3.074 Mbytes
   Step          Temp          E_pair         E_mol          TotEng         Press     
WARNING: Too many warnings: 175 vs 100. All future warnings will be suppressed (src/thermo.cpp:478)
         0   0             -275.70721      0             -275.70721     -5922.3553    
Loop time of 1.06e-06 on 1 procs for 0 steps with 64 atoms

94.3% CPU use with 1 MPI tasks x 1 OpenMP threads

MPI task timing breakdown:
Section |  min time  |  avg time  |  max time  |%varavg| %total
---------------------------------------------------------------
Pair    | 0          | 0          | 0          |   0.0 |  0.00
Neigh   | 0          | 0          | 0          |   0.0 |  0.00
Comm    | 0          | 0          | 0          |   0.0 |  0.00
Output  | 0          | 0          | 0          |   0.0 |  0.00
Modify  | 0          | 0          | 0          |   0.0 |  0.00
Other   |            | 1.06e-06   |            |       |100.00

Nlocal:             64 ave          64 max          64 min
Histogram: 1 0 0 0 0 0 0 0 0 0
Nghost:            557 ave         557 max         557 min
Histogram: 1 0 0 0 0 0 0 0 0 0
Neighs:              0 ave           0 max           0 min
Histogram: 1 0 0 0 0 0 0 0 0 0
FullNghs:         2180 ave        2180 max        2180 min
Histogram: 1 0 0 0 0 0 0 0 0 0

Total # of neighbors = 2180
Ave neighs/atom = 34.0625
Neighbor list builds = 0
Dangerous builds = 0
next i
jump SELF loop_struct
clear
  using 1 OpenMP thread(s) per MPI task
log energies.log append
units metal
boundary p p p
atom_style atomic
read_data Si222_${i}.in
read_data Si222_176.in
Reading data file ...
  orthogonal box = (0 0 0) to (10.887404 10.887404 10.887404)
  1 by 1 by 1 MPI processor grid
  reading atoms ...
  64 atoms
  reading velocities ...
  64 velocities
  read_data CPU = 0.001 seconds
mass 1 28.085
pair_style sw
pair_coeff * * Si.sw Si
Reading sw potential file Si.sw with DATE: 2007-06-11
run 0
Neighbor list info ...
  update: every = 1 steps, delay = 0 steps, check = yes
  max neighbors/atom: 2000, page size: 100000
  master list distance cutoff = 5.77118
  ghost atom cutoff = 5.77118
  binsize = 2.88559, bins = 4 4 4
  1 neighbor lists, perpetual/occasional/extra = 1 0 0
  (1) pair sw, perpetual
      attributes: full, newton on
      pair build: full/bin/atomonly
      stencil: full/bin/3d
      bin: standard
Per MPI rank memory allocation (min/avg/max) = 3.073 | 3.073 | 3.073 Mbytes
   Step          Temp          E_pair         E_mol          TotEng         Press     
WARNING: Too many warnings: 176 vs 100. All future warnings will be suppressed (src/thermo.cpp:478)
         0   0             -275.48305      0             -275.48305     -5899.5401    
Loop time of 1.22e-06 on 1 procs for 0 steps with 64 atoms

0.0% CPU use with 1 MPI tasks x 1 OpenMP threads

MPI task timing breakdown:
Section |  min time  |  avg time  |  max time  |%varavg| %total
---------------------------------------------------------------
Pair    | 0          | 0          | 0          |   0.0 |  0.00
Neigh   | 0          | 0          | 0          |   0.0 |  0.00
Comm    | 0          | 0          | 0          |   0.0 |  0.00
Output  | 0          | 0          | 0          |   0.0 |  0.00
Modify  | 0          | 0          | 0          |   0.0 |  0.00
Other   |            | 1.22e-06   |            |       |100.00

Nlocal:             64 ave          64 max          64 min
Histogram: 1 0 0 0 0 0 0 0 0 0
Nghost:            557 ave         557 max         557 min
Histogram: 1 0 0 0 0 0 0 0 0 0
Neighs:              0 ave           0 max           0 min
Histogram: 1 0 0 0 0 0 0 0 0 0
FullNghs:         2186 ave        2186 max        2186 min
Histogram: 1 0 0 0 0 0 0 0 0 0

Total # of neighbors = 2186
Ave neighs/atom = 34.15625
Neighbor list builds = 0
Dangerous builds = 0
next i
jump SELF loop_struct
clear
  using 1 OpenMP thread(s) per MPI task
log energies.log append
units metal
boundary p p p
atom_style atomic
read_data Si222_${i}.in
read_data Si222_177.in
Reading data file ...
  orthogonal box = (0 0 0) to (10.887404 10.887404 10.887404)
  1 by 1 by 1 MPI processor grid
  reading atoms ...
  64 atoms
  reading velocities ...
  64 velocities
  read_data CPU = 0.001 seconds
mass 1 28.085
pair_style sw
pair_coeff * * Si.sw Si
Reading sw potential file Si.sw with DATE: 2007-06-11
run 0
Neighbor list info ...
  update: every = 1 steps, delay = 0 steps, check = yes
  max neighbors/atom: 2000, page size: 100000
  master list distance cutoff = 5.77118
  ghost atom cutoff = 5.77118
  binsize = 2.88559, bins = 4 4 4
  1 neighbor lists, perpetual/occasional/extra = 1 0 0
  (1) pair sw, perpetual
      attributes: full, newton on
      pair build: full/bin/atomonly
      stencil: full/bin/3d
      bin: standard
Per MPI rank memory allocation (min/avg/max) = 3.064 | 3.064 | 3.064 Mbytes
   Step          Temp          E_pair         E_mol          TotEng         Press     
WARNING: Too many warnings: 177 vs 100. All future warnings will be suppressed (src/thermo.cpp:478)
         0   0             -257.52441      0             -257.52441      35586.553    
Loop time of 1.09e-06 on 1 procs for 0 steps with 64 atoms

0.0% CPU use with 1 MPI tasks x 1 OpenMP threads

MPI task timing breakdown:
Section |  min time  |  avg time  |  max time  |%varavg| %total
---------------------------------------------------------------
Pair    | 0          | 0          | 0          |   0.0 |  0.00
Neigh   | 0          | 0          | 0          |   0.0 |  0.00
Comm    | 0          | 0          | 0          |   0.0 |  0.00
Output  | 0          | 0          | 0          |   0.0 |  0.00
Modify  | 0          | 0          | 0          |   0.0 |  0.00
Other   |            | 1.09e-06   |            |       |100.00

Nlocal:             64 ave          64 max          64 min
Histogram: 1 0 0 0 0 0 0 0 0 0
Nghost:            549 ave         549 max         549 min
Histogram: 1 0 0 0 0 0 0 0 0 0
Neighs:              0 ave           0 max           0 min
Histogram: 1 0 0 0 0 0 0 0 0 0
FullNghs:         2250 ave        2250 max        2250 min
Histogram: 1 0 0 0 0 0 0 0 0 0

Total # of neighbors = 2250
Ave neighs/atom = 35.15625
Neighbor list builds = 0
Dangerous builds = 0
next i
jump SELF loop_struct
clear
  using 1 OpenMP thread(s) per MPI task
log energies.log append
units metal
boundary p p p
atom_style atomic
read_data Si222_${i}.in
read_data Si222_178.in
Reading data file ...
  orthogonal box = (0 0 0) to (10.887404 10.887404 10.887404)
  1 by 1 by 1 MPI processor grid
  reading atoms ...
  64 atoms
  reading velocities ...
  64 velocities
  read_data CPU = 0.001 seconds
mass 1 28.085
pair_style sw
pair_coeff * * Si.sw Si
Reading sw potential file Si.sw with DATE: 2007-06-11
run 0
Neighbor list info ...
  update: every = 1 steps, delay = 0 steps, check = yes
  max neighbors/atom: 2000, page size: 100000
  master list distance cutoff = 5.77118
  ghost atom cutoff = 5.77118
  binsize = 2.88559, bins = 4 4 4
  1 neighbor lists, perpetual/occasional/extra = 1 0 0
  (1) pair sw, perpetual
      attributes: full, newton on
      pair build: full/bin/atomonly
      stencil: full/bin/3d
      bin: standard
Per MPI rank memory allocation (min/avg/max) = 3.072 | 3.072 | 3.072 Mbytes
   Step          Temp          E_pair         E_mol          TotEng         Press     
WARNING: Too many warnings: 178 vs 100. All future warnings will be suppressed (src/thermo.cpp:478)
         0   0             -254.82102      0             -254.82102      35184.117    
Loop time of 1.09e-06 on 1 procs for 0 steps with 64 atoms

0.0% CPU use with 1 MPI tasks x 1 OpenMP threads

MPI task timing breakdown:
Section |  min time  |  avg time  |  max time  |%varavg| %total
---------------------------------------------------------------
Pair    | 0          | 0          | 0          |   0.0 |  0.00
Neigh   | 0          | 0          | 0          |   0.0 |  0.00
Comm    | 0          | 0          | 0          |   0.0 |  0.00
Output  | 0          | 0          | 0          |   0.0 |  0.00
Modify  | 0          | 0          | 0          |   0.0 |  0.00
Other   |            | 1.09e-06   |            |       |100.00

Nlocal:             64 ave          64 max          64 min
Histogram: 1 0 0 0 0 0 0 0 0 0
Nghost:            549 ave         549 max         549 min
Histogram: 1 0 0 0 0 0 0 0 0 0
Neighs:              0 ave           0 max           0 min
Histogram: 1 0 0 0 0 0 0 0 0 0
FullNghs:         2270 ave        2270 max        2270 min
Histogram: 1 0 0 0 0 0 0 0 0 0

Total # of neighbors = 2270
Ave neighs/atom = 35.46875
Neighbor list builds = 0
Dangerous builds = 0
next i
jump SELF loop_struct
clear
  using 1 OpenMP thread(s) per MPI task
log energies.log append
units metal
boundary p p p
atom_style atomic
read_data Si222_${i}.in
read_data Si222_179.in
Reading data file ...
  orthogonal box = (0 0 0) to (10.887404 10.887404 10.887404)
  1 by 1 by 1 MPI processor grid
  reading atoms ...
  64 atoms
  reading velocities ...
  64 velocities
  read_data CPU = 0.001 seconds
mass 1 28.085
pair_style sw
pair_coeff * * Si.sw Si
Reading sw potential file Si.sw with DATE: 2007-06-11
run 0
Neighbor list info ...
  update: every = 1 steps, delay = 0 steps, check = yes
  max neighbors/atom: 2000, page size: 100000
  master list distance cutoff = 5.77118
  ghost atom cutoff = 5.77118
  binsize = 2.88559, bins = 4 4 4
  1 neighbor lists, perpetual/occasional/extra = 1 0 0
  (1) pair sw, perpetual
      attributes: full, newton on
      pair build: full/bin/atomonly
      stencil: full/bin/3d
      bin: standard
Per MPI rank memory allocation (min/avg/max) = 3.072 | 3.072 | 3.072 Mbytes
   Step          Temp          E_pair         E_mol          TotEng         Press     
WARNING: Too many warnings: 179 vs 100. All future warnings will be suppressed (src/thermo.cpp:478)
         0   0             -255.23577      0             -255.23577      41515.654    
Loop time of 1.05e-06 on 1 procs for 0 steps with 64 atoms

0.0% CPU use with 1 MPI tasks x 1 OpenMP threads

MPI task timing breakdown:
Section |  min time  |  avg time  |  max time  |%varavg| %total
---------------------------------------------------------------
Pair    | 0          | 0          | 0          |   0.0 |  0.00
Neigh   | 0          | 0          | 0          |   0.0 |  0.00
Comm    | 0          | 0          | 0          |   0.0 |  0.00
Output  | 0          | 0          | 0          |   0.0 |  0.00
Modify  | 0          | 0          | 0          |   0.0 |  0.00
Other   |            | 1.05e-06   |            |       |100.00

Nlocal:             64 ave          64 max          64 min
Histogram: 1 0 0 0 0 0 0 0 0 0
Nghost:            549 ave         549 max         549 min
Histogram: 1 0 0 0 0 0 0 0 0 0
Neighs:              0 ave           0 max           0 min
Histogram: 1 0 0 0 0 0 0 0 0 0
FullNghs:         2260 ave        2260 max        2260 min
Histogram: 1 0 0 0 0 0 0 0 0 0

Total # of neighbors = 2260
Ave neighs/atom = 35.3125
Neighbor list builds = 0
Dangerous builds = 0
next i
jump SELF loop_struct
clear
  using 1 OpenMP thread(s) per MPI task
log energies.log append
units metal
boundary p p p
atom_style atomic
read_data Si222_${i}.in
read_data Si222_180.in
Reading data file ...
  orthogonal box = (0 0 0) to (10.887404 10.887404 10.887404)
  1 by 1 by 1 MPI processor grid
  reading atoms ...
  64 atoms
  reading velocities ...
  64 velocities
  read_data CPU = 0.001 seconds
mass 1 28.085
pair_style sw
pair_coeff * * Si.sw Si
Reading sw potential file Si.sw with DATE: 2007-06-11
run 0
Neighbor list info ...
  update: every = 1 steps, delay = 0 steps, check = yes
  max neighbors/atom: 2000, page size: 100000
  master list distance cutoff = 5.77118
  ghost atom cutoff = 5.77118
  binsize = 2.88559, bins = 4 4 4
  1 neighbor lists, perpetual/occasional/extra = 1 0 0
  (1) pair sw, perpetual
      attributes: full, newton on
      pair build: full/bin/atomonly
      stencil: full/bin/3d
      bin: standard
Per MPI rank memory allocation (min/avg/max) = 3.073 | 3.073 | 3.073 Mbytes
   Step          Temp          E_pair         E_mol          TotEng         Press     
WARNING: Too many warnings: 180 vs 100. All future warnings will be suppressed (src/thermo.cpp:478)
         0   0             -275.94679      0             -275.94679     -6103.9928    
Loop time of 1.05e-06 on 1 procs for 0 steps with 64 atoms

0.0% CPU use with 1 MPI tasks x 1 OpenMP threads

MPI task timing breakdown:
Section |  min time  |  avg time  |  max time  |%varavg| %total
---------------------------------------------------------------
Pair    | 0          | 0          | 0          |   0.0 |  0.00
Neigh   | 0          | 0          | 0          |   0.0 |  0.00
Comm    | 0          | 0          | 0          |   0.0 |  0.00
Output  | 0          | 0          | 0          |   0.0 |  0.00
Modify  | 0          | 0          | 0          |   0.0 |  0.00
Other   |            | 1.05e-06   |            |       |100.00

Nlocal:             64 ave          64 max          64 min
Histogram: 1 0 0 0 0 0 0 0 0 0
Nghost:            557 ave         557 max         557 min
Histogram: 1 0 0 0 0 0 0 0 0 0
Neighs:              0 ave           0 max           0 min
Histogram: 1 0 0 0 0 0 0 0 0 0
FullNghs:         2178 ave        2178 max        2178 min
Histogram: 1 0 0 0 0 0 0 0 0 0

Total # of neighbors = 2178
Ave neighs/atom = 34.03125
Neighbor list builds = 0
Dangerous builds = 0
next i
jump SELF loop_struct
clear
  using 1 OpenMP thread(s) per MPI task
log energies.log append
units metal
boundary p p p
atom_style atomic
read_data Si222_${i}.in
read_data Si222_181.in
Reading data file ...
  orthogonal box = (0 0 0) to (10.887404 10.887404 10.887404)
  1 by 1 by 1 MPI processor grid
  reading atoms ...
  64 atoms
  reading velocities ...
  64 velocities
  read_data CPU = 0.001 seconds
mass 1 28.085
pair_style sw
pair_coeff * * Si.sw Si
Reading sw potential file Si.sw with DATE: 2007-06-11
run 0
Neighbor list info ...
  update: every = 1 steps, delay = 0 steps, check = yes
  max neighbors/atom: 2000, page size: 100000
  master list distance cutoff = 5.77118
  ghost atom cutoff = 5.77118
  binsize = 2.88559, bins = 4 4 4
  1 neighbor lists, perpetual/occasional/extra = 1 0 0
  (1) pair sw, perpetual
      attributes: full, newton on
      pair build: full/bin/atomonly
      stencil: full/bin/3d
      bin: standard
Per MPI rank memory allocation (min/avg/max) = 3.074 | 3.074 | 3.074 Mbytes
   Step          Temp          E_pair         E_mol          TotEng         Press     
WARNING: Too many warnings: 181 vs 100. All future warnings will be suppressed (src/thermo.cpp:478)
         0   0             -275.26486      0             -275.26486     -5733.3871    
Loop time of 1.06e-06 on 1 procs for 0 steps with 64 atoms

94.3% CPU use with 1 MPI tasks x 1 OpenMP threads

MPI task timing breakdown:
Section |  min time  |  avg time  |  max time  |%varavg| %total
---------------------------------------------------------------
Pair    | 0          | 0          | 0          |   0.0 |  0.00
Neigh   | 0          | 0          | 0          |   0.0 |  0.00
Comm    | 0          | 0          | 0          |   0.0 |  0.00
Output  | 0          | 0          | 0          |   0.0 |  0.00
Modify  | 0          | 0          | 0          |   0.0 |  0.00
Other   |            | 1.06e-06   |            |       |100.00

Nlocal:             64 ave          64 max          64 min
Histogram: 1 0 0 0 0 0 0 0 0 0
Nghost:            557 ave         557 max         557 min
Histogram: 1 0 0 0 0 0 0 0 0 0
Neighs:              0 ave           0 max           0 min
Histogram: 1 0 0 0 0 0 0 0 0 0
FullNghs:         2186 ave        2186 max        2186 min
Histogram: 1 0 0 0 0 0 0 0 0 0

Total # of neighbors = 2186
Ave neighs/atom = 34.15625
Neighbor list builds = 0
Dangerous builds = 0
next i
jump SELF loop_struct
clear
  using 1 OpenMP thread(s) per MPI task
log energies.log append
units metal
boundary p p p
atom_style atomic
read_data Si222_${i}.in
read_data Si222_182.in
Reading data file ...
  orthogonal box = (0 0 0) to (10.887404 10.887404 10.887404)
  1 by 1 by 1 MPI processor grid
  reading atoms ...
  64 atoms
  reading velocities ...
  64 velocities
  read_data CPU = 0.001 seconds
mass 1 28.085
pair_style sw
pair_coeff * * Si.sw Si
Reading sw potential file Si.sw with DATE: 2007-06-11
run 0
Neighbor list info ...
  update: every = 1 steps, delay = 0 steps, check = yes
  max neighbors/atom: 2000, page size: 100000
  master list distance cutoff = 5.77118
  ghost atom cutoff = 5.77118
  binsize = 2.88559, bins = 4 4 4
  1 neighbor lists, perpetual/occasional/extra = 1 0 0
  (1) pair sw, perpetual
      attributes: full, newton on
      pair build: full/bin/atomonly
      stencil: full/bin/3d
      bin: standard
Per MPI rank memory allocation (min/avg/max) = 3.074 | 3.074 | 3.074 Mbytes
   Step          Temp          E_pair         E_mol          TotEng         Press     
WARNING: Too many warnings: 182 vs 100. All future warnings will be suppressed (src/thermo.cpp:478)
         0   0             -275.72174      0             -275.72174     -5952.2844    
Loop time of 1.05e-06 on 1 procs for 0 steps with 64 atoms

0.0% CPU use with 1 MPI tasks x 1 OpenMP threads

MPI task timing breakdown:
Section |  min time  |  avg time  |  max time  |%varavg| %total
---------------------------------------------------------------
Pair    | 0          | 0          | 0          |   0.0 |  0.00
Neigh   | 0          | 0          | 0          |   0.0 |  0.00
Comm    | 0          | 0          | 0          |   0.0 |  0.00
Output  | 0          | 0          | 0          |   0.0 |  0.00
Modify  | 0          | 0          | 0          |   0.0 |  0.00
Other   |            | 1.05e-06   |            |       |100.00

Nlocal:             64 ave          64 max          64 min
Histogram: 1 0 0 0 0 0 0 0 0 0
Nghost:            557 ave         557 max         557 min
Histogram: 1 0 0 0 0 0 0 0 0 0
Neighs:              0 ave           0 max           0 min
Histogram: 1 0 0 0 0 0 0 0 0 0
FullNghs:         2184 ave        2184 max        2184 min
Histogram: 1 0 0 0 0 0 0 0 0 0

Total # of neighbors = 2184
Ave neighs/atom = 34.125
Neighbor list builds = 0
Dangerous builds = 0
next i
jump SELF loop_struct
clear
  using 1 OpenMP thread(s) per MPI task
log energies.log append
units metal
boundary p p p
atom_style atomic
read_data Si222_${i}.in
read_data Si222_183.in
Reading data file ...
  orthogonal box = (0 0 0) to (10.887404 10.887404 10.887404)
  1 by 1 by 1 MPI processor grid
  reading atoms ...
  64 atoms
  reading velocities ...
  64 velocities
  read_data CPU = 0.001 seconds
mass 1 28.085
pair_style sw
pair_coeff * * Si.sw Si
Reading sw potential file Si.sw with DATE: 2007-06-11
run 0
Neighbor list info ...
  update: every = 1 steps, delay = 0 steps, check = yes
  max neighbors/atom: 2000, page size: 100000
  master list distance cutoff = 5.77118
  ghost atom cutoff = 5.77118
  binsize = 2.88559, bins = 4 4 4
  1 neighbor lists, perpetual/occasional/extra = 1 0 0
  (1) pair sw, perpetual
      attributes: full, newton on
      pair build: full/bin/atomonly
      stencil: full/bin/3d
      bin: standard
Per MPI rank memory allocation (min/avg/max) = 3.064 | 3.064 | 3.064 Mbytes
   Step          Temp          E_pair         E_mol          TotEng         Press     
WARNING: Too many warnings: 183 vs 100. All future warnings will be suppressed (src/thermo.cpp:478)
         0   0             -275.95535      0             -275.95535     -5875.4266    
Loop time of 1.11e-06 on 1 procs for 0 steps with 64 atoms

90.1% CPU use with 1 MPI tasks x 1 OpenMP threads

MPI task timing breakdown:
Section |  min time  |  avg time  |  max time  |%varavg| %total
---------------------------------------------------------------
Pair    | 0          | 0          | 0          |   0.0 |  0.00
Neigh   | 0          | 0          | 0          |   0.0 |  0.00
Comm    | 0          | 0          | 0          |   0.0 |  0.00
Output  | 0          | 0          | 0          |   0.0 |  0.00
Modify  | 0          | 0          | 0          |   0.0 |  0.00
Other   |            | 1.11e-06   |            |       |100.00

Nlocal:             64 ave          64 max          64 min
Histogram: 1 0 0 0 0 0 0 0 0 0
Nghost:            557 ave         557 max         557 min
Histogram: 1 0 0 0 0 0 0 0 0 0
Neighs:              0 ave           0 max           0 min
Histogram: 1 0 0 0 0 0 0 0 0 0
FullNghs:         2176 ave        2176 max        2176 min
Histogram: 1 0 0 0 0 0 0 0 0 0

Total # of neighbors = 2176
Ave neighs/atom = 34
Neighbor list builds = 0
Dangerous builds = 0
next i
jump SELF loop_struct
clear
  using 1 OpenMP thread(s) per MPI task
log energies.log append
units metal
boundary p p p
atom_style atomic
read_data Si222_${i}.in
read_data Si222_184.in
Reading data file ...
  orthogonal box = (0 0 0) to (10.887404 10.887404 10.887404)
  1 by 1 by 1 MPI processor grid
  reading atoms ...
  64 atoms
  reading velocities ...
  64 velocities
  read_data CPU = 0.001 seconds
mass 1 28.085
pair_style sw
pair_coeff * * Si.sw Si
Reading sw potential file Si.sw with DATE: 2007-06-11
run 0
Neighbor list info ...
  update: every = 1 steps, delay = 0 steps, check = yes
  max neighbors/atom: 2000, page size: 100000
  master list distance cutoff = 5.77118
  ghost atom cutoff = 5.77118
  binsize = 2.88559, bins = 4 4 4
  1 neighbor lists, perpetual/occasional/extra = 1 0 0
  (1) pair sw, perpetual
      attributes: full, newton on
      pair build: full/bin/atomonly
      stencil: full/bin/3d
      bin: standard
Per MPI rank memory allocation (min/avg/max) = 3.074 | 3.074 | 3.074 Mbytes
   Step          Temp          E_pair         E_mol          TotEng         Press     
WARNING: Too many warnings: 184 vs 100. All future warnings will be suppressed (src/thermo.cpp:478)
         0   0             -254.67144      0             -254.67144      44394.151    
Loop time of 1.08e-06 on 1 procs for 0 steps with 64 atoms

0.0% CPU use with 1 MPI tasks x 1 OpenMP threads

MPI task timing breakdown:
Section |  min time  |  avg time  |  max time  |%varavg| %total
---------------------------------------------------------------
Pair    | 0          | 0          | 0          |   0.0 |  0.00
Neigh   | 0          | 0          | 0          |   0.0 |  0.00
Comm    | 0          | 0          | 0          |   0.0 |  0.00
Output  | 0          | 0          | 0          |   0.0 |  0.00
Modify  | 0          | 0          | 0          |   0.0 |  0.00
Other   |            | 1.08e-06   |            |       |100.00

Nlocal:             64 ave          64 max          64 min
Histogram: 1 0 0 0 0 0 0 0 0 0
Nghost:            565 ave         565 max         565 min
Histogram: 1 0 0 0 0 0 0 0 0 0
Neighs:              0 ave           0 max           0 min
Histogram: 1 0 0 0 0 0 0 0 0 0
FullNghs:         2248 ave        2248 max        2248 min
Histogram: 1 0 0 0 0 0 0 0 0 0

Total # of neighbors = 2248
Ave neighs/atom = 35.125
Neighbor list builds = 0
Dangerous builds = 0
next i
jump SELF loop_struct
clear
  using 1 OpenMP thread(s) per MPI task
log energies.log append
units metal
boundary p p p
atom_style atomic
read_data Si222_${i}.in
read_data Si222_185.in
Reading data file ...
  orthogonal box = (0 0 0) to (10.887404 10.887404 10.887404)
  1 by 1 by 1 MPI processor grid
  reading atoms ...
  64 atoms
  reading velocities ...
  64 velocities
  read_data CPU = 0.001 seconds
mass 1 28.085
pair_style sw
pair_coeff * * Si.sw Si
Reading sw potential file Si.sw with DATE: 2007-06-11
run 0
Neighbor list info ...
  update: every = 1 steps, delay = 0 steps, check = yes
  max neighbors/atom: 2000, page size: 100000
  master list distance cutoff = 5.77118
  ghost atom cutoff = 5.77118
  binsize = 2.88559, bins = 4 4 4
  1 neighbor lists, perpetual/occasional/extra = 1 0 0
  (1) pair sw, perpetual
      attributes: full, newton on
      pair build: full/bin/atomonly
      stencil: full/bin/3d
      bin: standard
Per MPI rank memory allocation (min/avg/max) = 3.064 | 3.064 | 3.064 Mbytes
   Step          Temp          E_pair         E_mol          TotEng         Press     
WARNING: Too many warnings: 185 vs 100. All future warnings will be suppressed (src/thermo.cpp:478)
         0   0             -253.85927      0             -253.85927      46018.874    
Loop time of 1.05e-06 on 1 procs for 0 steps with 64 atoms

95.2% CPU use with 1 MPI tasks x 1 OpenMP threads

MPI task timing breakdown:
Section |  min time  |  avg time  |  max time  |%varavg| %total
---------------------------------------------------------------
Pair    | 0          | 0          | 0          |   0.0 |  0.00
Neigh   | 0          | 0          | 0          |   0.0 |  0.00
Comm    | 0          | 0          | 0          |   0.0 |  0.00
Output  | 0          | 0          | 0          |   0.0 |  0.00
Modify  | 0          | 0          | 0          |   0.0 |  0.00
Other   |            | 1.05e-06   |            |       |100.00

Nlocal:             64 ave          64 max          64 min
Histogram: 1 0 0 0 0 0 0 0 0 0
Nghost:            561 ave         561 max         561 min
Histogram: 1 0 0 0 0 0 0 0 0 0
Neighs:              0 ave           0 max           0 min
Histogram: 1 0 0 0 0 0 0 0 0 0
FullNghs:         2246 ave        2246 max        2246 min
Histogram: 1 0 0 0 0 0 0 0 0 0

Total # of neighbors = 2246
Ave neighs/atom = 35.09375
Neighbor list builds = 0
Dangerous builds = 0
next i
jump SELF loop_struct
clear
  using 1 OpenMP thread(s) per MPI task
log energies.log append
units metal
boundary p p p
atom_style atomic
read_data Si222_${i}.in
read_data Si222_186.in
Reading data file ...
  orthogonal box = (0 0 0) to (10.887404 10.887404 10.887404)
  1 by 1 by 1 MPI processor grid
  reading atoms ...
  64 atoms
  reading velocities ...
  64 velocities
  read_data CPU = 0.001 seconds
mass 1 28.085
pair_style sw
pair_coeff * * Si.sw Si
Reading sw potential file Si.sw with DATE: 2007-06-11
run 0
Neighbor list info ...
  update: every = 1 steps, delay = 0 steps, check = yes
  max neighbors/atom: 2000, page size: 100000
  master list distance cutoff = 5.77118
  ghost atom cutoff = 5.77118
  binsize = 2.88559, bins = 4 4 4
  1 neighbor lists, perpetual/occasional/extra = 1 0 0
  (1) pair sw, perpetual
      attributes: full, newton on
      pair build: full/bin/atomonly
      stencil: full/bin/3d
      bin: standard
Per MPI rank memory allocation (min/avg/max) = 3.072 | 3.072 | 3.072 Mbytes
   Step          Temp          E_pair         E_mol          TotEng         Press     
WARNING: Too many warnings: 186 vs 100. All future warnings will be suppressed (src/thermo.cpp:478)
         0   0             -275.6346       0             -275.6346      -5631.0866    
Loop time of 1.05e-06 on 1 procs for 0 steps with 64 atoms

0.0% CPU use with 1 MPI tasks x 1 OpenMP threads

MPI task timing breakdown:
Section |  min time  |  avg time  |  max time  |%varavg| %total
---------------------------------------------------------------
Pair    | 0          | 0          | 0          |   0.0 |  0.00
Neigh   | 0          | 0          | 0          |   0.0 |  0.00
Comm    | 0          | 0          | 0          |   0.0 |  0.00
Output  | 0          | 0          | 0          |   0.0 |  0.00
Modify  | 0          | 0          | 0          |   0.0 |  0.00
Other   |            | 1.05e-06   |            |       |100.00

Nlocal:             64 ave          64 max          64 min
Histogram: 1 0 0 0 0 0 0 0 0 0
Nghost:            557 ave         557 max         557 min
Histogram: 1 0 0 0 0 0 0 0 0 0
Neighs:              0 ave           0 max           0 min
Histogram: 1 0 0 0 0 0 0 0 0 0
FullNghs:         2184 ave        2184 max        2184 min
Histogram: 1 0 0 0 0 0 0 0 0 0

Total # of neighbors = 2184
Ave neighs/atom = 34.125
Neighbor list builds = 0
Dangerous builds = 0
next i
jump SELF loop_struct
clear
  using 1 OpenMP thread(s) per MPI task
log energies.log append
units metal
boundary p p p
atom_style atomic
read_data Si222_${i}.in
read_data Si222_187.in
Reading data file ...
  orthogonal box = (0 0 0) to (10.887404 10.887404 10.887404)
  1 by 1 by 1 MPI processor grid
  reading atoms ...
  64 atoms
  reading velocities ...
  64 velocities
  read_data CPU = 0.001 seconds
mass 1 28.085
pair_style sw
pair_coeff * * Si.sw Si
Reading sw potential file Si.sw with DATE: 2007-06-11
run 0
Neighbor list info ...
  update: every = 1 steps, delay = 0 steps, check = yes
  max neighbors/atom: 2000, page size: 100000
  master list distance cutoff = 5.77118
  ghost atom cutoff = 5.77118
  binsize = 2.88559, bins = 4 4 4
  1 neighbor lists, perpetual/occasional/extra = 1 0 0
  (1) pair sw, perpetual
      attributes: full, newton on
      pair build: full/bin/atomonly
      stencil: full/bin/3d
      bin: standard
Per MPI rank memory allocation (min/avg/max) = 3.072 | 3.072 | 3.072 Mbytes
   Step          Temp          E_pair         E_mol          TotEng         Press     
WARNING: Too many warnings: 187 vs 100. All future warnings will be suppressed (src/thermo.cpp:478)
         0   0             -275.79189      0             -275.79189     -6175.7798    
Loop time of 1.08e-06 on 1 procs for 0 steps with 64 atoms

0.0% CPU use with 1 MPI tasks x 1 OpenMP threads

MPI task timing breakdown:
Section |  min time  |  avg time  |  max time  |%varavg| %total
---------------------------------------------------------------
Pair    | 0          | 0          | 0          |   0.0 |  0.00
Neigh   | 0          | 0          | 0          |   0.0 |  0.00
Comm    | 0          | 0          | 0          |   0.0 |  0.00
Output  | 0          | 0          | 0          |   0.0 |  0.00
Modify  | 0          | 0          | 0          |   0.0 |  0.00
Other   |            | 1.08e-06   |            |       |100.00

Nlocal:             64 ave          64 max          64 min
Histogram: 1 0 0 0 0 0 0 0 0 0
Nghost:            557 ave         557 max         557 min
Histogram: 1 0 0 0 0 0 0 0 0 0
Neighs:              0 ave           0 max           0 min
Histogram: 1 0 0 0 0 0 0 0 0 0
FullNghs:         2180 ave        2180 max        2180 min
Histogram: 1 0 0 0 0 0 0 0 0 0

Total # of neighbors = 2180
Ave neighs/atom = 34.0625
Neighbor list builds = 0
Dangerous builds = 0
next i
jump SELF loop_struct
clear
  using 1 OpenMP thread(s) per MPI task
log energies.log append
units metal
boundary p p p
atom_style atomic
read_data Si222_${i}.in
read_data Si222_188.in
Reading data file ...
  orthogonal box = (0 0 0) to (10.887404 10.887404 10.887404)
  1 by 1 by 1 MPI processor grid
  reading atoms ...
  64 atoms
  reading velocities ...
  64 velocities
  read_data CPU = 0.001 seconds
mass 1 28.085
pair_style sw
pair_coeff * * Si.sw Si
Reading sw potential file Si.sw with DATE: 2007-06-11
run 0
Neighbor list info ...
  update: every = 1 steps, delay = 0 steps, check = yes
  max neighbors/atom: 2000, page size: 100000
  master list distance cutoff = 5.77118
  ghost atom cutoff = 5.77118
  binsize = 2.88559, bins = 4 4 4
  1 neighbor lists, perpetual/occasional/extra = 1 0 0
  (1) pair sw, perpetual
      attributes: full, newton on
      pair build: full/bin/atomonly
      stencil: full/bin/3d
      bin: standard
Per MPI rank memory allocation (min/avg/max) = 3.072 | 3.072 | 3.072 Mbytes
   Step          Temp          E_pair         E_mol          TotEng         Press     
WARNING: Too many warnings: 188 vs 100. All future warnings will be suppressed (src/thermo.cpp:478)
         0   0             -255.34854      0             -255.34854      38039.759    
Loop time of 1.06e-06 on 1 procs for 0 steps with 64 atoms

0.0% CPU use with 1 MPI tasks x 1 OpenMP threads

MPI task timing breakdown:
Section |  min time  |  avg time  |  max time  |%varavg| %total
---------------------------------------------------------------
Pair    | 0          | 0          | 0          |   0.0 |  0.00
Neigh   | 0          | 0          | 0          |   0.0 |  0.00
Comm    | 0          | 0          | 0          |   0.0 |  0.00
Output  | 0          | 0          | 0          |   0.0 |  0.00
Modify  | 0          | 0          | 0          |   0.0 |  0.00
Other   |            | 1.06e-06   |            |       |100.00

Nlocal:             64 ave          64 max          64 min
Histogram: 1 0 0 0 0 0 0 0 0 0
Nghost:            549 ave         549 max         549 min
Histogram: 1 0 0 0 0 0 0 0 0 0
Neighs:              0 ave           0 max           0 min
Histogram: 1 0 0 0 0 0 0 0 0 0
FullNghs:         2266 ave        2266 max        2266 min
Histogram: 1 0 0 0 0 0 0 0 0 0

Total # of neighbors = 2266
Ave neighs/atom = 35.40625
Neighbor list builds = 0
Dangerous builds = 0
next i
jump SELF loop_struct
clear
  using 1 OpenMP thread(s) per MPI task
log energies.log append
units metal
boundary p p p
atom_style atomic
read_data Si222_${i}.in
read_data Si222_189.in
Reading data file ...
  orthogonal box = (0 0 0) to (10.887404 10.887404 10.887404)
  1 by 1 by 1 MPI processor grid
  reading atoms ...
  64 atoms
  reading velocities ...
  64 velocities
  read_data CPU = 0.001 seconds
mass 1 28.085
pair_style sw
pair_coeff * * Si.sw Si
Reading sw potential file Si.sw with DATE: 2007-06-11
run 0
Neighbor list info ...
  update: every = 1 steps, delay = 0 steps, check = yes
  max neighbors/atom: 2000, page size: 100000
  master list distance cutoff = 5.77118
  ghost atom cutoff = 5.77118
  binsize = 2.88559, bins = 4 4 4
  1 neighbor lists, perpetual/occasional/extra = 1 0 0
  (1) pair sw, perpetual
      attributes: full, newton on
      pair build: full/bin/atomonly
      stencil: full/bin/3d
      bin: standard
Per MPI rank memory allocation (min/avg/max) = 3.073 | 3.073 | 3.073 Mbytes
   Step          Temp          E_pair         E_mol          TotEng         Press     
WARNING: Too many warnings: 189 vs 100. All future warnings will be suppressed (src/thermo.cpp:478)
         0   0             -254.75503      0             -254.75503      42009.202    
Loop time of 1.04e-06 on 1 procs for 0 steps with 64 atoms

96.2% CPU use with 1 MPI tasks x 1 OpenMP threads

MPI task timing breakdown:
Section |  min time  |  avg time  |  max time  |%varavg| %total
---------------------------------------------------------------
Pair    | 0          | 0          | 0          |   0.0 |  0.00
Neigh   | 0          | 0          | 0          |   0.0 |  0.00
Comm    | 0          | 0          | 0          |   0.0 |  0.00
Output  | 0          | 0          | 0          |   0.0 |  0.00
Modify  | 0          | 0          | 0          |   0.0 |  0.00
Other   |            | 1.04e-06   |            |       |100.00

Nlocal:             64 ave          64 max          64 min
Histogram: 1 0 0 0 0 0 0 0 0 0
Nghost:            549 ave         549 max         549 min
Histogram: 1 0 0 0 0 0 0 0 0 0
Neighs:              0 ave           0 max           0 min
Histogram: 1 0 0 0 0 0 0 0 0 0
FullNghs:         2254 ave        2254 max        2254 min
Histogram: 1 0 0 0 0 0 0 0 0 0

Total # of neighbors = 2254
Ave neighs/atom = 35.21875
Neighbor list builds = 0
Dangerous builds = 0
next i
jump SELF loop_struct
clear
  using 1 OpenMP thread(s) per MPI task
log energies.log append
units metal
boundary p p p
atom_style atomic
read_data Si222_${i}.in
read_data Si222_190.in
Reading data file ...
  orthogonal box = (0 0 0) to (10.887404 10.887404 10.887404)
  1 by 1 by 1 MPI processor grid
  reading atoms ...
  64 atoms
  reading velocities ...
  64 velocities
  read_data CPU = 0.001 seconds
mass 1 28.085
pair_style sw
pair_coeff * * Si.sw Si
Reading sw potential file Si.sw with DATE: 2007-06-11
run 0
Neighbor list info ...
  update: every = 1 steps, delay = 0 steps, check = yes
  max neighbors/atom: 2000, page size: 100000
  master list distance cutoff = 5.77118
  ghost atom cutoff = 5.77118
  binsize = 2.88559, bins = 4 4 4
  1 neighbor lists, perpetual/occasional/extra = 1 0 0
  (1) pair sw, perpetual
      attributes: full, newton on
      pair build: full/bin/atomonly
      stencil: full/bin/3d
      bin: standard
Per MPI rank memory allocation (min/avg/max) = 3.073 | 3.073 | 3.073 Mbytes
   Step          Temp          E_pair         E_mol          TotEng         Press     
WARNING: Too many warnings: 190 vs 100. All future warnings will be suppressed (src/thermo.cpp:478)
         0   0             -275.71009      0             -275.71009     -6031.3546    
Loop time of 1.09e-06 on 1 procs for 0 steps with 64 atoms

91.7% CPU use with 1 MPI tasks x 1 OpenMP threads

MPI task timing breakdown:
Section |  min time  |  avg time  |  max time  |%varavg| %total
---------------------------------------------------------------
Pair    | 0          | 0          | 0          |   0.0 |  0.00
Neigh   | 0          | 0          | 0          |   0.0 |  0.00
Comm    | 0          | 0          | 0          |   0.0 |  0.00
Output  | 0          | 0          | 0          |   0.0 |  0.00
Modify  | 0          | 0          | 0          |   0.0 |  0.00
Other   |            | 1.09e-06   |            |       |100.00

Nlocal:             64 ave          64 max          64 min
Histogram: 1 0 0 0 0 0 0 0 0 0
Nghost:            557 ave         557 max         557 min
Histogram: 1 0 0 0 0 0 0 0 0 0
Neighs:              0 ave           0 max           0 min
Histogram: 1 0 0 0 0 0 0 0 0 0
FullNghs:         2180 ave        2180 max        2180 min
Histogram: 1 0 0 0 0 0 0 0 0 0

Total # of neighbors = 2180
Ave neighs/atom = 34.0625
Neighbor list builds = 0
Dangerous builds = 0
next i
jump SELF loop_struct
clear
  using 1 OpenMP thread(s) per MPI task
log energies.log append
units metal
boundary p p p
atom_style atomic
read_data Si222_${i}.in
read_data Si222_191.in
Reading data file ...
  orthogonal box = (0 0 0) to (10.887404 10.887404 10.887404)
  1 by 1 by 1 MPI processor grid
  reading atoms ...
  64 atoms
  reading velocities ...
  64 velocities
  read_data CPU = 0.001 seconds
mass 1 28.085
pair_style sw
pair_coeff * * Si.sw Si
Reading sw potential file Si.sw with DATE: 2007-06-11
run 0
Neighbor list info ...
  update: every = 1 steps, delay = 0 steps, check = yes
  max neighbors/atom: 2000, page size: 100000
  master list distance cutoff = 5.77118
  ghost atom cutoff = 5.77118
  binsize = 2.88559, bins = 4 4 4
  1 neighbor lists, perpetual/occasional/extra = 1 0 0
  (1) pair sw, perpetual
      attributes: full, newton on
      pair build: full/bin/atomonly
      stencil: full/bin/3d
      bin: standard
Per MPI rank memory allocation (min/avg/max) = 3.074 | 3.074 | 3.074 Mbytes
   Step          Temp          E_pair         E_mol          TotEng         Press     
WARNING: Too many warnings: 191 vs 100. All future warnings will be suppressed (src/thermo.cpp:478)
         0   0             -275.46208      0             -275.46208     -5545.7157    
Loop time of 1.11e-06 on 1 procs for 0 steps with 64 atoms

90.1% CPU use with 1 MPI tasks x 1 OpenMP threads

MPI task timing breakdown:
Section |  min time  |  avg time  |  max time  |%varavg| %total
---------------------------------------------------------------
Pair    | 0          | 0          | 0          |   0.0 |  0.00
Neigh   | 0          | 0          | 0          |   0.0 |  0.00
Comm    | 0          | 0          | 0          |   0.0 |  0.00
Output  | 0          | 0          | 0          |   0.0 |  0.00
Modify  | 0          | 0          | 0          |   0.0 |  0.00
Other   |            | 1.11e-06   |            |       |100.00

Nlocal:             64 ave          64 max          64 min
Histogram: 1 0 0 0 0 0 0 0 0 0
Nghost:            557 ave         557 max         557 min
Histogram: 1 0 0 0 0 0 0 0 0 0
Neighs:              0 ave           0 max           0 min
Histogram: 1 0 0 0 0 0 0 0 0 0
FullNghs:         2182 ave        2182 max        2182 min
Histogram: 1 0 0 0 0 0 0 0 0 0

Total # of neighbors = 2182
Ave neighs/atom = 34.09375
Neighbor list builds = 0
Dangerous builds = 0
next i
jump SELF loop_struct
clear
  using 1 OpenMP thread(s) per MPI task
log energies.log append
units metal
boundary p p p
atom_style atomic
read_data Si222_${i}.in
read_data Si222_192.in
Reading data file ...
  orthogonal box = (0 0 0) to (10.887404 10.887404 10.887404)
  1 by 1 by 1 MPI processor grid
  reading atoms ...
  64 atoms
  reading velocities ...
  64 velocities
  read_data CPU = 0.001 seconds
mass 1 28.085
pair_style sw
pair_coeff * * Si.sw Si
Reading sw potential file Si.sw with DATE: 2007-06-11
run 0
Neighbor list info ...
  update: every = 1 steps, delay = 0 steps, check = yes
  max neighbors/atom: 2000, page size: 100000
  master list distance cutoff = 5.77118
  ghost atom cutoff = 5.77118
  binsize = 2.88559, bins = 4 4 4
  1 neighbor lists, perpetual/occasional/extra = 1 0 0
  (1) pair sw, perpetual
      attributes: full, newton on
      pair build: full/bin/atomonly
      stencil: full/bin/3d
      bin: standard
Per MPI rank memory allocation (min/avg/max) = 3.073 | 3.073 | 3.073 Mbytes
   Step          Temp          E_pair         E_mol          TotEng         Press     
WARNING: Too many warnings: 192 vs 100. All future warnings will be suppressed (src/thermo.cpp:478)
         0   0             -275.37925      0             -275.37925     -5818.4197    
Loop time of 1.06e-06 on 1 procs for 0 steps with 64 atoms

0.0% CPU use with 1 MPI tasks x 1 OpenMP threads

MPI task timing breakdown:
Section |  min time  |  avg time  |  max time  |%varavg| %total
---------------------------------------------------------------
Pair    | 0          | 0          | 0          |   0.0 |  0.00
Neigh   | 0          | 0          | 0          |   0.0 |  0.00
Comm    | 0          | 0          | 0          |   0.0 |  0.00
Output  | 0          | 0          | 0          |   0.0 |  0.00
Modify  | 0          | 0          | 0          |   0.0 |  0.00
Other   |            | 1.06e-06   |            |       |100.00

Nlocal:             64 ave          64 max          64 min
Histogram: 1 0 0 0 0 0 0 0 0 0
Nghost:            557 ave         557 max         557 min
Histogram: 1 0 0 0 0 0 0 0 0 0
Neighs:              0 ave           0 max           0 min
Histogram: 1 0 0 0 0 0 0 0 0 0
FullNghs:         2186 ave        2186 max        2186 min
Histogram: 1 0 0 0 0 0 0 0 0 0

Total # of neighbors = 2186
Ave neighs/atom = 34.15625
Neighbor list builds = 0
Dangerous builds = 0
next i
jump SELF loop_struct
clear
  using 1 OpenMP thread(s) per MPI task
log energies.log append
units metal
boundary p p p
atom_style atomic
read_data Si222_${i}.in
read_data Si222_193.in
Reading data file ...
  orthogonal box = (0 0 0) to (10.887404 10.887404 10.887404)
  1 by 1 by 1 MPI processor grid
  reading atoms ...
  64 atoms
  reading velocities ...
  64 velocities
  read_data CPU = 0.001 seconds
mass 1 28.085
pair_style sw
pair_coeff * * Si.sw Si
Reading sw potential file Si.sw with DATE: 2007-06-11
run 0
Neighbor list info ...
  update: every = 1 steps, delay = 0 steps, check = yes
  max neighbors/atom: 2000, page size: 100000
  master list distance cutoff = 5.77118
  ghost atom cutoff = 5.77118
  binsize = 2.88559, bins = 4 4 4
  1 neighbor lists, perpetual/occasional/extra = 1 0 0
  (1) pair sw, perpetual
      attributes: full, newton on
      pair build: full/bin/atomonly
      stencil: full/bin/3d
      bin: standard
Per MPI rank memory allocation (min/avg/max) = 3.072 | 3.072 | 3.072 Mbytes
   Step          Temp          E_pair         E_mol          TotEng         Press     
WARNING: Too many warnings: 193 vs 100. All future warnings will be suppressed (src/thermo.cpp:478)
         0   0             -275.88194      0             -275.88194     -5818.8074    
Loop time of 1.06e-06 on 1 procs for 0 steps with 64 atoms

94.3% CPU use with 1 MPI tasks x 1 OpenMP threads

MPI task timing breakdown:
Section |  min time  |  avg time  |  max time  |%varavg| %total
---------------------------------------------------------------
Pair    | 0          | 0          | 0          |   0.0 |  0.00
Neigh   | 0          | 0          | 0          |   0.0 |  0.00
Comm    | 0          | 0          | 0          |   0.0 |  0.00
Output  | 0          | 0          | 0          |   0.0 |  0.00
Modify  | 0          | 0          | 0          |   0.0 |  0.00
Other   |            | 1.06e-06   |            |       |100.00

Nlocal:             64 ave          64 max          64 min
Histogram: 1 0 0 0 0 0 0 0 0 0
Nghost:            557 ave         557 max         557 min
Histogram: 1 0 0 0 0 0 0 0 0 0
Neighs:              0 ave           0 max           0 min
Histogram: 1 0 0 0 0 0 0 0 0 0
FullNghs:         2178 ave        2178 max        2178 min
Histogram: 1 0 0 0 0 0 0 0 0 0

Total # of neighbors = 2178
Ave neighs/atom = 34.03125
Neighbor list builds = 0
Dangerous builds = 0
next i
jump SELF loop_struct
clear
  using 1 OpenMP thread(s) per MPI task
log energies.log append
units metal
boundary p p p
atom_style atomic
read_data Si222_${i}.in
read_data Si222_194.in
Reading data file ...
  orthogonal box = (0 0 0) to (10.887404 10.887404 10.887404)
  1 by 1 by 1 MPI processor grid
  reading atoms ...
  64 atoms
  reading velocities ...
  64 velocities
  read_data CPU = 0.001 seconds
mass 1 28.085
pair_style sw
pair_coeff * * Si.sw Si
Reading sw potential file Si.sw with DATE: 2007-06-11
run 0
Neighbor list info ...
  update: every = 1 steps, delay = 0 steps, check = yes
  max neighbors/atom: 2000, page size: 100000
  master list distance cutoff = 5.77118
  ghost atom cutoff = 5.77118
  binsize = 2.88559, bins = 4 4 4
  1 neighbor lists, perpetual/occasional/extra = 1 0 0
  (1) pair sw, perpetual
      attributes: full, newton on
      pair build: full/bin/atomonly
      stencil: full/bin/3d
      bin: standard
Per MPI rank memory allocation (min/avg/max) = 3.073 | 3.073 | 3.073 Mbytes
   Step          Temp          E_pair         E_mol          TotEng         Press     
WARNING: Too many warnings: 194 vs 100. All future warnings will be suppressed (src/thermo.cpp:478)
         0   0             -275.32373      0             -275.32373     -6163.7471    
Loop time of 1.02e-06 on 1 procs for 0 steps with 64 atoms

98.0% CPU use with 1 MPI tasks x 1 OpenMP threads

MPI task timing breakdown:
Section |  min time  |  avg time  |  max time  |%varavg| %total
---------------------------------------------------------------
Pair    | 0          | 0          | 0          |   0.0 |  0.00
Neigh   | 0          | 0          | 0          |   0.0 |  0.00
Comm    | 0          | 0          | 0          |   0.0 |  0.00
Output  | 0          | 0          | 0          |   0.0 |  0.00
Modify  | 0          | 0          | 0          |   0.0 |  0.00
Other   |            | 1.02e-06   |            |       |100.00

Nlocal:             64 ave          64 max          64 min
Histogram: 1 0 0 0 0 0 0 0 0 0
Nghost:            557 ave         557 max         557 min
Histogram: 1 0 0 0 0 0 0 0 0 0
Neighs:              0 ave           0 max           0 min
Histogram: 1 0 0 0 0 0 0 0 0 0
FullNghs:         2192 ave        2192 max        2192 min
Histogram: 1 0 0 0 0 0 0 0 0 0

Total # of neighbors = 2192
Ave neighs/atom = 34.25
Neighbor list builds = 0
Dangerous builds = 0
next i
jump SELF loop_struct
clear
  using 1 OpenMP thread(s) per MPI task
log energies.log append
units metal
boundary p p p
atom_style atomic
read_data Si222_${i}.in
read_data Si222_195.in
Reading data file ...
  orthogonal box = (0 0 0) to (10.887404 10.887404 10.887404)
  1 by 1 by 1 MPI processor grid
  reading atoms ...
  64 atoms
  reading velocities ...
  64 velocities
  read_data CPU = 0.001 seconds
mass 1 28.085
pair_style sw
pair_coeff * * Si.sw Si
Reading sw potential file Si.sw with DATE: 2007-06-11
run 0
Neighbor list info ...
  update: every = 1 steps, delay = 0 steps, check = yes
  max neighbors/atom: 2000, page size: 100000
  master list distance cutoff = 5.77118
  ghost atom cutoff = 5.77118
  binsize = 2.88559, bins = 4 4 4
  1 neighbor lists, perpetual/occasional/extra = 1 0 0
  (1) pair sw, perpetual
      attributes: full, newton on
      pair build: full/bin/atomonly
      stencil: full/bin/3d
      bin: standard
Per MPI rank memory allocation (min/avg/max) = 3.074 | 3.074 | 3.074 Mbytes
   Step          Temp          E_pair         E_mol          TotEng         Press     
WARNING: Too many warnings: 195 vs 100. All future warnings will be suppressed (src/thermo.cpp:478)
         0   0             -275.72064      0             -275.72064     -6111.5442    
Loop time of 1.04e-06 on 1 procs for 0 steps with 64 atoms

0.0% CPU use with 1 MPI tasks x 1 OpenMP threads

MPI task timing breakdown:
Section |  min time  |  avg time  |  max time  |%varavg| %total
---------------------------------------------------------------
Pair    | 0          | 0          | 0          |   0.0 |  0.00
Neigh   | 0          | 0          | 0          |   0.0 |  0.00
Comm    | 0          | 0          | 0          |   0.0 |  0.00
Output  | 0          | 0          | 0          |   0.0 |  0.00
Modify  | 0          | 0          | 0          |   0.0 |  0.00
Other   |            | 1.04e-06   |            |       |100.00

Nlocal:             64 ave          64 max          64 min
Histogram: 1 0 0 0 0 0 0 0 0 0
Nghost:            557 ave         557 max         557 min
Histogram: 1 0 0 0 0 0 0 0 0 0
Neighs:              0 ave           0 max           0 min
Histogram: 1 0 0 0 0 0 0 0 0 0
FullNghs:         2182 ave        2182 max        2182 min
Histogram: 1 0 0 0 0 0 0 0 0 0

Total # of neighbors = 2182
Ave neighs/atom = 34.09375
Neighbor list builds = 0
Dangerous builds = 0
next i
jump SELF loop_struct
clear
  using 1 OpenMP thread(s) per MPI task
log energies.log append
units metal
boundary p p p
atom_style atomic
read_data Si222_${i}.in
read_data Si222_196.in
Reading data file ...
  orthogonal box = (0 0 0) to (10.887404 10.887404 10.887404)
  1 by 1 by 1 MPI processor grid
  reading atoms ...
  64 atoms
  reading velocities ...
  64 velocities
  read_data CPU = 0.001 seconds
mass 1 28.085
pair_style sw
pair_coeff * * Si.sw Si
Reading sw potential file Si.sw with DATE: 2007-06-11
run 0
Neighbor list info ...
  update: every = 1 steps, delay = 0 steps, check = yes
  max neighbors/atom: 2000, page size: 100000
  master list distance cutoff = 5.77118
  ghost atom cutoff = 5.77118
  binsize = 2.88559, bins = 4 4 4
  1 neighbor lists, perpetual/occasional/extra = 1 0 0
  (1) pair sw, perpetual
      attributes: full, newton on
      pair build: full/bin/atomonly
      stencil: full/bin/3d
      bin: standard
Per MPI rank memory allocation (min/avg/max) = 3.074 | 3.074 | 3.074 Mbytes
   Step          Temp          E_pair         E_mol          TotEng         Press     
WARNING: Too many warnings: 196 vs 100. All future warnings will be suppressed (src/thermo.cpp:478)
         0   0             -275.57561      0             -275.57561     -5976.7597    
Loop time of 1.04e-06 on 1 procs for 0 steps with 64 atoms

96.2% CPU use with 1 MPI tasks x 1 OpenMP threads

MPI task timing breakdown:
Section |  min time  |  avg time  |  max time  |%varavg| %total
---------------------------------------------------------------
Pair    | 0          | 0          | 0          |   0.0 |  0.00
Neigh   | 0          | 0          | 0          |   0.0 |  0.00
Comm    | 0          | 0          | 0          |   0.0 |  0.00
Output  | 0          | 0          | 0          |   0.0 |  0.00
Modify  | 0          | 0          | 0          |   0.0 |  0.00
Other   |            | 1.04e-06   |            |       |100.00

Nlocal:             64 ave          64 max          64 min
Histogram: 1 0 0 0 0 0 0 0 0 0
Nghost:            557 ave         557 max         557 min
Histogram: 1 0 0 0 0 0 0 0 0 0
Neighs:              0 ave           0 max           0 min
Histogram: 1 0 0 0 0 0 0 0 0 0
FullNghs:         2180 ave        2180 max        2180 min
Histogram: 1 0 0 0 0 0 0 0 0 0

Total # of neighbors = 2180
Ave neighs/atom = 34.0625
Neighbor list builds = 0
Dangerous builds = 0
next i
jump SELF loop_struct
clear
  using 1 OpenMP thread(s) per MPI task
log energies.log append
units metal
boundary p p p
atom_style atomic
read_data Si222_${i}.in
read_data Si222_197.in
Reading data file ...
  orthogonal box = (0 0 0) to (10.887404 10.887404 10.887404)
  1 by 1 by 1 MPI processor grid
  reading atoms ...
  64 atoms
  reading velocities ...
  64 velocities
  read_data CPU = 0.001 seconds
mass 1 28.085
pair_style sw
pair_coeff * * Si.sw Si
Reading sw potential file Si.sw with DATE: 2007-06-11
run 0
Neighbor list info ...
  update: every = 1 steps, delay = 0 steps, check = yes
  max neighbors/atom: 2000, page size: 100000
  master list distance cutoff = 5.77118
  ghost atom cutoff = 5.77118
  binsize = 2.88559, bins = 4 4 4
  1 neighbor lists, perpetual/occasional/extra = 1 0 0
  (1) pair sw, perpetual
      attributes: full, newton on
      pair build: full/bin/atomonly
      stencil: full/bin/3d
      bin: standard
Per MPI rank memory allocation (min/avg/max) = 3.073 | 3.073 | 3.073 Mbytes
   Step          Temp          E_pair         E_mol          TotEng         Press     
WARNING: Too many warnings: 197 vs 100. All future warnings will be suppressed (src/thermo.cpp:478)
         0   0             -275.83752      0             -275.83752     -5713.825     
Loop time of 1.06e-06 on 1 procs for 0 steps with 64 atoms

0.0% CPU use with 1 MPI tasks x 1 OpenMP threads

MPI task timing breakdown:
Section |  min time  |  avg time  |  max time  |%varavg| %total
---------------------------------------------------------------
Pair    | 0          | 0          | 0          |   0.0 |  0.00
Neigh   | 0          | 0          | 0          |   0.0 |  0.00
Comm    | 0          | 0          | 0          |   0.0 |  0.00
Output  | 0          | 0          | 0          |   0.0 |  0.00
Modify  | 0          | 0          | 0          |   0.0 |  0.00
Other   |            | 1.06e-06   |            |       |100.00

Nlocal:             64 ave          64 max          64 min
Histogram: 1 0 0 0 0 0 0 0 0 0
Nghost:            557 ave         557 max         557 min
Histogram: 1 0 0 0 0 0 0 0 0 0
Neighs:              0 ave           0 max           0 min
Histogram: 1 0 0 0 0 0 0 0 0 0
FullNghs:         2182 ave        2182 max        2182 min
Histogram: 1 0 0 0 0 0 0 0 0 0

Total # of neighbors = 2182
Ave neighs/atom = 34.09375
Neighbor list builds = 0
Dangerous builds = 0
next i
jump SELF loop_struct
clear
  using 1 OpenMP thread(s) per MPI task
log energies.log append
units metal
boundary p p p
atom_style atomic
read_data Si222_${i}.in
read_data Si222_198.in
Reading data file ...
  orthogonal box = (0 0 0) to (10.887404 10.887404 10.887404)
  1 by 1 by 1 MPI processor grid
  reading atoms ...
  64 atoms
  reading velocities ...
  64 velocities
  read_data CPU = 0.001 seconds
mass 1 28.085
pair_style sw
pair_coeff * * Si.sw Si
Reading sw potential file Si.sw with DATE: 2007-06-11
run 0
Neighbor list info ...
  update: every = 1 steps, delay = 0 steps, check = yes
  max neighbors/atom: 2000, page size: 100000
  master list distance cutoff = 5.77118
  ghost atom cutoff = 5.77118
  binsize = 2.88559, bins = 4 4 4
  1 neighbor lists, perpetual/occasional/extra = 1 0 0
  (1) pair sw, perpetual
      attributes: full, newton on
      pair build: full/bin/atomonly
      stencil: full/bin/3d
      bin: standard
Per MPI rank memory allocation (min/avg/max) = 3.073 | 3.073 | 3.073 Mbytes
   Step          Temp          E_pair         E_mol          TotEng         Press     
WARNING: Too many warnings: 198 vs 100. All future warnings will be suppressed (src/thermo.cpp:478)
         0   0             -253.99069      0             -253.99069      38242.711    
Loop time of 1.05e-06 on 1 procs for 0 steps with 64 atoms

95.2% CPU use with 1 MPI tasks x 1 OpenMP threads

MPI task timing breakdown:
Section |  min time  |  avg time  |  max time  |%varavg| %total
---------------------------------------------------------------
Pair    | 0          | 0          | 0          |   0.0 |  0.00
Neigh   | 0          | 0          | 0          |   0.0 |  0.00
Comm    | 0          | 0          | 0          |   0.0 |  0.00
Output  | 0          | 0          | 0          |   0.0 |  0.00
Modify  | 0          | 0          | 0          |   0.0 |  0.00
Other   |            | 1.05e-06   |            |       |100.00

Nlocal:             64 ave          64 max          64 min
Histogram: 1 0 0 0 0 0 0 0 0 0
Nghost:            553 ave         553 max         553 min
Histogram: 1 0 0 0 0 0 0 0 0 0
Neighs:              0 ave           0 max           0 min
Histogram: 1 0 0 0 0 0 0 0 0 0
FullNghs:         2248 ave        2248 max        2248 min
Histogram: 1 0 0 0 0 0 0 0 0 0

Total # of neighbors = 2248
Ave neighs/atom = 35.125
Neighbor list builds = 0
Dangerous builds = 0
next i
jump SELF loop_struct
clear
  using 1 OpenMP thread(s) per MPI task
log energies.log append
units metal
boundary p p p
atom_style atomic
read_data Si222_${i}.in
read_data Si222_199.in
Reading data file ...
  orthogonal box = (0 0 0) to (10.887404 10.887404 10.887404)
  1 by 1 by 1 MPI processor grid
  reading atoms ...
  64 atoms
  reading velocities ...
  64 velocities
  read_data CPU = 0.001 seconds
mass 1 28.085
pair_style sw
pair_coeff * * Si.sw Si
Reading sw potential file Si.sw with DATE: 2007-06-11
run 0
Neighbor list info ...
  update: every = 1 steps, delay = 0 steps, check = yes
  max neighbors/atom: 2000, page size: 100000
  master list distance cutoff = 5.77118
  ghost atom cutoff = 5.77118
  binsize = 2.88559, bins = 4 4 4
  1 neighbor lists, perpetual/occasional/extra = 1 0 0
  (1) pair sw, perpetual
      attributes: full, newton on
      pair build: full/bin/atomonly
      stencil: full/bin/3d
      bin: standard
Per MPI rank memory allocation (min/avg/max) = 3.064 | 3.064 | 3.064 Mbytes
   Step          Temp          E_pair         E_mol          TotEng         Press     
WARNING: Too many warnings: 199 vs 100. All future warnings will be suppressed (src/thermo.cpp:478)
         0   0             -249.42299      0             -249.42299      52687.734    
Loop time of 1.06e-06 on 1 procs for 0 steps with 64 atoms

94.3% CPU use with 1 MPI tasks x 1 OpenMP threads

MPI task timing breakdown:
Section |  min time  |  avg time  |  max time  |%varavg| %total
---------------------------------------------------------------
Pair    | 0          | 0          | 0          |   0.0 |  0.00
Neigh   | 0          | 0          | 0          |   0.0 |  0.00
Comm    | 0          | 0          | 0          |   0.0 |  0.00
Output  | 0          | 0          | 0          |   0.0 |  0.00
Modify  | 0          | 0          | 0          |   0.0 |  0.00
Other   |            | 1.06e-06   |            |       |100.00

Nlocal:             64 ave          64 max          64 min
Histogram: 1 0 0 0 0 0 0 0 0 0
Nghost:            557 ave         557 max         557 min
Histogram: 1 0 0 0 0 0 0 0 0 0
Neighs:              0 ave           0 max           0 min
Histogram: 1 0 0 0 0 0 0 0 0 0
FullNghs:         2298 ave        2298 max        2298 min
Histogram: 1 0 0 0 0 0 0 0 0 0

Total # of neighbors = 2298
Ave neighs/atom = 35.90625
Neighbor list builds = 0
Dangerous builds = 0
next i
jump SELF loop_struct
clear
  using 1 OpenMP thread(s) per MPI task
log energies.log append
units metal
boundary p p p
atom_style atomic
read_data Si222_${i}.in
read_data Si222_200.in
Reading data file ...
  orthogonal box = (0 0 0) to (10.887404 10.887404 10.887404)
  1 by 1 by 1 MPI processor grid
  reading atoms ...
  64 atoms
  reading velocities ...
  64 velocities
  read_data CPU = 0.001 seconds
mass 1 28.085
pair_style sw
pair_coeff * * Si.sw Si
Reading sw potential file Si.sw with DATE: 2007-06-11
run 0
Neighbor list info ...
  update: every = 1 steps, delay = 0 steps, check = yes
  max neighbors/atom: 2000, page size: 100000
  master list distance cutoff = 5.77118
  ghost atom cutoff = 5.77118
  binsize = 2.88559, bins = 4 4 4
  1 neighbor lists, perpetual/occasional/extra = 1 0 0
  (1) pair sw, perpetual
      attributes: full, newton on
      pair build: full/bin/atomonly
      stencil: full/bin/3d
      bin: standard
Per MPI rank memory allocation (min/avg/max) = 3.064 | 3.064 | 3.064 Mbytes
   Step          Temp          E_pair         E_mol          TotEng         Press     
WARNING: Too many warnings: 200 vs 100. All future warnings will be suppressed (src/thermo.cpp:478)
         0   0             -252.71288      0             -252.71288      33379.675    
Loop time of 1.06e-06 on 1 procs for 0 steps with 64 atoms

94.3% CPU use with 1 MPI tasks x 1 OpenMP threads

MPI task timing breakdown:
Section |  min time  |  avg time  |  max time  |%varavg| %total
---------------------------------------------------------------
Pair    | 0          | 0          | 0          |   0.0 |  0.00
Neigh   | 0          | 0          | 0          |   0.0 |  0.00
Comm    | 0          | 0          | 0          |   0.0 |  0.00
Output  | 0          | 0          | 0          |   0.0 |  0.00
Modify  | 0          | 0          | 0          |   0.0 |  0.00
Other   |            | 1.06e-06   |            |       |100.00

Nlocal:             64 ave          64 max          64 min
Histogram: 1 0 0 0 0 0 0 0 0 0
Nghost:            529 ave         529 max         529 min
Histogram: 1 0 0 0 0 0 0 0 0 0
Neighs:              0 ave           0 max           0 min
Histogram: 1 0 0 0 0 0 0 0 0 0
FullNghs:         2288 ave        2288 max        2288 min
Histogram: 1 0 0 0 0 0 0 0 0 0

Total # of neighbors = 2288
Ave neighs/atom = 35.75
Neighbor list builds = 0
Dangerous builds = 0
next i
jump SELF loop_struct
clear
  using 1 OpenMP thread(s) per MPI task
log energies.log append
units metal
boundary p p p
atom_style atomic
read_data Si222_${i}.in
read_data Si222_201.in
Reading data file ...
  orthogonal box = (0 0 0) to (10.887404 10.887404 10.887404)
  1 by 1 by 1 MPI processor grid
  reading atoms ...
  64 atoms
  reading velocities ...
  64 velocities
  read_data CPU = 0.001 seconds
mass 1 28.085
pair_style sw
pair_coeff * * Si.sw Si
Reading sw potential file Si.sw with DATE: 2007-06-11
run 0
Neighbor list info ...
  update: every = 1 steps, delay = 0 steps, check = yes
  max neighbors/atom: 2000, page size: 100000
  master list distance cutoff = 5.77118
  ghost atom cutoff = 5.77118
  binsize = 2.88559, bins = 4 4 4
  1 neighbor lists, perpetual/occasional/extra = 1 0 0
  (1) pair sw, perpetual
      attributes: full, newton on
      pair build: full/bin/atomonly
      stencil: full/bin/3d
      bin: standard
Per MPI rank memory allocation (min/avg/max) = 3.064 | 3.064 | 3.064 Mbytes
   Step          Temp          E_pair         E_mol          TotEng         Press     
WARNING: Too many warnings: 201 vs 100. All future warnings will be suppressed (src/thermo.cpp:478)
         0   0             -275.73945      0             -275.73945     -5883.2001    
Loop time of 1.05e-06 on 1 procs for 0 steps with 64 atoms

95.2% CPU use with 1 MPI tasks x 1 OpenMP threads

MPI task timing breakdown:
Section |  min time  |  avg time  |  max time  |%varavg| %total
---------------------------------------------------------------
Pair    | 0          | 0          | 0          |   0.0 |  0.00
Neigh   | 0          | 0          | 0          |   0.0 |  0.00
Comm    | 0          | 0          | 0          |   0.0 |  0.00
Output  | 0          | 0          | 0          |   0.0 |  0.00
Modify  | 0          | 0          | 0          |   0.0 |  0.00
Other   |            | 1.05e-06   |            |       |100.00

Nlocal:             64 ave          64 max          64 min
Histogram: 1 0 0 0 0 0 0 0 0 0
Nghost:            557 ave         557 max         557 min
Histogram: 1 0 0 0 0 0 0 0 0 0
Neighs:              0 ave           0 max           0 min
Histogram: 1 0 0 0 0 0 0 0 0 0
FullNghs:         2186 ave        2186 max        2186 min
Histogram: 1 0 0 0 0 0 0 0 0 0

Total # of neighbors = 2186
Ave neighs/atom = 34.15625
Neighbor list builds = 0
Dangerous builds = 0
next i
jump SELF loop_struct
clear
  using 1 OpenMP thread(s) per MPI task
log energies.log append
units metal
boundary p p p
atom_style atomic
read_data Si222_${i}.in
read_data Si222_202.in
Reading data file ...
  orthogonal box = (0 0 0) to (10.887404 10.887404 10.887404)
  1 by 1 by 1 MPI processor grid
  reading atoms ...
  64 atoms
  reading velocities ...
  64 velocities
  read_data CPU = 0.001 seconds
mass 1 28.085
pair_style sw
pair_coeff * * Si.sw Si
Reading sw potential file Si.sw with DATE: 2007-06-11
run 0
Neighbor list info ...
  update: every = 1 steps, delay = 0 steps, check = yes
  max neighbors/atom: 2000, page size: 100000
  master list distance cutoff = 5.77118
  ghost atom cutoff = 5.77118
  binsize = 2.88559, bins = 4 4 4
  1 neighbor lists, perpetual/occasional/extra = 1 0 0
  (1) pair sw, perpetual
      attributes: full, newton on
      pair build: full/bin/atomonly
      stencil: full/bin/3d
      bin: standard
Per MPI rank memory allocation (min/avg/max) = 3.064 | 3.064 | 3.064 Mbytes
   Step          Temp          E_pair         E_mol          TotEng         Press     
WARNING: Too many warnings: 202 vs 100. All future warnings will be suppressed (src/thermo.cpp:478)
         0   0             -275.4997       0             -275.4997      -6016.5033    
Loop time of 1.05e-06 on 1 procs for 0 steps with 64 atoms

95.2% CPU use with 1 MPI tasks x 1 OpenMP threads

MPI task timing breakdown:
Section |  min time  |  avg time  |  max time  |%varavg| %total
---------------------------------------------------------------
Pair    | 0          | 0          | 0          |   0.0 |  0.00
Neigh   | 0          | 0          | 0          |   0.0 |  0.00
Comm    | 0          | 0          | 0          |   0.0 |  0.00
Output  | 0          | 0          | 0          |   0.0 |  0.00
Modify  | 0          | 0          | 0          |   0.0 |  0.00
Other   |            | 1.05e-06   |            |       |100.00

Nlocal:             64 ave          64 max          64 min
Histogram: 1 0 0 0 0 0 0 0 0 0
Nghost:            557 ave         557 max         557 min
Histogram: 1 0 0 0 0 0 0 0 0 0
Neighs:              0 ave           0 max           0 min
Histogram: 1 0 0 0 0 0 0 0 0 0
FullNghs:         2192 ave        2192 max        2192 min
Histogram: 1 0 0 0 0 0 0 0 0 0

Total # of neighbors = 2192
Ave neighs/atom = 34.25
Neighbor list builds = 0
Dangerous builds = 0
next i
jump SELF loop_struct
clear
  using 1 OpenMP thread(s) per MPI task
log energies.log append
units metal
boundary p p p
atom_style atomic
read_data Si222_${i}.in
read_data Si222_203.in
Reading data file ...
  orthogonal box = (0 0 0) to (10.887404 10.887404 10.887404)
  1 by 1 by 1 MPI processor grid
  reading atoms ...
  64 atoms
  reading velocities ...
  64 velocities
  read_data CPU = 0.001 seconds
mass 1 28.085
pair_style sw
pair_coeff * * Si.sw Si
Reading sw potential file Si.sw with DATE: 2007-06-11
run 0
Neighbor list info ...
  update: every = 1 steps, delay = 0 steps, check = yes
  max neighbors/atom: 2000, page size: 100000
  master list distance cutoff = 5.77118
  ghost atom cutoff = 5.77118
  binsize = 2.88559, bins = 4 4 4
  1 neighbor lists, perpetual/occasional/extra = 1 0 0
  (1) pair sw, perpetual
      attributes: full, newton on
      pair build: full/bin/atomonly
      stencil: full/bin/3d
      bin: standard
Per MPI rank memory allocation (min/avg/max) = 3.074 | 3.074 | 3.074 Mbytes
   Step          Temp          E_pair         E_mol          TotEng         Press     
WARNING: Too many warnings: 203 vs 100. All future warnings will be suppressed (src/thermo.cpp:478)
         0   0             -275.46011      0             -275.46011     -5742.3272    
Loop time of 1.05e-06 on 1 procs for 0 steps with 64 atoms

95.2% CPU use with 1 MPI tasks x 1 OpenMP threads

MPI task timing breakdown:
Section |  min time  |  avg time  |  max time  |%varavg| %total
---------------------------------------------------------------
Pair    | 0          | 0          | 0          |   0.0 |  0.00
Neigh   | 0          | 0          | 0          |   0.0 |  0.00
Comm    | 0          | 0          | 0          |   0.0 |  0.00
Output  | 0          | 0          | 0          |   0.0 |  0.00
Modify  | 0          | 0          | 0          |   0.0 |  0.00
Other   |            | 1.05e-06   |            |       |100.00

Nlocal:             64 ave          64 max          64 min
Histogram: 1 0 0 0 0 0 0 0 0 0
Nghost:            557 ave         557 max         557 min
Histogram: 1 0 0 0 0 0 0 0 0 0
Neighs:              0 ave           0 max           0 min
Histogram: 1 0 0 0 0 0 0 0 0 0
FullNghs:         2184 ave        2184 max        2184 min
Histogram: 1 0 0 0 0 0 0 0 0 0

Total # of neighbors = 2184
Ave neighs/atom = 34.125
Neighbor list builds = 0
Dangerous builds = 0
next i
jump SELF loop_struct
clear
  using 1 OpenMP thread(s) per MPI task
log energies.log append
units metal
boundary p p p
atom_style atomic
read_data Si222_${i}.in
read_data Si222_204.in
Reading data file ...
  orthogonal box = (0 0 0) to (10.887404 10.887404 10.887404)
  1 by 1 by 1 MPI processor grid
  reading atoms ...
  64 atoms
  reading velocities ...
  64 velocities
  read_data CPU = 0.001 seconds
mass 1 28.085
pair_style sw
pair_coeff * * Si.sw Si
Reading sw potential file Si.sw with DATE: 2007-06-11
run 0
Neighbor list info ...
  update: every = 1 steps, delay = 0 steps, check = yes
  max neighbors/atom: 2000, page size: 100000
  master list distance cutoff = 5.77118
  ghost atom cutoff = 5.77118
  binsize = 2.88559, bins = 4 4 4
  1 neighbor lists, perpetual/occasional/extra = 1 0 0
  (1) pair sw, perpetual
      attributes: full, newton on
      pair build: full/bin/atomonly
      stencil: full/bin/3d
      bin: standard
Per MPI rank memory allocation (min/avg/max) = 3.072 | 3.072 | 3.072 Mbytes
   Step          Temp          E_pair         E_mol          TotEng         Press     
WARNING: Too many warnings: 204 vs 100. All future warnings will be suppressed (src/thermo.cpp:478)
         0   0             -275.70358      0             -275.70358     -5586.5946    
Loop time of 1.05e-06 on 1 procs for 0 steps with 64 atoms

0.0% CPU use with 1 MPI tasks x 1 OpenMP threads

MPI task timing breakdown:
Section |  min time  |  avg time  |  max time  |%varavg| %total
---------------------------------------------------------------
Pair    | 0          | 0          | 0          |   0.0 |  0.00
Neigh   | 0          | 0          | 0          |   0.0 |  0.00
Comm    | 0          | 0          | 0          |   0.0 |  0.00
Output  | 0          | 0          | 0          |   0.0 |  0.00
Modify  | 0          | 0          | 0          |   0.0 |  0.00
Other   |            | 1.05e-06   |            |       |100.00

Nlocal:             64 ave          64 max          64 min
Histogram: 1 0 0 0 0 0 0 0 0 0
Nghost:            557 ave         557 max         557 min
Histogram: 1 0 0 0 0 0 0 0 0 0
Neighs:              0 ave           0 max           0 min
Histogram: 1 0 0 0 0 0 0 0 0 0
FullNghs:         2180 ave        2180 max        2180 min
Histogram: 1 0 0 0 0 0 0 0 0 0

Total # of neighbors = 2180
Ave neighs/atom = 34.0625
Neighbor list builds = 0
Dangerous builds = 0
next i
jump SELF loop_struct
clear
  using 1 OpenMP thread(s) per MPI task
log energies.log append
units metal
boundary p p p
atom_style atomic
read_data Si222_${i}.in
read_data Si222_205.in
Reading data file ...
  orthogonal box = (0 0 0) to (10.887404 10.887404 10.887404)
  1 by 1 by 1 MPI processor grid
  reading atoms ...
  64 atoms
  reading velocities ...
  64 velocities
  read_data CPU = 0.001 seconds
mass 1 28.085
pair_style sw
pair_coeff * * Si.sw Si
Reading sw potential file Si.sw with DATE: 2007-06-11
run 0
Neighbor list info ...
  update: every = 1 steps, delay = 0 steps, check = yes
  max neighbors/atom: 2000, page size: 100000
  master list distance cutoff = 5.77118
  ghost atom cutoff = 5.77118
  binsize = 2.88559, bins = 4 4 4
  1 neighbor lists, perpetual/occasional/extra = 1 0 0
  (1) pair sw, perpetual
      attributes: full, newton on
      pair build: full/bin/atomonly
      stencil: full/bin/3d
      bin: standard
Per MPI rank memory allocation (min/avg/max) = 3.064 | 3.064 | 3.064 Mbytes
   Step          Temp          E_pair         E_mol          TotEng         Press     
WARNING: Too many warnings: 205 vs 100. All future warnings will be suppressed (src/thermo.cpp:478)
         0   0             -254.45059      0             -254.45059      39450.796    
Loop time of 1.02e-06 on 1 procs for 0 steps with 64 atoms

0.0% CPU use with 1 MPI tasks x 1 OpenMP threads

MPI task timing breakdown:
Section |  min time  |  avg time  |  max time  |%varavg| %total
---------------------------------------------------------------
Pair    | 0          | 0          | 0          |   0.0 |  0.00
Neigh   | 0          | 0          | 0          |   0.0 |  0.00
Comm    | 0          | 0          | 0          |   0.0 |  0.00
Output  | 0          | 0          | 0          |   0.0 |  0.00
Modify  | 0          | 0          | 0          |   0.0 |  0.00
Other   |            | 1.02e-06   |            |       |100.00

Nlocal:             64 ave          64 max          64 min
Histogram: 1 0 0 0 0 0 0 0 0 0
Nghost:            549 ave         549 max         549 min
Histogram: 1 0 0 0 0 0 0 0 0 0
Neighs:              0 ave           0 max           0 min
Histogram: 1 0 0 0 0 0 0 0 0 0
FullNghs:         2268 ave        2268 max        2268 min
Histogram: 1 0 0 0 0 0 0 0 0 0

Total # of neighbors = 2268
Ave neighs/atom = 35.4375
Neighbor list builds = 0
Dangerous builds = 0
next i
jump SELF loop_struct
clear
  using 1 OpenMP thread(s) per MPI task
log energies.log append
units metal
boundary p p p
atom_style atomic
read_data Si222_${i}.in
read_data Si222_206.in
Reading data file ...
  orthogonal box = (0 0 0) to (10.887404 10.887404 10.887404)
  1 by 1 by 1 MPI processor grid
  reading atoms ...
  64 atoms
  reading velocities ...
  64 velocities
  read_data CPU = 0.001 seconds
mass 1 28.085
pair_style sw
pair_coeff * * Si.sw Si
Reading sw potential file Si.sw with DATE: 2007-06-11
run 0
Neighbor list info ...
  update: every = 1 steps, delay = 0 steps, check = yes
  max neighbors/atom: 2000, page size: 100000
  master list distance cutoff = 5.77118
  ghost atom cutoff = 5.77118
  binsize = 2.88559, bins = 4 4 4
  1 neighbor lists, perpetual/occasional/extra = 1 0 0
  (1) pair sw, perpetual
      attributes: full, newton on
      pair build: full/bin/atomonly
      stencil: full/bin/3d
      bin: standard
Per MPI rank memory allocation (min/avg/max) = 3.074 | 3.074 | 3.074 Mbytes
   Step          Temp          E_pair         E_mol          TotEng         Press     
WARNING: Too many warnings: 206 vs 100. All future warnings will be suppressed (src/thermo.cpp:478)
         0   0             -275.66708      0             -275.66708     -5785.3562    
Loop time of 1.11e-06 on 1 procs for 0 steps with 64 atoms

0.0% CPU use with 1 MPI tasks x 1 OpenMP threads

MPI task timing breakdown:
Section |  min time  |  avg time  |  max time  |%varavg| %total
---------------------------------------------------------------
Pair    | 0          | 0          | 0          |   0.0 |  0.00
Neigh   | 0          | 0          | 0          |   0.0 |  0.00
Comm    | 0          | 0          | 0          |   0.0 |  0.00
Output  | 0          | 0          | 0          |   0.0 |  0.00
Modify  | 0          | 0          | 0          |   0.0 |  0.00
Other   |            | 1.11e-06   |            |       |100.00

Nlocal:             64 ave          64 max          64 min
Histogram: 1 0 0 0 0 0 0 0 0 0
Nghost:            557 ave         557 max         557 min
Histogram: 1 0 0 0 0 0 0 0 0 0
Neighs:              0 ave           0 max           0 min
Histogram: 1 0 0 0 0 0 0 0 0 0
FullNghs:         2176 ave        2176 max        2176 min
Histogram: 1 0 0 0 0 0 0 0 0 0

Total # of neighbors = 2176
Ave neighs/atom = 34
Neighbor list builds = 0
Dangerous builds = 0
next i
jump SELF loop_struct
clear
  using 1 OpenMP thread(s) per MPI task
log energies.log append
units metal
boundary p p p
atom_style atomic
read_data Si222_${i}.in
read_data Si222_207.in
Reading data file ...
  orthogonal box = (0 0 0) to (10.887404 10.887404 10.887404)
  1 by 1 by 1 MPI processor grid
  reading atoms ...
  64 atoms
  reading velocities ...
  64 velocities
  read_data CPU = 0.001 seconds
mass 1 28.085
pair_style sw
pair_coeff * * Si.sw Si
Reading sw potential file Si.sw with DATE: 2007-06-11
run 0
Neighbor list info ...
  update: every = 1 steps, delay = 0 steps, check = yes
  max neighbors/atom: 2000, page size: 100000
  master list distance cutoff = 5.77118
  ghost atom cutoff = 5.77118
  binsize = 2.88559, bins = 4 4 4
  1 neighbor lists, perpetual/occasional/extra = 1 0 0
  (1) pair sw, perpetual
      attributes: full, newton on
      pair build: full/bin/atomonly
      stencil: full/bin/3d
      bin: standard
Per MPI rank memory allocation (min/avg/max) = 3.072 | 3.072 | 3.072 Mbytes
   Step          Temp          E_pair         E_mol          TotEng         Press     
WARNING: Too many warnings: 207 vs 100. All future warnings will be suppressed (src/thermo.cpp:478)
         0   0             -275.72239      0             -275.72239     -5910.4773    
Loop time of 1.03e-06 on 1 procs for 0 steps with 64 atoms

0.0% CPU use with 1 MPI tasks x 1 OpenMP threads

MPI task timing breakdown:
Section |  min time  |  avg time  |  max time  |%varavg| %total
---------------------------------------------------------------
Pair    | 0          | 0          | 0          |   0.0 |  0.00
Neigh   | 0          | 0          | 0          |   0.0 |  0.00
Comm    | 0          | 0          | 0          |   0.0 |  0.00
Output  | 0          | 0          | 0          |   0.0 |  0.00
Modify  | 0          | 0          | 0          |   0.0 |  0.00
Other   |            | 1.03e-06   |            |       |100.00

Nlocal:             64 ave          64 max          64 min
Histogram: 1 0 0 0 0 0 0 0 0 0
Nghost:            557 ave         557 max         557 min
Histogram: 1 0 0 0 0 0 0 0 0 0
Neighs:              0 ave           0 max           0 min
Histogram: 1 0 0 0 0 0 0 0 0 0
FullNghs:         2178 ave        2178 max        2178 min
Histogram: 1 0 0 0 0 0 0 0 0 0

Total # of neighbors = 2178
Ave neighs/atom = 34.03125
Neighbor list builds = 0
Dangerous builds = 0
next i
jump SELF loop_struct
clear
  using 1 OpenMP thread(s) per MPI task
log energies.log append
units metal
boundary p p p
atom_style atomic
read_data Si222_${i}.in
read_data Si222_208.in
Reading data file ...
  orthogonal box = (0 0 0) to (10.887404 10.887404 10.887404)
  1 by 1 by 1 MPI processor grid
  reading atoms ...
  64 atoms
  reading velocities ...
  64 velocities
  read_data CPU = 0.001 seconds
mass 1 28.085
pair_style sw
pair_coeff * * Si.sw Si
Reading sw potential file Si.sw with DATE: 2007-06-11
run 0
Neighbor list info ...
  update: every = 1 steps, delay = 0 steps, check = yes
  max neighbors/atom: 2000, page size: 100000
  master list distance cutoff = 5.77118
  ghost atom cutoff = 5.77118
  binsize = 2.88559, bins = 4 4 4
  1 neighbor lists, perpetual/occasional/extra = 1 0 0
  (1) pair sw, perpetual
      attributes: full, newton on
      pair build: full/bin/atomonly
      stencil: full/bin/3d
      bin: standard
Per MPI rank memory allocation (min/avg/max) = 3.074 | 3.074 | 3.074 Mbytes
   Step          Temp          E_pair         E_mol          TotEng         Press     
WARNING: Too many warnings: 208 vs 100. All future warnings will be suppressed (src/thermo.cpp:478)
         0   0             -255.19521      0             -255.19521      43684.39     
Loop time of 1.05e-06 on 1 procs for 0 steps with 64 atoms

0.0% CPU use with 1 MPI tasks x 1 OpenMP threads

MPI task timing breakdown:
Section |  min time  |  avg time  |  max time  |%varavg| %total
---------------------------------------------------------------
Pair    | 0          | 0          | 0          |   0.0 |  0.00
Neigh   | 0          | 0          | 0          |   0.0 |  0.00
Comm    | 0          | 0          | 0          |   0.0 |  0.00
Output  | 0          | 0          | 0          |   0.0 |  0.00
Modify  | 0          | 0          | 0          |   0.0 |  0.00
Other   |            | 1.05e-06   |            |       |100.00

Nlocal:             64 ave          64 max          64 min
Histogram: 1 0 0 0 0 0 0 0 0 0
Nghost:            561 ave         561 max         561 min
Histogram: 1 0 0 0 0 0 0 0 0 0
Neighs:              0 ave           0 max           0 min
Histogram: 1 0 0 0 0 0 0 0 0 0
FullNghs:         2266 ave        2266 max        2266 min
Histogram: 1 0 0 0 0 0 0 0 0 0

Total # of neighbors = 2266
Ave neighs/atom = 35.40625
Neighbor list builds = 0
Dangerous builds = 0
next i
jump SELF loop_struct
clear
  using 1 OpenMP thread(s) per MPI task
log energies.log append
units metal
boundary p p p
atom_style atomic
read_data Si222_${i}.in
read_data Si222_209.in
Reading data file ...
  orthogonal box = (0 0 0) to (10.887404 10.887404 10.887404)
  1 by 1 by 1 MPI processor grid
  reading atoms ...
  64 atoms
  reading velocities ...
  64 velocities
  read_data CPU = 0.001 seconds
mass 1 28.085
pair_style sw
pair_coeff * * Si.sw Si
Reading sw potential file Si.sw with DATE: 2007-06-11
run 0
Neighbor list info ...
  update: every = 1 steps, delay = 0 steps, check = yes
  max neighbors/atom: 2000, page size: 100000
  master list distance cutoff = 5.77118
  ghost atom cutoff = 5.77118
  binsize = 2.88559, bins = 4 4 4
  1 neighbor lists, perpetual/occasional/extra = 1 0 0
  (1) pair sw, perpetual
      attributes: full, newton on
      pair build: full/bin/atomonly
      stencil: full/bin/3d
      bin: standard
Per MPI rank memory allocation (min/avg/max) = 3.072 | 3.072 | 3.072 Mbytes
   Step          Temp          E_pair         E_mol          TotEng         Press     
WARNING: Too many warnings: 209 vs 100. All future warnings will be suppressed (src/thermo.cpp:478)
         0   0             -275.09311      0             -275.09311     -5436.3622    
Loop time of 1.12e-06 on 1 procs for 0 steps with 64 atoms

89.3% CPU use with 1 MPI tasks x 1 OpenMP threads

MPI task timing breakdown:
Section |  min time  |  avg time  |  max time  |%varavg| %total
---------------------------------------------------------------
Pair    | 0          | 0          | 0          |   0.0 |  0.00
Neigh   | 0          | 0          | 0          |   0.0 |  0.00
Comm    | 0          | 0          | 0          |   0.0 |  0.00
Output  | 0          | 0          | 0          |   0.0 |  0.00
Modify  | 0          | 0          | 0          |   0.0 |  0.00
Other   |            | 1.12e-06   |            |       |100.00

Nlocal:             64 ave          64 max          64 min
Histogram: 1 0 0 0 0 0 0 0 0 0
Nghost:            557 ave         557 max         557 min
Histogram: 1 0 0 0 0 0 0 0 0 0
Neighs:              0 ave           0 max           0 min
Histogram: 1 0 0 0 0 0 0 0 0 0
FullNghs:         2190 ave        2190 max        2190 min
Histogram: 1 0 0 0 0 0 0 0 0 0

Total # of neighbors = 2190
Ave neighs/atom = 34.21875
Neighbor list builds = 0
Dangerous builds = 0
next i
jump SELF loop_struct
clear
  using 1 OpenMP thread(s) per MPI task
log energies.log append
units metal
boundary p p p
atom_style atomic
read_data Si222_${i}.in
read_data Si222_210.in
Reading data file ...
  orthogonal box = (0 0 0) to (10.887404 10.887404 10.887404)
  1 by 1 by 1 MPI processor grid
  reading atoms ...
  64 atoms
  reading velocities ...
  64 velocities
  read_data CPU = 0.001 seconds
mass 1 28.085
pair_style sw
pair_coeff * * Si.sw Si
Reading sw potential file Si.sw with DATE: 2007-06-11
run 0
Neighbor list info ...
  update: every = 1 steps, delay = 0 steps, check = yes
  max neighbors/atom: 2000, page size: 100000
  master list distance cutoff = 5.77118
  ghost atom cutoff = 5.77118
  binsize = 2.88559, bins = 4 4 4
  1 neighbor lists, perpetual/occasional/extra = 1 0 0
  (1) pair sw, perpetual
      attributes: full, newton on
      pair build: full/bin/atomonly
      stencil: full/bin/3d
      bin: standard
Per MPI rank memory allocation (min/avg/max) = 3.072 | 3.072 | 3.072 Mbytes
   Step          Temp          E_pair         E_mol          TotEng         Press     
WARNING: Too many warnings: 210 vs 100. All future warnings will be suppressed (src/thermo.cpp:478)
         0   0             -231.46346      0             -231.46346      65942.989    
Loop time of 1.14e-06 on 1 procs for 0 steps with 64 atoms

0.0% CPU use with 1 MPI tasks x 1 OpenMP threads

MPI task timing breakdown:
Section |  min time  |  avg time  |  max time  |%varavg| %total
---------------------------------------------------------------
Pair    | 0          | 0          | 0          |   0.0 |  0.00
Neigh   | 0          | 0          | 0          |   0.0 |  0.00
Comm    | 0          | 0          | 0          |   0.0 |  0.00
Output  | 0          | 0          | 0          |   0.0 |  0.00
Modify  | 0          | 0          | 0          |   0.0 |  0.00
Other   |            | 1.14e-06   |            |       |100.00

Nlocal:             64 ave          64 max          64 min
Histogram: 1 0 0 0 0 0 0 0 0 0
Nghost:            553 ave         553 max         553 min
Histogram: 1 0 0 0 0 0 0 0 0 0
Neighs:              0 ave           0 max           0 min
Histogram: 1 0 0 0 0 0 0 0 0 0
FullNghs:         2292 ave        2292 max        2292 min
Histogram: 1 0 0 0 0 0 0 0 0 0

Total # of neighbors = 2292
Ave neighs/atom = 35.8125
Neighbor list builds = 0
Dangerous builds = 0
next i
jump SELF loop_struct
clear
  using 1 OpenMP thread(s) per MPI task
log energies.log append
units metal
boundary p p p
atom_style atomic
read_data Si222_${i}.in
read_data Si222_211.in
Reading data file ...
  orthogonal box = (0 0 0) to (10.887404 10.887404 10.887404)
  1 by 1 by 1 MPI processor grid
  reading atoms ...
  64 atoms
  reading velocities ...
  64 velocities
  read_data CPU = 0.001 seconds
mass 1 28.085
pair_style sw
pair_coeff * * Si.sw Si
Reading sw potential file Si.sw with DATE: 2007-06-11
run 0
Neighbor list info ...
  update: every = 1 steps, delay = 0 steps, check = yes
  max neighbors/atom: 2000, page size: 100000
  master list distance cutoff = 5.77118
  ghost atom cutoff = 5.77118
  binsize = 2.88559, bins = 4 4 4
  1 neighbor lists, perpetual/occasional/extra = 1 0 0
  (1) pair sw, perpetual
      attributes: full, newton on
      pair build: full/bin/atomonly
      stencil: full/bin/3d
      bin: standard
Per MPI rank memory allocation (min/avg/max) = 3.063 | 3.063 | 3.063 Mbytes
   Step          Temp          E_pair         E_mol          TotEng         Press     
WARNING: Too many warnings: 211 vs 100. All future warnings will be suppressed (src/thermo.cpp:478)
         0   0             -239.9499       0             -239.9499       52236.1      
Loop time of 1.03e-06 on 1 procs for 0 steps with 64 atoms

97.1% CPU use with 1 MPI tasks x 1 OpenMP threads

MPI task timing breakdown:
Section |  min time  |  avg time  |  max time  |%varavg| %total
---------------------------------------------------------------
Pair    | 0          | 0          | 0          |   0.0 |  0.00
Neigh   | 0          | 0          | 0          |   0.0 |  0.00
Comm    | 0          | 0          | 0          |   0.0 |  0.00
Output  | 0          | 0          | 0          |   0.0 |  0.00
Modify  | 0          | 0          | 0          |   0.0 |  0.00
Other   |            | 1.03e-06   |            |       |100.00

Nlocal:             64 ave          64 max          64 min
Histogram: 1 0 0 0 0 0 0 0 0 0
Nghost:            481 ave         481 max         481 min
Histogram: 1 0 0 0 0 0 0 0 0 0
Neighs:              0 ave           0 max           0 min
Histogram: 1 0 0 0 0 0 0 0 0 0
FullNghs:         2292 ave        2292 max        2292 min
Histogram: 1 0 0 0 0 0 0 0 0 0

Total # of neighbors = 2292
Ave neighs/atom = 35.8125
Neighbor list builds = 0
Dangerous builds = 0
next i
jump SELF loop_struct
clear
  using 1 OpenMP thread(s) per MPI task
log energies.log append
units metal
boundary p p p
atom_style atomic
read_data Si222_${i}.in
read_data Si222_212.in
Reading data file ...
  orthogonal box = (0 0 0) to (10.887404 10.887404 10.887404)
  1 by 1 by 1 MPI processor grid
  reading atoms ...
  64 atoms
  reading velocities ...
  64 velocities
  read_data CPU = 0.001 seconds
mass 1 28.085
pair_style sw
pair_coeff * * Si.sw Si
Reading sw potential file Si.sw with DATE: 2007-06-11
run 0
Neighbor list info ...
  update: every = 1 steps, delay = 0 steps, check = yes
  max neighbors/atom: 2000, page size: 100000
  master list distance cutoff = 5.77118
  ghost atom cutoff = 5.77118
  binsize = 2.88559, bins = 4 4 4
  1 neighbor lists, perpetual/occasional/extra = 1 0 0
  (1) pair sw, perpetual
      attributes: full, newton on
      pair build: full/bin/atomonly
      stencil: full/bin/3d
      bin: standard
Per MPI rank memory allocation (min/avg/max) = 3.072 | 3.072 | 3.072 Mbytes
   Step          Temp          E_pair         E_mol          TotEng         Press     
WARNING: Too many warnings: 212 vs 100. All future warnings will be suppressed (src/thermo.cpp:478)
         0   0             -275.74445      0             -275.74445     -5947.2605    
Loop time of 1.07e-06 on 1 procs for 0 steps with 64 atoms

0.0% CPU use with 1 MPI tasks x 1 OpenMP threads

MPI task timing breakdown:
Section |  min time  |  avg time  |  max time  |%varavg| %total
---------------------------------------------------------------
Pair    | 0          | 0          | 0          |   0.0 |  0.00
Neigh   | 0          | 0          | 0          |   0.0 |  0.00
Comm    | 0          | 0          | 0          |   0.0 |  0.00
Output  | 0          | 0          | 0          |   0.0 |  0.00
Modify  | 0          | 0          | 0          |   0.0 |  0.00
Other   |            | 1.07e-06   |            |       |100.00

Nlocal:             64 ave          64 max          64 min
Histogram: 1 0 0 0 0 0 0 0 0 0
Nghost:            557 ave         557 max         557 min
Histogram: 1 0 0 0 0 0 0 0 0 0
Neighs:              0 ave           0 max           0 min
Histogram: 1 0 0 0 0 0 0 0 0 0
FullNghs:         2180 ave        2180 max        2180 min
Histogram: 1 0 0 0 0 0 0 0 0 0

Total # of neighbors = 2180
Ave neighs/atom = 34.0625
Neighbor list builds = 0
Dangerous builds = 0
next i
jump SELF loop_struct
clear
  using 1 OpenMP thread(s) per MPI task
log energies.log append
units metal
boundary p p p
atom_style atomic
read_data Si222_${i}.in
read_data Si222_213.in
Reading data file ...
  orthogonal box = (0 0 0) to (10.887404 10.887404 10.887404)
  1 by 1 by 1 MPI processor grid
  reading atoms ...
  64 atoms
  reading velocities ...
  64 velocities
  read_data CPU = 0.001 seconds
mass 1 28.085
pair_style sw
pair_coeff * * Si.sw Si
Reading sw potential file Si.sw with DATE: 2007-06-11
run 0
Neighbor list info ...
  update: every = 1 steps, delay = 0 steps, check = yes
  max neighbors/atom: 2000, page size: 100000
  master list distance cutoff = 5.77118
  ghost atom cutoff = 5.77118
  binsize = 2.88559, bins = 4 4 4
  1 neighbor lists, perpetual/occasional/extra = 1 0 0
  (1) pair sw, perpetual
      attributes: full, newton on
      pair build: full/bin/atomonly
      stencil: full/bin/3d
      bin: standard
Per MPI rank memory allocation (min/avg/max) = 3.063 | 3.063 | 3.063 Mbytes
   Step          Temp          E_pair         E_mol          TotEng         Press     
WARNING: Too many warnings: 213 vs 100. All future warnings will be suppressed (src/thermo.cpp:478)
         0   0             -234.79433      0             -234.79433      60298.43     
Loop time of 1.05e-06 on 1 procs for 0 steps with 64 atoms

0.0% CPU use with 1 MPI tasks x 1 OpenMP threads

MPI task timing breakdown:
Section |  min time  |  avg time  |  max time  |%varavg| %total
---------------------------------------------------------------
Pair    | 0          | 0          | 0          |   0.0 |  0.00
Neigh   | 0          | 0          | 0          |   0.0 |  0.00
Comm    | 0          | 0          | 0          |   0.0 |  0.00
Output  | 0          | 0          | 0          |   0.0 |  0.00
Modify  | 0          | 0          | 0          |   0.0 |  0.00
Other   |            | 1.05e-06   |            |       |100.00

Nlocal:             64 ave          64 max          64 min
Histogram: 1 0 0 0 0 0 0 0 0 0
Nghost:            475 ave         475 max         475 min
Histogram: 1 0 0 0 0 0 0 0 0 0
Neighs:              0 ave           0 max           0 min
Histogram: 1 0 0 0 0 0 0 0 0 0
FullNghs:         2286 ave        2286 max        2286 min
Histogram: 1 0 0 0 0 0 0 0 0 0

Total # of neighbors = 2286
Ave neighs/atom = 35.71875
Neighbor list builds = 0
Dangerous builds = 0
next i
jump SELF loop_struct
clear
  using 1 OpenMP thread(s) per MPI task
log energies.log append
units metal
boundary p p p
atom_style atomic
read_data Si222_${i}.in
read_data Si222_214.in
Reading data file ...
  orthogonal box = (0 0 0) to (10.887404 10.887404 10.887404)
  1 by 1 by 1 MPI processor grid
  reading atoms ...
  64 atoms
  reading velocities ...
  64 velocities
  read_data CPU = 0.001 seconds
mass 1 28.085
pair_style sw
pair_coeff * * Si.sw Si
Reading sw potential file Si.sw with DATE: 2007-06-11
run 0
Neighbor list info ...
  update: every = 1 steps, delay = 0 steps, check = yes
  max neighbors/atom: 2000, page size: 100000
  master list distance cutoff = 5.77118
  ghost atom cutoff = 5.77118
  binsize = 2.88559, bins = 4 4 4
  1 neighbor lists, perpetual/occasional/extra = 1 0 0
  (1) pair sw, perpetual
      attributes: full, newton on
      pair build: full/bin/atomonly
      stencil: full/bin/3d
      bin: standard
Per MPI rank memory allocation (min/avg/max) = 3.064 | 3.064 | 3.064 Mbytes
   Step          Temp          E_pair         E_mol          TotEng         Press     
WARNING: Too many warnings: 214 vs 100. All future warnings will be suppressed (src/thermo.cpp:478)
         0   0             -256.59501      0             -256.59501      19454.598    
Loop time of 1.07e-06 on 1 procs for 0 steps with 64 atoms

93.5% CPU use with 1 MPI tasks x 1 OpenMP threads

MPI task timing breakdown:
Section |  min time  |  avg time  |  max time  |%varavg| %total
---------------------------------------------------------------
Pair    | 0          | 0          | 0          |   0.0 |  0.00
Neigh   | 0          | 0          | 0          |   0.0 |  0.00
Comm    | 0          | 0          | 0          |   0.0 |  0.00
Output  | 0          | 0          | 0          |   0.0 |  0.00
Modify  | 0          | 0          | 0          |   0.0 |  0.00
Other   |            | 1.07e-06   |            |       |100.00

Nlocal:             64 ave          64 max          64 min
Histogram: 1 0 0 0 0 0 0 0 0 0
Nghost:            539 ave         539 max         539 min
Histogram: 1 0 0 0 0 0 0 0 0 0
Neighs:              0 ave           0 max           0 min
Histogram: 1 0 0 0 0 0 0 0 0 0
FullNghs:         2286 ave        2286 max        2286 min
Histogram: 1 0 0 0 0 0 0 0 0 0

Total # of neighbors = 2286
Ave neighs/atom = 35.71875
Neighbor list builds = 0
Dangerous builds = 0
next i
jump SELF loop_struct
clear
  using 1 OpenMP thread(s) per MPI task
log energies.log append
units metal
boundary p p p
atom_style atomic
read_data Si222_${i}.in
read_data Si222_215.in
Reading data file ...
  orthogonal box = (0 0 0) to (10.887404 10.887404 10.887404)
  1 by 1 by 1 MPI processor grid
  reading atoms ...
  64 atoms
  reading velocities ...
  64 velocities
  read_data CPU = 0.001 seconds
mass 1 28.085
pair_style sw
pair_coeff * * Si.sw Si
Reading sw potential file Si.sw with DATE: 2007-06-11
run 0
Neighbor list info ...
  update: every = 1 steps, delay = 0 steps, check = yes
  max neighbors/atom: 2000, page size: 100000
  master list distance cutoff = 5.77118
  ghost atom cutoff = 5.77118
  binsize = 2.88559, bins = 4 4 4
  1 neighbor lists, perpetual/occasional/extra = 1 0 0
  (1) pair sw, perpetual
      attributes: full, newton on
      pair build: full/bin/atomonly
      stencil: full/bin/3d
      bin: standard
Per MPI rank memory allocation (min/avg/max) = 3.073 | 3.073 | 3.073 Mbytes
   Step          Temp          E_pair         E_mol          TotEng         Press     
WARNING: Too many warnings: 215 vs 100. All future warnings will be suppressed (src/thermo.cpp:478)
         0   0             -275.31285      0             -275.31285     -5922.6292    
Loop time of 1.05e-06 on 1 procs for 0 steps with 64 atoms

95.2% CPU use with 1 MPI tasks x 1 OpenMP threads

MPI task timing breakdown:
Section |  min time  |  avg time  |  max time  |%varavg| %total
---------------------------------------------------------------
Pair    | 0          | 0          | 0          |   0.0 |  0.00
Neigh   | 0          | 0          | 0          |   0.0 |  0.00
Comm    | 0          | 0          | 0          |   0.0 |  0.00
Output  | 0          | 0          | 0          |   0.0 |  0.00
Modify  | 0          | 0          | 0          |   0.0 |  0.00
Other   |            | 1.05e-06   |            |       |100.00

Nlocal:             64 ave          64 max          64 min
Histogram: 1 0 0 0 0 0 0 0 0 0
Nghost:            557 ave         557 max         557 min
Histogram: 1 0 0 0 0 0 0 0 0 0
Neighs:              0 ave           0 max           0 min
Histogram: 1 0 0 0 0 0 0 0 0 0
FullNghs:         2194 ave        2194 max        2194 min
Histogram: 1 0 0 0 0 0 0 0 0 0

Total # of neighbors = 2194
Ave neighs/atom = 34.28125
Neighbor list builds = 0
Dangerous builds = 0
next i
jump SELF loop_struct
clear
  using 1 OpenMP thread(s) per MPI task
log energies.log append
units metal
boundary p p p
atom_style atomic
read_data Si222_${i}.in
read_data Si222_216.in
Reading data file ...
  orthogonal box = (0 0 0) to (10.887404 10.887404 10.887404)
  1 by 1 by 1 MPI processor grid
  reading atoms ...
  64 atoms
  reading velocities ...
  64 velocities
  read_data CPU = 0.001 seconds
mass 1 28.085
pair_style sw
pair_coeff * * Si.sw Si
Reading sw potential file Si.sw with DATE: 2007-06-11
run 0
Neighbor list info ...
  update: every = 1 steps, delay = 0 steps, check = yes
  max neighbors/atom: 2000, page size: 100000
  master list distance cutoff = 5.77118
  ghost atom cutoff = 5.77118
  binsize = 2.88559, bins = 4 4 4
  1 neighbor lists, perpetual/occasional/extra = 1 0 0
  (1) pair sw, perpetual
      attributes: full, newton on
      pair build: full/bin/atomonly
      stencil: full/bin/3d
      bin: standard
Per MPI rank memory allocation (min/avg/max) = 3.074 | 3.074 | 3.074 Mbytes
   Step          Temp          E_pair         E_mol          TotEng         Press     
WARNING: Too many warnings: 216 vs 100. All future warnings will be suppressed (src/thermo.cpp:478)
         0   0             -275.694        0             -275.694       -5841.7269    
Loop time of 1.03e-06 on 1 procs for 0 steps with 64 atoms

0.0% CPU use with 1 MPI tasks x 1 OpenMP threads

MPI task timing breakdown:
Section |  min time  |  avg time  |  max time  |%varavg| %total
---------------------------------------------------------------
Pair    | 0          | 0          | 0          |   0.0 |  0.00
Neigh   | 0          | 0          | 0          |   0.0 |  0.00
Comm    | 0          | 0          | 0          |   0.0 |  0.00
Output  | 0          | 0          | 0          |   0.0 |  0.00
Modify  | 0          | 0          | 0          |   0.0 |  0.00
Other   |            | 1.03e-06   |            |       |100.00

Nlocal:             64 ave          64 max          64 min
Histogram: 1 0 0 0 0 0 0 0 0 0
Nghost:            557 ave         557 max         557 min
Histogram: 1 0 0 0 0 0 0 0 0 0
Neighs:              0 ave           0 max           0 min
Histogram: 1 0 0 0 0 0 0 0 0 0
FullNghs:         2184 ave        2184 max        2184 min
Histogram: 1 0 0 0 0 0 0 0 0 0

Total # of neighbors = 2184
Ave neighs/atom = 34.125
Neighbor list builds = 0
Dangerous builds = 0
next i
jump SELF loop_struct
clear
  using 1 OpenMP thread(s) per MPI task
log energies.log append
units metal
boundary p p p
atom_style atomic
read_data Si222_${i}.in
read_data Si222_217.in
Reading data file ...
  orthogonal box = (0 0 0) to (10.887404 10.887404 10.887404)
  1 by 1 by 1 MPI processor grid
  reading atoms ...
  64 atoms
  reading velocities ...
  64 velocities
  read_data CPU = 0.001 seconds
mass 1 28.085
pair_style sw
pair_coeff * * Si.sw Si
Reading sw potential file Si.sw with DATE: 2007-06-11
run 0
Neighbor list info ...
  update: every = 1 steps, delay = 0 steps, check = yes
  max neighbors/atom: 2000, page size: 100000
  master list distance cutoff = 5.77118
  ghost atom cutoff = 5.77118
  binsize = 2.88559, bins = 4 4 4
  1 neighbor lists, perpetual/occasional/extra = 1 0 0
  (1) pair sw, perpetual
      attributes: full, newton on
      pair build: full/bin/atomonly
      stencil: full/bin/3d
      bin: standard
Per MPI rank memory allocation (min/avg/max) = 3.072 | 3.072 | 3.072 Mbytes
   Step          Temp          E_pair         E_mol          TotEng         Press     
WARNING: Too many warnings: 217 vs 100. All future warnings will be suppressed (src/thermo.cpp:478)
         0   0             -275.66277      0             -275.66277     -6075.1435    
Loop time of 1.05e-06 on 1 procs for 0 steps with 64 atoms

0.0% CPU use with 1 MPI tasks x 1 OpenMP threads

MPI task timing breakdown:
Section |  min time  |  avg time  |  max time  |%varavg| %total
---------------------------------------------------------------
Pair    | 0          | 0          | 0          |   0.0 |  0.00
Neigh   | 0          | 0          | 0          |   0.0 |  0.00
Comm    | 0          | 0          | 0          |   0.0 |  0.00
Output  | 0          | 0          | 0          |   0.0 |  0.00
Modify  | 0          | 0          | 0          |   0.0 |  0.00
Other   |            | 1.05e-06   |            |       |100.00

Nlocal:             64 ave          64 max          64 min
Histogram: 1 0 0 0 0 0 0 0 0 0
Nghost:            557 ave         557 max         557 min
Histogram: 1 0 0 0 0 0 0 0 0 0
Neighs:              0 ave           0 max           0 min
Histogram: 1 0 0 0 0 0 0 0 0 0
FullNghs:         2186 ave        2186 max        2186 min
Histogram: 1 0 0 0 0 0 0 0 0 0

Total # of neighbors = 2186
Ave neighs/atom = 34.15625
Neighbor list builds = 0
Dangerous builds = 0
next i
jump SELF loop_struct
clear
  using 1 OpenMP thread(s) per MPI task
log energies.log append
units metal
boundary p p p
atom_style atomic
read_data Si222_${i}.in
read_data Si222_218.in
Reading data file ...
  orthogonal box = (0 0 0) to (10.887404 10.887404 10.887404)
  1 by 1 by 1 MPI processor grid
  reading atoms ...
  64 atoms
  reading velocities ...
  64 velocities
  read_data CPU = 0.001 seconds
mass 1 28.085
pair_style sw
pair_coeff * * Si.sw Si
Reading sw potential file Si.sw with DATE: 2007-06-11
run 0
Neighbor list info ...
  update: every = 1 steps, delay = 0 steps, check = yes
  max neighbors/atom: 2000, page size: 100000
  master list distance cutoff = 5.77118
  ghost atom cutoff = 5.77118
  binsize = 2.88559, bins = 4 4 4
  1 neighbor lists, perpetual/occasional/extra = 1 0 0
  (1) pair sw, perpetual
      attributes: full, newton on
      pair build: full/bin/atomonly
      stencil: full/bin/3d
      bin: standard
Per MPI rank memory allocation (min/avg/max) = 3.064 | 3.064 | 3.064 Mbytes
   Step          Temp          E_pair         E_mol          TotEng         Press     
WARNING: Too many warnings: 218 vs 100. All future warnings will be suppressed (src/thermo.cpp:478)
         0   0             -275.63559      0             -275.63559     -5606.4926    
Loop time of 1.07e-06 on 1 procs for 0 steps with 64 atoms

93.5% CPU use with 1 MPI tasks x 1 OpenMP threads

MPI task timing breakdown:
Section |  min time  |  avg time  |  max time  |%varavg| %total
---------------------------------------------------------------
Pair    | 0          | 0          | 0          |   0.0 |  0.00
Neigh   | 0          | 0          | 0          |   0.0 |  0.00
Comm    | 0          | 0          | 0          |   0.0 |  0.00
Output  | 0          | 0          | 0          |   0.0 |  0.00
Modify  | 0          | 0          | 0          |   0.0 |  0.00
Other   |            | 1.07e-06   |            |       |100.00

Nlocal:             64 ave          64 max          64 min
Histogram: 1 0 0 0 0 0 0 0 0 0
Nghost:            557 ave         557 max         557 min
Histogram: 1 0 0 0 0 0 0 0 0 0
Neighs:              0 ave           0 max           0 min
Histogram: 1 0 0 0 0 0 0 0 0 0
FullNghs:         2182 ave        2182 max        2182 min
Histogram: 1 0 0 0 0 0 0 0 0 0

Total # of neighbors = 2182
Ave neighs/atom = 34.09375
Neighbor list builds = 0
Dangerous builds = 0
next i
jump SELF loop_struct
clear
  using 1 OpenMP thread(s) per MPI task
log energies.log append
units metal
boundary p p p
atom_style atomic
read_data Si222_${i}.in
read_data Si222_219.in
Reading data file ...
  orthogonal box = (0 0 0) to (10.887404 10.887404 10.887404)
  1 by 1 by 1 MPI processor grid
  reading atoms ...
  64 atoms
  reading velocities ...
  64 velocities
  read_data CPU = 0.001 seconds
mass 1 28.085
pair_style sw
pair_coeff * * Si.sw Si
Reading sw potential file Si.sw with DATE: 2007-06-11
run 0
Neighbor list info ...
  update: every = 1 steps, delay = 0 steps, check = yes
  max neighbors/atom: 2000, page size: 100000
  master list distance cutoff = 5.77118
  ghost atom cutoff = 5.77118
  binsize = 2.88559, bins = 4 4 4
  1 neighbor lists, perpetual/occasional/extra = 1 0 0
  (1) pair sw, perpetual
      attributes: full, newton on
      pair build: full/bin/atomonly
      stencil: full/bin/3d
      bin: standard
Per MPI rank memory allocation (min/avg/max) = 3.064 | 3.064 | 3.064 Mbytes
   Step          Temp          E_pair         E_mol          TotEng         Press     
WARNING: Too many warnings: 219 vs 100. All future warnings will be suppressed (src/thermo.cpp:478)
         0   0             -275.32755      0             -275.32755     -5524.7328    
Loop time of 1.04e-06 on 1 procs for 0 steps with 64 atoms

0.0% CPU use with 1 MPI tasks x 1 OpenMP threads

MPI task timing breakdown:
Section |  min time  |  avg time  |  max time  |%varavg| %total
---------------------------------------------------------------
Pair    | 0          | 0          | 0          |   0.0 |  0.00
Neigh   | 0          | 0          | 0          |   0.0 |  0.00
Comm    | 0          | 0          | 0          |   0.0 |  0.00
Output  | 0          | 0          | 0          |   0.0 |  0.00
Modify  | 0          | 0          | 0          |   0.0 |  0.00
Other   |            | 1.04e-06   |            |       |100.00

Nlocal:             64 ave          64 max          64 min
Histogram: 1 0 0 0 0 0 0 0 0 0
Nghost:            557 ave         557 max         557 min
Histogram: 1 0 0 0 0 0 0 0 0 0
Neighs:              0 ave           0 max           0 min
Histogram: 1 0 0 0 0 0 0 0 0 0
FullNghs:         2180 ave        2180 max        2180 min
Histogram: 1 0 0 0 0 0 0 0 0 0

Total # of neighbors = 2180
Ave neighs/atom = 34.0625
Neighbor list builds = 0
Dangerous builds = 0
next i
jump SELF loop_struct
clear
  using 1 OpenMP thread(s) per MPI task
log energies.log append
units metal
boundary p p p
atom_style atomic
read_data Si222_${i}.in
read_data Si222_220.in
Reading data file ...
  orthogonal box = (0 0 0) to (10.887404 10.887404 10.887404)
  1 by 1 by 1 MPI processor grid
  reading atoms ...
  64 atoms
  reading velocities ...
  64 velocities
  read_data CPU = 0.001 seconds
mass 1 28.085
pair_style sw
pair_coeff * * Si.sw Si
Reading sw potential file Si.sw with DATE: 2007-06-11
run 0
Neighbor list info ...
  update: every = 1 steps, delay = 0 steps, check = yes
  max neighbors/atom: 2000, page size: 100000
  master list distance cutoff = 5.77118
  ghost atom cutoff = 5.77118
  binsize = 2.88559, bins = 4 4 4
  1 neighbor lists, perpetual/occasional/extra = 1 0 0
  (1) pair sw, perpetual
      attributes: full, newton on
      pair build: full/bin/atomonly
      stencil: full/bin/3d
      bin: standard
Per MPI rank memory allocation (min/avg/max) = 3.074 | 3.074 | 3.074 Mbytes
   Step          Temp          E_pair         E_mol          TotEng         Press     
WARNING: Too many warnings: 220 vs 100. All future warnings will be suppressed (src/thermo.cpp:478)
         0   0             -275.69409      0             -275.69409     -5619.6283    
Loop time of 1.04e-06 on 1 procs for 0 steps with 64 atoms

96.2% CPU use with 1 MPI tasks x 1 OpenMP threads

MPI task timing breakdown:
Section |  min time  |  avg time  |  max time  |%varavg| %total
---------------------------------------------------------------
Pair    | 0          | 0          | 0          |   0.0 |  0.00
Neigh   | 0          | 0          | 0          |   0.0 |  0.00
Comm    | 0          | 0          | 0          |   0.0 |  0.00
Output  | 0          | 0          | 0          |   0.0 |  0.00
Modify  | 0          | 0          | 0          |   0.0 |  0.00
Other   |            | 1.04e-06   |            |       |100.00

Nlocal:             64 ave          64 max          64 min
Histogram: 1 0 0 0 0 0 0 0 0 0
Nghost:            557 ave         557 max         557 min
Histogram: 1 0 0 0 0 0 0 0 0 0
Neighs:              0 ave           0 max           0 min
Histogram: 1 0 0 0 0 0 0 0 0 0
FullNghs:         2178 ave        2178 max        2178 min
Histogram: 1 0 0 0 0 0 0 0 0 0

Total # of neighbors = 2178
Ave neighs/atom = 34.03125
Neighbor list builds = 0
Dangerous builds = 0
next i
jump SELF loop_struct
clear
  using 1 OpenMP thread(s) per MPI task
log energies.log append
units metal
boundary p p p
atom_style atomic
read_data Si222_${i}.in
read_data Si222_221.in
Reading data file ...
  orthogonal box = (0 0 0) to (10.887404 10.887404 10.887404)
  1 by 1 by 1 MPI processor grid
  reading atoms ...
  64 atoms
  reading velocities ...
  64 velocities
  read_data CPU = 0.001 seconds
mass 1 28.085
pair_style sw
pair_coeff * * Si.sw Si
Reading sw potential file Si.sw with DATE: 2007-06-11
run 0
Neighbor list info ...
  update: every = 1 steps, delay = 0 steps, check = yes
  max neighbors/atom: 2000, page size: 100000
  master list distance cutoff = 5.77118
  ghost atom cutoff = 5.77118
  binsize = 2.88559, bins = 4 4 4
  1 neighbor lists, perpetual/occasional/extra = 1 0 0
  (1) pair sw, perpetual
      attributes: full, newton on
      pair build: full/bin/atomonly
      stencil: full/bin/3d
      bin: standard
Per MPI rank memory allocation (min/avg/max) = 3.074 | 3.074 | 3.074 Mbytes
   Step          Temp          E_pair         E_mol          TotEng         Press     
WARNING: Too many warnings: 221 vs 100. All future warnings will be suppressed (src/thermo.cpp:478)
         0   0             -275.33784      0             -275.33784     -5573.9908    
Loop time of 1.06e-06 on 1 procs for 0 steps with 64 atoms

94.3% CPU use with 1 MPI tasks x 1 OpenMP threads

MPI task timing breakdown:
Section |  min time  |  avg time  |  max time  |%varavg| %total
---------------------------------------------------------------
Pair    | 0          | 0          | 0          |   0.0 |  0.00
Neigh   | 0          | 0          | 0          |   0.0 |  0.00
Comm    | 0          | 0          | 0          |   0.0 |  0.00
Output  | 0          | 0          | 0          |   0.0 |  0.00
Modify  | 0          | 0          | 0          |   0.0 |  0.00
Other   |            | 1.06e-06   |            |       |100.00

Nlocal:             64 ave          64 max          64 min
Histogram: 1 0 0 0 0 0 0 0 0 0
Nghost:            557 ave         557 max         557 min
Histogram: 1 0 0 0 0 0 0 0 0 0
Neighs:              0 ave           0 max           0 min
Histogram: 1 0 0 0 0 0 0 0 0 0
FullNghs:         2194 ave        2194 max        2194 min
Histogram: 1 0 0 0 0 0 0 0 0 0

Total # of neighbors = 2194
Ave neighs/atom = 34.28125
Neighbor list builds = 0
Dangerous builds = 0
next i
jump SELF loop_struct
clear
  using 1 OpenMP thread(s) per MPI task
log energies.log append
units metal
boundary p p p
atom_style atomic
read_data Si222_${i}.in
read_data Si222_222.in
Reading data file ...
  orthogonal box = (0 0 0) to (10.887404 10.887404 10.887404)
  1 by 1 by 1 MPI processor grid
  reading atoms ...
  64 atoms
  reading velocities ...
  64 velocities
  read_data CPU = 0.001 seconds
mass 1 28.085
pair_style sw
pair_coeff * * Si.sw Si
Reading sw potential file Si.sw with DATE: 2007-06-11
run 0
Neighbor list info ...
  update: every = 1 steps, delay = 0 steps, check = yes
  max neighbors/atom: 2000, page size: 100000
  master list distance cutoff = 5.77118
  ghost atom cutoff = 5.77118
  binsize = 2.88559, bins = 4 4 4
  1 neighbor lists, perpetual/occasional/extra = 1 0 0
  (1) pair sw, perpetual
      attributes: full, newton on
      pair build: full/bin/atomonly
      stencil: full/bin/3d
      bin: standard
Per MPI rank memory allocation (min/avg/max) = 3.072 | 3.072 | 3.072 Mbytes
   Step          Temp          E_pair         E_mol          TotEng         Press     
WARNING: Too many warnings: 222 vs 100. All future warnings will be suppressed (src/thermo.cpp:478)
         0   0             -275.64325      0             -275.64325     -5461.6084    
Loop time of 1.08e-06 on 1 procs for 0 steps with 64 atoms

0.0% CPU use with 1 MPI tasks x 1 OpenMP threads

MPI task timing breakdown:
Section |  min time  |  avg time  |  max time  |%varavg| %total
---------------------------------------------------------------
Pair    | 0          | 0          | 0          |   0.0 |  0.00
Neigh   | 0          | 0          | 0          |   0.0 |  0.00
Comm    | 0          | 0          | 0          |   0.0 |  0.00
Output  | 0          | 0          | 0          |   0.0 |  0.00
Modify  | 0          | 0          | 0          |   0.0 |  0.00
Other   |            | 1.08e-06   |            |       |100.00

Nlocal:             64 ave          64 max          64 min
Histogram: 1 0 0 0 0 0 0 0 0 0
Nghost:            557 ave         557 max         557 min
Histogram: 1 0 0 0 0 0 0 0 0 0
Neighs:              0 ave           0 max           0 min
Histogram: 1 0 0 0 0 0 0 0 0 0
FullNghs:         2182 ave        2182 max        2182 min
Histogram: 1 0 0 0 0 0 0 0 0 0

Total # of neighbors = 2182
Ave neighs/atom = 34.09375
Neighbor list builds = 0
Dangerous builds = 0
next i
jump SELF loop_struct
clear
  using 1 OpenMP thread(s) per MPI task
log energies.log append
units metal
boundary p p p
atom_style atomic
read_data Si222_${i}.in
read_data Si222_223.in
Reading data file ...
  orthogonal box = (0 0 0) to (10.887404 10.887404 10.887404)
  1 by 1 by 1 MPI processor grid
  reading atoms ...
  64 atoms
  reading velocities ...
  64 velocities
  read_data CPU = 0.001 seconds
mass 1 28.085
pair_style sw
pair_coeff * * Si.sw Si
Reading sw potential file Si.sw with DATE: 2007-06-11
run 0
Neighbor list info ...
  update: every = 1 steps, delay = 0 steps, check = yes
  max neighbors/atom: 2000, page size: 100000
  master list distance cutoff = 5.77118
  ghost atom cutoff = 5.77118
  binsize = 2.88559, bins = 4 4 4
  1 neighbor lists, perpetual/occasional/extra = 1 0 0
  (1) pair sw, perpetual
      attributes: full, newton on
      pair build: full/bin/atomonly
      stencil: full/bin/3d
      bin: standard
Per MPI rank memory allocation (min/avg/max) = 3.063 | 3.063 | 3.063 Mbytes
   Step          Temp          E_pair         E_mol          TotEng         Press     
WARNING: Too many warnings: 223 vs 100. All future warnings will be suppressed (src/thermo.cpp:478)
         0   0             -253.07397      0             -253.07397      32573.206    
Loop time of 1.17e-06 on 1 procs for 0 steps with 64 atoms

0.0% CPU use with 1 MPI tasks x 1 OpenMP threads

MPI task timing breakdown:
Section |  min time  |  avg time  |  max time  |%varavg| %total
---------------------------------------------------------------
Pair    | 0          | 0          | 0          |   0.0 |  0.00
Neigh   | 0          | 0          | 0          |   0.0 |  0.00
Comm    | 0          | 0          | 0          |   0.0 |  0.00
Output  | 0          | 0          | 0          |   0.0 |  0.00
Modify  | 0          | 0          | 0          |   0.0 |  0.00
Other   |            | 1.17e-06   |            |       |100.00

Nlocal:             64 ave          64 max          64 min
Histogram: 1 0 0 0 0 0 0 0 0 0
Nghost:            519 ave         519 max         519 min
Histogram: 1 0 0 0 0 0 0 0 0 0
Neighs:              0 ave           0 max           0 min
Histogram: 1 0 0 0 0 0 0 0 0 0
FullNghs:         2268 ave        2268 max        2268 min
Histogram: 1 0 0 0 0 0 0 0 0 0

Total # of neighbors = 2268
Ave neighs/atom = 35.4375
Neighbor list builds = 0
Dangerous builds = 0
next i
jump SELF loop_struct
clear
  using 1 OpenMP thread(s) per MPI task
log energies.log append
units metal
boundary p p p
atom_style atomic
read_data Si222_${i}.in
read_data Si222_224.in
Reading data file ...
  orthogonal box = (0 0 0) to (10.887404 10.887404 10.887404)
  1 by 1 by 1 MPI processor grid
  reading atoms ...
  64 atoms
  reading velocities ...
  64 velocities
  read_data CPU = 0.001 seconds
mass 1 28.085
pair_style sw
pair_coeff * * Si.sw Si
Reading sw potential file Si.sw with DATE: 2007-06-11
run 0
Neighbor list info ...
  update: every = 1 steps, delay = 0 steps, check = yes
  max neighbors/atom: 2000, page size: 100000
  master list distance cutoff = 5.77118
  ghost atom cutoff = 5.77118
  binsize = 2.88559, bins = 4 4 4
  1 neighbor lists, perpetual/occasional/extra = 1 0 0
  (1) pair sw, perpetual
      attributes: full, newton on
      pair build: full/bin/atomonly
      stencil: full/bin/3d
      bin: standard
Per MPI rank memory allocation (min/avg/max) = 3.074 | 3.074 | 3.074 Mbytes
   Step          Temp          E_pair         E_mol          TotEng         Press     
WARNING: Too many warnings: 224 vs 100. All future warnings will be suppressed (src/thermo.cpp:478)
         0   0             -275.29391      0             -275.29391     -5826.0678    
Loop time of 1.05e-06 on 1 procs for 0 steps with 64 atoms

95.2% CPU use with 1 MPI tasks x 1 OpenMP threads

MPI task timing breakdown:
Section |  min time  |  avg time  |  max time  |%varavg| %total
---------------------------------------------------------------
Pair    | 0          | 0          | 0          |   0.0 |  0.00
Neigh   | 0          | 0          | 0          |   0.0 |  0.00
Comm    | 0          | 0          | 0          |   0.0 |  0.00
Output  | 0          | 0          | 0          |   0.0 |  0.00
Modify  | 0          | 0          | 0          |   0.0 |  0.00
Other   |            | 1.05e-06   |            |       |100.00

Nlocal:             64 ave          64 max          64 min
Histogram: 1 0 0 0 0 0 0 0 0 0
Nghost:            557 ave         557 max         557 min
Histogram: 1 0 0 0 0 0 0 0 0 0
Neighs:              0 ave           0 max           0 min
Histogram: 1 0 0 0 0 0 0 0 0 0
FullNghs:         2186 ave        2186 max        2186 min
Histogram: 1 0 0 0 0 0 0 0 0 0

Total # of neighbors = 2186
Ave neighs/atom = 34.15625
Neighbor list builds = 0
Dangerous builds = 0
next i
jump SELF loop_struct
clear
  using 1 OpenMP thread(s) per MPI task
log energies.log append
units metal
boundary p p p
atom_style atomic
read_data Si222_${i}.in
read_data Si222_225.in
Reading data file ...
  orthogonal box = (0 0 0) to (10.887404 10.887404 10.887404)
  1 by 1 by 1 MPI processor grid
  reading atoms ...
  64 atoms
  reading velocities ...
  64 velocities
  read_data CPU = 0.001 seconds
mass 1 28.085
pair_style sw
pair_coeff * * Si.sw Si
Reading sw potential file Si.sw with DATE: 2007-06-11
run 0
Neighbor list info ...
  update: every = 1 steps, delay = 0 steps, check = yes
  max neighbors/atom: 2000, page size: 100000
  master list distance cutoff = 5.77118
  ghost atom cutoff = 5.77118
  binsize = 2.88559, bins = 4 4 4
  1 neighbor lists, perpetual/occasional/extra = 1 0 0
  (1) pair sw, perpetual
      attributes: full, newton on
      pair build: full/bin/atomonly
      stencil: full/bin/3d
      bin: standard
Per MPI rank memory allocation (min/avg/max) = 3.063 | 3.063 | 3.063 Mbytes
   Step          Temp          E_pair         E_mol          TotEng         Press     
WARNING: Too many warnings: 225 vs 100. All future warnings will be suppressed (src/thermo.cpp:478)
         0   0             -243.03071      0             -243.03071      45737.846    
Loop time of 1.05e-06 on 1 procs for 0 steps with 64 atoms

95.2% CPU use with 1 MPI tasks x 1 OpenMP threads

MPI task timing breakdown:
Section |  min time  |  avg time  |  max time  |%varavg| %total
---------------------------------------------------------------
Pair    | 0          | 0          | 0          |   0.0 |  0.00
Neigh   | 0          | 0          | 0          |   0.0 |  0.00
Comm    | 0          | 0          | 0          |   0.0 |  0.00
Output  | 0          | 0          | 0          |   0.0 |  0.00
Modify  | 0          | 0          | 0          |   0.0 |  0.00
Other   |            | 1.05e-06   |            |       |100.00

Nlocal:             64 ave          64 max          64 min
Histogram: 1 0 0 0 0 0 0 0 0 0
Nghost:            507 ave         507 max         507 min
Histogram: 1 0 0 0 0 0 0 0 0 0
Neighs:              0 ave           0 max           0 min
Histogram: 1 0 0 0 0 0 0 0 0 0
FullNghs:         2224 ave        2224 max        2224 min
Histogram: 1 0 0 0 0 0 0 0 0 0

Total # of neighbors = 2224
Ave neighs/atom = 34.75
Neighbor list builds = 0
Dangerous builds = 0
next i
jump SELF loop_struct
clear
  using 1 OpenMP thread(s) per MPI task
log energies.log append
units metal
boundary p p p
atom_style atomic
read_data Si222_${i}.in
read_data Si222_226.in
Reading data file ...
  orthogonal box = (0 0 0) to (10.887404 10.887404 10.887404)
  1 by 1 by 1 MPI processor grid
  reading atoms ...
  64 atoms
  reading velocities ...
  64 velocities
  read_data CPU = 0.001 seconds
mass 1 28.085
pair_style sw
pair_coeff * * Si.sw Si
Reading sw potential file Si.sw with DATE: 2007-06-11
run 0
Neighbor list info ...
  update: every = 1 steps, delay = 0 steps, check = yes
  max neighbors/atom: 2000, page size: 100000
  master list distance cutoff = 5.77118
  ghost atom cutoff = 5.77118
  binsize = 2.88559, bins = 4 4 4
  1 neighbor lists, perpetual/occasional/extra = 1 0 0
  (1) pair sw, perpetual
      attributes: full, newton on
      pair build: full/bin/atomonly
      stencil: full/bin/3d
      bin: standard
Per MPI rank memory allocation (min/avg/max) = 3.074 | 3.074 | 3.074 Mbytes
   Step          Temp          E_pair         E_mol          TotEng         Press     
WARNING: Too many warnings: 226 vs 100. All future warnings will be suppressed (src/thermo.cpp:478)
         0   0             -275.27391      0             -275.27391     -5651.0233    
Loop time of 1.05e-06 on 1 procs for 0 steps with 64 atoms

0.0% CPU use with 1 MPI tasks x 1 OpenMP threads

MPI task timing breakdown:
Section |  min time  |  avg time  |  max time  |%varavg| %total
---------------------------------------------------------------
Pair    | 0          | 0          | 0          |   0.0 |  0.00
Neigh   | 0          | 0          | 0          |   0.0 |  0.00
Comm    | 0          | 0          | 0          |   0.0 |  0.00
Output  | 0          | 0          | 0          |   0.0 |  0.00
Modify  | 0          | 0          | 0          |   0.0 |  0.00
Other   |            | 1.05e-06   |            |       |100.00

Nlocal:             64 ave          64 max          64 min
Histogram: 1 0 0 0 0 0 0 0 0 0
Nghost:            557 ave         557 max         557 min
Histogram: 1 0 0 0 0 0 0 0 0 0
Neighs:              0 ave           0 max           0 min
Histogram: 1 0 0 0 0 0 0 0 0 0
FullNghs:         2184 ave        2184 max        2184 min
Histogram: 1 0 0 0 0 0 0 0 0 0

Total # of neighbors = 2184
Ave neighs/atom = 34.125
Neighbor list builds = 0
Dangerous builds = 0
next i
jump SELF loop_struct
clear
  using 1 OpenMP thread(s) per MPI task
log energies.log append
units metal
boundary p p p
atom_style atomic
read_data Si222_${i}.in
read_data Si222_227.in
Reading data file ...
  orthogonal box = (0 0 0) to (10.887404 10.887404 10.887404)
  1 by 1 by 1 MPI processor grid
  reading atoms ...
  64 atoms
  reading velocities ...
  64 velocities
  read_data CPU = 0.001 seconds
mass 1 28.085
pair_style sw
pair_coeff * * Si.sw Si
Reading sw potential file Si.sw with DATE: 2007-06-11
run 0
Neighbor list info ...
  update: every = 1 steps, delay = 0 steps, check = yes
  max neighbors/atom: 2000, page size: 100000
  master list distance cutoff = 5.77118
  ghost atom cutoff = 5.77118
  binsize = 2.88559, bins = 4 4 4
  1 neighbor lists, perpetual/occasional/extra = 1 0 0
  (1) pair sw, perpetual
      attributes: full, newton on
      pair build: full/bin/atomonly
      stencil: full/bin/3d
      bin: standard
Per MPI rank memory allocation (min/avg/max) = 3.072 | 3.072 | 3.072 Mbytes
   Step          Temp          E_pair         E_mol          TotEng         Press     
WARNING: Too many warnings: 227 vs 100. All future warnings will be suppressed (src/thermo.cpp:478)
         0   0             -275.92017      0             -275.92017     -6010.1531    
Loop time of 1.05e-06 on 1 procs for 0 steps with 64 atoms

95.2% CPU use with 1 MPI tasks x 1 OpenMP threads

MPI task timing breakdown:
Section |  min time  |  avg time  |  max time  |%varavg| %total
---------------------------------------------------------------
Pair    | 0          | 0          | 0          |   0.0 |  0.00
Neigh   | 0          | 0          | 0          |   0.0 |  0.00
Comm    | 0          | 0          | 0          |   0.0 |  0.00
Output  | 0          | 0          | 0          |   0.0 |  0.00
Modify  | 0          | 0          | 0          |   0.0 |  0.00
Other   |            | 1.05e-06   |            |       |100.00

Nlocal:             64 ave          64 max          64 min
Histogram: 1 0 0 0 0 0 0 0 0 0
Nghost:            557 ave         557 max         557 min
Histogram: 1 0 0 0 0 0 0 0 0 0
Neighs:              0 ave           0 max           0 min
Histogram: 1 0 0 0 0 0 0 0 0 0
FullNghs:         2180 ave        2180 max        2180 min
Histogram: 1 0 0 0 0 0 0 0 0 0

Total # of neighbors = 2180
Ave neighs/atom = 34.0625
Neighbor list builds = 0
Dangerous builds = 0
next i
jump SELF loop_struct
clear
  using 1 OpenMP thread(s) per MPI task
log energies.log append
units metal
boundary p p p
atom_style atomic
read_data Si222_${i}.in
read_data Si222_228.in
Reading data file ...
  orthogonal box = (0 0 0) to (10.887404 10.887404 10.887404)
  1 by 1 by 1 MPI processor grid
  reading atoms ...
  64 atoms
  reading velocities ...
  64 velocities
  read_data CPU = 0.001 seconds
mass 1 28.085
pair_style sw
pair_coeff * * Si.sw Si
Reading sw potential file Si.sw with DATE: 2007-06-11
run 0
Neighbor list info ...
  update: every = 1 steps, delay = 0 steps, check = yes
  max neighbors/atom: 2000, page size: 100000
  master list distance cutoff = 5.77118
  ghost atom cutoff = 5.77118
  binsize = 2.88559, bins = 4 4 4
  1 neighbor lists, perpetual/occasional/extra = 1 0 0
  (1) pair sw, perpetual
      attributes: full, newton on
      pair build: full/bin/atomonly
      stencil: full/bin/3d
      bin: standard
Per MPI rank memory allocation (min/avg/max) = 3.073 | 3.073 | 3.073 Mbytes
   Step          Temp          E_pair         E_mol          TotEng         Press     
WARNING: Too many warnings: 228 vs 100. All future warnings will be suppressed (src/thermo.cpp:478)
         0   0             -243.96639      0             -243.96639      42107.049    
Loop time of 1.04e-06 on 1 procs for 0 steps with 64 atoms

0.0% CPU use with 1 MPI tasks x 1 OpenMP threads

MPI task timing breakdown:
Section |  min time  |  avg time  |  max time  |%varavg| %total
---------------------------------------------------------------
Pair    | 0          | 0          | 0          |   0.0 |  0.00
Neigh   | 0          | 0          | 0          |   0.0 |  0.00
Comm    | 0          | 0          | 0          |   0.0 |  0.00
Output  | 0          | 0          | 0          |   0.0 |  0.00
Modify  | 0          | 0          | 0          |   0.0 |  0.00
Other   |            | 1.04e-06   |            |       |100.00

Nlocal:             64 ave          64 max          64 min
Histogram: 1 0 0 0 0 0 0 0 0 0
Nghost:            549 ave         549 max         549 min
Histogram: 1 0 0 0 0 0 0 0 0 0
Neighs:              0 ave           0 max           0 min
Histogram: 1 0 0 0 0 0 0 0 0 0
FullNghs:         2240 ave        2240 max        2240 min
Histogram: 1 0 0 0 0 0 0 0 0 0

Total # of neighbors = 2240
Ave neighs/atom = 35
Neighbor list builds = 0
Dangerous builds = 0
next i
jump SELF loop_struct
clear
  using 1 OpenMP thread(s) per MPI task
log energies.log append
units metal
boundary p p p
atom_style atomic
read_data Si222_${i}.in
read_data Si222_229.in
Reading data file ...
  orthogonal box = (0 0 0) to (10.887404 10.887404 10.887404)
  1 by 1 by 1 MPI processor grid
  reading atoms ...
  64 atoms
  reading velocities ...
  64 velocities
  read_data CPU = 0.001 seconds
mass 1 28.085
pair_style sw
pair_coeff * * Si.sw Si
Reading sw potential file Si.sw with DATE: 2007-06-11
run 0
Neighbor list info ...
  update: every = 1 steps, delay = 0 steps, check = yes
  max neighbors/atom: 2000, page size: 100000
  master list distance cutoff = 5.77118
  ghost atom cutoff = 5.77118
  binsize = 2.88559, bins = 4 4 4
  1 neighbor lists, perpetual/occasional/extra = 1 0 0
  (1) pair sw, perpetual
      attributes: full, newton on
      pair build: full/bin/atomonly
      stencil: full/bin/3d
      bin: standard
Per MPI rank memory allocation (min/avg/max) = 3.064 | 3.064 | 3.064 Mbytes
   Step          Temp          E_pair         E_mol          TotEng         Press     
WARNING: Too many warnings: 229 vs 100. All future warnings will be suppressed (src/thermo.cpp:478)
         0   0             -254.80877      0             -254.80877      41547.905    
Loop time of 1.07e-06 on 1 procs for 0 steps with 64 atoms

93.5% CPU use with 1 MPI tasks x 1 OpenMP threads

MPI task timing breakdown:
Section |  min time  |  avg time  |  max time  |%varavg| %total
---------------------------------------------------------------
Pair    | 0          | 0          | 0          |   0.0 |  0.00
Neigh   | 0          | 0          | 0          |   0.0 |  0.00
Comm    | 0          | 0          | 0          |   0.0 |  0.00
Output  | 0          | 0          | 0          |   0.0 |  0.00
Modify  | 0          | 0          | 0          |   0.0 |  0.00
Other   |            | 1.07e-06   |            |       |100.00

Nlocal:             64 ave          64 max          64 min
Histogram: 1 0 0 0 0 0 0 0 0 0
Nghost:            549 ave         549 max         549 min
Histogram: 1 0 0 0 0 0 0 0 0 0
Neighs:              0 ave           0 max           0 min
Histogram: 1 0 0 0 0 0 0 0 0 0
FullNghs:         2264 ave        2264 max        2264 min
Histogram: 1 0 0 0 0 0 0 0 0 0

Total # of neighbors = 2264
Ave neighs/atom = 35.375
Neighbor list builds = 0
Dangerous builds = 0
next i
jump SELF loop_struct
clear
  using 1 OpenMP thread(s) per MPI task
log energies.log append
units metal
boundary p p p
atom_style atomic
read_data Si222_${i}.in
read_data Si222_230.in
Reading data file ...
  orthogonal box = (0 0 0) to (10.887404 10.887404 10.887404)
  1 by 1 by 1 MPI processor grid
  reading atoms ...
  64 atoms
  reading velocities ...
  64 velocities
  read_data CPU = 0.001 seconds
mass 1 28.085
pair_style sw
pair_coeff * * Si.sw Si
Reading sw potential file Si.sw with DATE: 2007-06-11
run 0
Neighbor list info ...
  update: every = 1 steps, delay = 0 steps, check = yes
  max neighbors/atom: 2000, page size: 100000
  master list distance cutoff = 5.77118
  ghost atom cutoff = 5.77118
  binsize = 2.88559, bins = 4 4 4
  1 neighbor lists, perpetual/occasional/extra = 1 0 0
  (1) pair sw, perpetual
      attributes: full, newton on
      pair build: full/bin/atomonly
      stencil: full/bin/3d
      bin: standard
Per MPI rank memory allocation (min/avg/max) = 3.074 | 3.074 | 3.074 Mbytes
   Step          Temp          E_pair         E_mol          TotEng         Press     
WARNING: Too many warnings: 230 vs 100. All future warnings will be suppressed (src/thermo.cpp:478)
         0   0             -275.57746      0             -275.57746     -5951.0602    
Loop time of 1.05e-06 on 1 procs for 0 steps with 64 atoms

95.2% CPU use with 1 MPI tasks x 1 OpenMP threads

MPI task timing breakdown:
Section |  min time  |  avg time  |  max time  |%varavg| %total
---------------------------------------------------------------
Pair    | 0          | 0          | 0          |   0.0 |  0.00
Neigh   | 0          | 0          | 0          |   0.0 |  0.00
Comm    | 0          | 0          | 0          |   0.0 |  0.00
Output  | 0          | 0          | 0          |   0.0 |  0.00
Modify  | 0          | 0          | 0          |   0.0 |  0.00
Other   |            | 1.05e-06   |            |       |100.00

Nlocal:             64 ave          64 max          64 min
Histogram: 1 0 0 0 0 0 0 0 0 0
Nghost:            557 ave         557 max         557 min
Histogram: 1 0 0 0 0 0 0 0 0 0
Neighs:              0 ave           0 max           0 min
Histogram: 1 0 0 0 0 0 0 0 0 0
FullNghs:         2186 ave        2186 max        2186 min
Histogram: 1 0 0 0 0 0 0 0 0 0

Total # of neighbors = 2186
Ave neighs/atom = 34.15625
Neighbor list builds = 0
Dangerous builds = 0
next i
jump SELF loop_struct
clear
  using 1 OpenMP thread(s) per MPI task
log energies.log append
units metal
boundary p p p
atom_style atomic
read_data Si222_${i}.in
read_data Si222_231.in
Reading data file ...
  orthogonal box = (0 0 0) to (10.887404 10.887404 10.887404)
  1 by 1 by 1 MPI processor grid
  reading atoms ...
  64 atoms
  reading velocities ...
  64 velocities
  read_data CPU = 0.001 seconds
mass 1 28.085
pair_style sw
pair_coeff * * Si.sw Si
Reading sw potential file Si.sw with DATE: 2007-06-11
run 0
Neighbor list info ...
  update: every = 1 steps, delay = 0 steps, check = yes
  max neighbors/atom: 2000, page size: 100000
  master list distance cutoff = 5.77118
  ghost atom cutoff = 5.77118
  binsize = 2.88559, bins = 4 4 4
  1 neighbor lists, perpetual/occasional/extra = 1 0 0
  (1) pair sw, perpetual
      attributes: full, newton on
      pair build: full/bin/atomonly
      stencil: full/bin/3d
      bin: standard
Per MPI rank memory allocation (min/avg/max) = 3.074 | 3.074 | 3.074 Mbytes
   Step          Temp          E_pair         E_mol          TotEng         Press     
WARNING: Too many warnings: 231 vs 100. All future warnings will be suppressed (src/thermo.cpp:478)
         0   0             -275.60926      0             -275.60926     -5957.742     
Loop time of 1.04e-06 on 1 procs for 0 steps with 64 atoms

96.2% CPU use with 1 MPI tasks x 1 OpenMP threads

MPI task timing breakdown:
Section |  min time  |  avg time  |  max time  |%varavg| %total
---------------------------------------------------------------
Pair    | 0          | 0          | 0          |   0.0 |  0.00
Neigh   | 0          | 0          | 0          |   0.0 |  0.00
Comm    | 0          | 0          | 0          |   0.0 |  0.00
Output  | 0          | 0          | 0          |   0.0 |  0.00
Modify  | 0          | 0          | 0          |   0.0 |  0.00
Other   |            | 1.04e-06   |            |       |100.00

Nlocal:             64 ave          64 max          64 min
Histogram: 1 0 0 0 0 0 0 0 0 0
Nghost:            557 ave         557 max         557 min
Histogram: 1 0 0 0 0 0 0 0 0 0
Neighs:              0 ave           0 max           0 min
Histogram: 1 0 0 0 0 0 0 0 0 0
FullNghs:         2196 ave        2196 max        2196 min
Histogram: 1 0 0 0 0 0 0 0 0 0

Total # of neighbors = 2196
Ave neighs/atom = 34.3125
Neighbor list builds = 0
Dangerous builds = 0
next i
jump SELF loop_struct
clear
  using 1 OpenMP thread(s) per MPI task
log energies.log append
units metal
boundary p p p
atom_style atomic
read_data Si222_${i}.in
read_data Si222_232.in
Reading data file ...
  orthogonal box = (0 0 0) to (10.887404 10.887404 10.887404)
  1 by 1 by 1 MPI processor grid
  reading atoms ...
  64 atoms
  reading velocities ...
  64 velocities
  read_data CPU = 0.001 seconds
mass 1 28.085
pair_style sw
pair_coeff * * Si.sw Si
Reading sw potential file Si.sw with DATE: 2007-06-11
run 0
Neighbor list info ...
  update: every = 1 steps, delay = 0 steps, check = yes
  max neighbors/atom: 2000, page size: 100000
  master list distance cutoff = 5.77118
  ghost atom cutoff = 5.77118
  binsize = 2.88559, bins = 4 4 4
  1 neighbor lists, perpetual/occasional/extra = 1 0 0
  (1) pair sw, perpetual
      attributes: full, newton on
      pair build: full/bin/atomonly
      stencil: full/bin/3d
      bin: standard
Per MPI rank memory allocation (min/avg/max) = 3.073 | 3.073 | 3.073 Mbytes
   Step          Temp          E_pair         E_mol          TotEng         Press     
WARNING: Too many warnings: 232 vs 100. All future warnings will be suppressed (src/thermo.cpp:478)
         0   0             -252.67128      0             -252.67128      47475.423    
Loop time of 1.04e-06 on 1 procs for 0 steps with 64 atoms

96.2% CPU use with 1 MPI tasks x 1 OpenMP threads

MPI task timing breakdown:
Section |  min time  |  avg time  |  max time  |%varavg| %total
---------------------------------------------------------------
Pair    | 0          | 0          | 0          |   0.0 |  0.00
Neigh   | 0          | 0          | 0          |   0.0 |  0.00
Comm    | 0          | 0          | 0          |   0.0 |  0.00
Output  | 0          | 0          | 0          |   0.0 |  0.00
Modify  | 0          | 0          | 0          |   0.0 |  0.00
Other   |            | 1.04e-06   |            |       |100.00

Nlocal:             64 ave          64 max          64 min
Histogram: 1 0 0 0 0 0 0 0 0 0
Nghost:            561 ave         561 max         561 min
Histogram: 1 0 0 0 0 0 0 0 0 0
Neighs:              0 ave           0 max           0 min
Histogram: 1 0 0 0 0 0 0 0 0 0
FullNghs:         2258 ave        2258 max        2258 min
Histogram: 1 0 0 0 0 0 0 0 0 0

Total # of neighbors = 2258
Ave neighs/atom = 35.28125
Neighbor list builds = 0
Dangerous builds = 0
next i
jump SELF loop_struct
clear
  using 1 OpenMP thread(s) per MPI task
log energies.log append
units metal
boundary p p p
atom_style atomic
read_data Si222_${i}.in
read_data Si222_233.in
Reading data file ...
  orthogonal box = (0 0 0) to (10.887404 10.887404 10.887404)
  1 by 1 by 1 MPI processor grid
  reading atoms ...
  64 atoms
  reading velocities ...
  64 velocities
  read_data CPU = 0.001 seconds
mass 1 28.085
pair_style sw
pair_coeff * * Si.sw Si
Reading sw potential file Si.sw with DATE: 2007-06-11
run 0
Neighbor list info ...
  update: every = 1 steps, delay = 0 steps, check = yes
  max neighbors/atom: 2000, page size: 100000
  master list distance cutoff = 5.77118
  ghost atom cutoff = 5.77118
  binsize = 2.88559, bins = 4 4 4
  1 neighbor lists, perpetual/occasional/extra = 1 0 0
  (1) pair sw, perpetual
      attributes: full, newton on
      pair build: full/bin/atomonly
      stencil: full/bin/3d
      bin: standard
Per MPI rank memory allocation (min/avg/max) = 3.072 | 3.072 | 3.072 Mbytes
   Step          Temp          E_pair         E_mol          TotEng         Press     
WARNING: Too many warnings: 233 vs 100. All future warnings will be suppressed (src/thermo.cpp:478)
         0   0             -275.85478      0             -275.85478     -5931.1591    
Loop time of 1.05e-06 on 1 procs for 0 steps with 64 atoms

95.2% CPU use with 1 MPI tasks x 1 OpenMP threads

MPI task timing breakdown:
Section |  min time  |  avg time  |  max time  |%varavg| %total
---------------------------------------------------------------
Pair    | 0          | 0          | 0          |   0.0 |  0.00
Neigh   | 0          | 0          | 0          |   0.0 |  0.00
Comm    | 0          | 0          | 0          |   0.0 |  0.00
Output  | 0          | 0          | 0          |   0.0 |  0.00
Modify  | 0          | 0          | 0          |   0.0 |  0.00
Other   |            | 1.05e-06   |            |       |100.00

Nlocal:             64 ave          64 max          64 min
Histogram: 1 0 0 0 0 0 0 0 0 0
Nghost:            557 ave         557 max         557 min
Histogram: 1 0 0 0 0 0 0 0 0 0
Neighs:              0 ave           0 max           0 min
Histogram: 1 0 0 0 0 0 0 0 0 0
FullNghs:         2178 ave        2178 max        2178 min
Histogram: 1 0 0 0 0 0 0 0 0 0

Total # of neighbors = 2178
Ave neighs/atom = 34.03125
Neighbor list builds = 0
Dangerous builds = 0
next i
jump SELF loop_struct
clear
  using 1 OpenMP thread(s) per MPI task
log energies.log append
units metal
boundary p p p
atom_style atomic
read_data Si222_${i}.in
read_data Si222_234.in
Reading data file ...
  orthogonal box = (0 0 0) to (10.887404 10.887404 10.887404)
  1 by 1 by 1 MPI processor grid
  reading atoms ...
  64 atoms
  reading velocities ...
  64 velocities
  read_data CPU = 0.001 seconds
mass 1 28.085
pair_style sw
pair_coeff * * Si.sw Si
Reading sw potential file Si.sw with DATE: 2007-06-11
run 0
Neighbor list info ...
  update: every = 1 steps, delay = 0 steps, check = yes
  max neighbors/atom: 2000, page size: 100000
  master list distance cutoff = 5.77118
  ghost atom cutoff = 5.77118
  binsize = 2.88559, bins = 4 4 4
  1 neighbor lists, perpetual/occasional/extra = 1 0 0
  (1) pair sw, perpetual
      attributes: full, newton on
      pair build: full/bin/atomonly
      stencil: full/bin/3d
      bin: standard
Per MPI rank memory allocation (min/avg/max) = 3.063 | 3.063 | 3.063 Mbytes
   Step          Temp          E_pair         E_mol          TotEng         Press     
WARNING: Too many warnings: 234 vs 100. All future warnings will be suppressed (src/thermo.cpp:478)
         0   0             -238.73778      0             -238.73778      54868.991    
Loop time of 1.04e-06 on 1 procs for 0 steps with 64 atoms

96.2% CPU use with 1 MPI tasks x 1 OpenMP threads

MPI task timing breakdown:
Section |  min time  |  avg time  |  max time  |%varavg| %total
---------------------------------------------------------------
Pair    | 0          | 0          | 0          |   0.0 |  0.00
Neigh   | 0          | 0          | 0          |   0.0 |  0.00
Comm    | 0          | 0          | 0          |   0.0 |  0.00
Output  | 0          | 0          | 0          |   0.0 |  0.00
Modify  | 0          | 0          | 0          |   0.0 |  0.00
Other   |            | 1.04e-06   |            |       |100.00

Nlocal:             64 ave          64 max          64 min
Histogram: 1 0 0 0 0 0 0 0 0 0
Nghost:            481 ave         481 max         481 min
Histogram: 1 0 0 0 0 0 0 0 0 0
Neighs:              0 ave           0 max           0 min
Histogram: 1 0 0 0 0 0 0 0 0 0
FullNghs:         2284 ave        2284 max        2284 min
Histogram: 1 0 0 0 0 0 0 0 0 0

Total # of neighbors = 2284
Ave neighs/atom = 35.6875
Neighbor list builds = 0
Dangerous builds = 0
next i
jump SELF loop_struct
clear
  using 1 OpenMP thread(s) per MPI task
log energies.log append
units metal
boundary p p p
atom_style atomic
read_data Si222_${i}.in
read_data Si222_235.in
Reading data file ...
  orthogonal box = (0 0 0) to (10.887404 10.887404 10.887404)
  1 by 1 by 1 MPI processor grid
  reading atoms ...
  64 atoms
  reading velocities ...
  64 velocities
  read_data CPU = 0.001 seconds
mass 1 28.085
pair_style sw
pair_coeff * * Si.sw Si
Reading sw potential file Si.sw with DATE: 2007-06-11
run 0
Neighbor list info ...
  update: every = 1 steps, delay = 0 steps, check = yes
  max neighbors/atom: 2000, page size: 100000
  master list distance cutoff = 5.77118
  ghost atom cutoff = 5.77118
  binsize = 2.88559, bins = 4 4 4
  1 neighbor lists, perpetual/occasional/extra = 1 0 0
  (1) pair sw, perpetual
      attributes: full, newton on
      pair build: full/bin/atomonly
      stencil: full/bin/3d
      bin: standard
Per MPI rank memory allocation (min/avg/max) = 3.074 | 3.074 | 3.074 Mbytes
   Step          Temp          E_pair         E_mol          TotEng         Press     
WARNING: Too many warnings: 235 vs 100. All future warnings will be suppressed (src/thermo.cpp:478)
         0   0             -275.54751      0             -275.54751     -5675.6835    
Loop time of 1.07e-06 on 1 procs for 0 steps with 64 atoms

0.0% CPU use with 1 MPI tasks x 1 OpenMP threads

MPI task timing breakdown:
Section |  min time  |  avg time  |  max time  |%varavg| %total
---------------------------------------------------------------
Pair    | 0          | 0          | 0          |   0.0 |  0.00
Neigh   | 0          | 0          | 0          |   0.0 |  0.00
Comm    | 0          | 0          | 0          |   0.0 |  0.00
Output  | 0          | 0          | 0          |   0.0 |  0.00
Modify  | 0          | 0          | 0          |   0.0 |  0.00
Other   |            | 1.07e-06   |            |       |100.00

Nlocal:             64 ave          64 max          64 min
Histogram: 1 0 0 0 0 0 0 0 0 0
Nghost:            557 ave         557 max         557 min
Histogram: 1 0 0 0 0 0 0 0 0 0
Neighs:              0 ave           0 max           0 min
Histogram: 1 0 0 0 0 0 0 0 0 0
FullNghs:         2180 ave        2180 max        2180 min
Histogram: 1 0 0 0 0 0 0 0 0 0

Total # of neighbors = 2180
Ave neighs/atom = 34.0625
Neighbor list builds = 0
Dangerous builds = 0
next i
jump SELF loop_struct
clear
  using 1 OpenMP thread(s) per MPI task
log energies.log append
units metal
boundary p p p
atom_style atomic
read_data Si222_${i}.in
read_data Si222_236.in
Reading data file ...
  orthogonal box = (0 0 0) to (10.887404 10.887404 10.887404)
  1 by 1 by 1 MPI processor grid
  reading atoms ...
  64 atoms
  reading velocities ...
  64 velocities
  read_data CPU = 0.001 seconds
mass 1 28.085
pair_style sw
pair_coeff * * Si.sw Si
Reading sw potential file Si.sw with DATE: 2007-06-11
run 0
Neighbor list info ...
  update: every = 1 steps, delay = 0 steps, check = yes
  max neighbors/atom: 2000, page size: 100000
  master list distance cutoff = 5.77118
  ghost atom cutoff = 5.77118
  binsize = 2.88559, bins = 4 4 4
  1 neighbor lists, perpetual/occasional/extra = 1 0 0
  (1) pair sw, perpetual
      attributes: full, newton on
      pair build: full/bin/atomonly
      stencil: full/bin/3d
      bin: standard
Per MPI rank memory allocation (min/avg/max) = 3.073 | 3.073 | 3.073 Mbytes
   Step          Temp          E_pair         E_mol          TotEng         Press     
WARNING: Too many warnings: 236 vs 100. All future warnings will be suppressed (src/thermo.cpp:478)
         0   0             -243.18701      0             -243.18701      43944.44     
Loop time of 1.05e-06 on 1 procs for 0 steps with 64 atoms

95.2% CPU use with 1 MPI tasks x 1 OpenMP threads

MPI task timing breakdown:
Section |  min time  |  avg time  |  max time  |%varavg| %total
---------------------------------------------------------------
Pair    | 0          | 0          | 0          |   0.0 |  0.00
Neigh   | 0          | 0          | 0          |   0.0 |  0.00
Comm    | 0          | 0          | 0          |   0.0 |  0.00
Output  | 0          | 0          | 0          |   0.0 |  0.00
Modify  | 0          | 0          | 0          |   0.0 |  0.00
Other   |            | 1.05e-06   |            |       |100.00

Nlocal:             64 ave          64 max          64 min
Histogram: 1 0 0 0 0 0 0 0 0 0
Nghost:            549 ave         549 max         549 min
Histogram: 1 0 0 0 0 0 0 0 0 0
Neighs:              0 ave           0 max           0 min
Histogram: 1 0 0 0 0 0 0 0 0 0
FullNghs:         2304 ave        2304 max        2304 min
Histogram: 1 0 0 0 0 0 0 0 0 0

Total # of neighbors = 2304
Ave neighs/atom = 36
Neighbor list builds = 0
Dangerous builds = 0
next i
jump SELF loop_struct
clear
  using 1 OpenMP thread(s) per MPI task
log energies.log append
units metal
boundary p p p
atom_style atomic
read_data Si222_${i}.in
read_data Si222_237.in
Reading data file ...
  orthogonal box = (0 0 0) to (10.887404 10.887404 10.887404)
  1 by 1 by 1 MPI processor grid
  reading atoms ...
  64 atoms
  reading velocities ...
  64 velocities
  read_data CPU = 0.001 seconds
mass 1 28.085
pair_style sw
pair_coeff * * Si.sw Si
Reading sw potential file Si.sw with DATE: 2007-06-11
run 0
Neighbor list info ...
  update: every = 1 steps, delay = 0 steps, check = yes
  max neighbors/atom: 2000, page size: 100000
  master list distance cutoff = 5.77118
  ghost atom cutoff = 5.77118
  binsize = 2.88559, bins = 4 4 4
  1 neighbor lists, perpetual/occasional/extra = 1 0 0
  (1) pair sw, perpetual
      attributes: full, newton on
      pair build: full/bin/atomonly
      stencil: full/bin/3d
      bin: standard
Per MPI rank memory allocation (min/avg/max) = 3.074 | 3.074 | 3.074 Mbytes
   Step          Temp          E_pair         E_mol          TotEng         Press     
WARNING: Too many warnings: 237 vs 100. All future warnings will be suppressed (src/thermo.cpp:478)
         0   0             -275.83314      0             -275.83314     -6123.4344    
Loop time of 1.04e-06 on 1 procs for 0 steps with 64 atoms

0.0% CPU use with 1 MPI tasks x 1 OpenMP threads

MPI task timing breakdown:
Section |  min time  |  avg time  |  max time  |%varavg| %total
---------------------------------------------------------------
Pair    | 0          | 0          | 0          |   0.0 |  0.00
Neigh   | 0          | 0          | 0          |   0.0 |  0.00
Comm    | 0          | 0          | 0          |   0.0 |  0.00
Output  | 0          | 0          | 0          |   0.0 |  0.00
Modify  | 0          | 0          | 0          |   0.0 |  0.00
Other   |            | 1.04e-06   |            |       |100.00

Nlocal:             64 ave          64 max          64 min
Histogram: 1 0 0 0 0 0 0 0 0 0
Nghost:            557 ave         557 max         557 min
Histogram: 1 0 0 0 0 0 0 0 0 0
Neighs:              0 ave           0 max           0 min
Histogram: 1 0 0 0 0 0 0 0 0 0
FullNghs:         2180 ave        2180 max        2180 min
Histogram: 1 0 0 0 0 0 0 0 0 0

Total # of neighbors = 2180
Ave neighs/atom = 34.0625
Neighbor list builds = 0
Dangerous builds = 0
next i
jump SELF loop_struct
clear
  using 1 OpenMP thread(s) per MPI task
log energies.log append
units metal
boundary p p p
atom_style atomic
read_data Si222_${i}.in
read_data Si222_238.in
Reading data file ...
  orthogonal box = (0 0 0) to (10.887404 10.887404 10.887404)
  1 by 1 by 1 MPI processor grid
  reading atoms ...
  64 atoms
  reading velocities ...
  64 velocities
  read_data CPU = 0.001 seconds
mass 1 28.085
pair_style sw
pair_coeff * * Si.sw Si
Reading sw potential file Si.sw with DATE: 2007-06-11
run 0
Neighbor list info ...
  update: every = 1 steps, delay = 0 steps, check = yes
  max neighbors/atom: 2000, page size: 100000
  master list distance cutoff = 5.77118
  ghost atom cutoff = 5.77118
  binsize = 2.88559, bins = 4 4 4
  1 neighbor lists, perpetual/occasional/extra = 1 0 0
  (1) pair sw, perpetual
      attributes: full, newton on
      pair build: full/bin/atomonly
      stencil: full/bin/3d
      bin: standard
Per MPI rank memory allocation (min/avg/max) = 3.074 | 3.074 | 3.074 Mbytes
   Step          Temp          E_pair         E_mol          TotEng         Press     
WARNING: Too many warnings: 238 vs 100. All future warnings will be suppressed (src/thermo.cpp:478)
         0   0             -275.29205      0             -275.29205     -5546.3272    
Loop time of 1.06e-06 on 1 procs for 0 steps with 64 atoms

94.3% CPU use with 1 MPI tasks x 1 OpenMP threads

MPI task timing breakdown:
Section |  min time  |  avg time  |  max time  |%varavg| %total
---------------------------------------------------------------
Pair    | 0          | 0          | 0          |   0.0 |  0.00
Neigh   | 0          | 0          | 0          |   0.0 |  0.00
Comm    | 0          | 0          | 0          |   0.0 |  0.00
Output  | 0          | 0          | 0          |   0.0 |  0.00
Modify  | 0          | 0          | 0          |   0.0 |  0.00
Other   |            | 1.06e-06   |            |       |100.00

Nlocal:             64 ave          64 max          64 min
Histogram: 1 0 0 0 0 0 0 0 0 0
Nghost:            557 ave         557 max         557 min
Histogram: 1 0 0 0 0 0 0 0 0 0
Neighs:              0 ave           0 max           0 min
Histogram: 1 0 0 0 0 0 0 0 0 0
FullNghs:         2186 ave        2186 max        2186 min
Histogram: 1 0 0 0 0 0 0 0 0 0

Total # of neighbors = 2186
Ave neighs/atom = 34.15625
Neighbor list builds = 0
Dangerous builds = 0
next i
jump SELF loop_struct
clear
  using 1 OpenMP thread(s) per MPI task
log energies.log append
units metal
boundary p p p
atom_style atomic
read_data Si222_${i}.in
read_data Si222_239.in
Reading data file ...
  orthogonal box = (0 0 0) to (10.887404 10.887404 10.887404)
  1 by 1 by 1 MPI processor grid
  reading atoms ...
  64 atoms
  reading velocities ...
  64 velocities
  read_data CPU = 0.001 seconds
mass 1 28.085
pair_style sw
pair_coeff * * Si.sw Si
Reading sw potential file Si.sw with DATE: 2007-06-11
run 0
Neighbor list info ...
  update: every = 1 steps, delay = 0 steps, check = yes
  max neighbors/atom: 2000, page size: 100000
  master list distance cutoff = 5.77118
  ghost atom cutoff = 5.77118
  binsize = 2.88559, bins = 4 4 4
  1 neighbor lists, perpetual/occasional/extra = 1 0 0
  (1) pair sw, perpetual
      attributes: full, newton on
      pair build: full/bin/atomonly
      stencil: full/bin/3d
      bin: standard
Per MPI rank memory allocation (min/avg/max) = 3.072 | 3.072 | 3.072 Mbytes
   Step          Temp          E_pair         E_mol          TotEng         Press     
WARNING: Too many warnings: 239 vs 100. All future warnings will be suppressed (src/thermo.cpp:478)
         0   0             -275.612        0             -275.612       -5442.8022    
Loop time of 1.04e-06 on 1 procs for 0 steps with 64 atoms

0.0% CPU use with 1 MPI tasks x 1 OpenMP threads

MPI task timing breakdown:
Section |  min time  |  avg time  |  max time  |%varavg| %total
---------------------------------------------------------------
Pair    | 0          | 0          | 0          |   0.0 |  0.00
Neigh   | 0          | 0          | 0          |   0.0 |  0.00
Comm    | 0          | 0          | 0          |   0.0 |  0.00
Output  | 0          | 0          | 0          |   0.0 |  0.00
Modify  | 0          | 0          | 0          |   0.0 |  0.00
Other   |            | 1.04e-06   |            |       |100.00

Nlocal:             64 ave          64 max          64 min
Histogram: 1 0 0 0 0 0 0 0 0 0
Nghost:            557 ave         557 max         557 min
Histogram: 1 0 0 0 0 0 0 0 0 0
Neighs:              0 ave           0 max           0 min
Histogram: 1 0 0 0 0 0 0 0 0 0
FullNghs:         2182 ave        2182 max        2182 min
Histogram: 1 0 0 0 0 0 0 0 0 0

Total # of neighbors = 2182
Ave neighs/atom = 34.09375
Neighbor list builds = 0
Dangerous builds = 0
next i
jump SELF loop_struct
clear
  using 1 OpenMP thread(s) per MPI task
log energies.log append
units metal
boundary p p p
atom_style atomic
read_data Si222_${i}.in
read_data Si222_240.in
Reading data file ...
  orthogonal box = (0 0 0) to (10.887404 10.887404 10.887404)
  1 by 1 by 1 MPI processor grid
  reading atoms ...
  64 atoms
  reading velocities ...
  64 velocities
  read_data CPU = 0.001 seconds
mass 1 28.085
pair_style sw
pair_coeff * * Si.sw Si
Reading sw potential file Si.sw with DATE: 2007-06-11
run 0
Neighbor list info ...
  update: every = 1 steps, delay = 0 steps, check = yes
  max neighbors/atom: 2000, page size: 100000
  master list distance cutoff = 5.77118
  ghost atom cutoff = 5.77118
  binsize = 2.88559, bins = 4 4 4
  1 neighbor lists, perpetual/occasional/extra = 1 0 0
  (1) pair sw, perpetual
      attributes: full, newton on
      pair build: full/bin/atomonly
      stencil: full/bin/3d
      bin: standard
Per MPI rank memory allocation (min/avg/max) = 3.073 | 3.073 | 3.073 Mbytes
   Step          Temp          E_pair         E_mol          TotEng         Press     
WARNING: Too many warnings: 240 vs 100. All future warnings will be suppressed (src/thermo.cpp:478)
         0   0             -256.2483       0             -256.2483       44246.127    
Loop time of 1.06e-06 on 1 procs for 0 steps with 64 atoms

94.3% CPU use with 1 MPI tasks x 1 OpenMP threads

MPI task timing breakdown:
Section |  min time  |  avg time  |  max time  |%varavg| %total
---------------------------------------------------------------
Pair    | 0          | 0          | 0          |   0.0 |  0.00
Neigh   | 0          | 0          | 0          |   0.0 |  0.00
Comm    | 0          | 0          | 0          |   0.0 |  0.00
Output  | 0          | 0          | 0          |   0.0 |  0.00
Modify  | 0          | 0          | 0          |   0.0 |  0.00
Other   |            | 1.06e-06   |            |       |100.00

Nlocal:             64 ave          64 max          64 min
Histogram: 1 0 0 0 0 0 0 0 0 0
Nghost:            561 ave         561 max         561 min
Histogram: 1 0 0 0 0 0 0 0 0 0
Neighs:              0 ave           0 max           0 min
Histogram: 1 0 0 0 0 0 0 0 0 0
FullNghs:         2254 ave        2254 max        2254 min
Histogram: 1 0 0 0 0 0 0 0 0 0

Total # of neighbors = 2254
Ave neighs/atom = 35.21875
Neighbor list builds = 0
Dangerous builds = 0
next i
jump SELF loop_struct
clear
  using 1 OpenMP thread(s) per MPI task
log energies.log append
units metal
boundary p p p
atom_style atomic
read_data Si222_${i}.in
read_data Si222_241.in
Reading data file ...
  orthogonal box = (0 0 0) to (10.887404 10.887404 10.887404)
  1 by 1 by 1 MPI processor grid
  reading atoms ...
  64 atoms
  reading velocities ...
  64 velocities
  read_data CPU = 0.001 seconds
mass 1 28.085
pair_style sw
pair_coeff * * Si.sw Si
Reading sw potential file Si.sw with DATE: 2007-06-11
run 0
Neighbor list info ...
  update: every = 1 steps, delay = 0 steps, check = yes
  max neighbors/atom: 2000, page size: 100000
  master list distance cutoff = 5.77118
  ghost atom cutoff = 5.77118
  binsize = 2.88559, bins = 4 4 4
  1 neighbor lists, perpetual/occasional/extra = 1 0 0
  (1) pair sw, perpetual
      attributes: full, newton on
      pair build: full/bin/atomonly
      stencil: full/bin/3d
      bin: standard
Per MPI rank memory allocation (min/avg/max) = 3.073 | 3.073 | 3.073 Mbytes
   Step          Temp          E_pair         E_mol          TotEng         Press     
WARNING: Too many warnings: 241 vs 100. All future warnings will be suppressed (src/thermo.cpp:478)
         0   0             -275.85765      0             -275.85765     -5828.9111    
Loop time of 1.04e-06 on 1 procs for 0 steps with 64 atoms

0.0% CPU use with 1 MPI tasks x 1 OpenMP threads

MPI task timing breakdown:
Section |  min time  |  avg time  |  max time  |%varavg| %total
---------------------------------------------------------------
Pair    | 0          | 0          | 0          |   0.0 |  0.00
Neigh   | 0          | 0          | 0          |   0.0 |  0.00
Comm    | 0          | 0          | 0          |   0.0 |  0.00
Output  | 0          | 0          | 0          |   0.0 |  0.00
Modify  | 0          | 0          | 0          |   0.0 |  0.00
Other   |            | 1.04e-06   |            |       |100.00

Nlocal:             64 ave          64 max          64 min
Histogram: 1 0 0 0 0 0 0 0 0 0
Nghost:            557 ave         557 max         557 min
Histogram: 1 0 0 0 0 0 0 0 0 0
Neighs:              0 ave           0 max           0 min
Histogram: 1 0 0 0 0 0 0 0 0 0
FullNghs:         2180 ave        2180 max        2180 min
Histogram: 1 0 0 0 0 0 0 0 0 0

Total # of neighbors = 2180
Ave neighs/atom = 34.0625
Neighbor list builds = 0
Dangerous builds = 0
next i
jump SELF loop_struct
clear
  using 1 OpenMP thread(s) per MPI task
log energies.log append
units metal
boundary p p p
atom_style atomic
read_data Si222_${i}.in
read_data Si222_242.in
Reading data file ...
  orthogonal box = (0 0 0) to (10.887404 10.887404 10.887404)
  1 by 1 by 1 MPI processor grid
  reading atoms ...
  64 atoms
  reading velocities ...
  64 velocities
  read_data CPU = 0.001 seconds
mass 1 28.085
pair_style sw
pair_coeff * * Si.sw Si
Reading sw potential file Si.sw with DATE: 2007-06-11
run 0
Neighbor list info ...
  update: every = 1 steps, delay = 0 steps, check = yes
  max neighbors/atom: 2000, page size: 100000
  master list distance cutoff = 5.77118
  ghost atom cutoff = 5.77118
  binsize = 2.88559, bins = 4 4 4
  1 neighbor lists, perpetual/occasional/extra = 1 0 0
  (1) pair sw, perpetual
      attributes: full, newton on
      pair build: full/bin/atomonly
      stencil: full/bin/3d
      bin: standard
Per MPI rank memory allocation (min/avg/max) = 3.072 | 3.072 | 3.072 Mbytes
   Step          Temp          E_pair         E_mol          TotEng         Press     
WARNING: Too many warnings: 242 vs 100. All future warnings will be suppressed (src/thermo.cpp:478)
         0   0             -275.54966      0             -275.54966     -5710.1871    
Loop time of 1.05e-06 on 1 procs for 0 steps with 64 atoms

0.0% CPU use with 1 MPI tasks x 1 OpenMP threads

MPI task timing breakdown:
Section |  min time  |  avg time  |  max time  |%varavg| %total
---------------------------------------------------------------
Pair    | 0          | 0          | 0          |   0.0 |  0.00
Neigh   | 0          | 0          | 0          |   0.0 |  0.00
Comm    | 0          | 0          | 0          |   0.0 |  0.00
Output  | 0          | 0          | 0          |   0.0 |  0.00
Modify  | 0          | 0          | 0          |   0.0 |  0.00
Other   |            | 1.05e-06   |            |       |100.00

Nlocal:             64 ave          64 max          64 min
Histogram: 1 0 0 0 0 0 0 0 0 0
Nghost:            557 ave         557 max         557 min
Histogram: 1 0 0 0 0 0 0 0 0 0
Neighs:              0 ave           0 max           0 min
Histogram: 1 0 0 0 0 0 0 0 0 0
FullNghs:         2182 ave        2182 max        2182 min
Histogram: 1 0 0 0 0 0 0 0 0 0

Total # of neighbors = 2182
Ave neighs/atom = 34.09375
Neighbor list builds = 0
Dangerous builds = 0
next i
jump SELF loop_struct
clear
  using 1 OpenMP thread(s) per MPI task
log energies.log append
units metal
boundary p p p
atom_style atomic
read_data Si222_${i}.in
read_data Si222_243.in
Reading data file ...
  orthogonal box = (0 0 0) to (10.887404 10.887404 10.887404)
  1 by 1 by 1 MPI processor grid
  reading atoms ...
  64 atoms
  reading velocities ...
  64 velocities
  read_data CPU = 0.001 seconds
mass 1 28.085
pair_style sw
pair_coeff * * Si.sw Si
Reading sw potential file Si.sw with DATE: 2007-06-11
run 0
Neighbor list info ...
  update: every = 1 steps, delay = 0 steps, check = yes
  max neighbors/atom: 2000, page size: 100000
  master list distance cutoff = 5.77118
  ghost atom cutoff = 5.77118
  binsize = 2.88559, bins = 4 4 4
  1 neighbor lists, perpetual/occasional/extra = 1 0 0
  (1) pair sw, perpetual
      attributes: full, newton on
      pair build: full/bin/atomonly
      stencil: full/bin/3d
      bin: standard
Per MPI rank memory allocation (min/avg/max) = 3.073 | 3.073 | 3.073 Mbytes
   Step          Temp          E_pair         E_mol          TotEng         Press     
WARNING: Too many warnings: 243 vs 100. All future warnings will be suppressed (src/thermo.cpp:478)
         0   0             -255.24846      0             -255.24846      39504.079    
Loop time of 1.04e-06 on 1 procs for 0 steps with 64 atoms

96.2% CPU use with 1 MPI tasks x 1 OpenMP threads

MPI task timing breakdown:
Section |  min time  |  avg time  |  max time  |%varavg| %total
---------------------------------------------------------------
Pair    | 0          | 0          | 0          |   0.0 |  0.00
Neigh   | 0          | 0          | 0          |   0.0 |  0.00
Comm    | 0          | 0          | 0          |   0.0 |  0.00
Output  | 0          | 0          | 0          |   0.0 |  0.00
Modify  | 0          | 0          | 0          |   0.0 |  0.00
Other   |            | 1.04e-06   |            |       |100.00

Nlocal:             64 ave          64 max          64 min
Histogram: 1 0 0 0 0 0 0 0 0 0
Nghost:            557 ave         557 max         557 min
Histogram: 1 0 0 0 0 0 0 0 0 0
Neighs:              0 ave           0 max           0 min
Histogram: 1 0 0 0 0 0 0 0 0 0
FullNghs:         2262 ave        2262 max        2262 min
Histogram: 1 0 0 0 0 0 0 0 0 0

Total # of neighbors = 2262
Ave neighs/atom = 35.34375
Neighbor list builds = 0
Dangerous builds = 0
next i
jump SELF loop_struct
clear
  using 1 OpenMP thread(s) per MPI task
log energies.log append
units metal
boundary p p p
atom_style atomic
read_data Si222_${i}.in
read_data Si222_244.in
Reading data file ...
  orthogonal box = (0 0 0) to (10.887404 10.887404 10.887404)
  1 by 1 by 1 MPI processor grid
  reading atoms ...
  64 atoms
  reading velocities ...
  64 velocities
  read_data CPU = 0.001 seconds
mass 1 28.085
pair_style sw
pair_coeff * * Si.sw Si
Reading sw potential file Si.sw with DATE: 2007-06-11
run 0
Neighbor list info ...
  update: every = 1 steps, delay = 0 steps, check = yes
  max neighbors/atom: 2000, page size: 100000
  master list distance cutoff = 5.77118
  ghost atom cutoff = 5.77118
  binsize = 2.88559, bins = 4 4 4
  1 neighbor lists, perpetual/occasional/extra = 1 0 0
  (1) pair sw, perpetual
      attributes: full, newton on
      pair build: full/bin/atomonly
      stencil: full/bin/3d
      bin: standard
Per MPI rank memory allocation (min/avg/max) = 3.064 | 3.064 | 3.064 Mbytes
   Step          Temp          E_pair         E_mol          TotEng         Press     
WARNING: Too many warnings: 244 vs 100. All future warnings will be suppressed (src/thermo.cpp:478)
         0   0             -256.55561      0             -256.55561      39695.455    
Loop time of 1.05e-06 on 1 procs for 0 steps with 64 atoms

95.2% CPU use with 1 MPI tasks x 1 OpenMP threads

MPI task timing breakdown:
Section |  min time  |  avg time  |  max time  |%varavg| %total
---------------------------------------------------------------
Pair    | 0          | 0          | 0          |   0.0 |  0.00
Neigh   | 0          | 0          | 0          |   0.0 |  0.00
Comm    | 0          | 0          | 0          |   0.0 |  0.00
Output  | 0          | 0          | 0          |   0.0 |  0.00
Modify  | 0          | 0          | 0          |   0.0 |  0.00
Other   |            | 1.05e-06   |            |       |100.00

Nlocal:             64 ave          64 max          64 min
Histogram: 1 0 0 0 0 0 0 0 0 0
Nghost:            549 ave         549 max         549 min
Histogram: 1 0 0 0 0 0 0 0 0 0
Neighs:              0 ave           0 max           0 min
Histogram: 1 0 0 0 0 0 0 0 0 0
FullNghs:         2258 ave        2258 max        2258 min
Histogram: 1 0 0 0 0 0 0 0 0 0

Total # of neighbors = 2258
Ave neighs/atom = 35.28125
Neighbor list builds = 0
Dangerous builds = 0
next i
jump SELF loop_struct
clear
  using 1 OpenMP thread(s) per MPI task
log energies.log append
units metal
boundary p p p
atom_style atomic
read_data Si222_${i}.in
read_data Si222_245.in
Reading data file ...
  orthogonal box = (0 0 0) to (10.887404 10.887404 10.887404)
  1 by 1 by 1 MPI processor grid
  reading atoms ...
  64 atoms
  reading velocities ...
  64 velocities
  read_data CPU = 0.001 seconds
mass 1 28.085
pair_style sw
pair_coeff * * Si.sw Si
Reading sw potential file Si.sw with DATE: 2007-06-11
run 0
Neighbor list info ...
  update: every = 1 steps, delay = 0 steps, check = yes
  max neighbors/atom: 2000, page size: 100000
  master list distance cutoff = 5.77118
  ghost atom cutoff = 5.77118
  binsize = 2.88559, bins = 4 4 4
  1 neighbor lists, perpetual/occasional/extra = 1 0 0
  (1) pair sw, perpetual
      attributes: full, newton on
      pair build: full/bin/atomonly
      stencil: full/bin/3d
      bin: standard
Per MPI rank memory allocation (min/avg/max) = 3.073 | 3.073 | 3.073 Mbytes
   Step          Temp          E_pair         E_mol          TotEng         Press     
WARNING: Too many warnings: 245 vs 100. All future warnings will be suppressed (src/thermo.cpp:478)
         0   0             -275.85639      0             -275.85639     -6116.6945    
Loop time of 1.16e-06 on 1 procs for 0 steps with 64 atoms

86.2% CPU use with 1 MPI tasks x 1 OpenMP threads

MPI task timing breakdown:
Section |  min time  |  avg time  |  max time  |%varavg| %total
---------------------------------------------------------------
Pair    | 0          | 0          | 0          |   0.0 |  0.00
Neigh   | 0          | 0          | 0          |   0.0 |  0.00
Comm    | 0          | 0          | 0          |   0.0 |  0.00
Output  | 0          | 0          | 0          |   0.0 |  0.00
Modify  | 0          | 0          | 0          |   0.0 |  0.00
Other   |            | 1.16e-06   |            |       |100.00

Nlocal:             64 ave          64 max          64 min
Histogram: 1 0 0 0 0 0 0 0 0 0
Nghost:            557 ave         557 max         557 min
Histogram: 1 0 0 0 0 0 0 0 0 0
Neighs:              0 ave           0 max           0 min
Histogram: 1 0 0 0 0 0 0 0 0 0
FullNghs:         2180 ave        2180 max        2180 min
Histogram: 1 0 0 0 0 0 0 0 0 0

Total # of neighbors = 2180
Ave neighs/atom = 34.0625
Neighbor list builds = 0
Dangerous builds = 0
next i
jump SELF loop_struct
clear
  using 1 OpenMP thread(s) per MPI task
log energies.log append
units metal
boundary p p p
atom_style atomic
read_data Si222_${i}.in
read_data Si222_246.in
Reading data file ...
  orthogonal box = (0 0 0) to (10.887404 10.887404 10.887404)
  1 by 1 by 1 MPI processor grid
  reading atoms ...
  64 atoms
  reading velocities ...
  64 velocities
  read_data CPU = 0.001 seconds
mass 1 28.085
pair_style sw
pair_coeff * * Si.sw Si
Reading sw potential file Si.sw with DATE: 2007-06-11
run 0
Neighbor list info ...
  update: every = 1 steps, delay = 0 steps, check = yes
  max neighbors/atom: 2000, page size: 100000
  master list distance cutoff = 5.77118
  ghost atom cutoff = 5.77118
  binsize = 2.88559, bins = 4 4 4
  1 neighbor lists, perpetual/occasional/extra = 1 0 0
  (1) pair sw, perpetual
      attributes: full, newton on
      pair build: full/bin/atomonly
      stencil: full/bin/3d
      bin: standard
Per MPI rank memory allocation (min/avg/max) = 3.063 | 3.063 | 3.063 Mbytes
   Step          Temp          E_pair         E_mol          TotEng         Press     
WARNING: Too many warnings: 246 vs 100. All future warnings will be suppressed (src/thermo.cpp:478)
         0   0             -210.16777      0             -210.16777      128595.52    
Loop time of 1.08e-06 on 1 procs for 0 steps with 64 atoms

0.0% CPU use with 1 MPI tasks x 1 OpenMP threads

MPI task timing breakdown:
Section |  min time  |  avg time  |  max time  |%varavg| %total
---------------------------------------------------------------
Pair    | 0          | 0          | 0          |   0.0 |  0.00
Neigh   | 0          | 0          | 0          |   0.0 |  0.00
Comm    | 0          | 0          | 0          |   0.0 |  0.00
Output  | 0          | 0          | 0          |   0.0 |  0.00
Modify  | 0          | 0          | 0          |   0.0 |  0.00
Other   |            | 1.08e-06   |            |       |100.00

Nlocal:             64 ave          64 max          64 min
Histogram: 1 0 0 0 0 0 0 0 0 0
Nghost:            519 ave         519 max         519 min
Histogram: 1 0 0 0 0 0 0 0 0 0
Neighs:              0 ave           0 max           0 min
Histogram: 1 0 0 0 0 0 0 0 0 0
FullNghs:         2306 ave        2306 max        2306 min
Histogram: 1 0 0 0 0 0 0 0 0 0

Total # of neighbors = 2306
Ave neighs/atom = 36.03125
Neighbor list builds = 0
Dangerous builds = 0
next i
jump SELF loop_struct
clear
  using 1 OpenMP thread(s) per MPI task
log energies.log append
units metal
boundary p p p
atom_style atomic
read_data Si222_${i}.in
read_data Si222_247.in
Reading data file ...
  orthogonal box = (0 0 0) to (10.887404 10.887404 10.887404)
  1 by 1 by 1 MPI processor grid
  reading atoms ...
  64 atoms
  reading velocities ...
  64 velocities
  read_data CPU = 0.001 seconds
mass 1 28.085
pair_style sw
pair_coeff * * Si.sw Si
Reading sw potential file Si.sw with DATE: 2007-06-11
run 0
Neighbor list info ...
  update: every = 1 steps, delay = 0 steps, check = yes
  max neighbors/atom: 2000, page size: 100000
  master list distance cutoff = 5.77118
  ghost atom cutoff = 5.77118
  binsize = 2.88559, bins = 4 4 4
  1 neighbor lists, perpetual/occasional/extra = 1 0 0
  (1) pair sw, perpetual
      attributes: full, newton on
      pair build: full/bin/atomonly
      stencil: full/bin/3d
      bin: standard
Per MPI rank memory allocation (min/avg/max) = 3.064 | 3.064 | 3.064 Mbytes
   Step          Temp          E_pair         E_mol          TotEng         Press     
WARNING: Too many warnings: 247 vs 100. All future warnings will be suppressed (src/thermo.cpp:478)
         0   0             -255.51139      0             -255.51139      40959.737    
Loop time of 1.06e-06 on 1 procs for 0 steps with 64 atoms

0.0% CPU use with 1 MPI tasks x 1 OpenMP threads

MPI task timing breakdown:
Section |  min time  |  avg time  |  max time  |%varavg| %total
---------------------------------------------------------------
Pair    | 0          | 0          | 0          |   0.0 |  0.00
Neigh   | 0          | 0          | 0          |   0.0 |  0.00
Comm    | 0          | 0          | 0          |   0.0 |  0.00
Output  | 0          | 0          | 0          |   0.0 |  0.00
Modify  | 0          | 0          | 0          |   0.0 |  0.00
Other   |            | 1.06e-06   |            |       |100.00

Nlocal:             64 ave          64 max          64 min
Histogram: 1 0 0 0 0 0 0 0 0 0
Nghost:            549 ave         549 max         549 min
Histogram: 1 0 0 0 0 0 0 0 0 0
Neighs:              0 ave           0 max           0 min
Histogram: 1 0 0 0 0 0 0 0 0 0
FullNghs:         2256 ave        2256 max        2256 min
Histogram: 1 0 0 0 0 0 0 0 0 0

Total # of neighbors = 2256
Ave neighs/atom = 35.25
Neighbor list builds = 0
Dangerous builds = 0
next i
jump SELF loop_struct
clear
  using 1 OpenMP thread(s) per MPI task
log energies.log append
units metal
boundary p p p
atom_style atomic
read_data Si222_${i}.in
read_data Si222_248.in
Reading data file ...
  orthogonal box = (0 0 0) to (10.887404 10.887404 10.887404)
  1 by 1 by 1 MPI processor grid
  reading atoms ...
  64 atoms
  reading velocities ...
  64 velocities
  read_data CPU = 0.001 seconds
mass 1 28.085
pair_style sw
pair_coeff * * Si.sw Si
Reading sw potential file Si.sw with DATE: 2007-06-11
run 0
Neighbor list info ...
  update: every = 1 steps, delay = 0 steps, check = yes
  max neighbors/atom: 2000, page size: 100000
  master list distance cutoff = 5.77118
  ghost atom cutoff = 5.77118
  binsize = 2.88559, bins = 4 4 4
  1 neighbor lists, perpetual/occasional/extra = 1 0 0
  (1) pair sw, perpetual
      attributes: full, newton on
      pair build: full/bin/atomonly
      stencil: full/bin/3d
      bin: standard
Per MPI rank memory allocation (min/avg/max) = 3.064 | 3.064 | 3.064 Mbytes
   Step          Temp          E_pair         E_mol          TotEng         Press     
WARNING: Too many warnings: 248 vs 100. All future warnings will be suppressed (src/thermo.cpp:478)
         0   0             -275.59733      0             -275.59733     -5951.0143    
Loop time of 1.04e-06 on 1 procs for 0 steps with 64 atoms

0.0% CPU use with 1 MPI tasks x 1 OpenMP threads

MPI task timing breakdown:
Section |  min time  |  avg time  |  max time  |%varavg| %total
---------------------------------------------------------------
Pair    | 0          | 0          | 0          |   0.0 |  0.00
Neigh   | 0          | 0          | 0          |   0.0 |  0.00
Comm    | 0          | 0          | 0          |   0.0 |  0.00
Output  | 0          | 0          | 0          |   0.0 |  0.00
Modify  | 0          | 0          | 0          |   0.0 |  0.00
Other   |            | 1.04e-06   |            |       |100.00

Nlocal:             64 ave          64 max          64 min
Histogram: 1 0 0 0 0 0 0 0 0 0
Nghost:            557 ave         557 max         557 min
Histogram: 1 0 0 0 0 0 0 0 0 0
Neighs:              0 ave           0 max           0 min
Histogram: 1 0 0 0 0 0 0 0 0 0
FullNghs:         2182 ave        2182 max        2182 min
Histogram: 1 0 0 0 0 0 0 0 0 0

Total # of neighbors = 2182
Ave neighs/atom = 34.09375
Neighbor list builds = 0
Dangerous builds = 0
next i
jump SELF loop_struct
clear
  using 1 OpenMP thread(s) per MPI task
log energies.log append
units metal
boundary p p p
atom_style atomic
read_data Si222_${i}.in
read_data Si222_249.in
Reading data file ...
  orthogonal box = (0 0 0) to (10.887404 10.887404 10.887404)
  1 by 1 by 1 MPI processor grid
  reading atoms ...
  64 atoms
  reading velocities ...
  64 velocities
  read_data CPU = 0.001 seconds
mass 1 28.085
pair_style sw
pair_coeff * * Si.sw Si
Reading sw potential file Si.sw with DATE: 2007-06-11
run 0
Neighbor list info ...
  update: every = 1 steps, delay = 0 steps, check = yes
  max neighbors/atom: 2000, page size: 100000
  master list distance cutoff = 5.77118
  ghost atom cutoff = 5.77118
  binsize = 2.88559, bins = 4 4 4
  1 neighbor lists, perpetual/occasional/extra = 1 0 0
  (1) pair sw, perpetual
      attributes: full, newton on
      pair build: full/bin/atomonly
      stencil: full/bin/3d
      bin: standard
Per MPI rank memory allocation (min/avg/max) = 3.064 | 3.064 | 3.064 Mbytes
   Step          Temp          E_pair         E_mol          TotEng         Press     
WARNING: Too many warnings: 249 vs 100. All future warnings will be suppressed (src/thermo.cpp:478)
         0   0             -275.88898      0             -275.88898     -5964.8221    
Loop time of 1.04e-06 on 1 procs for 0 steps with 64 atoms

0.0% CPU use with 1 MPI tasks x 1 OpenMP threads

MPI task timing breakdown:
Section |  min time  |  avg time  |  max time  |%varavg| %total
---------------------------------------------------------------
Pair    | 0          | 0          | 0          |   0.0 |  0.00
Neigh   | 0          | 0          | 0          |   0.0 |  0.00
Comm    | 0          | 0          | 0          |   0.0 |  0.00
Output  | 0          | 0          | 0          |   0.0 |  0.00
Modify  | 0          | 0          | 0          |   0.0 |  0.00
Other   |            | 1.04e-06   |            |       |100.00

Nlocal:             64 ave          64 max          64 min
Histogram: 1 0 0 0 0 0 0 0 0 0
Nghost:            557 ave         557 max         557 min
Histogram: 1 0 0 0 0 0 0 0 0 0
Neighs:              0 ave           0 max           0 min
Histogram: 1 0 0 0 0 0 0 0 0 0
FullNghs:         2180 ave        2180 max        2180 min
Histogram: 1 0 0 0 0 0 0 0 0 0

Total # of neighbors = 2180
Ave neighs/atom = 34.0625
Neighbor list builds = 0
Dangerous builds = 0
next i
jump SELF loop_struct
clear
  using 1 OpenMP thread(s) per MPI task
log energies.log append
units metal
boundary p p p
atom_style atomic
read_data Si222_${i}.in
read_data Si222_250.in
Reading data file ...
  orthogonal box = (0 0 0) to (10.887404 10.887404 10.887404)
  1 by 1 by 1 MPI processor grid
  reading atoms ...
  64 atoms
  reading velocities ...
  64 velocities
  read_data CPU = 0.001 seconds
mass 1 28.085
pair_style sw
pair_coeff * * Si.sw Si
Reading sw potential file Si.sw with DATE: 2007-06-11
run 0
Neighbor list info ...
  update: every = 1 steps, delay = 0 steps, check = yes
  max neighbors/atom: 2000, page size: 100000
  master list distance cutoff = 5.77118
  ghost atom cutoff = 5.77118
  binsize = 2.88559, bins = 4 4 4
  1 neighbor lists, perpetual/occasional/extra = 1 0 0
  (1) pair sw, perpetual
      attributes: full, newton on
      pair build: full/bin/atomonly
      stencil: full/bin/3d
      bin: standard
Per MPI rank memory allocation (min/avg/max) = 3.063 | 3.063 | 3.063 Mbytes
   Step          Temp          E_pair         E_mol          TotEng         Press     
WARNING: Too many warnings: 250 vs 100. All future warnings will be suppressed (src/thermo.cpp:478)
         0   0             -238.95575      0             -238.95575      55139.455    
Loop time of 1.04e-06 on 1 procs for 0 steps with 64 atoms

0.0% CPU use with 1 MPI tasks x 1 OpenMP threads

MPI task timing breakdown:
Section |  min time  |  avg time  |  max time  |%varavg| %total
---------------------------------------------------------------
Pair    | 0          | 0          | 0          |   0.0 |  0.00
Neigh   | 0          | 0          | 0          |   0.0 |  0.00
Comm    | 0          | 0          | 0          |   0.0 |  0.00
Output  | 0          | 0          | 0          |   0.0 |  0.00
Modify  | 0          | 0          | 0          |   0.0 |  0.00
Other   |            | 1.04e-06   |            |       |100.00

Nlocal:             64 ave          64 max          64 min
Histogram: 1 0 0 0 0 0 0 0 0 0
Nghost:            481 ave         481 max         481 min
Histogram: 1 0 0 0 0 0 0 0 0 0
Neighs:              0 ave           0 max           0 min
Histogram: 1 0 0 0 0 0 0 0 0 0
FullNghs:         2290 ave        2290 max        2290 min
Histogram: 1 0 0 0 0 0 0 0 0 0

Total # of neighbors = 2290
Ave neighs/atom = 35.78125
Neighbor list builds = 0
Dangerous builds = 0
next i
jump SELF loop_struct
clear
  using 1 OpenMP thread(s) per MPI task
log energies.log append
units metal
boundary p p p
atom_style atomic
read_data Si222_${i}.in
read_data Si222_251.in
Reading data file ...
  orthogonal box = (0 0 0) to (10.887404 10.887404 10.887404)
  1 by 1 by 1 MPI processor grid
  reading atoms ...
  64 atoms
  reading velocities ...
  64 velocities
  read_data CPU = 0.001 seconds
mass 1 28.085
pair_style sw
pair_coeff * * Si.sw Si
Reading sw potential file Si.sw with DATE: 2007-06-11
run 0
Neighbor list info ...
  update: every = 1 steps, delay = 0 steps, check = yes
  max neighbors/atom: 2000, page size: 100000
  master list distance cutoff = 5.77118
  ghost atom cutoff = 5.77118
  binsize = 2.88559, bins = 4 4 4
  1 neighbor lists, perpetual/occasional/extra = 1 0 0
  (1) pair sw, perpetual
      attributes: full, newton on
      pair build: full/bin/atomonly
      stencil: full/bin/3d
      bin: standard
Per MPI rank memory allocation (min/avg/max) = 3.072 | 3.072 | 3.072 Mbytes
   Step          Temp          E_pair         E_mol          TotEng         Press     
WARNING: Too many warnings: 251 vs 100. All future warnings will be suppressed (src/thermo.cpp:478)
         0   0             -275.588        0             -275.588       -5799.1285    
Loop time of 1.07e-06 on 1 procs for 0 steps with 64 atoms

0.0% CPU use with 1 MPI tasks x 1 OpenMP threads

MPI task timing breakdown:
Section |  min time  |  avg time  |  max time  |%varavg| %total
---------------------------------------------------------------
Pair    | 0          | 0          | 0          |   0.0 |  0.00
Neigh   | 0          | 0          | 0          |   0.0 |  0.00
Comm    | 0          | 0          | 0          |   0.0 |  0.00
Output  | 0          | 0          | 0          |   0.0 |  0.00
Modify  | 0          | 0          | 0          |   0.0 |  0.00
Other   |            | 1.07e-06   |            |       |100.00

Nlocal:             64 ave          64 max          64 min
Histogram: 1 0 0 0 0 0 0 0 0 0
Nghost:            557 ave         557 max         557 min
Histogram: 1 0 0 0 0 0 0 0 0 0
Neighs:              0 ave           0 max           0 min
Histogram: 1 0 0 0 0 0 0 0 0 0
FullNghs:         2182 ave        2182 max        2182 min
Histogram: 1 0 0 0 0 0 0 0 0 0

Total # of neighbors = 2182
Ave neighs/atom = 34.09375
Neighbor list builds = 0
Dangerous builds = 0
next i
jump SELF loop_struct
clear
  using 1 OpenMP thread(s) per MPI task
log energies.log append
units metal
boundary p p p
atom_style atomic
read_data Si222_${i}.in
read_data Si222_252.in
Reading data file ...
  orthogonal box = (0 0 0) to (10.887404 10.887404 10.887404)
  1 by 1 by 1 MPI processor grid
  reading atoms ...
  64 atoms
  reading velocities ...
  64 velocities
  read_data CPU = 0.001 seconds
mass 1 28.085
pair_style sw
pair_coeff * * Si.sw Si
Reading sw potential file Si.sw with DATE: 2007-06-11
run 0
Neighbor list info ...
  update: every = 1 steps, delay = 0 steps, check = yes
  max neighbors/atom: 2000, page size: 100000
  master list distance cutoff = 5.77118
  ghost atom cutoff = 5.77118
  binsize = 2.88559, bins = 4 4 4
  1 neighbor lists, perpetual/occasional/extra = 1 0 0
  (1) pair sw, perpetual
      attributes: full, newton on
      pair build: full/bin/atomonly
      stencil: full/bin/3d
      bin: standard
Per MPI rank memory allocation (min/avg/max) = 3.073 | 3.073 | 3.073 Mbytes
   Step          Temp          E_pair         E_mol          TotEng         Press     
WARNING: Too many warnings: 252 vs 100. All future warnings will be suppressed (src/thermo.cpp:478)
         0   0             -256.07005      0             -256.07005      40245.353    
Loop time of 1.06e-06 on 1 procs for 0 steps with 64 atoms

94.3% CPU use with 1 MPI tasks x 1 OpenMP threads

MPI task timing breakdown:
Section |  min time  |  avg time  |  max time  |%varavg| %total
---------------------------------------------------------------
Pair    | 0          | 0          | 0          |   0.0 |  0.00
Neigh   | 0          | 0          | 0          |   0.0 |  0.00
Comm    | 0          | 0          | 0          |   0.0 |  0.00
Output  | 0          | 0          | 0          |   0.0 |  0.00
Modify  | 0          | 0          | 0          |   0.0 |  0.00
Other   |            | 1.06e-06   |            |       |100.00

Nlocal:             64 ave          64 max          64 min
Histogram: 1 0 0 0 0 0 0 0 0 0
Nghost:            557 ave         557 max         557 min
Histogram: 1 0 0 0 0 0 0 0 0 0
Neighs:              0 ave           0 max           0 min
Histogram: 1 0 0 0 0 0 0 0 0 0
FullNghs:         2258 ave        2258 max        2258 min
Histogram: 1 0 0 0 0 0 0 0 0 0

Total # of neighbors = 2258
Ave neighs/atom = 35.28125
Neighbor list builds = 0
Dangerous builds = 0
next i
jump SELF loop_struct
clear
  using 1 OpenMP thread(s) per MPI task
log energies.log append
units metal
boundary p p p
atom_style atomic
read_data Si222_${i}.in
read_data Si222_253.in
Reading data file ...
  orthogonal box = (0 0 0) to (10.887404 10.887404 10.887404)
  1 by 1 by 1 MPI processor grid
  reading atoms ...
  64 atoms
  reading velocities ...
  64 velocities
  read_data CPU = 0.001 seconds
mass 1 28.085
pair_style sw
pair_coeff * * Si.sw Si
Reading sw potential file Si.sw with DATE: 2007-06-11
run 0
Neighbor list info ...
  update: every = 1 steps, delay = 0 steps, check = yes
  max neighbors/atom: 2000, page size: 100000
  master list distance cutoff = 5.77118
  ghost atom cutoff = 5.77118
  binsize = 2.88559, bins = 4 4 4
  1 neighbor lists, perpetual/occasional/extra = 1 0 0
  (1) pair sw, perpetual
      attributes: full, newton on
      pair build: full/bin/atomonly
      stencil: full/bin/3d
      bin: standard
Per MPI rank memory allocation (min/avg/max) = 3.073 | 3.073 | 3.073 Mbytes
   Step          Temp          E_pair         E_mol          TotEng         Press     
WARNING: Too many warnings: 253 vs 100. All future warnings will be suppressed (src/thermo.cpp:478)
         0   0             -252.38254      0             -252.38254      49060.221    
Loop time of 1.05e-06 on 1 procs for 0 steps with 64 atoms

95.2% CPU use with 1 MPI tasks x 1 OpenMP threads

MPI task timing breakdown:
Section |  min time  |  avg time  |  max time  |%varavg| %total
---------------------------------------------------------------
Pair    | 0          | 0          | 0          |   0.0 |  0.00
Neigh   | 0          | 0          | 0          |   0.0 |  0.00
Comm    | 0          | 0          | 0          |   0.0 |  0.00
Output  | 0          | 0          | 0          |   0.0 |  0.00
Modify  | 0          | 0          | 0          |   0.0 |  0.00
Other   |            | 1.05e-06   |            |       |100.00

Nlocal:             64 ave          64 max          64 min
Histogram: 1 0 0 0 0 0 0 0 0 0
Nghost:            557 ave         557 max         557 min
Histogram: 1 0 0 0 0 0 0 0 0 0
Neighs:              0 ave           0 max           0 min
Histogram: 1 0 0 0 0 0 0 0 0 0
FullNghs:         2270 ave        2270 max        2270 min
Histogram: 1 0 0 0 0 0 0 0 0 0

Total # of neighbors = 2270
Ave neighs/atom = 35.46875
Neighbor list builds = 0
Dangerous builds = 0
next i
jump SELF loop_struct
clear
  using 1 OpenMP thread(s) per MPI task
log energies.log append
units metal
boundary p p p
atom_style atomic
read_data Si222_${i}.in
read_data Si222_254.in
Reading data file ...
  orthogonal box = (0 0 0) to (10.887404 10.887404 10.887404)
  1 by 1 by 1 MPI processor grid
  reading atoms ...
  64 atoms
  reading velocities ...
  64 velocities
  read_data CPU = 0.001 seconds
mass 1 28.085
pair_style sw
pair_coeff * * Si.sw Si
Reading sw potential file Si.sw with DATE: 2007-06-11
run 0
Neighbor list info ...
  update: every = 1 steps, delay = 0 steps, check = yes
  max neighbors/atom: 2000, page size: 100000
  master list distance cutoff = 5.77118
  ghost atom cutoff = 5.77118
  binsize = 2.88559, bins = 4 4 4
  1 neighbor lists, perpetual/occasional/extra = 1 0 0
  (1) pair sw, perpetual
      attributes: full, newton on
      pair build: full/bin/atomonly
      stencil: full/bin/3d
      bin: standard
Per MPI rank memory allocation (min/avg/max) = 3.072 | 3.072 | 3.072 Mbytes
   Step          Temp          E_pair         E_mol          TotEng         Press     
WARNING: Too many warnings: 254 vs 100. All future warnings will be suppressed (src/thermo.cpp:478)
         0   0             -275.64868      0             -275.64868     -6094.7617    
Loop time of 1.04e-06 on 1 procs for 0 steps with 64 atoms

0.0% CPU use with 1 MPI tasks x 1 OpenMP threads

MPI task timing breakdown:
Section |  min time  |  avg time  |  max time  |%varavg| %total
---------------------------------------------------------------
Pair    | 0          | 0          | 0          |   0.0 |  0.00
Neigh   | 0          | 0          | 0          |   0.0 |  0.00
Comm    | 0          | 0          | 0          |   0.0 |  0.00
Output  | 0          | 0          | 0          |   0.0 |  0.00
Modify  | 0          | 0          | 0          |   0.0 |  0.00
Other   |            | 1.04e-06   |            |       |100.00

Nlocal:             64 ave          64 max          64 min
Histogram: 1 0 0 0 0 0 0 0 0 0
Nghost:            557 ave         557 max         557 min
Histogram: 1 0 0 0 0 0 0 0 0 0
Neighs:              0 ave           0 max           0 min
Histogram: 1 0 0 0 0 0 0 0 0 0
FullNghs:         2188 ave        2188 max        2188 min
Histogram: 1 0 0 0 0 0 0 0 0 0

Total # of neighbors = 2188
Ave neighs/atom = 34.1875
Neighbor list builds = 0
Dangerous builds = 0
next i
jump SELF loop_struct
clear
  using 1 OpenMP thread(s) per MPI task
log energies.log append
units metal
boundary p p p
atom_style atomic
read_data Si222_${i}.in
read_data Si222_255.in
Reading data file ...
  orthogonal box = (0 0 0) to (10.887404 10.887404 10.887404)
  1 by 1 by 1 MPI processor grid
  reading atoms ...
  64 atoms
  reading velocities ...
  64 velocities
  read_data CPU = 0.001 seconds
mass 1 28.085
pair_style sw
pair_coeff * * Si.sw Si
Reading sw potential file Si.sw with DATE: 2007-06-11
run 0
Neighbor list info ...
  update: every = 1 steps, delay = 0 steps, check = yes
  max neighbors/atom: 2000, page size: 100000
  master list distance cutoff = 5.77118
  ghost atom cutoff = 5.77118
  binsize = 2.88559, bins = 4 4 4
  1 neighbor lists, perpetual/occasional/extra = 1 0 0
  (1) pair sw, perpetual
      attributes: full, newton on
      pair build: full/bin/atomonly
      stencil: full/bin/3d
      bin: standard
Per MPI rank memory allocation (min/avg/max) = 3.072 | 3.072 | 3.072 Mbytes
   Step          Temp          E_pair         E_mol          TotEng         Press     
WARNING: Too many warnings: 255 vs 100. All future warnings will be suppressed (src/thermo.cpp:478)
         0   0             -275.64213      0             -275.64213     -6015.524     
Loop time of 1.04e-06 on 1 procs for 0 steps with 64 atoms

96.2% CPU use with 1 MPI tasks x 1 OpenMP threads

MPI task timing breakdown:
Section |  min time  |  avg time  |  max time  |%varavg| %total
---------------------------------------------------------------
Pair    | 0          | 0          | 0          |   0.0 |  0.00
Neigh   | 0          | 0          | 0          |   0.0 |  0.00
Comm    | 0          | 0          | 0          |   0.0 |  0.00
Output  | 0          | 0          | 0          |   0.0 |  0.00
Modify  | 0          | 0          | 0          |   0.0 |  0.00
Other   |            | 1.04e-06   |            |       |100.00

Nlocal:             64 ave          64 max          64 min
Histogram: 1 0 0 0 0 0 0 0 0 0
Nghost:            557 ave         557 max         557 min
Histogram: 1 0 0 0 0 0 0 0 0 0
Neighs:              0 ave           0 max           0 min
Histogram: 1 0 0 0 0 0 0 0 0 0
FullNghs:         2180 ave        2180 max        2180 min
Histogram: 1 0 0 0 0 0 0 0 0 0

Total # of neighbors = 2180
Ave neighs/atom = 34.0625
Neighbor list builds = 0
Dangerous builds = 0
next i
jump SELF loop_struct
clear
  using 1 OpenMP thread(s) per MPI task
log energies.log append
units metal
boundary p p p
atom_style atomic
read_data Si222_${i}.in
read_data Si222_256.in
Reading data file ...
  orthogonal box = (0 0 0) to (10.887404 10.887404 10.887404)
  1 by 1 by 1 MPI processor grid
  reading atoms ...
  64 atoms
  reading velocities ...
  64 velocities
  read_data CPU = 0.001 seconds
mass 1 28.085
pair_style sw
pair_coeff * * Si.sw Si
Reading sw potential file Si.sw with DATE: 2007-06-11
run 0
Neighbor list info ...
  update: every = 1 steps, delay = 0 steps, check = yes
  max neighbors/atom: 2000, page size: 100000
  master list distance cutoff = 5.77118
  ghost atom cutoff = 5.77118
  binsize = 2.88559, bins = 4 4 4
  1 neighbor lists, perpetual/occasional/extra = 1 0 0
  (1) pair sw, perpetual
      attributes: full, newton on
      pair build: full/bin/atomonly
      stencil: full/bin/3d
      bin: standard
Per MPI rank memory allocation (min/avg/max) = 3.072 | 3.072 | 3.072 Mbytes
   Step          Temp          E_pair         E_mol          TotEng         Press     
WARNING: Too many warnings: 256 vs 100. All future warnings will be suppressed (src/thermo.cpp:478)
         0   0             -256.29758      0             -256.29758      36590.691    
Loop time of 1.15e-06 on 1 procs for 0 steps with 64 atoms

0.0% CPU use with 1 MPI tasks x 1 OpenMP threads

MPI task timing breakdown:
Section |  min time  |  avg time  |  max time  |%varavg| %total
---------------------------------------------------------------
Pair    | 0          | 0          | 0          |   0.0 |  0.00
Neigh   | 0          | 0          | 0          |   0.0 |  0.00
Comm    | 0          | 0          | 0          |   0.0 |  0.00
Output  | 0          | 0          | 0          |   0.0 |  0.00
Modify  | 0          | 0          | 0          |   0.0 |  0.00
Other   |            | 1.15e-06   |            |       |100.00

Nlocal:             64 ave          64 max          64 min
Histogram: 1 0 0 0 0 0 0 0 0 0
Nghost:            549 ave         549 max         549 min
Histogram: 1 0 0 0 0 0 0 0 0 0
Neighs:              0 ave           0 max           0 min
Histogram: 1 0 0 0 0 0 0 0 0 0
FullNghs:         2270 ave        2270 max        2270 min
Histogram: 1 0 0 0 0 0 0 0 0 0

Total # of neighbors = 2270
Ave neighs/atom = 35.46875
Neighbor list builds = 0
Dangerous builds = 0
next i
jump SELF loop_struct
Total wall time: 0:00:00
