units metal
boundary p p p
atom_style atomic
read_data Si222_${i}.in
read_data Si222_1.in
Reading data file ...
  orthogonal box = (0 0 0) to (10.887404 10.887404 10.887404)
  1 by 1 by 1 MPI processor grid
  reading atoms ...
  64 atoms
  reading velocities ...
  64 velocities
  read_data CPU = 0.002 seconds
mass 1 28.085
pair_style sw
pair_coeff * * Si.sw Si
Reading sw potential file Si.sw with DATE: 2007-06-11
run 0

CITE-CITE-CITE-CITE-CITE-CITE-CITE-CITE-CITE-CITE-CITE-CITE-CITE

Your simulation uses code contributions which should be cited:

- Type Label Framework: https://doi.org/10.1021/acs.jpcb.3c08419

@Article{Gissinger24,
 author = {Jacob R. Gissinger, Ilia Nikiforov, Yaser Afshar, Brendon Waters, Moon-ki Choi, Daniel S. Karls, Alexander Stukowski, Wonpil Im, Hendrik Heinz, Axel Kohlmeyer, and Ellad B. Tadmor},
 title = {Type Label Framework for Bonded Force Fields in LAMMPS},
 journal = {J. Phys. Chem. B},
 year =    2024,
 volume =  128,
 number =  13,
 pages =   {3282–-3297}
}

CITE-CITE-CITE-CITE-CITE-CITE-CITE-CITE-CITE-CITE-CITE-CITE-CITE

WARNING: No fixes with time integration, atoms won't move (src/verlet.cpp:60)
Neighbor list info ...
  update: every = 1 steps, delay = 0 steps, check = yes
  max neighbors/atom: 2000, page size: 100000
  master list distance cutoff = 5.77118
  ghost atom cutoff = 5.77118
  binsize = 2.88559, bins = 4 4 4
  1 neighbor lists, perpetual/occasional/extra = 1 0 0
  (1) pair sw, perpetual
      attributes: full, newton on
      pair build: full/bin/atomonly
      stencil: full/bin/3d
      bin: standard
Per MPI rank memory allocation (min/avg/max) = 3.072 | 3.072 | 3.072 Mbytes
   Step          Temp          E_pair         E_mol          TotEng         Press     
         0   0             -275.40806      0             -275.40806     -6046.6424    
Loop time of 1.47e-06 on 1 procs for 0 steps with 64 atoms

68.0% CPU use with 1 MPI tasks x 1 OpenMP threads

MPI task timing breakdown:
Section |  min time  |  avg time  |  max time  |%varavg| %total
---------------------------------------------------------------
Pair    | 0          | 0          | 0          |   0.0 |  0.00
Neigh   | 0          | 0          | 0          |   0.0 |  0.00
Comm    | 0          | 0          | 0          |   0.0 |  0.00
Output  | 0          | 0          | 0          |   0.0 |  0.00
Modify  | 0          | 0          | 0          |   0.0 |  0.00
Other   |            | 1.47e-06   |            |       |100.00

Nlocal:             64 ave          64 max          64 min
Histogram: 1 0 0 0 0 0 0 0 0 0
Nghost:            536 ave         536 max         536 min
Histogram: 1 0 0 0 0 0 0 0 0 0
Neighs:              0 ave           0 max           0 min
Histogram: 1 0 0 0 0 0 0 0 0 0
FullNghs:         2192 ave        2192 max        2192 min
Histogram: 1 0 0 0 0 0 0 0 0 0

Total # of neighbors = 2192
Ave neighs/atom = 34.25
Neighbor list builds = 0
Dangerous builds = 0
next i
jump SELF loop_struct
clear
  using 1 OpenMP thread(s) per MPI task
log energies.log append
units metal
boundary p p p
atom_style atomic
read_data Si222_${i}.in
read_data Si222_2.in
Reading data file ...
  orthogonal box = (0 0 0) to (10.887404 10.887404 10.887404)
  1 by 1 by 1 MPI processor grid
  reading atoms ...
  64 atoms
  reading velocities ...
  64 velocities
  read_data CPU = 0.001 seconds
mass 1 28.085
pair_style sw
pair_coeff * * Si.sw Si
Reading sw potential file Si.sw with DATE: 2007-06-11
run 0
WARNING: No fixes with time integration, atoms won't move (src/verlet.cpp:60)
Neighbor list info ...
  update: every = 1 steps, delay = 0 steps, check = yes
  max neighbors/atom: 2000, page size: 100000
  master list distance cutoff = 5.77118
  ghost atom cutoff = 5.77118
  binsize = 2.88559, bins = 4 4 4
  1 neighbor lists, perpetual/occasional/extra = 1 0 0
  (1) pair sw, perpetual
      attributes: full, newton on
      pair build: full/bin/atomonly
      stencil: full/bin/3d
      bin: standard
Per MPI rank memory allocation (min/avg/max) = 3.064 | 3.064 | 3.064 Mbytes
   Step          Temp          E_pair         E_mol          TotEng         Press     
         0   0             -275.60731      0             -275.60731     -5545.7122    
Loop time of 1e-06 on 1 procs for 0 steps with 64 atoms

0.0% CPU use with 1 MPI tasks x 1 OpenMP threads

MPI task timing breakdown:
Section |  min time  |  avg time  |  max time  |%varavg| %total
---------------------------------------------------------------
Pair    | 0          | 0          | 0          |   0.0 |  0.00
Neigh   | 0          | 0          | 0          |   0.0 |  0.00
Comm    | 0          | 0          | 0          |   0.0 |  0.00
Output  | 0          | 0          | 0          |   0.0 |  0.00
Modify  | 0          | 0          | 0          |   0.0 |  0.00
Other   |            | 1e-06      |            |       |100.00

Nlocal:             64 ave          64 max          64 min
Histogram: 1 0 0 0 0 0 0 0 0 0
Nghost:            548 ave         548 max         548 min
Histogram: 1 0 0 0 0 0 0 0 0 0
Neighs:              0 ave           0 max           0 min
Histogram: 1 0 0 0 0 0 0 0 0 0
FullNghs:         2178 ave        2178 max        2178 min
Histogram: 1 0 0 0 0 0 0 0 0 0

Total # of neighbors = 2178
Ave neighs/atom = 34.03125
Neighbor list builds = 0
Dangerous builds = 0
next i
jump SELF loop_struct
clear
  using 1 OpenMP thread(s) per MPI task
log energies.log append
units metal
boundary p p p
atom_style atomic
read_data Si222_${i}.in
read_data Si222_3.in
Reading data file ...
  orthogonal box = (0 0 0) to (10.887404 10.887404 10.887404)
  1 by 1 by 1 MPI processor grid
  reading atoms ...
  64 atoms
  reading velocities ...
  64 velocities
  read_data CPU = 0.001 seconds
mass 1 28.085
pair_style sw
pair_coeff * * Si.sw Si
Reading sw potential file Si.sw with DATE: 2007-06-11
run 0
WARNING: No fixes with time integration, atoms won't move (src/verlet.cpp:60)
Neighbor list info ...
  update: every = 1 steps, delay = 0 steps, check = yes
  max neighbors/atom: 2000, page size: 100000
  master list distance cutoff = 5.77118
  ghost atom cutoff = 5.77118
  binsize = 2.88559, bins = 4 4 4
  1 neighbor lists, perpetual/occasional/extra = 1 0 0
  (1) pair sw, perpetual
      attributes: full, newton on
      pair build: full/bin/atomonly
      stencil: full/bin/3d
      bin: standard
Per MPI rank memory allocation (min/avg/max) = 3.063 | 3.063 | 3.063 Mbytes
   Step          Temp          E_pair         E_mol          TotEng         Press     
         0   0             -275.61261      0             -275.61261     -6412.753     
Loop time of 1.06e-06 on 1 procs for 0 steps with 64 atoms

0.0% CPU use with 1 MPI tasks x 1 OpenMP threads

MPI task timing breakdown:
Section |  min time  |  avg time  |  max time  |%varavg| %total
---------------------------------------------------------------
Pair    | 0          | 0          | 0          |   0.0 |  0.00
Neigh   | 0          | 0          | 0          |   0.0 |  0.00
Comm    | 0          | 0          | 0          |   0.0 |  0.00
Output  | 0          | 0          | 0          |   0.0 |  0.00
Modify  | 0          | 0          | 0          |   0.0 |  0.00
Other   |            | 1.06e-06   |            |       |100.00

Nlocal:             64 ave          64 max          64 min
Histogram: 1 0 0 0 0 0 0 0 0 0
Nghost:            480 ave         480 max         480 min
Histogram: 1 0 0 0 0 0 0 0 0 0
Neighs:              0 ave           0 max           0 min
Histogram: 1 0 0 0 0 0 0 0 0 0
FullNghs:         2190 ave        2190 max        2190 min
Histogram: 1 0 0 0 0 0 0 0 0 0

Total # of neighbors = 2190
Ave neighs/atom = 34.21875
Neighbor list builds = 0
Dangerous builds = 0
next i
jump SELF loop_struct
clear
  using 1 OpenMP thread(s) per MPI task
log energies.log append
units metal
boundary p p p
atom_style atomic
read_data Si222_${i}.in
read_data Si222_4.in
Reading data file ...
  orthogonal box = (0 0 0) to (10.887404 10.887404 10.887404)
  1 by 1 by 1 MPI processor grid
  reading atoms ...
  64 atoms
  reading velocities ...
  64 velocities
  read_data CPU = 0.001 seconds
mass 1 28.085
pair_style sw
pair_coeff * * Si.sw Si
Reading sw potential file Si.sw with DATE: 2007-06-11
run 0
WARNING: No fixes with time integration, atoms won't move (src/verlet.cpp:60)
Neighbor list info ...
  update: every = 1 steps, delay = 0 steps, check = yes
  max neighbors/atom: 2000, page size: 100000
  master list distance cutoff = 5.77118
  ghost atom cutoff = 5.77118
  binsize = 2.88559, bins = 4 4 4
  1 neighbor lists, perpetual/occasional/extra = 1 0 0
  (1) pair sw, perpetual
      attributes: full, newton on
      pair build: full/bin/atomonly
      stencil: full/bin/3d
      bin: standard
Per MPI rank memory allocation (min/avg/max) = 3.063 | 3.063 | 3.063 Mbytes
   Step          Temp          E_pair         E_mol          TotEng         Press     
         0   0             -275.69189      0             -275.69189     -5683.1862    
Loop time of 2.64e-06 on 1 procs for 0 steps with 64 atoms

37.9% CPU use with 1 MPI tasks x 1 OpenMP threads

MPI task timing breakdown:
Section |  min time  |  avg time  |  max time  |%varavg| %total
---------------------------------------------------------------
Pair    | 0          | 0          | 0          |   0.0 |  0.00
Neigh   | 0          | 0          | 0          |   0.0 |  0.00
Comm    | 0          | 0          | 0          |   0.0 |  0.00
Output  | 0          | 0          | 0          |   0.0 |  0.00
Modify  | 0          | 0          | 0          |   0.0 |  0.00
Other   |            | 2.64e-06   |            |       |100.00

Nlocal:             64 ave          64 max          64 min
Histogram: 1 0 0 0 0 0 0 0 0 0
Nghost:            516 ave         516 max         516 min
Histogram: 1 0 0 0 0 0 0 0 0 0
Neighs:              0 ave           0 max           0 min
Histogram: 1 0 0 0 0 0 0 0 0 0
FullNghs:         2178 ave        2178 max        2178 min
Histogram: 1 0 0 0 0 0 0 0 0 0

Total # of neighbors = 2178
Ave neighs/atom = 34.03125
Neighbor list builds = 0
Dangerous builds = 0
next i
jump SELF loop_struct
clear
  using 1 OpenMP thread(s) per MPI task
log energies.log append
units metal
boundary p p p
atom_style atomic
read_data Si222_${i}.in
read_data Si222_5.in
Reading data file ...
  orthogonal box = (0 0 0) to (10.887404 10.887404 10.887404)
  1 by 1 by 1 MPI processor grid
  reading atoms ...
  64 atoms
  reading velocities ...
  64 velocities
  read_data CPU = 0.001 seconds
mass 1 28.085
pair_style sw
pair_coeff * * Si.sw Si
Reading sw potential file Si.sw with DATE: 2007-06-11
run 0
WARNING: No fixes with time integration, atoms won't move (src/verlet.cpp:60)
Neighbor list info ...
  update: every = 1 steps, delay = 0 steps, check = yes
  max neighbors/atom: 2000, page size: 100000
  master list distance cutoff = 5.77118
  ghost atom cutoff = 5.77118
  binsize = 2.88559, bins = 4 4 4
  1 neighbor lists, perpetual/occasional/extra = 1 0 0
  (1) pair sw, perpetual
      attributes: full, newton on
      pair build: full/bin/atomonly
      stencil: full/bin/3d
      bin: standard
Per MPI rank memory allocation (min/avg/max) = 3.063 | 3.063 | 3.063 Mbytes
   Step          Temp          E_pair         E_mol          TotEng         Press     
         0   0             -275.6024       0             -275.6024      -5753.5387    
Loop time of 1.05e-06 on 1 procs for 0 steps with 64 atoms

95.2% CPU use with 1 MPI tasks x 1 OpenMP threads

MPI task timing breakdown:
Section |  min time  |  avg time  |  max time  |%varavg| %total
---------------------------------------------------------------
Pair    | 0          | 0          | 0          |   0.0 |  0.00
Neigh   | 0          | 0          | 0          |   0.0 |  0.00
Comm    | 0          | 0          | 0          |   0.0 |  0.00
Output  | 0          | 0          | 0          |   0.0 |  0.00
Modify  | 0          | 0          | 0          |   0.0 |  0.00
Other   |            | 1.05e-06   |            |       |100.00

Nlocal:             64 ave          64 max          64 min
Histogram: 1 0 0 0 0 0 0 0 0 0
Nghost:            448 ave         448 max         448 min
Histogram: 1 0 0 0 0 0 0 0 0 0
Neighs:              0 ave           0 max           0 min
Histogram: 1 0 0 0 0 0 0 0 0 0
FullNghs:         2182 ave        2182 max        2182 min
Histogram: 1 0 0 0 0 0 0 0 0 0

Total # of neighbors = 2182
Ave neighs/atom = 34.09375
Neighbor list builds = 0
Dangerous builds = 0
next i
jump SELF loop_struct
clear
  using 1 OpenMP thread(s) per MPI task
log energies.log append
units metal
boundary p p p
atom_style atomic
read_data Si222_${i}.in
read_data Si222_6.in
Reading data file ...
  orthogonal box = (0 0 0) to (10.887404 10.887404 10.887404)
  1 by 1 by 1 MPI processor grid
  reading atoms ...
  64 atoms
  reading velocities ...
  64 velocities
  read_data CPU = 0.001 seconds
mass 1 28.085
pair_style sw
pair_coeff * * Si.sw Si
Reading sw potential file Si.sw with DATE: 2007-06-11
run 0
WARNING: No fixes with time integration, atoms won't move (src/verlet.cpp:60)
Neighbor list info ...
  update: every = 1 steps, delay = 0 steps, check = yes
  max neighbors/atom: 2000, page size: 100000
  master list distance cutoff = 5.77118
  ghost atom cutoff = 5.77118
  binsize = 2.88559, bins = 4 4 4
  1 neighbor lists, perpetual/occasional/extra = 1 0 0
  (1) pair sw, perpetual
      attributes: full, newton on
      pair build: full/bin/atomonly
      stencil: full/bin/3d
      bin: standard
Per MPI rank memory allocation (min/avg/max) = 3.063 | 3.063 | 3.063 Mbytes
   Step          Temp          E_pair         E_mol          TotEng         Press     
         0   0             -275.81539      0             -275.81539     -6305.103     
Loop time of 1.02e-06 on 1 procs for 0 steps with 64 atoms

0.0% CPU use with 1 MPI tasks x 1 OpenMP threads

MPI task timing breakdown:
Section |  min time  |  avg time  |  max time  |%varavg| %total
---------------------------------------------------------------
Pair    | 0          | 0          | 0          |   0.0 |  0.00
Neigh   | 0          | 0          | 0          |   0.0 |  0.00
Comm    | 0          | 0          | 0          |   0.0 |  0.00
Output  | 0          | 0          | 0          |   0.0 |  0.00
Modify  | 0          | 0          | 0          |   0.0 |  0.00
Other   |            | 1.02e-06   |            |       |100.00

Nlocal:             64 ave          64 max          64 min
Histogram: 1 0 0 0 0 0 0 0 0 0
Nghost:            492 ave         492 max         492 min
Histogram: 1 0 0 0 0 0 0 0 0 0
Neighs:              0 ave           0 max           0 min
Histogram: 1 0 0 0 0 0 0 0 0 0
FullNghs:         2178 ave        2178 max        2178 min
Histogram: 1 0 0 0 0 0 0 0 0 0

Total # of neighbors = 2178
Ave neighs/atom = 34.03125
Neighbor list builds = 0
Dangerous builds = 0
next i
jump SELF loop_struct
clear
  using 1 OpenMP thread(s) per MPI task
log energies.log append
units metal
boundary p p p
atom_style atomic
read_data Si222_${i}.in
read_data Si222_7.in
Reading data file ...
  orthogonal box = (0 0 0) to (10.887404 10.887404 10.887404)
  1 by 1 by 1 MPI processor grid
  reading atoms ...
  64 atoms
  reading velocities ...
  64 velocities
  read_data CPU = 0.001 seconds
mass 1 28.085
pair_style sw
pair_coeff * * Si.sw Si
Reading sw potential file Si.sw with DATE: 2007-06-11
run 0
WARNING: No fixes with time integration, atoms won't move (src/verlet.cpp:60)
Neighbor list info ...
  update: every = 1 steps, delay = 0 steps, check = yes
  max neighbors/atom: 2000, page size: 100000
  master list distance cutoff = 5.77118
  ghost atom cutoff = 5.77118
  binsize = 2.88559, bins = 4 4 4
  1 neighbor lists, perpetual/occasional/extra = 1 0 0
  (1) pair sw, perpetual
      attributes: full, newton on
      pair build: full/bin/atomonly
      stencil: full/bin/3d
      bin: standard
Per MPI rank memory allocation (min/avg/max) = 3.064 | 3.064 | 3.064 Mbytes
   Step          Temp          E_pair         E_mol          TotEng         Press     
         0   0             -275.72067      0             -275.72067     -6216.6455    
Loop time of 1.02e-06 on 1 procs for 0 steps with 64 atoms

98.0% CPU use with 1 MPI tasks x 1 OpenMP threads

MPI task timing breakdown:
Section |  min time  |  avg time  |  max time  |%varavg| %total
---------------------------------------------------------------
Pair    | 0          | 0          | 0          |   0.0 |  0.00
Neigh   | 0          | 0          | 0          |   0.0 |  0.00
Comm    | 0          | 0          | 0          |   0.0 |  0.00
Output  | 0          | 0          | 0          |   0.0 |  0.00
Modify  | 0          | 0          | 0          |   0.0 |  0.00
Other   |            | 1.02e-06   |            |       |100.00

Nlocal:             64 ave          64 max          64 min
Histogram: 1 0 0 0 0 0 0 0 0 0
Nghost:            536 ave         536 max         536 min
Histogram: 1 0 0 0 0 0 0 0 0 0
Neighs:              0 ave           0 max           0 min
Histogram: 1 0 0 0 0 0 0 0 0 0
FullNghs:         2188 ave        2188 max        2188 min
Histogram: 1 0 0 0 0 0 0 0 0 0

Total # of neighbors = 2188
Ave neighs/atom = 34.1875
Neighbor list builds = 0
Dangerous builds = 0
next i
jump SELF loop_struct
clear
  using 1 OpenMP thread(s) per MPI task
log energies.log append
units metal
boundary p p p
atom_style atomic
read_data Si222_${i}.in
read_data Si222_8.in
Reading data file ...
  orthogonal box = (0 0 0) to (10.887404 10.887404 10.887404)
  1 by 1 by 1 MPI processor grid
  reading atoms ...
  64 atoms
  reading velocities ...
  64 velocities
  read_data CPU = 0.001 seconds
mass 1 28.085
pair_style sw
pair_coeff * * Si.sw Si
Reading sw potential file Si.sw with DATE: 2007-06-11
run 0
WARNING: No fixes with time integration, atoms won't move (src/verlet.cpp:60)
Neighbor list info ...
  update: every = 1 steps, delay = 0 steps, check = yes
  max neighbors/atom: 2000, page size: 100000
  master list distance cutoff = 5.77118
  ghost atom cutoff = 5.77118
  binsize = 2.88559, bins = 4 4 4
  1 neighbor lists, perpetual/occasional/extra = 1 0 0
  (1) pair sw, perpetual
      attributes: full, newton on
      pair build: full/bin/atomonly
      stencil: full/bin/3d
      bin: standard
Per MPI rank memory allocation (min/avg/max) = 3.063 | 3.063 | 3.063 Mbytes
   Step          Temp          E_pair         E_mol          TotEng         Press     
         0   0             -275.4824       0             -275.4824      -5706.5682    
Loop time of 1.11e-06 on 1 procs for 0 steps with 64 atoms

0.0% CPU use with 1 MPI tasks x 1 OpenMP threads

MPI task timing breakdown:
Section |  min time  |  avg time  |  max time  |%varavg| %total
---------------------------------------------------------------
Pair    | 0          | 0          | 0          |   0.0 |  0.00
Neigh   | 0          | 0          | 0          |   0.0 |  0.00
Comm    | 0          | 0          | 0          |   0.0 |  0.00
Output  | 0          | 0          | 0          |   0.0 |  0.00
Modify  | 0          | 0          | 0          |   0.0 |  0.00
Other   |            | 1.11e-06   |            |       |100.00

Nlocal:             64 ave          64 max          64 min
Histogram: 1 0 0 0 0 0 0 0 0 0
Nghost:            480 ave         480 max         480 min
Histogram: 1 0 0 0 0 0 0 0 0 0
Neighs:              0 ave           0 max           0 min
Histogram: 1 0 0 0 0 0 0 0 0 0
FullNghs:         2184 ave        2184 max        2184 min
Histogram: 1 0 0 0 0 0 0 0 0 0

Total # of neighbors = 2184
Ave neighs/atom = 34.125
Neighbor list builds = 0
Dangerous builds = 0
next i
jump SELF loop_struct
clear
  using 1 OpenMP thread(s) per MPI task
log energies.log append
units metal
boundary p p p
atom_style atomic
read_data Si222_${i}.in
read_data Si222_9.in
Reading data file ...
  orthogonal box = (0 0 0) to (10.887404 10.887404 10.887404)
  1 by 1 by 1 MPI processor grid
  reading atoms ...
  64 atoms
  reading velocities ...
  64 velocities
  read_data CPU = 0.001 seconds
mass 1 28.085
pair_style sw
pair_coeff * * Si.sw Si
Reading sw potential file Si.sw with DATE: 2007-06-11
run 0
WARNING: No fixes with time integration, atoms won't move (src/verlet.cpp:60)
Neighbor list info ...
  update: every = 1 steps, delay = 0 steps, check = yes
  max neighbors/atom: 2000, page size: 100000
  master list distance cutoff = 5.77118
  ghost atom cutoff = 5.77118
  binsize = 2.88559, bins = 4 4 4
  1 neighbor lists, perpetual/occasional/extra = 1 0 0
  (1) pair sw, perpetual
      attributes: full, newton on
      pair build: full/bin/atomonly
      stencil: full/bin/3d
      bin: standard
Per MPI rank memory allocation (min/avg/max) = 3.071 | 3.071 | 3.071 Mbytes
   Step          Temp          E_pair         E_mol          TotEng         Press     
         0   0             -275.71658      0             -275.71658     -5874.1221    
Loop time of 1.11e-06 on 1 procs for 0 steps with 64 atoms

90.1% CPU use with 1 MPI tasks x 1 OpenMP threads

MPI task timing breakdown:
Section |  min time  |  avg time  |  max time  |%varavg| %total
---------------------------------------------------------------
Pair    | 0          | 0          | 0          |   0.0 |  0.00
Neigh   | 0          | 0          | 0          |   0.0 |  0.00
Comm    | 0          | 0          | 0          |   0.0 |  0.00
Output  | 0          | 0          | 0          |   0.0 |  0.00
Modify  | 0          | 0          | 0          |   0.0 |  0.00
Other   |            | 1.11e-06   |            |       |100.00

Nlocal:             64 ave          64 max          64 min
Histogram: 1 0 0 0 0 0 0 0 0 0
Nghost:            516 ave         516 max         516 min
Histogram: 1 0 0 0 0 0 0 0 0 0
Neighs:              0 ave           0 max           0 min
Histogram: 1 0 0 0 0 0 0 0 0 0
FullNghs:         2176 ave        2176 max        2176 min
Histogram: 1 0 0 0 0 0 0 0 0 0

Total # of neighbors = 2176
Ave neighs/atom = 34
Neighbor list builds = 0
Dangerous builds = 0
next i
jump SELF loop_struct
clear
  using 1 OpenMP thread(s) per MPI task
log energies.log append
units metal
boundary p p p
atom_style atomic
read_data Si222_${i}.in
read_data Si222_10.in
Reading data file ...
  orthogonal box = (0 0 0) to (10.887404 10.887404 10.887404)
  1 by 1 by 1 MPI processor grid
  reading atoms ...
  64 atoms
  reading velocities ...
  64 velocities
  read_data CPU = 0.001 seconds
mass 1 28.085
pair_style sw
pair_coeff * * Si.sw Si
Reading sw potential file Si.sw with DATE: 2007-06-11
run 0
WARNING: No fixes with time integration, atoms won't move (src/verlet.cpp:60)
Neighbor list info ...
  update: every = 1 steps, delay = 0 steps, check = yes
  max neighbors/atom: 2000, page size: 100000
  master list distance cutoff = 5.77118
  ghost atom cutoff = 5.77118
  binsize = 2.88559, bins = 4 4 4
  1 neighbor lists, perpetual/occasional/extra = 1 0 0
  (1) pair sw, perpetual
      attributes: full, newton on
      pair build: full/bin/atomonly
      stencil: full/bin/3d
      bin: standard
Per MPI rank memory allocation (min/avg/max) = 3.063 | 3.063 | 3.063 Mbytes
   Step          Temp          E_pair         E_mol          TotEng         Press     
         0   0             -275.40303      0             -275.40303     -5667.0225    
Loop time of 1.05e-06 on 1 procs for 0 steps with 64 atoms

95.2% CPU use with 1 MPI tasks x 1 OpenMP threads

MPI task timing breakdown:
Section |  min time  |  avg time  |  max time  |%varavg| %total
---------------------------------------------------------------
Pair    | 0          | 0          | 0          |   0.0 |  0.00
Neigh   | 0          | 0          | 0          |   0.0 |  0.00
Comm    | 0          | 0          | 0          |   0.0 |  0.00
Output  | 0          | 0          | 0          |   0.0 |  0.00
Modify  | 0          | 0          | 0          |   0.0 |  0.00
Other   |            | 1.05e-06   |            |       |100.00

Nlocal:             64 ave          64 max          64 min
Histogram: 1 0 0 0 0 0 0 0 0 0
Nghost:            484 ave         484 max         484 min
Histogram: 1 0 0 0 0 0 0 0 0 0
Neighs:              0 ave           0 max           0 min
Histogram: 1 0 0 0 0 0 0 0 0 0
FullNghs:         2190 ave        2190 max        2190 min
Histogram: 1 0 0 0 0 0 0 0 0 0

Total # of neighbors = 2190
Ave neighs/atom = 34.21875
Neighbor list builds = 0
Dangerous builds = 0
next i
jump SELF loop_struct
clear
  using 1 OpenMP thread(s) per MPI task
log energies.log append
units metal
boundary p p p
atom_style atomic
read_data Si222_${i}.in
read_data Si222_11.in
Reading data file ...
  orthogonal box = (0 0 0) to (10.887404 10.887404 10.887404)
  1 by 1 by 1 MPI processor grid
  reading atoms ...
  64 atoms
  reading velocities ...
  64 velocities
  read_data CPU = 0.001 seconds
mass 1 28.085
pair_style sw
pair_coeff * * Si.sw Si
Reading sw potential file Si.sw with DATE: 2007-06-11
run 0
WARNING: No fixes with time integration, atoms won't move (src/verlet.cpp:60)
Neighbor list info ...
  update: every = 1 steps, delay = 0 steps, check = yes
  max neighbors/atom: 2000, page size: 100000
  master list distance cutoff = 5.77118
  ghost atom cutoff = 5.77118
  binsize = 2.88559, bins = 4 4 4
  1 neighbor lists, perpetual/occasional/extra = 1 0 0
  (1) pair sw, perpetual
      attributes: full, newton on
      pair build: full/bin/atomonly
      stencil: full/bin/3d
      bin: standard
Per MPI rank memory allocation (min/avg/max) = 3.063 | 3.063 | 3.063 Mbytes
   Step          Temp          E_pair         E_mol          TotEng         Press     
         0   0             -275.98         0             -275.98        -6274.9843    
Loop time of 1.03e-06 on 1 procs for 0 steps with 64 atoms

97.1% CPU use with 1 MPI tasks x 1 OpenMP threads

MPI task timing breakdown:
Section |  min time  |  avg time  |  max time  |%varavg| %total
---------------------------------------------------------------
Pair    | 0          | 0          | 0          |   0.0 |  0.00
Neigh   | 0          | 0          | 0          |   0.0 |  0.00
Comm    | 0          | 0          | 0          |   0.0 |  0.00
Output  | 0          | 0          | 0          |   0.0 |  0.00
Modify  | 0          | 0          | 0          |   0.0 |  0.00
Other   |            | 1.03e-06   |            |       |100.00

Nlocal:             64 ave          64 max          64 min
Histogram: 1 0 0 0 0 0 0 0 0 0
Nghost:            476 ave         476 max         476 min
Histogram: 1 0 0 0 0 0 0 0 0 0
Neighs:              0 ave           0 max           0 min
Histogram: 1 0 0 0 0 0 0 0 0 0
FullNghs:         2180 ave        2180 max        2180 min
Histogram: 1 0 0 0 0 0 0 0 0 0

Total # of neighbors = 2180
Ave neighs/atom = 34.0625
Neighbor list builds = 0
Dangerous builds = 0
next i
jump SELF loop_struct
clear
  using 1 OpenMP thread(s) per MPI task
log energies.log append
units metal
boundary p p p
atom_style atomic
read_data Si222_${i}.in
read_data Si222_12.in
Reading data file ...
  orthogonal box = (0 0 0) to (10.887404 10.887404 10.887404)
  1 by 1 by 1 MPI processor grid
  reading atoms ...
  64 atoms
  reading velocities ...
  64 velocities
  read_data CPU = 0.001 seconds
mass 1 28.085
pair_style sw
pair_coeff * * Si.sw Si
Reading sw potential file Si.sw with DATE: 2007-06-11
run 0
WARNING: No fixes with time integration, atoms won't move (src/verlet.cpp:60)
Neighbor list info ...
  update: every = 1 steps, delay = 0 steps, check = yes
  max neighbors/atom: 2000, page size: 100000
  master list distance cutoff = 5.77118
  ghost atom cutoff = 5.77118
  binsize = 2.88559, bins = 4 4 4
  1 neighbor lists, perpetual/occasional/extra = 1 0 0
  (1) pair sw, perpetual
      attributes: full, newton on
      pair build: full/bin/atomonly
      stencil: full/bin/3d
      bin: standard
Per MPI rank memory allocation (min/avg/max) = 3.074 | 3.074 | 3.074 Mbytes
   Step          Temp          E_pair         E_mol          TotEng         Press     
         0   0             -275.4541       0             -275.4541      -5658.0497    
Loop time of 1.03e-06 on 1 procs for 0 steps with 64 atoms

97.1% CPU use with 1 MPI tasks x 1 OpenMP threads

MPI task timing breakdown:
Section |  min time  |  avg time  |  max time  |%varavg| %total
---------------------------------------------------------------
Pair    | 0          | 0          | 0          |   0.0 |  0.00
Neigh   | 0          | 0          | 0          |   0.0 |  0.00
Comm    | 0          | 0          | 0          |   0.0 |  0.00
Output  | 0          | 0          | 0          |   0.0 |  0.00
Modify  | 0          | 0          | 0          |   0.0 |  0.00
Other   |            | 1.03e-06   |            |       |100.00

Nlocal:             64 ave          64 max          64 min
Histogram: 1 0 0 0 0 0 0 0 0 0
Nghost:            556 ave         556 max         556 min
Histogram: 1 0 0 0 0 0 0 0 0 0
Neighs:              0 ave           0 max           0 min
Histogram: 1 0 0 0 0 0 0 0 0 0
FullNghs:         2186 ave        2186 max        2186 min
Histogram: 1 0 0 0 0 0 0 0 0 0

Total # of neighbors = 2186
Ave neighs/atom = 34.15625
Neighbor list builds = 0
Dangerous builds = 0
next i
jump SELF loop_struct
clear
  using 1 OpenMP thread(s) per MPI task
log energies.log append
units metal
boundary p p p
atom_style atomic
read_data Si222_${i}.in
read_data Si222_13.in
Reading data file ...
  orthogonal box = (0 0 0) to (10.887404 10.887404 10.887404)
  1 by 1 by 1 MPI processor grid
  reading atoms ...
  64 atoms
  reading velocities ...
  64 velocities
  read_data CPU = 0.001 seconds
mass 1 28.085
pair_style sw
pair_coeff * * Si.sw Si
Reading sw potential file Si.sw with DATE: 2007-06-11
run 0
WARNING: No fixes with time integration, atoms won't move (src/verlet.cpp:60)
Neighbor list info ...
  update: every = 1 steps, delay = 0 steps, check = yes
  max neighbors/atom: 2000, page size: 100000
  master list distance cutoff = 5.77118
  ghost atom cutoff = 5.77118
  binsize = 2.88559, bins = 4 4 4
  1 neighbor lists, perpetual/occasional/extra = 1 0 0
  (1) pair sw, perpetual
      attributes: full, newton on
      pair build: full/bin/atomonly
      stencil: full/bin/3d
      bin: standard
Per MPI rank memory allocation (min/avg/max) = 3.063 | 3.063 | 3.063 Mbytes
   Step          Temp          E_pair         E_mol          TotEng         Press     
         0   0             -275.72454      0             -275.72454     -5769.2904    
Loop time of 1.05e-06 on 1 procs for 0 steps with 64 atoms

0.0% CPU use with 1 MPI tasks x 1 OpenMP threads

MPI task timing breakdown:
Section |  min time  |  avg time  |  max time  |%varavg| %total
---------------------------------------------------------------
Pair    | 0          | 0          | 0          |   0.0 |  0.00
Neigh   | 0          | 0          | 0          |   0.0 |  0.00
Comm    | 0          | 0          | 0          |   0.0 |  0.00
Output  | 0          | 0          | 0          |   0.0 |  0.00
Modify  | 0          | 0          | 0          |   0.0 |  0.00
Other   |            | 1.05e-06   |            |       |100.00

Nlocal:             64 ave          64 max          64 min
Histogram: 1 0 0 0 0 0 0 0 0 0
Nghost:            472 ave         472 max         472 min
Histogram: 1 0 0 0 0 0 0 0 0 0
Neighs:              0 ave           0 max           0 min
Histogram: 1 0 0 0 0 0 0 0 0 0
FullNghs:         2182 ave        2182 max        2182 min
Histogram: 1 0 0 0 0 0 0 0 0 0

Total # of neighbors = 2182
Ave neighs/atom = 34.09375
Neighbor list builds = 0
Dangerous builds = 0
next i
jump SELF loop_struct
clear
  using 1 OpenMP thread(s) per MPI task
log energies.log append
units metal
boundary p p p
atom_style atomic
read_data Si222_${i}.in
read_data Si222_14.in
Reading data file ...
  orthogonal box = (0 0 0) to (10.887404 10.887404 10.887404)
  1 by 1 by 1 MPI processor grid
  reading atoms ...
  64 atoms
  reading velocities ...
  64 velocities
  read_data CPU = 0.001 seconds
mass 1 28.085
pair_style sw
pair_coeff * * Si.sw Si
Reading sw potential file Si.sw with DATE: 2007-06-11
run 0
WARNING: No fixes with time integration, atoms won't move (src/verlet.cpp:60)
Neighbor list info ...
  update: every = 1 steps, delay = 0 steps, check = yes
  max neighbors/atom: 2000, page size: 100000
  master list distance cutoff = 5.77118
  ghost atom cutoff = 5.77118
  binsize = 2.88559, bins = 4 4 4
  1 neighbor lists, perpetual/occasional/extra = 1 0 0
  (1) pair sw, perpetual
      attributes: full, newton on
      pair build: full/bin/atomonly
      stencil: full/bin/3d
      bin: standard
Per MPI rank memory allocation (min/avg/max) = 3.063 | 3.063 | 3.063 Mbytes
   Step          Temp          E_pair         E_mol          TotEng         Press     
         0   0             -275.48045      0             -275.48045     -5842.143     
Loop time of 1.04e-06 on 1 procs for 0 steps with 64 atoms

0.0% CPU use with 1 MPI tasks x 1 OpenMP threads

MPI task timing breakdown:
Section |  min time  |  avg time  |  max time  |%varavg| %total
---------------------------------------------------------------
Pair    | 0          | 0          | 0          |   0.0 |  0.00
Neigh   | 0          | 0          | 0          |   0.0 |  0.00
Comm    | 0          | 0          | 0          |   0.0 |  0.00
Output  | 0          | 0          | 0          |   0.0 |  0.00
Modify  | 0          | 0          | 0          |   0.0 |  0.00
Other   |            | 1.04e-06   |            |       |100.00

Nlocal:             64 ave          64 max          64 min
Histogram: 1 0 0 0 0 0 0 0 0 0
Nghost:            506 ave         506 max         506 min
Histogram: 1 0 0 0 0 0 0 0 0 0
Neighs:              0 ave           0 max           0 min
Histogram: 1 0 0 0 0 0 0 0 0 0
FullNghs:         2188 ave        2188 max        2188 min
Histogram: 1 0 0 0 0 0 0 0 0 0

Total # of neighbors = 2188
Ave neighs/atom = 34.1875
Neighbor list builds = 0
Dangerous builds = 0
next i
jump SELF loop_struct
clear
  using 1 OpenMP thread(s) per MPI task
log energies.log append
units metal
boundary p p p
atom_style atomic
read_data Si222_${i}.in
read_data Si222_15.in
Reading data file ...
  orthogonal box = (0 0 0) to (10.887404 10.887404 10.887404)
  1 by 1 by 1 MPI processor grid
  reading atoms ...
  64 atoms
  reading velocities ...
  64 velocities
  read_data CPU = 0.001 seconds
mass 1 28.085
pair_style sw
pair_coeff * * Si.sw Si
Reading sw potential file Si.sw with DATE: 2007-06-11
run 0
WARNING: No fixes with time integration, atoms won't move (src/verlet.cpp:60)
Neighbor list info ...
  update: every = 1 steps, delay = 0 steps, check = yes
  max neighbors/atom: 2000, page size: 100000
  master list distance cutoff = 5.77118
  ghost atom cutoff = 5.77118
  binsize = 2.88559, bins = 4 4 4
  1 neighbor lists, perpetual/occasional/extra = 1 0 0
  (1) pair sw, perpetual
      attributes: full, newton on
      pair build: full/bin/atomonly
      stencil: full/bin/3d
      bin: standard
Per MPI rank memory allocation (min/avg/max) = 3.071 | 3.071 | 3.071 Mbytes
   Step          Temp          E_pair         E_mol          TotEng         Press     
         0   0             -275.38305      0             -275.38305     -5537.048     
Loop time of 1.02e-06 on 1 procs for 0 steps with 64 atoms

0.0% CPU use with 1 MPI tasks x 1 OpenMP threads

MPI task timing breakdown:
Section |  min time  |  avg time  |  max time  |%varavg| %total
---------------------------------------------------------------
Pair    | 0          | 0          | 0          |   0.0 |  0.00
Neigh   | 0          | 0          | 0          |   0.0 |  0.00
Comm    | 0          | 0          | 0          |   0.0 |  0.00
Output  | 0          | 0          | 0          |   0.0 |  0.00
Modify  | 0          | 0          | 0          |   0.0 |  0.00
Other   |            | 1.02e-06   |            |       |100.00

Nlocal:             64 ave          64 max          64 min
Histogram: 1 0 0 0 0 0 0 0 0 0
Nghost:            516 ave         516 max         516 min
Histogram: 1 0 0 0 0 0 0 0 0 0
Neighs:              0 ave           0 max           0 min
Histogram: 1 0 0 0 0 0 0 0 0 0
FullNghs:         2182 ave        2182 max        2182 min
Histogram: 1 0 0 0 0 0 0 0 0 0

Total # of neighbors = 2182
Ave neighs/atom = 34.09375
Neighbor list builds = 0
Dangerous builds = 0
next i
jump SELF loop_struct
clear
  using 1 OpenMP thread(s) per MPI task
log energies.log append
units metal
boundary p p p
atom_style atomic
read_data Si222_${i}.in
read_data Si222_16.in
Reading data file ...
  orthogonal box = (0 0 0) to (10.887404 10.887404 10.887404)
  1 by 1 by 1 MPI processor grid
  reading atoms ...
  64 atoms
  reading velocities ...
  64 velocities
  read_data CPU = 0.001 seconds
mass 1 28.085
pair_style sw
pair_coeff * * Si.sw Si
Reading sw potential file Si.sw with DATE: 2007-06-11
run 0
WARNING: No fixes with time integration, atoms won't move (src/verlet.cpp:60)
Neighbor list info ...
  update: every = 1 steps, delay = 0 steps, check = yes
  max neighbors/atom: 2000, page size: 100000
  master list distance cutoff = 5.77118
  ghost atom cutoff = 5.77118
  binsize = 2.88559, bins = 4 4 4
  1 neighbor lists, perpetual/occasional/extra = 1 0 0
  (1) pair sw, perpetual
      attributes: full, newton on
      pair build: full/bin/atomonly
      stencil: full/bin/3d
      bin: standard
Per MPI rank memory allocation (min/avg/max) = 3.063 | 3.063 | 3.063 Mbytes
   Step          Temp          E_pair         E_mol          TotEng         Press     
         0   0             -275.50462      0             -275.50462     -5715.7422    
Loop time of 1.01e-06 on 1 procs for 0 steps with 64 atoms

0.0% CPU use with 1 MPI tasks x 1 OpenMP threads

MPI task timing breakdown:
Section |  min time  |  avg time  |  max time  |%varavg| %total
---------------------------------------------------------------
Pair    | 0          | 0          | 0          |   0.0 |  0.00
Neigh   | 0          | 0          | 0          |   0.0 |  0.00
Comm    | 0          | 0          | 0          |   0.0 |  0.00
Output  | 0          | 0          | 0          |   0.0 |  0.00
Modify  | 0          | 0          | 0          |   0.0 |  0.00
Other   |            | 1.01e-06   |            |       |100.00

Nlocal:             64 ave          64 max          64 min
Histogram: 1 0 0 0 0 0 0 0 0 0
Nghost:            480 ave         480 max         480 min
Histogram: 1 0 0 0 0 0 0 0 0 0
Neighs:              0 ave           0 max           0 min
Histogram: 1 0 0 0 0 0 0 0 0 0
FullNghs:         2180 ave        2180 max        2180 min
Histogram: 1 0 0 0 0 0 0 0 0 0

Total # of neighbors = 2180
Ave neighs/atom = 34.0625
Neighbor list builds = 0
Dangerous builds = 0
next i
jump SELF loop_struct
clear
  using 1 OpenMP thread(s) per MPI task
log energies.log append
units metal
boundary p p p
atom_style atomic
read_data Si222_${i}.in
read_data Si222_17.in
Reading data file ...
  orthogonal box = (0 0 0) to (10.887404 10.887404 10.887404)
  1 by 1 by 1 MPI processor grid
  reading atoms ...
  64 atoms
  reading velocities ...
  64 velocities
  read_data CPU = 0.001 seconds
mass 1 28.085
pair_style sw
pair_coeff * * Si.sw Si
Reading sw potential file Si.sw with DATE: 2007-06-11
run 0
WARNING: No fixes with time integration, atoms won't move (src/verlet.cpp:60)
Neighbor list info ...
  update: every = 1 steps, delay = 0 steps, check = yes
  max neighbors/atom: 2000, page size: 100000
  master list distance cutoff = 5.77118
  ghost atom cutoff = 5.77118
  binsize = 2.88559, bins = 4 4 4
  1 neighbor lists, perpetual/occasional/extra = 1 0 0
  (1) pair sw, perpetual
      attributes: full, newton on
      pair build: full/bin/atomonly
      stencil: full/bin/3d
      bin: standard
Per MPI rank memory allocation (min/avg/max) = 3.063 | 3.063 | 3.063 Mbytes
   Step          Temp          E_pair         E_mol          TotEng         Press     
         0   0             -275.91735      0             -275.91735     -6080.7896    
Loop time of 1e-06 on 1 procs for 0 steps with 64 atoms

0.0% CPU use with 1 MPI tasks x 1 OpenMP threads

MPI task timing breakdown:
Section |  min time  |  avg time  |  max time  |%varavg| %total
---------------------------------------------------------------
Pair    | 0          | 0          | 0          |   0.0 |  0.00
Neigh   | 0          | 0          | 0          |   0.0 |  0.00
Comm    | 0          | 0          | 0          |   0.0 |  0.00
Output  | 0          | 0          | 0          |   0.0 |  0.00
Modify  | 0          | 0          | 0          |   0.0 |  0.00
Other   |            | 1e-06      |            |       |100.00

Nlocal:             64 ave          64 max          64 min
Histogram: 1 0 0 0 0 0 0 0 0 0
Nghost:            512 ave         512 max         512 min
Histogram: 1 0 0 0 0 0 0 0 0 0
Neighs:              0 ave           0 max           0 min
Histogram: 1 0 0 0 0 0 0 0 0 0
FullNghs:         2178 ave        2178 max        2178 min
Histogram: 1 0 0 0 0 0 0 0 0 0

Total # of neighbors = 2178
Ave neighs/atom = 34.03125
Neighbor list builds = 0
Dangerous builds = 0
next i
jump SELF loop_struct
clear
  using 1 OpenMP thread(s) per MPI task
log energies.log append
units metal
boundary p p p
atom_style atomic
read_data Si222_${i}.in
read_data Si222_18.in
Reading data file ...
  orthogonal box = (0 0 0) to (10.887404 10.887404 10.887404)
  1 by 1 by 1 MPI processor grid
  reading atoms ...
  64 atoms
  reading velocities ...
  64 velocities
  read_data CPU = 0.001 seconds
mass 1 28.085
pair_style sw
pair_coeff * * Si.sw Si
Reading sw potential file Si.sw with DATE: 2007-06-11
run 0
WARNING: No fixes with time integration, atoms won't move (src/verlet.cpp:60)
Neighbor list info ...
  update: every = 1 steps, delay = 0 steps, check = yes
  max neighbors/atom: 2000, page size: 100000
  master list distance cutoff = 5.77118
  ghost atom cutoff = 5.77118
  binsize = 2.88559, bins = 4 4 4
  1 neighbor lists, perpetual/occasional/extra = 1 0 0
  (1) pair sw, perpetual
      attributes: full, newton on
      pair build: full/bin/atomonly
      stencil: full/bin/3d
      bin: standard
Per MPI rank memory allocation (min/avg/max) = 3.063 | 3.063 | 3.063 Mbytes
   Step          Temp          E_pair         E_mol          TotEng         Press     
         0   0             -275.75105      0             -275.75105     -5876.1234    
Loop time of 1.05e-06 on 1 procs for 0 steps with 64 atoms

95.2% CPU use with 1 MPI tasks x 1 OpenMP threads

MPI task timing breakdown:
Section |  min time  |  avg time  |  max time  |%varavg| %total
---------------------------------------------------------------
Pair    | 0          | 0          | 0          |   0.0 |  0.00
Neigh   | 0          | 0          | 0          |   0.0 |  0.00
Comm    | 0          | 0          | 0          |   0.0 |  0.00
Output  | 0          | 0          | 0          |   0.0 |  0.00
Modify  | 0          | 0          | 0          |   0.0 |  0.00
Other   |            | 1.05e-06   |            |       |100.00

Nlocal:             64 ave          64 max          64 min
Histogram: 1 0 0 0 0 0 0 0 0 0
Nghost:            476 ave         476 max         476 min
Histogram: 1 0 0 0 0 0 0 0 0 0
Neighs:              0 ave           0 max           0 min
Histogram: 1 0 0 0 0 0 0 0 0 0
FullNghs:         2180 ave        2180 max        2180 min
Histogram: 1 0 0 0 0 0 0 0 0 0

Total # of neighbors = 2180
Ave neighs/atom = 34.0625
Neighbor list builds = 0
Dangerous builds = 0
next i
jump SELF loop_struct
clear
  using 1 OpenMP thread(s) per MPI task
log energies.log append
units metal
boundary p p p
atom_style atomic
read_data Si222_${i}.in
read_data Si222_19.in
Reading data file ...
  orthogonal box = (0 0 0) to (10.887404 10.887404 10.887404)
  1 by 1 by 1 MPI processor grid
  reading atoms ...
  64 atoms
  reading velocities ...
  64 velocities
  read_data CPU = 0.001 seconds
mass 1 28.085
pair_style sw
pair_coeff * * Si.sw Si
Reading sw potential file Si.sw with DATE: 2007-06-11
run 0
WARNING: No fixes with time integration, atoms won't move (src/verlet.cpp:60)
Neighbor list info ...
  update: every = 1 steps, delay = 0 steps, check = yes
  max neighbors/atom: 2000, page size: 100000
  master list distance cutoff = 5.77118
  ghost atom cutoff = 5.77118
  binsize = 2.88559, bins = 4 4 4
  1 neighbor lists, perpetual/occasional/extra = 1 0 0
  (1) pair sw, perpetual
      attributes: full, newton on
      pair build: full/bin/atomonly
      stencil: full/bin/3d
      bin: standard
Per MPI rank memory allocation (min/avg/max) = 3.073 | 3.073 | 3.073 Mbytes
   Step          Temp          E_pair         E_mol          TotEng         Press     
         0   0             -275.51937      0             -275.51937     -6192.6815    
Loop time of 1.05e-06 on 1 procs for 0 steps with 64 atoms

95.2% CPU use with 1 MPI tasks x 1 OpenMP threads

MPI task timing breakdown:
Section |  min time  |  avg time  |  max time  |%varavg| %total
---------------------------------------------------------------
Pair    | 0          | 0          | 0          |   0.0 |  0.00
Neigh   | 0          | 0          | 0          |   0.0 |  0.00
Comm    | 0          | 0          | 0          |   0.0 |  0.00
Output  | 0          | 0          | 0          |   0.0 |  0.00
Modify  | 0          | 0          | 0          |   0.0 |  0.00
Other   |            | 1.05e-06   |            |       |100.00

Nlocal:             64 ave          64 max          64 min
Histogram: 1 0 0 0 0 0 0 0 0 0
Nghost:            548 ave         548 max         548 min
Histogram: 1 0 0 0 0 0 0 0 0 0
Neighs:              0 ave           0 max           0 min
Histogram: 1 0 0 0 0 0 0 0 0 0
FullNghs:         2190 ave        2190 max        2190 min
Histogram: 1 0 0 0 0 0 0 0 0 0

Total # of neighbors = 2190
Ave neighs/atom = 34.21875
Neighbor list builds = 0
Dangerous builds = 0
next i
jump SELF loop_struct
clear
  using 1 OpenMP thread(s) per MPI task
log energies.log append
units metal
boundary p p p
atom_style atomic
read_data Si222_${i}.in
read_data Si222_20.in
Reading data file ...
  orthogonal box = (0 0 0) to (10.887404 10.887404 10.887404)
  1 by 1 by 1 MPI processor grid
  reading atoms ...
  64 atoms
  reading velocities ...
  64 velocities
  read_data CPU = 0.001 seconds
mass 1 28.085
pair_style sw
pair_coeff * * Si.sw Si
Reading sw potential file Si.sw with DATE: 2007-06-11
run 0
WARNING: No fixes with time integration, atoms won't move (src/verlet.cpp:60)
Neighbor list info ...
  update: every = 1 steps, delay = 0 steps, check = yes
  max neighbors/atom: 2000, page size: 100000
  master list distance cutoff = 5.77118
  ghost atom cutoff = 5.77118
  binsize = 2.88559, bins = 4 4 4
  1 neighbor lists, perpetual/occasional/extra = 1 0 0
  (1) pair sw, perpetual
      attributes: full, newton on
      pair build: full/bin/atomonly
      stencil: full/bin/3d
      bin: standard
Per MPI rank memory allocation (min/avg/max) = 3.063 | 3.063 | 3.063 Mbytes
   Step          Temp          E_pair         E_mol          TotEng         Press     
         0   0             -275.52562      0             -275.52562     -5674.1825    
Loop time of 1.06e-06 on 1 procs for 0 steps with 64 atoms

0.0% CPU use with 1 MPI tasks x 1 OpenMP threads

MPI task timing breakdown:
Section |  min time  |  avg time  |  max time  |%varavg| %total
---------------------------------------------------------------
Pair    | 0          | 0          | 0          |   0.0 |  0.00
Neigh   | 0          | 0          | 0          |   0.0 |  0.00
Comm    | 0          | 0          | 0          |   0.0 |  0.00
Output  | 0          | 0          | 0          |   0.0 |  0.00
Modify  | 0          | 0          | 0          |   0.0 |  0.00
Other   |            | 1.06e-06   |            |       |100.00

Nlocal:             64 ave          64 max          64 min
Histogram: 1 0 0 0 0 0 0 0 0 0
Nghost:            512 ave         512 max         512 min
Histogram: 1 0 0 0 0 0 0 0 0 0
Neighs:              0 ave           0 max           0 min
Histogram: 1 0 0 0 0 0 0 0 0 0
FullNghs:         2180 ave        2180 max        2180 min
Histogram: 1 0 0 0 0 0 0 0 0 0

Total # of neighbors = 2180
Ave neighs/atom = 34.0625
Neighbor list builds = 0
Dangerous builds = 0
next i
jump SELF loop_struct
clear
  using 1 OpenMP thread(s) per MPI task
log energies.log append
units metal
boundary p p p
atom_style atomic
read_data Si222_${i}.in
read_data Si222_21.in
Reading data file ...
  orthogonal box = (0 0 0) to (10.887404 10.887404 10.887404)
  1 by 1 by 1 MPI processor grid
  reading atoms ...
  64 atoms
  reading velocities ...
  64 velocities
  read_data CPU = 0.001 seconds
mass 1 28.085
pair_style sw
pair_coeff * * Si.sw Si
Reading sw potential file Si.sw with DATE: 2007-06-11
run 0
WARNING: No fixes with time integration, atoms won't move (src/verlet.cpp:60)
Neighbor list info ...
  update: every = 1 steps, delay = 0 steps, check = yes
  max neighbors/atom: 2000, page size: 100000
  master list distance cutoff = 5.77118
  ghost atom cutoff = 5.77118
  binsize = 2.88559, bins = 4 4 4
  1 neighbor lists, perpetual/occasional/extra = 1 0 0
  (1) pair sw, perpetual
      attributes: full, newton on
      pair build: full/bin/atomonly
      stencil: full/bin/3d
      bin: standard
Per MPI rank memory allocation (min/avg/max) = 3.063 | 3.063 | 3.063 Mbytes
   Step          Temp          E_pair         E_mol          TotEng         Press     
         0   0             -275.32933      0             -275.32933     -6028.5424    
Loop time of 1.03e-06 on 1 procs for 0 steps with 64 atoms

97.1% CPU use with 1 MPI tasks x 1 OpenMP threads

MPI task timing breakdown:
Section |  min time  |  avg time  |  max time  |%varavg| %total
---------------------------------------------------------------
Pair    | 0          | 0          | 0          |   0.0 |  0.00
Neigh   | 0          | 0          | 0          |   0.0 |  0.00
Comm    | 0          | 0          | 0          |   0.0 |  0.00
Output  | 0          | 0          | 0          |   0.0 |  0.00
Modify  | 0          | 0          | 0          |   0.0 |  0.00
Other   |            | 1.03e-06   |            |       |100.00

Nlocal:             64 ave          64 max          64 min
Histogram: 1 0 0 0 0 0 0 0 0 0
Nghost:            496 ave         496 max         496 min
Histogram: 1 0 0 0 0 0 0 0 0 0
Neighs:              0 ave           0 max           0 min
Histogram: 1 0 0 0 0 0 0 0 0 0
FullNghs:         2190 ave        2190 max        2190 min
Histogram: 1 0 0 0 0 0 0 0 0 0

Total # of neighbors = 2190
Ave neighs/atom = 34.21875
Neighbor list builds = 0
Dangerous builds = 0
next i
jump SELF loop_struct
clear
  using 1 OpenMP thread(s) per MPI task
log energies.log append
units metal
boundary p p p
atom_style atomic
read_data Si222_${i}.in
read_data Si222_22.in
Reading data file ...
  orthogonal box = (0 0 0) to (10.887404 10.887404 10.887404)
  1 by 1 by 1 MPI processor grid
  reading atoms ...
  64 atoms
  reading velocities ...
  64 velocities
  read_data CPU = 0.001 seconds
mass 1 28.085
pair_style sw
pair_coeff * * Si.sw Si
Reading sw potential file Si.sw with DATE: 2007-06-11
run 0
WARNING: No fixes with time integration, atoms won't move (src/verlet.cpp:60)
Neighbor list info ...
  update: every = 1 steps, delay = 0 steps, check = yes
  max neighbors/atom: 2000, page size: 100000
  master list distance cutoff = 5.77118
  ghost atom cutoff = 5.77118
  binsize = 2.88559, bins = 4 4 4
  1 neighbor lists, perpetual/occasional/extra = 1 0 0
  (1) pair sw, perpetual
      attributes: full, newton on
      pair build: full/bin/atomonly
      stencil: full/bin/3d
      bin: standard
Per MPI rank memory allocation (min/avg/max) = 3.063 | 3.063 | 3.063 Mbytes
   Step          Temp          E_pair         E_mol          TotEng         Press     
         0   0             -275.57688      0             -275.57688     -5719.4048    
Loop time of 1.21e-06 on 1 procs for 0 steps with 64 atoms

0.0% CPU use with 1 MPI tasks x 1 OpenMP threads

MPI task timing breakdown:
Section |  min time  |  avg time  |  max time  |%varavg| %total
---------------------------------------------------------------
Pair    | 0          | 0          | 0          |   0.0 |  0.00
Neigh   | 0          | 0          | 0          |   0.0 |  0.00
Comm    | 0          | 0          | 0          |   0.0 |  0.00
Output  | 0          | 0          | 0          |   0.0 |  0.00
Modify  | 0          | 0          | 0          |   0.0 |  0.00
Other   |            | 1.21e-06   |            |       |100.00

Nlocal:             64 ave          64 max          64 min
Histogram: 1 0 0 0 0 0 0 0 0 0
Nghost:            496 ave         496 max         496 min
Histogram: 1 0 0 0 0 0 0 0 0 0
Neighs:              0 ave           0 max           0 min
Histogram: 1 0 0 0 0 0 0 0 0 0
FullNghs:         2178 ave        2178 max        2178 min
Histogram: 1 0 0 0 0 0 0 0 0 0

Total # of neighbors = 2178
Ave neighs/atom = 34.03125
Neighbor list builds = 0
Dangerous builds = 0
next i
jump SELF loop_struct
clear
  using 1 OpenMP thread(s) per MPI task
log energies.log append
units metal
boundary p p p
atom_style atomic
read_data Si222_${i}.in
read_data Si222_23.in
Reading data file ...
  orthogonal box = (0 0 0) to (10.887404 10.887404 10.887404)
  1 by 1 by 1 MPI processor grid
  reading atoms ...
  64 atoms
  reading velocities ...
  64 velocities
  read_data CPU = 0.001 seconds
mass 1 28.085
pair_style sw
pair_coeff * * Si.sw Si
Reading sw potential file Si.sw with DATE: 2007-06-11
run 0
WARNING: No fixes with time integration, atoms won't move (src/verlet.cpp:60)
Neighbor list info ...
  update: every = 1 steps, delay = 0 steps, check = yes
  max neighbors/atom: 2000, page size: 100000
  master list distance cutoff = 5.77118
  ghost atom cutoff = 5.77118
  binsize = 2.88559, bins = 4 4 4
  1 neighbor lists, perpetual/occasional/extra = 1 0 0
  (1) pair sw, perpetual
      attributes: full, newton on
      pair build: full/bin/atomonly
      stencil: full/bin/3d
      bin: standard
Per MPI rank memory allocation (min/avg/max) = 3.063 | 3.063 | 3.063 Mbytes
   Step          Temp          E_pair         E_mol          TotEng         Press     
         0   0             -275.67742      0             -275.67742     -5874.7235    
Loop time of 1.22e-06 on 1 procs for 0 steps with 64 atoms

0.0% CPU use with 1 MPI tasks x 1 OpenMP threads

MPI task timing breakdown:
Section |  min time  |  avg time  |  max time  |%varavg| %total
---------------------------------------------------------------
Pair    | 0          | 0          | 0          |   0.0 |  0.00
Neigh   | 0          | 0          | 0          |   0.0 |  0.00
Comm    | 0          | 0          | 0          |   0.0 |  0.00
Output  | 0          | 0          | 0          |   0.0 |  0.00
Modify  | 0          | 0          | 0          |   0.0 |  0.00
Other   |            | 1.22e-06   |            |       |100.00

Nlocal:             64 ave          64 max          64 min
Histogram: 1 0 0 0 0 0 0 0 0 0
Nghost:            480 ave         480 max         480 min
Histogram: 1 0 0 0 0 0 0 0 0 0
Neighs:              0 ave           0 max           0 min
Histogram: 1 0 0 0 0 0 0 0 0 0
FullNghs:         2182 ave        2182 max        2182 min
Histogram: 1 0 0 0 0 0 0 0 0 0

Total # of neighbors = 2182
Ave neighs/atom = 34.09375
Neighbor list builds = 0
Dangerous builds = 0
next i
jump SELF loop_struct
clear
  using 1 OpenMP thread(s) per MPI task
log energies.log append
units metal
boundary p p p
atom_style atomic
read_data Si222_${i}.in
read_data Si222_24.in
Reading data file ...
  orthogonal box = (0 0 0) to (10.887404 10.887404 10.887404)
  1 by 1 by 1 MPI processor grid
  reading atoms ...
  64 atoms
  reading velocities ...
  64 velocities
  read_data CPU = 0.001 seconds
mass 1 28.085
pair_style sw
pair_coeff * * Si.sw Si
Reading sw potential file Si.sw with DATE: 2007-06-11
run 0
WARNING: No fixes with time integration, atoms won't move (src/verlet.cpp:60)
Neighbor list info ...
  update: every = 1 steps, delay = 0 steps, check = yes
  max neighbors/atom: 2000, page size: 100000
  master list distance cutoff = 5.77118
  ghost atom cutoff = 5.77118
  binsize = 2.88559, bins = 4 4 4
  1 neighbor lists, perpetual/occasional/extra = 1 0 0
  (1) pair sw, perpetual
      attributes: full, newton on
      pair build: full/bin/atomonly
      stencil: full/bin/3d
      bin: standard
Per MPI rank memory allocation (min/avg/max) = 3.063 | 3.063 | 3.063 Mbytes
   Step          Temp          E_pair         E_mol          TotEng         Press     
         0   0             -275.65484      0             -275.65484     -5688.5205    
Loop time of 1.04e-06 on 1 procs for 0 steps with 64 atoms

0.0% CPU use with 1 MPI tasks x 1 OpenMP threads

MPI task timing breakdown:
Section |  min time  |  avg time  |  max time  |%varavg| %total
---------------------------------------------------------------
Pair    | 0          | 0          | 0          |   0.0 |  0.00
Neigh   | 0          | 0          | 0          |   0.0 |  0.00
Comm    | 0          | 0          | 0          |   0.0 |  0.00
Output  | 0          | 0          | 0          |   0.0 |  0.00
Modify  | 0          | 0          | 0          |   0.0 |  0.00
Other   |            | 1.04e-06   |            |       |100.00

Nlocal:             64 ave          64 max          64 min
Histogram: 1 0 0 0 0 0 0 0 0 0
Nghost:            480 ave         480 max         480 min
Histogram: 1 0 0 0 0 0 0 0 0 0
Neighs:              0 ave           0 max           0 min
Histogram: 1 0 0 0 0 0 0 0 0 0
FullNghs:         2176 ave        2176 max        2176 min
Histogram: 1 0 0 0 0 0 0 0 0 0

Total # of neighbors = 2176
Ave neighs/atom = 34
Neighbor list builds = 0
Dangerous builds = 0
next i
jump SELF loop_struct
clear
  using 1 OpenMP thread(s) per MPI task
log energies.log append
units metal
boundary p p p
atom_style atomic
read_data Si222_${i}.in
read_data Si222_25.in
Reading data file ...
  orthogonal box = (0 0 0) to (10.887404 10.887404 10.887404)
  1 by 1 by 1 MPI processor grid
  reading atoms ...
  64 atoms
  reading velocities ...
  64 velocities
  read_data CPU = 0.001 seconds
mass 1 28.085
pair_style sw
pair_coeff * * Si.sw Si
Reading sw potential file Si.sw with DATE: 2007-06-11
run 0
WARNING: No fixes with time integration, atoms won't move (src/verlet.cpp:60)
Neighbor list info ...
  update: every = 1 steps, delay = 0 steps, check = yes
  max neighbors/atom: 2000, page size: 100000
  master list distance cutoff = 5.77118
  ghost atom cutoff = 5.77118
  binsize = 2.88559, bins = 4 4 4
  1 neighbor lists, perpetual/occasional/extra = 1 0 0
  (1) pair sw, perpetual
      attributes: full, newton on
      pair build: full/bin/atomonly
      stencil: full/bin/3d
      bin: standard
Per MPI rank memory allocation (min/avg/max) = 3.063 | 3.063 | 3.063 Mbytes
   Step          Temp          E_pair         E_mol          TotEng         Press     
         0   0             -275.41791      0             -275.41791     -5785.3277    
Loop time of 1.02e-06 on 1 procs for 0 steps with 64 atoms

0.0% CPU use with 1 MPI tasks x 1 OpenMP threads

MPI task timing breakdown:
Section |  min time  |  avg time  |  max time  |%varavg| %total
---------------------------------------------------------------
Pair    | 0          | 0          | 0          |   0.0 |  0.00
Neigh   | 0          | 0          | 0          |   0.0 |  0.00
Comm    | 0          | 0          | 0          |   0.0 |  0.00
Output  | 0          | 0          | 0          |   0.0 |  0.00
Modify  | 0          | 0          | 0          |   0.0 |  0.00
Other   |            | 1.02e-06   |            |       |100.00

Nlocal:             64 ave          64 max          64 min
Histogram: 1 0 0 0 0 0 0 0 0 0
Nghost:            480 ave         480 max         480 min
Histogram: 1 0 0 0 0 0 0 0 0 0
Neighs:              0 ave           0 max           0 min
Histogram: 1 0 0 0 0 0 0 0 0 0
FullNghs:         2186 ave        2186 max        2186 min
Histogram: 1 0 0 0 0 0 0 0 0 0

Total # of neighbors = 2186
Ave neighs/atom = 34.15625
Neighbor list builds = 0
Dangerous builds = 0
next i
jump SELF loop_struct
clear
  using 1 OpenMP thread(s) per MPI task
log energies.log append
units metal
boundary p p p
atom_style atomic
read_data Si222_${i}.in
read_data Si222_26.in
Reading data file ...
  orthogonal box = (0 0 0) to (10.887404 10.887404 10.887404)
  1 by 1 by 1 MPI processor grid
  reading atoms ...
  64 atoms
  reading velocities ...
  64 velocities
  read_data CPU = 0.001 seconds
mass 1 28.085
pair_style sw
pair_coeff * * Si.sw Si
Reading sw potential file Si.sw with DATE: 2007-06-11
run 0
WARNING: No fixes with time integration, atoms won't move (src/verlet.cpp:60)
Neighbor list info ...
  update: every = 1 steps, delay = 0 steps, check = yes
  max neighbors/atom: 2000, page size: 100000
  master list distance cutoff = 5.77118
  ghost atom cutoff = 5.77118
  binsize = 2.88559, bins = 4 4 4
  1 neighbor lists, perpetual/occasional/extra = 1 0 0
  (1) pair sw, perpetual
      attributes: full, newton on
      pair build: full/bin/atomonly
      stencil: full/bin/3d
      bin: standard
Per MPI rank memory allocation (min/avg/max) = 3.072 | 3.072 | 3.072 Mbytes
   Step          Temp          E_pair         E_mol          TotEng         Press     
         0   0             -275.84906      0             -275.84906     -5861.3079    
Loop time of 1.03e-06 on 1 procs for 0 steps with 64 atoms

0.0% CPU use with 1 MPI tasks x 1 OpenMP threads

MPI task timing breakdown:
Section |  min time  |  avg time  |  max time  |%varavg| %total
---------------------------------------------------------------
Pair    | 0          | 0          | 0          |   0.0 |  0.00
Neigh   | 0          | 0          | 0          |   0.0 |  0.00
Comm    | 0          | 0          | 0          |   0.0 |  0.00
Output  | 0          | 0          | 0          |   0.0 |  0.00
Modify  | 0          | 0          | 0          |   0.0 |  0.00
Other   |            | 1.03e-06   |            |       |100.00

Nlocal:             64 ave          64 max          64 min
Histogram: 1 0 0 0 0 0 0 0 0 0
Nghost:            522 ave         522 max         522 min
Histogram: 1 0 0 0 0 0 0 0 0 0
Neighs:              0 ave           0 max           0 min
Histogram: 1 0 0 0 0 0 0 0 0 0
FullNghs:         2176 ave        2176 max        2176 min
Histogram: 1 0 0 0 0 0 0 0 0 0

Total # of neighbors = 2176
Ave neighs/atom = 34
Neighbor list builds = 0
Dangerous builds = 0
next i
jump SELF loop_struct
clear
  using 1 OpenMP thread(s) per MPI task
log energies.log append
units metal
boundary p p p
atom_style atomic
read_data Si222_${i}.in
read_data Si222_27.in
Reading data file ...
  orthogonal box = (0 0 0) to (10.887404 10.887404 10.887404)
  1 by 1 by 1 MPI processor grid
  reading atoms ...
  64 atoms
  reading velocities ...
  64 velocities
  read_data CPU = 0.001 seconds
mass 1 28.085
pair_style sw
pair_coeff * * Si.sw Si
Reading sw potential file Si.sw with DATE: 2007-06-11
run 0
WARNING: No fixes with time integration, atoms won't move (src/verlet.cpp:60)
Neighbor list info ...
  update: every = 1 steps, delay = 0 steps, check = yes
  max neighbors/atom: 2000, page size: 100000
  master list distance cutoff = 5.77118
  ghost atom cutoff = 5.77118
  binsize = 2.88559, bins = 4 4 4
  1 neighbor lists, perpetual/occasional/extra = 1 0 0
  (1) pair sw, perpetual
      attributes: full, newton on
      pair build: full/bin/atomonly
      stencil: full/bin/3d
      bin: standard
Per MPI rank memory allocation (min/avg/max) = 3.063 | 3.063 | 3.063 Mbytes
   Step          Temp          E_pair         E_mol          TotEng         Press     
         0   0             -275.86161      0             -275.86161     -6203.1633    
Loop time of 1.01e-06 on 1 procs for 0 steps with 64 atoms

0.0% CPU use with 1 MPI tasks x 1 OpenMP threads

MPI task timing breakdown:
Section |  min time  |  avg time  |  max time  |%varavg| %total
---------------------------------------------------------------
Pair    | 0          | 0          | 0          |   0.0 |  0.00
Neigh   | 0          | 0          | 0          |   0.0 |  0.00
Comm    | 0          | 0          | 0          |   0.0 |  0.00
Output  | 0          | 0          | 0          |   0.0 |  0.00
Modify  | 0          | 0          | 0          |   0.0 |  0.00
Other   |            | 1.01e-06   |            |       |100.00

Nlocal:             64 ave          64 max          64 min
Histogram: 1 0 0 0 0 0 0 0 0 0
Nghost:            498 ave         498 max         498 min
Histogram: 1 0 0 0 0 0 0 0 0 0
Neighs:              0 ave           0 max           0 min
Histogram: 1 0 0 0 0 0 0 0 0 0
FullNghs:         2176 ave        2176 max        2176 min
Histogram: 1 0 0 0 0 0 0 0 0 0

Total # of neighbors = 2176
Ave neighs/atom = 34
Neighbor list builds = 0
Dangerous builds = 0
next i
jump SELF loop_struct
clear
  using 1 OpenMP thread(s) per MPI task
log energies.log append
units metal
boundary p p p
atom_style atomic
read_data Si222_${i}.in
read_data Si222_28.in
Reading data file ...
  orthogonal box = (0 0 0) to (10.887404 10.887404 10.887404)
  1 by 1 by 1 MPI processor grid
  reading atoms ...
  64 atoms
  reading velocities ...
  64 velocities
  read_data CPU = 0.001 seconds
mass 1 28.085
pair_style sw
pair_coeff * * Si.sw Si
Reading sw potential file Si.sw with DATE: 2007-06-11
run 0
WARNING: No fixes with time integration, atoms won't move (src/verlet.cpp:60)
Neighbor list info ...
  update: every = 1 steps, delay = 0 steps, check = yes
  max neighbors/atom: 2000, page size: 100000
  master list distance cutoff = 5.77118
  ghost atom cutoff = 5.77118
  binsize = 2.88559, bins = 4 4 4
  1 neighbor lists, perpetual/occasional/extra = 1 0 0
  (1) pair sw, perpetual
      attributes: full, newton on
      pair build: full/bin/atomonly
      stencil: full/bin/3d
      bin: standard
Per MPI rank memory allocation (min/avg/max) = 3.063 | 3.063 | 3.063 Mbytes
   Step          Temp          E_pair         E_mol          TotEng         Press     
         0   0             -275.92948      0             -275.92948     -5993.2319    
Loop time of 1.04e-06 on 1 procs for 0 steps with 64 atoms

96.2% CPU use with 1 MPI tasks x 1 OpenMP threads

MPI task timing breakdown:
Section |  min time  |  avg time  |  max time  |%varavg| %total
---------------------------------------------------------------
Pair    | 0          | 0          | 0          |   0.0 |  0.00
Neigh   | 0          | 0          | 0          |   0.0 |  0.00
Comm    | 0          | 0          | 0          |   0.0 |  0.00
Output  | 0          | 0          | 0          |   0.0 |  0.00
Modify  | 0          | 0          | 0          |   0.0 |  0.00
Other   |            | 1.04e-06   |            |       |100.00

Nlocal:             64 ave          64 max          64 min
Histogram: 1 0 0 0 0 0 0 0 0 0
Nghost:            480 ave         480 max         480 min
Histogram: 1 0 0 0 0 0 0 0 0 0
Neighs:              0 ave           0 max           0 min
Histogram: 1 0 0 0 0 0 0 0 0 0
FullNghs:         2178 ave        2178 max        2178 min
Histogram: 1 0 0 0 0 0 0 0 0 0

Total # of neighbors = 2178
Ave neighs/atom = 34.03125
Neighbor list builds = 0
Dangerous builds = 0
next i
jump SELF loop_struct
clear
  using 1 OpenMP thread(s) per MPI task
log energies.log append
units metal
boundary p p p
atom_style atomic
read_data Si222_${i}.in
read_data Si222_29.in
Reading data file ...
  orthogonal box = (0 0 0) to (10.887404 10.887404 10.887404)
  1 by 1 by 1 MPI processor grid
  reading atoms ...
  64 atoms
  reading velocities ...
  64 velocities
  read_data CPU = 0.001 seconds
mass 1 28.085
pair_style sw
pair_coeff * * Si.sw Si
Reading sw potential file Si.sw with DATE: 2007-06-11
run 0
WARNING: No fixes with time integration, atoms won't move (src/verlet.cpp:60)
Neighbor list info ...
  update: every = 1 steps, delay = 0 steps, check = yes
  max neighbors/atom: 2000, page size: 100000
  master list distance cutoff = 5.77118
  ghost atom cutoff = 5.77118
  binsize = 2.88559, bins = 4 4 4
  1 neighbor lists, perpetual/occasional/extra = 1 0 0
  (1) pair sw, perpetual
      attributes: full, newton on
      pair build: full/bin/atomonly
      stencil: full/bin/3d
      bin: standard
Per MPI rank memory allocation (min/avg/max) = 3.063 | 3.063 | 3.063 Mbytes
   Step          Temp          E_pair         E_mol          TotEng         Press     
         0   0             -275.9901       0             -275.9901      -6383.7112    
Loop time of 1.04e-06 on 1 procs for 0 steps with 64 atoms

96.2% CPU use with 1 MPI tasks x 1 OpenMP threads

MPI task timing breakdown:
Section |  min time  |  avg time  |  max time  |%varavg| %total
---------------------------------------------------------------
Pair    | 0          | 0          | 0          |   0.0 |  0.00
Neigh   | 0          | 0          | 0          |   0.0 |  0.00
Comm    | 0          | 0          | 0          |   0.0 |  0.00
Output  | 0          | 0          | 0          |   0.0 |  0.00
Modify  | 0          | 0          | 0          |   0.0 |  0.00
Other   |            | 1.04e-06   |            |       |100.00

Nlocal:             64 ave          64 max          64 min
Histogram: 1 0 0 0 0 0 0 0 0 0
Nghost:            492 ave         492 max         492 min
Histogram: 1 0 0 0 0 0 0 0 0 0
Neighs:              0 ave           0 max           0 min
Histogram: 1 0 0 0 0 0 0 0 0 0
FullNghs:         2180 ave        2180 max        2180 min
Histogram: 1 0 0 0 0 0 0 0 0 0

Total # of neighbors = 2180
Ave neighs/atom = 34.0625
Neighbor list builds = 0
Dangerous builds = 0
next i
jump SELF loop_struct
clear
  using 1 OpenMP thread(s) per MPI task
log energies.log append
units metal
boundary p p p
atom_style atomic
read_data Si222_${i}.in
read_data Si222_30.in
Reading data file ...
  orthogonal box = (0 0 0) to (10.887404 10.887404 10.887404)
  1 by 1 by 1 MPI processor grid
  reading atoms ...
  64 atoms
  reading velocities ...
  64 velocities
  read_data CPU = 0.001 seconds
mass 1 28.085
pair_style sw
pair_coeff * * Si.sw Si
Reading sw potential file Si.sw with DATE: 2007-06-11
run 0
WARNING: No fixes with time integration, atoms won't move (src/verlet.cpp:60)
Neighbor list info ...
  update: every = 1 steps, delay = 0 steps, check = yes
  max neighbors/atom: 2000, page size: 100000
  master list distance cutoff = 5.77118
  ghost atom cutoff = 5.77118
  binsize = 2.88559, bins = 4 4 4
  1 neighbor lists, perpetual/occasional/extra = 1 0 0
  (1) pair sw, perpetual
      attributes: full, newton on
      pair build: full/bin/atomonly
      stencil: full/bin/3d
      bin: standard
Per MPI rank memory allocation (min/avg/max) = 3.063 | 3.063 | 3.063 Mbytes
   Step          Temp          E_pair         E_mol          TotEng         Press     
         0   0             -275.6675       0             -275.6675      -5825.2579    
Loop time of 1.03e-06 on 1 procs for 0 steps with 64 atoms

97.1% CPU use with 1 MPI tasks x 1 OpenMP threads

MPI task timing breakdown:
Section |  min time  |  avg time  |  max time  |%varavg| %total
---------------------------------------------------------------
Pair    | 0          | 0          | 0          |   0.0 |  0.00
Neigh   | 0          | 0          | 0          |   0.0 |  0.00
Comm    | 0          | 0          | 0          |   0.0 |  0.00
Output  | 0          | 0          | 0          |   0.0 |  0.00
Modify  | 0          | 0          | 0          |   0.0 |  0.00
Other   |            | 1.03e-06   |            |       |100.00

Nlocal:             64 ave          64 max          64 min
Histogram: 1 0 0 0 0 0 0 0 0 0
Nghost:            460 ave         460 max         460 min
Histogram: 1 0 0 0 0 0 0 0 0 0
Neighs:              0 ave           0 max           0 min
Histogram: 1 0 0 0 0 0 0 0 0 0
FullNghs:         2178 ave        2178 max        2178 min
Histogram: 1 0 0 0 0 0 0 0 0 0

Total # of neighbors = 2178
Ave neighs/atom = 34.03125
Neighbor list builds = 0
Dangerous builds = 0
next i
jump SELF loop_struct
clear
  using 1 OpenMP thread(s) per MPI task
log energies.log append
units metal
boundary p p p
atom_style atomic
read_data Si222_${i}.in
read_data Si222_31.in
Reading data file ...
  orthogonal box = (0 0 0) to (10.887404 10.887404 10.887404)
  1 by 1 by 1 MPI processor grid
  reading atoms ...
  64 atoms
  reading velocities ...
  64 velocities
  read_data CPU = 0.001 seconds
mass 1 28.085
pair_style sw
pair_coeff * * Si.sw Si
Reading sw potential file Si.sw with DATE: 2007-06-11
run 0
WARNING: No fixes with time integration, atoms won't move (src/verlet.cpp:60)
Neighbor list info ...
  update: every = 1 steps, delay = 0 steps, check = yes
  max neighbors/atom: 2000, page size: 100000
  master list distance cutoff = 5.77118
  ghost atom cutoff = 5.77118
  binsize = 2.88559, bins = 4 4 4
  1 neighbor lists, perpetual/occasional/extra = 1 0 0
  (1) pair sw, perpetual
      attributes: full, newton on
      pair build: full/bin/atomonly
      stencil: full/bin/3d
      bin: standard
Per MPI rank memory allocation (min/avg/max) = 3.063 | 3.063 | 3.063 Mbytes
   Step          Temp          E_pair         E_mol          TotEng         Press     
         0   0             -276.08608      0             -276.08608     -6207.9914    
Loop time of 1.04e-06 on 1 procs for 0 steps with 64 atoms

0.0% CPU use with 1 MPI tasks x 1 OpenMP threads

MPI task timing breakdown:
Section |  min time  |  avg time  |  max time  |%varavg| %total
---------------------------------------------------------------
Pair    | 0          | 0          | 0          |   0.0 |  0.00
Neigh   | 0          | 0          | 0          |   0.0 |  0.00
Comm    | 0          | 0          | 0          |   0.0 |  0.00
Output  | 0          | 0          | 0          |   0.0 |  0.00
Modify  | 0          | 0          | 0          |   0.0 |  0.00
Other   |            | 1.04e-06   |            |       |100.00

Nlocal:             64 ave          64 max          64 min
Histogram: 1 0 0 0 0 0 0 0 0 0
Nghost:            480 ave         480 max         480 min
Histogram: 1 0 0 0 0 0 0 0 0 0
Neighs:              0 ave           0 max           0 min
Histogram: 1 0 0 0 0 0 0 0 0 0
FullNghs:         2178 ave        2178 max        2178 min
Histogram: 1 0 0 0 0 0 0 0 0 0

Total # of neighbors = 2178
Ave neighs/atom = 34.03125
Neighbor list builds = 0
Dangerous builds = 0
next i
jump SELF loop_struct
clear
  using 1 OpenMP thread(s) per MPI task
log energies.log append
units metal
boundary p p p
atom_style atomic
read_data Si222_${i}.in
read_data Si222_32.in
Reading data file ...
  orthogonal box = (0 0 0) to (10.887404 10.887404 10.887404)
  1 by 1 by 1 MPI processor grid
  reading atoms ...
  64 atoms
  reading velocities ...
  64 velocities
  read_data CPU = 0.001 seconds
mass 1 28.085
pair_style sw
pair_coeff * * Si.sw Si
Reading sw potential file Si.sw with DATE: 2007-06-11
run 0
WARNING: No fixes with time integration, atoms won't move (src/verlet.cpp:60)
Neighbor list info ...
  update: every = 1 steps, delay = 0 steps, check = yes
  max neighbors/atom: 2000, page size: 100000
  master list distance cutoff = 5.77118
  ghost atom cutoff = 5.77118
  binsize = 2.88559, bins = 4 4 4
  1 neighbor lists, perpetual/occasional/extra = 1 0 0
  (1) pair sw, perpetual
      attributes: full, newton on
      pair build: full/bin/atomonly
      stencil: full/bin/3d
      bin: standard
Per MPI rank memory allocation (min/avg/max) = 3.063 | 3.063 | 3.063 Mbytes
   Step          Temp          E_pair         E_mol          TotEng         Press     
         0   0             -275.59392      0             -275.59392     -6053.5969    
Loop time of 1.02e-06 on 1 procs for 0 steps with 64 atoms

98.0% CPU use with 1 MPI tasks x 1 OpenMP threads

MPI task timing breakdown:
Section |  min time  |  avg time  |  max time  |%varavg| %total
---------------------------------------------------------------
Pair    | 0          | 0          | 0          |   0.0 |  0.00
Neigh   | 0          | 0          | 0          |   0.0 |  0.00
Comm    | 0          | 0          | 0          |   0.0 |  0.00
Output  | 0          | 0          | 0          |   0.0 |  0.00
Modify  | 0          | 0          | 0          |   0.0 |  0.00
Other   |            | 1.02e-06   |            |       |100.00

Nlocal:             64 ave          64 max          64 min
Histogram: 1 0 0 0 0 0 0 0 0 0
Nghost:            480 ave         480 max         480 min
Histogram: 1 0 0 0 0 0 0 0 0 0
Neighs:              0 ave           0 max           0 min
Histogram: 1 0 0 0 0 0 0 0 0 0
FullNghs:         2186 ave        2186 max        2186 min
Histogram: 1 0 0 0 0 0 0 0 0 0

Total # of neighbors = 2186
Ave neighs/atom = 34.15625
Neighbor list builds = 0
Dangerous builds = 0
next i
jump SELF loop_struct
clear
  using 1 OpenMP thread(s) per MPI task
log energies.log append
units metal
boundary p p p
atom_style atomic
read_data Si222_${i}.in
read_data Si222_33.in
Reading data file ...
  orthogonal box = (0 0 0) to (10.887404 10.887404 10.887404)
  1 by 1 by 1 MPI processor grid
  reading atoms ...
  64 atoms
  reading velocities ...
  64 velocities
  read_data CPU = 0.001 seconds
mass 1 28.085
pair_style sw
pair_coeff * * Si.sw Si
Reading sw potential file Si.sw with DATE: 2007-06-11
run 0
WARNING: No fixes with time integration, atoms won't move (src/verlet.cpp:60)
Neighbor list info ...
  update: every = 1 steps, delay = 0 steps, check = yes
  max neighbors/atom: 2000, page size: 100000
  master list distance cutoff = 5.77118
  ghost atom cutoff = 5.77118
  binsize = 2.88559, bins = 4 4 4
  1 neighbor lists, perpetual/occasional/extra = 1 0 0
  (1) pair sw, perpetual
      attributes: full, newton on
      pair build: full/bin/atomonly
      stencil: full/bin/3d
      bin: standard
Per MPI rank memory allocation (min/avg/max) = 3.063 | 3.063 | 3.063 Mbytes
   Step          Temp          E_pair         E_mol          TotEng         Press     
         0   0             -275.67254      0             -275.67254     -6107.1749    
Loop time of 1.05e-06 on 1 procs for 0 steps with 64 atoms

0.0% CPU use with 1 MPI tasks x 1 OpenMP threads

MPI task timing breakdown:
Section |  min time  |  avg time  |  max time  |%varavg| %total
---------------------------------------------------------------
Pair    | 0          | 0          | 0          |   0.0 |  0.00
Neigh   | 0          | 0          | 0          |   0.0 |  0.00
Comm    | 0          | 0          | 0          |   0.0 |  0.00
Output  | 0          | 0          | 0          |   0.0 |  0.00
Modify  | 0          | 0          | 0          |   0.0 |  0.00
Other   |            | 1.05e-06   |            |       |100.00

Nlocal:             64 ave          64 max          64 min
Histogram: 1 0 0 0 0 0 0 0 0 0
Nghost:            484 ave         484 max         484 min
Histogram: 1 0 0 0 0 0 0 0 0 0
Neighs:              0 ave           0 max           0 min
Histogram: 1 0 0 0 0 0 0 0 0 0
FullNghs:         2186 ave        2186 max        2186 min
Histogram: 1 0 0 0 0 0 0 0 0 0

Total # of neighbors = 2186
Ave neighs/atom = 34.15625
Neighbor list builds = 0
Dangerous builds = 0
next i
jump SELF loop_struct
clear
  using 1 OpenMP thread(s) per MPI task
log energies.log append
units metal
boundary p p p
atom_style atomic
read_data Si222_${i}.in
read_data Si222_34.in
Reading data file ...
  orthogonal box = (0 0 0) to (10.887404 10.887404 10.887404)
  1 by 1 by 1 MPI processor grid
  reading atoms ...
  64 atoms
  reading velocities ...
  64 velocities
  read_data CPU = 0.001 seconds
mass 1 28.085
pair_style sw
pair_coeff * * Si.sw Si
Reading sw potential file Si.sw with DATE: 2007-06-11
run 0
WARNING: No fixes with time integration, atoms won't move (src/verlet.cpp:60)
Neighbor list info ...
  update: every = 1 steps, delay = 0 steps, check = yes
  max neighbors/atom: 2000, page size: 100000
  master list distance cutoff = 5.77118
  ghost atom cutoff = 5.77118
  binsize = 2.88559, bins = 4 4 4
  1 neighbor lists, perpetual/occasional/extra = 1 0 0
  (1) pair sw, perpetual
      attributes: full, newton on
      pair build: full/bin/atomonly
      stencil: full/bin/3d
      bin: standard
Per MPI rank memory allocation (min/avg/max) = 3.063 | 3.063 | 3.063 Mbytes
   Step          Temp          E_pair         E_mol          TotEng         Press     
         0   0             -275.8277       0             -275.8277      -6332.4612    
Loop time of 1.56e-06 on 1 procs for 0 steps with 64 atoms

64.1% CPU use with 1 MPI tasks x 1 OpenMP threads

MPI task timing breakdown:
Section |  min time  |  avg time  |  max time  |%varavg| %total
---------------------------------------------------------------
Pair    | 0          | 0          | 0          |   0.0 |  0.00
Neigh   | 0          | 0          | 0          |   0.0 |  0.00
Comm    | 0          | 0          | 0          |   0.0 |  0.00
Output  | 0          | 0          | 0          |   0.0 |  0.00
Modify  | 0          | 0          | 0          |   0.0 |  0.00
Other   |            | 1.56e-06   |            |       |100.00

Nlocal:             64 ave          64 max          64 min
Histogram: 1 0 0 0 0 0 0 0 0 0
Nghost:            488 ave         488 max         488 min
Histogram: 1 0 0 0 0 0 0 0 0 0
Neighs:              0 ave           0 max           0 min
Histogram: 1 0 0 0 0 0 0 0 0 0
FullNghs:         2184 ave        2184 max        2184 min
Histogram: 1 0 0 0 0 0 0 0 0 0

Total # of neighbors = 2184
Ave neighs/atom = 34.125
Neighbor list builds = 0
Dangerous builds = 0
next i
jump SELF loop_struct
clear
  using 1 OpenMP thread(s) per MPI task
log energies.log append
units metal
boundary p p p
atom_style atomic
read_data Si222_${i}.in
read_data Si222_35.in
Reading data file ...
  orthogonal box = (0 0 0) to (10.887404 10.887404 10.887404)
  1 by 1 by 1 MPI processor grid
  reading atoms ...
  64 atoms
  reading velocities ...
  64 velocities
  read_data CPU = 0.001 seconds
mass 1 28.085
pair_style sw
pair_coeff * * Si.sw Si
Reading sw potential file Si.sw with DATE: 2007-06-11
run 0
WARNING: No fixes with time integration, atoms won't move (src/verlet.cpp:60)
Neighbor list info ...
  update: every = 1 steps, delay = 0 steps, check = yes
  max neighbors/atom: 2000, page size: 100000
  master list distance cutoff = 5.77118
  ghost atom cutoff = 5.77118
  binsize = 2.88559, bins = 4 4 4
  1 neighbor lists, perpetual/occasional/extra = 1 0 0
  (1) pair sw, perpetual
      attributes: full, newton on
      pair build: full/bin/atomonly
      stencil: full/bin/3d
      bin: standard
Per MPI rank memory allocation (min/avg/max) = 3.072 | 3.072 | 3.072 Mbytes
   Step          Temp          E_pair         E_mol          TotEng         Press     
         0   0             -275.93913      0             -275.93913     -5929.8396    
Loop time of 1.02e-06 on 1 procs for 0 steps with 64 atoms

98.0% CPU use with 1 MPI tasks x 1 OpenMP threads

MPI task timing breakdown:
Section |  min time  |  avg time  |  max time  |%varavg| %total
---------------------------------------------------------------
Pair    | 0          | 0          | 0          |   0.0 |  0.00
Neigh   | 0          | 0          | 0          |   0.0 |  0.00
Comm    | 0          | 0          | 0          |   0.0 |  0.00
Output  | 0          | 0          | 0          |   0.0 |  0.00
Modify  | 0          | 0          | 0          |   0.0 |  0.00
Other   |            | 1.02e-06   |            |       |100.00

Nlocal:             64 ave          64 max          64 min
Histogram: 1 0 0 0 0 0 0 0 0 0
Nghost:            548 ave         548 max         548 min
Histogram: 1 0 0 0 0 0 0 0 0 0
Neighs:              0 ave           0 max           0 min
Histogram: 1 0 0 0 0 0 0 0 0 0
FullNghs:         2178 ave        2178 max        2178 min
Histogram: 1 0 0 0 0 0 0 0 0 0

Total # of neighbors = 2178
Ave neighs/atom = 34.03125
Neighbor list builds = 0
Dangerous builds = 0
next i
jump SELF loop_struct
clear
  using 1 OpenMP thread(s) per MPI task
log energies.log append
units metal
boundary p p p
atom_style atomic
read_data Si222_${i}.in
read_data Si222_36.in
Reading data file ...
  orthogonal box = (0 0 0) to (10.887404 10.887404 10.887404)
  1 by 1 by 1 MPI processor grid
  reading atoms ...
  64 atoms
  reading velocities ...
  64 velocities
  read_data CPU = 0.001 seconds
mass 1 28.085
pair_style sw
pair_coeff * * Si.sw Si
Reading sw potential file Si.sw with DATE: 2007-06-11
run 0
WARNING: No fixes with time integration, atoms won't move (src/verlet.cpp:60)
Neighbor list info ...
  update: every = 1 steps, delay = 0 steps, check = yes
  max neighbors/atom: 2000, page size: 100000
  master list distance cutoff = 5.77118
  ghost atom cutoff = 5.77118
  binsize = 2.88559, bins = 4 4 4
  1 neighbor lists, perpetual/occasional/extra = 1 0 0
  (1) pair sw, perpetual
      attributes: full, newton on
      pair build: full/bin/atomonly
      stencil: full/bin/3d
      bin: standard
Per MPI rank memory allocation (min/avg/max) = 3.063 | 3.063 | 3.063 Mbytes
   Step          Temp          E_pair         E_mol          TotEng         Press     
         0   0             -275.45206      0             -275.45206     -5647.0704    
Loop time of 1.04e-06 on 1 procs for 0 steps with 64 atoms

96.2% CPU use with 1 MPI tasks x 1 OpenMP threads

MPI task timing breakdown:
Section |  min time  |  avg time  |  max time  |%varavg| %total
---------------------------------------------------------------
Pair    | 0          | 0          | 0          |   0.0 |  0.00
Neigh   | 0          | 0          | 0          |   0.0 |  0.00
Comm    | 0          | 0          | 0          |   0.0 |  0.00
Output  | 0          | 0          | 0          |   0.0 |  0.00
Modify  | 0          | 0          | 0          |   0.0 |  0.00
Other   |            | 1.04e-06   |            |       |100.00

Nlocal:             64 ave          64 max          64 min
Histogram: 1 0 0 0 0 0 0 0 0 0
Nghost:            468 ave         468 max         468 min
Histogram: 1 0 0 0 0 0 0 0 0 0
Neighs:              0 ave           0 max           0 min
Histogram: 1 0 0 0 0 0 0 0 0 0
FullNghs:         2184 ave        2184 max        2184 min
Histogram: 1 0 0 0 0 0 0 0 0 0

Total # of neighbors = 2184
Ave neighs/atom = 34.125
Neighbor list builds = 0
Dangerous builds = 0
next i
jump SELF loop_struct
clear
  using 1 OpenMP thread(s) per MPI task
log energies.log append
units metal
boundary p p p
atom_style atomic
read_data Si222_${i}.in
read_data Si222_37.in
Reading data file ...
  orthogonal box = (0 0 0) to (10.887404 10.887404 10.887404)
  1 by 1 by 1 MPI processor grid
  reading atoms ...
  64 atoms
  reading velocities ...
  64 velocities
  read_data CPU = 0.001 seconds
mass 1 28.085
pair_style sw
pair_coeff * * Si.sw Si
Reading sw potential file Si.sw with DATE: 2007-06-11
run 0
WARNING: No fixes with time integration, atoms won't move (src/verlet.cpp:60)
Neighbor list info ...
  update: every = 1 steps, delay = 0 steps, check = yes
  max neighbors/atom: 2000, page size: 100000
  master list distance cutoff = 5.77118
  ghost atom cutoff = 5.77118
  binsize = 2.88559, bins = 4 4 4
  1 neighbor lists, perpetual/occasional/extra = 1 0 0
  (1) pair sw, perpetual
      attributes: full, newton on
      pair build: full/bin/atomonly
      stencil: full/bin/3d
      bin: standard
Per MPI rank memory allocation (min/avg/max) = 3.072 | 3.072 | 3.072 Mbytes
   Step          Temp          E_pair         E_mol          TotEng         Press     
         0   0             -275.72197      0             -275.72197     -5950.3032    
Loop time of 1.02e-06 on 1 procs for 0 steps with 64 atoms

98.0% CPU use with 1 MPI tasks x 1 OpenMP threads

MPI task timing breakdown:
Section |  min time  |  avg time  |  max time  |%varavg| %total
---------------------------------------------------------------
Pair    | 0          | 0          | 0          |   0.0 |  0.00
Neigh   | 0          | 0          | 0          |   0.0 |  0.00
Comm    | 0          | 0          | 0          |   0.0 |  0.00
Output  | 0          | 0          | 0          |   0.0 |  0.00
Modify  | 0          | 0          | 0          |   0.0 |  0.00
Other   |            | 1.02e-06   |            |       |100.00

Nlocal:             64 ave          64 max          64 min
Histogram: 1 0 0 0 0 0 0 0 0 0
Nghost:            530 ave         530 max         530 min
Histogram: 1 0 0 0 0 0 0 0 0 0
Neighs:              0 ave           0 max           0 min
Histogram: 1 0 0 0 0 0 0 0 0 0
FullNghs:         2182 ave        2182 max        2182 min
Histogram: 1 0 0 0 0 0 0 0 0 0

Total # of neighbors = 2182
Ave neighs/atom = 34.09375
Neighbor list builds = 0
Dangerous builds = 0
next i
jump SELF loop_struct
clear
  using 1 OpenMP thread(s) per MPI task
log energies.log append
units metal
boundary p p p
atom_style atomic
read_data Si222_${i}.in
read_data Si222_38.in
Reading data file ...
  orthogonal box = (0 0 0) to (10.887404 10.887404 10.887404)
  1 by 1 by 1 MPI processor grid
  reading atoms ...
  64 atoms
  reading velocities ...
  64 velocities
  read_data CPU = 0.001 seconds
mass 1 28.085
pair_style sw
pair_coeff * * Si.sw Si
Reading sw potential file Si.sw with DATE: 2007-06-11
run 0
WARNING: No fixes with time integration, atoms won't move (src/verlet.cpp:60)
Neighbor list info ...
  update: every = 1 steps, delay = 0 steps, check = yes
  max neighbors/atom: 2000, page size: 100000
  master list distance cutoff = 5.77118
  ghost atom cutoff = 5.77118
  binsize = 2.88559, bins = 4 4 4
  1 neighbor lists, perpetual/occasional/extra = 1 0 0
  (1) pair sw, perpetual
      attributes: full, newton on
      pair build: full/bin/atomonly
      stencil: full/bin/3d
      bin: standard
Per MPI rank memory allocation (min/avg/max) = 3.063 | 3.063 | 3.063 Mbytes
   Step          Temp          E_pair         E_mol          TotEng         Press     
         0   0             -275.64781      0             -275.64781     -5728.0017    
Loop time of 1.12e-06 on 1 procs for 0 steps with 64 atoms

89.3% CPU use with 1 MPI tasks x 1 OpenMP threads

MPI task timing breakdown:
Section |  min time  |  avg time  |  max time  |%varavg| %total
---------------------------------------------------------------
Pair    | 0          | 0          | 0          |   0.0 |  0.00
Neigh   | 0          | 0          | 0          |   0.0 |  0.00
Comm    | 0          | 0          | 0          |   0.0 |  0.00
Output  | 0          | 0          | 0          |   0.0 |  0.00
Modify  | 0          | 0          | 0          |   0.0 |  0.00
Other   |            | 1.12e-06   |            |       |100.00

Nlocal:             64 ave          64 max          64 min
Histogram: 1 0 0 0 0 0 0 0 0 0
Nghost:            476 ave         476 max         476 min
Histogram: 1 0 0 0 0 0 0 0 0 0
Neighs:              0 ave           0 max           0 min
Histogram: 1 0 0 0 0 0 0 0 0 0
FullNghs:         2184 ave        2184 max        2184 min
Histogram: 1 0 0 0 0 0 0 0 0 0

Total # of neighbors = 2184
Ave neighs/atom = 34.125
Neighbor list builds = 0
Dangerous builds = 0
next i
jump SELF loop_struct
clear
  using 1 OpenMP thread(s) per MPI task
log energies.log append
units metal
boundary p p p
atom_style atomic
read_data Si222_${i}.in
read_data Si222_39.in
Reading data file ...
  orthogonal box = (0 0 0) to (10.887404 10.887404 10.887404)
  1 by 1 by 1 MPI processor grid
  reading atoms ...
  64 atoms
  reading velocities ...
  64 velocities
  read_data CPU = 0.001 seconds
mass 1 28.085
pair_style sw
pair_coeff * * Si.sw Si
Reading sw potential file Si.sw with DATE: 2007-06-11
run 0
WARNING: No fixes with time integration, atoms won't move (src/verlet.cpp:60)
Neighbor list info ...
  update: every = 1 steps, delay = 0 steps, check = yes
  max neighbors/atom: 2000, page size: 100000
  master list distance cutoff = 5.77118
  ghost atom cutoff = 5.77118
  binsize = 2.88559, bins = 4 4 4
  1 neighbor lists, perpetual/occasional/extra = 1 0 0
  (1) pair sw, perpetual
      attributes: full, newton on
      pair build: full/bin/atomonly
      stencil: full/bin/3d
      bin: standard
Per MPI rank memory allocation (min/avg/max) = 3.063 | 3.063 | 3.063 Mbytes
   Step          Temp          E_pair         E_mol          TotEng         Press     
         0   0             -275.69689      0             -275.69689     -5932.9764    
Loop time of 1.101e-06 on 1 procs for 0 steps with 64 atoms

181.7% CPU use with 1 MPI tasks x 1 OpenMP threads

MPI task timing breakdown:
Section |  min time  |  avg time  |  max time  |%varavg| %total
---------------------------------------------------------------
Pair    | 0          | 0          | 0          |   0.0 |  0.00
Neigh   | 0          | 0          | 0          |   0.0 |  0.00
Comm    | 0          | 0          | 0          |   0.0 |  0.00
Output  | 0          | 0          | 0          |   0.0 |  0.00
Modify  | 0          | 0          | 0          |   0.0 |  0.00
Other   |            | 1.101e-06  |            |       |100.00

Nlocal:             64 ave          64 max          64 min
Histogram: 1 0 0 0 0 0 0 0 0 0
Nghost:            492 ave         492 max         492 min
Histogram: 1 0 0 0 0 0 0 0 0 0
Neighs:              0 ave           0 max           0 min
Histogram: 1 0 0 0 0 0 0 0 0 0
FullNghs:         2180 ave        2180 max        2180 min
Histogram: 1 0 0 0 0 0 0 0 0 0

Total # of neighbors = 2180
Ave neighs/atom = 34.0625
Neighbor list builds = 0
Dangerous builds = 0
next i
jump SELF loop_struct
clear
  using 1 OpenMP thread(s) per MPI task
log energies.log append
units metal
boundary p p p
atom_style atomic
read_data Si222_${i}.in
read_data Si222_40.in
Reading data file ...
  orthogonal box = (0 0 0) to (10.887404 10.887404 10.887404)
  1 by 1 by 1 MPI processor grid
  reading atoms ...
  64 atoms
  reading velocities ...
  64 velocities
  read_data CPU = 0.001 seconds
mass 1 28.085
pair_style sw
pair_coeff * * Si.sw Si
Reading sw potential file Si.sw with DATE: 2007-06-11
run 0
WARNING: No fixes with time integration, atoms won't move (src/verlet.cpp:60)
Neighbor list info ...
  update: every = 1 steps, delay = 0 steps, check = yes
  max neighbors/atom: 2000, page size: 100000
  master list distance cutoff = 5.77118
  ghost atom cutoff = 5.77118
  binsize = 2.88559, bins = 4 4 4
  1 neighbor lists, perpetual/occasional/extra = 1 0 0
  (1) pair sw, perpetual
      attributes: full, newton on
      pair build: full/bin/atomonly
      stencil: full/bin/3d
      bin: standard
Per MPI rank memory allocation (min/avg/max) = 3.063 | 3.063 | 3.063 Mbytes
   Step          Temp          E_pair         E_mol          TotEng         Press     
         0   0             -275.32224      0             -275.32224     -5479.905     
Loop time of 1.22e-06 on 1 procs for 0 steps with 64 atoms

163.9% CPU use with 1 MPI tasks x 1 OpenMP threads

MPI task timing breakdown:
Section |  min time  |  avg time  |  max time  |%varavg| %total
---------------------------------------------------------------
Pair    | 0          | 0          | 0          |   0.0 |  0.00
Neigh   | 0          | 0          | 0          |   0.0 |  0.00
Comm    | 0          | 0          | 0          |   0.0 |  0.00
Output  | 0          | 0          | 0          |   0.0 |  0.00
Modify  | 0          | 0          | 0          |   0.0 |  0.00
Other   |            | 1.22e-06   |            |       |100.00

Nlocal:             64 ave          64 max          64 min
Histogram: 1 0 0 0 0 0 0 0 0 0
Nghost:            480 ave         480 max         480 min
Histogram: 1 0 0 0 0 0 0 0 0 0
Neighs:              0 ave           0 max           0 min
Histogram: 1 0 0 0 0 0 0 0 0 0
FullNghs:         2182 ave        2182 max        2182 min
Histogram: 1 0 0 0 0 0 0 0 0 0

Total # of neighbors = 2182
Ave neighs/atom = 34.09375
Neighbor list builds = 0
Dangerous builds = 0
next i
jump SELF loop_struct
clear
  using 1 OpenMP thread(s) per MPI task
log energies.log append
units metal
boundary p p p
atom_style atomic
read_data Si222_${i}.in
read_data Si222_41.in
Reading data file ...
  orthogonal box = (0 0 0) to (10.887404 10.887404 10.887404)
  1 by 1 by 1 MPI processor grid
  reading atoms ...
  64 atoms
  reading velocities ...
  64 velocities
  read_data CPU = 0.001 seconds
mass 1 28.085
pair_style sw
pair_coeff * * Si.sw Si
Reading sw potential file Si.sw with DATE: 2007-06-11
run 0
WARNING: No fixes with time integration, atoms won't move (src/verlet.cpp:60)
Neighbor list info ...
  update: every = 1 steps, delay = 0 steps, check = yes
  max neighbors/atom: 2000, page size: 100000
  master list distance cutoff = 5.77118
  ghost atom cutoff = 5.77118
  binsize = 2.88559, bins = 4 4 4
  1 neighbor lists, perpetual/occasional/extra = 1 0 0
  (1) pair sw, perpetual
      attributes: full, newton on
      pair build: full/bin/atomonly
      stencil: full/bin/3d
      bin: standard
Per MPI rank memory allocation (min/avg/max) = 3.063 | 3.063 | 3.063 Mbytes
   Step          Temp          E_pair         E_mol          TotEng         Press     
         0   0             -275.72012      0             -275.72012     -5936.0967    
Loop time of 1.07e-06 on 1 procs for 0 steps with 64 atoms

280.4% CPU use with 1 MPI tasks x 1 OpenMP threads

MPI task timing breakdown:
Section |  min time  |  avg time  |  max time  |%varavg| %total
---------------------------------------------------------------
Pair    | 0          | 0          | 0          |   0.0 |  0.00
Neigh   | 0          | 0          | 0          |   0.0 |  0.00
Comm    | 0          | 0          | 0          |   0.0 |  0.00
Output  | 0          | 0          | 0          |   0.0 |  0.00
Modify  | 0          | 0          | 0          |   0.0 |  0.00
Other   |            | 1.07e-06   |            |       |100.00

Nlocal:             64 ave          64 max          64 min
Histogram: 1 0 0 0 0 0 0 0 0 0
Nghost:            480 ave         480 max         480 min
Histogram: 1 0 0 0 0 0 0 0 0 0
Neighs:              0 ave           0 max           0 min
Histogram: 1 0 0 0 0 0 0 0 0 0
FullNghs:         2188 ave        2188 max        2188 min
Histogram: 1 0 0 0 0 0 0 0 0 0

Total # of neighbors = 2188
Ave neighs/atom = 34.1875
Neighbor list builds = 0
Dangerous builds = 0
next i
jump SELF loop_struct
clear
  using 1 OpenMP thread(s) per MPI task
log energies.log append
units metal
boundary p p p
atom_style atomic
read_data Si222_${i}.in
read_data Si222_42.in
Reading data file ...
  orthogonal box = (0 0 0) to (10.887404 10.887404 10.887404)
  1 by 1 by 1 MPI processor grid
  reading atoms ...
  64 atoms
  reading velocities ...
  64 velocities
  read_data CPU = 0.001 seconds
mass 1 28.085
pair_style sw
pair_coeff * * Si.sw Si
Reading sw potential file Si.sw with DATE: 2007-06-11
run 0
WARNING: No fixes with time integration, atoms won't move (src/verlet.cpp:60)
Neighbor list info ...
  update: every = 1 steps, delay = 0 steps, check = yes
  max neighbors/atom: 2000, page size: 100000
  master list distance cutoff = 5.77118
  ghost atom cutoff = 5.77118
  binsize = 2.88559, bins = 4 4 4
  1 neighbor lists, perpetual/occasional/extra = 1 0 0
  (1) pair sw, perpetual
      attributes: full, newton on
      pair build: full/bin/atomonly
      stencil: full/bin/3d
      bin: standard
Per MPI rank memory allocation (min/avg/max) = 3.063 | 3.063 | 3.063 Mbytes
   Step          Temp          E_pair         E_mol          TotEng         Press     
         0   0             -275.43146      0             -275.43146     -5555.1221    
Loop time of 1.05e-06 on 1 procs for 0 steps with 64 atoms

95.2% CPU use with 1 MPI tasks x 1 OpenMP threads

MPI task timing breakdown:
Section |  min time  |  avg time  |  max time  |%varavg| %total
---------------------------------------------------------------
Pair    | 0          | 0          | 0          |   0.0 |  0.00
Neigh   | 0          | 0          | 0          |   0.0 |  0.00
Comm    | 0          | 0          | 0          |   0.0 |  0.00
Output  | 0          | 0          | 0          |   0.0 |  0.00
Modify  | 0          | 0          | 0          |   0.0 |  0.00
Other   |            | 1.05e-06   |            |       |100.00

Nlocal:             64 ave          64 max          64 min
Histogram: 1 0 0 0 0 0 0 0 0 0
Nghost:            484 ave         484 max         484 min
Histogram: 1 0 0 0 0 0 0 0 0 0
Neighs:              0 ave           0 max           0 min
Histogram: 1 0 0 0 0 0 0 0 0 0
FullNghs:         2178 ave        2178 max        2178 min
Histogram: 1 0 0 0 0 0 0 0 0 0

Total # of neighbors = 2178
Ave neighs/atom = 34.03125
Neighbor list builds = 0
Dangerous builds = 0
next i
jump SELF loop_struct
clear
  using 1 OpenMP thread(s) per MPI task
log energies.log append
units metal
boundary p p p
atom_style atomic
read_data Si222_${i}.in
read_data Si222_43.in
Reading data file ...
  orthogonal box = (0 0 0) to (10.887404 10.887404 10.887404)
  1 by 1 by 1 MPI processor grid
  reading atoms ...
  64 atoms
  reading velocities ...
  64 velocities
  read_data CPU = 0.001 seconds
mass 1 28.085
pair_style sw
pair_coeff * * Si.sw Si
Reading sw potential file Si.sw with DATE: 2007-06-11
run 0
WARNING: No fixes with time integration, atoms won't move (src/verlet.cpp:60)
Neighbor list info ...
  update: every = 1 steps, delay = 0 steps, check = yes
  max neighbors/atom: 2000, page size: 100000
  master list distance cutoff = 5.77118
  ghost atom cutoff = 5.77118
  binsize = 2.88559, bins = 4 4 4
  1 neighbor lists, perpetual/occasional/extra = 1 0 0
  (1) pair sw, perpetual
      attributes: full, newton on
      pair build: full/bin/atomonly
      stencil: full/bin/3d
      bin: standard
Per MPI rank memory allocation (min/avg/max) = 3.063 | 3.063 | 3.063 Mbytes
   Step          Temp          E_pair         E_mol          TotEng         Press     
         0   0             -275.45487      0             -275.45487     -5800.0568    
Loop time of 1.04e-06 on 1 procs for 0 steps with 64 atoms

96.2% CPU use with 1 MPI tasks x 1 OpenMP threads

MPI task timing breakdown:
Section |  min time  |  avg time  |  max time  |%varavg| %total
---------------------------------------------------------------
Pair    | 0          | 0          | 0          |   0.0 |  0.00
Neigh   | 0          | 0          | 0          |   0.0 |  0.00
Comm    | 0          | 0          | 0          |   0.0 |  0.00
Output  | 0          | 0          | 0          |   0.0 |  0.00
Modify  | 0          | 0          | 0          |   0.0 |  0.00
Other   |            | 1.04e-06   |            |       |100.00

Nlocal:             64 ave          64 max          64 min
Histogram: 1 0 0 0 0 0 0 0 0 0
Nghost:            512 ave         512 max         512 min
Histogram: 1 0 0 0 0 0 0 0 0 0
Neighs:              0 ave           0 max           0 min
Histogram: 1 0 0 0 0 0 0 0 0 0
FullNghs:         2182 ave        2182 max        2182 min
Histogram: 1 0 0 0 0 0 0 0 0 0

Total # of neighbors = 2182
Ave neighs/atom = 34.09375
Neighbor list builds = 0
Dangerous builds = 0
next i
jump SELF loop_struct
clear
  using 1 OpenMP thread(s) per MPI task
log energies.log append
units metal
boundary p p p
atom_style atomic
read_data Si222_${i}.in
read_data Si222_44.in
Reading data file ...
  orthogonal box = (0 0 0) to (10.887404 10.887404 10.887404)
  1 by 1 by 1 MPI processor grid
  reading atoms ...
  64 atoms
  reading velocities ...
  64 velocities
  read_data CPU = 0.001 seconds
mass 1 28.085
pair_style sw
pair_coeff * * Si.sw Si
Reading sw potential file Si.sw with DATE: 2007-06-11
run 0
WARNING: No fixes with time integration, atoms won't move (src/verlet.cpp:60)
Neighbor list info ...
  update: every = 1 steps, delay = 0 steps, check = yes
  max neighbors/atom: 2000, page size: 100000
  master list distance cutoff = 5.77118
  ghost atom cutoff = 5.77118
  binsize = 2.88559, bins = 4 4 4
  1 neighbor lists, perpetual/occasional/extra = 1 0 0
  (1) pair sw, perpetual
      attributes: full, newton on
      pair build: full/bin/atomonly
      stencil: full/bin/3d
      bin: standard
Per MPI rank memory allocation (min/avg/max) = 3.063 | 3.063 | 3.063 Mbytes
   Step          Temp          E_pair         E_mol          TotEng         Press     
         0   0             -275.53895      0             -275.53895     -5956.3721    
Loop time of 1.06e-06 on 1 procs for 0 steps with 64 atoms

0.0% CPU use with 1 MPI tasks x 1 OpenMP threads

MPI task timing breakdown:
Section |  min time  |  avg time  |  max time  |%varavg| %total
---------------------------------------------------------------
Pair    | 0          | 0          | 0          |   0.0 |  0.00
Neigh   | 0          | 0          | 0          |   0.0 |  0.00
Comm    | 0          | 0          | 0          |   0.0 |  0.00
Output  | 0          | 0          | 0          |   0.0 |  0.00
Modify  | 0          | 0          | 0          |   0.0 |  0.00
Other   |            | 1.06e-06   |            |       |100.00

Nlocal:             64 ave          64 max          64 min
Histogram: 1 0 0 0 0 0 0 0 0 0
Nghost:            508 ave         508 max         508 min
Histogram: 1 0 0 0 0 0 0 0 0 0
Neighs:              0 ave           0 max           0 min
Histogram: 1 0 0 0 0 0 0 0 0 0
FullNghs:         2182 ave        2182 max        2182 min
Histogram: 1 0 0 0 0 0 0 0 0 0

Total # of neighbors = 2182
Ave neighs/atom = 34.09375
Neighbor list builds = 0
Dangerous builds = 0
next i
jump SELF loop_struct
clear
  using 1 OpenMP thread(s) per MPI task
log energies.log append
units metal
boundary p p p
atom_style atomic
read_data Si222_${i}.in
read_data Si222_45.in
Reading data file ...
  orthogonal box = (0 0 0) to (10.887404 10.887404 10.887404)
  1 by 1 by 1 MPI processor grid
  reading atoms ...
  64 atoms
  reading velocities ...
  64 velocities
  read_data CPU = 0.001 seconds
mass 1 28.085
pair_style sw
pair_coeff * * Si.sw Si
Reading sw potential file Si.sw with DATE: 2007-06-11
run 0
WARNING: No fixes with time integration, atoms won't move (src/verlet.cpp:60)
Neighbor list info ...
  update: every = 1 steps, delay = 0 steps, check = yes
  max neighbors/atom: 2000, page size: 100000
  master list distance cutoff = 5.77118
  ghost atom cutoff = 5.77118
  binsize = 2.88559, bins = 4 4 4
  1 neighbor lists, perpetual/occasional/extra = 1 0 0
  (1) pair sw, perpetual
      attributes: full, newton on
      pair build: full/bin/atomonly
      stencil: full/bin/3d
      bin: standard
Per MPI rank memory allocation (min/avg/max) = 3.063 | 3.063 | 3.063 Mbytes
   Step          Temp          E_pair         E_mol          TotEng         Press     
         0   0             -275.57654      0             -275.57654     -5837.8951    
Loop time of 1.27e-06 on 1 procs for 0 steps with 64 atoms

78.7% CPU use with 1 MPI tasks x 1 OpenMP threads

MPI task timing breakdown:
Section |  min time  |  avg time  |  max time  |%varavg| %total
---------------------------------------------------------------
Pair    | 0          | 0          | 0          |   0.0 |  0.00
Neigh   | 0          | 0          | 0          |   0.0 |  0.00
Comm    | 0          | 0          | 0          |   0.0 |  0.00
Output  | 0          | 0          | 0          |   0.0 |  0.00
Modify  | 0          | 0          | 0          |   0.0 |  0.00
Other   |            | 1.27e-06   |            |       |100.00

Nlocal:             64 ave          64 max          64 min
Histogram: 1 0 0 0 0 0 0 0 0 0
Nghost:            482 ave         482 max         482 min
Histogram: 1 0 0 0 0 0 0 0 0 0
Neighs:              0 ave           0 max           0 min
Histogram: 1 0 0 0 0 0 0 0 0 0
FullNghs:         2178 ave        2178 max        2178 min
Histogram: 1 0 0 0 0 0 0 0 0 0

Total # of neighbors = 2178
Ave neighs/atom = 34.03125
Neighbor list builds = 0
Dangerous builds = 0
next i
jump SELF loop_struct
clear
  using 1 OpenMP thread(s) per MPI task
log energies.log append
units metal
boundary p p p
atom_style atomic
read_data Si222_${i}.in
read_data Si222_46.in
Reading data file ...
  orthogonal box = (0 0 0) to (10.887404 10.887404 10.887404)
  1 by 1 by 1 MPI processor grid
  reading atoms ...
  64 atoms
  reading velocities ...
  64 velocities
  read_data CPU = 0.001 seconds
mass 1 28.085
pair_style sw
pair_coeff * * Si.sw Si
Reading sw potential file Si.sw with DATE: 2007-06-11
run 0
WARNING: No fixes with time integration, atoms won't move (src/verlet.cpp:60)
Neighbor list info ...
  update: every = 1 steps, delay = 0 steps, check = yes
  max neighbors/atom: 2000, page size: 100000
  master list distance cutoff = 5.77118
  ghost atom cutoff = 5.77118
  binsize = 2.88559, bins = 4 4 4
  1 neighbor lists, perpetual/occasional/extra = 1 0 0
  (1) pair sw, perpetual
      attributes: full, newton on
      pair build: full/bin/atomonly
      stencil: full/bin/3d
      bin: standard
Per MPI rank memory allocation (min/avg/max) = 3.063 | 3.063 | 3.063 Mbytes
   Step          Temp          E_pair         E_mol          TotEng         Press     
         0   0             -275.70837      0             -275.70837     -5898.2566    
Loop time of 1.14e-06 on 1 procs for 0 steps with 64 atoms

87.7% CPU use with 1 MPI tasks x 1 OpenMP threads

MPI task timing breakdown:
Section |  min time  |  avg time  |  max time  |%varavg| %total
---------------------------------------------------------------
Pair    | 0          | 0          | 0          |   0.0 |  0.00
Neigh   | 0          | 0          | 0          |   0.0 |  0.00
Comm    | 0          | 0          | 0          |   0.0 |  0.00
Output  | 0          | 0          | 0          |   0.0 |  0.00
Modify  | 0          | 0          | 0          |   0.0 |  0.00
Other   |            | 1.14e-06   |            |       |100.00

Nlocal:             64 ave          64 max          64 min
Histogram: 1 0 0 0 0 0 0 0 0 0
Nghost:            508 ave         508 max         508 min
Histogram: 1 0 0 0 0 0 0 0 0 0
Neighs:              0 ave           0 max           0 min
Histogram: 1 0 0 0 0 0 0 0 0 0
FullNghs:         2178 ave        2178 max        2178 min
Histogram: 1 0 0 0 0 0 0 0 0 0

Total # of neighbors = 2178
Ave neighs/atom = 34.03125
Neighbor list builds = 0
Dangerous builds = 0
next i
jump SELF loop_struct
clear
  using 1 OpenMP thread(s) per MPI task
log energies.log append
units metal
boundary p p p
atom_style atomic
read_data Si222_${i}.in
read_data Si222_47.in
Reading data file ...
  orthogonal box = (0 0 0) to (10.887404 10.887404 10.887404)
  1 by 1 by 1 MPI processor grid
  reading atoms ...
  64 atoms
  reading velocities ...
  64 velocities
  read_data CPU = 0.001 seconds
mass 1 28.085
pair_style sw
pair_coeff * * Si.sw Si
Reading sw potential file Si.sw with DATE: 2007-06-11
run 0
WARNING: No fixes with time integration, atoms won't move (src/verlet.cpp:60)
Neighbor list info ...
  update: every = 1 steps, delay = 0 steps, check = yes
  max neighbors/atom: 2000, page size: 100000
  master list distance cutoff = 5.77118
  ghost atom cutoff = 5.77118
  binsize = 2.88559, bins = 4 4 4
  1 neighbor lists, perpetual/occasional/extra = 1 0 0
  (1) pair sw, perpetual
      attributes: full, newton on
      pair build: full/bin/atomonly
      stencil: full/bin/3d
      bin: standard
Per MPI rank memory allocation (min/avg/max) = 3.063 | 3.063 | 3.063 Mbytes
   Step          Temp          E_pair         E_mol          TotEng         Press     
         0   0             -275.42752      0             -275.42752     -6111.783     
Loop time of 1.15e-06 on 1 procs for 0 steps with 64 atoms

0.0% CPU use with 1 MPI tasks x 1 OpenMP threads

MPI task timing breakdown:
Section |  min time  |  avg time  |  max time  |%varavg| %total
---------------------------------------------------------------
Pair    | 0          | 0          | 0          |   0.0 |  0.00
Neigh   | 0          | 0          | 0          |   0.0 |  0.00
Comm    | 0          | 0          | 0          |   0.0 |  0.00
Output  | 0          | 0          | 0          |   0.0 |  0.00
Modify  | 0          | 0          | 0          |   0.0 |  0.00
Other   |            | 1.15e-06   |            |       |100.00

Nlocal:             64 ave          64 max          64 min
Histogram: 1 0 0 0 0 0 0 0 0 0
Nghost:            514 ave         514 max         514 min
Histogram: 1 0 0 0 0 0 0 0 0 0
Neighs:              0 ave           0 max           0 min
Histogram: 1 0 0 0 0 0 0 0 0 0
FullNghs:         2188 ave        2188 max        2188 min
Histogram: 1 0 0 0 0 0 0 0 0 0

Total # of neighbors = 2188
Ave neighs/atom = 34.1875
Neighbor list builds = 0
Dangerous builds = 0
next i
jump SELF loop_struct
clear
  using 1 OpenMP thread(s) per MPI task
log energies.log append
units metal
boundary p p p
atom_style atomic
read_data Si222_${i}.in
read_data Si222_48.in
Reading data file ...
  orthogonal box = (0 0 0) to (10.887404 10.887404 10.887404)
  1 by 1 by 1 MPI processor grid
  reading atoms ...
  64 atoms
  reading velocities ...
  64 velocities
  read_data CPU = 0.001 seconds
mass 1 28.085
pair_style sw
pair_coeff * * Si.sw Si
Reading sw potential file Si.sw with DATE: 2007-06-11
run 0
WARNING: No fixes with time integration, atoms won't move (src/verlet.cpp:60)
Neighbor list info ...
  update: every = 1 steps, delay = 0 steps, check = yes
  max neighbors/atom: 2000, page size: 100000
  master list distance cutoff = 5.77118
  ghost atom cutoff = 5.77118
  binsize = 2.88559, bins = 4 4 4
  1 neighbor lists, perpetual/occasional/extra = 1 0 0
  (1) pair sw, perpetual
      attributes: full, newton on
      pair build: full/bin/atomonly
      stencil: full/bin/3d
      bin: standard
Per MPI rank memory allocation (min/avg/max) = 3.063 | 3.063 | 3.063 Mbytes
   Step          Temp          E_pair         E_mol          TotEng         Press     
         0   0             -275.46843      0             -275.46843     -5291.7014    
Loop time of 1.02e-06 on 1 procs for 0 steps with 64 atoms

0.0% CPU use with 1 MPI tasks x 1 OpenMP threads

MPI task timing breakdown:
Section |  min time  |  avg time  |  max time  |%varavg| %total
---------------------------------------------------------------
Pair    | 0          | 0          | 0          |   0.0 |  0.00
Neigh   | 0          | 0          | 0          |   0.0 |  0.00
Comm    | 0          | 0          | 0          |   0.0 |  0.00
Output  | 0          | 0          | 0          |   0.0 |  0.00
Modify  | 0          | 0          | 0          |   0.0 |  0.00
Other   |            | 1.02e-06   |            |       |100.00

Nlocal:             64 ave          64 max          64 min
Histogram: 1 0 0 0 0 0 0 0 0 0
Nghost:            512 ave         512 max         512 min
Histogram: 1 0 0 0 0 0 0 0 0 0
Neighs:              0 ave           0 max           0 min
Histogram: 1 0 0 0 0 0 0 0 0 0
FullNghs:         2178 ave        2178 max        2178 min
Histogram: 1 0 0 0 0 0 0 0 0 0

Total # of neighbors = 2178
Ave neighs/atom = 34.03125
Neighbor list builds = 0
Dangerous builds = 0
next i
jump SELF loop_struct
clear
  using 1 OpenMP thread(s) per MPI task
log energies.log append
units metal
boundary p p p
atom_style atomic
read_data Si222_${i}.in
read_data Si222_49.in
Reading data file ...
  orthogonal box = (0 0 0) to (10.887404 10.887404 10.887404)
  1 by 1 by 1 MPI processor grid
  reading atoms ...
  64 atoms
  reading velocities ...
  64 velocities
  read_data CPU = 0.001 seconds
mass 1 28.085
pair_style sw
pair_coeff * * Si.sw Si
Reading sw potential file Si.sw with DATE: 2007-06-11
run 0
WARNING: No fixes with time integration, atoms won't move (src/verlet.cpp:60)
Neighbor list info ...
  update: every = 1 steps, delay = 0 steps, check = yes
  max neighbors/atom: 2000, page size: 100000
  master list distance cutoff = 5.77118
  ghost atom cutoff = 5.77118
  binsize = 2.88559, bins = 4 4 4
  1 neighbor lists, perpetual/occasional/extra = 1 0 0
  (1) pair sw, perpetual
      attributes: full, newton on
      pair build: full/bin/atomonly
      stencil: full/bin/3d
      bin: standard
Per MPI rank memory allocation (min/avg/max) = 3.072 | 3.072 | 3.072 Mbytes
   Step          Temp          E_pair         E_mol          TotEng         Press     
         0   0             -275.60165      0             -275.60165     -5484.2836    
Loop time of 2.6e-06 on 1 procs for 0 steps with 64 atoms

38.5% CPU use with 1 MPI tasks x 1 OpenMP threads

MPI task timing breakdown:
Section |  min time  |  avg time  |  max time  |%varavg| %total
---------------------------------------------------------------
Pair    | 0          | 0          | 0          |   0.0 |  0.00
Neigh   | 0          | 0          | 0          |   0.0 |  0.00
Comm    | 0          | 0          | 0          |   0.0 |  0.00
Output  | 0          | 0          | 0          |   0.0 |  0.00
Modify  | 0          | 0          | 0          |   0.0 |  0.00
Other   |            | 2.6e-06    |            |       |100.00

Nlocal:             64 ave          64 max          64 min
Histogram: 1 0 0 0 0 0 0 0 0 0
Nghost:            544 ave         544 max         544 min
Histogram: 1 0 0 0 0 0 0 0 0 0
Neighs:              0 ave           0 max           0 min
Histogram: 1 0 0 0 0 0 0 0 0 0
FullNghs:         2178 ave        2178 max        2178 min
Histogram: 1 0 0 0 0 0 0 0 0 0

Total # of neighbors = 2178
Ave neighs/atom = 34.03125
Neighbor list builds = 0
Dangerous builds = 0
next i
jump SELF loop_struct
clear
  using 1 OpenMP thread(s) per MPI task
log energies.log append
units metal
boundary p p p
atom_style atomic
read_data Si222_${i}.in
read_data Si222_50.in
Reading data file ...
  orthogonal box = (0 0 0) to (10.887404 10.887404 10.887404)
  1 by 1 by 1 MPI processor grid
  reading atoms ...
  64 atoms
  reading velocities ...
  64 velocities
  read_data CPU = 0.001 seconds
mass 1 28.085
pair_style sw
pair_coeff * * Si.sw Si
Reading sw potential file Si.sw with DATE: 2007-06-11
run 0
WARNING: No fixes with time integration, atoms won't move (src/verlet.cpp:60)
Neighbor list info ...
  update: every = 1 steps, delay = 0 steps, check = yes
  max neighbors/atom: 2000, page size: 100000
  master list distance cutoff = 5.77118
  ghost atom cutoff = 5.77118
  binsize = 2.88559, bins = 4 4 4
  1 neighbor lists, perpetual/occasional/extra = 1 0 0
  (1) pair sw, perpetual
      attributes: full, newton on
      pair build: full/bin/atomonly
      stencil: full/bin/3d
      bin: standard
Per MPI rank memory allocation (min/avg/max) = 3.063 | 3.063 | 3.063 Mbytes
   Step          Temp          E_pair         E_mol          TotEng         Press     
         0   0             -275.51792      0             -275.51792     -5730.4893    
Loop time of 1.13e-06 on 1 procs for 0 steps with 64 atoms

177.0% CPU use with 1 MPI tasks x 1 OpenMP threads

MPI task timing breakdown:
Section |  min time  |  avg time  |  max time  |%varavg| %total
---------------------------------------------------------------
Pair    | 0          | 0          | 0          |   0.0 |  0.00
Neigh   | 0          | 0          | 0          |   0.0 |  0.00
Comm    | 0          | 0          | 0          |   0.0 |  0.00
Output  | 0          | 0          | 0          |   0.0 |  0.00
Modify  | 0          | 0          | 0          |   0.0 |  0.00
Other   |            | 1.13e-06   |            |       |100.00

Nlocal:             64 ave          64 max          64 min
Histogram: 1 0 0 0 0 0 0 0 0 0
Nghost:            508 ave         508 max         508 min
Histogram: 1 0 0 0 0 0 0 0 0 0
Neighs:              0 ave           0 max           0 min
Histogram: 1 0 0 0 0 0 0 0 0 0
FullNghs:         2182 ave        2182 max        2182 min
Histogram: 1 0 0 0 0 0 0 0 0 0

Total # of neighbors = 2182
Ave neighs/atom = 34.09375
Neighbor list builds = 0
Dangerous builds = 0
next i
jump SELF loop_struct
clear
  using 1 OpenMP thread(s) per MPI task
log energies.log append
units metal
boundary p p p
atom_style atomic
read_data Si222_${i}.in
read_data Si222_51.in
Reading data file ...
  orthogonal box = (0 0 0) to (10.887404 10.887404 10.887404)
  1 by 1 by 1 MPI processor grid
  reading atoms ...
  64 atoms
  reading velocities ...
  64 velocities
  read_data CPU = 0.001 seconds
mass 1 28.085
pair_style sw
pair_coeff * * Si.sw Si
Reading sw potential file Si.sw with DATE: 2007-06-11
run 0
WARNING: No fixes with time integration, atoms won't move (src/verlet.cpp:60)
Neighbor list info ...
  update: every = 1 steps, delay = 0 steps, check = yes
  max neighbors/atom: 2000, page size: 100000
  master list distance cutoff = 5.77118
  ghost atom cutoff = 5.77118
  binsize = 2.88559, bins = 4 4 4
  1 neighbor lists, perpetual/occasional/extra = 1 0 0
  (1) pair sw, perpetual
      attributes: full, newton on
      pair build: full/bin/atomonly
      stencil: full/bin/3d
      bin: standard
Per MPI rank memory allocation (min/avg/max) = 3.063 | 3.063 | 3.063 Mbytes
   Step          Temp          E_pair         E_mol          TotEng         Press     
         0   0             -275.40611      0             -275.40611     -5797.0312    
Loop time of 1.01e-06 on 1 procs for 0 steps with 64 atoms

99.0% CPU use with 1 MPI tasks x 1 OpenMP threads

MPI task timing breakdown:
Section |  min time  |  avg time  |  max time  |%varavg| %total
---------------------------------------------------------------
Pair    | 0          | 0          | 0          |   0.0 |  0.00
Neigh   | 0          | 0          | 0          |   0.0 |  0.00
Comm    | 0          | 0          | 0          |   0.0 |  0.00
Output  | 0          | 0          | 0          |   0.0 |  0.00
Modify  | 0          | 0          | 0          |   0.0 |  0.00
Other   |            | 1.01e-06   |            |       |100.00

Nlocal:             64 ave          64 max          64 min
Histogram: 1 0 0 0 0 0 0 0 0 0
Nghost:            508 ave         508 max         508 min
Histogram: 1 0 0 0 0 0 0 0 0 0
Neighs:              0 ave           0 max           0 min
Histogram: 1 0 0 0 0 0 0 0 0 0
FullNghs:         2190 ave        2190 max        2190 min
Histogram: 1 0 0 0 0 0 0 0 0 0

Total # of neighbors = 2190
Ave neighs/atom = 34.21875
Neighbor list builds = 0
Dangerous builds = 0
next i
jump SELF loop_struct
clear
  using 1 OpenMP thread(s) per MPI task
log energies.log append
units metal
boundary p p p
atom_style atomic
read_data Si222_${i}.in
read_data Si222_52.in
Reading data file ...
  orthogonal box = (0 0 0) to (10.887404 10.887404 10.887404)
  1 by 1 by 1 MPI processor grid
  reading atoms ...
  64 atoms
  reading velocities ...
  64 velocities
  read_data CPU = 0.001 seconds
mass 1 28.085
pair_style sw
pair_coeff * * Si.sw Si
Reading sw potential file Si.sw with DATE: 2007-06-11
run 0
WARNING: No fixes with time integration, atoms won't move (src/verlet.cpp:60)
Neighbor list info ...
  update: every = 1 steps, delay = 0 steps, check = yes
  max neighbors/atom: 2000, page size: 100000
  master list distance cutoff = 5.77118
  ghost atom cutoff = 5.77118
  binsize = 2.88559, bins = 4 4 4
  1 neighbor lists, perpetual/occasional/extra = 1 0 0
  (1) pair sw, perpetual
      attributes: full, newton on
      pair build: full/bin/atomonly
      stencil: full/bin/3d
      bin: standard
Per MPI rank memory allocation (min/avg/max) = 3.063 | 3.063 | 3.063 Mbytes
   Step          Temp          E_pair         E_mol          TotEng         Press     
         0   0             -275.68067      0             -275.68067     -6057.0187    
Loop time of 1.01e-06 on 1 procs for 0 steps with 64 atoms

0.0% CPU use with 1 MPI tasks x 1 OpenMP threads

MPI task timing breakdown:
Section |  min time  |  avg time  |  max time  |%varavg| %total
---------------------------------------------------------------
Pair    | 0          | 0          | 0          |   0.0 |  0.00
Neigh   | 0          | 0          | 0          |   0.0 |  0.00
Comm    | 0          | 0          | 0          |   0.0 |  0.00
Output  | 0          | 0          | 0          |   0.0 |  0.00
Modify  | 0          | 0          | 0          |   0.0 |  0.00
Other   |            | 1.01e-06   |            |       |100.00

Nlocal:             64 ave          64 max          64 min
Histogram: 1 0 0 0 0 0 0 0 0 0
Nghost:            516 ave         516 max         516 min
Histogram: 1 0 0 0 0 0 0 0 0 0
Neighs:              0 ave           0 max           0 min
Histogram: 1 0 0 0 0 0 0 0 0 0
FullNghs:         2178 ave        2178 max        2178 min
Histogram: 1 0 0 0 0 0 0 0 0 0

Total # of neighbors = 2178
Ave neighs/atom = 34.03125
Neighbor list builds = 0
Dangerous builds = 0
next i
jump SELF loop_struct
clear
  using 1 OpenMP thread(s) per MPI task
log energies.log append
units metal
boundary p p p
atom_style atomic
read_data Si222_${i}.in
read_data Si222_53.in
Reading data file ...
  orthogonal box = (0 0 0) to (10.887404 10.887404 10.887404)
  1 by 1 by 1 MPI processor grid
  reading atoms ...
  64 atoms
  reading velocities ...
  64 velocities
  read_data CPU = 0.001 seconds
mass 1 28.085
pair_style sw
pair_coeff * * Si.sw Si
Reading sw potential file Si.sw with DATE: 2007-06-11
run 0
WARNING: No fixes with time integration, atoms won't move (src/verlet.cpp:60)
Neighbor list info ...
  update: every = 1 steps, delay = 0 steps, check = yes
  max neighbors/atom: 2000, page size: 100000
  master list distance cutoff = 5.77118
  ghost atom cutoff = 5.77118
  binsize = 2.88559, bins = 4 4 4
  1 neighbor lists, perpetual/occasional/extra = 1 0 0
  (1) pair sw, perpetual
      attributes: full, newton on
      pair build: full/bin/atomonly
      stencil: full/bin/3d
      bin: standard
Per MPI rank memory allocation (min/avg/max) = 3.063 | 3.063 | 3.063 Mbytes
   Step          Temp          E_pair         E_mol          TotEng         Press     
         0   0             -275.71212      0             -275.71212     -5983.1405    
Loop time of 1.02e-06 on 1 procs for 0 steps with 64 atoms

98.0% CPU use with 1 MPI tasks x 1 OpenMP threads

MPI task timing breakdown:
Section |  min time  |  avg time  |  max time  |%varavg| %total
---------------------------------------------------------------
Pair    | 0          | 0          | 0          |   0.0 |  0.00
Neigh   | 0          | 0          | 0          |   0.0 |  0.00
Comm    | 0          | 0          | 0          |   0.0 |  0.00
Output  | 0          | 0          | 0          |   0.0 |  0.00
Modify  | 0          | 0          | 0          |   0.0 |  0.00
Other   |            | 1.02e-06   |            |       |100.00

Nlocal:             64 ave          64 max          64 min
Histogram: 1 0 0 0 0 0 0 0 0 0
Nghost:            480 ave         480 max         480 min
Histogram: 1 0 0 0 0 0 0 0 0 0
Neighs:              0 ave           0 max           0 min
Histogram: 1 0 0 0 0 0 0 0 0 0
FullNghs:         2186 ave        2186 max        2186 min
Histogram: 1 0 0 0 0 0 0 0 0 0

Total # of neighbors = 2186
Ave neighs/atom = 34.15625
Neighbor list builds = 0
Dangerous builds = 0
next i
jump SELF loop_struct
clear
  using 1 OpenMP thread(s) per MPI task
log energies.log append
units metal
boundary p p p
atom_style atomic
read_data Si222_${i}.in
read_data Si222_54.in
Reading data file ...
  orthogonal box = (0 0 0) to (10.887404 10.887404 10.887404)
  1 by 1 by 1 MPI processor grid
  reading atoms ...
  64 atoms
  reading velocities ...
  64 velocities
  read_data CPU = 0.001 seconds
mass 1 28.085
pair_style sw
pair_coeff * * Si.sw Si
Reading sw potential file Si.sw with DATE: 2007-06-11
run 0
WARNING: No fixes with time integration, atoms won't move (src/verlet.cpp:60)
Neighbor list info ...
  update: every = 1 steps, delay = 0 steps, check = yes
  max neighbors/atom: 2000, page size: 100000
  master list distance cutoff = 5.77118
  ghost atom cutoff = 5.77118
  binsize = 2.88559, bins = 4 4 4
  1 neighbor lists, perpetual/occasional/extra = 1 0 0
  (1) pair sw, perpetual
      attributes: full, newton on
      pair build: full/bin/atomonly
      stencil: full/bin/3d
      bin: standard
Per MPI rank memory allocation (min/avg/max) = 3.063 | 3.063 | 3.063 Mbytes
   Step          Temp          E_pair         E_mol          TotEng         Press     
         0   0             -275.23894      0             -275.23894     -5258.7636    
Loop time of 1.02e-06 on 1 procs for 0 steps with 64 atoms

98.0% CPU use with 1 MPI tasks x 1 OpenMP threads

MPI task timing breakdown:
Section |  min time  |  avg time  |  max time  |%varavg| %total
---------------------------------------------------------------
Pair    | 0          | 0          | 0          |   0.0 |  0.00
Neigh   | 0          | 0          | 0          |   0.0 |  0.00
Comm    | 0          | 0          | 0          |   0.0 |  0.00
Output  | 0          | 0          | 0          |   0.0 |  0.00
Modify  | 0          | 0          | 0          |   0.0 |  0.00
Other   |            | 1.02e-06   |            |       |100.00

Nlocal:             64 ave          64 max          64 min
Histogram: 1 0 0 0 0 0 0 0 0 0
Nghost:            504 ave         504 max         504 min
Histogram: 1 0 0 0 0 0 0 0 0 0
Neighs:              0 ave           0 max           0 min
Histogram: 1 0 0 0 0 0 0 0 0 0
FullNghs:         2178 ave        2178 max        2178 min
Histogram: 1 0 0 0 0 0 0 0 0 0

Total # of neighbors = 2178
Ave neighs/atom = 34.03125
Neighbor list builds = 0
Dangerous builds = 0
next i
jump SELF loop_struct
clear
  using 1 OpenMP thread(s) per MPI task
log energies.log append
units metal
boundary p p p
atom_style atomic
read_data Si222_${i}.in
read_data Si222_55.in
Reading data file ...
  orthogonal box = (0 0 0) to (10.887404 10.887404 10.887404)
  1 by 1 by 1 MPI processor grid
  reading atoms ...
  64 atoms
  reading velocities ...
  64 velocities
  read_data CPU = 0.001 seconds
mass 1 28.085
pair_style sw
pair_coeff * * Si.sw Si
Reading sw potential file Si.sw with DATE: 2007-06-11
run 0
WARNING: No fixes with time integration, atoms won't move (src/verlet.cpp:60)
Neighbor list info ...
  update: every = 1 steps, delay = 0 steps, check = yes
  max neighbors/atom: 2000, page size: 100000
  master list distance cutoff = 5.77118
  ghost atom cutoff = 5.77118
  binsize = 2.88559, bins = 4 4 4
  1 neighbor lists, perpetual/occasional/extra = 1 0 0
  (1) pair sw, perpetual
      attributes: full, newton on
      pair build: full/bin/atomonly
      stencil: full/bin/3d
      bin: standard
Per MPI rank memory allocation (min/avg/max) = 3.063 | 3.063 | 3.063 Mbytes
   Step          Temp          E_pair         E_mol          TotEng         Press     
         0   0             -275.59172      0             -275.59172     -5722.6707    
Loop time of 1.22e-06 on 1 procs for 0 steps with 64 atoms

82.0% CPU use with 1 MPI tasks x 1 OpenMP threads

MPI task timing breakdown:
Section |  min time  |  avg time  |  max time  |%varavg| %total
---------------------------------------------------------------
Pair    | 0          | 0          | 0          |   0.0 |  0.00
Neigh   | 0          | 0          | 0          |   0.0 |  0.00
Comm    | 0          | 0          | 0          |   0.0 |  0.00
Output  | 0          | 0          | 0          |   0.0 |  0.00
Modify  | 0          | 0          | 0          |   0.0 |  0.00
Other   |            | 1.22e-06   |            |       |100.00

Nlocal:             64 ave          64 max          64 min
Histogram: 1 0 0 0 0 0 0 0 0 0
Nghost:            496 ave         496 max         496 min
Histogram: 1 0 0 0 0 0 0 0 0 0
Neighs:              0 ave           0 max           0 min
Histogram: 1 0 0 0 0 0 0 0 0 0
FullNghs:         2180 ave        2180 max        2180 min
Histogram: 1 0 0 0 0 0 0 0 0 0

Total # of neighbors = 2180
Ave neighs/atom = 34.0625
Neighbor list builds = 0
Dangerous builds = 0
next i
jump SELF loop_struct
clear
  using 1 OpenMP thread(s) per MPI task
log energies.log append
units metal
boundary p p p
atom_style atomic
read_data Si222_${i}.in
read_data Si222_56.in
Reading data file ...
  orthogonal box = (0 0 0) to (10.887404 10.887404 10.887404)
  1 by 1 by 1 MPI processor grid
  reading atoms ...
  64 atoms
  reading velocities ...
  64 velocities
  read_data CPU = 0.001 seconds
mass 1 28.085
pair_style sw
pair_coeff * * Si.sw Si
Reading sw potential file Si.sw with DATE: 2007-06-11
run 0
WARNING: No fixes with time integration, atoms won't move (src/verlet.cpp:60)
Neighbor list info ...
  update: every = 1 steps, delay = 0 steps, check = yes
  max neighbors/atom: 2000, page size: 100000
  master list distance cutoff = 5.77118
  ghost atom cutoff = 5.77118
  binsize = 2.88559, bins = 4 4 4
  1 neighbor lists, perpetual/occasional/extra = 1 0 0
  (1) pair sw, perpetual
      attributes: full, newton on
      pair build: full/bin/atomonly
      stencil: full/bin/3d
      bin: standard
Per MPI rank memory allocation (min/avg/max) = 3.063 | 3.063 | 3.063 Mbytes
   Step          Temp          E_pair         E_mol          TotEng         Press     
         0   0             -275.77841      0             -275.77841     -6147.9988    
Loop time of 1.26e-06 on 1 procs for 0 steps with 64 atoms

0.0% CPU use with 1 MPI tasks x 1 OpenMP threads

MPI task timing breakdown:
Section |  min time  |  avg time  |  max time  |%varavg| %total
---------------------------------------------------------------
Pair    | 0          | 0          | 0          |   0.0 |  0.00
Neigh   | 0          | 0          | 0          |   0.0 |  0.00
Comm    | 0          | 0          | 0          |   0.0 |  0.00
Output  | 0          | 0          | 0          |   0.0 |  0.00
Modify  | 0          | 0          | 0          |   0.0 |  0.00
Other   |            | 1.26e-06   |            |       |100.00

Nlocal:             64 ave          64 max          64 min
Histogram: 1 0 0 0 0 0 0 0 0 0
Nghost:            480 ave         480 max         480 min
Histogram: 1 0 0 0 0 0 0 0 0 0
Neighs:              0 ave           0 max           0 min
Histogram: 1 0 0 0 0 0 0 0 0 0
FullNghs:         2182 ave        2182 max        2182 min
Histogram: 1 0 0 0 0 0 0 0 0 0

Total # of neighbors = 2182
Ave neighs/atom = 34.09375
Neighbor list builds = 0
Dangerous builds = 0
next i
jump SELF loop_struct
clear
  using 1 OpenMP thread(s) per MPI task
log energies.log append
units metal
boundary p p p
atom_style atomic
read_data Si222_${i}.in
read_data Si222_57.in
Reading data file ...
  orthogonal box = (0 0 0) to (10.887404 10.887404 10.887404)
  1 by 1 by 1 MPI processor grid
  reading atoms ...
  64 atoms
  reading velocities ...
  64 velocities
  read_data CPU = 0.001 seconds
mass 1 28.085
pair_style sw
pair_coeff * * Si.sw Si
Reading sw potential file Si.sw with DATE: 2007-06-11
run 0
WARNING: No fixes with time integration, atoms won't move (src/verlet.cpp:60)
Neighbor list info ...
  update: every = 1 steps, delay = 0 steps, check = yes
  max neighbors/atom: 2000, page size: 100000
  master list distance cutoff = 5.77118
  ghost atom cutoff = 5.77118
  binsize = 2.88559, bins = 4 4 4
  1 neighbor lists, perpetual/occasional/extra = 1 0 0
  (1) pair sw, perpetual
      attributes: full, newton on
      pair build: full/bin/atomonly
      stencil: full/bin/3d
      bin: standard
Per MPI rank memory allocation (min/avg/max) = 3.063 | 3.063 | 3.063 Mbytes
   Step          Temp          E_pair         E_mol          TotEng         Press     
         0   0             -275.50107      0             -275.50107     -5808.6836    
Loop time of 1.03e-06 on 1 procs for 0 steps with 64 atoms

0.0% CPU use with 1 MPI tasks x 1 OpenMP threads

MPI task timing breakdown:
Section |  min time  |  avg time  |  max time  |%varavg| %total
---------------------------------------------------------------
Pair    | 0          | 0          | 0          |   0.0 |  0.00
Neigh   | 0          | 0          | 0          |   0.0 |  0.00
Comm    | 0          | 0          | 0          |   0.0 |  0.00
Output  | 0          | 0          | 0          |   0.0 |  0.00
Modify  | 0          | 0          | 0          |   0.0 |  0.00
Other   |            | 1.03e-06   |            |       |100.00

Nlocal:             64 ave          64 max          64 min
Histogram: 1 0 0 0 0 0 0 0 0 0
Nghost:            502 ave         502 max         502 min
Histogram: 1 0 0 0 0 0 0 0 0 0
Neighs:              0 ave           0 max           0 min
Histogram: 1 0 0 0 0 0 0 0 0 0
FullNghs:         2184 ave        2184 max        2184 min
Histogram: 1 0 0 0 0 0 0 0 0 0

Total # of neighbors = 2184
Ave neighs/atom = 34.125
Neighbor list builds = 0
Dangerous builds = 0
next i
jump SELF loop_struct
clear
  using 1 OpenMP thread(s) per MPI task
log energies.log append
units metal
boundary p p p
atom_style atomic
read_data Si222_${i}.in
read_data Si222_58.in
Reading data file ...
  orthogonal box = (0 0 0) to (10.887404 10.887404 10.887404)
  1 by 1 by 1 MPI processor grid
  reading atoms ...
  64 atoms
  reading velocities ...
  64 velocities
  read_data CPU = 0.001 seconds
mass 1 28.085
pair_style sw
pair_coeff * * Si.sw Si
Reading sw potential file Si.sw with DATE: 2007-06-11
run 0
WARNING: No fixes with time integration, atoms won't move (src/verlet.cpp:60)
Neighbor list info ...
  update: every = 1 steps, delay = 0 steps, check = yes
  max neighbors/atom: 2000, page size: 100000
  master list distance cutoff = 5.77118
  ghost atom cutoff = 5.77118
  binsize = 2.88559, bins = 4 4 4
  1 neighbor lists, perpetual/occasional/extra = 1 0 0
  (1) pair sw, perpetual
      attributes: full, newton on
      pair build: full/bin/atomonly
      stencil: full/bin/3d
      bin: standard
Per MPI rank memory allocation (min/avg/max) = 3.063 | 3.063 | 3.063 Mbytes
   Step          Temp          E_pair         E_mol          TotEng         Press     
         0   0             -275.6773       0             -275.6773      -5774.5826    
Loop time of 2.96e-06 on 1 procs for 0 steps with 64 atoms

33.8% CPU use with 1 MPI tasks x 1 OpenMP threads

MPI task timing breakdown:
Section |  min time  |  avg time  |  max time  |%varavg| %total
---------------------------------------------------------------
Pair    | 0          | 0          | 0          |   0.0 |  0.00
Neigh   | 0          | 0          | 0          |   0.0 |  0.00
Comm    | 0          | 0          | 0          |   0.0 |  0.00
Output  | 0          | 0          | 0          |   0.0 |  0.00
Modify  | 0          | 0          | 0          |   0.0 |  0.00
Other   |            | 2.96e-06   |            |       |100.00

Nlocal:             64 ave          64 max          64 min
Histogram: 1 0 0 0 0 0 0 0 0 0
Nghost:            512 ave         512 max         512 min
Histogram: 1 0 0 0 0 0 0 0 0 0
Neighs:              0 ave           0 max           0 min
Histogram: 1 0 0 0 0 0 0 0 0 0
FullNghs:         2182 ave        2182 max        2182 min
Histogram: 1 0 0 0 0 0 0 0 0 0

Total # of neighbors = 2182
Ave neighs/atom = 34.09375
Neighbor list builds = 0
Dangerous builds = 0
next i
jump SELF loop_struct
clear
  using 1 OpenMP thread(s) per MPI task
log energies.log append
units metal
boundary p p p
atom_style atomic
read_data Si222_${i}.in
read_data Si222_59.in
Reading data file ...
  orthogonal box = (0 0 0) to (10.887404 10.887404 10.887404)
  1 by 1 by 1 MPI processor grid
  reading atoms ...
  64 atoms
  reading velocities ...
  64 velocities
  read_data CPU = 0.001 seconds
mass 1 28.085
pair_style sw
pair_coeff * * Si.sw Si
Reading sw potential file Si.sw with DATE: 2007-06-11
run 0
WARNING: No fixes with time integration, atoms won't move (src/verlet.cpp:60)
Neighbor list info ...
  update: every = 1 steps, delay = 0 steps, check = yes
  max neighbors/atom: 2000, page size: 100000
  master list distance cutoff = 5.77118
  ghost atom cutoff = 5.77118
  binsize = 2.88559, bins = 4 4 4
  1 neighbor lists, perpetual/occasional/extra = 1 0 0
  (1) pair sw, perpetual
      attributes: full, newton on
      pair build: full/bin/atomonly
      stencil: full/bin/3d
      bin: standard
Per MPI rank memory allocation (min/avg/max) = 3.063 | 3.063 | 3.063 Mbytes
   Step          Temp          E_pair         E_mol          TotEng         Press     
         0   0             -275.95142      0             -275.95142     -5842.6913    
Loop time of 1.11e-06 on 1 procs for 0 steps with 64 atoms

0.0% CPU use with 1 MPI tasks x 1 OpenMP threads

MPI task timing breakdown:
Section |  min time  |  avg time  |  max time  |%varavg| %total
---------------------------------------------------------------
Pair    | 0          | 0          | 0          |   0.0 |  0.00
Neigh   | 0          | 0          | 0          |   0.0 |  0.00
Comm    | 0          | 0          | 0          |   0.0 |  0.00
Output  | 0          | 0          | 0          |   0.0 |  0.00
Modify  | 0          | 0          | 0          |   0.0 |  0.00
Other   |            | 1.11e-06   |            |       |100.00

Nlocal:             64 ave          64 max          64 min
Histogram: 1 0 0 0 0 0 0 0 0 0
Nghost:            484 ave         484 max         484 min
Histogram: 1 0 0 0 0 0 0 0 0 0
Neighs:              0 ave           0 max           0 min
Histogram: 1 0 0 0 0 0 0 0 0 0
FullNghs:         2178 ave        2178 max        2178 min
Histogram: 1 0 0 0 0 0 0 0 0 0

Total # of neighbors = 2178
Ave neighs/atom = 34.03125
Neighbor list builds = 0
Dangerous builds = 0
next i
jump SELF loop_struct
clear
  using 1 OpenMP thread(s) per MPI task
log energies.log append
units metal
boundary p p p
atom_style atomic
read_data Si222_${i}.in
read_data Si222_60.in
Reading data file ...
  orthogonal box = (0 0 0) to (10.887404 10.887404 10.887404)
  1 by 1 by 1 MPI processor grid
  reading atoms ...
  64 atoms
  reading velocities ...
  64 velocities
  read_data CPU = 0.001 seconds
mass 1 28.085
pair_style sw
pair_coeff * * Si.sw Si
Reading sw potential file Si.sw with DATE: 2007-06-11
run 0
WARNING: No fixes with time integration, atoms won't move (src/verlet.cpp:60)
Neighbor list info ...
  update: every = 1 steps, delay = 0 steps, check = yes
  max neighbors/atom: 2000, page size: 100000
  master list distance cutoff = 5.77118
  ghost atom cutoff = 5.77118
  binsize = 2.88559, bins = 4 4 4
  1 neighbor lists, perpetual/occasional/extra = 1 0 0
  (1) pair sw, perpetual
      attributes: full, newton on
      pair build: full/bin/atomonly
      stencil: full/bin/3d
      bin: standard
Per MPI rank memory allocation (min/avg/max) = 3.063 | 3.063 | 3.063 Mbytes
   Step          Temp          E_pair         E_mol          TotEng         Press     
         0   0             -275.63672      0             -275.63672     -6127.9712    
Loop time of 1.01e-06 on 1 procs for 0 steps with 64 atoms

0.0% CPU use with 1 MPI tasks x 1 OpenMP threads

MPI task timing breakdown:
Section |  min time  |  avg time  |  max time  |%varavg| %total
---------------------------------------------------------------
Pair    | 0          | 0          | 0          |   0.0 |  0.00
Neigh   | 0          | 0          | 0          |   0.0 |  0.00
Comm    | 0          | 0          | 0          |   0.0 |  0.00
Output  | 0          | 0          | 0          |   0.0 |  0.00
Modify  | 0          | 0          | 0          |   0.0 |  0.00
Other   |            | 1.01e-06   |            |       |100.00

Nlocal:             64 ave          64 max          64 min
Histogram: 1 0 0 0 0 0 0 0 0 0
Nghost:            516 ave         516 max         516 min
Histogram: 1 0 0 0 0 0 0 0 0 0
Neighs:              0 ave           0 max           0 min
Histogram: 1 0 0 0 0 0 0 0 0 0
FullNghs:         2178 ave        2178 max        2178 min
Histogram: 1 0 0 0 0 0 0 0 0 0

Total # of neighbors = 2178
Ave neighs/atom = 34.03125
Neighbor list builds = 0
Dangerous builds = 0
next i
jump SELF loop_struct
clear
  using 1 OpenMP thread(s) per MPI task
log energies.log append
units metal
boundary p p p
atom_style atomic
read_data Si222_${i}.in
read_data Si222_61.in
Reading data file ...
  orthogonal box = (0 0 0) to (10.887404 10.887404 10.887404)
  1 by 1 by 1 MPI processor grid
  reading atoms ...
  64 atoms
  reading velocities ...
  64 velocities
  read_data CPU = 0.001 seconds
mass 1 28.085
pair_style sw
pair_coeff * * Si.sw Si
Reading sw potential file Si.sw with DATE: 2007-06-11
run 0
WARNING: No fixes with time integration, atoms won't move (src/verlet.cpp:60)
Neighbor list info ...
  update: every = 1 steps, delay = 0 steps, check = yes
  max neighbors/atom: 2000, page size: 100000
  master list distance cutoff = 5.77118
  ghost atom cutoff = 5.77118
  binsize = 2.88559, bins = 4 4 4
  1 neighbor lists, perpetual/occasional/extra = 1 0 0
  (1) pair sw, perpetual
      attributes: full, newton on
      pair build: full/bin/atomonly
      stencil: full/bin/3d
      bin: standard
Per MPI rank memory allocation (min/avg/max) = 3.063 | 3.063 | 3.063 Mbytes
   Step          Temp          E_pair         E_mol          TotEng         Press     
         0   0             -275.43898      0             -275.43898     -5866.205     
Loop time of 1.02e-06 on 1 procs for 0 steps with 64 atoms

98.0% CPU use with 1 MPI tasks x 1 OpenMP threads

MPI task timing breakdown:
Section |  min time  |  avg time  |  max time  |%varavg| %total
---------------------------------------------------------------
Pair    | 0          | 0          | 0          |   0.0 |  0.00
Neigh   | 0          | 0          | 0          |   0.0 |  0.00
Comm    | 0          | 0          | 0          |   0.0 |  0.00
Output  | 0          | 0          | 0          |   0.0 |  0.00
Modify  | 0          | 0          | 0          |   0.0 |  0.00
Other   |            | 1.02e-06   |            |       |100.00

Nlocal:             64 ave          64 max          64 min
Histogram: 1 0 0 0 0 0 0 0 0 0
Nghost:            480 ave         480 max         480 min
Histogram: 1 0 0 0 0 0 0 0 0 0
Neighs:              0 ave           0 max           0 min
Histogram: 1 0 0 0 0 0 0 0 0 0
FullNghs:         2188 ave        2188 max        2188 min
Histogram: 1 0 0 0 0 0 0 0 0 0

Total # of neighbors = 2188
Ave neighs/atom = 34.1875
Neighbor list builds = 0
Dangerous builds = 0
next i
jump SELF loop_struct
clear
  using 1 OpenMP thread(s) per MPI task
log energies.log append
units metal
boundary p p p
atom_style atomic
read_data Si222_${i}.in
read_data Si222_62.in
Reading data file ...
  orthogonal box = (0 0 0) to (10.887404 10.887404 10.887404)
  1 by 1 by 1 MPI processor grid
  reading atoms ...
  64 atoms
  reading velocities ...
  64 velocities
  read_data CPU = 0.001 seconds
mass 1 28.085
pair_style sw
pair_coeff * * Si.sw Si
Reading sw potential file Si.sw with DATE: 2007-06-11
run 0
WARNING: No fixes with time integration, atoms won't move (src/verlet.cpp:60)
Neighbor list info ...
  update: every = 1 steps, delay = 0 steps, check = yes
  max neighbors/atom: 2000, page size: 100000
  master list distance cutoff = 5.77118
  ghost atom cutoff = 5.77118
  binsize = 2.88559, bins = 4 4 4
  1 neighbor lists, perpetual/occasional/extra = 1 0 0
  (1) pair sw, perpetual
      attributes: full, newton on
      pair build: full/bin/atomonly
      stencil: full/bin/3d
      bin: standard
Per MPI rank memory allocation (min/avg/max) = 3.063 | 3.063 | 3.063 Mbytes
   Step          Temp          E_pair         E_mol          TotEng         Press     
         0   0             -275.81914      0             -275.81914     -5875.7006    
Loop time of 1.04e-06 on 1 procs for 0 steps with 64 atoms

96.2% CPU use with 1 MPI tasks x 1 OpenMP threads

MPI task timing breakdown:
Section |  min time  |  avg time  |  max time  |%varavg| %total
---------------------------------------------------------------
Pair    | 0          | 0          | 0          |   0.0 |  0.00
Neigh   | 0          | 0          | 0          |   0.0 |  0.00
Comm    | 0          | 0          | 0          |   0.0 |  0.00
Output  | 0          | 0          | 0          |   0.0 |  0.00
Modify  | 0          | 0          | 0          |   0.0 |  0.00
Other   |            | 1.04e-06   |            |       |100.00

Nlocal:             64 ave          64 max          64 min
Histogram: 1 0 0 0 0 0 0 0 0 0
Nghost:            512 ave         512 max         512 min
Histogram: 1 0 0 0 0 0 0 0 0 0
Neighs:              0 ave           0 max           0 min
Histogram: 1 0 0 0 0 0 0 0 0 0
FullNghs:         2182 ave        2182 max        2182 min
Histogram: 1 0 0 0 0 0 0 0 0 0

Total # of neighbors = 2182
Ave neighs/atom = 34.09375
Neighbor list builds = 0
Dangerous builds = 0
next i
jump SELF loop_struct
clear
  using 1 OpenMP thread(s) per MPI task
log energies.log append
units metal
boundary p p p
atom_style atomic
read_data Si222_${i}.in
read_data Si222_63.in
Reading data file ...
  orthogonal box = (0 0 0) to (10.887404 10.887404 10.887404)
  1 by 1 by 1 MPI processor grid
  reading atoms ...
  64 atoms
  reading velocities ...
  64 velocities
  read_data CPU = 0.001 seconds
mass 1 28.085
pair_style sw
pair_coeff * * Si.sw Si
Reading sw potential file Si.sw with DATE: 2007-06-11
run 0
WARNING: No fixes with time integration, atoms won't move (src/verlet.cpp:60)
Neighbor list info ...
  update: every = 1 steps, delay = 0 steps, check = yes
  max neighbors/atom: 2000, page size: 100000
  master list distance cutoff = 5.77118
  ghost atom cutoff = 5.77118
  binsize = 2.88559, bins = 4 4 4
  1 neighbor lists, perpetual/occasional/extra = 1 0 0
  (1) pair sw, perpetual
      attributes: full, newton on
      pair build: full/bin/atomonly
      stencil: full/bin/3d
      bin: standard
Per MPI rank memory allocation (min/avg/max) = 3.071 | 3.071 | 3.071 Mbytes
   Step          Temp          E_pair         E_mol          TotEng         Press     
         0   0             -275.72162      0             -275.72162     -5780.0631    
Loop time of 1.01e-06 on 1 procs for 0 steps with 64 atoms

0.0% CPU use with 1 MPI tasks x 1 OpenMP threads

MPI task timing breakdown:
Section |  min time  |  avg time  |  max time  |%varavg| %total
---------------------------------------------------------------
Pair    | 0          | 0          | 0          |   0.0 |  0.00
Neigh   | 0          | 0          | 0          |   0.0 |  0.00
Comm    | 0          | 0          | 0          |   0.0 |  0.00
Output  | 0          | 0          | 0          |   0.0 |  0.00
Modify  | 0          | 0          | 0          |   0.0 |  0.00
Other   |            | 1.01e-06   |            |       |100.00

Nlocal:             64 ave          64 max          64 min
Histogram: 1 0 0 0 0 0 0 0 0 0
Nghost:            516 ave         516 max         516 min
Histogram: 1 0 0 0 0 0 0 0 0 0
Neighs:              0 ave           0 max           0 min
Histogram: 1 0 0 0 0 0 0 0 0 0
FullNghs:         2182 ave        2182 max        2182 min
Histogram: 1 0 0 0 0 0 0 0 0 0

Total # of neighbors = 2182
Ave neighs/atom = 34.09375
Neighbor list builds = 0
Dangerous builds = 0
next i
jump SELF loop_struct
clear
  using 1 OpenMP thread(s) per MPI task
log energies.log append
units metal
boundary p p p
atom_style atomic
read_data Si222_${i}.in
read_data Si222_64.in
Reading data file ...
  orthogonal box = (0 0 0) to (10.887404 10.887404 10.887404)
  1 by 1 by 1 MPI processor grid
  reading atoms ...
  64 atoms
  reading velocities ...
  64 velocities
  read_data CPU = 0.001 seconds
mass 1 28.085
pair_style sw
pair_coeff * * Si.sw Si
Reading sw potential file Si.sw with DATE: 2007-06-11
run 0
WARNING: No fixes with time integration, atoms won't move (src/verlet.cpp:60)
Neighbor list info ...
  update: every = 1 steps, delay = 0 steps, check = yes
  max neighbors/atom: 2000, page size: 100000
  master list distance cutoff = 5.77118
  ghost atom cutoff = 5.77118
  binsize = 2.88559, bins = 4 4 4
  1 neighbor lists, perpetual/occasional/extra = 1 0 0
  (1) pair sw, perpetual
      attributes: full, newton on
      pair build: full/bin/atomonly
      stencil: full/bin/3d
      bin: standard
Per MPI rank memory allocation (min/avg/max) = 3.063 | 3.063 | 3.063 Mbytes
   Step          Temp          E_pair         E_mol          TotEng         Press     
         0   0             -275.75877      0             -275.75877     -5909.3031    
Loop time of 1.04e-06 on 1 procs for 0 steps with 64 atoms

96.2% CPU use with 1 MPI tasks x 1 OpenMP threads

MPI task timing breakdown:
Section |  min time  |  avg time  |  max time  |%varavg| %total
---------------------------------------------------------------
Pair    | 0          | 0          | 0          |   0.0 |  0.00
Neigh   | 0          | 0          | 0          |   0.0 |  0.00
Comm    | 0          | 0          | 0          |   0.0 |  0.00
Output  | 0          | 0          | 0          |   0.0 |  0.00
Modify  | 0          | 0          | 0          |   0.0 |  0.00
Other   |            | 1.04e-06   |            |       |100.00

Nlocal:             64 ave          64 max          64 min
Histogram: 1 0 0 0 0 0 0 0 0 0
Nghost:            476 ave         476 max         476 min
Histogram: 1 0 0 0 0 0 0 0 0 0
Neighs:              0 ave           0 max           0 min
Histogram: 1 0 0 0 0 0 0 0 0 0
FullNghs:         2180 ave        2180 max        2180 min
Histogram: 1 0 0 0 0 0 0 0 0 0

Total # of neighbors = 2180
Ave neighs/atom = 34.0625
Neighbor list builds = 0
Dangerous builds = 0
next i
jump SELF loop_struct
clear
  using 1 OpenMP thread(s) per MPI task
log energies.log append
units metal
boundary p p p
atom_style atomic
read_data Si222_${i}.in
read_data Si222_65.in
Reading data file ...
  orthogonal box = (0 0 0) to (10.887404 10.887404 10.887404)
  1 by 1 by 1 MPI processor grid
  reading atoms ...
  64 atoms
  reading velocities ...
  64 velocities
  read_data CPU = 0.001 seconds
mass 1 28.085
pair_style sw
pair_coeff * * Si.sw Si
Reading sw potential file Si.sw with DATE: 2007-06-11
run 0
WARNING: No fixes with time integration, atoms won't move (src/verlet.cpp:60)
Neighbor list info ...
  update: every = 1 steps, delay = 0 steps, check = yes
  max neighbors/atom: 2000, page size: 100000
  master list distance cutoff = 5.77118
  ghost atom cutoff = 5.77118
  binsize = 2.88559, bins = 4 4 4
  1 neighbor lists, perpetual/occasional/extra = 1 0 0
  (1) pair sw, perpetual
      attributes: full, newton on
      pair build: full/bin/atomonly
      stencil: full/bin/3d
      bin: standard
Per MPI rank memory allocation (min/avg/max) = 3.063 | 3.063 | 3.063 Mbytes
   Step          Temp          E_pair         E_mol          TotEng         Press     
         0   0             -275.5537       0             -275.5537      -6151.251     
Loop time of 1.02e-06 on 1 procs for 0 steps with 64 atoms

98.0% CPU use with 1 MPI tasks x 1 OpenMP threads

MPI task timing breakdown:
Section |  min time  |  avg time  |  max time  |%varavg| %total
---------------------------------------------------------------
Pair    | 0          | 0          | 0          |   0.0 |  0.00
Neigh   | 0          | 0          | 0          |   0.0 |  0.00
Comm    | 0          | 0          | 0          |   0.0 |  0.00
Output  | 0          | 0          | 0          |   0.0 |  0.00
Modify  | 0          | 0          | 0          |   0.0 |  0.00
Other   |            | 1.02e-06   |            |       |100.00

Nlocal:             64 ave          64 max          64 min
Histogram: 1 0 0 0 0 0 0 0 0 0
Nghost:            480 ave         480 max         480 min
Histogram: 1 0 0 0 0 0 0 0 0 0
Neighs:              0 ave           0 max           0 min
Histogram: 1 0 0 0 0 0 0 0 0 0
FullNghs:         2188 ave        2188 max        2188 min
Histogram: 1 0 0 0 0 0 0 0 0 0

Total # of neighbors = 2188
Ave neighs/atom = 34.1875
Neighbor list builds = 0
Dangerous builds = 0
next i
jump SELF loop_struct
clear
  using 1 OpenMP thread(s) per MPI task
log energies.log append
units metal
boundary p p p
atom_style atomic
read_data Si222_${i}.in
read_data Si222_66.in
Reading data file ...
  orthogonal box = (0 0 0) to (10.887404 10.887404 10.887404)
  1 by 1 by 1 MPI processor grid
  reading atoms ...
  64 atoms
  reading velocities ...
  64 velocities
  read_data CPU = 0.001 seconds
mass 1 28.085
pair_style sw
pair_coeff * * Si.sw Si
Reading sw potential file Si.sw with DATE: 2007-06-11
run 0
WARNING: No fixes with time integration, atoms won't move (src/verlet.cpp:60)
Neighbor list info ...
  update: every = 1 steps, delay = 0 steps, check = yes
  max neighbors/atom: 2000, page size: 100000
  master list distance cutoff = 5.77118
  ghost atom cutoff = 5.77118
  binsize = 2.88559, bins = 4 4 4
  1 neighbor lists, perpetual/occasional/extra = 1 0 0
  (1) pair sw, perpetual
      attributes: full, newton on
      pair build: full/bin/atomonly
      stencil: full/bin/3d
      bin: standard
Per MPI rank memory allocation (min/avg/max) = 3.063 | 3.063 | 3.063 Mbytes
   Step          Temp          E_pair         E_mol          TotEng         Press     
         0   0             -275.35201      0             -275.35201     -6036.1404    
Loop time of 1.03e-06 on 1 procs for 0 steps with 64 atoms

0.0% CPU use with 1 MPI tasks x 1 OpenMP threads

MPI task timing breakdown:
Section |  min time  |  avg time  |  max time  |%varavg| %total
---------------------------------------------------------------
Pair    | 0          | 0          | 0          |   0.0 |  0.00
Neigh   | 0          | 0          | 0          |   0.0 |  0.00
Comm    | 0          | 0          | 0          |   0.0 |  0.00
Output  | 0          | 0          | 0          |   0.0 |  0.00
Modify  | 0          | 0          | 0          |   0.0 |  0.00
Other   |            | 1.03e-06   |            |       |100.00

Nlocal:             64 ave          64 max          64 min
Histogram: 1 0 0 0 0 0 0 0 0 0
Nghost:            484 ave         484 max         484 min
Histogram: 1 0 0 0 0 0 0 0 0 0
Neighs:              0 ave           0 max           0 min
Histogram: 1 0 0 0 0 0 0 0 0 0
FullNghs:         2184 ave        2184 max        2184 min
Histogram: 1 0 0 0 0 0 0 0 0 0

Total # of neighbors = 2184
Ave neighs/atom = 34.125
Neighbor list builds = 0
Dangerous builds = 0
next i
jump SELF loop_struct
clear
  using 1 OpenMP thread(s) per MPI task
log energies.log append
units metal
boundary p p p
atom_style atomic
read_data Si222_${i}.in
read_data Si222_67.in
Reading data file ...
  orthogonal box = (0 0 0) to (10.887404 10.887404 10.887404)
  1 by 1 by 1 MPI processor grid
  reading atoms ...
  64 atoms
  reading velocities ...
  64 velocities
  read_data CPU = 0.001 seconds
mass 1 28.085
pair_style sw
pair_coeff * * Si.sw Si
Reading sw potential file Si.sw with DATE: 2007-06-11
run 0
WARNING: No fixes with time integration, atoms won't move (src/verlet.cpp:60)
Neighbor list info ...
  update: every = 1 steps, delay = 0 steps, check = yes
  max neighbors/atom: 2000, page size: 100000
  master list distance cutoff = 5.77118
  ghost atom cutoff = 5.77118
  binsize = 2.88559, bins = 4 4 4
  1 neighbor lists, perpetual/occasional/extra = 1 0 0
  (1) pair sw, perpetual
      attributes: full, newton on
      pair build: full/bin/atomonly
      stencil: full/bin/3d
      bin: standard
Per MPI rank memory allocation (min/avg/max) = 3.072 | 3.072 | 3.072 Mbytes
   Step          Temp          E_pair         E_mol          TotEng         Press     
         0   0             -275.72785      0             -275.72785     -6053.1325    
Loop time of 1.02e-06 on 1 procs for 0 steps with 64 atoms

0.0% CPU use with 1 MPI tasks x 1 OpenMP threads

MPI task timing breakdown:
Section |  min time  |  avg time  |  max time  |%varavg| %total
---------------------------------------------------------------
Pair    | 0          | 0          | 0          |   0.0 |  0.00
Neigh   | 0          | 0          | 0          |   0.0 |  0.00
Comm    | 0          | 0          | 0          |   0.0 |  0.00
Output  | 0          | 0          | 0          |   0.0 |  0.00
Modify  | 0          | 0          | 0          |   0.0 |  0.00
Other   |            | 1.02e-06   |            |       |100.00

Nlocal:             64 ave          64 max          64 min
Histogram: 1 0 0 0 0 0 0 0 0 0
Nghost:            548 ave         548 max         548 min
Histogram: 1 0 0 0 0 0 0 0 0 0
Neighs:              0 ave           0 max           0 min
Histogram: 1 0 0 0 0 0 0 0 0 0
FullNghs:         2184 ave        2184 max        2184 min
Histogram: 1 0 0 0 0 0 0 0 0 0

Total # of neighbors = 2184
Ave neighs/atom = 34.125
Neighbor list builds = 0
Dangerous builds = 0
next i
jump SELF loop_struct
clear
  using 1 OpenMP thread(s) per MPI task
log energies.log append
units metal
boundary p p p
atom_style atomic
read_data Si222_${i}.in
read_data Si222_68.in
Reading data file ...
  orthogonal box = (0 0 0) to (10.887404 10.887404 10.887404)
  1 by 1 by 1 MPI processor grid
  reading atoms ...
  64 atoms
  reading velocities ...
  64 velocities
  read_data CPU = 0.001 seconds
mass 1 28.085
pair_style sw
pair_coeff * * Si.sw Si
Reading sw potential file Si.sw with DATE: 2007-06-11
run 0
WARNING: No fixes with time integration, atoms won't move (src/verlet.cpp:60)
Neighbor list info ...
  update: every = 1 steps, delay = 0 steps, check = yes
  max neighbors/atom: 2000, page size: 100000
  master list distance cutoff = 5.77118
  ghost atom cutoff = 5.77118
  binsize = 2.88559, bins = 4 4 4
  1 neighbor lists, perpetual/occasional/extra = 1 0 0
  (1) pair sw, perpetual
      attributes: full, newton on
      pair build: full/bin/atomonly
      stencil: full/bin/3d
      bin: standard
Per MPI rank memory allocation (min/avg/max) = 3.063 | 3.063 | 3.063 Mbytes
   Step          Temp          E_pair         E_mol          TotEng         Press     
         0   0             -275.75201      0             -275.75201     -6089.2213    
Loop time of 1.01e-06 on 1 procs for 0 steps with 64 atoms

99.0% CPU use with 1 MPI tasks x 1 OpenMP threads

MPI task timing breakdown:
Section |  min time  |  avg time  |  max time  |%varavg| %total
---------------------------------------------------------------
Pair    | 0          | 0          | 0          |   0.0 |  0.00
Neigh   | 0          | 0          | 0          |   0.0 |  0.00
Comm    | 0          | 0          | 0          |   0.0 |  0.00
Output  | 0          | 0          | 0          |   0.0 |  0.00
Modify  | 0          | 0          | 0          |   0.0 |  0.00
Other   |            | 1.01e-06   |            |       |100.00

Nlocal:             64 ave          64 max          64 min
Histogram: 1 0 0 0 0 0 0 0 0 0
Nghost:            480 ave         480 max         480 min
Histogram: 1 0 0 0 0 0 0 0 0 0
Neighs:              0 ave           0 max           0 min
Histogram: 1 0 0 0 0 0 0 0 0 0
FullNghs:         2182 ave        2182 max        2182 min
Histogram: 1 0 0 0 0 0 0 0 0 0

Total # of neighbors = 2182
Ave neighs/atom = 34.09375
Neighbor list builds = 0
Dangerous builds = 0
next i
jump SELF loop_struct
clear
  using 1 OpenMP thread(s) per MPI task
log energies.log append
units metal
boundary p p p
atom_style atomic
read_data Si222_${i}.in
read_data Si222_69.in
Reading data file ...
  orthogonal box = (0 0 0) to (10.887404 10.887404 10.887404)
  1 by 1 by 1 MPI processor grid
  reading atoms ...
  64 atoms
  reading velocities ...
  64 velocities
  read_data CPU = 0.001 seconds
mass 1 28.085
pair_style sw
pair_coeff * * Si.sw Si
Reading sw potential file Si.sw with DATE: 2007-06-11
run 0
WARNING: No fixes with time integration, atoms won't move (src/verlet.cpp:60)
Neighbor list info ...
  update: every = 1 steps, delay = 0 steps, check = yes
  max neighbors/atom: 2000, page size: 100000
  master list distance cutoff = 5.77118
  ghost atom cutoff = 5.77118
  binsize = 2.88559, bins = 4 4 4
  1 neighbor lists, perpetual/occasional/extra = 1 0 0
  (1) pair sw, perpetual
      attributes: full, newton on
      pair build: full/bin/atomonly
      stencil: full/bin/3d
      bin: standard
Per MPI rank memory allocation (min/avg/max) = 3.071 | 3.071 | 3.071 Mbytes
   Step          Temp          E_pair         E_mol          TotEng         Press     
         0   0             -275.74477      0             -275.74477     -5987.1258    
Loop time of 1.04e-06 on 1 procs for 0 steps with 64 atoms

192.3% CPU use with 1 MPI tasks x 1 OpenMP threads

MPI task timing breakdown:
Section |  min time  |  avg time  |  max time  |%varavg| %total
---------------------------------------------------------------
Pair    | 0          | 0          | 0          |   0.0 |  0.00
Neigh   | 0          | 0          | 0          |   0.0 |  0.00
Comm    | 0          | 0          | 0          |   0.0 |  0.00
Output  | 0          | 0          | 0          |   0.0 |  0.00
Modify  | 0          | 0          | 0          |   0.0 |  0.00
Other   |            | 1.04e-06   |            |       |100.00

Nlocal:             64 ave          64 max          64 min
Histogram: 1 0 0 0 0 0 0 0 0 0
Nghost:            532 ave         532 max         532 min
Histogram: 1 0 0 0 0 0 0 0 0 0
Neighs:              0 ave           0 max           0 min
Histogram: 1 0 0 0 0 0 0 0 0 0
FullNghs:         2180 ave        2180 max        2180 min
Histogram: 1 0 0 0 0 0 0 0 0 0

Total # of neighbors = 2180
Ave neighs/atom = 34.0625
Neighbor list builds = 0
Dangerous builds = 0
next i
jump SELF loop_struct
clear
  using 1 OpenMP thread(s) per MPI task
log energies.log append
units metal
boundary p p p
atom_style atomic
read_data Si222_${i}.in
read_data Si222_70.in
Reading data file ...
  orthogonal box = (0 0 0) to (10.887404 10.887404 10.887404)
  1 by 1 by 1 MPI processor grid
  reading atoms ...
  64 atoms
  reading velocities ...
  64 velocities
  read_data CPU = 0.001 seconds
mass 1 28.085
pair_style sw
pair_coeff * * Si.sw Si
Reading sw potential file Si.sw with DATE: 2007-06-11
run 0
WARNING: No fixes with time integration, atoms won't move (src/verlet.cpp:60)
Neighbor list info ...
  update: every = 1 steps, delay = 0 steps, check = yes
  max neighbors/atom: 2000, page size: 100000
  master list distance cutoff = 5.77118
  ghost atom cutoff = 5.77118
  binsize = 2.88559, bins = 4 4 4
  1 neighbor lists, perpetual/occasional/extra = 1 0 0
  (1) pair sw, perpetual
      attributes: full, newton on
      pair build: full/bin/atomonly
      stencil: full/bin/3d
      bin: standard
Per MPI rank memory allocation (min/avg/max) = 3.063 | 3.063 | 3.063 Mbytes
   Step          Temp          E_pair         E_mol          TotEng         Press     
         0   0             -275.65118      0             -275.65118     -5800.9314    
Loop time of 1e-06 on 1 procs for 0 steps with 64 atoms

0.0% CPU use with 1 MPI tasks x 1 OpenMP threads

MPI task timing breakdown:
Section |  min time  |  avg time  |  max time  |%varavg| %total
---------------------------------------------------------------
Pair    | 0          | 0          | 0          |   0.0 |  0.00
Neigh   | 0          | 0          | 0          |   0.0 |  0.00
Comm    | 0          | 0          | 0          |   0.0 |  0.00
Output  | 0          | 0          | 0          |   0.0 |  0.00
Modify  | 0          | 0          | 0          |   0.0 |  0.00
Other   |            | 1e-06      |            |       |100.00

Nlocal:             64 ave          64 max          64 min
Histogram: 1 0 0 0 0 0 0 0 0 0
Nghost:            480 ave         480 max         480 min
Histogram: 1 0 0 0 0 0 0 0 0 0
Neighs:              0 ave           0 max           0 min
Histogram: 1 0 0 0 0 0 0 0 0 0
FullNghs:         2182 ave        2182 max        2182 min
Histogram: 1 0 0 0 0 0 0 0 0 0

Total # of neighbors = 2182
Ave neighs/atom = 34.09375
Neighbor list builds = 0
Dangerous builds = 0
next i
jump SELF loop_struct
clear
  using 1 OpenMP thread(s) per MPI task
log energies.log append
units metal
boundary p p p
atom_style atomic
read_data Si222_${i}.in
read_data Si222_71.in
Reading data file ...
  orthogonal box = (0 0 0) to (10.887404 10.887404 10.887404)
  1 by 1 by 1 MPI processor grid
  reading atoms ...
  64 atoms
  reading velocities ...
  64 velocities
  read_data CPU = 0.001 seconds
mass 1 28.085
pair_style sw
pair_coeff * * Si.sw Si
Reading sw potential file Si.sw with DATE: 2007-06-11
run 0
WARNING: No fixes with time integration, atoms won't move (src/verlet.cpp:60)
Neighbor list info ...
  update: every = 1 steps, delay = 0 steps, check = yes
  max neighbors/atom: 2000, page size: 100000
  master list distance cutoff = 5.77118
  ghost atom cutoff = 5.77118
  binsize = 2.88559, bins = 4 4 4
  1 neighbor lists, perpetual/occasional/extra = 1 0 0
  (1) pair sw, perpetual
      attributes: full, newton on
      pair build: full/bin/atomonly
      stencil: full/bin/3d
      bin: standard
Per MPI rank memory allocation (min/avg/max) = 3.063 | 3.063 | 3.063 Mbytes
   Step          Temp          E_pair         E_mol          TotEng         Press     
         0   0             -275.60842      0             -275.60842     -5847.9651    
Loop time of 1.04e-06 on 1 procs for 0 steps with 64 atoms

96.2% CPU use with 1 MPI tasks x 1 OpenMP threads

MPI task timing breakdown:
Section |  min time  |  avg time  |  max time  |%varavg| %total
---------------------------------------------------------------
Pair    | 0          | 0          | 0          |   0.0 |  0.00
Neigh   | 0          | 0          | 0          |   0.0 |  0.00
Comm    | 0          | 0          | 0          |   0.0 |  0.00
Output  | 0          | 0          | 0          |   0.0 |  0.00
Modify  | 0          | 0          | 0          |   0.0 |  0.00
Other   |            | 1.04e-06   |            |       |100.00

Nlocal:             64 ave          64 max          64 min
Histogram: 1 0 0 0 0 0 0 0 0 0
Nghost:            488 ave         488 max         488 min
Histogram: 1 0 0 0 0 0 0 0 0 0
Neighs:              0 ave           0 max           0 min
Histogram: 1 0 0 0 0 0 0 0 0 0
FullNghs:         2184 ave        2184 max        2184 min
Histogram: 1 0 0 0 0 0 0 0 0 0

Total # of neighbors = 2184
Ave neighs/atom = 34.125
Neighbor list builds = 0
Dangerous builds = 0
next i
jump SELF loop_struct
clear
  using 1 OpenMP thread(s) per MPI task
log energies.log append
units metal
boundary p p p
atom_style atomic
read_data Si222_${i}.in
read_data Si222_72.in
Reading data file ...
  orthogonal box = (0 0 0) to (10.887404 10.887404 10.887404)
  1 by 1 by 1 MPI processor grid
  reading atoms ...
  64 atoms
  reading velocities ...
  64 velocities
  read_data CPU = 0.001 seconds
mass 1 28.085
pair_style sw
pair_coeff * * Si.sw Si
Reading sw potential file Si.sw with DATE: 2007-06-11
run 0
WARNING: No fixes with time integration, atoms won't move (src/verlet.cpp:60)
Neighbor list info ...
  update: every = 1 steps, delay = 0 steps, check = yes
  max neighbors/atom: 2000, page size: 100000
  master list distance cutoff = 5.77118
  ghost atom cutoff = 5.77118
  binsize = 2.88559, bins = 4 4 4
  1 neighbor lists, perpetual/occasional/extra = 1 0 0
  (1) pair sw, perpetual
      attributes: full, newton on
      pair build: full/bin/atomonly
      stencil: full/bin/3d
      bin: standard
Per MPI rank memory allocation (min/avg/max) = 3.063 | 3.063 | 3.063 Mbytes
   Step          Temp          E_pair         E_mol          TotEng         Press     
         0   0             -275.5706       0             -275.5706      -5649.4392    
Loop time of 1.04e-06 on 1 procs for 0 steps with 64 atoms

0.0% CPU use with 1 MPI tasks x 1 OpenMP threads

MPI task timing breakdown:
Section |  min time  |  avg time  |  max time  |%varavg| %total
---------------------------------------------------------------
Pair    | 0          | 0          | 0          |   0.0 |  0.00
Neigh   | 0          | 0          | 0          |   0.0 |  0.00
Comm    | 0          | 0          | 0          |   0.0 |  0.00
Output  | 0          | 0          | 0          |   0.0 |  0.00
Modify  | 0          | 0          | 0          |   0.0 |  0.00
Other   |            | 1.04e-06   |            |       |100.00

Nlocal:             64 ave          64 max          64 min
Histogram: 1 0 0 0 0 0 0 0 0 0
Nghost:            464 ave         464 max         464 min
Histogram: 1 0 0 0 0 0 0 0 0 0
Neighs:              0 ave           0 max           0 min
Histogram: 1 0 0 0 0 0 0 0 0 0
FullNghs:         2176 ave        2176 max        2176 min
Histogram: 1 0 0 0 0 0 0 0 0 0

Total # of neighbors = 2176
Ave neighs/atom = 34
Neighbor list builds = 0
Dangerous builds = 0
next i
jump SELF loop_struct
clear
  using 1 OpenMP thread(s) per MPI task
log energies.log append
units metal
boundary p p p
atom_style atomic
read_data Si222_${i}.in
read_data Si222_73.in
Reading data file ...
  orthogonal box = (0 0 0) to (10.887404 10.887404 10.887404)
  1 by 1 by 1 MPI processor grid
  reading atoms ...
  64 atoms
  reading velocities ...
  64 velocities
  read_data CPU = 0.001 seconds
mass 1 28.085
pair_style sw
pair_coeff * * Si.sw Si
Reading sw potential file Si.sw with DATE: 2007-06-11
run 0
WARNING: No fixes with time integration, atoms won't move (src/verlet.cpp:60)
Neighbor list info ...
  update: every = 1 steps, delay = 0 steps, check = yes
  max neighbors/atom: 2000, page size: 100000
  master list distance cutoff = 5.77118
  ghost atom cutoff = 5.77118
  binsize = 2.88559, bins = 4 4 4
  1 neighbor lists, perpetual/occasional/extra = 1 0 0
  (1) pair sw, perpetual
      attributes: full, newton on
      pair build: full/bin/atomonly
      stencil: full/bin/3d
      bin: standard
Per MPI rank memory allocation (min/avg/max) = 3.073 | 3.073 | 3.073 Mbytes
   Step          Temp          E_pair         E_mol          TotEng         Press     
         0   0             -275.73577      0             -275.73577     -5962.644     
Loop time of 1.05e-06 on 1 procs for 0 steps with 64 atoms

0.0% CPU use with 1 MPI tasks x 1 OpenMP threads

MPI task timing breakdown:
Section |  min time  |  avg time  |  max time  |%varavg| %total
---------------------------------------------------------------
Pair    | 0          | 0          | 0          |   0.0 |  0.00
Neigh   | 0          | 0          | 0          |   0.0 |  0.00
Comm    | 0          | 0          | 0          |   0.0 |  0.00
Output  | 0          | 0          | 0          |   0.0 |  0.00
Modify  | 0          | 0          | 0          |   0.0 |  0.00
Other   |            | 1.05e-06   |            |       |100.00

Nlocal:             64 ave          64 max          64 min
Histogram: 1 0 0 0 0 0 0 0 0 0
Nghost:            548 ave         548 max         548 min
Histogram: 1 0 0 0 0 0 0 0 0 0
Neighs:              0 ave           0 max           0 min
Histogram: 1 0 0 0 0 0 0 0 0 0
FullNghs:         2182 ave        2182 max        2182 min
Histogram: 1 0 0 0 0 0 0 0 0 0

Total # of neighbors = 2182
Ave neighs/atom = 34.09375
Neighbor list builds = 0
Dangerous builds = 0
next i
jump SELF loop_struct
clear
  using 1 OpenMP thread(s) per MPI task
log energies.log append
units metal
boundary p p p
atom_style atomic
read_data Si222_${i}.in
read_data Si222_74.in
Reading data file ...
  orthogonal box = (0 0 0) to (10.887404 10.887404 10.887404)
  1 by 1 by 1 MPI processor grid
  reading atoms ...
  64 atoms
  reading velocities ...
  64 velocities
  read_data CPU = 0.001 seconds
mass 1 28.085
pair_style sw
pair_coeff * * Si.sw Si
Reading sw potential file Si.sw with DATE: 2007-06-11
run 0
WARNING: No fixes with time integration, atoms won't move (src/verlet.cpp:60)
Neighbor list info ...
  update: every = 1 steps, delay = 0 steps, check = yes
  max neighbors/atom: 2000, page size: 100000
  master list distance cutoff = 5.77118
  ghost atom cutoff = 5.77118
  binsize = 2.88559, bins = 4 4 4
  1 neighbor lists, perpetual/occasional/extra = 1 0 0
  (1) pair sw, perpetual
      attributes: full, newton on
      pair build: full/bin/atomonly
      stencil: full/bin/3d
      bin: standard
Per MPI rank memory allocation (min/avg/max) = 3.074 | 3.074 | 3.074 Mbytes
   Step          Temp          E_pair         E_mol          TotEng         Press     
         0   0             -275.80252      0             -275.80252     -6164.8608    
Loop time of 1.02e-06 on 1 procs for 0 steps with 64 atoms

98.0% CPU use with 1 MPI tasks x 1 OpenMP threads

MPI task timing breakdown:
Section |  min time  |  avg time  |  max time  |%varavg| %total
---------------------------------------------------------------
Pair    | 0          | 0          | 0          |   0.0 |  0.00
Neigh   | 0          | 0          | 0          |   0.0 |  0.00
Comm    | 0          | 0          | 0          |   0.0 |  0.00
Output  | 0          | 0          | 0          |   0.0 |  0.00
Modify  | 0          | 0          | 0          |   0.0 |  0.00
Other   |            | 1.02e-06   |            |       |100.00

Nlocal:             64 ave          64 max          64 min
Histogram: 1 0 0 0 0 0 0 0 0 0
Nghost:            556 ave         556 max         556 min
Histogram: 1 0 0 0 0 0 0 0 0 0
Neighs:              0 ave           0 max           0 min
Histogram: 1 0 0 0 0 0 0 0 0 0
FullNghs:         2180 ave        2180 max        2180 min
Histogram: 1 0 0 0 0 0 0 0 0 0

Total # of neighbors = 2180
Ave neighs/atom = 34.0625
Neighbor list builds = 0
Dangerous builds = 0
next i
jump SELF loop_struct
clear
  using 1 OpenMP thread(s) per MPI task
log energies.log append
units metal
boundary p p p
atom_style atomic
read_data Si222_${i}.in
read_data Si222_75.in
Reading data file ...
  orthogonal box = (0 0 0) to (10.887404 10.887404 10.887404)
  1 by 1 by 1 MPI processor grid
  reading atoms ...
  64 atoms
  reading velocities ...
  64 velocities
  read_data CPU = 0.001 seconds
mass 1 28.085
pair_style sw
pair_coeff * * Si.sw Si
Reading sw potential file Si.sw with DATE: 2007-06-11
run 0
WARNING: No fixes with time integration, atoms won't move (src/verlet.cpp:60)
Neighbor list info ...
  update: every = 1 steps, delay = 0 steps, check = yes
  max neighbors/atom: 2000, page size: 100000
  master list distance cutoff = 5.77118
  ghost atom cutoff = 5.77118
  binsize = 2.88559, bins = 4 4 4
  1 neighbor lists, perpetual/occasional/extra = 1 0 0
  (1) pair sw, perpetual
      attributes: full, newton on
      pair build: full/bin/atomonly
      stencil: full/bin/3d
      bin: standard
Per MPI rank memory allocation (min/avg/max) = 3.063 | 3.063 | 3.063 Mbytes
   Step          Temp          E_pair         E_mol          TotEng         Press     
         0   0             -275.70936      0             -275.70936     -6042.9694    
Loop time of 1.02e-06 on 1 procs for 0 steps with 64 atoms

0.0% CPU use with 1 MPI tasks x 1 OpenMP threads

MPI task timing breakdown:
Section |  min time  |  avg time  |  max time  |%varavg| %total
---------------------------------------------------------------
Pair    | 0          | 0          | 0          |   0.0 |  0.00
Neigh   | 0          | 0          | 0          |   0.0 |  0.00
Comm    | 0          | 0          | 0          |   0.0 |  0.00
Output  | 0          | 0          | 0          |   0.0 |  0.00
Modify  | 0          | 0          | 0          |   0.0 |  0.00
Other   |            | 1.02e-06   |            |       |100.00

Nlocal:             64 ave          64 max          64 min
Histogram: 1 0 0 0 0 0 0 0 0 0
Nghost:            500 ave         500 max         500 min
Histogram: 1 0 0 0 0 0 0 0 0 0
Neighs:              0 ave           0 max           0 min
Histogram: 1 0 0 0 0 0 0 0 0 0
FullNghs:         2182 ave        2182 max        2182 min
Histogram: 1 0 0 0 0 0 0 0 0 0

Total # of neighbors = 2182
Ave neighs/atom = 34.09375
Neighbor list builds = 0
Dangerous builds = 0
next i
jump SELF loop_struct
clear
  using 1 OpenMP thread(s) per MPI task
log energies.log append
units metal
boundary p p p
atom_style atomic
read_data Si222_${i}.in
read_data Si222_76.in
Reading data file ...
  orthogonal box = (0 0 0) to (10.887404 10.887404 10.887404)
  1 by 1 by 1 MPI processor grid
  reading atoms ...
  64 atoms
  reading velocities ...
  64 velocities
  read_data CPU = 0.001 seconds
mass 1 28.085
pair_style sw
pair_coeff * * Si.sw Si
Reading sw potential file Si.sw with DATE: 2007-06-11
run 0
WARNING: No fixes with time integration, atoms won't move (src/verlet.cpp:60)
Neighbor list info ...
  update: every = 1 steps, delay = 0 steps, check = yes
  max neighbors/atom: 2000, page size: 100000
  master list distance cutoff = 5.77118
  ghost atom cutoff = 5.77118
  binsize = 2.88559, bins = 4 4 4
  1 neighbor lists, perpetual/occasional/extra = 1 0 0
  (1) pair sw, perpetual
      attributes: full, newton on
      pair build: full/bin/atomonly
      stencil: full/bin/3d
      bin: standard
Per MPI rank memory allocation (min/avg/max) = 3.063 | 3.063 | 3.063 Mbytes
   Step          Temp          E_pair         E_mol          TotEng         Press     
         0   0             -275.94049      0             -275.94049     -6280.9595    
Loop time of 1.03e-06 on 1 procs for 0 steps with 64 atoms

97.1% CPU use with 1 MPI tasks x 1 OpenMP threads

MPI task timing breakdown:
Section |  min time  |  avg time  |  max time  |%varavg| %total
---------------------------------------------------------------
Pair    | 0          | 0          | 0          |   0.0 |  0.00
Neigh   | 0          | 0          | 0          |   0.0 |  0.00
Comm    | 0          | 0          | 0          |   0.0 |  0.00
Output  | 0          | 0          | 0          |   0.0 |  0.00
Modify  | 0          | 0          | 0          |   0.0 |  0.00
Other   |            | 1.03e-06   |            |       |100.00

Nlocal:             64 ave          64 max          64 min
Histogram: 1 0 0 0 0 0 0 0 0 0
Nghost:            498 ave         498 max         498 min
Histogram: 1 0 0 0 0 0 0 0 0 0
Neighs:              0 ave           0 max           0 min
Histogram: 1 0 0 0 0 0 0 0 0 0
FullNghs:         2182 ave        2182 max        2182 min
Histogram: 1 0 0 0 0 0 0 0 0 0

Total # of neighbors = 2182
Ave neighs/atom = 34.09375
Neighbor list builds = 0
Dangerous builds = 0
next i
jump SELF loop_struct
clear
  using 1 OpenMP thread(s) per MPI task
log energies.log append
units metal
boundary p p p
atom_style atomic
read_data Si222_${i}.in
read_data Si222_77.in
Reading data file ...
  orthogonal box = (0 0 0) to (10.887404 10.887404 10.887404)
  1 by 1 by 1 MPI processor grid
  reading atoms ...
  64 atoms
  reading velocities ...
  64 velocities
  read_data CPU = 0.001 seconds
mass 1 28.085
pair_style sw
pair_coeff * * Si.sw Si
Reading sw potential file Si.sw with DATE: 2007-06-11
run 0
WARNING: No fixes with time integration, atoms won't move (src/verlet.cpp:60)
Neighbor list info ...
  update: every = 1 steps, delay = 0 steps, check = yes
  max neighbors/atom: 2000, page size: 100000
  master list distance cutoff = 5.77118
  ghost atom cutoff = 5.77118
  binsize = 2.88559, bins = 4 4 4
  1 neighbor lists, perpetual/occasional/extra = 1 0 0
  (1) pair sw, perpetual
      attributes: full, newton on
      pair build: full/bin/atomonly
      stencil: full/bin/3d
      bin: standard
Per MPI rank memory allocation (min/avg/max) = 3.063 | 3.063 | 3.063 Mbytes
   Step          Temp          E_pair         E_mol          TotEng         Press     
         0   0             -275.62697      0             -275.62697     -5766.5026    
Loop time of 1.07e-06 on 1 procs for 0 steps with 64 atoms

93.5% CPU use with 1 MPI tasks x 1 OpenMP threads

MPI task timing breakdown:
Section |  min time  |  avg time  |  max time  |%varavg| %total
---------------------------------------------------------------
Pair    | 0          | 0          | 0          |   0.0 |  0.00
Neigh   | 0          | 0          | 0          |   0.0 |  0.00
Comm    | 0          | 0          | 0          |   0.0 |  0.00
Output  | 0          | 0          | 0          |   0.0 |  0.00
Modify  | 0          | 0          | 0          |   0.0 |  0.00
Other   |            | 1.07e-06   |            |       |100.00

Nlocal:             64 ave          64 max          64 min
Histogram: 1 0 0 0 0 0 0 0 0 0
Nghost:            500 ave         500 max         500 min
Histogram: 1 0 0 0 0 0 0 0 0 0
Neighs:              0 ave           0 max           0 min
Histogram: 1 0 0 0 0 0 0 0 0 0
FullNghs:         2180 ave        2180 max        2180 min
Histogram: 1 0 0 0 0 0 0 0 0 0

Total # of neighbors = 2180
Ave neighs/atom = 34.0625
Neighbor list builds = 0
Dangerous builds = 0
next i
jump SELF loop_struct
clear
  using 1 OpenMP thread(s) per MPI task
log energies.log append
units metal
boundary p p p
atom_style atomic
read_data Si222_${i}.in
read_data Si222_78.in
Reading data file ...
  orthogonal box = (0 0 0) to (10.887404 10.887404 10.887404)
  1 by 1 by 1 MPI processor grid
  reading atoms ...
  64 atoms
  reading velocities ...
  64 velocities
  read_data CPU = 0.001 seconds
mass 1 28.085
pair_style sw
pair_coeff * * Si.sw Si
Reading sw potential file Si.sw with DATE: 2007-06-11
run 0
WARNING: No fixes with time integration, atoms won't move (src/verlet.cpp:60)
Neighbor list info ...
  update: every = 1 steps, delay = 0 steps, check = yes
  max neighbors/atom: 2000, page size: 100000
  master list distance cutoff = 5.77118
  ghost atom cutoff = 5.77118
  binsize = 2.88559, bins = 4 4 4
  1 neighbor lists, perpetual/occasional/extra = 1 0 0
  (1) pair sw, perpetual
      attributes: full, newton on
      pair build: full/bin/atomonly
      stencil: full/bin/3d
      bin: standard
Per MPI rank memory allocation (min/avg/max) = 3.063 | 3.063 | 3.063 Mbytes
   Step          Temp          E_pair         E_mol          TotEng         Press     
         0   0             -275.75695      0             -275.75695     -6057.7734    
Loop time of 1.22e-06 on 1 procs for 0 steps with 64 atoms

82.0% CPU use with 1 MPI tasks x 1 OpenMP threads

MPI task timing breakdown:
Section |  min time  |  avg time  |  max time  |%varavg| %total
---------------------------------------------------------------
Pair    | 0          | 0          | 0          |   0.0 |  0.00
Neigh   | 0          | 0          | 0          |   0.0 |  0.00
Comm    | 0          | 0          | 0          |   0.0 |  0.00
Output  | 0          | 0          | 0          |   0.0 |  0.00
Modify  | 0          | 0          | 0          |   0.0 |  0.00
Other   |            | 1.22e-06   |            |       |100.00

Nlocal:             64 ave          64 max          64 min
Histogram: 1 0 0 0 0 0 0 0 0 0
Nghost:            512 ave         512 max         512 min
Histogram: 1 0 0 0 0 0 0 0 0 0
Neighs:              0 ave           0 max           0 min
Histogram: 1 0 0 0 0 0 0 0 0 0
FullNghs:         2190 ave        2190 max        2190 min
Histogram: 1 0 0 0 0 0 0 0 0 0

Total # of neighbors = 2190
Ave neighs/atom = 34.21875
Neighbor list builds = 0
Dangerous builds = 0
next i
jump SELF loop_struct
clear
  using 1 OpenMP thread(s) per MPI task
log energies.log append
units metal
boundary p p p
atom_style atomic
read_data Si222_${i}.in
read_data Si222_79.in
Reading data file ...
  orthogonal box = (0 0 0) to (10.887404 10.887404 10.887404)
  1 by 1 by 1 MPI processor grid
  reading atoms ...
  64 atoms
  reading velocities ...
  64 velocities
  read_data CPU = 0.001 seconds
mass 1 28.085
pair_style sw
pair_coeff * * Si.sw Si
Reading sw potential file Si.sw with DATE: 2007-06-11
run 0
WARNING: No fixes with time integration, atoms won't move (src/verlet.cpp:60)
Neighbor list info ...
  update: every = 1 steps, delay = 0 steps, check = yes
  max neighbors/atom: 2000, page size: 100000
  master list distance cutoff = 5.77118
  ghost atom cutoff = 5.77118
  binsize = 2.88559, bins = 4 4 4
  1 neighbor lists, perpetual/occasional/extra = 1 0 0
  (1) pair sw, perpetual
      attributes: full, newton on
      pair build: full/bin/atomonly
      stencil: full/bin/3d
      bin: standard
Per MPI rank memory allocation (min/avg/max) = 3.063 | 3.063 | 3.063 Mbytes
   Step          Temp          E_pair         E_mol          TotEng         Press     
         0   0             -275.55988      0             -275.55988     -5856.5626    
Loop time of 1.05e-06 on 1 procs for 0 steps with 64 atoms

95.2% CPU use with 1 MPI tasks x 1 OpenMP threads

MPI task timing breakdown:
Section |  min time  |  avg time  |  max time  |%varavg| %total
---------------------------------------------------------------
Pair    | 0          | 0          | 0          |   0.0 |  0.00
Neigh   | 0          | 0          | 0          |   0.0 |  0.00
Comm    | 0          | 0          | 0          |   0.0 |  0.00
Output  | 0          | 0          | 0          |   0.0 |  0.00
Modify  | 0          | 0          | 0          |   0.0 |  0.00
Other   |            | 1.05e-06   |            |       |100.00

Nlocal:             64 ave          64 max          64 min
Histogram: 1 0 0 0 0 0 0 0 0 0
Nghost:            448 ave         448 max         448 min
Histogram: 1 0 0 0 0 0 0 0 0 0
Neighs:              0 ave           0 max           0 min
Histogram: 1 0 0 0 0 0 0 0 0 0
FullNghs:         2188 ave        2188 max        2188 min
Histogram: 1 0 0 0 0 0 0 0 0 0

Total # of neighbors = 2188
Ave neighs/atom = 34.1875
Neighbor list builds = 0
Dangerous builds = 0
next i
jump SELF loop_struct
clear
  using 1 OpenMP thread(s) per MPI task
log energies.log append
units metal
boundary p p p
atom_style atomic
read_data Si222_${i}.in
read_data Si222_80.in
Reading data file ...
  orthogonal box = (0 0 0) to (10.887404 10.887404 10.887404)
  1 by 1 by 1 MPI processor grid
  reading atoms ...
  64 atoms
  reading velocities ...
  64 velocities
  read_data CPU = 0.001 seconds
mass 1 28.085
pair_style sw
pair_coeff * * Si.sw Si
Reading sw potential file Si.sw with DATE: 2007-06-11
run 0
WARNING: No fixes with time integration, atoms won't move (src/verlet.cpp:60)
Neighbor list info ...
  update: every = 1 steps, delay = 0 steps, check = yes
  max neighbors/atom: 2000, page size: 100000
  master list distance cutoff = 5.77118
  ghost atom cutoff = 5.77118
  binsize = 2.88559, bins = 4 4 4
  1 neighbor lists, perpetual/occasional/extra = 1 0 0
  (1) pair sw, perpetual
      attributes: full, newton on
      pair build: full/bin/atomonly
      stencil: full/bin/3d
      bin: standard
Per MPI rank memory allocation (min/avg/max) = 3.063 | 3.063 | 3.063 Mbytes
   Step          Temp          E_pair         E_mol          TotEng         Press     
         0   0             -275.55141      0             -275.55141     -6020.715     
Loop time of 1.03e-06 on 1 procs for 0 steps with 64 atoms

97.1% CPU use with 1 MPI tasks x 1 OpenMP threads

MPI task timing breakdown:
Section |  min time  |  avg time  |  max time  |%varavg| %total
---------------------------------------------------------------
Pair    | 0          | 0          | 0          |   0.0 |  0.00
Neigh   | 0          | 0          | 0          |   0.0 |  0.00
Comm    | 0          | 0          | 0          |   0.0 |  0.00
Output  | 0          | 0          | 0          |   0.0 |  0.00
Modify  | 0          | 0          | 0          |   0.0 |  0.00
Other   |            | 1.03e-06   |            |       |100.00

Nlocal:             64 ave          64 max          64 min
Histogram: 1 0 0 0 0 0 0 0 0 0
Nghost:            480 ave         480 max         480 min
Histogram: 1 0 0 0 0 0 0 0 0 0
Neighs:              0 ave           0 max           0 min
Histogram: 1 0 0 0 0 0 0 0 0 0
FullNghs:         2176 ave        2176 max        2176 min
Histogram: 1 0 0 0 0 0 0 0 0 0

Total # of neighbors = 2176
Ave neighs/atom = 34
Neighbor list builds = 0
Dangerous builds = 0
next i
jump SELF loop_struct
clear
  using 1 OpenMP thread(s) per MPI task
log energies.log append
units metal
boundary p p p
atom_style atomic
read_data Si222_${i}.in
read_data Si222_81.in
Reading data file ...
  orthogonal box = (0 0 0) to (10.887404 10.887404 10.887404)
  1 by 1 by 1 MPI processor grid
  reading atoms ...
  64 atoms
  reading velocities ...
  64 velocities
  read_data CPU = 0.001 seconds
mass 1 28.085
pair_style sw
pair_coeff * * Si.sw Si
Reading sw potential file Si.sw with DATE: 2007-06-11
run 0
WARNING: No fixes with time integration, atoms won't move (src/verlet.cpp:60)
Neighbor list info ...
  update: every = 1 steps, delay = 0 steps, check = yes
  max neighbors/atom: 2000, page size: 100000
  master list distance cutoff = 5.77118
  ghost atom cutoff = 5.77118
  binsize = 2.88559, bins = 4 4 4
  1 neighbor lists, perpetual/occasional/extra = 1 0 0
  (1) pair sw, perpetual
      attributes: full, newton on
      pair build: full/bin/atomonly
      stencil: full/bin/3d
      bin: standard
Per MPI rank memory allocation (min/avg/max) = 3.071 | 3.071 | 3.071 Mbytes
   Step          Temp          E_pair         E_mol          TotEng         Press     
         0   0             -275.92583      0             -275.92583     -6417.8763    
Loop time of 1.03e-06 on 1 procs for 0 steps with 64 atoms

0.0% CPU use with 1 MPI tasks x 1 OpenMP threads

MPI task timing breakdown:
Section |  min time  |  avg time  |  max time  |%varavg| %total
---------------------------------------------------------------
Pair    | 0          | 0          | 0          |   0.0 |  0.00
Neigh   | 0          | 0          | 0          |   0.0 |  0.00
Comm    | 0          | 0          | 0          |   0.0 |  0.00
Output  | 0          | 0          | 0          |   0.0 |  0.00
Modify  | 0          | 0          | 0          |   0.0 |  0.00
Other   |            | 1.03e-06   |            |       |100.00

Nlocal:             64 ave          64 max          64 min
Histogram: 1 0 0 0 0 0 0 0 0 0
Nghost:            516 ave         516 max         516 min
Histogram: 1 0 0 0 0 0 0 0 0 0
Neighs:              0 ave           0 max           0 min
Histogram: 1 0 0 0 0 0 0 0 0 0
FullNghs:         2178 ave        2178 max        2178 min
Histogram: 1 0 0 0 0 0 0 0 0 0

Total # of neighbors = 2178
Ave neighs/atom = 34.03125
Neighbor list builds = 0
Dangerous builds = 0
next i
jump SELF loop_struct
clear
  using 1 OpenMP thread(s) per MPI task
log energies.log append
units metal
boundary p p p
atom_style atomic
read_data Si222_${i}.in
read_data Si222_82.in
Reading data file ...
  orthogonal box = (0 0 0) to (10.887404 10.887404 10.887404)
  1 by 1 by 1 MPI processor grid
  reading atoms ...
  64 atoms
  reading velocities ...
  64 velocities
  read_data CPU = 0.001 seconds
mass 1 28.085
pair_style sw
pair_coeff * * Si.sw Si
Reading sw potential file Si.sw with DATE: 2007-06-11
run 0
WARNING: No fixes with time integration, atoms won't move (src/verlet.cpp:60)
Neighbor list info ...
  update: every = 1 steps, delay = 0 steps, check = yes
  max neighbors/atom: 2000, page size: 100000
  master list distance cutoff = 5.77118
  ghost atom cutoff = 5.77118
  binsize = 2.88559, bins = 4 4 4
  1 neighbor lists, perpetual/occasional/extra = 1 0 0
  (1) pair sw, perpetual
      attributes: full, newton on
      pair build: full/bin/atomonly
      stencil: full/bin/3d
      bin: standard
Per MPI rank memory allocation (min/avg/max) = 3.063 | 3.063 | 3.063 Mbytes
   Step          Temp          E_pair         E_mol          TotEng         Press     
         0   0             -275.45995      0             -275.45995     -5726.9587    
Loop time of 1.04e-06 on 1 procs for 0 steps with 64 atoms

0.0% CPU use with 1 MPI tasks x 1 OpenMP threads

MPI task timing breakdown:
Section |  min time  |  avg time  |  max time  |%varavg| %total
---------------------------------------------------------------
Pair    | 0          | 0          | 0          |   0.0 |  0.00
Neigh   | 0          | 0          | 0          |   0.0 |  0.00
Comm    | 0          | 0          | 0          |   0.0 |  0.00
Output  | 0          | 0          | 0          |   0.0 |  0.00
Modify  | 0          | 0          | 0          |   0.0 |  0.00
Other   |            | 1.04e-06   |            |       |100.00

Nlocal:             64 ave          64 max          64 min
Histogram: 1 0 0 0 0 0 0 0 0 0
Nghost:            502 ave         502 max         502 min
Histogram: 1 0 0 0 0 0 0 0 0 0
Neighs:              0 ave           0 max           0 min
Histogram: 1 0 0 0 0 0 0 0 0 0
FullNghs:         2188 ave        2188 max        2188 min
Histogram: 1 0 0 0 0 0 0 0 0 0

Total # of neighbors = 2188
Ave neighs/atom = 34.1875
Neighbor list builds = 0
Dangerous builds = 0
next i
jump SELF loop_struct
clear
  using 1 OpenMP thread(s) per MPI task
log energies.log append
units metal
boundary p p p
atom_style atomic
read_data Si222_${i}.in
read_data Si222_83.in
Reading data file ...
  orthogonal box = (0 0 0) to (10.887404 10.887404 10.887404)
  1 by 1 by 1 MPI processor grid
  reading atoms ...
  64 atoms
  reading velocities ...
  64 velocities
  read_data CPU = 0.001 seconds
mass 1 28.085
pair_style sw
pair_coeff * * Si.sw Si
Reading sw potential file Si.sw with DATE: 2007-06-11
run 0
WARNING: No fixes with time integration, atoms won't move (src/verlet.cpp:60)
Neighbor list info ...
  update: every = 1 steps, delay = 0 steps, check = yes
  max neighbors/atom: 2000, page size: 100000
  master list distance cutoff = 5.77118
  ghost atom cutoff = 5.77118
  binsize = 2.88559, bins = 4 4 4
  1 neighbor lists, perpetual/occasional/extra = 1 0 0
  (1) pair sw, perpetual
      attributes: full, newton on
      pair build: full/bin/atomonly
      stencil: full/bin/3d
      bin: standard
Per MPI rank memory allocation (min/avg/max) = 3.063 | 3.063 | 3.063 Mbytes
   Step          Temp          E_pair         E_mol          TotEng         Press     
         0   0             -275.6953       0             -275.6953      -5761.0947    
Loop time of 1.04e-06 on 1 procs for 0 steps with 64 atoms

96.2% CPU use with 1 MPI tasks x 1 OpenMP threads

MPI task timing breakdown:
Section |  min time  |  avg time  |  max time  |%varavg| %total
---------------------------------------------------------------
Pair    | 0          | 0          | 0          |   0.0 |  0.00
Neigh   | 0          | 0          | 0          |   0.0 |  0.00
Comm    | 0          | 0          | 0          |   0.0 |  0.00
Output  | 0          | 0          | 0          |   0.0 |  0.00
Modify  | 0          | 0          | 0          |   0.0 |  0.00
Other   |            | 1.04e-06   |            |       |100.00

Nlocal:             64 ave          64 max          64 min
Histogram: 1 0 0 0 0 0 0 0 0 0
Nghost:            508 ave         508 max         508 min
Histogram: 1 0 0 0 0 0 0 0 0 0
Neighs:              0 ave           0 max           0 min
Histogram: 1 0 0 0 0 0 0 0 0 0
FullNghs:         2178 ave        2178 max        2178 min
Histogram: 1 0 0 0 0 0 0 0 0 0

Total # of neighbors = 2178
Ave neighs/atom = 34.03125
Neighbor list builds = 0
Dangerous builds = 0
next i
jump SELF loop_struct
clear
  using 1 OpenMP thread(s) per MPI task
log energies.log append
units metal
boundary p p p
atom_style atomic
read_data Si222_${i}.in
read_data Si222_84.in
Reading data file ...
  orthogonal box = (0 0 0) to (10.887404 10.887404 10.887404)
  1 by 1 by 1 MPI processor grid
  reading atoms ...
  64 atoms
  reading velocities ...
  64 velocities
  read_data CPU = 0.001 seconds
mass 1 28.085
pair_style sw
pair_coeff * * Si.sw Si
Reading sw potential file Si.sw with DATE: 2007-06-11
run 0
WARNING: No fixes with time integration, atoms won't move (src/verlet.cpp:60)
Neighbor list info ...
  update: every = 1 steps, delay = 0 steps, check = yes
  max neighbors/atom: 2000, page size: 100000
  master list distance cutoff = 5.77118
  ghost atom cutoff = 5.77118
  binsize = 2.88559, bins = 4 4 4
  1 neighbor lists, perpetual/occasional/extra = 1 0 0
  (1) pair sw, perpetual
      attributes: full, newton on
      pair build: full/bin/atomonly
      stencil: full/bin/3d
      bin: standard
Per MPI rank memory allocation (min/avg/max) = 3.072 | 3.072 | 3.072 Mbytes
   Step          Temp          E_pair         E_mol          TotEng         Press     
         0   0             -275.85445      0             -275.85445     -6099.2297    
Loop time of 1.02e-06 on 1 procs for 0 steps with 64 atoms

0.0% CPU use with 1 MPI tasks x 1 OpenMP threads

MPI task timing breakdown:
Section |  min time  |  avg time  |  max time  |%varavg| %total
---------------------------------------------------------------
Pair    | 0          | 0          | 0          |   0.0 |  0.00
Neigh   | 0          | 0          | 0          |   0.0 |  0.00
Comm    | 0          | 0          | 0          |   0.0 |  0.00
Output  | 0          | 0          | 0          |   0.0 |  0.00
Modify  | 0          | 0          | 0          |   0.0 |  0.00
Other   |            | 1.02e-06   |            |       |100.00

Nlocal:             64 ave          64 max          64 min
Histogram: 1 0 0 0 0 0 0 0 0 0
Nghost:            532 ave         532 max         532 min
Histogram: 1 0 0 0 0 0 0 0 0 0
Neighs:              0 ave           0 max           0 min
Histogram: 1 0 0 0 0 0 0 0 0 0
FullNghs:         2178 ave        2178 max        2178 min
Histogram: 1 0 0 0 0 0 0 0 0 0

Total # of neighbors = 2178
Ave neighs/atom = 34.03125
Neighbor list builds = 0
Dangerous builds = 0
next i
jump SELF loop_struct
clear
  using 1 OpenMP thread(s) per MPI task
log energies.log append
units metal
boundary p p p
atom_style atomic
read_data Si222_${i}.in
read_data Si222_85.in
Reading data file ...
  orthogonal box = (0 0 0) to (10.887404 10.887404 10.887404)
  1 by 1 by 1 MPI processor grid
  reading atoms ...
  64 atoms
  reading velocities ...
  64 velocities
  read_data CPU = 0.001 seconds
mass 1 28.085
pair_style sw
pair_coeff * * Si.sw Si
Reading sw potential file Si.sw with DATE: 2007-06-11
run 0
WARNING: No fixes with time integration, atoms won't move (src/verlet.cpp:60)
Neighbor list info ...
  update: every = 1 steps, delay = 0 steps, check = yes
  max neighbors/atom: 2000, page size: 100000
  master list distance cutoff = 5.77118
  ghost atom cutoff = 5.77118
  binsize = 2.88559, bins = 4 4 4
  1 neighbor lists, perpetual/occasional/extra = 1 0 0
  (1) pair sw, perpetual
      attributes: full, newton on
      pair build: full/bin/atomonly
      stencil: full/bin/3d
      bin: standard
Per MPI rank memory allocation (min/avg/max) = 3.063 | 3.063 | 3.063 Mbytes
   Step          Temp          E_pair         E_mol          TotEng         Press     
         0   0             -275.85275      0             -275.85275     -5945.8951    
Loop time of 1.01e-06 on 1 procs for 0 steps with 64 atoms

99.0% CPU use with 1 MPI tasks x 1 OpenMP threads

MPI task timing breakdown:
Section |  min time  |  avg time  |  max time  |%varavg| %total
---------------------------------------------------------------
Pair    | 0          | 0          | 0          |   0.0 |  0.00
Neigh   | 0          | 0          | 0          |   0.0 |  0.00
Comm    | 0          | 0          | 0          |   0.0 |  0.00
Output  | 0          | 0          | 0          |   0.0 |  0.00
Modify  | 0          | 0          | 0          |   0.0 |  0.00
Other   |            | 1.01e-06   |            |       |100.00

Nlocal:             64 ave          64 max          64 min
Histogram: 1 0 0 0 0 0 0 0 0 0
Nghost:            526 ave         526 max         526 min
Histogram: 1 0 0 0 0 0 0 0 0 0
Neighs:              0 ave           0 max           0 min
Histogram: 1 0 0 0 0 0 0 0 0 0
FullNghs:         2180 ave        2180 max        2180 min
Histogram: 1 0 0 0 0 0 0 0 0 0

Total # of neighbors = 2180
Ave neighs/atom = 34.0625
Neighbor list builds = 0
Dangerous builds = 0
next i
jump SELF loop_struct
clear
  using 1 OpenMP thread(s) per MPI task
log energies.log append
units metal
boundary p p p
atom_style atomic
read_data Si222_${i}.in
read_data Si222_86.in
Reading data file ...
  orthogonal box = (0 0 0) to (10.887404 10.887404 10.887404)
  1 by 1 by 1 MPI processor grid
  reading atoms ...
  64 atoms
  reading velocities ...
  64 velocities
  read_data CPU = 0.001 seconds
mass 1 28.085
pair_style sw
pair_coeff * * Si.sw Si
Reading sw potential file Si.sw with DATE: 2007-06-11
run 0
WARNING: No fixes with time integration, atoms won't move (src/verlet.cpp:60)
Neighbor list info ...
  update: every = 1 steps, delay = 0 steps, check = yes
  max neighbors/atom: 2000, page size: 100000
  master list distance cutoff = 5.77118
  ghost atom cutoff = 5.77118
  binsize = 2.88559, bins = 4 4 4
  1 neighbor lists, perpetual/occasional/extra = 1 0 0
  (1) pair sw, perpetual
      attributes: full, newton on
      pair build: full/bin/atomonly
      stencil: full/bin/3d
      bin: standard
Per MPI rank memory allocation (min/avg/max) = 3.063 | 3.063 | 3.063 Mbytes
   Step          Temp          E_pair         E_mol          TotEng         Press     
         0   0             -275.39947      0             -275.39947     -5642.5613    
Loop time of 1.02e-06 on 1 procs for 0 steps with 64 atoms

98.0% CPU use with 1 MPI tasks x 1 OpenMP threads

MPI task timing breakdown:
Section |  min time  |  avg time  |  max time  |%varavg| %total
---------------------------------------------------------------
Pair    | 0          | 0          | 0          |   0.0 |  0.00
Neigh   | 0          | 0          | 0          |   0.0 |  0.00
Comm    | 0          | 0          | 0          |   0.0 |  0.00
Output  | 0          | 0          | 0          |   0.0 |  0.00
Modify  | 0          | 0          | 0          |   0.0 |  0.00
Other   |            | 1.02e-06   |            |       |100.00

Nlocal:             64 ave          64 max          64 min
Histogram: 1 0 0 0 0 0 0 0 0 0
Nghost:            484 ave         484 max         484 min
Histogram: 1 0 0 0 0 0 0 0 0 0
Neighs:              0 ave           0 max           0 min
Histogram: 1 0 0 0 0 0 0 0 0 0
FullNghs:         2180 ave        2180 max        2180 min
Histogram: 1 0 0 0 0 0 0 0 0 0

Total # of neighbors = 2180
Ave neighs/atom = 34.0625
Neighbor list builds = 0
Dangerous builds = 0
next i
jump SELF loop_struct
clear
  using 1 OpenMP thread(s) per MPI task
log energies.log append
units metal
boundary p p p
atom_style atomic
read_data Si222_${i}.in
read_data Si222_87.in
Reading data file ...
  orthogonal box = (0 0 0) to (10.887404 10.887404 10.887404)
  1 by 1 by 1 MPI processor grid
  reading atoms ...
  64 atoms
  reading velocities ...
  64 velocities
  read_data CPU = 0.001 seconds
mass 1 28.085
pair_style sw
pair_coeff * * Si.sw Si
Reading sw potential file Si.sw with DATE: 2007-06-11
run 0
WARNING: No fixes with time integration, atoms won't move (src/verlet.cpp:60)
Neighbor list info ...
  update: every = 1 steps, delay = 0 steps, check = yes
  max neighbors/atom: 2000, page size: 100000
  master list distance cutoff = 5.77118
  ghost atom cutoff = 5.77118
  binsize = 2.88559, bins = 4 4 4
  1 neighbor lists, perpetual/occasional/extra = 1 0 0
  (1) pair sw, perpetual
      attributes: full, newton on
      pair build: full/bin/atomonly
      stencil: full/bin/3d
      bin: standard
Per MPI rank memory allocation (min/avg/max) = 3.063 | 3.063 | 3.063 Mbytes
   Step          Temp          E_pair         E_mol          TotEng         Press     
         0   0             -275.52159      0             -275.52159     -5766.1005    
Loop time of 1.09e-06 on 1 procs for 0 steps with 64 atoms

91.7% CPU use with 1 MPI tasks x 1 OpenMP threads

MPI task timing breakdown:
Section |  min time  |  avg time  |  max time  |%varavg| %total
---------------------------------------------------------------
Pair    | 0          | 0          | 0          |   0.0 |  0.00
Neigh   | 0          | 0          | 0          |   0.0 |  0.00
Comm    | 0          | 0          | 0          |   0.0 |  0.00
Output  | 0          | 0          | 0          |   0.0 |  0.00
Modify  | 0          | 0          | 0          |   0.0 |  0.00
Other   |            | 1.09e-06   |            |       |100.00

Nlocal:             64 ave          64 max          64 min
Histogram: 1 0 0 0 0 0 0 0 0 0
Nghost:            480 ave         480 max         480 min
Histogram: 1 0 0 0 0 0 0 0 0 0
Neighs:              0 ave           0 max           0 min
Histogram: 1 0 0 0 0 0 0 0 0 0
FullNghs:         2182 ave        2182 max        2182 min
Histogram: 1 0 0 0 0 0 0 0 0 0

Total # of neighbors = 2182
Ave neighs/atom = 34.09375
Neighbor list builds = 0
Dangerous builds = 0
next i
jump SELF loop_struct
clear
  using 1 OpenMP thread(s) per MPI task
log energies.log append
units metal
boundary p p p
atom_style atomic
read_data Si222_${i}.in
read_data Si222_88.in
Reading data file ...
  orthogonal box = (0 0 0) to (10.887404 10.887404 10.887404)
  1 by 1 by 1 MPI processor grid
  reading atoms ...
  64 atoms
  reading velocities ...
  64 velocities
  read_data CPU = 0.001 seconds
mass 1 28.085
pair_style sw
pair_coeff * * Si.sw Si
Reading sw potential file Si.sw with DATE: 2007-06-11
run 0
WARNING: No fixes with time integration, atoms won't move (src/verlet.cpp:60)
Neighbor list info ...
  update: every = 1 steps, delay = 0 steps, check = yes
  max neighbors/atom: 2000, page size: 100000
  master list distance cutoff = 5.77118
  ghost atom cutoff = 5.77118
  binsize = 2.88559, bins = 4 4 4
  1 neighbor lists, perpetual/occasional/extra = 1 0 0
  (1) pair sw, perpetual
      attributes: full, newton on
      pair build: full/bin/atomonly
      stencil: full/bin/3d
      bin: standard
Per MPI rank memory allocation (min/avg/max) = 3.063 | 3.063 | 3.063 Mbytes
   Step          Temp          E_pair         E_mol          TotEng         Press     
         0   0             -275.53056      0             -275.53056     -5755.7709    
Loop time of 1.02e-06 on 1 procs for 0 steps with 64 atoms

0.0% CPU use with 1 MPI tasks x 1 OpenMP threads

MPI task timing breakdown:
Section |  min time  |  avg time  |  max time  |%varavg| %total
---------------------------------------------------------------
Pair    | 0          | 0          | 0          |   0.0 |  0.00
Neigh   | 0          | 0          | 0          |   0.0 |  0.00
Comm    | 0          | 0          | 0          |   0.0 |  0.00
Output  | 0          | 0          | 0          |   0.0 |  0.00
Modify  | 0          | 0          | 0          |   0.0 |  0.00
Other   |            | 1.02e-06   |            |       |100.00

Nlocal:             64 ave          64 max          64 min
Histogram: 1 0 0 0 0 0 0 0 0 0
Nghost:            480 ave         480 max         480 min
Histogram: 1 0 0 0 0 0 0 0 0 0
Neighs:              0 ave           0 max           0 min
Histogram: 1 0 0 0 0 0 0 0 0 0
FullNghs:         2188 ave        2188 max        2188 min
Histogram: 1 0 0 0 0 0 0 0 0 0

Total # of neighbors = 2188
Ave neighs/atom = 34.1875
Neighbor list builds = 0
Dangerous builds = 0
next i
jump SELF loop_struct
clear
  using 1 OpenMP thread(s) per MPI task
log energies.log append
units metal
boundary p p p
atom_style atomic
read_data Si222_${i}.in
read_data Si222_89.in
Reading data file ...
  orthogonal box = (0 0 0) to (10.887404 10.887404 10.887404)
  1 by 1 by 1 MPI processor grid
  reading atoms ...
  64 atoms
  reading velocities ...
  64 velocities
  read_data CPU = 0.001 seconds
mass 1 28.085
pair_style sw
pair_coeff * * Si.sw Si
Reading sw potential file Si.sw with DATE: 2007-06-11
run 0
WARNING: No fixes with time integration, atoms won't move (src/verlet.cpp:60)
Neighbor list info ...
  update: every = 1 steps, delay = 0 steps, check = yes
  max neighbors/atom: 2000, page size: 100000
  master list distance cutoff = 5.77118
  ghost atom cutoff = 5.77118
  binsize = 2.88559, bins = 4 4 4
  1 neighbor lists, perpetual/occasional/extra = 1 0 0
  (1) pair sw, perpetual
      attributes: full, newton on
      pair build: full/bin/atomonly
      stencil: full/bin/3d
      bin: standard
Per MPI rank memory allocation (min/avg/max) = 3.063 | 3.063 | 3.063 Mbytes
   Step          Temp          E_pair         E_mol          TotEng         Press     
         0   0             -275.67497      0             -275.67497     -6076.4429    
Loop time of 9.9e-07 on 1 procs for 0 steps with 64 atoms

0.0% CPU use with 1 MPI tasks x 1 OpenMP threads

MPI task timing breakdown:
Section |  min time  |  avg time  |  max time  |%varavg| %total
---------------------------------------------------------------
Pair    | 0          | 0          | 0          |   0.0 |  0.00
Neigh   | 0          | 0          | 0          |   0.0 |  0.00
Comm    | 0          | 0          | 0          |   0.0 |  0.00
Output  | 0          | 0          | 0          |   0.0 |  0.00
Modify  | 0          | 0          | 0          |   0.0 |  0.00
Other   |            | 9.9e-07    |            |       |100.00

Nlocal:             64 ave          64 max          64 min
Histogram: 1 0 0 0 0 0 0 0 0 0
Nghost:            500 ave         500 max         500 min
Histogram: 1 0 0 0 0 0 0 0 0 0
Neighs:              0 ave           0 max           0 min
Histogram: 1 0 0 0 0 0 0 0 0 0
FullNghs:         2180 ave        2180 max        2180 min
Histogram: 1 0 0 0 0 0 0 0 0 0

Total # of neighbors = 2180
Ave neighs/atom = 34.0625
Neighbor list builds = 0
Dangerous builds = 0
next i
jump SELF loop_struct
clear
  using 1 OpenMP thread(s) per MPI task
log energies.log append
units metal
boundary p p p
atom_style atomic
read_data Si222_${i}.in
read_data Si222_90.in
Reading data file ...
  orthogonal box = (0 0 0) to (10.887404 10.887404 10.887404)
  1 by 1 by 1 MPI processor grid
  reading atoms ...
  64 atoms
  reading velocities ...
  64 velocities
  read_data CPU = 0.001 seconds
mass 1 28.085
pair_style sw
pair_coeff * * Si.sw Si
Reading sw potential file Si.sw with DATE: 2007-06-11
run 0
WARNING: No fixes with time integration, atoms won't move (src/verlet.cpp:60)
Neighbor list info ...
  update: every = 1 steps, delay = 0 steps, check = yes
  max neighbors/atom: 2000, page size: 100000
  master list distance cutoff = 5.77118
  ghost atom cutoff = 5.77118
  binsize = 2.88559, bins = 4 4 4
  1 neighbor lists, perpetual/occasional/extra = 1 0 0
  (1) pair sw, perpetual
      attributes: full, newton on
      pair build: full/bin/atomonly
      stencil: full/bin/3d
      bin: standard
Per MPI rank memory allocation (min/avg/max) = 3.063 | 3.063 | 3.063 Mbytes
   Step          Temp          E_pair         E_mol          TotEng         Press     
         0   0             -275.46892      0             -275.46892     -5968.078     
Loop time of 1.28e-06 on 1 procs for 0 steps with 64 atoms

0.0% CPU use with 1 MPI tasks x 1 OpenMP threads

MPI task timing breakdown:
Section |  min time  |  avg time  |  max time  |%varavg| %total
---------------------------------------------------------------
Pair    | 0          | 0          | 0          |   0.0 |  0.00
Neigh   | 0          | 0          | 0          |   0.0 |  0.00
Comm    | 0          | 0          | 0          |   0.0 |  0.00
Output  | 0          | 0          | 0          |   0.0 |  0.00
Modify  | 0          | 0          | 0          |   0.0 |  0.00
Other   |            | 1.28e-06   |            |       |100.00

Nlocal:             64 ave          64 max          64 min
Histogram: 1 0 0 0 0 0 0 0 0 0
Nghost:            484 ave         484 max         484 min
Histogram: 1 0 0 0 0 0 0 0 0 0
Neighs:              0 ave           0 max           0 min
Histogram: 1 0 0 0 0 0 0 0 0 0
FullNghs:         2184 ave        2184 max        2184 min
Histogram: 1 0 0 0 0 0 0 0 0 0

Total # of neighbors = 2184
Ave neighs/atom = 34.125
Neighbor list builds = 0
Dangerous builds = 0
next i
jump SELF loop_struct
clear
  using 1 OpenMP thread(s) per MPI task
log energies.log append
units metal
boundary p p p
atom_style atomic
read_data Si222_${i}.in
read_data Si222_91.in
Reading data file ...
  orthogonal box = (0 0 0) to (10.887404 10.887404 10.887404)
  1 by 1 by 1 MPI processor grid
  reading atoms ...
  64 atoms
  reading velocities ...
  64 velocities
  read_data CPU = 0.001 seconds
mass 1 28.085
pair_style sw
pair_coeff * * Si.sw Si
Reading sw potential file Si.sw with DATE: 2007-06-11
run 0
WARNING: No fixes with time integration, atoms won't move (src/verlet.cpp:60)
Neighbor list info ...
  update: every = 1 steps, delay = 0 steps, check = yes
  max neighbors/atom: 2000, page size: 100000
  master list distance cutoff = 5.77118
  ghost atom cutoff = 5.77118
  binsize = 2.88559, bins = 4 4 4
  1 neighbor lists, perpetual/occasional/extra = 1 0 0
  (1) pair sw, perpetual
      attributes: full, newton on
      pair build: full/bin/atomonly
      stencil: full/bin/3d
      bin: standard
Per MPI rank memory allocation (min/avg/max) = 3.063 | 3.063 | 3.063 Mbytes
   Step          Temp          E_pair         E_mol          TotEng         Press     
         0   0             -275.62296      0             -275.62296     -6162.062     
Loop time of 1.21e-06 on 1 procs for 0 steps with 64 atoms

82.6% CPU use with 1 MPI tasks x 1 OpenMP threads

MPI task timing breakdown:
Section |  min time  |  avg time  |  max time  |%varavg| %total
---------------------------------------------------------------
Pair    | 0          | 0          | 0          |   0.0 |  0.00
Neigh   | 0          | 0          | 0          |   0.0 |  0.00
Comm    | 0          | 0          | 0          |   0.0 |  0.00
Output  | 0          | 0          | 0          |   0.0 |  0.00
Modify  | 0          | 0          | 0          |   0.0 |  0.00
Other   |            | 1.21e-06   |            |       |100.00

Nlocal:             64 ave          64 max          64 min
Histogram: 1 0 0 0 0 0 0 0 0 0
Nghost:            480 ave         480 max         480 min
Histogram: 1 0 0 0 0 0 0 0 0 0
Neighs:              0 ave           0 max           0 min
Histogram: 1 0 0 0 0 0 0 0 0 0
FullNghs:         2180 ave        2180 max        2180 min
Histogram: 1 0 0 0 0 0 0 0 0 0

Total # of neighbors = 2180
Ave neighs/atom = 34.0625
Neighbor list builds = 0
Dangerous builds = 0
next i
jump SELF loop_struct
clear
  using 1 OpenMP thread(s) per MPI task
log energies.log append
units metal
boundary p p p
atom_style atomic
read_data Si222_${i}.in
read_data Si222_92.in
Reading data file ...
  orthogonal box = (0 0 0) to (10.887404 10.887404 10.887404)
  1 by 1 by 1 MPI processor grid
  reading atoms ...
  64 atoms
  reading velocities ...
  64 velocities
  read_data CPU = 0.001 seconds
mass 1 28.085
pair_style sw
pair_coeff * * Si.sw Si
Reading sw potential file Si.sw with DATE: 2007-06-11
run 0
WARNING: No fixes with time integration, atoms won't move (src/verlet.cpp:60)
Neighbor list info ...
  update: every = 1 steps, delay = 0 steps, check = yes
  max neighbors/atom: 2000, page size: 100000
  master list distance cutoff = 5.77118
  ghost atom cutoff = 5.77118
  binsize = 2.88559, bins = 4 4 4
  1 neighbor lists, perpetual/occasional/extra = 1 0 0
  (1) pair sw, perpetual
      attributes: full, newton on
      pair build: full/bin/atomonly
      stencil: full/bin/3d
      bin: standard
Per MPI rank memory allocation (min/avg/max) = 3.074 | 3.074 | 3.074 Mbytes
   Step          Temp          E_pair         E_mol          TotEng         Press     
         0   0             -275.64478      0             -275.64478     -6066.3248    
Loop time of 1.35e-06 on 1 procs for 0 steps with 64 atoms

0.0% CPU use with 1 MPI tasks x 1 OpenMP threads

MPI task timing breakdown:
Section |  min time  |  avg time  |  max time  |%varavg| %total
---------------------------------------------------------------
Pair    | 0          | 0          | 0          |   0.0 |  0.00
Neigh   | 0          | 0          | 0          |   0.0 |  0.00
Comm    | 0          | 0          | 0          |   0.0 |  0.00
Output  | 0          | 0          | 0          |   0.0 |  0.00
Modify  | 0          | 0          | 0          |   0.0 |  0.00
Other   |            | 1.35e-06   |            |       |100.00

Nlocal:             64 ave          64 max          64 min
Histogram: 1 0 0 0 0 0 0 0 0 0
Nghost:            557 ave         557 max         557 min
Histogram: 1 0 0 0 0 0 0 0 0 0
Neighs:              0 ave           0 max           0 min
Histogram: 1 0 0 0 0 0 0 0 0 0
FullNghs:         2186 ave        2186 max        2186 min
Histogram: 1 0 0 0 0 0 0 0 0 0

Total # of neighbors = 2186
Ave neighs/atom = 34.15625
Neighbor list builds = 0
Dangerous builds = 0
next i
jump SELF loop_struct
clear
  using 1 OpenMP thread(s) per MPI task
log energies.log append
units metal
boundary p p p
atom_style atomic
read_data Si222_${i}.in
read_data Si222_93.in
Reading data file ...
  orthogonal box = (0 0 0) to (10.887404 10.887404 10.887404)
  1 by 1 by 1 MPI processor grid
  reading atoms ...
  64 atoms
  reading velocities ...
  64 velocities
  read_data CPU = 0.001 seconds
mass 1 28.085
pair_style sw
pair_coeff * * Si.sw Si
Reading sw potential file Si.sw with DATE: 2007-06-11
run 0
WARNING: No fixes with time integration, atoms won't move (src/verlet.cpp:60)
Neighbor list info ...
  update: every = 1 steps, delay = 0 steps, check = yes
  max neighbors/atom: 2000, page size: 100000
  master list distance cutoff = 5.77118
  ghost atom cutoff = 5.77118
  binsize = 2.88559, bins = 4 4 4
  1 neighbor lists, perpetual/occasional/extra = 1 0 0
  (1) pair sw, perpetual
      attributes: full, newton on
      pair build: full/bin/atomonly
      stencil: full/bin/3d
      bin: standard
Per MPI rank memory allocation (min/avg/max) = 3.063 | 3.063 | 3.063 Mbytes
   Step          Temp          E_pair         E_mol          TotEng         Press     
         0   0             -275.7629       0             -275.7629      -5867.7891    
Loop time of 1e-06 on 1 procs for 0 steps with 64 atoms

0.0% CPU use with 1 MPI tasks x 1 OpenMP threads

MPI task timing breakdown:
Section |  min time  |  avg time  |  max time  |%varavg| %total
---------------------------------------------------------------
Pair    | 0          | 0          | 0          |   0.0 |  0.00
Neigh   | 0          | 0          | 0          |   0.0 |  0.00
Comm    | 0          | 0          | 0          |   0.0 |  0.00
Output  | 0          | 0          | 0          |   0.0 |  0.00
Modify  | 0          | 0          | 0          |   0.0 |  0.00
Other   |            | 1e-06      |            |       |100.00

Nlocal:             64 ave          64 max          64 min
Histogram: 1 0 0 0 0 0 0 0 0 0
Nghost:            480 ave         480 max         480 min
Histogram: 1 0 0 0 0 0 0 0 0 0
Neighs:              0 ave           0 max           0 min
Histogram: 1 0 0 0 0 0 0 0 0 0
FullNghs:         2178 ave        2178 max        2178 min
Histogram: 1 0 0 0 0 0 0 0 0 0

Total # of neighbors = 2178
Ave neighs/atom = 34.03125
Neighbor list builds = 0
Dangerous builds = 0
next i
jump SELF loop_struct
clear
  using 1 OpenMP thread(s) per MPI task
log energies.log append
units metal
boundary p p p
atom_style atomic
read_data Si222_${i}.in
read_data Si222_94.in
Reading data file ...
  orthogonal box = (0 0 0) to (10.887404 10.887404 10.887404)
  1 by 1 by 1 MPI processor grid
  reading atoms ...
  64 atoms
  reading velocities ...
  64 velocities
  read_data CPU = 0.001 seconds
mass 1 28.085
pair_style sw
pair_coeff * * Si.sw Si
Reading sw potential file Si.sw with DATE: 2007-06-11
run 0
WARNING: No fixes with time integration, atoms won't move (src/verlet.cpp:60)
Neighbor list info ...
  update: every = 1 steps, delay = 0 steps, check = yes
  max neighbors/atom: 2000, page size: 100000
  master list distance cutoff = 5.77118
  ghost atom cutoff = 5.77118
  binsize = 2.88559, bins = 4 4 4
  1 neighbor lists, perpetual/occasional/extra = 1 0 0
  (1) pair sw, perpetual
      attributes: full, newton on
      pair build: full/bin/atomonly
      stencil: full/bin/3d
      bin: standard
Per MPI rank memory allocation (min/avg/max) = 3.063 | 3.063 | 3.063 Mbytes
   Step          Temp          E_pair         E_mol          TotEng         Press     
         0   0             -275.49157      0             -275.49157     -5818.4411    
Loop time of 1.07e-06 on 1 procs for 0 steps with 64 atoms

93.5% CPU use with 1 MPI tasks x 1 OpenMP threads

MPI task timing breakdown:
Section |  min time  |  avg time  |  max time  |%varavg| %total
---------------------------------------------------------------
Pair    | 0          | 0          | 0          |   0.0 |  0.00
Neigh   | 0          | 0          | 0          |   0.0 |  0.00
Comm    | 0          | 0          | 0          |   0.0 |  0.00
Output  | 0          | 0          | 0          |   0.0 |  0.00
Modify  | 0          | 0          | 0          |   0.0 |  0.00
Other   |            | 1.07e-06   |            |       |100.00

Nlocal:             64 ave          64 max          64 min
Histogram: 1 0 0 0 0 0 0 0 0 0
Nghost:            480 ave         480 max         480 min
Histogram: 1 0 0 0 0 0 0 0 0 0
Neighs:              0 ave           0 max           0 min
Histogram: 1 0 0 0 0 0 0 0 0 0
FullNghs:         2182 ave        2182 max        2182 min
Histogram: 1 0 0 0 0 0 0 0 0 0

Total # of neighbors = 2182
Ave neighs/atom = 34.09375
Neighbor list builds = 0
Dangerous builds = 0
next i
jump SELF loop_struct
clear
  using 1 OpenMP thread(s) per MPI task
log energies.log append
units metal
boundary p p p
atom_style atomic
read_data Si222_${i}.in
read_data Si222_95.in
Reading data file ...
  orthogonal box = (0 0 0) to (10.887404 10.887404 10.887404)
  1 by 1 by 1 MPI processor grid
  reading atoms ...
  64 atoms
  reading velocities ...
  64 velocities
  read_data CPU = 0.001 seconds
mass 1 28.085
pair_style sw
pair_coeff * * Si.sw Si
Reading sw potential file Si.sw with DATE: 2007-06-11
run 0
WARNING: No fixes with time integration, atoms won't move (src/verlet.cpp:60)
Neighbor list info ...
  update: every = 1 steps, delay = 0 steps, check = yes
  max neighbors/atom: 2000, page size: 100000
  master list distance cutoff = 5.77118
  ghost atom cutoff = 5.77118
  binsize = 2.88559, bins = 4 4 4
  1 neighbor lists, perpetual/occasional/extra = 1 0 0
  (1) pair sw, perpetual
      attributes: full, newton on
      pair build: full/bin/atomonly
      stencil: full/bin/3d
      bin: standard
Per MPI rank memory allocation (min/avg/max) = 3.063 | 3.063 | 3.063 Mbytes
   Step          Temp          E_pair         E_mol          TotEng         Press     
         0   0             -275.51093      0             -275.51093     -6205.6661    
Loop time of 1.01e-06 on 1 procs for 0 steps with 64 atoms

0.0% CPU use with 1 MPI tasks x 1 OpenMP threads

MPI task timing breakdown:
Section |  min time  |  avg time  |  max time  |%varavg| %total
---------------------------------------------------------------
Pair    | 0          | 0          | 0          |   0.0 |  0.00
Neigh   | 0          | 0          | 0          |   0.0 |  0.00
Comm    | 0          | 0          | 0          |   0.0 |  0.00
Output  | 0          | 0          | 0          |   0.0 |  0.00
Modify  | 0          | 0          | 0          |   0.0 |  0.00
Other   |            | 1.01e-06   |            |       |100.00

Nlocal:             64 ave          64 max          64 min
Histogram: 1 0 0 0 0 0 0 0 0 0
Nghost:            452 ave         452 max         452 min
Histogram: 1 0 0 0 0 0 0 0 0 0
Neighs:              0 ave           0 max           0 min
Histogram: 1 0 0 0 0 0 0 0 0 0
FullNghs:         2190 ave        2190 max        2190 min
Histogram: 1 0 0 0 0 0 0 0 0 0

Total # of neighbors = 2190
Ave neighs/atom = 34.21875
Neighbor list builds = 0
Dangerous builds = 0
next i
jump SELF loop_struct
clear
  using 1 OpenMP thread(s) per MPI task
log energies.log append
units metal
boundary p p p
atom_style atomic
read_data Si222_${i}.in
read_data Si222_96.in
Reading data file ...
  orthogonal box = (0 0 0) to (10.887404 10.887404 10.887404)
  1 by 1 by 1 MPI processor grid
  reading atoms ...
  64 atoms
  reading velocities ...
  64 velocities
  read_data CPU = 0.001 seconds
mass 1 28.085
pair_style sw
pair_coeff * * Si.sw Si
Reading sw potential file Si.sw with DATE: 2007-06-11
run 0
WARNING: No fixes with time integration, atoms won't move (src/verlet.cpp:60)
Neighbor list info ...
  update: every = 1 steps, delay = 0 steps, check = yes
  max neighbors/atom: 2000, page size: 100000
  master list distance cutoff = 5.77118
  ghost atom cutoff = 5.77118
  binsize = 2.88559, bins = 4 4 4
  1 neighbor lists, perpetual/occasional/extra = 1 0 0
  (1) pair sw, perpetual
      attributes: full, newton on
      pair build: full/bin/atomonly
      stencil: full/bin/3d
      bin: standard
Per MPI rank memory allocation (min/avg/max) = 3.071 | 3.071 | 3.071 Mbytes
   Step          Temp          E_pair         E_mol          TotEng         Press     
         0   0             -275.87155      0             -275.87155     -6083.1088    
Loop time of 1.02e-06 on 1 procs for 0 steps with 64 atoms

0.0% CPU use with 1 MPI tasks x 1 OpenMP threads

MPI task timing breakdown:
Section |  min time  |  avg time  |  max time  |%varavg| %total
---------------------------------------------------------------
Pair    | 0          | 0          | 0          |   0.0 |  0.00
Neigh   | 0          | 0          | 0          |   0.0 |  0.00
Comm    | 0          | 0          | 0          |   0.0 |  0.00
Output  | 0          | 0          | 0          |   0.0 |  0.00
Modify  | 0          | 0          | 0          |   0.0 |  0.00
Other   |            | 1.02e-06   |            |       |100.00

Nlocal:             64 ave          64 max          64 min
Histogram: 1 0 0 0 0 0 0 0 0 0
Nghost:            516 ave         516 max         516 min
Histogram: 1 0 0 0 0 0 0 0 0 0
Neighs:              0 ave           0 max           0 min
Histogram: 1 0 0 0 0 0 0 0 0 0
FullNghs:         2180 ave        2180 max        2180 min
Histogram: 1 0 0 0 0 0 0 0 0 0

Total # of neighbors = 2180
Ave neighs/atom = 34.0625
Neighbor list builds = 0
Dangerous builds = 0
next i
jump SELF loop_struct
clear
  using 1 OpenMP thread(s) per MPI task
log energies.log append
units metal
boundary p p p
atom_style atomic
read_data Si222_${i}.in
read_data Si222_97.in
Reading data file ...
  orthogonal box = (0 0 0) to (10.887404 10.887404 10.887404)
  1 by 1 by 1 MPI processor grid
  reading atoms ...
  64 atoms
  reading velocities ...
  64 velocities
  read_data CPU = 0.001 seconds
mass 1 28.085
pair_style sw
pair_coeff * * Si.sw Si
Reading sw potential file Si.sw with DATE: 2007-06-11
run 0
WARNING: No fixes with time integration, atoms won't move (src/verlet.cpp:60)
Neighbor list info ...
  update: every = 1 steps, delay = 0 steps, check = yes
  max neighbors/atom: 2000, page size: 100000
  master list distance cutoff = 5.77118
  ghost atom cutoff = 5.77118
  binsize = 2.88559, bins = 4 4 4
  1 neighbor lists, perpetual/occasional/extra = 1 0 0
  (1) pair sw, perpetual
      attributes: full, newton on
      pair build: full/bin/atomonly
      stencil: full/bin/3d
      bin: standard
Per MPI rank memory allocation (min/avg/max) = 3.063 | 3.063 | 3.063 Mbytes
   Step          Temp          E_pair         E_mol          TotEng         Press     
         0   0             -275.79966      0             -275.79966     -6064.0234    
Loop time of 1.05e-06 on 1 procs for 0 steps with 64 atoms

95.2% CPU use with 1 MPI tasks x 1 OpenMP threads

MPI task timing breakdown:
Section |  min time  |  avg time  |  max time  |%varavg| %total
---------------------------------------------------------------
Pair    | 0          | 0          | 0          |   0.0 |  0.00
Neigh   | 0          | 0          | 0          |   0.0 |  0.00
Comm    | 0          | 0          | 0          |   0.0 |  0.00
Output  | 0          | 0          | 0          |   0.0 |  0.00
Modify  | 0          | 0          | 0          |   0.0 |  0.00
Other   |            | 1.05e-06   |            |       |100.00

Nlocal:             64 ave          64 max          64 min
Histogram: 1 0 0 0 0 0 0 0 0 0
Nghost:            496 ave         496 max         496 min
Histogram: 1 0 0 0 0 0 0 0 0 0
Neighs:              0 ave           0 max           0 min
Histogram: 1 0 0 0 0 0 0 0 0 0
FullNghs:         2182 ave        2182 max        2182 min
Histogram: 1 0 0 0 0 0 0 0 0 0

Total # of neighbors = 2182
Ave neighs/atom = 34.09375
Neighbor list builds = 0
Dangerous builds = 0
next i
jump SELF loop_struct
clear
  using 1 OpenMP thread(s) per MPI task
log energies.log append
units metal
boundary p p p
atom_style atomic
read_data Si222_${i}.in
read_data Si222_98.in
Reading data file ...
  orthogonal box = (0 0 0) to (10.887404 10.887404 10.887404)
  1 by 1 by 1 MPI processor grid
  reading atoms ...
  64 atoms
  reading velocities ...
  64 velocities
  read_data CPU = 0.001 seconds
mass 1 28.085
pair_style sw
pair_coeff * * Si.sw Si
Reading sw potential file Si.sw with DATE: 2007-06-11
run 0
WARNING: No fixes with time integration, atoms won't move (src/verlet.cpp:60)
Neighbor list info ...
  update: every = 1 steps, delay = 0 steps, check = yes
  max neighbors/atom: 2000, page size: 100000
  master list distance cutoff = 5.77118
  ghost atom cutoff = 5.77118
  binsize = 2.88559, bins = 4 4 4
  1 neighbor lists, perpetual/occasional/extra = 1 0 0
  (1) pair sw, perpetual
      attributes: full, newton on
      pair build: full/bin/atomonly
      stencil: full/bin/3d
      bin: standard
Per MPI rank memory allocation (min/avg/max) = 3.071 | 3.071 | 3.071 Mbytes
   Step          Temp          E_pair         E_mol          TotEng         Press     
         0   0             -275.50445      0             -275.50445     -5917.9614    
Loop time of 1.02e-06 on 1 procs for 0 steps with 64 atoms

0.0% CPU use with 1 MPI tasks x 1 OpenMP threads

MPI task timing breakdown:
Section |  min time  |  avg time  |  max time  |%varavg| %total
---------------------------------------------------------------
Pair    | 0          | 0          | 0          |   0.0 |  0.00
Neigh   | 0          | 0          | 0          |   0.0 |  0.00
Comm    | 0          | 0          | 0          |   0.0 |  0.00
Output  | 0          | 0          | 0          |   0.0 |  0.00
Modify  | 0          | 0          | 0          |   0.0 |  0.00
Other   |            | 1.02e-06   |            |       |100.00

Nlocal:             64 ave          64 max          64 min
Histogram: 1 0 0 0 0 0 0 0 0 0
Nghost:            516 ave         516 max         516 min
Histogram: 1 0 0 0 0 0 0 0 0 0
Neighs:              0 ave           0 max           0 min
Histogram: 1 0 0 0 0 0 0 0 0 0
FullNghs:         2180 ave        2180 max        2180 min
Histogram: 1 0 0 0 0 0 0 0 0 0

Total # of neighbors = 2180
Ave neighs/atom = 34.0625
Neighbor list builds = 0
Dangerous builds = 0
next i
jump SELF loop_struct
clear
  using 1 OpenMP thread(s) per MPI task
log energies.log append
units metal
boundary p p p
atom_style atomic
read_data Si222_${i}.in
read_data Si222_99.in
Reading data file ...
  orthogonal box = (0 0 0) to (10.887404 10.887404 10.887404)
  1 by 1 by 1 MPI processor grid
  reading atoms ...
  64 atoms
  reading velocities ...
  64 velocities
  read_data CPU = 0.001 seconds
mass 1 28.085
pair_style sw
pair_coeff * * Si.sw Si
Reading sw potential file Si.sw with DATE: 2007-06-11
run 0
WARNING: No fixes with time integration, atoms won't move (src/verlet.cpp:60)
Neighbor list info ...
  update: every = 1 steps, delay = 0 steps, check = yes
  max neighbors/atom: 2000, page size: 100000
  master list distance cutoff = 5.77118
  ghost atom cutoff = 5.77118
  binsize = 2.88559, bins = 4 4 4
  1 neighbor lists, perpetual/occasional/extra = 1 0 0
  (1) pair sw, perpetual
      attributes: full, newton on
      pair build: full/bin/atomonly
      stencil: full/bin/3d
      bin: standard
Per MPI rank memory allocation (min/avg/max) = 3.063 | 3.063 | 3.063 Mbytes
   Step          Temp          E_pair         E_mol          TotEng         Press     
         0   0             -275.37162      0             -275.37162     -5814.8921    
Loop time of 1.011e-06 on 1 procs for 0 steps with 64 atoms

98.9% CPU use with 1 MPI tasks x 1 OpenMP threads

MPI task timing breakdown:
Section |  min time  |  avg time  |  max time  |%varavg| %total
---------------------------------------------------------------
Pair    | 0          | 0          | 0          |   0.0 |  0.00
Neigh   | 0          | 0          | 0          |   0.0 |  0.00
Comm    | 0          | 0          | 0          |   0.0 |  0.00
Output  | 0          | 0          | 0          |   0.0 |  0.00
Modify  | 0          | 0          | 0          |   0.0 |  0.00
Other   |            | 1.011e-06  |            |       |100.00

Nlocal:             64 ave          64 max          64 min
Histogram: 1 0 0 0 0 0 0 0 0 0
Nghost:            468 ave         468 max         468 min
Histogram: 1 0 0 0 0 0 0 0 0 0
Neighs:              0 ave           0 max           0 min
Histogram: 1 0 0 0 0 0 0 0 0 0
FullNghs:         2184 ave        2184 max        2184 min
Histogram: 1 0 0 0 0 0 0 0 0 0

Total # of neighbors = 2184
Ave neighs/atom = 34.125
Neighbor list builds = 0
Dangerous builds = 0
next i
jump SELF loop_struct
clear
  using 1 OpenMP thread(s) per MPI task
log energies.log append
units metal
boundary p p p
atom_style atomic
read_data Si222_${i}.in
read_data Si222_100.in
Reading data file ...
  orthogonal box = (0 0 0) to (10.887404 10.887404 10.887404)
  1 by 1 by 1 MPI processor grid
  reading atoms ...
  64 atoms
  reading velocities ...
  64 velocities
  read_data CPU = 0.001 seconds
mass 1 28.085
pair_style sw
pair_coeff * * Si.sw Si
Reading sw potential file Si.sw with DATE: 2007-06-11
run 0
WARNING: No fixes with time integration, atoms won't move (src/verlet.cpp:60)
Neighbor list info ...
  update: every = 1 steps, delay = 0 steps, check = yes
  max neighbors/atom: 2000, page size: 100000
  master list distance cutoff = 5.77118
  ghost atom cutoff = 5.77118
  binsize = 2.88559, bins = 4 4 4
  1 neighbor lists, perpetual/occasional/extra = 1 0 0
  (1) pair sw, perpetual
      attributes: full, newton on
      pair build: full/bin/atomonly
      stencil: full/bin/3d
      bin: standard
Per MPI rank memory allocation (min/avg/max) = 3.063 | 3.063 | 3.063 Mbytes
   Step          Temp          E_pair         E_mol          TotEng         Press     
         0   0             -275.59081      0             -275.59081     -5807.3355    
Loop time of 1.02e-06 on 1 procs for 0 steps with 64 atoms

196.1% CPU use with 1 MPI tasks x 1 OpenMP threads

MPI task timing breakdown:
Section |  min time  |  avg time  |  max time  |%varavg| %total
---------------------------------------------------------------
Pair    | 0          | 0          | 0          |   0.0 |  0.00
Neigh   | 0          | 0          | 0          |   0.0 |  0.00
Comm    | 0          | 0          | 0          |   0.0 |  0.00
Output  | 0          | 0          | 0          |   0.0 |  0.00
Modify  | 0          | 0          | 0          |   0.0 |  0.00
Other   |            | 1.02e-06   |            |       |100.00

Nlocal:             64 ave          64 max          64 min
Histogram: 1 0 0 0 0 0 0 0 0 0
Nghost:            512 ave         512 max         512 min
Histogram: 1 0 0 0 0 0 0 0 0 0
Neighs:              0 ave           0 max           0 min
Histogram: 1 0 0 0 0 0 0 0 0 0
FullNghs:         2184 ave        2184 max        2184 min
Histogram: 1 0 0 0 0 0 0 0 0 0

Total # of neighbors = 2184
Ave neighs/atom = 34.125
Neighbor list builds = 0
Dangerous builds = 0
next i
jump SELF loop_struct
clear
  using 1 OpenMP thread(s) per MPI task
log energies.log append
units metal
boundary p p p
atom_style atomic
read_data Si222_${i}.in
read_data Si222_101.in
Reading data file ...
  orthogonal box = (0 0 0) to (10.887404 10.887404 10.887404)
  1 by 1 by 1 MPI processor grid
  reading atoms ...
  64 atoms
  reading velocities ...
  64 velocities
  read_data CPU = 0.001 seconds
mass 1 28.085
pair_style sw
pair_coeff * * Si.sw Si
Reading sw potential file Si.sw with DATE: 2007-06-11
run 0
Neighbor list info ...
  update: every = 1 steps, delay = 0 steps, check = yes
  max neighbors/atom: 2000, page size: 100000
  master list distance cutoff = 5.77118
  ghost atom cutoff = 5.77118
  binsize = 2.88559, bins = 4 4 4
  1 neighbor lists, perpetual/occasional/extra = 1 0 0
  (1) pair sw, perpetual
      attributes: full, newton on
      pair build: full/bin/atomonly
      stencil: full/bin/3d
      bin: standard
Per MPI rank memory allocation (min/avg/max) = 3.063 | 3.063 | 3.063 Mbytes
   Step          Temp          E_pair         E_mol          TotEng         Press     
WARNING: Too many warnings: 101 vs 100. All future warnings will be suppressed (src/thermo.cpp:478)
         0   0             -275.58052      0             -275.58052     -5922.821     
Loop time of 1e-06 on 1 procs for 0 steps with 64 atoms

100.0% CPU use with 1 MPI tasks x 1 OpenMP threads

MPI task timing breakdown:
Section |  min time  |  avg time  |  max time  |%varavg| %total
---------------------------------------------------------------
Pair    | 0          | 0          | 0          |   0.0 |  0.00
Neigh   | 0          | 0          | 0          |   0.0 |  0.00
Comm    | 0          | 0          | 0          |   0.0 |  0.00
Output  | 0          | 0          | 0          |   0.0 |  0.00
Modify  | 0          | 0          | 0          |   0.0 |  0.00
Other   |            | 1e-06      |            |       |100.00

Nlocal:             64 ave          64 max          64 min
Histogram: 1 0 0 0 0 0 0 0 0 0
Nghost:            480 ave         480 max         480 min
Histogram: 1 0 0 0 0 0 0 0 0 0
Neighs:              0 ave           0 max           0 min
Histogram: 1 0 0 0 0 0 0 0 0 0
FullNghs:         2182 ave        2182 max        2182 min
Histogram: 1 0 0 0 0 0 0 0 0 0

Total # of neighbors = 2182
Ave neighs/atom = 34.09375
Neighbor list builds = 0
Dangerous builds = 0
next i
jump SELF loop_struct
clear
  using 1 OpenMP thread(s) per MPI task
log energies.log append
units metal
boundary p p p
atom_style atomic
read_data Si222_${i}.in
read_data Si222_102.in
Reading data file ...
  orthogonal box = (0 0 0) to (10.887404 10.887404 10.887404)
  1 by 1 by 1 MPI processor grid
  reading atoms ...
  64 atoms
  reading velocities ...
  64 velocities
  read_data CPU = 0.001 seconds
mass 1 28.085
pair_style sw
pair_coeff * * Si.sw Si
Reading sw potential file Si.sw with DATE: 2007-06-11
run 0
Neighbor list info ...
  update: every = 1 steps, delay = 0 steps, check = yes
  max neighbors/atom: 2000, page size: 100000
  master list distance cutoff = 5.77118
  ghost atom cutoff = 5.77118
  binsize = 2.88559, bins = 4 4 4
  1 neighbor lists, perpetual/occasional/extra = 1 0 0
  (1) pair sw, perpetual
      attributes: full, newton on
      pair build: full/bin/atomonly
      stencil: full/bin/3d
      bin: standard
Per MPI rank memory allocation (min/avg/max) = 3.063 | 3.063 | 3.063 Mbytes
   Step          Temp          E_pair         E_mol          TotEng         Press     
WARNING: Too many warnings: 102 vs 100. All future warnings will be suppressed (src/thermo.cpp:478)
         0   0             -275.69756      0             -275.69756     -5670.8557    
Loop time of 1.06e-06 on 1 procs for 0 steps with 64 atoms

94.3% CPU use with 1 MPI tasks x 1 OpenMP threads

MPI task timing breakdown:
Section |  min time  |  avg time  |  max time  |%varavg| %total
---------------------------------------------------------------
Pair    | 0          | 0          | 0          |   0.0 |  0.00
Neigh   | 0          | 0          | 0          |   0.0 |  0.00
Comm    | 0          | 0          | 0          |   0.0 |  0.00
Output  | 0          | 0          | 0          |   0.0 |  0.00
Modify  | 0          | 0          | 0          |   0.0 |  0.00
Other   |            | 1.06e-06   |            |       |100.00

Nlocal:             64 ave          64 max          64 min
Histogram: 1 0 0 0 0 0 0 0 0 0
Nghost:            512 ave         512 max         512 min
Histogram: 1 0 0 0 0 0 0 0 0 0
Neighs:              0 ave           0 max           0 min
Histogram: 1 0 0 0 0 0 0 0 0 0
FullNghs:         2176 ave        2176 max        2176 min
Histogram: 1 0 0 0 0 0 0 0 0 0

Total # of neighbors = 2176
Ave neighs/atom = 34
Neighbor list builds = 0
Dangerous builds = 0
next i
jump SELF loop_struct
clear
  using 1 OpenMP thread(s) per MPI task
log energies.log append
units metal
boundary p p p
atom_style atomic
read_data Si222_${i}.in
read_data Si222_103.in
Reading data file ...
  orthogonal box = (0 0 0) to (10.887404 10.887404 10.887404)
  1 by 1 by 1 MPI processor grid
  reading atoms ...
  64 atoms
  reading velocities ...
  64 velocities
  read_data CPU = 0.001 seconds
mass 1 28.085
pair_style sw
pair_coeff * * Si.sw Si
Reading sw potential file Si.sw with DATE: 2007-06-11
run 0
Neighbor list info ...
  update: every = 1 steps, delay = 0 steps, check = yes
  max neighbors/atom: 2000, page size: 100000
  master list distance cutoff = 5.77118
  ghost atom cutoff = 5.77118
  binsize = 2.88559, bins = 4 4 4
  1 neighbor lists, perpetual/occasional/extra = 1 0 0
  (1) pair sw, perpetual
      attributes: full, newton on
      pair build: full/bin/atomonly
      stencil: full/bin/3d
      bin: standard
Per MPI rank memory allocation (min/avg/max) = 3.063 | 3.063 | 3.063 Mbytes
   Step          Temp          E_pair         E_mol          TotEng         Press     
WARNING: Too many warnings: 103 vs 100. All future warnings will be suppressed (src/thermo.cpp:478)
         0   0             -275.76567      0             -275.76567     -5874.8562    
Loop time of 1.01e-06 on 1 procs for 0 steps with 64 atoms

99.0% CPU use with 1 MPI tasks x 1 OpenMP threads

MPI task timing breakdown:
Section |  min time  |  avg time  |  max time  |%varavg| %total
---------------------------------------------------------------
Pair    | 0          | 0          | 0          |   0.0 |  0.00
Neigh   | 0          | 0          | 0          |   0.0 |  0.00
Comm    | 0          | 0          | 0          |   0.0 |  0.00
Output  | 0          | 0          | 0          |   0.0 |  0.00
Modify  | 0          | 0          | 0          |   0.0 |  0.00
Other   |            | 1.01e-06   |            |       |100.00

Nlocal:             64 ave          64 max          64 min
Histogram: 1 0 0 0 0 0 0 0 0 0
Nghost:            514 ave         514 max         514 min
Histogram: 1 0 0 0 0 0 0 0 0 0
Neighs:              0 ave           0 max           0 min
Histogram: 1 0 0 0 0 0 0 0 0 0
FullNghs:         2180 ave        2180 max        2180 min
Histogram: 1 0 0 0 0 0 0 0 0 0

Total # of neighbors = 2180
Ave neighs/atom = 34.0625
Neighbor list builds = 0
Dangerous builds = 0
next i
jump SELF loop_struct
clear
  using 1 OpenMP thread(s) per MPI task
log energies.log append
units metal
boundary p p p
atom_style atomic
read_data Si222_${i}.in
read_data Si222_104.in
Reading data file ...
  orthogonal box = (0 0 0) to (10.887404 10.887404 10.887404)
  1 by 1 by 1 MPI processor grid
  reading atoms ...
  64 atoms
  reading velocities ...
  64 velocities
  read_data CPU = 0.001 seconds
mass 1 28.085
pair_style sw
pair_coeff * * Si.sw Si
Reading sw potential file Si.sw with DATE: 2007-06-11
run 0
Neighbor list info ...
  update: every = 1 steps, delay = 0 steps, check = yes
  max neighbors/atom: 2000, page size: 100000
  master list distance cutoff = 5.77118
  ghost atom cutoff = 5.77118
  binsize = 2.88559, bins = 4 4 4
  1 neighbor lists, perpetual/occasional/extra = 1 0 0
  (1) pair sw, perpetual
      attributes: full, newton on
      pair build: full/bin/atomonly
      stencil: full/bin/3d
      bin: standard
Per MPI rank memory allocation (min/avg/max) = 3.064 | 3.064 | 3.064 Mbytes
   Step          Temp          E_pair         E_mol          TotEng         Press     
WARNING: Too many warnings: 104 vs 100. All future warnings will be suppressed (src/thermo.cpp:478)
         0   0             -275.76358      0             -275.76358     -5623.2254    
Loop time of 1.02e-06 on 1 procs for 0 steps with 64 atoms

98.0% CPU use with 1 MPI tasks x 1 OpenMP threads

MPI task timing breakdown:
Section |  min time  |  avg time  |  max time  |%varavg| %total
---------------------------------------------------------------
Pair    | 0          | 0          | 0          |   0.0 |  0.00
Neigh   | 0          | 0          | 0          |   0.0 |  0.00
Comm    | 0          | 0          | 0          |   0.0 |  0.00
Output  | 0          | 0          | 0          |   0.0 |  0.00
Modify  | 0          | 0          | 0          |   0.0 |  0.00
Other   |            | 1.02e-06   |            |       |100.00

Nlocal:             64 ave          64 max          64 min
Histogram: 1 0 0 0 0 0 0 0 0 0
Nghost:            548 ave         548 max         548 min
Histogram: 1 0 0 0 0 0 0 0 0 0
Neighs:              0 ave           0 max           0 min
Histogram: 1 0 0 0 0 0 0 0 0 0
FullNghs:         2178 ave        2178 max        2178 min
Histogram: 1 0 0 0 0 0 0 0 0 0

Total # of neighbors = 2178
Ave neighs/atom = 34.03125
Neighbor list builds = 0
Dangerous builds = 0
next i
jump SELF loop_struct
clear
  using 1 OpenMP thread(s) per MPI task
log energies.log append
units metal
boundary p p p
atom_style atomic
read_data Si222_${i}.in
read_data Si222_105.in
Reading data file ...
  orthogonal box = (0 0 0) to (10.887404 10.887404 10.887404)
  1 by 1 by 1 MPI processor grid
  reading atoms ...
  64 atoms
  reading velocities ...
  64 velocities
  read_data CPU = 0.001 seconds
mass 1 28.085
pair_style sw
pair_coeff * * Si.sw Si
Reading sw potential file Si.sw with DATE: 2007-06-11
run 0
Neighbor list info ...
  update: every = 1 steps, delay = 0 steps, check = yes
  max neighbors/atom: 2000, page size: 100000
  master list distance cutoff = 5.77118
  ghost atom cutoff = 5.77118
  binsize = 2.88559, bins = 4 4 4
  1 neighbor lists, perpetual/occasional/extra = 1 0 0
  (1) pair sw, perpetual
      attributes: full, newton on
      pair build: full/bin/atomonly
      stencil: full/bin/3d
      bin: standard
Per MPI rank memory allocation (min/avg/max) = 3.063 | 3.063 | 3.063 Mbytes
   Step          Temp          E_pair         E_mol          TotEng         Press     
WARNING: Too many warnings: 105 vs 100. All future warnings will be suppressed (src/thermo.cpp:478)
         0   0             -275.70515      0             -275.70515     -6086.0807    
Loop time of 1.01e-06 on 1 procs for 0 steps with 64 atoms

198.0% CPU use with 1 MPI tasks x 1 OpenMP threads

MPI task timing breakdown:
Section |  min time  |  avg time  |  max time  |%varavg| %total
---------------------------------------------------------------
Pair    | 0          | 0          | 0          |   0.0 |  0.00
Neigh   | 0          | 0          | 0          |   0.0 |  0.00
Comm    | 0          | 0          | 0          |   0.0 |  0.00
Output  | 0          | 0          | 0          |   0.0 |  0.00
Modify  | 0          | 0          | 0          |   0.0 |  0.00
Other   |            | 1.01e-06   |            |       |100.00

Nlocal:             64 ave          64 max          64 min
Histogram: 1 0 0 0 0 0 0 0 0 0
Nghost:            484 ave         484 max         484 min
Histogram: 1 0 0 0 0 0 0 0 0 0
Neighs:              0 ave           0 max           0 min
Histogram: 1 0 0 0 0 0 0 0 0 0
FullNghs:         2180 ave        2180 max        2180 min
Histogram: 1 0 0 0 0 0 0 0 0 0

Total # of neighbors = 2180
Ave neighs/atom = 34.0625
Neighbor list builds = 0
Dangerous builds = 0
next i
jump SELF loop_struct
clear
  using 1 OpenMP thread(s) per MPI task
log energies.log append
units metal
boundary p p p
atom_style atomic
read_data Si222_${i}.in
read_data Si222_106.in
Reading data file ...
  orthogonal box = (0 0 0) to (10.887404 10.887404 10.887404)
  1 by 1 by 1 MPI processor grid
  reading atoms ...
  64 atoms
  reading velocities ...
  64 velocities
  read_data CPU = 0.001 seconds
mass 1 28.085
pair_style sw
pair_coeff * * Si.sw Si
Reading sw potential file Si.sw with DATE: 2007-06-11
run 0
Neighbor list info ...
  update: every = 1 steps, delay = 0 steps, check = yes
  max neighbors/atom: 2000, page size: 100000
  master list distance cutoff = 5.77118
  ghost atom cutoff = 5.77118
  binsize = 2.88559, bins = 4 4 4
  1 neighbor lists, perpetual/occasional/extra = 1 0 0
  (1) pair sw, perpetual
      attributes: full, newton on
      pair build: full/bin/atomonly
      stencil: full/bin/3d
      bin: standard
Per MPI rank memory allocation (min/avg/max) = 3.063 | 3.063 | 3.063 Mbytes
   Step          Temp          E_pair         E_mol          TotEng         Press     
WARNING: Too many warnings: 106 vs 100. All future warnings will be suppressed (src/thermo.cpp:478)
         0   0             -275.82325      0             -275.82325     -6068.7043    
Loop time of 1.01e-06 on 1 procs for 0 steps with 64 atoms

99.0% CPU use with 1 MPI tasks x 1 OpenMP threads

MPI task timing breakdown:
Section |  min time  |  avg time  |  max time  |%varavg| %total
---------------------------------------------------------------
Pair    | 0          | 0          | 0          |   0.0 |  0.00
Neigh   | 0          | 0          | 0          |   0.0 |  0.00
Comm    | 0          | 0          | 0          |   0.0 |  0.00
Output  | 0          | 0          | 0          |   0.0 |  0.00
Modify  | 0          | 0          | 0          |   0.0 |  0.00
Other   |            | 1.01e-06   |            |       |100.00

Nlocal:             64 ave          64 max          64 min
Histogram: 1 0 0 0 0 0 0 0 0 0
Nghost:            480 ave         480 max         480 min
Histogram: 1 0 0 0 0 0 0 0 0 0
Neighs:              0 ave           0 max           0 min
Histogram: 1 0 0 0 0 0 0 0 0 0
FullNghs:         2180 ave        2180 max        2180 min
Histogram: 1 0 0 0 0 0 0 0 0 0

Total # of neighbors = 2180
Ave neighs/atom = 34.0625
Neighbor list builds = 0
Dangerous builds = 0
next i
jump SELF loop_struct
clear
  using 1 OpenMP thread(s) per MPI task
log energies.log append
units metal
boundary p p p
atom_style atomic
read_data Si222_${i}.in
read_data Si222_107.in
Reading data file ...
  orthogonal box = (0 0 0) to (10.887404 10.887404 10.887404)
  1 by 1 by 1 MPI processor grid
  reading atoms ...
  64 atoms
  reading velocities ...
  64 velocities
  read_data CPU = 0.001 seconds
mass 1 28.085
pair_style sw
pair_coeff * * Si.sw Si
Reading sw potential file Si.sw with DATE: 2007-06-11
run 0
Neighbor list info ...
  update: every = 1 steps, delay = 0 steps, check = yes
  max neighbors/atom: 2000, page size: 100000
  master list distance cutoff = 5.77118
  ghost atom cutoff = 5.77118
  binsize = 2.88559, bins = 4 4 4
  1 neighbor lists, perpetual/occasional/extra = 1 0 0
  (1) pair sw, perpetual
      attributes: full, newton on
      pair build: full/bin/atomonly
      stencil: full/bin/3d
      bin: standard
Per MPI rank memory allocation (min/avg/max) = 3.063 | 3.063 | 3.063 Mbytes
   Step          Temp          E_pair         E_mol          TotEng         Press     
WARNING: Too many warnings: 107 vs 100. All future warnings will be suppressed (src/thermo.cpp:478)
         0   0             -275.69511      0             -275.69511     -6365.3725    
Loop time of 1.05e-06 on 1 procs for 0 steps with 64 atoms

95.2% CPU use with 1 MPI tasks x 1 OpenMP threads

MPI task timing breakdown:
Section |  min time  |  avg time  |  max time  |%varavg| %total
---------------------------------------------------------------
Pair    | 0          | 0          | 0          |   0.0 |  0.00
Neigh   | 0          | 0          | 0          |   0.0 |  0.00
Comm    | 0          | 0          | 0          |   0.0 |  0.00
Output  | 0          | 0          | 0          |   0.0 |  0.00
Modify  | 0          | 0          | 0          |   0.0 |  0.00
Other   |            | 1.05e-06   |            |       |100.00

Nlocal:             64 ave          64 max          64 min
Histogram: 1 0 0 0 0 0 0 0 0 0
Nghost:            484 ave         484 max         484 min
Histogram: 1 0 0 0 0 0 0 0 0 0
Neighs:              0 ave           0 max           0 min
Histogram: 1 0 0 0 0 0 0 0 0 0
FullNghs:         2178 ave        2178 max        2178 min
Histogram: 1 0 0 0 0 0 0 0 0 0

Total # of neighbors = 2178
Ave neighs/atom = 34.03125
Neighbor list builds = 0
Dangerous builds = 0
next i
jump SELF loop_struct
clear
  using 1 OpenMP thread(s) per MPI task
log energies.log append
units metal
boundary p p p
atom_style atomic
read_data Si222_${i}.in
read_data Si222_108.in
Reading data file ...
  orthogonal box = (0 0 0) to (10.887404 10.887404 10.887404)
  1 by 1 by 1 MPI processor grid
  reading atoms ...
  64 atoms
  reading velocities ...
  64 velocities
  read_data CPU = 0.001 seconds
mass 1 28.085
pair_style sw
pair_coeff * * Si.sw Si
Reading sw potential file Si.sw with DATE: 2007-06-11
run 0
Neighbor list info ...
  update: every = 1 steps, delay = 0 steps, check = yes
  max neighbors/atom: 2000, page size: 100000
  master list distance cutoff = 5.77118
  ghost atom cutoff = 5.77118
  binsize = 2.88559, bins = 4 4 4
  1 neighbor lists, perpetual/occasional/extra = 1 0 0
  (1) pair sw, perpetual
      attributes: full, newton on
      pair build: full/bin/atomonly
      stencil: full/bin/3d
      bin: standard
Per MPI rank memory allocation (min/avg/max) = 3.063 | 3.063 | 3.063 Mbytes
   Step          Temp          E_pair         E_mol          TotEng         Press     
WARNING: Too many warnings: 108 vs 100. All future warnings will be suppressed (src/thermo.cpp:478)
         0   0             -275.22369      0             -275.22369     -5583.7793    
Loop time of 1.02e-06 on 1 procs for 0 steps with 64 atoms

0.0% CPU use with 1 MPI tasks x 1 OpenMP threads

MPI task timing breakdown:
Section |  min time  |  avg time  |  max time  |%varavg| %total
---------------------------------------------------------------
Pair    | 0          | 0          | 0          |   0.0 |  0.00
Neigh   | 0          | 0          | 0          |   0.0 |  0.00
Comm    | 0          | 0          | 0          |   0.0 |  0.00
Output  | 0          | 0          | 0          |   0.0 |  0.00
Modify  | 0          | 0          | 0          |   0.0 |  0.00
Other   |            | 1.02e-06   |            |       |100.00

Nlocal:             64 ave          64 max          64 min
Histogram: 1 0 0 0 0 0 0 0 0 0
Nghost:            512 ave         512 max         512 min
Histogram: 1 0 0 0 0 0 0 0 0 0
Neighs:              0 ave           0 max           0 min
Histogram: 1 0 0 0 0 0 0 0 0 0
FullNghs:         2186 ave        2186 max        2186 min
Histogram: 1 0 0 0 0 0 0 0 0 0

Total # of neighbors = 2186
Ave neighs/atom = 34.15625
Neighbor list builds = 0
Dangerous builds = 0
next i
jump SELF loop_struct
clear
  using 1 OpenMP thread(s) per MPI task
log energies.log append
units metal
boundary p p p
atom_style atomic
read_data Si222_${i}.in
read_data Si222_109.in
Reading data file ...
  orthogonal box = (0 0 0) to (10.887404 10.887404 10.887404)
  1 by 1 by 1 MPI processor grid
  reading atoms ...
  64 atoms
  reading velocities ...
  64 velocities
  read_data CPU = 0.001 seconds
mass 1 28.085
pair_style sw
pair_coeff * * Si.sw Si
Reading sw potential file Si.sw with DATE: 2007-06-11
run 0
Neighbor list info ...
  update: every = 1 steps, delay = 0 steps, check = yes
  max neighbors/atom: 2000, page size: 100000
  master list distance cutoff = 5.77118
  ghost atom cutoff = 5.77118
  binsize = 2.88559, bins = 4 4 4
  1 neighbor lists, perpetual/occasional/extra = 1 0 0
  (1) pair sw, perpetual
      attributes: full, newton on
      pair build: full/bin/atomonly
      stencil: full/bin/3d
      bin: standard
Per MPI rank memory allocation (min/avg/max) = 3.063 | 3.063 | 3.063 Mbytes
   Step          Temp          E_pair         E_mol          TotEng         Press     
WARNING: Too many warnings: 109 vs 100. All future warnings will be suppressed (src/thermo.cpp:478)
         0   0             -275.8481       0             -275.8481      -6259.1995    
Loop time of 1.05e-06 on 1 procs for 0 steps with 64 atoms

95.2% CPU use with 1 MPI tasks x 1 OpenMP threads

MPI task timing breakdown:
Section |  min time  |  avg time  |  max time  |%varavg| %total
---------------------------------------------------------------
Pair    | 0          | 0          | 0          |   0.0 |  0.00
Neigh   | 0          | 0          | 0          |   0.0 |  0.00
Comm    | 0          | 0          | 0          |   0.0 |  0.00
Output  | 0          | 0          | 0          |   0.0 |  0.00
Modify  | 0          | 0          | 0          |   0.0 |  0.00
Other   |            | 1.05e-06   |            |       |100.00

Nlocal:             64 ave          64 max          64 min
Histogram: 1 0 0 0 0 0 0 0 0 0
Nghost:            480 ave         480 max         480 min
Histogram: 1 0 0 0 0 0 0 0 0 0
Neighs:              0 ave           0 max           0 min
Histogram: 1 0 0 0 0 0 0 0 0 0
FullNghs:         2180 ave        2180 max        2180 min
Histogram: 1 0 0 0 0 0 0 0 0 0

Total # of neighbors = 2180
Ave neighs/atom = 34.0625
Neighbor list builds = 0
Dangerous builds = 0
next i
jump SELF loop_struct
clear
  using 1 OpenMP thread(s) per MPI task
log energies.log append
units metal
boundary p p p
atom_style atomic
read_data Si222_${i}.in
read_data Si222_110.in
Reading data file ...
  orthogonal box = (0 0 0) to (10.887404 10.887404 10.887404)
  1 by 1 by 1 MPI processor grid
  reading atoms ...
  64 atoms
  reading velocities ...
  64 velocities
  read_data CPU = 0.001 seconds
mass 1 28.085
pair_style sw
pair_coeff * * Si.sw Si
Reading sw potential file Si.sw with DATE: 2007-06-11
run 0
Neighbor list info ...
  update: every = 1 steps, delay = 0 steps, check = yes
  max neighbors/atom: 2000, page size: 100000
  master list distance cutoff = 5.77118
  ghost atom cutoff = 5.77118
  binsize = 2.88559, bins = 4 4 4
  1 neighbor lists, perpetual/occasional/extra = 1 0 0
  (1) pair sw, perpetual
      attributes: full, newton on
      pair build: full/bin/atomonly
      stencil: full/bin/3d
      bin: standard
Per MPI rank memory allocation (min/avg/max) = 3.063 | 3.063 | 3.063 Mbytes
   Step          Temp          E_pair         E_mol          TotEng         Press     
WARNING: Too many warnings: 110 vs 100. All future warnings will be suppressed (src/thermo.cpp:478)
         0   0             -275.44018      0             -275.44018     -5700.8545    
Loop time of 1.01e-06 on 1 procs for 0 steps with 64 atoms

99.0% CPU use with 1 MPI tasks x 1 OpenMP threads

MPI task timing breakdown:
Section |  min time  |  avg time  |  max time  |%varavg| %total
---------------------------------------------------------------
Pair    | 0          | 0          | 0          |   0.0 |  0.00
Neigh   | 0          | 0          | 0          |   0.0 |  0.00
Comm    | 0          | 0          | 0          |   0.0 |  0.00
Output  | 0          | 0          | 0          |   0.0 |  0.00
Modify  | 0          | 0          | 0          |   0.0 |  0.00
Other   |            | 1.01e-06   |            |       |100.00

Nlocal:             64 ave          64 max          64 min
Histogram: 1 0 0 0 0 0 0 0 0 0
Nghost:            468 ave         468 max         468 min
Histogram: 1 0 0 0 0 0 0 0 0 0
Neighs:              0 ave           0 max           0 min
Histogram: 1 0 0 0 0 0 0 0 0 0
FullNghs:         2186 ave        2186 max        2186 min
Histogram: 1 0 0 0 0 0 0 0 0 0

Total # of neighbors = 2186
Ave neighs/atom = 34.15625
Neighbor list builds = 0
Dangerous builds = 0
next i
jump SELF loop_struct
clear
  using 1 OpenMP thread(s) per MPI task
log energies.log append
units metal
boundary p p p
atom_style atomic
read_data Si222_${i}.in
read_data Si222_111.in
Reading data file ...
  orthogonal box = (0 0 0) to (10.887404 10.887404 10.887404)
  1 by 1 by 1 MPI processor grid
  reading atoms ...
  64 atoms
  reading velocities ...
  64 velocities
  read_data CPU = 0.001 seconds
mass 1 28.085
pair_style sw
pair_coeff * * Si.sw Si
Reading sw potential file Si.sw with DATE: 2007-06-11
run 0
Neighbor list info ...
  update: every = 1 steps, delay = 0 steps, check = yes
  max neighbors/atom: 2000, page size: 100000
  master list distance cutoff = 5.77118
  ghost atom cutoff = 5.77118
  binsize = 2.88559, bins = 4 4 4
  1 neighbor lists, perpetual/occasional/extra = 1 0 0
  (1) pair sw, perpetual
      attributes: full, newton on
      pair build: full/bin/atomonly
      stencil: full/bin/3d
      bin: standard
Per MPI rank memory allocation (min/avg/max) = 3.063 | 3.063 | 3.063 Mbytes
   Step          Temp          E_pair         E_mol          TotEng         Press     
WARNING: Too many warnings: 111 vs 100. All future warnings will be suppressed (src/thermo.cpp:478)
         0   0             -275.68838      0             -275.68838     -5788.9532    
Loop time of 1.03e-06 on 1 procs for 0 steps with 64 atoms

97.1% CPU use with 1 MPI tasks x 1 OpenMP threads

MPI task timing breakdown:
Section |  min time  |  avg time  |  max time  |%varavg| %total
---------------------------------------------------------------
Pair    | 0          | 0          | 0          |   0.0 |  0.00
Neigh   | 0          | 0          | 0          |   0.0 |  0.00
Comm    | 0          | 0          | 0          |   0.0 |  0.00
Output  | 0          | 0          | 0          |   0.0 |  0.00
Modify  | 0          | 0          | 0          |   0.0 |  0.00
Other   |            | 1.03e-06   |            |       |100.00

Nlocal:             64 ave          64 max          64 min
Histogram: 1 0 0 0 0 0 0 0 0 0
Nghost:            516 ave         516 max         516 min
Histogram: 1 0 0 0 0 0 0 0 0 0
Neighs:              0 ave           0 max           0 min
Histogram: 1 0 0 0 0 0 0 0 0 0
FullNghs:         2180 ave        2180 max        2180 min
Histogram: 1 0 0 0 0 0 0 0 0 0

Total # of neighbors = 2180
Ave neighs/atom = 34.0625
Neighbor list builds = 0
Dangerous builds = 0
next i
jump SELF loop_struct
clear
  using 1 OpenMP thread(s) per MPI task
log energies.log append
units metal
boundary p p p
atom_style atomic
read_data Si222_${i}.in
read_data Si222_112.in
Reading data file ...
  orthogonal box = (0 0 0) to (10.887404 10.887404 10.887404)
  1 by 1 by 1 MPI processor grid
  reading atoms ...
  64 atoms
  reading velocities ...
  64 velocities
  read_data CPU = 0.001 seconds
mass 1 28.085
pair_style sw
pair_coeff * * Si.sw Si
Reading sw potential file Si.sw with DATE: 2007-06-11
run 0
Neighbor list info ...
  update: every = 1 steps, delay = 0 steps, check = yes
  max neighbors/atom: 2000, page size: 100000
  master list distance cutoff = 5.77118
  ghost atom cutoff = 5.77118
  binsize = 2.88559, bins = 4 4 4
  1 neighbor lists, perpetual/occasional/extra = 1 0 0
  (1) pair sw, perpetual
      attributes: full, newton on
      pair build: full/bin/atomonly
      stencil: full/bin/3d
      bin: standard
Per MPI rank memory allocation (min/avg/max) = 3.063 | 3.063 | 3.063 Mbytes
   Step          Temp          E_pair         E_mol          TotEng         Press     
WARNING: Too many warnings: 112 vs 100. All future warnings will be suppressed (src/thermo.cpp:478)
         0   0             -275.83221      0             -275.83221     -6130.5744    
Loop time of 1.01e-06 on 1 procs for 0 steps with 64 atoms

198.0% CPU use with 1 MPI tasks x 1 OpenMP threads

MPI task timing breakdown:
Section |  min time  |  avg time  |  max time  |%varavg| %total
---------------------------------------------------------------
Pair    | 0          | 0          | 0          |   0.0 |  0.00
Neigh   | 0          | 0          | 0          |   0.0 |  0.00
Comm    | 0          | 0          | 0          |   0.0 |  0.00
Output  | 0          | 0          | 0          |   0.0 |  0.00
Modify  | 0          | 0          | 0          |   0.0 |  0.00
Other   |            | 1.01e-06   |            |       |100.00

Nlocal:             64 ave          64 max          64 min
Histogram: 1 0 0 0 0 0 0 0 0 0
Nghost:            484 ave         484 max         484 min
Histogram: 1 0 0 0 0 0 0 0 0 0
Neighs:              0 ave           0 max           0 min
Histogram: 1 0 0 0 0 0 0 0 0 0
FullNghs:         2176 ave        2176 max        2176 min
Histogram: 1 0 0 0 0 0 0 0 0 0

Total # of neighbors = 2176
Ave neighs/atom = 34
Neighbor list builds = 0
Dangerous builds = 0
next i
jump SELF loop_struct
clear
  using 1 OpenMP thread(s) per MPI task
log energies.log append
units metal
boundary p p p
atom_style atomic
read_data Si222_${i}.in
read_data Si222_113.in
Reading data file ...
  orthogonal box = (0 0 0) to (10.887404 10.887404 10.887404)
  1 by 1 by 1 MPI processor grid
  reading atoms ...
  64 atoms
  reading velocities ...
  64 velocities
  read_data CPU = 0.001 seconds
mass 1 28.085
pair_style sw
pair_coeff * * Si.sw Si
Reading sw potential file Si.sw with DATE: 2007-06-11
run 0
Neighbor list info ...
  update: every = 1 steps, delay = 0 steps, check = yes
  max neighbors/atom: 2000, page size: 100000
  master list distance cutoff = 5.77118
  ghost atom cutoff = 5.77118
  binsize = 2.88559, bins = 4 4 4
  1 neighbor lists, perpetual/occasional/extra = 1 0 0
  (1) pair sw, perpetual
      attributes: full, newton on
      pair build: full/bin/atomonly
      stencil: full/bin/3d
      bin: standard
Per MPI rank memory allocation (min/avg/max) = 3.071 | 3.071 | 3.071 Mbytes
   Step          Temp          E_pair         E_mol          TotEng         Press     
WARNING: Too many warnings: 113 vs 100. All future warnings will be suppressed (src/thermo.cpp:478)
         0   0             -275.39952      0             -275.39952     -5433.1774    
Loop time of 1.02e-06 on 1 procs for 0 steps with 64 atoms

98.0% CPU use with 1 MPI tasks x 1 OpenMP threads

MPI task timing breakdown:
Section |  min time  |  avg time  |  max time  |%varavg| %total
---------------------------------------------------------------
Pair    | 0          | 0          | 0          |   0.0 |  0.00
Neigh   | 0          | 0          | 0          |   0.0 |  0.00
Comm    | 0          | 0          | 0          |   0.0 |  0.00
Output  | 0          | 0          | 0          |   0.0 |  0.00
Modify  | 0          | 0          | 0          |   0.0 |  0.00
Other   |            | 1.02e-06   |            |       |100.00

Nlocal:             64 ave          64 max          64 min
Histogram: 1 0 0 0 0 0 0 0 0 0
Nghost:            516 ave         516 max         516 min
Histogram: 1 0 0 0 0 0 0 0 0 0
Neighs:              0 ave           0 max           0 min
Histogram: 1 0 0 0 0 0 0 0 0 0
FullNghs:         2182 ave        2182 max        2182 min
Histogram: 1 0 0 0 0 0 0 0 0 0

Total # of neighbors = 2182
Ave neighs/atom = 34.09375
Neighbor list builds = 0
Dangerous builds = 0
next i
jump SELF loop_struct
clear
  using 1 OpenMP thread(s) per MPI task
log energies.log append
units metal
boundary p p p
atom_style atomic
read_data Si222_${i}.in
read_data Si222_114.in
Reading data file ...
  orthogonal box = (0 0 0) to (10.887404 10.887404 10.887404)
  1 by 1 by 1 MPI processor grid
  reading atoms ...
  64 atoms
  reading velocities ...
  64 velocities
  read_data CPU = 0.001 seconds
mass 1 28.085
pair_style sw
pair_coeff * * Si.sw Si
Reading sw potential file Si.sw with DATE: 2007-06-11
run 0
Neighbor list info ...
  update: every = 1 steps, delay = 0 steps, check = yes
  max neighbors/atom: 2000, page size: 100000
  master list distance cutoff = 5.77118
  ghost atom cutoff = 5.77118
  binsize = 2.88559, bins = 4 4 4
  1 neighbor lists, perpetual/occasional/extra = 1 0 0
  (1) pair sw, perpetual
      attributes: full, newton on
      pair build: full/bin/atomonly
      stencil: full/bin/3d
      bin: standard
Per MPI rank memory allocation (min/avg/max) = 3.063 | 3.063 | 3.063 Mbytes
   Step          Temp          E_pair         E_mol          TotEng         Press     
WARNING: Too many warnings: 114 vs 100. All future warnings will be suppressed (src/thermo.cpp:478)
         0   0             -275.50149      0             -275.50149     -5914.0056    
Loop time of 1.02e-06 on 1 procs for 0 steps with 64 atoms

98.0% CPU use with 1 MPI tasks x 1 OpenMP threads

MPI task timing breakdown:
Section |  min time  |  avg time  |  max time  |%varavg| %total
---------------------------------------------------------------
Pair    | 0          | 0          | 0          |   0.0 |  0.00
Neigh   | 0          | 0          | 0          |   0.0 |  0.00
Comm    | 0          | 0          | 0          |   0.0 |  0.00
Output  | 0          | 0          | 0          |   0.0 |  0.00
Modify  | 0          | 0          | 0          |   0.0 |  0.00
Other   |            | 1.02e-06   |            |       |100.00

Nlocal:             64 ave          64 max          64 min
Histogram: 1 0 0 0 0 0 0 0 0 0
Nghost:            516 ave         516 max         516 min
Histogram: 1 0 0 0 0 0 0 0 0 0
Neighs:              0 ave           0 max           0 min
Histogram: 1 0 0 0 0 0 0 0 0 0
FullNghs:         2186 ave        2186 max        2186 min
Histogram: 1 0 0 0 0 0 0 0 0 0

Total # of neighbors = 2186
Ave neighs/atom = 34.15625
Neighbor list builds = 0
Dangerous builds = 0
next i
jump SELF loop_struct
clear
  using 1 OpenMP thread(s) per MPI task
log energies.log append
units metal
boundary p p p
atom_style atomic
read_data Si222_${i}.in
read_data Si222_115.in
Reading data file ...
  orthogonal box = (0 0 0) to (10.887404 10.887404 10.887404)
  1 by 1 by 1 MPI processor grid
  reading atoms ...
  64 atoms
  reading velocities ...
  64 velocities
  read_data CPU = 0.001 seconds
mass 1 28.085
pair_style sw
pair_coeff * * Si.sw Si
Reading sw potential file Si.sw with DATE: 2007-06-11
run 0
Neighbor list info ...
  update: every = 1 steps, delay = 0 steps, check = yes
  max neighbors/atom: 2000, page size: 100000
  master list distance cutoff = 5.77118
  ghost atom cutoff = 5.77118
  binsize = 2.88559, bins = 4 4 4
  1 neighbor lists, perpetual/occasional/extra = 1 0 0
  (1) pair sw, perpetual
      attributes: full, newton on
      pair build: full/bin/atomonly
      stencil: full/bin/3d
      bin: standard
Per MPI rank memory allocation (min/avg/max) = 3.063 | 3.063 | 3.063 Mbytes
   Step          Temp          E_pair         E_mol          TotEng         Press     
WARNING: Too many warnings: 115 vs 100. All future warnings will be suppressed (src/thermo.cpp:478)
         0   0             -275.84926      0             -275.84926     -6085.0914    
Loop time of 1.04e-06 on 1 procs for 0 steps with 64 atoms

96.2% CPU use with 1 MPI tasks x 1 OpenMP threads

MPI task timing breakdown:
Section |  min time  |  avg time  |  max time  |%varavg| %total
---------------------------------------------------------------
Pair    | 0          | 0          | 0          |   0.0 |  0.00
Neigh   | 0          | 0          | 0          |   0.0 |  0.00
Comm    | 0          | 0          | 0          |   0.0 |  0.00
Output  | 0          | 0          | 0          |   0.0 |  0.00
Modify  | 0          | 0          | 0          |   0.0 |  0.00
Other   |            | 1.04e-06   |            |       |100.00

Nlocal:             64 ave          64 max          64 min
Histogram: 1 0 0 0 0 0 0 0 0 0
Nghost:            516 ave         516 max         516 min
Histogram: 1 0 0 0 0 0 0 0 0 0
Neighs:              0 ave           0 max           0 min
Histogram: 1 0 0 0 0 0 0 0 0 0
FullNghs:         2180 ave        2180 max        2180 min
Histogram: 1 0 0 0 0 0 0 0 0 0

Total # of neighbors = 2180
Ave neighs/atom = 34.0625
Neighbor list builds = 0
Dangerous builds = 0
next i
jump SELF loop_struct
clear
  using 1 OpenMP thread(s) per MPI task
log energies.log append
units metal
boundary p p p
atom_style atomic
read_data Si222_${i}.in
read_data Si222_116.in
Reading data file ...
  orthogonal box = (0 0 0) to (10.887404 10.887404 10.887404)
  1 by 1 by 1 MPI processor grid
  reading atoms ...
  64 atoms
  reading velocities ...
  64 velocities
  read_data CPU = 0.001 seconds
mass 1 28.085
pair_style sw
pair_coeff * * Si.sw Si
Reading sw potential file Si.sw with DATE: 2007-06-11
run 0
Neighbor list info ...
  update: every = 1 steps, delay = 0 steps, check = yes
  max neighbors/atom: 2000, page size: 100000
  master list distance cutoff = 5.77118
  ghost atom cutoff = 5.77118
  binsize = 2.88559, bins = 4 4 4
  1 neighbor lists, perpetual/occasional/extra = 1 0 0
  (1) pair sw, perpetual
      attributes: full, newton on
      pair build: full/bin/atomonly
      stencil: full/bin/3d
      bin: standard
Per MPI rank memory allocation (min/avg/max) = 3.072 | 3.072 | 3.072 Mbytes
   Step          Temp          E_pair         E_mol          TotEng         Press     
WARNING: Too many warnings: 116 vs 100. All future warnings will be suppressed (src/thermo.cpp:478)
         0   0             -275.40089      0             -275.40089     -5930.7279    
Loop time of 1.02e-06 on 1 procs for 0 steps with 64 atoms

0.0% CPU use with 1 MPI tasks x 1 OpenMP threads

MPI task timing breakdown:
Section |  min time  |  avg time  |  max time  |%varavg| %total
---------------------------------------------------------------
Pair    | 0          | 0          | 0          |   0.0 |  0.00
Neigh   | 0          | 0          | 0          |   0.0 |  0.00
Comm    | 0          | 0          | 0          |   0.0 |  0.00
Output  | 0          | 0          | 0          |   0.0 |  0.00
Modify  | 0          | 0          | 0          |   0.0 |  0.00
Other   |            | 1.02e-06   |            |       |100.00

Nlocal:             64 ave          64 max          64 min
Histogram: 1 0 0 0 0 0 0 0 0 0
Nghost:            548 ave         548 max         548 min
Histogram: 1 0 0 0 0 0 0 0 0 0
Neighs:              0 ave           0 max           0 min
Histogram: 1 0 0 0 0 0 0 0 0 0
FullNghs:         2190 ave        2190 max        2190 min
Histogram: 1 0 0 0 0 0 0 0 0 0

Total # of neighbors = 2190
Ave neighs/atom = 34.21875
Neighbor list builds = 0
Dangerous builds = 0
next i
jump SELF loop_struct
clear
  using 1 OpenMP thread(s) per MPI task
log energies.log append
units metal
boundary p p p
atom_style atomic
read_data Si222_${i}.in
read_data Si222_117.in
Reading data file ...
  orthogonal box = (0 0 0) to (10.887404 10.887404 10.887404)
  1 by 1 by 1 MPI processor grid
  reading atoms ...
  64 atoms
  reading velocities ...
  64 velocities
  read_data CPU = 0.001 seconds
mass 1 28.085
pair_style sw
pair_coeff * * Si.sw Si
Reading sw potential file Si.sw with DATE: 2007-06-11
run 0
Neighbor list info ...
  update: every = 1 steps, delay = 0 steps, check = yes
  max neighbors/atom: 2000, page size: 100000
  master list distance cutoff = 5.77118
  ghost atom cutoff = 5.77118
  binsize = 2.88559, bins = 4 4 4
  1 neighbor lists, perpetual/occasional/extra = 1 0 0
  (1) pair sw, perpetual
      attributes: full, newton on
      pair build: full/bin/atomonly
      stencil: full/bin/3d
      bin: standard
Per MPI rank memory allocation (min/avg/max) = 3.064 | 3.064 | 3.064 Mbytes
   Step          Temp          E_pair         E_mol          TotEng         Press     
WARNING: Too many warnings: 117 vs 100. All future warnings will be suppressed (src/thermo.cpp:478)
         0   0             -275.61973      0             -275.61973     -5771.247     
Loop time of 1.04e-06 on 1 procs for 0 steps with 64 atoms

96.2% CPU use with 1 MPI tasks x 1 OpenMP threads

MPI task timing breakdown:
Section |  min time  |  avg time  |  max time  |%varavg| %total
---------------------------------------------------------------
Pair    | 0          | 0          | 0          |   0.0 |  0.00
Neigh   | 0          | 0          | 0          |   0.0 |  0.00
Comm    | 0          | 0          | 0          |   0.0 |  0.00
Output  | 0          | 0          | 0          |   0.0 |  0.00
Modify  | 0          | 0          | 0          |   0.0 |  0.00
Other   |            | 1.04e-06   |            |       |100.00

Nlocal:             64 ave          64 max          64 min
Histogram: 1 0 0 0 0 0 0 0 0 0
Nghost:            532 ave         532 max         532 min
Histogram: 1 0 0 0 0 0 0 0 0 0
Neighs:              0 ave           0 max           0 min
Histogram: 1 0 0 0 0 0 0 0 0 0
FullNghs:         2184 ave        2184 max        2184 min
Histogram: 1 0 0 0 0 0 0 0 0 0

Total # of neighbors = 2184
Ave neighs/atom = 34.125
Neighbor list builds = 0
Dangerous builds = 0
next i
jump SELF loop_struct
clear
  using 1 OpenMP thread(s) per MPI task
log energies.log append
units metal
boundary p p p
atom_style atomic
read_data Si222_${i}.in
read_data Si222_118.in
Reading data file ...
  orthogonal box = (0 0 0) to (10.887404 10.887404 10.887404)
  1 by 1 by 1 MPI processor grid
  reading atoms ...
  64 atoms
  reading velocities ...
  64 velocities
  read_data CPU = 0.001 seconds
mass 1 28.085
pair_style sw
pair_coeff * * Si.sw Si
Reading sw potential file Si.sw with DATE: 2007-06-11
run 0
Neighbor list info ...
  update: every = 1 steps, delay = 0 steps, check = yes
  max neighbors/atom: 2000, page size: 100000
  master list distance cutoff = 5.77118
  ghost atom cutoff = 5.77118
  binsize = 2.88559, bins = 4 4 4
  1 neighbor lists, perpetual/occasional/extra = 1 0 0
  (1) pair sw, perpetual
      attributes: full, newton on
      pair build: full/bin/atomonly
      stencil: full/bin/3d
      bin: standard
Per MPI rank memory allocation (min/avg/max) = 3.063 | 3.063 | 3.063 Mbytes
   Step          Temp          E_pair         E_mol          TotEng         Press     
WARNING: Too many warnings: 118 vs 100. All future warnings will be suppressed (src/thermo.cpp:478)
         0   0             -275.75435      0             -275.75435     -5693.4864    
Loop time of 1.02e-06 on 1 procs for 0 steps with 64 atoms

0.0% CPU use with 1 MPI tasks x 1 OpenMP threads

MPI task timing breakdown:
Section |  min time  |  avg time  |  max time  |%varavg| %total
---------------------------------------------------------------
Pair    | 0          | 0          | 0          |   0.0 |  0.00
Neigh   | 0          | 0          | 0          |   0.0 |  0.00
Comm    | 0          | 0          | 0          |   0.0 |  0.00
Output  | 0          | 0          | 0          |   0.0 |  0.00
Modify  | 0          | 0          | 0          |   0.0 |  0.00
Other   |            | 1.02e-06   |            |       |100.00

Nlocal:             64 ave          64 max          64 min
Histogram: 1 0 0 0 0 0 0 0 0 0
Nghost:            480 ave         480 max         480 min
Histogram: 1 0 0 0 0 0 0 0 0 0
Neighs:              0 ave           0 max           0 min
Histogram: 1 0 0 0 0 0 0 0 0 0
FullNghs:         2182 ave        2182 max        2182 min
Histogram: 1 0 0 0 0 0 0 0 0 0

Total # of neighbors = 2182
Ave neighs/atom = 34.09375
Neighbor list builds = 0
Dangerous builds = 0
next i
jump SELF loop_struct
clear
  using 1 OpenMP thread(s) per MPI task
log energies.log append
units metal
boundary p p p
atom_style atomic
read_data Si222_${i}.in
read_data Si222_119.in
Reading data file ...
  orthogonal box = (0 0 0) to (10.887404 10.887404 10.887404)
  1 by 1 by 1 MPI processor grid
  reading atoms ...
  64 atoms
  reading velocities ...
  64 velocities
  read_data CPU = 0.001 seconds
mass 1 28.085
pair_style sw
pair_coeff * * Si.sw Si
Reading sw potential file Si.sw with DATE: 2007-06-11
run 0
Neighbor list info ...
  update: every = 1 steps, delay = 0 steps, check = yes
  max neighbors/atom: 2000, page size: 100000
  master list distance cutoff = 5.77118
  ghost atom cutoff = 5.77118
  binsize = 2.88559, bins = 4 4 4
  1 neighbor lists, perpetual/occasional/extra = 1 0 0
  (1) pair sw, perpetual
      attributes: full, newton on
      pair build: full/bin/atomonly
      stencil: full/bin/3d
      bin: standard
Per MPI rank memory allocation (min/avg/max) = 3.063 | 3.063 | 3.063 Mbytes
   Step          Temp          E_pair         E_mol          TotEng         Press     
WARNING: Too many warnings: 119 vs 100. All future warnings will be suppressed (src/thermo.cpp:478)
         0   0             -275.41662      0             -275.41662     -5925.4815    
Loop time of 1.08e-06 on 1 procs for 0 steps with 64 atoms

92.6% CPU use with 1 MPI tasks x 1 OpenMP threads

MPI task timing breakdown:
Section |  min time  |  avg time  |  max time  |%varavg| %total
---------------------------------------------------------------
Pair    | 0          | 0          | 0          |   0.0 |  0.00
Neigh   | 0          | 0          | 0          |   0.0 |  0.00
Comm    | 0          | 0          | 0          |   0.0 |  0.00
Output  | 0          | 0          | 0          |   0.0 |  0.00
Modify  | 0          | 0          | 0          |   0.0 |  0.00
Other   |            | 1.08e-06   |            |       |100.00

Nlocal:             64 ave          64 max          64 min
Histogram: 1 0 0 0 0 0 0 0 0 0
Nghost:            480 ave         480 max         480 min
Histogram: 1 0 0 0 0 0 0 0 0 0
Neighs:              0 ave           0 max           0 min
Histogram: 1 0 0 0 0 0 0 0 0 0
FullNghs:         2186 ave        2186 max        2186 min
Histogram: 1 0 0 0 0 0 0 0 0 0

Total # of neighbors = 2186
Ave neighs/atom = 34.15625
Neighbor list builds = 0
Dangerous builds = 0
next i
jump SELF loop_struct
clear
  using 1 OpenMP thread(s) per MPI task
log energies.log append
units metal
boundary p p p
atom_style atomic
read_data Si222_${i}.in
read_data Si222_120.in
Reading data file ...
  orthogonal box = (0 0 0) to (10.887404 10.887404 10.887404)
  1 by 1 by 1 MPI processor grid
  reading atoms ...
  64 atoms
  reading velocities ...
  64 velocities
  read_data CPU = 0.001 seconds
mass 1 28.085
pair_style sw
pair_coeff * * Si.sw Si
Reading sw potential file Si.sw with DATE: 2007-06-11
run 0
Neighbor list info ...
  update: every = 1 steps, delay = 0 steps, check = yes
  max neighbors/atom: 2000, page size: 100000
  master list distance cutoff = 5.77118
  ghost atom cutoff = 5.77118
  binsize = 2.88559, bins = 4 4 4
  1 neighbor lists, perpetual/occasional/extra = 1 0 0
  (1) pair sw, perpetual
      attributes: full, newton on
      pair build: full/bin/atomonly
      stencil: full/bin/3d
      bin: standard
Per MPI rank memory allocation (min/avg/max) = 3.063 | 3.063 | 3.063 Mbytes
   Step          Temp          E_pair         E_mol          TotEng         Press     
WARNING: Too many warnings: 120 vs 100. All future warnings will be suppressed (src/thermo.cpp:478)
         0   0             -275.84765      0             -275.84765     -6014.9679    
Loop time of 1.06e-06 on 1 procs for 0 steps with 64 atoms

0.0% CPU use with 1 MPI tasks x 1 OpenMP threads

MPI task timing breakdown:
Section |  min time  |  avg time  |  max time  |%varavg| %total
---------------------------------------------------------------
Pair    | 0          | 0          | 0          |   0.0 |  0.00
Neigh   | 0          | 0          | 0          |   0.0 |  0.00
Comm    | 0          | 0          | 0          |   0.0 |  0.00
Output  | 0          | 0          | 0          |   0.0 |  0.00
Modify  | 0          | 0          | 0          |   0.0 |  0.00
Other   |            | 1.06e-06   |            |       |100.00

Nlocal:             64 ave          64 max          64 min
Histogram: 1 0 0 0 0 0 0 0 0 0
Nghost:            478 ave         478 max         478 min
Histogram: 1 0 0 0 0 0 0 0 0 0
Neighs:              0 ave           0 max           0 min
Histogram: 1 0 0 0 0 0 0 0 0 0
FullNghs:         2178 ave        2178 max        2178 min
Histogram: 1 0 0 0 0 0 0 0 0 0

Total # of neighbors = 2178
Ave neighs/atom = 34.03125
Neighbor list builds = 0
Dangerous builds = 0
next i
jump SELF loop_struct
clear
  using 1 OpenMP thread(s) per MPI task
log energies.log append
units metal
boundary p p p
atom_style atomic
read_data Si222_${i}.in
read_data Si222_121.in
Reading data file ...
  orthogonal box = (0 0 0) to (10.887404 10.887404 10.887404)
  1 by 1 by 1 MPI processor grid
  reading atoms ...
  64 atoms
  reading velocities ...
  64 velocities
  read_data CPU = 0.001 seconds
mass 1 28.085
pair_style sw
pair_coeff * * Si.sw Si
Reading sw potential file Si.sw with DATE: 2007-06-11
run 0
Neighbor list info ...
  update: every = 1 steps, delay = 0 steps, check = yes
  max neighbors/atom: 2000, page size: 100000
  master list distance cutoff = 5.77118
  ghost atom cutoff = 5.77118
  binsize = 2.88559, bins = 4 4 4
  1 neighbor lists, perpetual/occasional/extra = 1 0 0
  (1) pair sw, perpetual
      attributes: full, newton on
      pair build: full/bin/atomonly
      stencil: full/bin/3d
      bin: standard
Per MPI rank memory allocation (min/avg/max) = 3.063 | 3.063 | 3.063 Mbytes
   Step          Temp          E_pair         E_mol          TotEng         Press     
WARNING: Too many warnings: 121 vs 100. All future warnings will be suppressed (src/thermo.cpp:478)
         0   0             -275.68613      0             -275.68613     -6003.3643    
Loop time of 1.09e-06 on 1 procs for 0 steps with 64 atoms

91.7% CPU use with 1 MPI tasks x 1 OpenMP threads

MPI task timing breakdown:
Section |  min time  |  avg time  |  max time  |%varavg| %total
---------------------------------------------------------------
Pair    | 0          | 0          | 0          |   0.0 |  0.00
Neigh   | 0          | 0          | 0          |   0.0 |  0.00
Comm    | 0          | 0          | 0          |   0.0 |  0.00
Output  | 0          | 0          | 0          |   0.0 |  0.00
Modify  | 0          | 0          | 0          |   0.0 |  0.00
Other   |            | 1.09e-06   |            |       |100.00

Nlocal:             64 ave          64 max          64 min
Histogram: 1 0 0 0 0 0 0 0 0 0
Nghost:            512 ave         512 max         512 min
Histogram: 1 0 0 0 0 0 0 0 0 0
Neighs:              0 ave           0 max           0 min
Histogram: 1 0 0 0 0 0 0 0 0 0
FullNghs:         2178 ave        2178 max        2178 min
Histogram: 1 0 0 0 0 0 0 0 0 0

Total # of neighbors = 2178
Ave neighs/atom = 34.03125
Neighbor list builds = 0
Dangerous builds = 0
next i
jump SELF loop_struct
clear
  using 1 OpenMP thread(s) per MPI task
log energies.log append
units metal
boundary p p p
atom_style atomic
read_data Si222_${i}.in
read_data Si222_122.in
Reading data file ...
  orthogonal box = (0 0 0) to (10.887404 10.887404 10.887404)
  1 by 1 by 1 MPI processor grid
  reading atoms ...
  64 atoms
  reading velocities ...
  64 velocities
  read_data CPU = 0.001 seconds
mass 1 28.085
pair_style sw
pair_coeff * * Si.sw Si
Reading sw potential file Si.sw with DATE: 2007-06-11
run 0
Neighbor list info ...
  update: every = 1 steps, delay = 0 steps, check = yes
  max neighbors/atom: 2000, page size: 100000
  master list distance cutoff = 5.77118
  ghost atom cutoff = 5.77118
  binsize = 2.88559, bins = 4 4 4
  1 neighbor lists, perpetual/occasional/extra = 1 0 0
  (1) pair sw, perpetual
      attributes: full, newton on
      pair build: full/bin/atomonly
      stencil: full/bin/3d
      bin: standard
Per MPI rank memory allocation (min/avg/max) = 3.063 | 3.063 | 3.063 Mbytes
   Step          Temp          E_pair         E_mol          TotEng         Press     
WARNING: Too many warnings: 122 vs 100. All future warnings will be suppressed (src/thermo.cpp:478)
         0   0             -275.82402      0             -275.82402     -6043.5041    
Loop time of 1.06e-06 on 1 procs for 0 steps with 64 atoms

94.3% CPU use with 1 MPI tasks x 1 OpenMP threads

MPI task timing breakdown:
Section |  min time  |  avg time  |  max time  |%varavg| %total
---------------------------------------------------------------
Pair    | 0          | 0          | 0          |   0.0 |  0.00
Neigh   | 0          | 0          | 0          |   0.0 |  0.00
Comm    | 0          | 0          | 0          |   0.0 |  0.00
Output  | 0          | 0          | 0          |   0.0 |  0.00
Modify  | 0          | 0          | 0          |   0.0 |  0.00
Other   |            | 1.06e-06   |            |       |100.00

Nlocal:             64 ave          64 max          64 min
Histogram: 1 0 0 0 0 0 0 0 0 0
Nghost:            476 ave         476 max         476 min
Histogram: 1 0 0 0 0 0 0 0 0 0
Neighs:              0 ave           0 max           0 min
Histogram: 1 0 0 0 0 0 0 0 0 0
FullNghs:         2186 ave        2186 max        2186 min
Histogram: 1 0 0 0 0 0 0 0 0 0

Total # of neighbors = 2186
Ave neighs/atom = 34.15625
Neighbor list builds = 0
Dangerous builds = 0
next i
jump SELF loop_struct
clear
  using 1 OpenMP thread(s) per MPI task
log energies.log append
units metal
boundary p p p
atom_style atomic
read_data Si222_${i}.in
read_data Si222_123.in
Reading data file ...
  orthogonal box = (0 0 0) to (10.887404 10.887404 10.887404)
  1 by 1 by 1 MPI processor grid
  reading atoms ...
  64 atoms
  reading velocities ...
  64 velocities
  read_data CPU = 0.001 seconds
mass 1 28.085
pair_style sw
pair_coeff * * Si.sw Si
Reading sw potential file Si.sw with DATE: 2007-06-11
run 0
Neighbor list info ...
  update: every = 1 steps, delay = 0 steps, check = yes
  max neighbors/atom: 2000, page size: 100000
  master list distance cutoff = 5.77118
  ghost atom cutoff = 5.77118
  binsize = 2.88559, bins = 4 4 4
  1 neighbor lists, perpetual/occasional/extra = 1 0 0
  (1) pair sw, perpetual
      attributes: full, newton on
      pair build: full/bin/atomonly
      stencil: full/bin/3d
      bin: standard
Per MPI rank memory allocation (min/avg/max) = 3.063 | 3.063 | 3.063 Mbytes
   Step          Temp          E_pair         E_mol          TotEng         Press     
WARNING: Too many warnings: 123 vs 100. All future warnings will be suppressed (src/thermo.cpp:478)
         0   0             -275.59881      0             -275.59881     -5660.2718    
Loop time of 1.02e-06 on 1 procs for 0 steps with 64 atoms

0.0% CPU use with 1 MPI tasks x 1 OpenMP threads

MPI task timing breakdown:
Section |  min time  |  avg time  |  max time  |%varavg| %total
---------------------------------------------------------------
Pair    | 0          | 0          | 0          |   0.0 |  0.00
Neigh   | 0          | 0          | 0          |   0.0 |  0.00
Comm    | 0          | 0          | 0          |   0.0 |  0.00
Output  | 0          | 0          | 0          |   0.0 |  0.00
Modify  | 0          | 0          | 0          |   0.0 |  0.00
Other   |            | 1.02e-06   |            |       |100.00

Nlocal:             64 ave          64 max          64 min
Histogram: 1 0 0 0 0 0 0 0 0 0
Nghost:            456 ave         456 max         456 min
Histogram: 1 0 0 0 0 0 0 0 0 0
Neighs:              0 ave           0 max           0 min
Histogram: 1 0 0 0 0 0 0 0 0 0
FullNghs:         2176 ave        2176 max        2176 min
Histogram: 1 0 0 0 0 0 0 0 0 0

Total # of neighbors = 2176
Ave neighs/atom = 34
Neighbor list builds = 0
Dangerous builds = 0
next i
jump SELF loop_struct
clear
  using 1 OpenMP thread(s) per MPI task
log energies.log append
units metal
boundary p p p
atom_style atomic
read_data Si222_${i}.in
read_data Si222_124.in
Reading data file ...
  orthogonal box = (0 0 0) to (10.887404 10.887404 10.887404)
  1 by 1 by 1 MPI processor grid
  reading atoms ...
  64 atoms
  reading velocities ...
  64 velocities
  read_data CPU = 0.001 seconds
mass 1 28.085
pair_style sw
pair_coeff * * Si.sw Si
Reading sw potential file Si.sw with DATE: 2007-06-11
run 0
Neighbor list info ...
  update: every = 1 steps, delay = 0 steps, check = yes
  max neighbors/atom: 2000, page size: 100000
  master list distance cutoff = 5.77118
  ghost atom cutoff = 5.77118
  binsize = 2.88559, bins = 4 4 4
  1 neighbor lists, perpetual/occasional/extra = 1 0 0
  (1) pair sw, perpetual
      attributes: full, newton on
      pair build: full/bin/atomonly
      stencil: full/bin/3d
      bin: standard
Per MPI rank memory allocation (min/avg/max) = 3.063 | 3.063 | 3.063 Mbytes
   Step          Temp          E_pair         E_mol          TotEng         Press     
WARNING: Too many warnings: 124 vs 100. All future warnings will be suppressed (src/thermo.cpp:478)
         0   0             -275.40052      0             -275.40052     -5703.9465    
Loop time of 1.03e-06 on 1 procs for 0 steps with 64 atoms

97.1% CPU use with 1 MPI tasks x 1 OpenMP threads

MPI task timing breakdown:
Section |  min time  |  avg time  |  max time  |%varavg| %total
---------------------------------------------------------------
Pair    | 0          | 0          | 0          |   0.0 |  0.00
Neigh   | 0          | 0          | 0          |   0.0 |  0.00
Comm    | 0          | 0          | 0          |   0.0 |  0.00
Output  | 0          | 0          | 0          |   0.0 |  0.00
Modify  | 0          | 0          | 0          |   0.0 |  0.00
Other   |            | 1.03e-06   |            |       |100.00

Nlocal:             64 ave          64 max          64 min
Histogram: 1 0 0 0 0 0 0 0 0 0
Nghost:            448 ave         448 max         448 min
Histogram: 1 0 0 0 0 0 0 0 0 0
Neighs:              0 ave           0 max           0 min
Histogram: 1 0 0 0 0 0 0 0 0 0
FullNghs:         2178 ave        2178 max        2178 min
Histogram: 1 0 0 0 0 0 0 0 0 0

Total # of neighbors = 2178
Ave neighs/atom = 34.03125
Neighbor list builds = 0
Dangerous builds = 0
next i
jump SELF loop_struct
clear
  using 1 OpenMP thread(s) per MPI task
log energies.log append
units metal
boundary p p p
atom_style atomic
read_data Si222_${i}.in
read_data Si222_125.in
Reading data file ...
  orthogonal box = (0 0 0) to (10.887404 10.887404 10.887404)
  1 by 1 by 1 MPI processor grid
  reading atoms ...
  64 atoms
  reading velocities ...
  64 velocities
  read_data CPU = 0.001 seconds
mass 1 28.085
pair_style sw
pair_coeff * * Si.sw Si
Reading sw potential file Si.sw with DATE: 2007-06-11
run 0
Neighbor list info ...
  update: every = 1 steps, delay = 0 steps, check = yes
  max neighbors/atom: 2000, page size: 100000
  master list distance cutoff = 5.77118
  ghost atom cutoff = 5.77118
  binsize = 2.88559, bins = 4 4 4
  1 neighbor lists, perpetual/occasional/extra = 1 0 0
  (1) pair sw, perpetual
      attributes: full, newton on
      pair build: full/bin/atomonly
      stencil: full/bin/3d
      bin: standard
Per MPI rank memory allocation (min/avg/max) = 3.063 | 3.063 | 3.063 Mbytes
   Step          Temp          E_pair         E_mol          TotEng         Press     
WARNING: Too many warnings: 125 vs 100. All future warnings will be suppressed (src/thermo.cpp:478)
         0   0             -275.55338      0             -275.55338     -5801.0093    
Loop time of 1.24e-06 on 1 procs for 0 steps with 64 atoms

80.6% CPU use with 1 MPI tasks x 1 OpenMP threads

MPI task timing breakdown:
Section |  min time  |  avg time  |  max time  |%varavg| %total
---------------------------------------------------------------
Pair    | 0          | 0          | 0          |   0.0 |  0.00
Neigh   | 0          | 0          | 0          |   0.0 |  0.00
Comm    | 0          | 0          | 0          |   0.0 |  0.00
Output  | 0          | 0          | 0          |   0.0 |  0.00
Modify  | 0          | 0          | 0          |   0.0 |  0.00
Other   |            | 1.24e-06   |            |       |100.00

Nlocal:             64 ave          64 max          64 min
Histogram: 1 0 0 0 0 0 0 0 0 0
Nghost:            508 ave         508 max         508 min
Histogram: 1 0 0 0 0 0 0 0 0 0
Neighs:              0 ave           0 max           0 min
Histogram: 1 0 0 0 0 0 0 0 0 0
FullNghs:         2182 ave        2182 max        2182 min
Histogram: 1 0 0 0 0 0 0 0 0 0

Total # of neighbors = 2182
Ave neighs/atom = 34.09375
Neighbor list builds = 0
Dangerous builds = 0
next i
jump SELF loop_struct
clear
  using 1 OpenMP thread(s) per MPI task
log energies.log append
units metal
boundary p p p
atom_style atomic
read_data Si222_${i}.in
read_data Si222_126.in
Reading data file ...
  orthogonal box = (0 0 0) to (10.887404 10.887404 10.887404)
  1 by 1 by 1 MPI processor grid
  reading atoms ...
  64 atoms
  reading velocities ...
  64 velocities
  read_data CPU = 0.001 seconds
mass 1 28.085
pair_style sw
pair_coeff * * Si.sw Si
Reading sw potential file Si.sw with DATE: 2007-06-11
run 0
Neighbor list info ...
  update: every = 1 steps, delay = 0 steps, check = yes
  max neighbors/atom: 2000, page size: 100000
  master list distance cutoff = 5.77118
  ghost atom cutoff = 5.77118
  binsize = 2.88559, bins = 4 4 4
  1 neighbor lists, perpetual/occasional/extra = 1 0 0
  (1) pair sw, perpetual
      attributes: full, newton on
      pair build: full/bin/atomonly
      stencil: full/bin/3d
      bin: standard
Per MPI rank memory allocation (min/avg/max) = 3.063 | 3.063 | 3.063 Mbytes
   Step          Temp          E_pair         E_mol          TotEng         Press     
WARNING: Too many warnings: 126 vs 100. All future warnings will be suppressed (src/thermo.cpp:478)
         0   0             -275.77005      0             -275.77005     -5884.1448    
Loop time of 1.22e-06 on 1 procs for 0 steps with 64 atoms

82.0% CPU use with 1 MPI tasks x 1 OpenMP threads

MPI task timing breakdown:
Section |  min time  |  avg time  |  max time  |%varavg| %total
---------------------------------------------------------------
Pair    | 0          | 0          | 0          |   0.0 |  0.00
Neigh   | 0          | 0          | 0          |   0.0 |  0.00
Comm    | 0          | 0          | 0          |   0.0 |  0.00
Output  | 0          | 0          | 0          |   0.0 |  0.00
Modify  | 0          | 0          | 0          |   0.0 |  0.00
Other   |            | 1.22e-06   |            |       |100.00

Nlocal:             64 ave          64 max          64 min
Histogram: 1 0 0 0 0 0 0 0 0 0
Nghost:            496 ave         496 max         496 min
Histogram: 1 0 0 0 0 0 0 0 0 0
Neighs:              0 ave           0 max           0 min
Histogram: 1 0 0 0 0 0 0 0 0 0
FullNghs:         2182 ave        2182 max        2182 min
Histogram: 1 0 0 0 0 0 0 0 0 0

Total # of neighbors = 2182
Ave neighs/atom = 34.09375
Neighbor list builds = 0
Dangerous builds = 0
next i
jump SELF loop_struct
clear
  using 1 OpenMP thread(s) per MPI task
log energies.log append
units metal
boundary p p p
atom_style atomic
read_data Si222_${i}.in
read_data Si222_127.in
Reading data file ...
  orthogonal box = (0 0 0) to (10.887404 10.887404 10.887404)
  1 by 1 by 1 MPI processor grid
  reading atoms ...
  64 atoms
  reading velocities ...
  64 velocities
  read_data CPU = 0.001 seconds
mass 1 28.085
pair_style sw
pair_coeff * * Si.sw Si
Reading sw potential file Si.sw with DATE: 2007-06-11
run 0
Neighbor list info ...
  update: every = 1 steps, delay = 0 steps, check = yes
  max neighbors/atom: 2000, page size: 100000
  master list distance cutoff = 5.77118
  ghost atom cutoff = 5.77118
  binsize = 2.88559, bins = 4 4 4
  1 neighbor lists, perpetual/occasional/extra = 1 0 0
  (1) pair sw, perpetual
      attributes: full, newton on
      pair build: full/bin/atomonly
      stencil: full/bin/3d
      bin: standard
Per MPI rank memory allocation (min/avg/max) = 3.063 | 3.063 | 3.063 Mbytes
   Step          Temp          E_pair         E_mol          TotEng         Press     
WARNING: Too many warnings: 127 vs 100. All future warnings will be suppressed (src/thermo.cpp:478)
         0   0             -275.6538       0             -275.6538      -6015.9775    
Loop time of 1.03e-06 on 1 procs for 0 steps with 64 atoms

97.1% CPU use with 1 MPI tasks x 1 OpenMP threads

MPI task timing breakdown:
Section |  min time  |  avg time  |  max time  |%varavg| %total
---------------------------------------------------------------
Pair    | 0          | 0          | 0          |   0.0 |  0.00
Neigh   | 0          | 0          | 0          |   0.0 |  0.00
Comm    | 0          | 0          | 0          |   0.0 |  0.00
Output  | 0          | 0          | 0          |   0.0 |  0.00
Modify  | 0          | 0          | 0          |   0.0 |  0.00
Other   |            | 1.03e-06   |            |       |100.00

Nlocal:             64 ave          64 max          64 min
Histogram: 1 0 0 0 0 0 0 0 0 0
Nghost:            512 ave         512 max         512 min
Histogram: 1 0 0 0 0 0 0 0 0 0
Neighs:              0 ave           0 max           0 min
Histogram: 1 0 0 0 0 0 0 0 0 0
FullNghs:         2180 ave        2180 max        2180 min
Histogram: 1 0 0 0 0 0 0 0 0 0

Total # of neighbors = 2180
Ave neighs/atom = 34.0625
Neighbor list builds = 0
Dangerous builds = 0
next i
jump SELF loop_struct
clear
  using 1 OpenMP thread(s) per MPI task
log energies.log append
units metal
boundary p p p
atom_style atomic
read_data Si222_${i}.in
read_data Si222_128.in
Reading data file ...
  orthogonal box = (0 0 0) to (10.887404 10.887404 10.887404)
  1 by 1 by 1 MPI processor grid
  reading atoms ...
  64 atoms
  reading velocities ...
  64 velocities
  read_data CPU = 0.001 seconds
mass 1 28.085
pair_style sw
pair_coeff * * Si.sw Si
Reading sw potential file Si.sw with DATE: 2007-06-11
run 0
Neighbor list info ...
  update: every = 1 steps, delay = 0 steps, check = yes
  max neighbors/atom: 2000, page size: 100000
  master list distance cutoff = 5.77118
  ghost atom cutoff = 5.77118
  binsize = 2.88559, bins = 4 4 4
  1 neighbor lists, perpetual/occasional/extra = 1 0 0
  (1) pair sw, perpetual
      attributes: full, newton on
      pair build: full/bin/atomonly
      stencil: full/bin/3d
      bin: standard
Per MPI rank memory allocation (min/avg/max) = 3.063 | 3.063 | 3.063 Mbytes
   Step          Temp          E_pair         E_mol          TotEng         Press     
WARNING: Too many warnings: 128 vs 100. All future warnings will be suppressed (src/thermo.cpp:478)
         0   0             -275.82343      0             -275.82343     -6101.1391    
Loop time of 1.01e-06 on 1 procs for 0 steps with 64 atoms

0.0% CPU use with 1 MPI tasks x 1 OpenMP threads

MPI task timing breakdown:
Section |  min time  |  avg time  |  max time  |%varavg| %total
---------------------------------------------------------------
Pair    | 0          | 0          | 0          |   0.0 |  0.00
Neigh   | 0          | 0          | 0          |   0.0 |  0.00
Comm    | 0          | 0          | 0          |   0.0 |  0.00
Output  | 0          | 0          | 0          |   0.0 |  0.00
Modify  | 0          | 0          | 0          |   0.0 |  0.00
Other   |            | 1.01e-06   |            |       |100.00

Nlocal:             64 ave          64 max          64 min
Histogram: 1 0 0 0 0 0 0 0 0 0
Nghost:            516 ave         516 max         516 min
Histogram: 1 0 0 0 0 0 0 0 0 0
Neighs:              0 ave           0 max           0 min
Histogram: 1 0 0 0 0 0 0 0 0 0
FullNghs:         2186 ave        2186 max        2186 min
Histogram: 1 0 0 0 0 0 0 0 0 0

Total # of neighbors = 2186
Ave neighs/atom = 34.15625
Neighbor list builds = 0
Dangerous builds = 0
next i
jump SELF loop_struct
clear
  using 1 OpenMP thread(s) per MPI task
log energies.log append
units metal
boundary p p p
atom_style atomic
read_data Si222_${i}.in
read_data Si222_129.in
Reading data file ...
  orthogonal box = (0 0 0) to (10.887404 10.887404 10.887404)
  1 by 1 by 1 MPI processor grid
  reading atoms ...
  64 atoms
  reading velocities ...
  64 velocities
  read_data CPU = 0.001 seconds
mass 1 28.085
pair_style sw
pair_coeff * * Si.sw Si
Reading sw potential file Si.sw with DATE: 2007-06-11
run 0
Neighbor list info ...
  update: every = 1 steps, delay = 0 steps, check = yes
  max neighbors/atom: 2000, page size: 100000
  master list distance cutoff = 5.77118
  ghost atom cutoff = 5.77118
  binsize = 2.88559, bins = 4 4 4
  1 neighbor lists, perpetual/occasional/extra = 1 0 0
  (1) pair sw, perpetual
      attributes: full, newton on
      pair build: full/bin/atomonly
      stencil: full/bin/3d
      bin: standard
Per MPI rank memory allocation (min/avg/max) = 3.063 | 3.063 | 3.063 Mbytes
   Step          Temp          E_pair         E_mol          TotEng         Press     
WARNING: Too many warnings: 129 vs 100. All future warnings will be suppressed (src/thermo.cpp:478)
         0   0             -275.62327      0             -275.62327     -5714.8926    
Loop time of 1.03e-06 on 1 procs for 0 steps with 64 atoms

97.1% CPU use with 1 MPI tasks x 1 OpenMP threads

MPI task timing breakdown:
Section |  min time  |  avg time  |  max time  |%varavg| %total
---------------------------------------------------------------
Pair    | 0          | 0          | 0          |   0.0 |  0.00
Neigh   | 0          | 0          | 0          |   0.0 |  0.00
Comm    | 0          | 0          | 0          |   0.0 |  0.00
Output  | 0          | 0          | 0          |   0.0 |  0.00
Modify  | 0          | 0          | 0          |   0.0 |  0.00
Other   |            | 1.03e-06   |            |       |100.00

Nlocal:             64 ave          64 max          64 min
Histogram: 1 0 0 0 0 0 0 0 0 0
Nghost:            472 ave         472 max         472 min
Histogram: 1 0 0 0 0 0 0 0 0 0
Neighs:              0 ave           0 max           0 min
Histogram: 1 0 0 0 0 0 0 0 0 0
FullNghs:         2182 ave        2182 max        2182 min
Histogram: 1 0 0 0 0 0 0 0 0 0

Total # of neighbors = 2182
Ave neighs/atom = 34.09375
Neighbor list builds = 0
Dangerous builds = 0
next i
jump SELF loop_struct
clear
  using 1 OpenMP thread(s) per MPI task
log energies.log append
units metal
boundary p p p
atom_style atomic
read_data Si222_${i}.in
read_data Si222_130.in
Reading data file ...
  orthogonal box = (0 0 0) to (10.887404 10.887404 10.887404)
  1 by 1 by 1 MPI processor grid
  reading atoms ...
  64 atoms
  reading velocities ...
  64 velocities
  read_data CPU = 0.001 seconds
mass 1 28.085
pair_style sw
pair_coeff * * Si.sw Si
Reading sw potential file Si.sw with DATE: 2007-06-11
run 0
Neighbor list info ...
  update: every = 1 steps, delay = 0 steps, check = yes
  max neighbors/atom: 2000, page size: 100000
  master list distance cutoff = 5.77118
  ghost atom cutoff = 5.77118
  binsize = 2.88559, bins = 4 4 4
  1 neighbor lists, perpetual/occasional/extra = 1 0 0
  (1) pair sw, perpetual
      attributes: full, newton on
      pair build: full/bin/atomonly
      stencil: full/bin/3d
      bin: standard
Per MPI rank memory allocation (min/avg/max) = 3.063 | 3.063 | 3.063 Mbytes
   Step          Temp          E_pair         E_mol          TotEng         Press     
WARNING: Too many warnings: 130 vs 100. All future warnings will be suppressed (src/thermo.cpp:478)
         0   0             -275.6233       0             -275.6233      -5878.5034    
Loop time of 1.03e-06 on 1 procs for 0 steps with 64 atoms

0.0% CPU use with 1 MPI tasks x 1 OpenMP threads

MPI task timing breakdown:
Section |  min time  |  avg time  |  max time  |%varavg| %total
---------------------------------------------------------------
Pair    | 0          | 0          | 0          |   0.0 |  0.00
Neigh   | 0          | 0          | 0          |   0.0 |  0.00
Comm    | 0          | 0          | 0          |   0.0 |  0.00
Output  | 0          | 0          | 0          |   0.0 |  0.00
Modify  | 0          | 0          | 0          |   0.0 |  0.00
Other   |            | 1.03e-06   |            |       |100.00

Nlocal:             64 ave          64 max          64 min
Histogram: 1 0 0 0 0 0 0 0 0 0
Nghost:            476 ave         476 max         476 min
Histogram: 1 0 0 0 0 0 0 0 0 0
Neighs:              0 ave           0 max           0 min
Histogram: 1 0 0 0 0 0 0 0 0 0
FullNghs:         2182 ave        2182 max        2182 min
Histogram: 1 0 0 0 0 0 0 0 0 0

Total # of neighbors = 2182
Ave neighs/atom = 34.09375
Neighbor list builds = 0
Dangerous builds = 0
next i
jump SELF loop_struct
clear
  using 1 OpenMP thread(s) per MPI task
log energies.log append
units metal
boundary p p p
atom_style atomic
read_data Si222_${i}.in
read_data Si222_131.in
Reading data file ...
  orthogonal box = (0 0 0) to (10.887404 10.887404 10.887404)
  1 by 1 by 1 MPI processor grid
  reading atoms ...
  64 atoms
  reading velocities ...
  64 velocities
  read_data CPU = 0.001 seconds
mass 1 28.085
pair_style sw
pair_coeff * * Si.sw Si
Reading sw potential file Si.sw with DATE: 2007-06-11
run 0
Neighbor list info ...
  update: every = 1 steps, delay = 0 steps, check = yes
  max neighbors/atom: 2000, page size: 100000
  master list distance cutoff = 5.77118
  ghost atom cutoff = 5.77118
  binsize = 2.88559, bins = 4 4 4
  1 neighbor lists, perpetual/occasional/extra = 1 0 0
  (1) pair sw, perpetual
      attributes: full, newton on
      pair build: full/bin/atomonly
      stencil: full/bin/3d
      bin: standard
Per MPI rank memory allocation (min/avg/max) = 3.063 | 3.063 | 3.063 Mbytes
   Step          Temp          E_pair         E_mol          TotEng         Press     
WARNING: Too many warnings: 131 vs 100. All future warnings will be suppressed (src/thermo.cpp:478)
         0   0             -275.96839      0             -275.96839     -6215.588     
Loop time of 1.05e-06 on 1 procs for 0 steps with 64 atoms

95.2% CPU use with 1 MPI tasks x 1 OpenMP threads

MPI task timing breakdown:
Section |  min time  |  avg time  |  max time  |%varavg| %total
---------------------------------------------------------------
Pair    | 0          | 0          | 0          |   0.0 |  0.00
Neigh   | 0          | 0          | 0          |   0.0 |  0.00
Comm    | 0          | 0          | 0          |   0.0 |  0.00
Output  | 0          | 0          | 0          |   0.0 |  0.00
Modify  | 0          | 0          | 0          |   0.0 |  0.00
Other   |            | 1.05e-06   |            |       |100.00

Nlocal:             64 ave          64 max          64 min
Histogram: 1 0 0 0 0 0 0 0 0 0
Nghost:            452 ave         452 max         452 min
Histogram: 1 0 0 0 0 0 0 0 0 0
Neighs:              0 ave           0 max           0 min
Histogram: 1 0 0 0 0 0 0 0 0 0
FullNghs:         2180 ave        2180 max        2180 min
Histogram: 1 0 0 0 0 0 0 0 0 0

Total # of neighbors = 2180
Ave neighs/atom = 34.0625
Neighbor list builds = 0
Dangerous builds = 0
next i
jump SELF loop_struct
clear
  using 1 OpenMP thread(s) per MPI task
log energies.log append
units metal
boundary p p p
atom_style atomic
read_data Si222_${i}.in
read_data Si222_132.in
Reading data file ...
  orthogonal box = (0 0 0) to (10.887404 10.887404 10.887404)
  1 by 1 by 1 MPI processor grid
  reading atoms ...
  64 atoms
  reading velocities ...
  64 velocities
  read_data CPU = 0.001 seconds
mass 1 28.085
pair_style sw
pair_coeff * * Si.sw Si
Reading sw potential file Si.sw with DATE: 2007-06-11
run 0
Neighbor list info ...
  update: every = 1 steps, delay = 0 steps, check = yes
  max neighbors/atom: 2000, page size: 100000
  master list distance cutoff = 5.77118
  ghost atom cutoff = 5.77118
  binsize = 2.88559, bins = 4 4 4
  1 neighbor lists, perpetual/occasional/extra = 1 0 0
  (1) pair sw, perpetual
      attributes: full, newton on
      pair build: full/bin/atomonly
      stencil: full/bin/3d
      bin: standard
Per MPI rank memory allocation (min/avg/max) = 3.063 | 3.063 | 3.063 Mbytes
   Step          Temp          E_pair         E_mol          TotEng         Press     
WARNING: Too many warnings: 132 vs 100. All future warnings will be suppressed (src/thermo.cpp:478)
         0   0             -275.60882      0             -275.60882     -5734.973     
Loop time of 1.06e-06 on 1 procs for 0 steps with 64 atoms

94.3% CPU use with 1 MPI tasks x 1 OpenMP threads

MPI task timing breakdown:
Section |  min time  |  avg time  |  max time  |%varavg| %total
---------------------------------------------------------------
Pair    | 0          | 0          | 0          |   0.0 |  0.00
Neigh   | 0          | 0          | 0          |   0.0 |  0.00
Comm    | 0          | 0          | 0          |   0.0 |  0.00
Output  | 0          | 0          | 0          |   0.0 |  0.00
Modify  | 0          | 0          | 0          |   0.0 |  0.00
Other   |            | 1.06e-06   |            |       |100.00

Nlocal:             64 ave          64 max          64 min
Histogram: 1 0 0 0 0 0 0 0 0 0
Nghost:            512 ave         512 max         512 min
Histogram: 1 0 0 0 0 0 0 0 0 0
Neighs:              0 ave           0 max           0 min
Histogram: 1 0 0 0 0 0 0 0 0 0
FullNghs:         2182 ave        2182 max        2182 min
Histogram: 1 0 0 0 0 0 0 0 0 0

Total # of neighbors = 2182
Ave neighs/atom = 34.09375
Neighbor list builds = 0
Dangerous builds = 0
next i
jump SELF loop_struct
clear
  using 1 OpenMP thread(s) per MPI task
log energies.log append
units metal
boundary p p p
atom_style atomic
read_data Si222_${i}.in
read_data Si222_133.in
Reading data file ...
  orthogonal box = (0 0 0) to (10.887404 10.887404 10.887404)
  1 by 1 by 1 MPI processor grid
  reading atoms ...
  64 atoms
  reading velocities ...
  64 velocities
  read_data CPU = 0.001 seconds
mass 1 28.085
pair_style sw
pair_coeff * * Si.sw Si
Reading sw potential file Si.sw with DATE: 2007-06-11
run 0
Neighbor list info ...
  update: every = 1 steps, delay = 0 steps, check = yes
  max neighbors/atom: 2000, page size: 100000
  master list distance cutoff = 5.77118
  ghost atom cutoff = 5.77118
  binsize = 2.88559, bins = 4 4 4
  1 neighbor lists, perpetual/occasional/extra = 1 0 0
  (1) pair sw, perpetual
      attributes: full, newton on
      pair build: full/bin/atomonly
      stencil: full/bin/3d
      bin: standard
Per MPI rank memory allocation (min/avg/max) = 3.064 | 3.064 | 3.064 Mbytes
   Step          Temp          E_pair         E_mol          TotEng         Press     
WARNING: Too many warnings: 133 vs 100. All future warnings will be suppressed (src/thermo.cpp:478)
         0   0             -275.727        0             -275.727       -5686.5378    
Loop time of 1.04e-06 on 1 procs for 0 steps with 64 atoms

96.2% CPU use with 1 MPI tasks x 1 OpenMP threads

MPI task timing breakdown:
Section |  min time  |  avg time  |  max time  |%varavg| %total
---------------------------------------------------------------
Pair    | 0          | 0          | 0          |   0.0 |  0.00
Neigh   | 0          | 0          | 0          |   0.0 |  0.00
Comm    | 0          | 0          | 0          |   0.0 |  0.00
Output  | 0          | 0          | 0          |   0.0 |  0.00
Modify  | 0          | 0          | 0          |   0.0 |  0.00
Other   |            | 1.04e-06   |            |       |100.00

Nlocal:             64 ave          64 max          64 min
Histogram: 1 0 0 0 0 0 0 0 0 0
Nghost:            534 ave         534 max         534 min
Histogram: 1 0 0 0 0 0 0 0 0 0
Neighs:              0 ave           0 max           0 min
Histogram: 1 0 0 0 0 0 0 0 0 0
FullNghs:         2178 ave        2178 max        2178 min
Histogram: 1 0 0 0 0 0 0 0 0 0

Total # of neighbors = 2178
Ave neighs/atom = 34.03125
Neighbor list builds = 0
Dangerous builds = 0
next i
jump SELF loop_struct
clear
  using 1 OpenMP thread(s) per MPI task
log energies.log append
units metal
boundary p p p
atom_style atomic
read_data Si222_${i}.in
read_data Si222_134.in
Reading data file ...
  orthogonal box = (0 0 0) to (10.887404 10.887404 10.887404)
  1 by 1 by 1 MPI processor grid
  reading atoms ...
  64 atoms
  reading velocities ...
  64 velocities
  read_data CPU = 0.001 seconds
mass 1 28.085
pair_style sw
pair_coeff * * Si.sw Si
Reading sw potential file Si.sw with DATE: 2007-06-11
run 0
Neighbor list info ...
  update: every = 1 steps, delay = 0 steps, check = yes
  max neighbors/atom: 2000, page size: 100000
  master list distance cutoff = 5.77118
  ghost atom cutoff = 5.77118
  binsize = 2.88559, bins = 4 4 4
  1 neighbor lists, perpetual/occasional/extra = 1 0 0
  (1) pair sw, perpetual
      attributes: full, newton on
      pair build: full/bin/atomonly
      stencil: full/bin/3d
      bin: standard
Per MPI rank memory allocation (min/avg/max) = 3.063 | 3.063 | 3.063 Mbytes
   Step          Temp          E_pair         E_mol          TotEng         Press     
WARNING: Too many warnings: 134 vs 100. All future warnings will be suppressed (src/thermo.cpp:478)
         0   0             -275.71695      0             -275.71695     -6035.169     
Loop time of 1.03e-06 on 1 procs for 0 steps with 64 atoms

97.1% CPU use with 1 MPI tasks x 1 OpenMP threads

MPI task timing breakdown:
Section |  min time  |  avg time  |  max time  |%varavg| %total
---------------------------------------------------------------
Pair    | 0          | 0          | 0          |   0.0 |  0.00
Neigh   | 0          | 0          | 0          |   0.0 |  0.00
Comm    | 0          | 0          | 0          |   0.0 |  0.00
Output  | 0          | 0          | 0          |   0.0 |  0.00
Modify  | 0          | 0          | 0          |   0.0 |  0.00
Other   |            | 1.03e-06   |            |       |100.00

Nlocal:             64 ave          64 max          64 min
Histogram: 1 0 0 0 0 0 0 0 0 0
Nghost:            512 ave         512 max         512 min
Histogram: 1 0 0 0 0 0 0 0 0 0
Neighs:              0 ave           0 max           0 min
Histogram: 1 0 0 0 0 0 0 0 0 0
FullNghs:         2178 ave        2178 max        2178 min
Histogram: 1 0 0 0 0 0 0 0 0 0

Total # of neighbors = 2178
Ave neighs/atom = 34.03125
Neighbor list builds = 0
Dangerous builds = 0
next i
jump SELF loop_struct
clear
  using 1 OpenMP thread(s) per MPI task
log energies.log append
units metal
boundary p p p
atom_style atomic
read_data Si222_${i}.in
read_data Si222_135.in
Reading data file ...
  orthogonal box = (0 0 0) to (10.887404 10.887404 10.887404)
  1 by 1 by 1 MPI processor grid
  reading atoms ...
  64 atoms
  reading velocities ...
  64 velocities
  read_data CPU = 0.001 seconds
mass 1 28.085
pair_style sw
pair_coeff * * Si.sw Si
Reading sw potential file Si.sw with DATE: 2007-06-11
run 0
Neighbor list info ...
  update: every = 1 steps, delay = 0 steps, check = yes
  max neighbors/atom: 2000, page size: 100000
  master list distance cutoff = 5.77118
  ghost atom cutoff = 5.77118
  binsize = 2.88559, bins = 4 4 4
  1 neighbor lists, perpetual/occasional/extra = 1 0 0
  (1) pair sw, perpetual
      attributes: full, newton on
      pair build: full/bin/atomonly
      stencil: full/bin/3d
      bin: standard
Per MPI rank memory allocation (min/avg/max) = 3.063 | 3.063 | 3.063 Mbytes
   Step          Temp          E_pair         E_mol          TotEng         Press     
WARNING: Too many warnings: 135 vs 100. All future warnings will be suppressed (src/thermo.cpp:478)
         0   0             -275.42814      0             -275.42814     -5500.7152    
Loop time of 1.03e-06 on 1 procs for 0 steps with 64 atoms

97.1% CPU use with 1 MPI tasks x 1 OpenMP threads

MPI task timing breakdown:
Section |  min time  |  avg time  |  max time  |%varavg| %total
---------------------------------------------------------------
Pair    | 0          | 0          | 0          |   0.0 |  0.00
Neigh   | 0          | 0          | 0          |   0.0 |  0.00
Comm    | 0          | 0          | 0          |   0.0 |  0.00
Output  | 0          | 0          | 0          |   0.0 |  0.00
Modify  | 0          | 0          | 0          |   0.0 |  0.00
Other   |            | 1.03e-06   |            |       |100.00

Nlocal:             64 ave          64 max          64 min
Histogram: 1 0 0 0 0 0 0 0 0 0
Nghost:            490 ave         490 max         490 min
Histogram: 1 0 0 0 0 0 0 0 0 0
Neighs:              0 ave           0 max           0 min
Histogram: 1 0 0 0 0 0 0 0 0 0
FullNghs:         2180 ave        2180 max        2180 min
Histogram: 1 0 0 0 0 0 0 0 0 0

Total # of neighbors = 2180
Ave neighs/atom = 34.0625
Neighbor list builds = 0
Dangerous builds = 0
next i
jump SELF loop_struct
clear
  using 1 OpenMP thread(s) per MPI task
log energies.log append
units metal
boundary p p p
atom_style atomic
read_data Si222_${i}.in
read_data Si222_136.in
Reading data file ...
  orthogonal box = (0 0 0) to (10.887404 10.887404 10.887404)
  1 by 1 by 1 MPI processor grid
  reading atoms ...
  64 atoms
  reading velocities ...
  64 velocities
  read_data CPU = 0.001 seconds
mass 1 28.085
pair_style sw
pair_coeff * * Si.sw Si
Reading sw potential file Si.sw with DATE: 2007-06-11
run 0
Neighbor list info ...
  update: every = 1 steps, delay = 0 steps, check = yes
  max neighbors/atom: 2000, page size: 100000
  master list distance cutoff = 5.77118
  ghost atom cutoff = 5.77118
  binsize = 2.88559, bins = 4 4 4
  1 neighbor lists, perpetual/occasional/extra = 1 0 0
  (1) pair sw, perpetual
      attributes: full, newton on
      pair build: full/bin/atomonly
      stencil: full/bin/3d
      bin: standard
Per MPI rank memory allocation (min/avg/max) = 3.063 | 3.063 | 3.063 Mbytes
   Step          Temp          E_pair         E_mol          TotEng         Press     
WARNING: Too many warnings: 136 vs 100. All future warnings will be suppressed (src/thermo.cpp:478)
         0   0             -275.6184       0             -275.6184      -5811.7166    
Loop time of 1.01e-06 on 1 procs for 0 steps with 64 atoms

0.0% CPU use with 1 MPI tasks x 1 OpenMP threads

MPI task timing breakdown:
Section |  min time  |  avg time  |  max time  |%varavg| %total
---------------------------------------------------------------
Pair    | 0          | 0          | 0          |   0.0 |  0.00
Neigh   | 0          | 0          | 0          |   0.0 |  0.00
Comm    | 0          | 0          | 0          |   0.0 |  0.00
Output  | 0          | 0          | 0          |   0.0 |  0.00
Modify  | 0          | 0          | 0          |   0.0 |  0.00
Other   |            | 1.01e-06   |            |       |100.00

Nlocal:             64 ave          64 max          64 min
Histogram: 1 0 0 0 0 0 0 0 0 0
Nghost:            492 ave         492 max         492 min
Histogram: 1 0 0 0 0 0 0 0 0 0
Neighs:              0 ave           0 max           0 min
Histogram: 1 0 0 0 0 0 0 0 0 0
FullNghs:         2180 ave        2180 max        2180 min
Histogram: 1 0 0 0 0 0 0 0 0 0

Total # of neighbors = 2180
Ave neighs/atom = 34.0625
Neighbor list builds = 0
Dangerous builds = 0
next i
jump SELF loop_struct
clear
  using 1 OpenMP thread(s) per MPI task
log energies.log append
units metal
boundary p p p
atom_style atomic
read_data Si222_${i}.in
read_data Si222_137.in
Reading data file ...
  orthogonal box = (0 0 0) to (10.887404 10.887404 10.887404)
  1 by 1 by 1 MPI processor grid
  reading atoms ...
  64 atoms
  reading velocities ...
  64 velocities
  read_data CPU = 0.001 seconds
mass 1 28.085
pair_style sw
pair_coeff * * Si.sw Si
Reading sw potential file Si.sw with DATE: 2007-06-11
run 0
Neighbor list info ...
  update: every = 1 steps, delay = 0 steps, check = yes
  max neighbors/atom: 2000, page size: 100000
  master list distance cutoff = 5.77118
  ghost atom cutoff = 5.77118
  binsize = 2.88559, bins = 4 4 4
  1 neighbor lists, perpetual/occasional/extra = 1 0 0
  (1) pair sw, perpetual
      attributes: full, newton on
      pair build: full/bin/atomonly
      stencil: full/bin/3d
      bin: standard
Per MPI rank memory allocation (min/avg/max) = 3.063 | 3.063 | 3.063 Mbytes
   Step          Temp          E_pair         E_mol          TotEng         Press     
WARNING: Too many warnings: 137 vs 100. All future warnings will be suppressed (src/thermo.cpp:478)
         0   0             -275.89435      0             -275.89435     -6102.2529    
Loop time of 1e-06 on 1 procs for 0 steps with 64 atoms

100.0% CPU use with 1 MPI tasks x 1 OpenMP threads

MPI task timing breakdown:
Section |  min time  |  avg time  |  max time  |%varavg| %total
---------------------------------------------------------------
Pair    | 0          | 0          | 0          |   0.0 |  0.00
Neigh   | 0          | 0          | 0          |   0.0 |  0.00
Comm    | 0          | 0          | 0          |   0.0 |  0.00
Output  | 0          | 0          | 0          |   0.0 |  0.00
Modify  | 0          | 0          | 0          |   0.0 |  0.00
Other   |            | 1e-06      |            |       |100.00

Nlocal:             64 ave          64 max          64 min
Histogram: 1 0 0 0 0 0 0 0 0 0
Nghost:            448 ave         448 max         448 min
Histogram: 1 0 0 0 0 0 0 0 0 0
Neighs:              0 ave           0 max           0 min
Histogram: 1 0 0 0 0 0 0 0 0 0
FullNghs:         2180 ave        2180 max        2180 min
Histogram: 1 0 0 0 0 0 0 0 0 0

Total # of neighbors = 2180
Ave neighs/atom = 34.0625
Neighbor list builds = 0
Dangerous builds = 0
next i
jump SELF loop_struct
clear
  using 1 OpenMP thread(s) per MPI task
log energies.log append
units metal
boundary p p p
atom_style atomic
read_data Si222_${i}.in
read_data Si222_138.in
Reading data file ...
  orthogonal box = (0 0 0) to (10.887404 10.887404 10.887404)
  1 by 1 by 1 MPI processor grid
  reading atoms ...
  64 atoms
  reading velocities ...
  64 velocities
  read_data CPU = 0.001 seconds
mass 1 28.085
pair_style sw
pair_coeff * * Si.sw Si
Reading sw potential file Si.sw with DATE: 2007-06-11
run 0
Neighbor list info ...
  update: every = 1 steps, delay = 0 steps, check = yes
  max neighbors/atom: 2000, page size: 100000
  master list distance cutoff = 5.77118
  ghost atom cutoff = 5.77118
  binsize = 2.88559, bins = 4 4 4
  1 neighbor lists, perpetual/occasional/extra = 1 0 0
  (1) pair sw, perpetual
      attributes: full, newton on
      pair build: full/bin/atomonly
      stencil: full/bin/3d
      bin: standard
Per MPI rank memory allocation (min/avg/max) = 3.063 | 3.063 | 3.063 Mbytes
   Step          Temp          E_pair         E_mol          TotEng         Press     
WARNING: Too many warnings: 138 vs 100. All future warnings will be suppressed (src/thermo.cpp:478)
         0   0             -275.52467      0             -275.52467     -5614.9917    
Loop time of 1.05e-06 on 1 procs for 0 steps with 64 atoms

95.2% CPU use with 1 MPI tasks x 1 OpenMP threads

MPI task timing breakdown:
Section |  min time  |  avg time  |  max time  |%varavg| %total
---------------------------------------------------------------
Pair    | 0          | 0          | 0          |   0.0 |  0.00
Neigh   | 0          | 0          | 0          |   0.0 |  0.00
Comm    | 0          | 0          | 0          |   0.0 |  0.00
Output  | 0          | 0          | 0          |   0.0 |  0.00
Modify  | 0          | 0          | 0          |   0.0 |  0.00
Other   |            | 1.05e-06   |            |       |100.00

Nlocal:             64 ave          64 max          64 min
Histogram: 1 0 0 0 0 0 0 0 0 0
Nghost:            448 ave         448 max         448 min
Histogram: 1 0 0 0 0 0 0 0 0 0
Neighs:              0 ave           0 max           0 min
Histogram: 1 0 0 0 0 0 0 0 0 0
FullNghs:         2180 ave        2180 max        2180 min
Histogram: 1 0 0 0 0 0 0 0 0 0

Total # of neighbors = 2180
Ave neighs/atom = 34.0625
Neighbor list builds = 0
Dangerous builds = 0
next i
jump SELF loop_struct
clear
  using 1 OpenMP thread(s) per MPI task
log energies.log append
units metal
boundary p p p
atom_style atomic
read_data Si222_${i}.in
read_data Si222_139.in
Reading data file ...
  orthogonal box = (0 0 0) to (10.887404 10.887404 10.887404)
  1 by 1 by 1 MPI processor grid
  reading atoms ...
  64 atoms
  reading velocities ...
  64 velocities
  read_data CPU = 0.001 seconds
mass 1 28.085
pair_style sw
pair_coeff * * Si.sw Si
Reading sw potential file Si.sw with DATE: 2007-06-11
run 0
Neighbor list info ...
  update: every = 1 steps, delay = 0 steps, check = yes
  max neighbors/atom: 2000, page size: 100000
  master list distance cutoff = 5.77118
  ghost atom cutoff = 5.77118
  binsize = 2.88559, bins = 4 4 4
  1 neighbor lists, perpetual/occasional/extra = 1 0 0
  (1) pair sw, perpetual
      attributes: full, newton on
      pair build: full/bin/atomonly
      stencil: full/bin/3d
      bin: standard
Per MPI rank memory allocation (min/avg/max) = 3.063 | 3.063 | 3.063 Mbytes
   Step          Temp          E_pair         E_mol          TotEng         Press     
WARNING: Too many warnings: 139 vs 100. All future warnings will be suppressed (src/thermo.cpp:478)
         0   0             -275.68307      0             -275.68307     -5752.8751    
Loop time of 1.05e-06 on 1 procs for 0 steps with 64 atoms

95.2% CPU use with 1 MPI tasks x 1 OpenMP threads

MPI task timing breakdown:
Section |  min time  |  avg time  |  max time  |%varavg| %total
---------------------------------------------------------------
Pair    | 0          | 0          | 0          |   0.0 |  0.00
Neigh   | 0          | 0          | 0          |   0.0 |  0.00
Comm    | 0          | 0          | 0          |   0.0 |  0.00
Output  | 0          | 0          | 0          |   0.0 |  0.00
Modify  | 0          | 0          | 0          |   0.0 |  0.00
Other   |            | 1.05e-06   |            |       |100.00

Nlocal:             64 ave          64 max          64 min
Histogram: 1 0 0 0 0 0 0 0 0 0
Nghost:            488 ave         488 max         488 min
Histogram: 1 0 0 0 0 0 0 0 0 0
Neighs:              0 ave           0 max           0 min
Histogram: 1 0 0 0 0 0 0 0 0 0
FullNghs:         2182 ave        2182 max        2182 min
Histogram: 1 0 0 0 0 0 0 0 0 0

Total # of neighbors = 2182
Ave neighs/atom = 34.09375
Neighbor list builds = 0
Dangerous builds = 0
next i
jump SELF loop_struct
clear
  using 1 OpenMP thread(s) per MPI task
log energies.log append
units metal
boundary p p p
atom_style atomic
read_data Si222_${i}.in
read_data Si222_140.in
Reading data file ...
  orthogonal box = (0 0 0) to (10.887404 10.887404 10.887404)
  1 by 1 by 1 MPI processor grid
  reading atoms ...
  64 atoms
  reading velocities ...
  64 velocities
  read_data CPU = 0.001 seconds
mass 1 28.085
pair_style sw
pair_coeff * * Si.sw Si
Reading sw potential file Si.sw with DATE: 2007-06-11
run 0
Neighbor list info ...
  update: every = 1 steps, delay = 0 steps, check = yes
  max neighbors/atom: 2000, page size: 100000
  master list distance cutoff = 5.77118
  ghost atom cutoff = 5.77118
  binsize = 2.88559, bins = 4 4 4
  1 neighbor lists, perpetual/occasional/extra = 1 0 0
  (1) pair sw, perpetual
      attributes: full, newton on
      pair build: full/bin/atomonly
      stencil: full/bin/3d
      bin: standard
Per MPI rank memory allocation (min/avg/max) = 3.063 | 3.063 | 3.063 Mbytes
   Step          Temp          E_pair         E_mol          TotEng         Press     
WARNING: Too many warnings: 140 vs 100. All future warnings will be suppressed (src/thermo.cpp:478)
         0   0             -275.76619      0             -275.76619     -5972.9486    
Loop time of 1.23e-06 on 1 procs for 0 steps with 64 atoms

81.3% CPU use with 1 MPI tasks x 1 OpenMP threads

MPI task timing breakdown:
Section |  min time  |  avg time  |  max time  |%varavg| %total
---------------------------------------------------------------
Pair    | 0          | 0          | 0          |   0.0 |  0.00
Neigh   | 0          | 0          | 0          |   0.0 |  0.00
Comm    | 0          | 0          | 0          |   0.0 |  0.00
Output  | 0          | 0          | 0          |   0.0 |  0.00
Modify  | 0          | 0          | 0          |   0.0 |  0.00
Other   |            | 1.23e-06   |            |       |100.00

Nlocal:             64 ave          64 max          64 min
Histogram: 1 0 0 0 0 0 0 0 0 0
Nghost:            448 ave         448 max         448 min
Histogram: 1 0 0 0 0 0 0 0 0 0
Neighs:              0 ave           0 max           0 min
Histogram: 1 0 0 0 0 0 0 0 0 0
FullNghs:         2180 ave        2180 max        2180 min
Histogram: 1 0 0 0 0 0 0 0 0 0

Total # of neighbors = 2180
Ave neighs/atom = 34.0625
Neighbor list builds = 0
Dangerous builds = 0
next i
jump SELF loop_struct
clear
  using 1 OpenMP thread(s) per MPI task
log energies.log append
units metal
boundary p p p
atom_style atomic
read_data Si222_${i}.in
read_data Si222_141.in
Reading data file ...
  orthogonal box = (0 0 0) to (10.887404 10.887404 10.887404)
  1 by 1 by 1 MPI processor grid
  reading atoms ...
  64 atoms
  reading velocities ...
  64 velocities
  read_data CPU = 0.001 seconds
mass 1 28.085
pair_style sw
pair_coeff * * Si.sw Si
Reading sw potential file Si.sw with DATE: 2007-06-11
run 0
Neighbor list info ...
  update: every = 1 steps, delay = 0 steps, check = yes
  max neighbors/atom: 2000, page size: 100000
  master list distance cutoff = 5.77118
  ghost atom cutoff = 5.77118
  binsize = 2.88559, bins = 4 4 4
  1 neighbor lists, perpetual/occasional/extra = 1 0 0
  (1) pair sw, perpetual
      attributes: full, newton on
      pair build: full/bin/atomonly
      stencil: full/bin/3d
      bin: standard
Per MPI rank memory allocation (min/avg/max) = 3.063 | 3.063 | 3.063 Mbytes
   Step          Temp          E_pair         E_mol          TotEng         Press     
WARNING: Too many warnings: 141 vs 100. All future warnings will be suppressed (src/thermo.cpp:478)
         0   0             -275.80595      0             -275.80595     -6046.6972    
Loop time of 1.03e-06 on 1 procs for 0 steps with 64 atoms

97.1% CPU use with 1 MPI tasks x 1 OpenMP threads

MPI task timing breakdown:
Section |  min time  |  avg time  |  max time  |%varavg| %total
---------------------------------------------------------------
Pair    | 0          | 0          | 0          |   0.0 |  0.00
Neigh   | 0          | 0          | 0          |   0.0 |  0.00
Comm    | 0          | 0          | 0          |   0.0 |  0.00
Output  | 0          | 0          | 0          |   0.0 |  0.00
Modify  | 0          | 0          | 0          |   0.0 |  0.00
Other   |            | 1.03e-06   |            |       |100.00

Nlocal:             64 ave          64 max          64 min
Histogram: 1 0 0 0 0 0 0 0 0 0
Nghost:            516 ave         516 max         516 min
Histogram: 1 0 0 0 0 0 0 0 0 0
Neighs:              0 ave           0 max           0 min
Histogram: 1 0 0 0 0 0 0 0 0 0
FullNghs:         2176 ave        2176 max        2176 min
Histogram: 1 0 0 0 0 0 0 0 0 0

Total # of neighbors = 2176
Ave neighs/atom = 34
Neighbor list builds = 0
Dangerous builds = 0
next i
jump SELF loop_struct
clear
  using 1 OpenMP thread(s) per MPI task
log energies.log append
units metal
boundary p p p
atom_style atomic
read_data Si222_${i}.in
read_data Si222_142.in
Reading data file ...
  orthogonal box = (0 0 0) to (10.887404 10.887404 10.887404)
  1 by 1 by 1 MPI processor grid
  reading atoms ...
  64 atoms
  reading velocities ...
  64 velocities
  read_data CPU = 0.001 seconds
mass 1 28.085
pair_style sw
pair_coeff * * Si.sw Si
Reading sw potential file Si.sw with DATE: 2007-06-11
run 0
Neighbor list info ...
  update: every = 1 steps, delay = 0 steps, check = yes
  max neighbors/atom: 2000, page size: 100000
  master list distance cutoff = 5.77118
  ghost atom cutoff = 5.77118
  binsize = 2.88559, bins = 4 4 4
  1 neighbor lists, perpetual/occasional/extra = 1 0 0
  (1) pair sw, perpetual
      attributes: full, newton on
      pair build: full/bin/atomonly
      stencil: full/bin/3d
      bin: standard
Per MPI rank memory allocation (min/avg/max) = 3.063 | 3.063 | 3.063 Mbytes
   Step          Temp          E_pair         E_mol          TotEng         Press     
WARNING: Too many warnings: 142 vs 100. All future warnings will be suppressed (src/thermo.cpp:478)
         0   0             -275.60518      0             -275.60518     -6064.8152    
Loop time of 1.04e-06 on 1 procs for 0 steps with 64 atoms

0.0% CPU use with 1 MPI tasks x 1 OpenMP threads

MPI task timing breakdown:
Section |  min time  |  avg time  |  max time  |%varavg| %total
---------------------------------------------------------------
Pair    | 0          | 0          | 0          |   0.0 |  0.00
Neigh   | 0          | 0          | 0          |   0.0 |  0.00
Comm    | 0          | 0          | 0          |   0.0 |  0.00
Output  | 0          | 0          | 0          |   0.0 |  0.00
Modify  | 0          | 0          | 0          |   0.0 |  0.00
Other   |            | 1.04e-06   |            |       |100.00

Nlocal:             64 ave          64 max          64 min
Histogram: 1 0 0 0 0 0 0 0 0 0
Nghost:            452 ave         452 max         452 min
Histogram: 1 0 0 0 0 0 0 0 0 0
Neighs:              0 ave           0 max           0 min
Histogram: 1 0 0 0 0 0 0 0 0 0
FullNghs:         2180 ave        2180 max        2180 min
Histogram: 1 0 0 0 0 0 0 0 0 0

Total # of neighbors = 2180
Ave neighs/atom = 34.0625
Neighbor list builds = 0
Dangerous builds = 0
next i
jump SELF loop_struct
clear
  using 1 OpenMP thread(s) per MPI task
log energies.log append
units metal
boundary p p p
atom_style atomic
read_data Si222_${i}.in
read_data Si222_143.in
Reading data file ...
  orthogonal box = (0 0 0) to (10.887404 10.887404 10.887404)
  1 by 1 by 1 MPI processor grid
  reading atoms ...
  64 atoms
  reading velocities ...
  64 velocities
  read_data CPU = 0.001 seconds
mass 1 28.085
pair_style sw
pair_coeff * * Si.sw Si
Reading sw potential file Si.sw with DATE: 2007-06-11
run 0
Neighbor list info ...
  update: every = 1 steps, delay = 0 steps, check = yes
  max neighbors/atom: 2000, page size: 100000
  master list distance cutoff = 5.77118
  ghost atom cutoff = 5.77118
  binsize = 2.88559, bins = 4 4 4
  1 neighbor lists, perpetual/occasional/extra = 1 0 0
  (1) pair sw, perpetual
      attributes: full, newton on
      pair build: full/bin/atomonly
      stencil: full/bin/3d
      bin: standard
Per MPI rank memory allocation (min/avg/max) = 3.073 | 3.073 | 3.073 Mbytes
   Step          Temp          E_pair         E_mol          TotEng         Press     
WARNING: Too many warnings: 143 vs 100. All future warnings will be suppressed (src/thermo.cpp:478)
         0   0             -275.48272      0             -275.48272     -5625.0004    
Loop time of 1.05e-06 on 1 procs for 0 steps with 64 atoms

0.0% CPU use with 1 MPI tasks x 1 OpenMP threads

MPI task timing breakdown:
Section |  min time  |  avg time  |  max time  |%varavg| %total
---------------------------------------------------------------
Pair    | 0          | 0          | 0          |   0.0 |  0.00
Neigh   | 0          | 0          | 0          |   0.0 |  0.00
Comm    | 0          | 0          | 0          |   0.0 |  0.00
Output  | 0          | 0          | 0          |   0.0 |  0.00
Modify  | 0          | 0          | 0          |   0.0 |  0.00
Other   |            | 1.05e-06   |            |       |100.00

Nlocal:             64 ave          64 max          64 min
Histogram: 1 0 0 0 0 0 0 0 0 0
Nghost:            548 ave         548 max         548 min
Histogram: 1 0 0 0 0 0 0 0 0 0
Neighs:              0 ave           0 max           0 min
Histogram: 1 0 0 0 0 0 0 0 0 0
FullNghs:         2184 ave        2184 max        2184 min
Histogram: 1 0 0 0 0 0 0 0 0 0

Total # of neighbors = 2184
Ave neighs/atom = 34.125
Neighbor list builds = 0
Dangerous builds = 0
next i
jump SELF loop_struct
clear
  using 1 OpenMP thread(s) per MPI task
log energies.log append
units metal
boundary p p p
atom_style atomic
read_data Si222_${i}.in
read_data Si222_144.in
Reading data file ...
  orthogonal box = (0 0 0) to (10.887404 10.887404 10.887404)
  1 by 1 by 1 MPI processor grid
  reading atoms ...
  64 atoms
  reading velocities ...
  64 velocities
  read_data CPU = 0.001 seconds
mass 1 28.085
pair_style sw
pair_coeff * * Si.sw Si
Reading sw potential file Si.sw with DATE: 2007-06-11
run 0
Neighbor list info ...
  update: every = 1 steps, delay = 0 steps, check = yes
  max neighbors/atom: 2000, page size: 100000
  master list distance cutoff = 5.77118
  ghost atom cutoff = 5.77118
  binsize = 2.88559, bins = 4 4 4
  1 neighbor lists, perpetual/occasional/extra = 1 0 0
  (1) pair sw, perpetual
      attributes: full, newton on
      pair build: full/bin/atomonly
      stencil: full/bin/3d
      bin: standard
Per MPI rank memory allocation (min/avg/max) = 3.071 | 3.071 | 3.071 Mbytes
   Step          Temp          E_pair         E_mol          TotEng         Press     
WARNING: Too many warnings: 144 vs 100. All future warnings will be suppressed (src/thermo.cpp:478)
         0   0             -275.63916      0             -275.63916     -5791.0507    
Loop time of 1.09e-06 on 1 procs for 0 steps with 64 atoms

91.7% CPU use with 1 MPI tasks x 1 OpenMP threads

MPI task timing breakdown:
Section |  min time  |  avg time  |  max time  |%varavg| %total
---------------------------------------------------------------
Pair    | 0          | 0          | 0          |   0.0 |  0.00
Neigh   | 0          | 0          | 0          |   0.0 |  0.00
Comm    | 0          | 0          | 0          |   0.0 |  0.00
Output  | 0          | 0          | 0          |   0.0 |  0.00
Modify  | 0          | 0          | 0          |   0.0 |  0.00
Other   |            | 1.09e-06   |            |       |100.00

Nlocal:             64 ave          64 max          64 min
Histogram: 1 0 0 0 0 0 0 0 0 0
Nghost:            516 ave         516 max         516 min
Histogram: 1 0 0 0 0 0 0 0 0 0
Neighs:              0 ave           0 max           0 min
Histogram: 1 0 0 0 0 0 0 0 0 0
FullNghs:         2180 ave        2180 max        2180 min
Histogram: 1 0 0 0 0 0 0 0 0 0

Total # of neighbors = 2180
Ave neighs/atom = 34.0625
Neighbor list builds = 0
Dangerous builds = 0
next i
jump SELF loop_struct
clear
  using 1 OpenMP thread(s) per MPI task
log energies.log append
units metal
boundary p p p
atom_style atomic
read_data Si222_${i}.in
read_data Si222_145.in
Reading data file ...
  orthogonal box = (0 0 0) to (10.887404 10.887404 10.887404)
  1 by 1 by 1 MPI processor grid
  reading atoms ...
  64 atoms
  reading velocities ...
  64 velocities
  read_data CPU = 0.001 seconds
mass 1 28.085
pair_style sw
pair_coeff * * Si.sw Si
Reading sw potential file Si.sw with DATE: 2007-06-11
run 0
Neighbor list info ...
  update: every = 1 steps, delay = 0 steps, check = yes
  max neighbors/atom: 2000, page size: 100000
  master list distance cutoff = 5.77118
  ghost atom cutoff = 5.77118
  binsize = 2.88559, bins = 4 4 4
  1 neighbor lists, perpetual/occasional/extra = 1 0 0
  (1) pair sw, perpetual
      attributes: full, newton on
      pair build: full/bin/atomonly
      stencil: full/bin/3d
      bin: standard
Per MPI rank memory allocation (min/avg/max) = 3.063 | 3.063 | 3.063 Mbytes
   Step          Temp          E_pair         E_mol          TotEng         Press     
WARNING: Too many warnings: 145 vs 100. All future warnings will be suppressed (src/thermo.cpp:478)
         0   0             -275.66702      0             -275.66702     -5976.448     
Loop time of 1.07e-06 on 1 procs for 0 steps with 64 atoms

93.5% CPU use with 1 MPI tasks x 1 OpenMP threads

MPI task timing breakdown:
Section |  min time  |  avg time  |  max time  |%varavg| %total
---------------------------------------------------------------
Pair    | 0          | 0          | 0          |   0.0 |  0.00
Neigh   | 0          | 0          | 0          |   0.0 |  0.00
Comm    | 0          | 0          | 0          |   0.0 |  0.00
Output  | 0          | 0          | 0          |   0.0 |  0.00
Modify  | 0          | 0          | 0          |   0.0 |  0.00
Other   |            | 1.07e-06   |            |       |100.00

Nlocal:             64 ave          64 max          64 min
Histogram: 1 0 0 0 0 0 0 0 0 0
Nghost:            480 ave         480 max         480 min
Histogram: 1 0 0 0 0 0 0 0 0 0
Neighs:              0 ave           0 max           0 min
Histogram: 1 0 0 0 0 0 0 0 0 0
FullNghs:         2178 ave        2178 max        2178 min
Histogram: 1 0 0 0 0 0 0 0 0 0

Total # of neighbors = 2178
Ave neighs/atom = 34.03125
Neighbor list builds = 0
Dangerous builds = 0
next i
jump SELF loop_struct
clear
  using 1 OpenMP thread(s) per MPI task
log energies.log append
units metal
boundary p p p
atom_style atomic
read_data Si222_${i}.in
read_data Si222_146.in
Reading data file ...
  orthogonal box = (0 0 0) to (10.887404 10.887404 10.887404)
  1 by 1 by 1 MPI processor grid
  reading atoms ...
  64 atoms
  reading velocities ...
  64 velocities
  read_data CPU = 0.001 seconds
mass 1 28.085
pair_style sw
pair_coeff * * Si.sw Si
Reading sw potential file Si.sw with DATE: 2007-06-11
run 0
Neighbor list info ...
  update: every = 1 steps, delay = 0 steps, check = yes
  max neighbors/atom: 2000, page size: 100000
  master list distance cutoff = 5.77118
  ghost atom cutoff = 5.77118
  binsize = 2.88559, bins = 4 4 4
  1 neighbor lists, perpetual/occasional/extra = 1 0 0
  (1) pair sw, perpetual
      attributes: full, newton on
      pair build: full/bin/atomonly
      stencil: full/bin/3d
      bin: standard
Per MPI rank memory allocation (min/avg/max) = 3.063 | 3.063 | 3.063 Mbytes
   Step          Temp          E_pair         E_mol          TotEng         Press     
WARNING: Too many warnings: 146 vs 100. All future warnings will be suppressed (src/thermo.cpp:478)
         0   0             -276.03961      0             -276.03961     -6291.3123    
Loop time of 1.12e-06 on 1 procs for 0 steps with 64 atoms

0.0% CPU use with 1 MPI tasks x 1 OpenMP threads

MPI task timing breakdown:
Section |  min time  |  avg time  |  max time  |%varavg| %total
---------------------------------------------------------------
Pair    | 0          | 0          | 0          |   0.0 |  0.00
Neigh   | 0          | 0          | 0          |   0.0 |  0.00
Comm    | 0          | 0          | 0          |   0.0 |  0.00
Output  | 0          | 0          | 0          |   0.0 |  0.00
Modify  | 0          | 0          | 0          |   0.0 |  0.00
Other   |            | 1.12e-06   |            |       |100.00

Nlocal:             64 ave          64 max          64 min
Histogram: 1 0 0 0 0 0 0 0 0 0
Nghost:            476 ave         476 max         476 min
Histogram: 1 0 0 0 0 0 0 0 0 0
Neighs:              0 ave           0 max           0 min
Histogram: 1 0 0 0 0 0 0 0 0 0
FullNghs:         2178 ave        2178 max        2178 min
Histogram: 1 0 0 0 0 0 0 0 0 0

Total # of neighbors = 2178
Ave neighs/atom = 34.03125
Neighbor list builds = 0
Dangerous builds = 0
next i
jump SELF loop_struct
clear
  using 1 OpenMP thread(s) per MPI task
log energies.log append
units metal
boundary p p p
atom_style atomic
read_data Si222_${i}.in
read_data Si222_147.in
Reading data file ...
  orthogonal box = (0 0 0) to (10.887404 10.887404 10.887404)
  1 by 1 by 1 MPI processor grid
  reading atoms ...
  64 atoms
  reading velocities ...
  64 velocities
  read_data CPU = 0.001 seconds
mass 1 28.085
pair_style sw
pair_coeff * * Si.sw Si
Reading sw potential file Si.sw with DATE: 2007-06-11
run 0
Neighbor list info ...
  update: every = 1 steps, delay = 0 steps, check = yes
  max neighbors/atom: 2000, page size: 100000
  master list distance cutoff = 5.77118
  ghost atom cutoff = 5.77118
  binsize = 2.88559, bins = 4 4 4
  1 neighbor lists, perpetual/occasional/extra = 1 0 0
  (1) pair sw, perpetual
      attributes: full, newton on
      pair build: full/bin/atomonly
      stencil: full/bin/3d
      bin: standard
Per MPI rank memory allocation (min/avg/max) = 3.063 | 3.063 | 3.063 Mbytes
   Step          Temp          E_pair         E_mol          TotEng         Press     
WARNING: Too many warnings: 147 vs 100. All future warnings will be suppressed (src/thermo.cpp:478)
         0   0             -275.88495      0             -275.88495     -6128.7314    
Loop time of 1.08e-06 on 1 procs for 0 steps with 64 atoms

0.0% CPU use with 1 MPI tasks x 1 OpenMP threads

MPI task timing breakdown:
Section |  min time  |  avg time  |  max time  |%varavg| %total
---------------------------------------------------------------
Pair    | 0          | 0          | 0          |   0.0 |  0.00
Neigh   | 0          | 0          | 0          |   0.0 |  0.00
Comm    | 0          | 0          | 0          |   0.0 |  0.00
Output  | 0          | 0          | 0          |   0.0 |  0.00
Modify  | 0          | 0          | 0          |   0.0 |  0.00
Other   |            | 1.08e-06   |            |       |100.00

Nlocal:             64 ave          64 max          64 min
Histogram: 1 0 0 0 0 0 0 0 0 0
Nghost:            480 ave         480 max         480 min
Histogram: 1 0 0 0 0 0 0 0 0 0
Neighs:              0 ave           0 max           0 min
Histogram: 1 0 0 0 0 0 0 0 0 0
FullNghs:         2182 ave        2182 max        2182 min
Histogram: 1 0 0 0 0 0 0 0 0 0

Total # of neighbors = 2182
Ave neighs/atom = 34.09375
Neighbor list builds = 0
Dangerous builds = 0
next i
jump SELF loop_struct
clear
  using 1 OpenMP thread(s) per MPI task
log energies.log append
units metal
boundary p p p
atom_style atomic
read_data Si222_${i}.in
read_data Si222_148.in
Reading data file ...
  orthogonal box = (0 0 0) to (10.887404 10.887404 10.887404)
  1 by 1 by 1 MPI processor grid
  reading atoms ...
  64 atoms
  reading velocities ...
  64 velocities
  read_data CPU = 0.001 seconds
mass 1 28.085
pair_style sw
pair_coeff * * Si.sw Si
Reading sw potential file Si.sw with DATE: 2007-06-11
run 0
Neighbor list info ...
  update: every = 1 steps, delay = 0 steps, check = yes
  max neighbors/atom: 2000, page size: 100000
  master list distance cutoff = 5.77118
  ghost atom cutoff = 5.77118
  binsize = 2.88559, bins = 4 4 4
  1 neighbor lists, perpetual/occasional/extra = 1 0 0
  (1) pair sw, perpetual
      attributes: full, newton on
      pair build: full/bin/atomonly
      stencil: full/bin/3d
      bin: standard
Per MPI rank memory allocation (min/avg/max) = 3.063 | 3.063 | 3.063 Mbytes
   Step          Temp          E_pair         E_mol          TotEng         Press     
WARNING: Too many warnings: 148 vs 100. All future warnings will be suppressed (src/thermo.cpp:478)
         0   0             -275.56735      0             -275.56735     -5821.8292    
Loop time of 1.06e-06 on 1 procs for 0 steps with 64 atoms

94.3% CPU use with 1 MPI tasks x 1 OpenMP threads

MPI task timing breakdown:
Section |  min time  |  avg time  |  max time  |%varavg| %total
---------------------------------------------------------------
Pair    | 0          | 0          | 0          |   0.0 |  0.00
Neigh   | 0          | 0          | 0          |   0.0 |  0.00
Comm    | 0          | 0          | 0          |   0.0 |  0.00
Output  | 0          | 0          | 0          |   0.0 |  0.00
Modify  | 0          | 0          | 0          |   0.0 |  0.00
Other   |            | 1.06e-06   |            |       |100.00

Nlocal:             64 ave          64 max          64 min
Histogram: 1 0 0 0 0 0 0 0 0 0
Nghost:            480 ave         480 max         480 min
Histogram: 1 0 0 0 0 0 0 0 0 0
Neighs:              0 ave           0 max           0 min
Histogram: 1 0 0 0 0 0 0 0 0 0
FullNghs:         2182 ave        2182 max        2182 min
Histogram: 1 0 0 0 0 0 0 0 0 0

Total # of neighbors = 2182
Ave neighs/atom = 34.09375
Neighbor list builds = 0
Dangerous builds = 0
next i
jump SELF loop_struct
clear
  using 1 OpenMP thread(s) per MPI task
log energies.log append
units metal
boundary p p p
atom_style atomic
read_data Si222_${i}.in
read_data Si222_149.in
Reading data file ...
  orthogonal box = (0 0 0) to (10.887404 10.887404 10.887404)
  1 by 1 by 1 MPI processor grid
  reading atoms ...
  64 atoms
  reading velocities ...
  64 velocities
  read_data CPU = 0.001 seconds
mass 1 28.085
pair_style sw
pair_coeff * * Si.sw Si
Reading sw potential file Si.sw with DATE: 2007-06-11
run 0
Neighbor list info ...
  update: every = 1 steps, delay = 0 steps, check = yes
  max neighbors/atom: 2000, page size: 100000
  master list distance cutoff = 5.77118
  ghost atom cutoff = 5.77118
  binsize = 2.88559, bins = 4 4 4
  1 neighbor lists, perpetual/occasional/extra = 1 0 0
  (1) pair sw, perpetual
      attributes: full, newton on
      pair build: full/bin/atomonly
      stencil: full/bin/3d
      bin: standard
Per MPI rank memory allocation (min/avg/max) = 3.063 | 3.063 | 3.063 Mbytes
   Step          Temp          E_pair         E_mol          TotEng         Press     
WARNING: Too many warnings: 149 vs 100. All future warnings will be suppressed (src/thermo.cpp:478)
         0   0             -275.5375       0             -275.5375      -6145.7839    
Loop time of 1.05e-06 on 1 procs for 0 steps with 64 atoms

95.2% CPU use with 1 MPI tasks x 1 OpenMP threads

MPI task timing breakdown:
Section |  min time  |  avg time  |  max time  |%varavg| %total
---------------------------------------------------------------
Pair    | 0          | 0          | 0          |   0.0 |  0.00
Neigh   | 0          | 0          | 0          |   0.0 |  0.00
Comm    | 0          | 0          | 0          |   0.0 |  0.00
Output  | 0          | 0          | 0          |   0.0 |  0.00
Modify  | 0          | 0          | 0          |   0.0 |  0.00
Other   |            | 1.05e-06   |            |       |100.00

Nlocal:             64 ave          64 max          64 min
Histogram: 1 0 0 0 0 0 0 0 0 0
Nghost:            476 ave         476 max         476 min
Histogram: 1 0 0 0 0 0 0 0 0 0
Neighs:              0 ave           0 max           0 min
Histogram: 1 0 0 0 0 0 0 0 0 0
FullNghs:         2180 ave        2180 max        2180 min
Histogram: 1 0 0 0 0 0 0 0 0 0

Total # of neighbors = 2180
Ave neighs/atom = 34.0625
Neighbor list builds = 0
Dangerous builds = 0
next i
jump SELF loop_struct
clear
  using 1 OpenMP thread(s) per MPI task
log energies.log append
units metal
boundary p p p
atom_style atomic
read_data Si222_${i}.in
read_data Si222_150.in
Reading data file ...
  orthogonal box = (0 0 0) to (10.887404 10.887404 10.887404)
  1 by 1 by 1 MPI processor grid
  reading atoms ...
  64 atoms
  reading velocities ...
  64 velocities
  read_data CPU = 0.001 seconds
mass 1 28.085
pair_style sw
pair_coeff * * Si.sw Si
Reading sw potential file Si.sw with DATE: 2007-06-11
run 0
Neighbor list info ...
  update: every = 1 steps, delay = 0 steps, check = yes
  max neighbors/atom: 2000, page size: 100000
  master list distance cutoff = 5.77118
  ghost atom cutoff = 5.77118
  binsize = 2.88559, bins = 4 4 4
  1 neighbor lists, perpetual/occasional/extra = 1 0 0
  (1) pair sw, perpetual
      attributes: full, newton on
      pair build: full/bin/atomonly
      stencil: full/bin/3d
      bin: standard
Per MPI rank memory allocation (min/avg/max) = 3.063 | 3.063 | 3.063 Mbytes
   Step          Temp          E_pair         E_mol          TotEng         Press     
WARNING: Too many warnings: 150 vs 100. All future warnings will be suppressed (src/thermo.cpp:478)
         0   0             -275.42332      0             -275.42332     -6175.7438    
Loop time of 1.09e-06 on 1 procs for 0 steps with 64 atoms

0.0% CPU use with 1 MPI tasks x 1 OpenMP threads

MPI task timing breakdown:
Section |  min time  |  avg time  |  max time  |%varavg| %total
---------------------------------------------------------------
Pair    | 0          | 0          | 0          |   0.0 |  0.00
Neigh   | 0          | 0          | 0          |   0.0 |  0.00
Comm    | 0          | 0          | 0          |   0.0 |  0.00
Output  | 0          | 0          | 0          |   0.0 |  0.00
Modify  | 0          | 0          | 0          |   0.0 |  0.00
Other   |            | 1.09e-06   |            |       |100.00

Nlocal:             64 ave          64 max          64 min
Histogram: 1 0 0 0 0 0 0 0 0 0
Nghost:            468 ave         468 max         468 min
Histogram: 1 0 0 0 0 0 0 0 0 0
Neighs:              0 ave           0 max           0 min
Histogram: 1 0 0 0 0 0 0 0 0 0
FullNghs:         2188 ave        2188 max        2188 min
Histogram: 1 0 0 0 0 0 0 0 0 0

Total # of neighbors = 2188
Ave neighs/atom = 34.1875
Neighbor list builds = 0
Dangerous builds = 0
next i
jump SELF loop_struct
clear
  using 1 OpenMP thread(s) per MPI task
log energies.log append
units metal
boundary p p p
atom_style atomic
read_data Si222_${i}.in
read_data Si222_151.in
Reading data file ...
  orthogonal box = (0 0 0) to (10.887404 10.887404 10.887404)
  1 by 1 by 1 MPI processor grid
  reading atoms ...
  64 atoms
  reading velocities ...
  64 velocities
  read_data CPU = 0.001 seconds
mass 1 28.085
pair_style sw
pair_coeff * * Si.sw Si
Reading sw potential file Si.sw with DATE: 2007-06-11
run 0
Neighbor list info ...
  update: every = 1 steps, delay = 0 steps, check = yes
  max neighbors/atom: 2000, page size: 100000
  master list distance cutoff = 5.77118
  ghost atom cutoff = 5.77118
  binsize = 2.88559, bins = 4 4 4
  1 neighbor lists, perpetual/occasional/extra = 1 0 0
  (1) pair sw, perpetual
      attributes: full, newton on
      pair build: full/bin/atomonly
      stencil: full/bin/3d
      bin: standard
Per MPI rank memory allocation (min/avg/max) = 3.071 | 3.071 | 3.071 Mbytes
   Step          Temp          E_pair         E_mol          TotEng         Press     
WARNING: Too many warnings: 151 vs 100. All future warnings will be suppressed (src/thermo.cpp:478)
         0   0             -275.72456      0             -275.72456     -5955.0184    
Loop time of 1.07e-06 on 1 procs for 0 steps with 64 atoms

93.5% CPU use with 1 MPI tasks x 1 OpenMP threads

MPI task timing breakdown:
Section |  min time  |  avg time  |  max time  |%varavg| %total
---------------------------------------------------------------
Pair    | 0          | 0          | 0          |   0.0 |  0.00
Neigh   | 0          | 0          | 0          |   0.0 |  0.00
Comm    | 0          | 0          | 0          |   0.0 |  0.00
Output  | 0          | 0          | 0          |   0.0 |  0.00
Modify  | 0          | 0          | 0          |   0.0 |  0.00
Other   |            | 1.07e-06   |            |       |100.00

Nlocal:             64 ave          64 max          64 min
Histogram: 1 0 0 0 0 0 0 0 0 0
Nghost:            516 ave         516 max         516 min
Histogram: 1 0 0 0 0 0 0 0 0 0
Neighs:              0 ave           0 max           0 min
Histogram: 1 0 0 0 0 0 0 0 0 0
FullNghs:         2184 ave        2184 max        2184 min
Histogram: 1 0 0 0 0 0 0 0 0 0

Total # of neighbors = 2184
Ave neighs/atom = 34.125
Neighbor list builds = 0
Dangerous builds = 0
next i
jump SELF loop_struct
clear
  using 1 OpenMP thread(s) per MPI task
log energies.log append
units metal
boundary p p p
atom_style atomic
read_data Si222_${i}.in
read_data Si222_152.in
Reading data file ...
  orthogonal box = (0 0 0) to (10.887404 10.887404 10.887404)
  1 by 1 by 1 MPI processor grid
  reading atoms ...
  64 atoms
  reading velocities ...
  64 velocities
  read_data CPU = 0.001 seconds
mass 1 28.085
pair_style sw
pair_coeff * * Si.sw Si
Reading sw potential file Si.sw with DATE: 2007-06-11
run 0
Neighbor list info ...
  update: every = 1 steps, delay = 0 steps, check = yes
  max neighbors/atom: 2000, page size: 100000
  master list distance cutoff = 5.77118
  ghost atom cutoff = 5.77118
  binsize = 2.88559, bins = 4 4 4
  1 neighbor lists, perpetual/occasional/extra = 1 0 0
  (1) pair sw, perpetual
      attributes: full, newton on
      pair build: full/bin/atomonly
      stencil: full/bin/3d
      bin: standard
Per MPI rank memory allocation (min/avg/max) = 3.063 | 3.063 | 3.063 Mbytes
   Step          Temp          E_pair         E_mol          TotEng         Press     
WARNING: Too many warnings: 152 vs 100. All future warnings will be suppressed (src/thermo.cpp:478)
         0   0             -275.94773      0             -275.94773     -5986.8875    
Loop time of 1.08e-06 on 1 procs for 0 steps with 64 atoms

92.6% CPU use with 1 MPI tasks x 1 OpenMP threads

MPI task timing breakdown:
Section |  min time  |  avg time  |  max time  |%varavg| %total
---------------------------------------------------------------
Pair    | 0          | 0          | 0          |   0.0 |  0.00
Neigh   | 0          | 0          | 0          |   0.0 |  0.00
Comm    | 0          | 0          | 0          |   0.0 |  0.00
Output  | 0          | 0          | 0          |   0.0 |  0.00
Modify  | 0          | 0          | 0          |   0.0 |  0.00
Other   |            | 1.08e-06   |            |       |100.00

Nlocal:             64 ave          64 max          64 min
Histogram: 1 0 0 0 0 0 0 0 0 0
Nghost:            480 ave         480 max         480 min
Histogram: 1 0 0 0 0 0 0 0 0 0
Neighs:              0 ave           0 max           0 min
Histogram: 1 0 0 0 0 0 0 0 0 0
FullNghs:         2182 ave        2182 max        2182 min
Histogram: 1 0 0 0 0 0 0 0 0 0

Total # of neighbors = 2182
Ave neighs/atom = 34.09375
Neighbor list builds = 0
Dangerous builds = 0
next i
jump SELF loop_struct
clear
  using 1 OpenMP thread(s) per MPI task
log energies.log append
units metal
boundary p p p
atom_style atomic
read_data Si222_${i}.in
read_data Si222_153.in
Reading data file ...
  orthogonal box = (0 0 0) to (10.887404 10.887404 10.887404)
  1 by 1 by 1 MPI processor grid
  reading atoms ...
  64 atoms
  reading velocities ...
  64 velocities
  read_data CPU = 0.001 seconds
mass 1 28.085
pair_style sw
pair_coeff * * Si.sw Si
Reading sw potential file Si.sw with DATE: 2007-06-11
run 0
Neighbor list info ...
  update: every = 1 steps, delay = 0 steps, check = yes
  max neighbors/atom: 2000, page size: 100000
  master list distance cutoff = 5.77118
  ghost atom cutoff = 5.77118
  binsize = 2.88559, bins = 4 4 4
  1 neighbor lists, perpetual/occasional/extra = 1 0 0
  (1) pair sw, perpetual
      attributes: full, newton on
      pair build: full/bin/atomonly
      stencil: full/bin/3d
      bin: standard
Per MPI rank memory allocation (min/avg/max) = 3.063 | 3.063 | 3.063 Mbytes
   Step          Temp          E_pair         E_mol          TotEng         Press     
WARNING: Too many warnings: 153 vs 100. All future warnings will be suppressed (src/thermo.cpp:478)
         0   0             -275.92882      0             -275.92882     -6091.6535    
Loop time of 1.13e-06 on 1 procs for 0 steps with 64 atoms

88.5% CPU use with 1 MPI tasks x 1 OpenMP threads

MPI task timing breakdown:
Section |  min time  |  avg time  |  max time  |%varavg| %total
---------------------------------------------------------------
Pair    | 0          | 0          | 0          |   0.0 |  0.00
Neigh   | 0          | 0          | 0          |   0.0 |  0.00
Comm    | 0          | 0          | 0          |   0.0 |  0.00
Output  | 0          | 0          | 0          |   0.0 |  0.00
Modify  | 0          | 0          | 0          |   0.0 |  0.00
Other   |            | 1.13e-06   |            |       |100.00

Nlocal:             64 ave          64 max          64 min
Histogram: 1 0 0 0 0 0 0 0 0 0
Nghost:            512 ave         512 max         512 min
Histogram: 1 0 0 0 0 0 0 0 0 0
Neighs:              0 ave           0 max           0 min
Histogram: 1 0 0 0 0 0 0 0 0 0
FullNghs:         2178 ave        2178 max        2178 min
Histogram: 1 0 0 0 0 0 0 0 0 0

Total # of neighbors = 2178
Ave neighs/atom = 34.03125
Neighbor list builds = 0
Dangerous builds = 0
next i
jump SELF loop_struct
clear
  using 1 OpenMP thread(s) per MPI task
log energies.log append
units metal
boundary p p p
atom_style atomic
read_data Si222_${i}.in
read_data Si222_154.in
Reading data file ...
  orthogonal box = (0 0 0) to (10.887404 10.887404 10.887404)
  1 by 1 by 1 MPI processor grid
  reading atoms ...
  64 atoms
  reading velocities ...
  64 velocities
  read_data CPU = 0.001 seconds
mass 1 28.085
pair_style sw
pair_coeff * * Si.sw Si
Reading sw potential file Si.sw with DATE: 2007-06-11
run 0
Neighbor list info ...
  update: every = 1 steps, delay = 0 steps, check = yes
  max neighbors/atom: 2000, page size: 100000
  master list distance cutoff = 5.77118
  ghost atom cutoff = 5.77118
  binsize = 2.88559, bins = 4 4 4
  1 neighbor lists, perpetual/occasional/extra = 1 0 0
  (1) pair sw, perpetual
      attributes: full, newton on
      pair build: full/bin/atomonly
      stencil: full/bin/3d
      bin: standard
Per MPI rank memory allocation (min/avg/max) = 3.063 | 3.063 | 3.063 Mbytes
   Step          Temp          E_pair         E_mol          TotEng         Press     
WARNING: Too many warnings: 154 vs 100. All future warnings will be suppressed (src/thermo.cpp:478)
         0   0             -275.90342      0             -275.90342     -5921.0045    
Loop time of 1.16e-06 on 1 procs for 0 steps with 64 atoms

86.2% CPU use with 1 MPI tasks x 1 OpenMP threads

MPI task timing breakdown:
Section |  min time  |  avg time  |  max time  |%varavg| %total
---------------------------------------------------------------
Pair    | 0          | 0          | 0          |   0.0 |  0.00
Neigh   | 0          | 0          | 0          |   0.0 |  0.00
Comm    | 0          | 0          | 0          |   0.0 |  0.00
Output  | 0          | 0          | 0          |   0.0 |  0.00
Modify  | 0          | 0          | 0          |   0.0 |  0.00
Other   |            | 1.16e-06   |            |       |100.00

Nlocal:             64 ave          64 max          64 min
Histogram: 1 0 0 0 0 0 0 0 0 0
Nghost:            480 ave         480 max         480 min
Histogram: 1 0 0 0 0 0 0 0 0 0
Neighs:              0 ave           0 max           0 min
Histogram: 1 0 0 0 0 0 0 0 0 0
FullNghs:         2178 ave        2178 max        2178 min
Histogram: 1 0 0 0 0 0 0 0 0 0

Total # of neighbors = 2178
Ave neighs/atom = 34.03125
Neighbor list builds = 0
Dangerous builds = 0
next i
jump SELF loop_struct
clear
  using 1 OpenMP thread(s) per MPI task
log energies.log append
units metal
boundary p p p
atom_style atomic
read_data Si222_${i}.in
read_data Si222_155.in
Reading data file ...
  orthogonal box = (0 0 0) to (10.887404 10.887404 10.887404)
  1 by 1 by 1 MPI processor grid
  reading atoms ...
  64 atoms
  reading velocities ...
  64 velocities
  read_data CPU = 0.001 seconds
mass 1 28.085
pair_style sw
pair_coeff * * Si.sw Si
Reading sw potential file Si.sw with DATE: 2007-06-11
run 0
Neighbor list info ...
  update: every = 1 steps, delay = 0 steps, check = yes
  max neighbors/atom: 2000, page size: 100000
  master list distance cutoff = 5.77118
  ghost atom cutoff = 5.77118
  binsize = 2.88559, bins = 4 4 4
  1 neighbor lists, perpetual/occasional/extra = 1 0 0
  (1) pair sw, perpetual
      attributes: full, newton on
      pair build: full/bin/atomonly
      stencil: full/bin/3d
      bin: standard
Per MPI rank memory allocation (min/avg/max) = 3.063 | 3.063 | 3.063 Mbytes
   Step          Temp          E_pair         E_mol          TotEng         Press     
WARNING: Too many warnings: 155 vs 100. All future warnings will be suppressed (src/thermo.cpp:478)
         0   0             -275.86131      0             -275.86131     -6012.8608    
Loop time of 1.07e-06 on 1 procs for 0 steps with 64 atoms

0.0% CPU use with 1 MPI tasks x 1 OpenMP threads

MPI task timing breakdown:
Section |  min time  |  avg time  |  max time  |%varavg| %total
---------------------------------------------------------------
Pair    | 0          | 0          | 0          |   0.0 |  0.00
Neigh   | 0          | 0          | 0          |   0.0 |  0.00
Comm    | 0          | 0          | 0          |   0.0 |  0.00
Output  | 0          | 0          | 0          |   0.0 |  0.00
Modify  | 0          | 0          | 0          |   0.0 |  0.00
Other   |            | 1.07e-06   |            |       |100.00

Nlocal:             64 ave          64 max          64 min
Histogram: 1 0 0 0 0 0 0 0 0 0
Nghost:            480 ave         480 max         480 min
Histogram: 1 0 0 0 0 0 0 0 0 0
Neighs:              0 ave           0 max           0 min
Histogram: 1 0 0 0 0 0 0 0 0 0
FullNghs:         2178 ave        2178 max        2178 min
Histogram: 1 0 0 0 0 0 0 0 0 0

Total # of neighbors = 2178
Ave neighs/atom = 34.03125
Neighbor list builds = 0
Dangerous builds = 0
next i
jump SELF loop_struct
clear
  using 1 OpenMP thread(s) per MPI task
log energies.log append
units metal
boundary p p p
atom_style atomic
read_data Si222_${i}.in
read_data Si222_156.in
Reading data file ...
  orthogonal box = (0 0 0) to (10.887404 10.887404 10.887404)
  1 by 1 by 1 MPI processor grid
  reading atoms ...
  64 atoms
  reading velocities ...
  64 velocities
  read_data CPU = 0.001 seconds
mass 1 28.085
pair_style sw
pair_coeff * * Si.sw Si
Reading sw potential file Si.sw with DATE: 2007-06-11
run 0
Neighbor list info ...
  update: every = 1 steps, delay = 0 steps, check = yes
  max neighbors/atom: 2000, page size: 100000
  master list distance cutoff = 5.77118
  ghost atom cutoff = 5.77118
  binsize = 2.88559, bins = 4 4 4
  1 neighbor lists, perpetual/occasional/extra = 1 0 0
  (1) pair sw, perpetual
      attributes: full, newton on
      pair build: full/bin/atomonly
      stencil: full/bin/3d
      bin: standard
Per MPI rank memory allocation (min/avg/max) = 3.063 | 3.063 | 3.063 Mbytes
   Step          Temp          E_pair         E_mol          TotEng         Press     
WARNING: Too many warnings: 156 vs 100. All future warnings will be suppressed (src/thermo.cpp:478)
         0   0             -275.62319      0             -275.62319     -5710.4034    
Loop time of 1.05e-06 on 1 procs for 0 steps with 64 atoms

0.0% CPU use with 1 MPI tasks x 1 OpenMP threads

MPI task timing breakdown:
Section |  min time  |  avg time  |  max time  |%varavg| %total
---------------------------------------------------------------
Pair    | 0          | 0          | 0          |   0.0 |  0.00
Neigh   | 0          | 0          | 0          |   0.0 |  0.00
Comm    | 0          | 0          | 0          |   0.0 |  0.00
Output  | 0          | 0          | 0          |   0.0 |  0.00
Modify  | 0          | 0          | 0          |   0.0 |  0.00
Other   |            | 1.05e-06   |            |       |100.00

Nlocal:             64 ave          64 max          64 min
Histogram: 1 0 0 0 0 0 0 0 0 0
Nghost:            448 ave         448 max         448 min
Histogram: 1 0 0 0 0 0 0 0 0 0
Neighs:              0 ave           0 max           0 min
Histogram: 1 0 0 0 0 0 0 0 0 0
FullNghs:         2180 ave        2180 max        2180 min
Histogram: 1 0 0 0 0 0 0 0 0 0

Total # of neighbors = 2180
Ave neighs/atom = 34.0625
Neighbor list builds = 0
Dangerous builds = 0
next i
jump SELF loop_struct
clear
  using 1 OpenMP thread(s) per MPI task
log energies.log append
units metal
boundary p p p
atom_style atomic
read_data Si222_${i}.in
read_data Si222_157.in
Reading data file ...
  orthogonal box = (0 0 0) to (10.887404 10.887404 10.887404)
  1 by 1 by 1 MPI processor grid
  reading atoms ...
  64 atoms
  reading velocities ...
  64 velocities
  read_data CPU = 0.001 seconds
mass 1 28.085
pair_style sw
pair_coeff * * Si.sw Si
Reading sw potential file Si.sw with DATE: 2007-06-11
run 0
Neighbor list info ...
  update: every = 1 steps, delay = 0 steps, check = yes
  max neighbors/atom: 2000, page size: 100000
  master list distance cutoff = 5.77118
  ghost atom cutoff = 5.77118
  binsize = 2.88559, bins = 4 4 4
  1 neighbor lists, perpetual/occasional/extra = 1 0 0
  (1) pair sw, perpetual
      attributes: full, newton on
      pair build: full/bin/atomonly
      stencil: full/bin/3d
      bin: standard
Per MPI rank memory allocation (min/avg/max) = 3.063 | 3.063 | 3.063 Mbytes
   Step          Temp          E_pair         E_mol          TotEng         Press     
WARNING: Too many warnings: 157 vs 100. All future warnings will be suppressed (src/thermo.cpp:478)
         0   0             -275.65436      0             -275.65436     -5822.8415    
Loop time of 1.03e-06 on 1 procs for 0 steps with 64 atoms

0.0% CPU use with 1 MPI tasks x 1 OpenMP threads

MPI task timing breakdown:
Section |  min time  |  avg time  |  max time  |%varavg| %total
---------------------------------------------------------------
Pair    | 0          | 0          | 0          |   0.0 |  0.00
Neigh   | 0          | 0          | 0          |   0.0 |  0.00
Comm    | 0          | 0          | 0          |   0.0 |  0.00
Output  | 0          | 0          | 0          |   0.0 |  0.00
Modify  | 0          | 0          | 0          |   0.0 |  0.00
Other   |            | 1.03e-06   |            |       |100.00

Nlocal:             64 ave          64 max          64 min
Histogram: 1 0 0 0 0 0 0 0 0 0
Nghost:            526 ave         526 max         526 min
Histogram: 1 0 0 0 0 0 0 0 0 0
Neighs:              0 ave           0 max           0 min
Histogram: 1 0 0 0 0 0 0 0 0 0
FullNghs:         2180 ave        2180 max        2180 min
Histogram: 1 0 0 0 0 0 0 0 0 0

Total # of neighbors = 2180
Ave neighs/atom = 34.0625
Neighbor list builds = 0
Dangerous builds = 0
next i
jump SELF loop_struct
clear
  using 1 OpenMP thread(s) per MPI task
log energies.log append
units metal
boundary p p p
atom_style atomic
read_data Si222_${i}.in
read_data Si222_158.in
Reading data file ...
  orthogonal box = (0 0 0) to (10.887404 10.887404 10.887404)
  1 by 1 by 1 MPI processor grid
  reading atoms ...
  64 atoms
  reading velocities ...
  64 velocities
  read_data CPU = 0.001 seconds
mass 1 28.085
pair_style sw
pair_coeff * * Si.sw Si
Reading sw potential file Si.sw with DATE: 2007-06-11
run 0
Neighbor list info ...
  update: every = 1 steps, delay = 0 steps, check = yes
  max neighbors/atom: 2000, page size: 100000
  master list distance cutoff = 5.77118
  ghost atom cutoff = 5.77118
  binsize = 2.88559, bins = 4 4 4
  1 neighbor lists, perpetual/occasional/extra = 1 0 0
  (1) pair sw, perpetual
      attributes: full, newton on
      pair build: full/bin/atomonly
      stencil: full/bin/3d
      bin: standard
Per MPI rank memory allocation (min/avg/max) = 3.063 | 3.063 | 3.063 Mbytes
   Step          Temp          E_pair         E_mol          TotEng         Press     
WARNING: Too many warnings: 158 vs 100. All future warnings will be suppressed (src/thermo.cpp:478)
         0   0             -275.57941      0             -275.57941     -5754.0574    
Loop time of 1.09e-06 on 1 procs for 0 steps with 64 atoms

91.7% CPU use with 1 MPI tasks x 1 OpenMP threads

MPI task timing breakdown:
Section |  min time  |  avg time  |  max time  |%varavg| %total
---------------------------------------------------------------
Pair    | 0          | 0          | 0          |   0.0 |  0.00
Neigh   | 0          | 0          | 0          |   0.0 |  0.00
Comm    | 0          | 0          | 0          |   0.0 |  0.00
Output  | 0          | 0          | 0          |   0.0 |  0.00
Modify  | 0          | 0          | 0          |   0.0 |  0.00
Other   |            | 1.09e-06   |            |       |100.00

Nlocal:             64 ave          64 max          64 min
Histogram: 1 0 0 0 0 0 0 0 0 0
Nghost:            480 ave         480 max         480 min
Histogram: 1 0 0 0 0 0 0 0 0 0
Neighs:              0 ave           0 max           0 min
Histogram: 1 0 0 0 0 0 0 0 0 0
FullNghs:         2180 ave        2180 max        2180 min
Histogram: 1 0 0 0 0 0 0 0 0 0

Total # of neighbors = 2180
Ave neighs/atom = 34.0625
Neighbor list builds = 0
Dangerous builds = 0
next i
jump SELF loop_struct
clear
  using 1 OpenMP thread(s) per MPI task
log energies.log append
units metal
boundary p p p
atom_style atomic
read_data Si222_${i}.in
read_data Si222_159.in
Reading data file ...
  orthogonal box = (0 0 0) to (10.887404 10.887404 10.887404)
  1 by 1 by 1 MPI processor grid
  reading atoms ...
  64 atoms
  reading velocities ...
  64 velocities
  read_data CPU = 0.001 seconds
mass 1 28.085
pair_style sw
pair_coeff * * Si.sw Si
Reading sw potential file Si.sw with DATE: 2007-06-11
run 0
Neighbor list info ...
  update: every = 1 steps, delay = 0 steps, check = yes
  max neighbors/atom: 2000, page size: 100000
  master list distance cutoff = 5.77118
  ghost atom cutoff = 5.77118
  binsize = 2.88559, bins = 4 4 4
  1 neighbor lists, perpetual/occasional/extra = 1 0 0
  (1) pair sw, perpetual
      attributes: full, newton on
      pair build: full/bin/atomonly
      stencil: full/bin/3d
      bin: standard
Per MPI rank memory allocation (min/avg/max) = 3.063 | 3.063 | 3.063 Mbytes
   Step          Temp          E_pair         E_mol          TotEng         Press     
WARNING: Too many warnings: 159 vs 100. All future warnings will be suppressed (src/thermo.cpp:478)
         0   0             -275.61769      0             -275.61769     -5801.3531    
Loop time of 1.21e-06 on 1 procs for 0 steps with 64 atoms

165.3% CPU use with 1 MPI tasks x 1 OpenMP threads

MPI task timing breakdown:
Section |  min time  |  avg time  |  max time  |%varavg| %total
---------------------------------------------------------------
Pair    | 0          | 0          | 0          |   0.0 |  0.00
Neigh   | 0          | 0          | 0          |   0.0 |  0.00
Comm    | 0          | 0          | 0          |   0.0 |  0.00
Output  | 0          | 0          | 0          |   0.0 |  0.00
Modify  | 0          | 0          | 0          |   0.0 |  0.00
Other   |            | 1.21e-06   |            |       |100.00

Nlocal:             64 ave          64 max          64 min
Histogram: 1 0 0 0 0 0 0 0 0 0
Nghost:            504 ave         504 max         504 min
Histogram: 1 0 0 0 0 0 0 0 0 0
Neighs:              0 ave           0 max           0 min
Histogram: 1 0 0 0 0 0 0 0 0 0
FullNghs:         2180 ave        2180 max        2180 min
Histogram: 1 0 0 0 0 0 0 0 0 0

Total # of neighbors = 2180
Ave neighs/atom = 34.0625
Neighbor list builds = 0
Dangerous builds = 0
next i
jump SELF loop_struct
clear
  using 1 OpenMP thread(s) per MPI task
log energies.log append
units metal
boundary p p p
atom_style atomic
read_data Si222_${i}.in
read_data Si222_160.in
Reading data file ...
  orthogonal box = (0 0 0) to (10.887404 10.887404 10.887404)
  1 by 1 by 1 MPI processor grid
  reading atoms ...
  64 atoms
  reading velocities ...
  64 velocities
  read_data CPU = 0.001 seconds
mass 1 28.085
pair_style sw
pair_coeff * * Si.sw Si
Reading sw potential file Si.sw with DATE: 2007-06-11
run 0
Neighbor list info ...
  update: every = 1 steps, delay = 0 steps, check = yes
  max neighbors/atom: 2000, page size: 100000
  master list distance cutoff = 5.77118
  ghost atom cutoff = 5.77118
  binsize = 2.88559, bins = 4 4 4
  1 neighbor lists, perpetual/occasional/extra = 1 0 0
  (1) pair sw, perpetual
      attributes: full, newton on
      pair build: full/bin/atomonly
      stencil: full/bin/3d
      bin: standard
Per MPI rank memory allocation (min/avg/max) = 3.063 | 3.063 | 3.063 Mbytes
   Step          Temp          E_pair         E_mol          TotEng         Press     
WARNING: Too many warnings: 160 vs 100. All future warnings will be suppressed (src/thermo.cpp:478)
         0   0             -275.66698      0             -275.66698     -5894.2121    
Loop time of 1.02e-06 on 1 procs for 0 steps with 64 atoms

98.0% CPU use with 1 MPI tasks x 1 OpenMP threads

MPI task timing breakdown:
Section |  min time  |  avg time  |  max time  |%varavg| %total
---------------------------------------------------------------
Pair    | 0          | 0          | 0          |   0.0 |  0.00
Neigh   | 0          | 0          | 0          |   0.0 |  0.00
Comm    | 0          | 0          | 0          |   0.0 |  0.00
Output  | 0          | 0          | 0          |   0.0 |  0.00
Modify  | 0          | 0          | 0          |   0.0 |  0.00
Other   |            | 1.02e-06   |            |       |100.00

Nlocal:             64 ave          64 max          64 min
Histogram: 1 0 0 0 0 0 0 0 0 0
Nghost:            480 ave         480 max         480 min
Histogram: 1 0 0 0 0 0 0 0 0 0
Neighs:              0 ave           0 max           0 min
Histogram: 1 0 0 0 0 0 0 0 0 0
FullNghs:         2182 ave        2182 max        2182 min
Histogram: 1 0 0 0 0 0 0 0 0 0

Total # of neighbors = 2182
Ave neighs/atom = 34.09375
Neighbor list builds = 0
Dangerous builds = 0
next i
jump SELF loop_struct
clear
  using 1 OpenMP thread(s) per MPI task
log energies.log append
units metal
boundary p p p
atom_style atomic
read_data Si222_${i}.in
read_data Si222_161.in
Reading data file ...
  orthogonal box = (0 0 0) to (10.887404 10.887404 10.887404)
  1 by 1 by 1 MPI processor grid
  reading atoms ...
  64 atoms
  reading velocities ...
  64 velocities
  read_data CPU = 0.001 seconds
mass 1 28.085
pair_style sw
pair_coeff * * Si.sw Si
Reading sw potential file Si.sw with DATE: 2007-06-11
run 0
Neighbor list info ...
  update: every = 1 steps, delay = 0 steps, check = yes
  max neighbors/atom: 2000, page size: 100000
  master list distance cutoff = 5.77118
  ghost atom cutoff = 5.77118
  binsize = 2.88559, bins = 4 4 4
  1 neighbor lists, perpetual/occasional/extra = 1 0 0
  (1) pair sw, perpetual
      attributes: full, newton on
      pair build: full/bin/atomonly
      stencil: full/bin/3d
      bin: standard
Per MPI rank memory allocation (min/avg/max) = 3.063 | 3.063 | 3.063 Mbytes
   Step          Temp          E_pair         E_mol          TotEng         Press     
WARNING: Too many warnings: 161 vs 100. All future warnings will be suppressed (src/thermo.cpp:478)
         0   0             -275.49566      0             -275.49566     -5697.8075    
Loop time of 1.23e-06 on 1 procs for 0 steps with 64 atoms

0.0% CPU use with 1 MPI tasks x 1 OpenMP threads

MPI task timing breakdown:
Section |  min time  |  avg time  |  max time  |%varavg| %total
---------------------------------------------------------------
Pair    | 0          | 0          | 0          |   0.0 |  0.00
Neigh   | 0          | 0          | 0          |   0.0 |  0.00
Comm    | 0          | 0          | 0          |   0.0 |  0.00
Output  | 0          | 0          | 0          |   0.0 |  0.00
Modify  | 0          | 0          | 0          |   0.0 |  0.00
Other   |            | 1.23e-06   |            |       |100.00

Nlocal:             64 ave          64 max          64 min
Histogram: 1 0 0 0 0 0 0 0 0 0
Nghost:            496 ave         496 max         496 min
Histogram: 1 0 0 0 0 0 0 0 0 0
Neighs:              0 ave           0 max           0 min
Histogram: 1 0 0 0 0 0 0 0 0 0
FullNghs:         2180 ave        2180 max        2180 min
Histogram: 1 0 0 0 0 0 0 0 0 0

Total # of neighbors = 2180
Ave neighs/atom = 34.0625
Neighbor list builds = 0
Dangerous builds = 0
next i
jump SELF loop_struct
clear
  using 1 OpenMP thread(s) per MPI task
log energies.log append
units metal
boundary p p p
atom_style atomic
read_data Si222_${i}.in
read_data Si222_162.in
Reading data file ...
  orthogonal box = (0 0 0) to (10.887404 10.887404 10.887404)
  1 by 1 by 1 MPI processor grid
  reading atoms ...
  64 atoms
  reading velocities ...
  64 velocities
  read_data CPU = 0.001 seconds
mass 1 28.085
pair_style sw
pair_coeff * * Si.sw Si
Reading sw potential file Si.sw with DATE: 2007-06-11
run 0
Neighbor list info ...
  update: every = 1 steps, delay = 0 steps, check = yes
  max neighbors/atom: 2000, page size: 100000
  master list distance cutoff = 5.77118
  ghost atom cutoff = 5.77118
  binsize = 2.88559, bins = 4 4 4
  1 neighbor lists, perpetual/occasional/extra = 1 0 0
  (1) pair sw, perpetual
      attributes: full, newton on
      pair build: full/bin/atomonly
      stencil: full/bin/3d
      bin: standard
Per MPI rank memory allocation (min/avg/max) = 3.063 | 3.063 | 3.063 Mbytes
   Step          Temp          E_pair         E_mol          TotEng         Press     
WARNING: Too many warnings: 162 vs 100. All future warnings will be suppressed (src/thermo.cpp:478)
         0   0             -275.73097      0             -275.73097     -6009.1045    
Loop time of 1.02e-06 on 1 procs for 0 steps with 64 atoms

98.0% CPU use with 1 MPI tasks x 1 OpenMP threads

MPI task timing breakdown:
Section |  min time  |  avg time  |  max time  |%varavg| %total
---------------------------------------------------------------
Pair    | 0          | 0          | 0          |   0.0 |  0.00
Neigh   | 0          | 0          | 0          |   0.0 |  0.00
Comm    | 0          | 0          | 0          |   0.0 |  0.00
Output  | 0          | 0          | 0          |   0.0 |  0.00
Modify  | 0          | 0          | 0          |   0.0 |  0.00
Other   |            | 1.02e-06   |            |       |100.00

Nlocal:             64 ave          64 max          64 min
Histogram: 1 0 0 0 0 0 0 0 0 0
Nghost:            500 ave         500 max         500 min
Histogram: 1 0 0 0 0 0 0 0 0 0
Neighs:              0 ave           0 max           0 min
Histogram: 1 0 0 0 0 0 0 0 0 0
FullNghs:         2178 ave        2178 max        2178 min
Histogram: 1 0 0 0 0 0 0 0 0 0

Total # of neighbors = 2178
Ave neighs/atom = 34.03125
Neighbor list builds = 0
Dangerous builds = 0
next i
jump SELF loop_struct
clear
  using 1 OpenMP thread(s) per MPI task
log energies.log append
units metal
boundary p p p
atom_style atomic
read_data Si222_${i}.in
read_data Si222_163.in
Reading data file ...
  orthogonal box = (0 0 0) to (10.887404 10.887404 10.887404)
  1 by 1 by 1 MPI processor grid
  reading atoms ...
  64 atoms
  reading velocities ...
  64 velocities
  read_data CPU = 0.001 seconds
mass 1 28.085
pair_style sw
pair_coeff * * Si.sw Si
Reading sw potential file Si.sw with DATE: 2007-06-11
run 0
Neighbor list info ...
  update: every = 1 steps, delay = 0 steps, check = yes
  max neighbors/atom: 2000, page size: 100000
  master list distance cutoff = 5.77118
  ghost atom cutoff = 5.77118
  binsize = 2.88559, bins = 4 4 4
  1 neighbor lists, perpetual/occasional/extra = 1 0 0
  (1) pair sw, perpetual
      attributes: full, newton on
      pair build: full/bin/atomonly
      stencil: full/bin/3d
      bin: standard
Per MPI rank memory allocation (min/avg/max) = 3.063 | 3.063 | 3.063 Mbytes
   Step          Temp          E_pair         E_mol          TotEng         Press     
WARNING: Too many warnings: 163 vs 100. All future warnings will be suppressed (src/thermo.cpp:478)
         0   0             -275.74439      0             -275.74439     -5935.4721    
Loop time of 1.02e-06 on 1 procs for 0 steps with 64 atoms

98.0% CPU use with 1 MPI tasks x 1 OpenMP threads

MPI task timing breakdown:
Section |  min time  |  avg time  |  max time  |%varavg| %total
---------------------------------------------------------------
Pair    | 0          | 0          | 0          |   0.0 |  0.00
Neigh   | 0          | 0          | 0          |   0.0 |  0.00
Comm    | 0          | 0          | 0          |   0.0 |  0.00
Output  | 0          | 0          | 0          |   0.0 |  0.00
Modify  | 0          | 0          | 0          |   0.0 |  0.00
Other   |            | 1.02e-06   |            |       |100.00

Nlocal:             64 ave          64 max          64 min
Histogram: 1 0 0 0 0 0 0 0 0 0
Nghost:            480 ave         480 max         480 min
Histogram: 1 0 0 0 0 0 0 0 0 0
Neighs:              0 ave           0 max           0 min
Histogram: 1 0 0 0 0 0 0 0 0 0
FullNghs:         2180 ave        2180 max        2180 min
Histogram: 1 0 0 0 0 0 0 0 0 0

Total # of neighbors = 2180
Ave neighs/atom = 34.0625
Neighbor list builds = 0
Dangerous builds = 0
next i
jump SELF loop_struct
clear
  using 1 OpenMP thread(s) per MPI task
log energies.log append
units metal
boundary p p p
atom_style atomic
read_data Si222_${i}.in
read_data Si222_164.in
Reading data file ...
  orthogonal box = (0 0 0) to (10.887404 10.887404 10.887404)
  1 by 1 by 1 MPI processor grid
  reading atoms ...
  64 atoms
  reading velocities ...
  64 velocities
  read_data CPU = 0.001 seconds
mass 1 28.085
pair_style sw
pair_coeff * * Si.sw Si
Reading sw potential file Si.sw with DATE: 2007-06-11
run 0
Neighbor list info ...
  update: every = 1 steps, delay = 0 steps, check = yes
  max neighbors/atom: 2000, page size: 100000
  master list distance cutoff = 5.77118
  ghost atom cutoff = 5.77118
  binsize = 2.88559, bins = 4 4 4
  1 neighbor lists, perpetual/occasional/extra = 1 0 0
  (1) pair sw, perpetual
      attributes: full, newton on
      pair build: full/bin/atomonly
      stencil: full/bin/3d
      bin: standard
Per MPI rank memory allocation (min/avg/max) = 3.063 | 3.063 | 3.063 Mbytes
   Step          Temp          E_pair         E_mol          TotEng         Press     
WARNING: Too many warnings: 164 vs 100. All future warnings will be suppressed (src/thermo.cpp:478)
         0   0             -275.53167      0             -275.53167     -5956.778     
Loop time of 1.03e-06 on 1 procs for 0 steps with 64 atoms

97.1% CPU use with 1 MPI tasks x 1 OpenMP threads

MPI task timing breakdown:
Section |  min time  |  avg time  |  max time  |%varavg| %total
---------------------------------------------------------------
Pair    | 0          | 0          | 0          |   0.0 |  0.00
Neigh   | 0          | 0          | 0          |   0.0 |  0.00
Comm    | 0          | 0          | 0          |   0.0 |  0.00
Output  | 0          | 0          | 0          |   0.0 |  0.00
Modify  | 0          | 0          | 0          |   0.0 |  0.00
Other   |            | 1.03e-06   |            |       |100.00

Nlocal:             64 ave          64 max          64 min
Histogram: 1 0 0 0 0 0 0 0 0 0
Nghost:            504 ave         504 max         504 min
Histogram: 1 0 0 0 0 0 0 0 0 0
Neighs:              0 ave           0 max           0 min
Histogram: 1 0 0 0 0 0 0 0 0 0
FullNghs:         2188 ave        2188 max        2188 min
Histogram: 1 0 0 0 0 0 0 0 0 0

Total # of neighbors = 2188
Ave neighs/atom = 34.1875
Neighbor list builds = 0
Dangerous builds = 0
next i
jump SELF loop_struct
clear
  using 1 OpenMP thread(s) per MPI task
log energies.log append
units metal
boundary p p p
atom_style atomic
read_data Si222_${i}.in
read_data Si222_165.in
Reading data file ...
  orthogonal box = (0 0 0) to (10.887404 10.887404 10.887404)
  1 by 1 by 1 MPI processor grid
  reading atoms ...
  64 atoms
  reading velocities ...
  64 velocities
  read_data CPU = 0.001 seconds
mass 1 28.085
pair_style sw
pair_coeff * * Si.sw Si
Reading sw potential file Si.sw with DATE: 2007-06-11
run 0
Neighbor list info ...
  update: every = 1 steps, delay = 0 steps, check = yes
  max neighbors/atom: 2000, page size: 100000
  master list distance cutoff = 5.77118
  ghost atom cutoff = 5.77118
  binsize = 2.88559, bins = 4 4 4
  1 neighbor lists, perpetual/occasional/extra = 1 0 0
  (1) pair sw, perpetual
      attributes: full, newton on
      pair build: full/bin/atomonly
      stencil: full/bin/3d
      bin: standard
Per MPI rank memory allocation (min/avg/max) = 3.063 | 3.063 | 3.063 Mbytes
   Step          Temp          E_pair         E_mol          TotEng         Press     
WARNING: Too many warnings: 165 vs 100. All future warnings will be suppressed (src/thermo.cpp:478)
         0   0             -275.89735      0             -275.89735     -6294.0226    
Loop time of 1.02e-06 on 1 procs for 0 steps with 64 atoms

98.0% CPU use with 1 MPI tasks x 1 OpenMP threads

MPI task timing breakdown:
Section |  min time  |  avg time  |  max time  |%varavg| %total
---------------------------------------------------------------
Pair    | 0          | 0          | 0          |   0.0 |  0.00
Neigh   | 0          | 0          | 0          |   0.0 |  0.00
Comm    | 0          | 0          | 0          |   0.0 |  0.00
Output  | 0          | 0          | 0          |   0.0 |  0.00
Modify  | 0          | 0          | 0          |   0.0 |  0.00
Other   |            | 1.02e-06   |            |       |100.00

Nlocal:             64 ave          64 max          64 min
Histogram: 1 0 0 0 0 0 0 0 0 0
Nghost:            512 ave         512 max         512 min
Histogram: 1 0 0 0 0 0 0 0 0 0
Neighs:              0 ave           0 max           0 min
Histogram: 1 0 0 0 0 0 0 0 0 0
FullNghs:         2186 ave        2186 max        2186 min
Histogram: 1 0 0 0 0 0 0 0 0 0

Total # of neighbors = 2186
Ave neighs/atom = 34.15625
Neighbor list builds = 0
Dangerous builds = 0
next i
jump SELF loop_struct
clear
  using 1 OpenMP thread(s) per MPI task
log energies.log append
units metal
boundary p p p
atom_style atomic
read_data Si222_${i}.in
read_data Si222_166.in
Reading data file ...
  orthogonal box = (0 0 0) to (10.887404 10.887404 10.887404)
  1 by 1 by 1 MPI processor grid
  reading atoms ...
  64 atoms
  reading velocities ...
  64 velocities
  read_data CPU = 0.001 seconds
mass 1 28.085
pair_style sw
pair_coeff * * Si.sw Si
Reading sw potential file Si.sw with DATE: 2007-06-11
run 0
Neighbor list info ...
  update: every = 1 steps, delay = 0 steps, check = yes
  max neighbors/atom: 2000, page size: 100000
  master list distance cutoff = 5.77118
  ghost atom cutoff = 5.77118
  binsize = 2.88559, bins = 4 4 4
  1 neighbor lists, perpetual/occasional/extra = 1 0 0
  (1) pair sw, perpetual
      attributes: full, newton on
      pair build: full/bin/atomonly
      stencil: full/bin/3d
      bin: standard
Per MPI rank memory allocation (min/avg/max) = 3.071 | 3.071 | 3.071 Mbytes
   Step          Temp          E_pair         E_mol          TotEng         Press     
WARNING: Too many warnings: 166 vs 100. All future warnings will be suppressed (src/thermo.cpp:478)
         0   0             -275.71807      0             -275.71807     -5661.9758    
Loop time of 1.01e-06 on 1 procs for 0 steps with 64 atoms

99.0% CPU use with 1 MPI tasks x 1 OpenMP threads

MPI task timing breakdown:
Section |  min time  |  avg time  |  max time  |%varavg| %total
---------------------------------------------------------------
Pair    | 0          | 0          | 0          |   0.0 |  0.00
Neigh   | 0          | 0          | 0          |   0.0 |  0.00
Comm    | 0          | 0          | 0          |   0.0 |  0.00
Output  | 0          | 0          | 0          |   0.0 |  0.00
Modify  | 0          | 0          | 0          |   0.0 |  0.00
Other   |            | 1.01e-06   |            |       |100.00

Nlocal:             64 ave          64 max          64 min
Histogram: 1 0 0 0 0 0 0 0 0 0
Nghost:            516 ave         516 max         516 min
Histogram: 1 0 0 0 0 0 0 0 0 0
Neighs:              0 ave           0 max           0 min
Histogram: 1 0 0 0 0 0 0 0 0 0
FullNghs:         2178 ave        2178 max        2178 min
Histogram: 1 0 0 0 0 0 0 0 0 0

Total # of neighbors = 2178
Ave neighs/atom = 34.03125
Neighbor list builds = 0
Dangerous builds = 0
next i
jump SELF loop_struct
clear
  using 1 OpenMP thread(s) per MPI task
log energies.log append
units metal
boundary p p p
atom_style atomic
read_data Si222_${i}.in
read_data Si222_167.in
Reading data file ...
  orthogonal box = (0 0 0) to (10.887404 10.887404 10.887404)
  1 by 1 by 1 MPI processor grid
  reading atoms ...
  64 atoms
  reading velocities ...
  64 velocities
  read_data CPU = 0.001 seconds
mass 1 28.085
pair_style sw
pair_coeff * * Si.sw Si
Reading sw potential file Si.sw with DATE: 2007-06-11
run 0
Neighbor list info ...
  update: every = 1 steps, delay = 0 steps, check = yes
  max neighbors/atom: 2000, page size: 100000
  master list distance cutoff = 5.77118
  ghost atom cutoff = 5.77118
  binsize = 2.88559, bins = 4 4 4
  1 neighbor lists, perpetual/occasional/extra = 1 0 0
  (1) pair sw, perpetual
      attributes: full, newton on
      pair build: full/bin/atomonly
      stencil: full/bin/3d
      bin: standard
Per MPI rank memory allocation (min/avg/max) = 3.063 | 3.063 | 3.063 Mbytes
   Step          Temp          E_pair         E_mol          TotEng         Press     
WARNING: Too many warnings: 167 vs 100. All future warnings will be suppressed (src/thermo.cpp:478)
         0   0             -275.72306      0             -275.72306     -5757.2705    
Loop time of 1.02e-06 on 1 procs for 0 steps with 64 atoms

98.0% CPU use with 1 MPI tasks x 1 OpenMP threads

MPI task timing breakdown:
Section |  min time  |  avg time  |  max time  |%varavg| %total
---------------------------------------------------------------
Pair    | 0          | 0          | 0          |   0.0 |  0.00
Neigh   | 0          | 0          | 0          |   0.0 |  0.00
Comm    | 0          | 0          | 0          |   0.0 |  0.00
Output  | 0          | 0          | 0          |   0.0 |  0.00
Modify  | 0          | 0          | 0          |   0.0 |  0.00
Other   |            | 1.02e-06   |            |       |100.00

Nlocal:             64 ave          64 max          64 min
Histogram: 1 0 0 0 0 0 0 0 0 0
Nghost:            496 ave         496 max         496 min
Histogram: 1 0 0 0 0 0 0 0 0 0
Neighs:              0 ave           0 max           0 min
Histogram: 1 0 0 0 0 0 0 0 0 0
FullNghs:         2178 ave        2178 max        2178 min
Histogram: 1 0 0 0 0 0 0 0 0 0

Total # of neighbors = 2178
Ave neighs/atom = 34.03125
Neighbor list builds = 0
Dangerous builds = 0
next i
jump SELF loop_struct
clear
  using 1 OpenMP thread(s) per MPI task
log energies.log append
units metal
boundary p p p
atom_style atomic
read_data Si222_${i}.in
read_data Si222_168.in
Reading data file ...
  orthogonal box = (0 0 0) to (10.887404 10.887404 10.887404)
  1 by 1 by 1 MPI processor grid
  reading atoms ...
  64 atoms
  reading velocities ...
  64 velocities
  read_data CPU = 0.001 seconds
mass 1 28.085
pair_style sw
pair_coeff * * Si.sw Si
Reading sw potential file Si.sw with DATE: 2007-06-11
run 0
Neighbor list info ...
  update: every = 1 steps, delay = 0 steps, check = yes
  max neighbors/atom: 2000, page size: 100000
  master list distance cutoff = 5.77118
  ghost atom cutoff = 5.77118
  binsize = 2.88559, bins = 4 4 4
  1 neighbor lists, perpetual/occasional/extra = 1 0 0
  (1) pair sw, perpetual
      attributes: full, newton on
      pair build: full/bin/atomonly
      stencil: full/bin/3d
      bin: standard
Per MPI rank memory allocation (min/avg/max) = 3.063 | 3.063 | 3.063 Mbytes
   Step          Temp          E_pair         E_mol          TotEng         Press     
WARNING: Too many warnings: 168 vs 100. All future warnings will be suppressed (src/thermo.cpp:478)
         0   0             -275.16584      0             -275.16584     -6163.9809    
Loop time of 1.02e-06 on 1 procs for 0 steps with 64 atoms

0.0% CPU use with 1 MPI tasks x 1 OpenMP threads

MPI task timing breakdown:
Section |  min time  |  avg time  |  max time  |%varavg| %total
---------------------------------------------------------------
Pair    | 0          | 0          | 0          |   0.0 |  0.00
Neigh   | 0          | 0          | 0          |   0.0 |  0.00
Comm    | 0          | 0          | 0          |   0.0 |  0.00
Output  | 0          | 0          | 0          |   0.0 |  0.00
Modify  | 0          | 0          | 0          |   0.0 |  0.00
Other   |            | 1.02e-06   |            |       |100.00

Nlocal:             64 ave          64 max          64 min
Histogram: 1 0 0 0 0 0 0 0 0 0
Nghost:            480 ave         480 max         480 min
Histogram: 1 0 0 0 0 0 0 0 0 0
Neighs:              0 ave           0 max           0 min
Histogram: 1 0 0 0 0 0 0 0 0 0
FullNghs:         2196 ave        2196 max        2196 min
Histogram: 1 0 0 0 0 0 0 0 0 0

Total # of neighbors = 2196
Ave neighs/atom = 34.3125
Neighbor list builds = 0
Dangerous builds = 0
next i
jump SELF loop_struct
clear
  using 1 OpenMP thread(s) per MPI task
log energies.log append
units metal
boundary p p p
atom_style atomic
read_data Si222_${i}.in
read_data Si222_169.in
Reading data file ...
  orthogonal box = (0 0 0) to (10.887404 10.887404 10.887404)
  1 by 1 by 1 MPI processor grid
  reading atoms ...
  64 atoms
  reading velocities ...
  64 velocities
  read_data CPU = 0.001 seconds
mass 1 28.085
pair_style sw
pair_coeff * * Si.sw Si
Reading sw potential file Si.sw with DATE: 2007-06-11
run 0
Neighbor list info ...
  update: every = 1 steps, delay = 0 steps, check = yes
  max neighbors/atom: 2000, page size: 100000
  master list distance cutoff = 5.77118
  ghost atom cutoff = 5.77118
  binsize = 2.88559, bins = 4 4 4
  1 neighbor lists, perpetual/occasional/extra = 1 0 0
  (1) pair sw, perpetual
      attributes: full, newton on
      pair build: full/bin/atomonly
      stencil: full/bin/3d
      bin: standard
Per MPI rank memory allocation (min/avg/max) = 3.072 | 3.072 | 3.072 Mbytes
   Step          Temp          E_pair         E_mol          TotEng         Press     
WARNING: Too many warnings: 169 vs 100. All future warnings will be suppressed (src/thermo.cpp:478)
         0   0             -275.6815       0             -275.6815      -5891.6744    
Loop time of 1.22e-06 on 1 procs for 0 steps with 64 atoms

82.0% CPU use with 1 MPI tasks x 1 OpenMP threads

MPI task timing breakdown:
Section |  min time  |  avg time  |  max time  |%varavg| %total
---------------------------------------------------------------
Pair    | 0          | 0          | 0          |   0.0 |  0.00
Neigh   | 0          | 0          | 0          |   0.0 |  0.00
Comm    | 0          | 0          | 0          |   0.0 |  0.00
Output  | 0          | 0          | 0          |   0.0 |  0.00
Modify  | 0          | 0          | 0          |   0.0 |  0.00
Other   |            | 1.22e-06   |            |       |100.00

Nlocal:             64 ave          64 max          64 min
Histogram: 1 0 0 0 0 0 0 0 0 0
Nghost:            536 ave         536 max         536 min
Histogram: 1 0 0 0 0 0 0 0 0 0
Neighs:              0 ave           0 max           0 min
Histogram: 1 0 0 0 0 0 0 0 0 0
FullNghs:         2180 ave        2180 max        2180 min
Histogram: 1 0 0 0 0 0 0 0 0 0

Total # of neighbors = 2180
Ave neighs/atom = 34.0625
Neighbor list builds = 0
Dangerous builds = 0
next i
jump SELF loop_struct
clear
  using 1 OpenMP thread(s) per MPI task
log energies.log append
units metal
boundary p p p
atom_style atomic
read_data Si222_${i}.in
read_data Si222_170.in
Reading data file ...
  orthogonal box = (0 0 0) to (10.887404 10.887404 10.887404)
  1 by 1 by 1 MPI processor grid
  reading atoms ...
  64 atoms
  reading velocities ...
  64 velocities
  read_data CPU = 0.001 seconds
mass 1 28.085
pair_style sw
pair_coeff * * Si.sw Si
Reading sw potential file Si.sw with DATE: 2007-06-11
run 0
Neighbor list info ...
  update: every = 1 steps, delay = 0 steps, check = yes
  max neighbors/atom: 2000, page size: 100000
  master list distance cutoff = 5.77118
  ghost atom cutoff = 5.77118
  binsize = 2.88559, bins = 4 4 4
  1 neighbor lists, perpetual/occasional/extra = 1 0 0
  (1) pair sw, perpetual
      attributes: full, newton on
      pair build: full/bin/atomonly
      stencil: full/bin/3d
      bin: standard
Per MPI rank memory allocation (min/avg/max) = 3.063 | 3.063 | 3.063 Mbytes
   Step          Temp          E_pair         E_mol          TotEng         Press     
WARNING: Too many warnings: 170 vs 100. All future warnings will be suppressed (src/thermo.cpp:478)
         0   0             -275.62636      0             -275.62636     -6108.0544    
Loop time of 1.05e-06 on 1 procs for 0 steps with 64 atoms

95.2% CPU use with 1 MPI tasks x 1 OpenMP threads

MPI task timing breakdown:
Section |  min time  |  avg time  |  max time  |%varavg| %total
---------------------------------------------------------------
Pair    | 0          | 0          | 0          |   0.0 |  0.00
Neigh   | 0          | 0          | 0          |   0.0 |  0.00
Comm    | 0          | 0          | 0          |   0.0 |  0.00
Output  | 0          | 0          | 0          |   0.0 |  0.00
Modify  | 0          | 0          | 0          |   0.0 |  0.00
Other   |            | 1.05e-06   |            |       |100.00

Nlocal:             64 ave          64 max          64 min
Histogram: 1 0 0 0 0 0 0 0 0 0
Nghost:            480 ave         480 max         480 min
Histogram: 1 0 0 0 0 0 0 0 0 0
Neighs:              0 ave           0 max           0 min
Histogram: 1 0 0 0 0 0 0 0 0 0
FullNghs:         2178 ave        2178 max        2178 min
Histogram: 1 0 0 0 0 0 0 0 0 0

Total # of neighbors = 2178
Ave neighs/atom = 34.03125
Neighbor list builds = 0
Dangerous builds = 0
next i
jump SELF loop_struct
clear
  using 1 OpenMP thread(s) per MPI task
log energies.log append
units metal
boundary p p p
atom_style atomic
read_data Si222_${i}.in
read_data Si222_171.in
Reading data file ...
  orthogonal box = (0 0 0) to (10.887404 10.887404 10.887404)
  1 by 1 by 1 MPI processor grid
  reading atoms ...
  64 atoms
  reading velocities ...
  64 velocities
  read_data CPU = 0.001 seconds
mass 1 28.085
pair_style sw
pair_coeff * * Si.sw Si
Reading sw potential file Si.sw with DATE: 2007-06-11
run 0
Neighbor list info ...
  update: every = 1 steps, delay = 0 steps, check = yes
  max neighbors/atom: 2000, page size: 100000
  master list distance cutoff = 5.77118
  ghost atom cutoff = 5.77118
  binsize = 2.88559, bins = 4 4 4
  1 neighbor lists, perpetual/occasional/extra = 1 0 0
  (1) pair sw, perpetual
      attributes: full, newton on
      pair build: full/bin/atomonly
      stencil: full/bin/3d
      bin: standard
Per MPI rank memory allocation (min/avg/max) = 3.072 | 3.072 | 3.072 Mbytes
   Step          Temp          E_pair         E_mol          TotEng         Press     
WARNING: Too many warnings: 171 vs 100. All future warnings will be suppressed (src/thermo.cpp:478)
         0   0             -275.74162      0             -275.74162     -5976.8593    
Loop time of 1.03e-06 on 1 procs for 0 steps with 64 atoms

97.1% CPU use with 1 MPI tasks x 1 OpenMP threads

MPI task timing breakdown:
Section |  min time  |  avg time  |  max time  |%varavg| %total
---------------------------------------------------------------
Pair    | 0          | 0          | 0          |   0.0 |  0.00
Neigh   | 0          | 0          | 0          |   0.0 |  0.00
Comm    | 0          | 0          | 0          |   0.0 |  0.00
Output  | 0          | 0          | 0          |   0.0 |  0.00
Modify  | 0          | 0          | 0          |   0.0 |  0.00
Other   |            | 1.03e-06   |            |       |100.00

Nlocal:             64 ave          64 max          64 min
Histogram: 1 0 0 0 0 0 0 0 0 0
Nghost:            520 ave         520 max         520 min
Histogram: 1 0 0 0 0 0 0 0 0 0
Neighs:              0 ave           0 max           0 min
Histogram: 1 0 0 0 0 0 0 0 0 0
FullNghs:         2180 ave        2180 max        2180 min
Histogram: 1 0 0 0 0 0 0 0 0 0

Total # of neighbors = 2180
Ave neighs/atom = 34.0625
Neighbor list builds = 0
Dangerous builds = 0
next i
jump SELF loop_struct
clear
  using 1 OpenMP thread(s) per MPI task
log energies.log append
units metal
boundary p p p
atom_style atomic
read_data Si222_${i}.in
read_data Si222_172.in
Reading data file ...
  orthogonal box = (0 0 0) to (10.887404 10.887404 10.887404)
  1 by 1 by 1 MPI processor grid
  reading atoms ...
  64 atoms
  reading velocities ...
  64 velocities
  read_data CPU = 0.001 seconds
mass 1 28.085
pair_style sw
pair_coeff * * Si.sw Si
Reading sw potential file Si.sw with DATE: 2007-06-11
run 0
Neighbor list info ...
  update: every = 1 steps, delay = 0 steps, check = yes
  max neighbors/atom: 2000, page size: 100000
  master list distance cutoff = 5.77118
  ghost atom cutoff = 5.77118
  binsize = 2.88559, bins = 4 4 4
  1 neighbor lists, perpetual/occasional/extra = 1 0 0
  (1) pair sw, perpetual
      attributes: full, newton on
      pair build: full/bin/atomonly
      stencil: full/bin/3d
      bin: standard
Per MPI rank memory allocation (min/avg/max) = 3.063 | 3.063 | 3.063 Mbytes
   Step          Temp          E_pair         E_mol          TotEng         Press     
WARNING: Too many warnings: 172 vs 100. All future warnings will be suppressed (src/thermo.cpp:478)
         0   0             -275.55532      0             -275.55532     -6114.1945    
Loop time of 1.1e-06 on 1 procs for 0 steps with 64 atoms

90.9% CPU use with 1 MPI tasks x 1 OpenMP threads

MPI task timing breakdown:
Section |  min time  |  avg time  |  max time  |%varavg| %total
---------------------------------------------------------------
Pair    | 0          | 0          | 0          |   0.0 |  0.00
Neigh   | 0          | 0          | 0          |   0.0 |  0.00
Comm    | 0          | 0          | 0          |   0.0 |  0.00
Output  | 0          | 0          | 0          |   0.0 |  0.00
Modify  | 0          | 0          | 0          |   0.0 |  0.00
Other   |            | 1.1e-06    |            |       |100.00

Nlocal:             64 ave          64 max          64 min
Histogram: 1 0 0 0 0 0 0 0 0 0
Nghost:            504 ave         504 max         504 min
Histogram: 1 0 0 0 0 0 0 0 0 0
Neighs:              0 ave           0 max           0 min
Histogram: 1 0 0 0 0 0 0 0 0 0
FullNghs:         2188 ave        2188 max        2188 min
Histogram: 1 0 0 0 0 0 0 0 0 0

Total # of neighbors = 2188
Ave neighs/atom = 34.1875
Neighbor list builds = 0
Dangerous builds = 0
next i
jump SELF loop_struct
clear
  using 1 OpenMP thread(s) per MPI task
log energies.log append
units metal
boundary p p p
atom_style atomic
read_data Si222_${i}.in
read_data Si222_173.in
Reading data file ...
  orthogonal box = (0 0 0) to (10.887404 10.887404 10.887404)
  1 by 1 by 1 MPI processor grid
  reading atoms ...
  64 atoms
  reading velocities ...
  64 velocities
  read_data CPU = 0.001 seconds
mass 1 28.085
pair_style sw
pair_coeff * * Si.sw Si
Reading sw potential file Si.sw with DATE: 2007-06-11
run 0
Neighbor list info ...
  update: every = 1 steps, delay = 0 steps, check = yes
  max neighbors/atom: 2000, page size: 100000
  master list distance cutoff = 5.77118
  ghost atom cutoff = 5.77118
  binsize = 2.88559, bins = 4 4 4
  1 neighbor lists, perpetual/occasional/extra = 1 0 0
  (1) pair sw, perpetual
      attributes: full, newton on
      pair build: full/bin/atomonly
      stencil: full/bin/3d
      bin: standard
Per MPI rank memory allocation (min/avg/max) = 3.063 | 3.063 | 3.063 Mbytes
   Step          Temp          E_pair         E_mol          TotEng         Press     
WARNING: Too many warnings: 173 vs 100. All future warnings will be suppressed (src/thermo.cpp:478)
         0   0             -275.81214      0             -275.81214     -5875.8448    
Loop time of 1.04e-06 on 1 procs for 0 steps with 64 atoms

0.0% CPU use with 1 MPI tasks x 1 OpenMP threads

MPI task timing breakdown:
Section |  min time  |  avg time  |  max time  |%varavg| %total
---------------------------------------------------------------
Pair    | 0          | 0          | 0          |   0.0 |  0.00
Neigh   | 0          | 0          | 0          |   0.0 |  0.00
Comm    | 0          | 0          | 0          |   0.0 |  0.00
Output  | 0          | 0          | 0          |   0.0 |  0.00
Modify  | 0          | 0          | 0          |   0.0 |  0.00
Other   |            | 1.04e-06   |            |       |100.00

Nlocal:             64 ave          64 max          64 min
Histogram: 1 0 0 0 0 0 0 0 0 0
Nghost:            480 ave         480 max         480 min
Histogram: 1 0 0 0 0 0 0 0 0 0
Neighs:              0 ave           0 max           0 min
Histogram: 1 0 0 0 0 0 0 0 0 0
FullNghs:         2180 ave        2180 max        2180 min
Histogram: 1 0 0 0 0 0 0 0 0 0

Total # of neighbors = 2180
Ave neighs/atom = 34.0625
Neighbor list builds = 0
Dangerous builds = 0
next i
jump SELF loop_struct
clear
  using 1 OpenMP thread(s) per MPI task
log energies.log append
units metal
boundary p p p
atom_style atomic
read_data Si222_${i}.in
read_data Si222_174.in
Reading data file ...
  orthogonal box = (0 0 0) to (10.887404 10.887404 10.887404)
  1 by 1 by 1 MPI processor grid
  reading atoms ...
  64 atoms
  reading velocities ...
  64 velocities
  read_data CPU = 0.001 seconds
mass 1 28.085
pair_style sw
pair_coeff * * Si.sw Si
Reading sw potential file Si.sw with DATE: 2007-06-11
run 0
Neighbor list info ...
  update: every = 1 steps, delay = 0 steps, check = yes
  max neighbors/atom: 2000, page size: 100000
  master list distance cutoff = 5.77118
  ghost atom cutoff = 5.77118
  binsize = 2.88559, bins = 4 4 4
  1 neighbor lists, perpetual/occasional/extra = 1 0 0
  (1) pair sw, perpetual
      attributes: full, newton on
      pair build: full/bin/atomonly
      stencil: full/bin/3d
      bin: standard
Per MPI rank memory allocation (min/avg/max) = 3.063 | 3.063 | 3.063 Mbytes
   Step          Temp          E_pair         E_mol          TotEng         Press     
WARNING: Too many warnings: 174 vs 100. All future warnings will be suppressed (src/thermo.cpp:478)
         0   0             -275.78132      0             -275.78132     -5843.8761    
Loop time of 1.09e-06 on 1 procs for 0 steps with 64 atoms

91.7% CPU use with 1 MPI tasks x 1 OpenMP threads

MPI task timing breakdown:
Section |  min time  |  avg time  |  max time  |%varavg| %total
---------------------------------------------------------------
Pair    | 0          | 0          | 0          |   0.0 |  0.00
Neigh   | 0          | 0          | 0          |   0.0 |  0.00
Comm    | 0          | 0          | 0          |   0.0 |  0.00
Output  | 0          | 0          | 0          |   0.0 |  0.00
Modify  | 0          | 0          | 0          |   0.0 |  0.00
Other   |            | 1.09e-06   |            |       |100.00

Nlocal:             64 ave          64 max          64 min
Histogram: 1 0 0 0 0 0 0 0 0 0
Nghost:            486 ave         486 max         486 min
Histogram: 1 0 0 0 0 0 0 0 0 0
Neighs:              0 ave           0 max           0 min
Histogram: 1 0 0 0 0 0 0 0 0 0
FullNghs:         2180 ave        2180 max        2180 min
Histogram: 1 0 0 0 0 0 0 0 0 0

Total # of neighbors = 2180
Ave neighs/atom = 34.0625
Neighbor list builds = 0
Dangerous builds = 0
next i
jump SELF loop_struct
clear
  using 1 OpenMP thread(s) per MPI task
log energies.log append
units metal
boundary p p p
atom_style atomic
read_data Si222_${i}.in
read_data Si222_175.in
Reading data file ...
  orthogonal box = (0 0 0) to (10.887404 10.887404 10.887404)
  1 by 1 by 1 MPI processor grid
  reading atoms ...
  64 atoms
  reading velocities ...
  64 velocities
  read_data CPU = 0.001 seconds
mass 1 28.085
pair_style sw
pair_coeff * * Si.sw Si
Reading sw potential file Si.sw with DATE: 2007-06-11
run 0
Neighbor list info ...
  update: every = 1 steps, delay = 0 steps, check = yes
  max neighbors/atom: 2000, page size: 100000
  master list distance cutoff = 5.77118
  ghost atom cutoff = 5.77118
  binsize = 2.88559, bins = 4 4 4
  1 neighbor lists, perpetual/occasional/extra = 1 0 0
  (1) pair sw, perpetual
      attributes: full, newton on
      pair build: full/bin/atomonly
      stencil: full/bin/3d
      bin: standard
Per MPI rank memory allocation (min/avg/max) = 3.063 | 3.063 | 3.063 Mbytes
   Step          Temp          E_pair         E_mol          TotEng         Press     
WARNING: Too many warnings: 175 vs 100. All future warnings will be suppressed (src/thermo.cpp:478)
         0   0             -275.73719      0             -275.73719     -5995.5001    
Loop time of 1.04e-06 on 1 procs for 0 steps with 64 atoms

96.2% CPU use with 1 MPI tasks x 1 OpenMP threads

MPI task timing breakdown:
Section |  min time  |  avg time  |  max time  |%varavg| %total
---------------------------------------------------------------
Pair    | 0          | 0          | 0          |   0.0 |  0.00
Neigh   | 0          | 0          | 0          |   0.0 |  0.00
Comm    | 0          | 0          | 0          |   0.0 |  0.00
Output  | 0          | 0          | 0          |   0.0 |  0.00
Modify  | 0          | 0          | 0          |   0.0 |  0.00
Other   |            | 1.04e-06   |            |       |100.00

Nlocal:             64 ave          64 max          64 min
Histogram: 1 0 0 0 0 0 0 0 0 0
Nghost:            468 ave         468 max         468 min
Histogram: 1 0 0 0 0 0 0 0 0 0
Neighs:              0 ave           0 max           0 min
Histogram: 1 0 0 0 0 0 0 0 0 0
FullNghs:         2176 ave        2176 max        2176 min
Histogram: 1 0 0 0 0 0 0 0 0 0

Total # of neighbors = 2176
Ave neighs/atom = 34
Neighbor list builds = 0
Dangerous builds = 0
next i
jump SELF loop_struct
clear
  using 1 OpenMP thread(s) per MPI task
log energies.log append
units metal
boundary p p p
atom_style atomic
read_data Si222_${i}.in
read_data Si222_176.in
Reading data file ...
  orthogonal box = (0 0 0) to (10.887404 10.887404 10.887404)
  1 by 1 by 1 MPI processor grid
  reading atoms ...
  64 atoms
  reading velocities ...
  64 velocities
  read_data CPU = 0.001 seconds
mass 1 28.085
pair_style sw
pair_coeff * * Si.sw Si
Reading sw potential file Si.sw with DATE: 2007-06-11
run 0
Neighbor list info ...
  update: every = 1 steps, delay = 0 steps, check = yes
  max neighbors/atom: 2000, page size: 100000
  master list distance cutoff = 5.77118
  ghost atom cutoff = 5.77118
  binsize = 2.88559, bins = 4 4 4
  1 neighbor lists, perpetual/occasional/extra = 1 0 0
  (1) pair sw, perpetual
      attributes: full, newton on
      pair build: full/bin/atomonly
      stencil: full/bin/3d
      bin: standard
Per MPI rank memory allocation (min/avg/max) = 3.063 | 3.063 | 3.063 Mbytes
   Step          Temp          E_pair         E_mol          TotEng         Press     
WARNING: Too many warnings: 176 vs 100. All future warnings will be suppressed (src/thermo.cpp:478)
         0   0             -275.53754      0             -275.53754     -6058.8803    
Loop time of 1.03e-06 on 1 procs for 0 steps with 64 atoms

97.1% CPU use with 1 MPI tasks x 1 OpenMP threads

MPI task timing breakdown:
Section |  min time  |  avg time  |  max time  |%varavg| %total
---------------------------------------------------------------
Pair    | 0          | 0          | 0          |   0.0 |  0.00
Neigh   | 0          | 0          | 0          |   0.0 |  0.00
Comm    | 0          | 0          | 0          |   0.0 |  0.00
Output  | 0          | 0          | 0          |   0.0 |  0.00
Modify  | 0          | 0          | 0          |   0.0 |  0.00
Other   |            | 1.03e-06   |            |       |100.00

Nlocal:             64 ave          64 max          64 min
Histogram: 1 0 0 0 0 0 0 0 0 0
Nghost:            504 ave         504 max         504 min
Histogram: 1 0 0 0 0 0 0 0 0 0
Neighs:              0 ave           0 max           0 min
Histogram: 1 0 0 0 0 0 0 0 0 0
FullNghs:         2190 ave        2190 max        2190 min
Histogram: 1 0 0 0 0 0 0 0 0 0

Total # of neighbors = 2190
Ave neighs/atom = 34.21875
Neighbor list builds = 0
Dangerous builds = 0
next i
jump SELF loop_struct
clear
  using 1 OpenMP thread(s) per MPI task
log energies.log append
units metal
boundary p p p
atom_style atomic
read_data Si222_${i}.in
read_data Si222_177.in
Reading data file ...
  orthogonal box = (0 0 0) to (10.887404 10.887404 10.887404)
  1 by 1 by 1 MPI processor grid
  reading atoms ...
  64 atoms
  reading velocities ...
  64 velocities
  read_data CPU = 0.001 seconds
mass 1 28.085
pair_style sw
pair_coeff * * Si.sw Si
Reading sw potential file Si.sw with DATE: 2007-06-11
run 0
Neighbor list info ...
  update: every = 1 steps, delay = 0 steps, check = yes
  max neighbors/atom: 2000, page size: 100000
  master list distance cutoff = 5.77118
  ghost atom cutoff = 5.77118
  binsize = 2.88559, bins = 4 4 4
  1 neighbor lists, perpetual/occasional/extra = 1 0 0
  (1) pair sw, perpetual
      attributes: full, newton on
      pair build: full/bin/atomonly
      stencil: full/bin/3d
      bin: standard
Per MPI rank memory allocation (min/avg/max) = 3.063 | 3.063 | 3.063 Mbytes
   Step          Temp          E_pair         E_mol          TotEng         Press     
WARNING: Too many warnings: 177 vs 100. All future warnings will be suppressed (src/thermo.cpp:478)
         0   0             -275.87895      0             -275.87895     -6066.2215    
Loop time of 1.04e-06 on 1 procs for 0 steps with 64 atoms

96.2% CPU use with 1 MPI tasks x 1 OpenMP threads

MPI task timing breakdown:
Section |  min time  |  avg time  |  max time  |%varavg| %total
---------------------------------------------------------------
Pair    | 0          | 0          | 0          |   0.0 |  0.00
Neigh   | 0          | 0          | 0          |   0.0 |  0.00
Comm    | 0          | 0          | 0          |   0.0 |  0.00
Output  | 0          | 0          | 0          |   0.0 |  0.00
Modify  | 0          | 0          | 0          |   0.0 |  0.00
Other   |            | 1.04e-06   |            |       |100.00

Nlocal:             64 ave          64 max          64 min
Histogram: 1 0 0 0 0 0 0 0 0 0
Nghost:            488 ave         488 max         488 min
Histogram: 1 0 0 0 0 0 0 0 0 0
Neighs:              0 ave           0 max           0 min
Histogram: 1 0 0 0 0 0 0 0 0 0
FullNghs:         2176 ave        2176 max        2176 min
Histogram: 1 0 0 0 0 0 0 0 0 0

Total # of neighbors = 2176
Ave neighs/atom = 34
Neighbor list builds = 0
Dangerous builds = 0
next i
jump SELF loop_struct
clear
  using 1 OpenMP thread(s) per MPI task
log energies.log append
units metal
boundary p p p
atom_style atomic
read_data Si222_${i}.in
read_data Si222_178.in
Reading data file ...
  orthogonal box = (0 0 0) to (10.887404 10.887404 10.887404)
  1 by 1 by 1 MPI processor grid
  reading atoms ...
  64 atoms
  reading velocities ...
  64 velocities
  read_data CPU = 0.001 seconds
mass 1 28.085
pair_style sw
pair_coeff * * Si.sw Si
Reading sw potential file Si.sw with DATE: 2007-06-11
run 0
Neighbor list info ...
  update: every = 1 steps, delay = 0 steps, check = yes
  max neighbors/atom: 2000, page size: 100000
  master list distance cutoff = 5.77118
  ghost atom cutoff = 5.77118
  binsize = 2.88559, bins = 4 4 4
  1 neighbor lists, perpetual/occasional/extra = 1 0 0
  (1) pair sw, perpetual
      attributes: full, newton on
      pair build: full/bin/atomonly
      stencil: full/bin/3d
      bin: standard
Per MPI rank memory allocation (min/avg/max) = 3.063 | 3.063 | 3.063 Mbytes
   Step          Temp          E_pair         E_mol          TotEng         Press     
WARNING: Too many warnings: 178 vs 100. All future warnings will be suppressed (src/thermo.cpp:478)
         0   0             -275.54766      0             -275.54766     -6146.039     
Loop time of 1.2e-06 on 1 procs for 0 steps with 64 atoms

83.3% CPU use with 1 MPI tasks x 1 OpenMP threads

MPI task timing breakdown:
Section |  min time  |  avg time  |  max time  |%varavg| %total
---------------------------------------------------------------
Pair    | 0          | 0          | 0          |   0.0 |  0.00
Neigh   | 0          | 0          | 0          |   0.0 |  0.00
Comm    | 0          | 0          | 0          |   0.0 |  0.00
Output  | 0          | 0          | 0          |   0.0 |  0.00
Modify  | 0          | 0          | 0          |   0.0 |  0.00
Other   |            | 1.2e-06    |            |       |100.00

Nlocal:             64 ave          64 max          64 min
Histogram: 1 0 0 0 0 0 0 0 0 0
Nghost:            512 ave         512 max         512 min
Histogram: 1 0 0 0 0 0 0 0 0 0
Neighs:              0 ave           0 max           0 min
Histogram: 1 0 0 0 0 0 0 0 0 0
FullNghs:         2180 ave        2180 max        2180 min
Histogram: 1 0 0 0 0 0 0 0 0 0

Total # of neighbors = 2180
Ave neighs/atom = 34.0625
Neighbor list builds = 0
Dangerous builds = 0
next i
jump SELF loop_struct
clear
  using 1 OpenMP thread(s) per MPI task
log energies.log append
units metal
boundary p p p
atom_style atomic
read_data Si222_${i}.in
read_data Si222_179.in
Reading data file ...
  orthogonal box = (0 0 0) to (10.887404 10.887404 10.887404)
  1 by 1 by 1 MPI processor grid
  reading atoms ...
  64 atoms
  reading velocities ...
  64 velocities
  read_data CPU = 0.001 seconds
mass 1 28.085
pair_style sw
pair_coeff * * Si.sw Si
Reading sw potential file Si.sw with DATE: 2007-06-11
run 0
Neighbor list info ...
  update: every = 1 steps, delay = 0 steps, check = yes
  max neighbors/atom: 2000, page size: 100000
  master list distance cutoff = 5.77118
  ghost atom cutoff = 5.77118
  binsize = 2.88559, bins = 4 4 4
  1 neighbor lists, perpetual/occasional/extra = 1 0 0
  (1) pair sw, perpetual
      attributes: full, newton on
      pair build: full/bin/atomonly
      stencil: full/bin/3d
      bin: standard
Per MPI rank memory allocation (min/avg/max) = 3.063 | 3.063 | 3.063 Mbytes
   Step          Temp          E_pair         E_mol          TotEng         Press     
WARNING: Too many warnings: 179 vs 100. All future warnings will be suppressed (src/thermo.cpp:478)
         0   0             -276.0769       0             -276.0769      -6231.9653    
Loop time of 1.02e-06 on 1 procs for 0 steps with 64 atoms

0.0% CPU use with 1 MPI tasks x 1 OpenMP threads

MPI task timing breakdown:
Section |  min time  |  avg time  |  max time  |%varavg| %total
---------------------------------------------------------------
Pair    | 0          | 0          | 0          |   0.0 |  0.00
Neigh   | 0          | 0          | 0          |   0.0 |  0.00
Comm    | 0          | 0          | 0          |   0.0 |  0.00
Output  | 0          | 0          | 0          |   0.0 |  0.00
Modify  | 0          | 0          | 0          |   0.0 |  0.00
Other   |            | 1.02e-06   |            |       |100.00

Nlocal:             64 ave          64 max          64 min
Histogram: 1 0 0 0 0 0 0 0 0 0
Nghost:            480 ave         480 max         480 min
Histogram: 1 0 0 0 0 0 0 0 0 0
Neighs:              0 ave           0 max           0 min
Histogram: 1 0 0 0 0 0 0 0 0 0
FullNghs:         2176 ave        2176 max        2176 min
Histogram: 1 0 0 0 0 0 0 0 0 0

Total # of neighbors = 2176
Ave neighs/atom = 34
Neighbor list builds = 0
Dangerous builds = 0
next i
jump SELF loop_struct
clear
  using 1 OpenMP thread(s) per MPI task
log energies.log append
units metal
boundary p p p
atom_style atomic
read_data Si222_${i}.in
read_data Si222_180.in
Reading data file ...
  orthogonal box = (0 0 0) to (10.887404 10.887404 10.887404)
  1 by 1 by 1 MPI processor grid
  reading atoms ...
  64 atoms
  reading velocities ...
  64 velocities
  read_data CPU = 0.001 seconds
mass 1 28.085
pair_style sw
pair_coeff * * Si.sw Si
Reading sw potential file Si.sw with DATE: 2007-06-11
run 0
Neighbor list info ...
  update: every = 1 steps, delay = 0 steps, check = yes
  max neighbors/atom: 2000, page size: 100000
  master list distance cutoff = 5.77118
  ghost atom cutoff = 5.77118
  binsize = 2.88559, bins = 4 4 4
  1 neighbor lists, perpetual/occasional/extra = 1 0 0
  (1) pair sw, perpetual
      attributes: full, newton on
      pair build: full/bin/atomonly
      stencil: full/bin/3d
      bin: standard
Per MPI rank memory allocation (min/avg/max) = 3.071 | 3.071 | 3.071 Mbytes
   Step          Temp          E_pair         E_mol          TotEng         Press     
WARNING: Too many warnings: 180 vs 100. All future warnings will be suppressed (src/thermo.cpp:478)
         0   0             -275.76259      0             -275.76259     -5806.8217    
Loop time of 1.06e-06 on 1 procs for 0 steps with 64 atoms

0.0% CPU use with 1 MPI tasks x 1 OpenMP threads

MPI task timing breakdown:
Section |  min time  |  avg time  |  max time  |%varavg| %total
---------------------------------------------------------------
Pair    | 0          | 0          | 0          |   0.0 |  0.00
Neigh   | 0          | 0          | 0          |   0.0 |  0.00
Comm    | 0          | 0          | 0          |   0.0 |  0.00
Output  | 0          | 0          | 0          |   0.0 |  0.00
Modify  | 0          | 0          | 0          |   0.0 |  0.00
Other   |            | 1.06e-06   |            |       |100.00

Nlocal:             64 ave          64 max          64 min
Histogram: 1 0 0 0 0 0 0 0 0 0
Nghost:            520 ave         520 max         520 min
Histogram: 1 0 0 0 0 0 0 0 0 0
Neighs:              0 ave           0 max           0 min
Histogram: 1 0 0 0 0 0 0 0 0 0
FullNghs:         2180 ave        2180 max        2180 min
Histogram: 1 0 0 0 0 0 0 0 0 0

Total # of neighbors = 2180
Ave neighs/atom = 34.0625
Neighbor list builds = 0
Dangerous builds = 0
next i
jump SELF loop_struct
clear
  using 1 OpenMP thread(s) per MPI task
log energies.log append
units metal
boundary p p p
atom_style atomic
read_data Si222_${i}.in
read_data Si222_181.in
Reading data file ...
  orthogonal box = (0 0 0) to (10.887404 10.887404 10.887404)
  1 by 1 by 1 MPI processor grid
  reading atoms ...
  64 atoms
  reading velocities ...
  64 velocities
  read_data CPU = 0.001 seconds
mass 1 28.085
pair_style sw
pair_coeff * * Si.sw Si
Reading sw potential file Si.sw with DATE: 2007-06-11
run 0
Neighbor list info ...
  update: every = 1 steps, delay = 0 steps, check = yes
  max neighbors/atom: 2000, page size: 100000
  master list distance cutoff = 5.77118
  ghost atom cutoff = 5.77118
  binsize = 2.88559, bins = 4 4 4
  1 neighbor lists, perpetual/occasional/extra = 1 0 0
  (1) pair sw, perpetual
      attributes: full, newton on
      pair build: full/bin/atomonly
      stencil: full/bin/3d
      bin: standard
Per MPI rank memory allocation (min/avg/max) = 3.063 | 3.063 | 3.063 Mbytes
   Step          Temp          E_pair         E_mol          TotEng         Press     
WARNING: Too many warnings: 181 vs 100. All future warnings will be suppressed (src/thermo.cpp:478)
         0   0             -275.68437      0             -275.68437     -6091.7789    
Loop time of 1.04e-06 on 1 procs for 0 steps with 64 atoms

0.0% CPU use with 1 MPI tasks x 1 OpenMP threads

MPI task timing breakdown:
Section |  min time  |  avg time  |  max time  |%varavg| %total
---------------------------------------------------------------
Pair    | 0          | 0          | 0          |   0.0 |  0.00
Neigh   | 0          | 0          | 0          |   0.0 |  0.00
Comm    | 0          | 0          | 0          |   0.0 |  0.00
Output  | 0          | 0          | 0          |   0.0 |  0.00
Modify  | 0          | 0          | 0          |   0.0 |  0.00
Other   |            | 1.04e-06   |            |       |100.00

Nlocal:             64 ave          64 max          64 min
Histogram: 1 0 0 0 0 0 0 0 0 0
Nghost:            480 ave         480 max         480 min
Histogram: 1 0 0 0 0 0 0 0 0 0
Neighs:              0 ave           0 max           0 min
Histogram: 1 0 0 0 0 0 0 0 0 0
FullNghs:         2180 ave        2180 max        2180 min
Histogram: 1 0 0 0 0 0 0 0 0 0

Total # of neighbors = 2180
Ave neighs/atom = 34.0625
Neighbor list builds = 0
Dangerous builds = 0
next i
jump SELF loop_struct
clear
  using 1 OpenMP thread(s) per MPI task
log energies.log append
units metal
boundary p p p
atom_style atomic
read_data Si222_${i}.in
read_data Si222_182.in
Reading data file ...
  orthogonal box = (0 0 0) to (10.887404 10.887404 10.887404)
  1 by 1 by 1 MPI processor grid
  reading atoms ...
  64 atoms
  reading velocities ...
  64 velocities
  read_data CPU = 0.001 seconds
mass 1 28.085
pair_style sw
pair_coeff * * Si.sw Si
Reading sw potential file Si.sw with DATE: 2007-06-11
run 0
Neighbor list info ...
  update: every = 1 steps, delay = 0 steps, check = yes
  max neighbors/atom: 2000, page size: 100000
  master list distance cutoff = 5.77118
  ghost atom cutoff = 5.77118
  binsize = 2.88559, bins = 4 4 4
  1 neighbor lists, perpetual/occasional/extra = 1 0 0
  (1) pair sw, perpetual
      attributes: full, newton on
      pair build: full/bin/atomonly
      stencil: full/bin/3d
      bin: standard
Per MPI rank memory allocation (min/avg/max) = 3.071 | 3.071 | 3.071 Mbytes
   Step          Temp          E_pair         E_mol          TotEng         Press     
WARNING: Too many warnings: 182 vs 100. All future warnings will be suppressed (src/thermo.cpp:478)
         0   0             -275.42157      0             -275.42157     -5873.4091    
Loop time of 1.02e-06 on 1 procs for 0 steps with 64 atoms

196.1% CPU use with 1 MPI tasks x 1 OpenMP threads

MPI task timing breakdown:
Section |  min time  |  avg time  |  max time  |%varavg| %total
---------------------------------------------------------------
Pair    | 0          | 0          | 0          |   0.0 |  0.00
Neigh   | 0          | 0          | 0          |   0.0 |  0.00
Comm    | 0          | 0          | 0          |   0.0 |  0.00
Output  | 0          | 0          | 0          |   0.0 |  0.00
Modify  | 0          | 0          | 0          |   0.0 |  0.00
Other   |            | 1.02e-06   |            |       |100.00

Nlocal:             64 ave          64 max          64 min
Histogram: 1 0 0 0 0 0 0 0 0 0
Nghost:            516 ave         516 max         516 min
Histogram: 1 0 0 0 0 0 0 0 0 0
Neighs:              0 ave           0 max           0 min
Histogram: 1 0 0 0 0 0 0 0 0 0
FullNghs:         2186 ave        2186 max        2186 min
Histogram: 1 0 0 0 0 0 0 0 0 0

Total # of neighbors = 2186
Ave neighs/atom = 34.15625
Neighbor list builds = 0
Dangerous builds = 0
next i
jump SELF loop_struct
clear
  using 1 OpenMP thread(s) per MPI task
log energies.log append
units metal
boundary p p p
atom_style atomic
read_data Si222_${i}.in
read_data Si222_183.in
Reading data file ...
  orthogonal box = (0 0 0) to (10.887404 10.887404 10.887404)
  1 by 1 by 1 MPI processor grid
  reading atoms ...
  64 atoms
  reading velocities ...
  64 velocities
  read_data CPU = 0.001 seconds
mass 1 28.085
pair_style sw
pair_coeff * * Si.sw Si
Reading sw potential file Si.sw with DATE: 2007-06-11
run 0
Neighbor list info ...
  update: every = 1 steps, delay = 0 steps, check = yes
  max neighbors/atom: 2000, page size: 100000
  master list distance cutoff = 5.77118
  ghost atom cutoff = 5.77118
  binsize = 2.88559, bins = 4 4 4
  1 neighbor lists, perpetual/occasional/extra = 1 0 0
  (1) pair sw, perpetual
      attributes: full, newton on
      pair build: full/bin/atomonly
      stencil: full/bin/3d
      bin: standard
Per MPI rank memory allocation (min/avg/max) = 3.063 | 3.063 | 3.063 Mbytes
   Step          Temp          E_pair         E_mol          TotEng         Press     
WARNING: Too many warnings: 183 vs 100. All future warnings will be suppressed (src/thermo.cpp:478)
         0   0             -275.69656      0             -275.69656     -5822.7397    
Loop time of 1.19e-06 on 1 procs for 0 steps with 64 atoms

84.0% CPU use with 1 MPI tasks x 1 OpenMP threads

MPI task timing breakdown:
Section |  min time  |  avg time  |  max time  |%varavg| %total
---------------------------------------------------------------
Pair    | 0          | 0          | 0          |   0.0 |  0.00
Neigh   | 0          | 0          | 0          |   0.0 |  0.00
Comm    | 0          | 0          | 0          |   0.0 |  0.00
Output  | 0          | 0          | 0          |   0.0 |  0.00
Modify  | 0          | 0          | 0          |   0.0 |  0.00
Other   |            | 1.19e-06   |            |       |100.00

Nlocal:             64 ave          64 max          64 min
Histogram: 1 0 0 0 0 0 0 0 0 0
Nghost:            480 ave         480 max         480 min
Histogram: 1 0 0 0 0 0 0 0 0 0
Neighs:              0 ave           0 max           0 min
Histogram: 1 0 0 0 0 0 0 0 0 0
FullNghs:         2178 ave        2178 max        2178 min
Histogram: 1 0 0 0 0 0 0 0 0 0

Total # of neighbors = 2178
Ave neighs/atom = 34.03125
Neighbor list builds = 0
Dangerous builds = 0
next i
jump SELF loop_struct
clear
  using 1 OpenMP thread(s) per MPI task
log energies.log append
units metal
boundary p p p
atom_style atomic
read_data Si222_${i}.in
read_data Si222_184.in
Reading data file ...
  orthogonal box = (0 0 0) to (10.887404 10.887404 10.887404)
  1 by 1 by 1 MPI processor grid
  reading atoms ...
  64 atoms
  reading velocities ...
  64 velocities
  read_data CPU = 0.001 seconds
mass 1 28.085
pair_style sw
pair_coeff * * Si.sw Si
Reading sw potential file Si.sw with DATE: 2007-06-11
run 0
Neighbor list info ...
  update: every = 1 steps, delay = 0 steps, check = yes
  max neighbors/atom: 2000, page size: 100000
  master list distance cutoff = 5.77118
  ghost atom cutoff = 5.77118
  binsize = 2.88559, bins = 4 4 4
  1 neighbor lists, perpetual/occasional/extra = 1 0 0
  (1) pair sw, perpetual
      attributes: full, newton on
      pair build: full/bin/atomonly
      stencil: full/bin/3d
      bin: standard
Per MPI rank memory allocation (min/avg/max) = 3.071 | 3.071 | 3.071 Mbytes
   Step          Temp          E_pair         E_mol          TotEng         Press     
WARNING: Too many warnings: 184 vs 100. All future warnings will be suppressed (src/thermo.cpp:478)
         0   0             -275.62779      0             -275.62779     -6029.0694    
Loop time of 1.04e-06 on 1 procs for 0 steps with 64 atoms

96.2% CPU use with 1 MPI tasks x 1 OpenMP threads

MPI task timing breakdown:
Section |  min time  |  avg time  |  max time  |%varavg| %total
---------------------------------------------------------------
Pair    | 0          | 0          | 0          |   0.0 |  0.00
Neigh   | 0          | 0          | 0          |   0.0 |  0.00
Comm    | 0          | 0          | 0          |   0.0 |  0.00
Output  | 0          | 0          | 0          |   0.0 |  0.00
Modify  | 0          | 0          | 0          |   0.0 |  0.00
Other   |            | 1.04e-06   |            |       |100.00

Nlocal:             64 ave          64 max          64 min
Histogram: 1 0 0 0 0 0 0 0 0 0
Nghost:            516 ave         516 max         516 min
Histogram: 1 0 0 0 0 0 0 0 0 0
Neighs:              0 ave           0 max           0 min
Histogram: 1 0 0 0 0 0 0 0 0 0
FullNghs:         2180 ave        2180 max        2180 min
Histogram: 1 0 0 0 0 0 0 0 0 0

Total # of neighbors = 2180
Ave neighs/atom = 34.0625
Neighbor list builds = 0
Dangerous builds = 0
next i
jump SELF loop_struct
clear
  using 1 OpenMP thread(s) per MPI task
log energies.log append
units metal
boundary p p p
atom_style atomic
read_data Si222_${i}.in
read_data Si222_185.in
Reading data file ...
  orthogonal box = (0 0 0) to (10.887404 10.887404 10.887404)
  1 by 1 by 1 MPI processor grid
  reading atoms ...
  64 atoms
  reading velocities ...
  64 velocities
  read_data CPU = 0.001 seconds
mass 1 28.085
pair_style sw
pair_coeff * * Si.sw Si
Reading sw potential file Si.sw with DATE: 2007-06-11
run 0
Neighbor list info ...
  update: every = 1 steps, delay = 0 steps, check = yes
  max neighbors/atom: 2000, page size: 100000
  master list distance cutoff = 5.77118
  ghost atom cutoff = 5.77118
  binsize = 2.88559, bins = 4 4 4
  1 neighbor lists, perpetual/occasional/extra = 1 0 0
  (1) pair sw, perpetual
      attributes: full, newton on
      pair build: full/bin/atomonly
      stencil: full/bin/3d
      bin: standard
Per MPI rank memory allocation (min/avg/max) = 3.063 | 3.063 | 3.063 Mbytes
   Step          Temp          E_pair         E_mol          TotEng         Press     
WARNING: Too many warnings: 185 vs 100. All future warnings will be suppressed (src/thermo.cpp:478)
         0   0             -275.78623      0             -275.78623     -5990.7171    
Loop time of 1.06e-06 on 1 procs for 0 steps with 64 atoms

0.0% CPU use with 1 MPI tasks x 1 OpenMP threads

MPI task timing breakdown:
Section |  min time  |  avg time  |  max time  |%varavg| %total
---------------------------------------------------------------
Pair    | 0          | 0          | 0          |   0.0 |  0.00
Neigh   | 0          | 0          | 0          |   0.0 |  0.00
Comm    | 0          | 0          | 0          |   0.0 |  0.00
Output  | 0          | 0          | 0          |   0.0 |  0.00
Modify  | 0          | 0          | 0          |   0.0 |  0.00
Other   |            | 1.06e-06   |            |       |100.00

Nlocal:             64 ave          64 max          64 min
Histogram: 1 0 0 0 0 0 0 0 0 0
Nghost:            456 ave         456 max         456 min
Histogram: 1 0 0 0 0 0 0 0 0 0
Neighs:              0 ave           0 max           0 min
Histogram: 1 0 0 0 0 0 0 0 0 0
FullNghs:         2178 ave        2178 max        2178 min
Histogram: 1 0 0 0 0 0 0 0 0 0

Total # of neighbors = 2178
Ave neighs/atom = 34.03125
Neighbor list builds = 0
Dangerous builds = 0
next i
jump SELF loop_struct
clear
  using 1 OpenMP thread(s) per MPI task
log energies.log append
units metal
boundary p p p
atom_style atomic
read_data Si222_${i}.in
read_data Si222_186.in
Reading data file ...
  orthogonal box = (0 0 0) to (10.887404 10.887404 10.887404)
  1 by 1 by 1 MPI processor grid
  reading atoms ...
  64 atoms
  reading velocities ...
  64 velocities
  read_data CPU = 0.001 seconds
mass 1 28.085
pair_style sw
pair_coeff * * Si.sw Si
Reading sw potential file Si.sw with DATE: 2007-06-11
run 0
Neighbor list info ...
  update: every = 1 steps, delay = 0 steps, check = yes
  max neighbors/atom: 2000, page size: 100000
  master list distance cutoff = 5.77118
  ghost atom cutoff = 5.77118
  binsize = 2.88559, bins = 4 4 4
  1 neighbor lists, perpetual/occasional/extra = 1 0 0
  (1) pair sw, perpetual
      attributes: full, newton on
      pair build: full/bin/atomonly
      stencil: full/bin/3d
      bin: standard
Per MPI rank memory allocation (min/avg/max) = 3.063 | 3.063 | 3.063 Mbytes
   Step          Temp          E_pair         E_mol          TotEng         Press     
WARNING: Too many warnings: 186 vs 100. All future warnings will be suppressed (src/thermo.cpp:478)
         0   0             -275.68335      0             -275.68335     -6180.6427    
Loop time of 1.01e-06 on 1 procs for 0 steps with 64 atoms

0.0% CPU use with 1 MPI tasks x 1 OpenMP threads

MPI task timing breakdown:
Section |  min time  |  avg time  |  max time  |%varavg| %total
---------------------------------------------------------------
Pair    | 0          | 0          | 0          |   0.0 |  0.00
Neigh   | 0          | 0          | 0          |   0.0 |  0.00
Comm    | 0          | 0          | 0          |   0.0 |  0.00
Output  | 0          | 0          | 0          |   0.0 |  0.00
Modify  | 0          | 0          | 0          |   0.0 |  0.00
Other   |            | 1.01e-06   |            |       |100.00

Nlocal:             64 ave          64 max          64 min
Histogram: 1 0 0 0 0 0 0 0 0 0
Nghost:            464 ave         464 max         464 min
Histogram: 1 0 0 0 0 0 0 0 0 0
Neighs:              0 ave           0 max           0 min
Histogram: 1 0 0 0 0 0 0 0 0 0
FullNghs:         2182 ave        2182 max        2182 min
Histogram: 1 0 0 0 0 0 0 0 0 0

Total # of neighbors = 2182
Ave neighs/atom = 34.09375
Neighbor list builds = 0
Dangerous builds = 0
next i
jump SELF loop_struct
clear
  using 1 OpenMP thread(s) per MPI task
log energies.log append
units metal
boundary p p p
atom_style atomic
read_data Si222_${i}.in
read_data Si222_187.in
Reading data file ...
  orthogonal box = (0 0 0) to (10.887404 10.887404 10.887404)
  1 by 1 by 1 MPI processor grid
  reading atoms ...
  64 atoms
  reading velocities ...
  64 velocities
  read_data CPU = 0.001 seconds
mass 1 28.085
pair_style sw
pair_coeff * * Si.sw Si
Reading sw potential file Si.sw with DATE: 2007-06-11
run 0
Neighbor list info ...
  update: every = 1 steps, delay = 0 steps, check = yes
  max neighbors/atom: 2000, page size: 100000
  master list distance cutoff = 5.77118
  ghost atom cutoff = 5.77118
  binsize = 2.88559, bins = 4 4 4
  1 neighbor lists, perpetual/occasional/extra = 1 0 0
  (1) pair sw, perpetual
      attributes: full, newton on
      pair build: full/bin/atomonly
      stencil: full/bin/3d
      bin: standard
Per MPI rank memory allocation (min/avg/max) = 3.063 | 3.063 | 3.063 Mbytes
   Step          Temp          E_pair         E_mol          TotEng         Press     
WARNING: Too many warnings: 187 vs 100. All future warnings will be suppressed (src/thermo.cpp:478)
         0   0             -275.56646      0             -275.56646     -5931.5346    
Loop time of 1.06e-06 on 1 procs for 0 steps with 64 atoms

94.3% CPU use with 1 MPI tasks x 1 OpenMP threads

MPI task timing breakdown:
Section |  min time  |  avg time  |  max time  |%varavg| %total
---------------------------------------------------------------
Pair    | 0          | 0          | 0          |   0.0 |  0.00
Neigh   | 0          | 0          | 0          |   0.0 |  0.00
Comm    | 0          | 0          | 0          |   0.0 |  0.00
Output  | 0          | 0          | 0          |   0.0 |  0.00
Modify  | 0          | 0          | 0          |   0.0 |  0.00
Other   |            | 1.06e-06   |            |       |100.00

Nlocal:             64 ave          64 max          64 min
Histogram: 1 0 0 0 0 0 0 0 0 0
Nghost:            476 ave         476 max         476 min
Histogram: 1 0 0 0 0 0 0 0 0 0
Neighs:              0 ave           0 max           0 min
Histogram: 1 0 0 0 0 0 0 0 0 0
FullNghs:         2186 ave        2186 max        2186 min
Histogram: 1 0 0 0 0 0 0 0 0 0

Total # of neighbors = 2186
Ave neighs/atom = 34.15625
Neighbor list builds = 0
Dangerous builds = 0
next i
jump SELF loop_struct
clear
  using 1 OpenMP thread(s) per MPI task
log energies.log append
units metal
boundary p p p
atom_style atomic
read_data Si222_${i}.in
read_data Si222_188.in
Reading data file ...
  orthogonal box = (0 0 0) to (10.887404 10.887404 10.887404)
  1 by 1 by 1 MPI processor grid
  reading atoms ...
  64 atoms
  reading velocities ...
  64 velocities
  read_data CPU = 0.001 seconds
mass 1 28.085
pair_style sw
pair_coeff * * Si.sw Si
Reading sw potential file Si.sw with DATE: 2007-06-11
run 0
Neighbor list info ...
  update: every = 1 steps, delay = 0 steps, check = yes
  max neighbors/atom: 2000, page size: 100000
  master list distance cutoff = 5.77118
  ghost atom cutoff = 5.77118
  binsize = 2.88559, bins = 4 4 4
  1 neighbor lists, perpetual/occasional/extra = 1 0 0
  (1) pair sw, perpetual
      attributes: full, newton on
      pair build: full/bin/atomonly
      stencil: full/bin/3d
      bin: standard
Per MPI rank memory allocation (min/avg/max) = 3.063 | 3.063 | 3.063 Mbytes
   Step          Temp          E_pair         E_mol          TotEng         Press     
WARNING: Too many warnings: 188 vs 100. All future warnings will be suppressed (src/thermo.cpp:478)
         0   0             -275.56247      0             -275.56247     -5750.6287    
Loop time of 1.07e-06 on 1 procs for 0 steps with 64 atoms

93.5% CPU use with 1 MPI tasks x 1 OpenMP threads

MPI task timing breakdown:
Section |  min time  |  avg time  |  max time  |%varavg| %total
---------------------------------------------------------------
Pair    | 0          | 0          | 0          |   0.0 |  0.00
Neigh   | 0          | 0          | 0          |   0.0 |  0.00
Comm    | 0          | 0          | 0          |   0.0 |  0.00
Output  | 0          | 0          | 0          |   0.0 |  0.00
Modify  | 0          | 0          | 0          |   0.0 |  0.00
Other   |            | 1.07e-06   |            |       |100.00

Nlocal:             64 ave          64 max          64 min
Histogram: 1 0 0 0 0 0 0 0 0 0
Nghost:            504 ave         504 max         504 min
Histogram: 1 0 0 0 0 0 0 0 0 0
Neighs:              0 ave           0 max           0 min
Histogram: 1 0 0 0 0 0 0 0 0 0
FullNghs:         2184 ave        2184 max        2184 min
Histogram: 1 0 0 0 0 0 0 0 0 0

Total # of neighbors = 2184
Ave neighs/atom = 34.125
Neighbor list builds = 0
Dangerous builds = 0
next i
jump SELF loop_struct
clear
  using 1 OpenMP thread(s) per MPI task
log energies.log append
units metal
boundary p p p
atom_style atomic
read_data Si222_${i}.in
read_data Si222_189.in
Reading data file ...
  orthogonal box = (0 0 0) to (10.887404 10.887404 10.887404)
  1 by 1 by 1 MPI processor grid
  reading atoms ...
  64 atoms
  reading velocities ...
  64 velocities
  read_data CPU = 0.001 seconds
mass 1 28.085
pair_style sw
pair_coeff * * Si.sw Si
Reading sw potential file Si.sw with DATE: 2007-06-11
run 0
Neighbor list info ...
  update: every = 1 steps, delay = 0 steps, check = yes
  max neighbors/atom: 2000, page size: 100000
  master list distance cutoff = 5.77118
  ghost atom cutoff = 5.77118
  binsize = 2.88559, bins = 4 4 4
  1 neighbor lists, perpetual/occasional/extra = 1 0 0
  (1) pair sw, perpetual
      attributes: full, newton on
      pair build: full/bin/atomonly
      stencil: full/bin/3d
      bin: standard
Per MPI rank memory allocation (min/avg/max) = 3.063 | 3.063 | 3.063 Mbytes
   Step          Temp          E_pair         E_mol          TotEng         Press     
WARNING: Too many warnings: 189 vs 100. All future warnings will be suppressed (src/thermo.cpp:478)
         0   0             -275.59405      0             -275.59405     -6078.6867    
Loop time of 1.02e-06 on 1 procs for 0 steps with 64 atoms

98.0% CPU use with 1 MPI tasks x 1 OpenMP threads

MPI task timing breakdown:
Section |  min time  |  avg time  |  max time  |%varavg| %total
---------------------------------------------------------------
Pair    | 0          | 0          | 0          |   0.0 |  0.00
Neigh   | 0          | 0          | 0          |   0.0 |  0.00
Comm    | 0          | 0          | 0          |   0.0 |  0.00
Output  | 0          | 0          | 0          |   0.0 |  0.00
Modify  | 0          | 0          | 0          |   0.0 |  0.00
Other   |            | 1.02e-06   |            |       |100.00

Nlocal:             64 ave          64 max          64 min
Histogram: 1 0 0 0 0 0 0 0 0 0
Nghost:            512 ave         512 max         512 min
Histogram: 1 0 0 0 0 0 0 0 0 0
Neighs:              0 ave           0 max           0 min
Histogram: 1 0 0 0 0 0 0 0 0 0
FullNghs:         2186 ave        2186 max        2186 min
Histogram: 1 0 0 0 0 0 0 0 0 0

Total # of neighbors = 2186
Ave neighs/atom = 34.15625
Neighbor list builds = 0
Dangerous builds = 0
next i
jump SELF loop_struct
clear
  using 1 OpenMP thread(s) per MPI task
log energies.log append
units metal
boundary p p p
atom_style atomic
read_data Si222_${i}.in
read_data Si222_190.in
Reading data file ...
  orthogonal box = (0 0 0) to (10.887404 10.887404 10.887404)
  1 by 1 by 1 MPI processor grid
  reading atoms ...
  64 atoms
  reading velocities ...
  64 velocities
  read_data CPU = 0.001 seconds
mass 1 28.085
pair_style sw
pair_coeff * * Si.sw Si
Reading sw potential file Si.sw with DATE: 2007-06-11
run 0
Neighbor list info ...
  update: every = 1 steps, delay = 0 steps, check = yes
  max neighbors/atom: 2000, page size: 100000
  master list distance cutoff = 5.77118
  ghost atom cutoff = 5.77118
  binsize = 2.88559, bins = 4 4 4
  1 neighbor lists, perpetual/occasional/extra = 1 0 0
  (1) pair sw, perpetual
      attributes: full, newton on
      pair build: full/bin/atomonly
      stencil: full/bin/3d
      bin: standard
Per MPI rank memory allocation (min/avg/max) = 3.064 | 3.064 | 3.064 Mbytes
   Step          Temp          E_pair         E_mol          TotEng         Press     
WARNING: Too many warnings: 190 vs 100. All future warnings will be suppressed (src/thermo.cpp:478)
         0   0             -275.90624      0             -275.90624     -6081.2649    
Loop time of 1.03e-06 on 1 procs for 0 steps with 64 atoms

194.2% CPU use with 1 MPI tasks x 1 OpenMP threads

MPI task timing breakdown:
Section |  min time  |  avg time  |  max time  |%varavg| %total
---------------------------------------------------------------
Pair    | 0          | 0          | 0          |   0.0 |  0.00
Neigh   | 0          | 0          | 0          |   0.0 |  0.00
Comm    | 0          | 0          | 0          |   0.0 |  0.00
Output  | 0          | 0          | 0          |   0.0 |  0.00
Modify  | 0          | 0          | 0          |   0.0 |  0.00
Other   |            | 1.03e-06   |            |       |100.00

Nlocal:             64 ave          64 max          64 min
Histogram: 1 0 0 0 0 0 0 0 0 0
Nghost:            536 ave         536 max         536 min
Histogram: 1 0 0 0 0 0 0 0 0 0
Neighs:              0 ave           0 max           0 min
Histogram: 1 0 0 0 0 0 0 0 0 0
FullNghs:         2176 ave        2176 max        2176 min
Histogram: 1 0 0 0 0 0 0 0 0 0

Total # of neighbors = 2176
Ave neighs/atom = 34
Neighbor list builds = 0
Dangerous builds = 0
next i
jump SELF loop_struct
clear
  using 1 OpenMP thread(s) per MPI task
log energies.log append
units metal
boundary p p p
atom_style atomic
read_data Si222_${i}.in
read_data Si222_191.in
Reading data file ...
  orthogonal box = (0 0 0) to (10.887404 10.887404 10.887404)
  1 by 1 by 1 MPI processor grid
  reading atoms ...
  64 atoms
  reading velocities ...
  64 velocities
  read_data CPU = 0.001 seconds
mass 1 28.085
pair_style sw
pair_coeff * * Si.sw Si
Reading sw potential file Si.sw with DATE: 2007-06-11
run 0
Neighbor list info ...
  update: every = 1 steps, delay = 0 steps, check = yes
  max neighbors/atom: 2000, page size: 100000
  master list distance cutoff = 5.77118
  ghost atom cutoff = 5.77118
  binsize = 2.88559, bins = 4 4 4
  1 neighbor lists, perpetual/occasional/extra = 1 0 0
  (1) pair sw, perpetual
      attributes: full, newton on
      pair build: full/bin/atomonly
      stencil: full/bin/3d
      bin: standard
Per MPI rank memory allocation (min/avg/max) = 3.063 | 3.063 | 3.063 Mbytes
   Step          Temp          E_pair         E_mol          TotEng         Press     
WARNING: Too many warnings: 191 vs 100. All future warnings will be suppressed (src/thermo.cpp:478)
         0   0             -275.54994      0             -275.54994     -5772.8228    
Loop time of 1.04e-06 on 1 procs for 0 steps with 64 atoms

96.2% CPU use with 1 MPI tasks x 1 OpenMP threads

MPI task timing breakdown:
Section |  min time  |  avg time  |  max time  |%varavg| %total
---------------------------------------------------------------
Pair    | 0          | 0          | 0          |   0.0 |  0.00
Neigh   | 0          | 0          | 0          |   0.0 |  0.00
Comm    | 0          | 0          | 0          |   0.0 |  0.00
Output  | 0          | 0          | 0          |   0.0 |  0.00
Modify  | 0          | 0          | 0          |   0.0 |  0.00
Other   |            | 1.04e-06   |            |       |100.00

Nlocal:             64 ave          64 max          64 min
Histogram: 1 0 0 0 0 0 0 0 0 0
Nghost:            480 ave         480 max         480 min
Histogram: 1 0 0 0 0 0 0 0 0 0
Neighs:              0 ave           0 max           0 min
Histogram: 1 0 0 0 0 0 0 0 0 0
FullNghs:         2184 ave        2184 max        2184 min
Histogram: 1 0 0 0 0 0 0 0 0 0

Total # of neighbors = 2184
Ave neighs/atom = 34.125
Neighbor list builds = 0
Dangerous builds = 0
next i
jump SELF loop_struct
clear
  using 1 OpenMP thread(s) per MPI task
log energies.log append
units metal
boundary p p p
atom_style atomic
read_data Si222_${i}.in
read_data Si222_192.in
Reading data file ...
  orthogonal box = (0 0 0) to (10.887404 10.887404 10.887404)
  1 by 1 by 1 MPI processor grid
  reading atoms ...
  64 atoms
  reading velocities ...
  64 velocities
  read_data CPU = 0.001 seconds
mass 1 28.085
pair_style sw
pair_coeff * * Si.sw Si
Reading sw potential file Si.sw with DATE: 2007-06-11
run 0
Neighbor list info ...
  update: every = 1 steps, delay = 0 steps, check = yes
  max neighbors/atom: 2000, page size: 100000
  master list distance cutoff = 5.77118
  ghost atom cutoff = 5.77118
  binsize = 2.88559, bins = 4 4 4
  1 neighbor lists, perpetual/occasional/extra = 1 0 0
  (1) pair sw, perpetual
      attributes: full, newton on
      pair build: full/bin/atomonly
      stencil: full/bin/3d
      bin: standard
Per MPI rank memory allocation (min/avg/max) = 3.063 | 3.063 | 3.063 Mbytes
   Step          Temp          E_pair         E_mol          TotEng         Press     
WARNING: Too many warnings: 192 vs 100. All future warnings will be suppressed (src/thermo.cpp:478)
         0   0             -275.62835      0             -275.62835     -5952.8235    
Loop time of 1.09e-06 on 1 procs for 0 steps with 64 atoms

91.7% CPU use with 1 MPI tasks x 1 OpenMP threads

MPI task timing breakdown:
Section |  min time  |  avg time  |  max time  |%varavg| %total
---------------------------------------------------------------
Pair    | 0          | 0          | 0          |   0.0 |  0.00
Neigh   | 0          | 0          | 0          |   0.0 |  0.00
Comm    | 0          | 0          | 0          |   0.0 |  0.00
Output  | 0          | 0          | 0          |   0.0 |  0.00
Modify  | 0          | 0          | 0          |   0.0 |  0.00
Other   |            | 1.09e-06   |            |       |100.00

Nlocal:             64 ave          64 max          64 min
Histogram: 1 0 0 0 0 0 0 0 0 0
Nghost:            514 ave         514 max         514 min
Histogram: 1 0 0 0 0 0 0 0 0 0
Neighs:              0 ave           0 max           0 min
Histogram: 1 0 0 0 0 0 0 0 0 0
FullNghs:         2182 ave        2182 max        2182 min
Histogram: 1 0 0 0 0 0 0 0 0 0

Total # of neighbors = 2182
Ave neighs/atom = 34.09375
Neighbor list builds = 0
Dangerous builds = 0
next i
jump SELF loop_struct
clear
  using 1 OpenMP thread(s) per MPI task
log energies.log append
units metal
boundary p p p
atom_style atomic
read_data Si222_${i}.in
read_data Si222_193.in
Reading data file ...
  orthogonal box = (0 0 0) to (10.887404 10.887404 10.887404)
  1 by 1 by 1 MPI processor grid
  reading atoms ...
  64 atoms
  reading velocities ...
  64 velocities
  read_data CPU = 0.001 seconds
mass 1 28.085
pair_style sw
pair_coeff * * Si.sw Si
Reading sw potential file Si.sw with DATE: 2007-06-11
run 0
Neighbor list info ...
  update: every = 1 steps, delay = 0 steps, check = yes
  max neighbors/atom: 2000, page size: 100000
  master list distance cutoff = 5.77118
  ghost atom cutoff = 5.77118
  binsize = 2.88559, bins = 4 4 4
  1 neighbor lists, perpetual/occasional/extra = 1 0 0
  (1) pair sw, perpetual
      attributes: full, newton on
      pair build: full/bin/atomonly
      stencil: full/bin/3d
      bin: standard
Per MPI rank memory allocation (min/avg/max) = 3.063 | 3.063 | 3.063 Mbytes
   Step          Temp          E_pair         E_mol          TotEng         Press     
WARNING: Too many warnings: 193 vs 100. All future warnings will be suppressed (src/thermo.cpp:478)
         0   0             -275.66852      0             -275.66852     -5783.5321    
Loop time of 1.01e-06 on 1 procs for 0 steps with 64 atoms

0.0% CPU use with 1 MPI tasks x 1 OpenMP threads

MPI task timing breakdown:
Section |  min time  |  avg time  |  max time  |%varavg| %total
---------------------------------------------------------------
Pair    | 0          | 0          | 0          |   0.0 |  0.00
Neigh   | 0          | 0          | 0          |   0.0 |  0.00
Comm    | 0          | 0          | 0          |   0.0 |  0.00
Output  | 0          | 0          | 0          |   0.0 |  0.00
Modify  | 0          | 0          | 0          |   0.0 |  0.00
Other   |            | 1.01e-06   |            |       |100.00

Nlocal:             64 ave          64 max          64 min
Histogram: 1 0 0 0 0 0 0 0 0 0
Nghost:            448 ave         448 max         448 min
Histogram: 1 0 0 0 0 0 0 0 0 0
Neighs:              0 ave           0 max           0 min
Histogram: 1 0 0 0 0 0 0 0 0 0
FullNghs:         2182 ave        2182 max        2182 min
Histogram: 1 0 0 0 0 0 0 0 0 0

Total # of neighbors = 2182
Ave neighs/atom = 34.09375
Neighbor list builds = 0
Dangerous builds = 0
next i
jump SELF loop_struct
clear
  using 1 OpenMP thread(s) per MPI task
log energies.log append
units metal
boundary p p p
atom_style atomic
read_data Si222_${i}.in
read_data Si222_194.in
Reading data file ...
  orthogonal box = (0 0 0) to (10.887404 10.887404 10.887404)
  1 by 1 by 1 MPI processor grid
  reading atoms ...
  64 atoms
  reading velocities ...
  64 velocities
  read_data CPU = 0.001 seconds
mass 1 28.085
pair_style sw
pair_coeff * * Si.sw Si
Reading sw potential file Si.sw with DATE: 2007-06-11
run 0
Neighbor list info ...
  update: every = 1 steps, delay = 0 steps, check = yes
  max neighbors/atom: 2000, page size: 100000
  master list distance cutoff = 5.77118
  ghost atom cutoff = 5.77118
  binsize = 2.88559, bins = 4 4 4
  1 neighbor lists, perpetual/occasional/extra = 1 0 0
  (1) pair sw, perpetual
      attributes: full, newton on
      pair build: full/bin/atomonly
      stencil: full/bin/3d
      bin: standard
Per MPI rank memory allocation (min/avg/max) = 3.063 | 3.063 | 3.063 Mbytes
   Step          Temp          E_pair         E_mol          TotEng         Press     
WARNING: Too many warnings: 194 vs 100. All future warnings will be suppressed (src/thermo.cpp:478)
         0   0             -275.50421      0             -275.50421     -5921.877     
Loop time of 1.25e-06 on 1 procs for 0 steps with 64 atoms

0.0% CPU use with 1 MPI tasks x 1 OpenMP threads

MPI task timing breakdown:
Section |  min time  |  avg time  |  max time  |%varavg| %total
---------------------------------------------------------------
Pair    | 0          | 0          | 0          |   0.0 |  0.00
Neigh   | 0          | 0          | 0          |   0.0 |  0.00
Comm    | 0          | 0          | 0          |   0.0 |  0.00
Output  | 0          | 0          | 0          |   0.0 |  0.00
Modify  | 0          | 0          | 0          |   0.0 |  0.00
Other   |            | 1.25e-06   |            |       |100.00

Nlocal:             64 ave          64 max          64 min
Histogram: 1 0 0 0 0 0 0 0 0 0
Nghost:            480 ave         480 max         480 min
Histogram: 1 0 0 0 0 0 0 0 0 0
Neighs:              0 ave           0 max           0 min
Histogram: 1 0 0 0 0 0 0 0 0 0
FullNghs:         2180 ave        2180 max        2180 min
Histogram: 1 0 0 0 0 0 0 0 0 0

Total # of neighbors = 2180
Ave neighs/atom = 34.0625
Neighbor list builds = 0
Dangerous builds = 0
next i
jump SELF loop_struct
clear
  using 1 OpenMP thread(s) per MPI task
log energies.log append
units metal
boundary p p p
atom_style atomic
read_data Si222_${i}.in
read_data Si222_195.in
Reading data file ...
  orthogonal box = (0 0 0) to (10.887404 10.887404 10.887404)
  1 by 1 by 1 MPI processor grid
  reading atoms ...
  64 atoms
  reading velocities ...
  64 velocities
  read_data CPU = 0.001 seconds
mass 1 28.085
pair_style sw
pair_coeff * * Si.sw Si
Reading sw potential file Si.sw with DATE: 2007-06-11
run 0
Neighbor list info ...
  update: every = 1 steps, delay = 0 steps, check = yes
  max neighbors/atom: 2000, page size: 100000
  master list distance cutoff = 5.77118
  ghost atom cutoff = 5.77118
  binsize = 2.88559, bins = 4 4 4
  1 neighbor lists, perpetual/occasional/extra = 1 0 0
  (1) pair sw, perpetual
      attributes: full, newton on
      pair build: full/bin/atomonly
      stencil: full/bin/3d
      bin: standard
Per MPI rank memory allocation (min/avg/max) = 3.063 | 3.063 | 3.063 Mbytes
   Step          Temp          E_pair         E_mol          TotEng         Press     
WARNING: Too many warnings: 195 vs 100. All future warnings will be suppressed (src/thermo.cpp:478)
         0   0             -275.92949      0             -275.92949     -6390.3167    
Loop time of 1.22e-06 on 1 procs for 0 steps with 64 atoms

163.9% CPU use with 1 MPI tasks x 1 OpenMP threads

MPI task timing breakdown:
Section |  min time  |  avg time  |  max time  |%varavg| %total
---------------------------------------------------------------
Pair    | 0          | 0          | 0          |   0.0 |  0.00
Neigh   | 0          | 0          | 0          |   0.0 |  0.00
Comm    | 0          | 0          | 0          |   0.0 |  0.00
Output  | 0          | 0          | 0          |   0.0 |  0.00
Modify  | 0          | 0          | 0          |   0.0 |  0.00
Other   |            | 1.22e-06   |            |       |100.00

Nlocal:             64 ave          64 max          64 min
Histogram: 1 0 0 0 0 0 0 0 0 0
Nghost:            480 ave         480 max         480 min
Histogram: 1 0 0 0 0 0 0 0 0 0
Neighs:              0 ave           0 max           0 min
Histogram: 1 0 0 0 0 0 0 0 0 0
FullNghs:         2182 ave        2182 max        2182 min
Histogram: 1 0 0 0 0 0 0 0 0 0

Total # of neighbors = 2182
Ave neighs/atom = 34.09375
Neighbor list builds = 0
Dangerous builds = 0
next i
jump SELF loop_struct
clear
  using 1 OpenMP thread(s) per MPI task
log energies.log append
units metal
boundary p p p
atom_style atomic
read_data Si222_${i}.in
read_data Si222_196.in
Reading data file ...
  orthogonal box = (0 0 0) to (10.887404 10.887404 10.887404)
  1 by 1 by 1 MPI processor grid
  reading atoms ...
  64 atoms
  reading velocities ...
  64 velocities
  read_data CPU = 0.001 seconds
mass 1 28.085
pair_style sw
pair_coeff * * Si.sw Si
Reading sw potential file Si.sw with DATE: 2007-06-11
run 0
Neighbor list info ...
  update: every = 1 steps, delay = 0 steps, check = yes
  max neighbors/atom: 2000, page size: 100000
  master list distance cutoff = 5.77118
  ghost atom cutoff = 5.77118
  binsize = 2.88559, bins = 4 4 4
  1 neighbor lists, perpetual/occasional/extra = 1 0 0
  (1) pair sw, perpetual
      attributes: full, newton on
      pair build: full/bin/atomonly
      stencil: full/bin/3d
      bin: standard
Per MPI rank memory allocation (min/avg/max) = 3.063 | 3.063 | 3.063 Mbytes
   Step          Temp          E_pair         E_mol          TotEng         Press     
WARNING: Too many warnings: 196 vs 100. All future warnings will be suppressed (src/thermo.cpp:478)
         0   0             -275.45152      0             -275.45152     -5757.7281    
Loop time of 1.04e-06 on 1 procs for 0 steps with 64 atoms

0.0% CPU use with 1 MPI tasks x 1 OpenMP threads

MPI task timing breakdown:
Section |  min time  |  avg time  |  max time  |%varavg| %total
---------------------------------------------------------------
Pair    | 0          | 0          | 0          |   0.0 |  0.00
Neigh   | 0          | 0          | 0          |   0.0 |  0.00
Comm    | 0          | 0          | 0          |   0.0 |  0.00
Output  | 0          | 0          | 0          |   0.0 |  0.00
Modify  | 0          | 0          | 0          |   0.0 |  0.00
Other   |            | 1.04e-06   |            |       |100.00

Nlocal:             64 ave          64 max          64 min
Histogram: 1 0 0 0 0 0 0 0 0 0
Nghost:            492 ave         492 max         492 min
Histogram: 1 0 0 0 0 0 0 0 0 0
Neighs:              0 ave           0 max           0 min
Histogram: 1 0 0 0 0 0 0 0 0 0
FullNghs:         2194 ave        2194 max        2194 min
Histogram: 1 0 0 0 0 0 0 0 0 0

Total # of neighbors = 2194
Ave neighs/atom = 34.28125
Neighbor list builds = 0
Dangerous builds = 0
next i
jump SELF loop_struct
clear
  using 1 OpenMP thread(s) per MPI task
log energies.log append
units metal
boundary p p p
atom_style atomic
read_data Si222_${i}.in
read_data Si222_197.in
Reading data file ...
  orthogonal box = (0 0 0) to (10.887404 10.887404 10.887404)
  1 by 1 by 1 MPI processor grid
  reading atoms ...
  64 atoms
  reading velocities ...
  64 velocities
  read_data CPU = 0.001 seconds
mass 1 28.085
pair_style sw
pair_coeff * * Si.sw Si
Reading sw potential file Si.sw with DATE: 2007-06-11
run 0
Neighbor list info ...
  update: every = 1 steps, delay = 0 steps, check = yes
  max neighbors/atom: 2000, page size: 100000
  master list distance cutoff = 5.77118
  ghost atom cutoff = 5.77118
  binsize = 2.88559, bins = 4 4 4
  1 neighbor lists, perpetual/occasional/extra = 1 0 0
  (1) pair sw, perpetual
      attributes: full, newton on
      pair build: full/bin/atomonly
      stencil: full/bin/3d
      bin: standard
Per MPI rank memory allocation (min/avg/max) = 3.063 | 3.063 | 3.063 Mbytes
   Step          Temp          E_pair         E_mol          TotEng         Press     
WARNING: Too many warnings: 197 vs 100. All future warnings will be suppressed (src/thermo.cpp:478)
         0   0             -275.82785      0             -275.82785     -5909.4147    
Loop time of 1.051e-06 on 1 procs for 0 steps with 64 atoms

0.0% CPU use with 1 MPI tasks x 1 OpenMP threads

MPI task timing breakdown:
Section |  min time  |  avg time  |  max time  |%varavg| %total
---------------------------------------------------------------
Pair    | 0          | 0          | 0          |   0.0 |  0.00
Neigh   | 0          | 0          | 0          |   0.0 |  0.00
Comm    | 0          | 0          | 0          |   0.0 |  0.00
Output  | 0          | 0          | 0          |   0.0 |  0.00
Modify  | 0          | 0          | 0          |   0.0 |  0.00
Other   |            | 1.051e-06  |            |       |100.00

Nlocal:             64 ave          64 max          64 min
Histogram: 1 0 0 0 0 0 0 0 0 0
Nghost:            480 ave         480 max         480 min
Histogram: 1 0 0 0 0 0 0 0 0 0
Neighs:              0 ave           0 max           0 min
Histogram: 1 0 0 0 0 0 0 0 0 0
FullNghs:         2178 ave        2178 max        2178 min
Histogram: 1 0 0 0 0 0 0 0 0 0

Total # of neighbors = 2178
Ave neighs/atom = 34.03125
Neighbor list builds = 0
Dangerous builds = 0
next i
jump SELF loop_struct
clear
  using 1 OpenMP thread(s) per MPI task
log energies.log append
units metal
boundary p p p
atom_style atomic
read_data Si222_${i}.in
read_data Si222_198.in
Reading data file ...
  orthogonal box = (0 0 0) to (10.887404 10.887404 10.887404)
  1 by 1 by 1 MPI processor grid
  reading atoms ...
  64 atoms
  reading velocities ...
  64 velocities
  read_data CPU = 0.001 seconds
mass 1 28.085
pair_style sw
pair_coeff * * Si.sw Si
Reading sw potential file Si.sw with DATE: 2007-06-11
run 0
Neighbor list info ...
  update: every = 1 steps, delay = 0 steps, check = yes
  max neighbors/atom: 2000, page size: 100000
  master list distance cutoff = 5.77118
  ghost atom cutoff = 5.77118
  binsize = 2.88559, bins = 4 4 4
  1 neighbor lists, perpetual/occasional/extra = 1 0 0
  (1) pair sw, perpetual
      attributes: full, newton on
      pair build: full/bin/atomonly
      stencil: full/bin/3d
      bin: standard
Per MPI rank memory allocation (min/avg/max) = 3.074 | 3.074 | 3.074 Mbytes
   Step          Temp          E_pair         E_mol          TotEng         Press     
WARNING: Too many warnings: 198 vs 100. All future warnings will be suppressed (src/thermo.cpp:478)
         0   0             -275.58443      0             -275.58443     -5726.368     
Loop time of 1.06e-06 on 1 procs for 0 steps with 64 atoms

94.3% CPU use with 1 MPI tasks x 1 OpenMP threads

MPI task timing breakdown:
Section |  min time  |  avg time  |  max time  |%varavg| %total
---------------------------------------------------------------
Pair    | 0          | 0          | 0          |   0.0 |  0.00
Neigh   | 0          | 0          | 0          |   0.0 |  0.00
Comm    | 0          | 0          | 0          |   0.0 |  0.00
Output  | 0          | 0          | 0          |   0.0 |  0.00
Modify  | 0          | 0          | 0          |   0.0 |  0.00
Other   |            | 1.06e-06   |            |       |100.00

Nlocal:             64 ave          64 max          64 min
Histogram: 1 0 0 0 0 0 0 0 0 0
Nghost:            556 ave         556 max         556 min
Histogram: 1 0 0 0 0 0 0 0 0 0
Neighs:              0 ave           0 max           0 min
Histogram: 1 0 0 0 0 0 0 0 0 0
FullNghs:         2184 ave        2184 max        2184 min
Histogram: 1 0 0 0 0 0 0 0 0 0

Total # of neighbors = 2184
Ave neighs/atom = 34.125
Neighbor list builds = 0
Dangerous builds = 0
next i
jump SELF loop_struct
clear
  using 1 OpenMP thread(s) per MPI task
log energies.log append
units metal
boundary p p p
atom_style atomic
read_data Si222_${i}.in
read_data Si222_199.in
Reading data file ...
  orthogonal box = (0 0 0) to (10.887404 10.887404 10.887404)
  1 by 1 by 1 MPI processor grid
  reading atoms ...
  64 atoms
  reading velocities ...
  64 velocities
  read_data CPU = 0.001 seconds
mass 1 28.085
pair_style sw
pair_coeff * * Si.sw Si
Reading sw potential file Si.sw with DATE: 2007-06-11
run 0
Neighbor list info ...
  update: every = 1 steps, delay = 0 steps, check = yes
  max neighbors/atom: 2000, page size: 100000
  master list distance cutoff = 5.77118
  ghost atom cutoff = 5.77118
  binsize = 2.88559, bins = 4 4 4
  1 neighbor lists, perpetual/occasional/extra = 1 0 0
  (1) pair sw, perpetual
      attributes: full, newton on
      pair build: full/bin/atomonly
      stencil: full/bin/3d
      bin: standard
Per MPI rank memory allocation (min/avg/max) = 3.071 | 3.071 | 3.071 Mbytes
   Step          Temp          E_pair         E_mol          TotEng         Press     
WARNING: Too many warnings: 199 vs 100. All future warnings will be suppressed (src/thermo.cpp:478)
         0   0             -275.79206      0             -275.79206     -6003.8557    
Loop time of 1.03e-06 on 1 procs for 0 steps with 64 atoms

97.1% CPU use with 1 MPI tasks x 1 OpenMP threads

MPI task timing breakdown:
Section |  min time  |  avg time  |  max time  |%varavg| %total
---------------------------------------------------------------
Pair    | 0          | 0          | 0          |   0.0 |  0.00
Neigh   | 0          | 0          | 0          |   0.0 |  0.00
Comm    | 0          | 0          | 0          |   0.0 |  0.00
Output  | 0          | 0          | 0          |   0.0 |  0.00
Modify  | 0          | 0          | 0          |   0.0 |  0.00
Other   |            | 1.03e-06   |            |       |100.00

Nlocal:             64 ave          64 max          64 min
Histogram: 1 0 0 0 0 0 0 0 0 0
Nghost:            518 ave         518 max         518 min
Histogram: 1 0 0 0 0 0 0 0 0 0
Neighs:              0 ave           0 max           0 min
Histogram: 1 0 0 0 0 0 0 0 0 0
FullNghs:         2180 ave        2180 max        2180 min
Histogram: 1 0 0 0 0 0 0 0 0 0

Total # of neighbors = 2180
Ave neighs/atom = 34.0625
Neighbor list builds = 0
Dangerous builds = 0
next i
jump SELF loop_struct
clear
  using 1 OpenMP thread(s) per MPI task
log energies.log append
units metal
boundary p p p
atom_style atomic
read_data Si222_${i}.in
read_data Si222_200.in
Reading data file ...
  orthogonal box = (0 0 0) to (10.887404 10.887404 10.887404)
  1 by 1 by 1 MPI processor grid
  reading atoms ...
  64 atoms
  reading velocities ...
  64 velocities
  read_data CPU = 0.001 seconds
mass 1 28.085
pair_style sw
pair_coeff * * Si.sw Si
Reading sw potential file Si.sw with DATE: 2007-06-11
run 0
Neighbor list info ...
  update: every = 1 steps, delay = 0 steps, check = yes
  max neighbors/atom: 2000, page size: 100000
  master list distance cutoff = 5.77118
  ghost atom cutoff = 5.77118
  binsize = 2.88559, bins = 4 4 4
  1 neighbor lists, perpetual/occasional/extra = 1 0 0
  (1) pair sw, perpetual
      attributes: full, newton on
      pair build: full/bin/atomonly
      stencil: full/bin/3d
      bin: standard
Per MPI rank memory allocation (min/avg/max) = 3.063 | 3.063 | 3.063 Mbytes
   Step          Temp          E_pair         E_mol          TotEng         Press     
WARNING: Too many warnings: 200 vs 100. All future warnings will be suppressed (src/thermo.cpp:478)
         0   0             -275.85435      0             -275.85435     -6097.9204    
Loop time of 1.06e-06 on 1 procs for 0 steps with 64 atoms

94.3% CPU use with 1 MPI tasks x 1 OpenMP threads

MPI task timing breakdown:
Section |  min time  |  avg time  |  max time  |%varavg| %total
---------------------------------------------------------------
Pair    | 0          | 0          | 0          |   0.0 |  0.00
Neigh   | 0          | 0          | 0          |   0.0 |  0.00
Comm    | 0          | 0          | 0          |   0.0 |  0.00
Output  | 0          | 0          | 0          |   0.0 |  0.00
Modify  | 0          | 0          | 0          |   0.0 |  0.00
Other   |            | 1.06e-06   |            |       |100.00

Nlocal:             64 ave          64 max          64 min
Histogram: 1 0 0 0 0 0 0 0 0 0
Nghost:            504 ave         504 max         504 min
Histogram: 1 0 0 0 0 0 0 0 0 0
Neighs:              0 ave           0 max           0 min
Histogram: 1 0 0 0 0 0 0 0 0 0
FullNghs:         2182 ave        2182 max        2182 min
Histogram: 1 0 0 0 0 0 0 0 0 0

Total # of neighbors = 2182
Ave neighs/atom = 34.09375
Neighbor list builds = 0
Dangerous builds = 0
next i
jump SELF loop_struct
clear
  using 1 OpenMP thread(s) per MPI task
log energies.log append
units metal
boundary p p p
atom_style atomic
read_data Si222_${i}.in
read_data Si222_201.in
Reading data file ...
  orthogonal box = (0 0 0) to (10.887404 10.887404 10.887404)
  1 by 1 by 1 MPI processor grid
  reading atoms ...
  64 atoms
  reading velocities ...
  64 velocities
  read_data CPU = 0.001 seconds
mass 1 28.085
pair_style sw
pair_coeff * * Si.sw Si
Reading sw potential file Si.sw with DATE: 2007-06-11
run 0
Neighbor list info ...
  update: every = 1 steps, delay = 0 steps, check = yes
  max neighbors/atom: 2000, page size: 100000
  master list distance cutoff = 5.77118
  ghost atom cutoff = 5.77118
  binsize = 2.88559, bins = 4 4 4
  1 neighbor lists, perpetual/occasional/extra = 1 0 0
  (1) pair sw, perpetual
      attributes: full, newton on
      pair build: full/bin/atomonly
      stencil: full/bin/3d
      bin: standard
Per MPI rank memory allocation (min/avg/max) = 3.063 | 3.063 | 3.063 Mbytes
   Step          Temp          E_pair         E_mol          TotEng         Press     
WARNING: Too many warnings: 201 vs 100. All future warnings will be suppressed (src/thermo.cpp:478)
         0   0             -275.63063      0             -275.63063     -6096.1085    
Loop time of 1.03e-06 on 1 procs for 0 steps with 64 atoms

0.0% CPU use with 1 MPI tasks x 1 OpenMP threads

MPI task timing breakdown:
Section |  min time  |  avg time  |  max time  |%varavg| %total
---------------------------------------------------------------
Pair    | 0          | 0          | 0          |   0.0 |  0.00
Neigh   | 0          | 0          | 0          |   0.0 |  0.00
Comm    | 0          | 0          | 0          |   0.0 |  0.00
Output  | 0          | 0          | 0          |   0.0 |  0.00
Modify  | 0          | 0          | 0          |   0.0 |  0.00
Other   |            | 1.03e-06   |            |       |100.00

Nlocal:             64 ave          64 max          64 min
Histogram: 1 0 0 0 0 0 0 0 0 0
Nghost:            508 ave         508 max         508 min
Histogram: 1 0 0 0 0 0 0 0 0 0
Neighs:              0 ave           0 max           0 min
Histogram: 1 0 0 0 0 0 0 0 0 0
FullNghs:         2190 ave        2190 max        2190 min
Histogram: 1 0 0 0 0 0 0 0 0 0

Total # of neighbors = 2190
Ave neighs/atom = 34.21875
Neighbor list builds = 0
Dangerous builds = 0
next i
jump SELF loop_struct
clear
  using 1 OpenMP thread(s) per MPI task
log energies.log append
units metal
boundary p p p
atom_style atomic
read_data Si222_${i}.in
read_data Si222_202.in
Reading data file ...
  orthogonal box = (0 0 0) to (10.887404 10.887404 10.887404)
  1 by 1 by 1 MPI processor grid
  reading atoms ...
  64 atoms
  reading velocities ...
  64 velocities
  read_data CPU = 0.001 seconds
mass 1 28.085
pair_style sw
pair_coeff * * Si.sw Si
Reading sw potential file Si.sw with DATE: 2007-06-11
run 0
Neighbor list info ...
  update: every = 1 steps, delay = 0 steps, check = yes
  max neighbors/atom: 2000, page size: 100000
  master list distance cutoff = 5.77118
  ghost atom cutoff = 5.77118
  binsize = 2.88559, bins = 4 4 4
  1 neighbor lists, perpetual/occasional/extra = 1 0 0
  (1) pair sw, perpetual
      attributes: full, newton on
      pair build: full/bin/atomonly
      stencil: full/bin/3d
      bin: standard
Per MPI rank memory allocation (min/avg/max) = 3.063 | 3.063 | 3.063 Mbytes
   Step          Temp          E_pair         E_mol          TotEng         Press     
WARNING: Too many warnings: 202 vs 100. All future warnings will be suppressed (src/thermo.cpp:478)
         0   0             -275.53501      0             -275.53501     -6121.8729    
Loop time of 1.01e-06 on 1 procs for 0 steps with 64 atoms

0.0% CPU use with 1 MPI tasks x 1 OpenMP threads

MPI task timing breakdown:
Section |  min time  |  avg time  |  max time  |%varavg| %total
---------------------------------------------------------------
Pair    | 0          | 0          | 0          |   0.0 |  0.00
Neigh   | 0          | 0          | 0          |   0.0 |  0.00
Comm    | 0          | 0          | 0          |   0.0 |  0.00
Output  | 0          | 0          | 0          |   0.0 |  0.00
Modify  | 0          | 0          | 0          |   0.0 |  0.00
Other   |            | 1.01e-06   |            |       |100.00

Nlocal:             64 ave          64 max          64 min
Histogram: 1 0 0 0 0 0 0 0 0 0
Nghost:            448 ave         448 max         448 min
Histogram: 1 0 0 0 0 0 0 0 0 0
Neighs:              0 ave           0 max           0 min
Histogram: 1 0 0 0 0 0 0 0 0 0
FullNghs:         2184 ave        2184 max        2184 min
Histogram: 1 0 0 0 0 0 0 0 0 0

Total # of neighbors = 2184
Ave neighs/atom = 34.125
Neighbor list builds = 0
Dangerous builds = 0
next i
jump SELF loop_struct
clear
  using 1 OpenMP thread(s) per MPI task
log energies.log append
units metal
boundary p p p
atom_style atomic
read_data Si222_${i}.in
read_data Si222_203.in
Reading data file ...
  orthogonal box = (0 0 0) to (10.887404 10.887404 10.887404)
  1 by 1 by 1 MPI processor grid
  reading atoms ...
  64 atoms
  reading velocities ...
  64 velocities
  read_data CPU = 0.001 seconds
mass 1 28.085
pair_style sw
pair_coeff * * Si.sw Si
Reading sw potential file Si.sw with DATE: 2007-06-11
run 0
Neighbor list info ...
  update: every = 1 steps, delay = 0 steps, check = yes
  max neighbors/atom: 2000, page size: 100000
  master list distance cutoff = 5.77118
  ghost atom cutoff = 5.77118
  binsize = 2.88559, bins = 4 4 4
  1 neighbor lists, perpetual/occasional/extra = 1 0 0
  (1) pair sw, perpetual
      attributes: full, newton on
      pair build: full/bin/atomonly
      stencil: full/bin/3d
      bin: standard
Per MPI rank memory allocation (min/avg/max) = 3.071 | 3.071 | 3.071 Mbytes
   Step          Temp          E_pair         E_mol          TotEng         Press     
WARNING: Too many warnings: 203 vs 100. All future warnings will be suppressed (src/thermo.cpp:478)
         0   0             -275.29586      0             -275.29586     -5498.7372    
Loop time of 1.04e-06 on 1 procs for 0 steps with 64 atoms

192.3% CPU use with 1 MPI tasks x 1 OpenMP threads

MPI task timing breakdown:
Section |  min time  |  avg time  |  max time  |%varavg| %total
---------------------------------------------------------------
Pair    | 0          | 0          | 0          |   0.0 |  0.00
Neigh   | 0          | 0          | 0          |   0.0 |  0.00
Comm    | 0          | 0          | 0          |   0.0 |  0.00
Output  | 0          | 0          | 0          |   0.0 |  0.00
Modify  | 0          | 0          | 0          |   0.0 |  0.00
Other   |            | 1.04e-06   |            |       |100.00

Nlocal:             64 ave          64 max          64 min
Histogram: 1 0 0 0 0 0 0 0 0 0
Nghost:            520 ave         520 max         520 min
Histogram: 1 0 0 0 0 0 0 0 0 0
Neighs:              0 ave           0 max           0 min
Histogram: 1 0 0 0 0 0 0 0 0 0
FullNghs:         2182 ave        2182 max        2182 min
Histogram: 1 0 0 0 0 0 0 0 0 0

Total # of neighbors = 2182
Ave neighs/atom = 34.09375
Neighbor list builds = 0
Dangerous builds = 0
next i
jump SELF loop_struct
clear
  using 1 OpenMP thread(s) per MPI task
log energies.log append
units metal
boundary p p p
atom_style atomic
read_data Si222_${i}.in
read_data Si222_204.in
Reading data file ...
  orthogonal box = (0 0 0) to (10.887404 10.887404 10.887404)
  1 by 1 by 1 MPI processor grid
  reading atoms ...
  64 atoms
  reading velocities ...
  64 velocities
  read_data CPU = 0.001 seconds
mass 1 28.085
pair_style sw
pair_coeff * * Si.sw Si
Reading sw potential file Si.sw with DATE: 2007-06-11
run 0
Neighbor list info ...
  update: every = 1 steps, delay = 0 steps, check = yes
  max neighbors/atom: 2000, page size: 100000
  master list distance cutoff = 5.77118
  ghost atom cutoff = 5.77118
  binsize = 2.88559, bins = 4 4 4
  1 neighbor lists, perpetual/occasional/extra = 1 0 0
  (1) pair sw, perpetual
      attributes: full, newton on
      pair build: full/bin/atomonly
      stencil: full/bin/3d
      bin: standard
Per MPI rank memory allocation (min/avg/max) = 3.063 | 3.063 | 3.063 Mbytes
   Step          Temp          E_pair         E_mol          TotEng         Press     
WARNING: Too many warnings: 204 vs 100. All future warnings will be suppressed (src/thermo.cpp:478)
         0   0             -275.25731      0             -275.25731     -5858.0388    
Loop time of 1.02e-06 on 1 procs for 0 steps with 64 atoms

98.0% CPU use with 1 MPI tasks x 1 OpenMP threads

MPI task timing breakdown:
Section |  min time  |  avg time  |  max time  |%varavg| %total
---------------------------------------------------------------
Pair    | 0          | 0          | 0          |   0.0 |  0.00
Neigh   | 0          | 0          | 0          |   0.0 |  0.00
Comm    | 0          | 0          | 0          |   0.0 |  0.00
Output  | 0          | 0          | 0          |   0.0 |  0.00
Modify  | 0          | 0          | 0          |   0.0 |  0.00
Other   |            | 1.02e-06   |            |       |100.00

Nlocal:             64 ave          64 max          64 min
Histogram: 1 0 0 0 0 0 0 0 0 0
Nghost:            504 ave         504 max         504 min
Histogram: 1 0 0 0 0 0 0 0 0 0
Neighs:              0 ave           0 max           0 min
Histogram: 1 0 0 0 0 0 0 0 0 0
FullNghs:         2190 ave        2190 max        2190 min
Histogram: 1 0 0 0 0 0 0 0 0 0

Total # of neighbors = 2190
Ave neighs/atom = 34.21875
Neighbor list builds = 0
Dangerous builds = 0
next i
jump SELF loop_struct
clear
  using 1 OpenMP thread(s) per MPI task
log energies.log append
units metal
boundary p p p
atom_style atomic
read_data Si222_${i}.in
read_data Si222_205.in
Reading data file ...
  orthogonal box = (0 0 0) to (10.887404 10.887404 10.887404)
  1 by 1 by 1 MPI processor grid
  reading atoms ...
  64 atoms
  reading velocities ...
  64 velocities
  read_data CPU = 0.001 seconds
mass 1 28.085
pair_style sw
pair_coeff * * Si.sw Si
Reading sw potential file Si.sw with DATE: 2007-06-11
run 0
Neighbor list info ...
  update: every = 1 steps, delay = 0 steps, check = yes
  max neighbors/atom: 2000, page size: 100000
  master list distance cutoff = 5.77118
  ghost atom cutoff = 5.77118
  binsize = 2.88559, bins = 4 4 4
  1 neighbor lists, perpetual/occasional/extra = 1 0 0
  (1) pair sw, perpetual
      attributes: full, newton on
      pair build: full/bin/atomonly
      stencil: full/bin/3d
      bin: standard
Per MPI rank memory allocation (min/avg/max) = 3.063 | 3.063 | 3.063 Mbytes
   Step          Temp          E_pair         E_mol          TotEng         Press     
WARNING: Too many warnings: 205 vs 100. All future warnings will be suppressed (src/thermo.cpp:478)
         0   0             -275.7244       0             -275.7244      -6066.7959    
Loop time of 1.04e-06 on 1 procs for 0 steps with 64 atoms

96.2% CPU use with 1 MPI tasks x 1 OpenMP threads

MPI task timing breakdown:
Section |  min time  |  avg time  |  max time  |%varavg| %total
---------------------------------------------------------------
Pair    | 0          | 0          | 0          |   0.0 |  0.00
Neigh   | 0          | 0          | 0          |   0.0 |  0.00
Comm    | 0          | 0          | 0          |   0.0 |  0.00
Output  | 0          | 0          | 0          |   0.0 |  0.00
Modify  | 0          | 0          | 0          |   0.0 |  0.00
Other   |            | 1.04e-06   |            |       |100.00

Nlocal:             64 ave          64 max          64 min
Histogram: 1 0 0 0 0 0 0 0 0 0
Nghost:            508 ave         508 max         508 min
Histogram: 1 0 0 0 0 0 0 0 0 0
Neighs:              0 ave           0 max           0 min
Histogram: 1 0 0 0 0 0 0 0 0 0
FullNghs:         2178 ave        2178 max        2178 min
Histogram: 1 0 0 0 0 0 0 0 0 0

Total # of neighbors = 2178
Ave neighs/atom = 34.03125
Neighbor list builds = 0
Dangerous builds = 0
next i
jump SELF loop_struct
clear
  using 1 OpenMP thread(s) per MPI task
log energies.log append
units metal
boundary p p p
atom_style atomic
read_data Si222_${i}.in
read_data Si222_206.in
Reading data file ...
  orthogonal box = (0 0 0) to (10.887404 10.887404 10.887404)
  1 by 1 by 1 MPI processor grid
  reading atoms ...
  64 atoms
  reading velocities ...
  64 velocities
  read_data CPU = 0.001 seconds
mass 1 28.085
pair_style sw
pair_coeff * * Si.sw Si
Reading sw potential file Si.sw with DATE: 2007-06-11
run 0
Neighbor list info ...
  update: every = 1 steps, delay = 0 steps, check = yes
  max neighbors/atom: 2000, page size: 100000
  master list distance cutoff = 5.77118
  ghost atom cutoff = 5.77118
  binsize = 2.88559, bins = 4 4 4
  1 neighbor lists, perpetual/occasional/extra = 1 0 0
  (1) pair sw, perpetual
      attributes: full, newton on
      pair build: full/bin/atomonly
      stencil: full/bin/3d
      bin: standard
Per MPI rank memory allocation (min/avg/max) = 3.063 | 3.063 | 3.063 Mbytes
   Step          Temp          E_pair         E_mol          TotEng         Press     
WARNING: Too many warnings: 206 vs 100. All future warnings will be suppressed (src/thermo.cpp:478)
         0   0             -275.92273      0             -275.92273     -6246.6854    
Loop time of 1.07e-06 on 1 procs for 0 steps with 64 atoms

93.5% CPU use with 1 MPI tasks x 1 OpenMP threads

MPI task timing breakdown:
Section |  min time  |  avg time  |  max time  |%varavg| %total
---------------------------------------------------------------
Pair    | 0          | 0          | 0          |   0.0 |  0.00
Neigh   | 0          | 0          | 0          |   0.0 |  0.00
Comm    | 0          | 0          | 0          |   0.0 |  0.00
Output  | 0          | 0          | 0          |   0.0 |  0.00
Modify  | 0          | 0          | 0          |   0.0 |  0.00
Other   |            | 1.07e-06   |            |       |100.00

Nlocal:             64 ave          64 max          64 min
Histogram: 1 0 0 0 0 0 0 0 0 0
Nghost:            488 ave         488 max         488 min
Histogram: 1 0 0 0 0 0 0 0 0 0
Neighs:              0 ave           0 max           0 min
Histogram: 1 0 0 0 0 0 0 0 0 0
FullNghs:         2176 ave        2176 max        2176 min
Histogram: 1 0 0 0 0 0 0 0 0 0

Total # of neighbors = 2176
Ave neighs/atom = 34
Neighbor list builds = 0
Dangerous builds = 0
next i
jump SELF loop_struct
clear
  using 1 OpenMP thread(s) per MPI task
log energies.log append
units metal
boundary p p p
atom_style atomic
read_data Si222_${i}.in
read_data Si222_207.in
Reading data file ...
  orthogonal box = (0 0 0) to (10.887404 10.887404 10.887404)
  1 by 1 by 1 MPI processor grid
  reading atoms ...
  64 atoms
  reading velocities ...
  64 velocities
  read_data CPU = 0.001 seconds
mass 1 28.085
pair_style sw
pair_coeff * * Si.sw Si
Reading sw potential file Si.sw with DATE: 2007-06-11
run 0
Neighbor list info ...
  update: every = 1 steps, delay = 0 steps, check = yes
  max neighbors/atom: 2000, page size: 100000
  master list distance cutoff = 5.77118
  ghost atom cutoff = 5.77118
  binsize = 2.88559, bins = 4 4 4
  1 neighbor lists, perpetual/occasional/extra = 1 0 0
  (1) pair sw, perpetual
      attributes: full, newton on
      pair build: full/bin/atomonly
      stencil: full/bin/3d
      bin: standard
Per MPI rank memory allocation (min/avg/max) = 3.063 | 3.063 | 3.063 Mbytes
   Step          Temp          E_pair         E_mol          TotEng         Press     
WARNING: Too many warnings: 207 vs 100. All future warnings will be suppressed (src/thermo.cpp:478)
         0   0             -276.05352      0             -276.05352     -6275.1177    
Loop time of 1.11e-06 on 1 procs for 0 steps with 64 atoms

90.1% CPU use with 1 MPI tasks x 1 OpenMP threads

MPI task timing breakdown:
Section |  min time  |  avg time  |  max time  |%varavg| %total
---------------------------------------------------------------
Pair    | 0          | 0          | 0          |   0.0 |  0.00
Neigh   | 0          | 0          | 0          |   0.0 |  0.00
Comm    | 0          | 0          | 0          |   0.0 |  0.00
Output  | 0          | 0          | 0          |   0.0 |  0.00
Modify  | 0          | 0          | 0          |   0.0 |  0.00
Other   |            | 1.11e-06   |            |       |100.00

Nlocal:             64 ave          64 max          64 min
Histogram: 1 0 0 0 0 0 0 0 0 0
Nghost:            468 ave         468 max         468 min
Histogram: 1 0 0 0 0 0 0 0 0 0
Neighs:              0 ave           0 max           0 min
Histogram: 1 0 0 0 0 0 0 0 0 0
FullNghs:         2182 ave        2182 max        2182 min
Histogram: 1 0 0 0 0 0 0 0 0 0

Total # of neighbors = 2182
Ave neighs/atom = 34.09375
Neighbor list builds = 0
Dangerous builds = 0
next i
jump SELF loop_struct
clear
  using 1 OpenMP thread(s) per MPI task
log energies.log append
units metal
boundary p p p
atom_style atomic
read_data Si222_${i}.in
read_data Si222_208.in
Reading data file ...
  orthogonal box = (0 0 0) to (10.887404 10.887404 10.887404)
  1 by 1 by 1 MPI processor grid
  reading atoms ...
  64 atoms
  reading velocities ...
  64 velocities
  read_data CPU = 0.001 seconds
mass 1 28.085
pair_style sw
pair_coeff * * Si.sw Si
Reading sw potential file Si.sw with DATE: 2007-06-11
run 0
Neighbor list info ...
  update: every = 1 steps, delay = 0 steps, check = yes
  max neighbors/atom: 2000, page size: 100000
  master list distance cutoff = 5.77118
  ghost atom cutoff = 5.77118
  binsize = 2.88559, bins = 4 4 4
  1 neighbor lists, perpetual/occasional/extra = 1 0 0
  (1) pair sw, perpetual
      attributes: full, newton on
      pair build: full/bin/atomonly
      stencil: full/bin/3d
      bin: standard
Per MPI rank memory allocation (min/avg/max) = 3.063 | 3.063 | 3.063 Mbytes
   Step          Temp          E_pair         E_mol          TotEng         Press     
WARNING: Too many warnings: 208 vs 100. All future warnings will be suppressed (src/thermo.cpp:478)
         0   0             -275.86691      0             -275.86691     -6176.0217    
Loop time of 1.04e-06 on 1 procs for 0 steps with 64 atoms

96.2% CPU use with 1 MPI tasks x 1 OpenMP threads

MPI task timing breakdown:
Section |  min time  |  avg time  |  max time  |%varavg| %total
---------------------------------------------------------------
Pair    | 0          | 0          | 0          |   0.0 |  0.00
Neigh   | 0          | 0          | 0          |   0.0 |  0.00
Comm    | 0          | 0          | 0          |   0.0 |  0.00
Output  | 0          | 0          | 0          |   0.0 |  0.00
Modify  | 0          | 0          | 0          |   0.0 |  0.00
Other   |            | 1.04e-06   |            |       |100.00

Nlocal:             64 ave          64 max          64 min
Histogram: 1 0 0 0 0 0 0 0 0 0
Nghost:            496 ave         496 max         496 min
Histogram: 1 0 0 0 0 0 0 0 0 0
Neighs:              0 ave           0 max           0 min
Histogram: 1 0 0 0 0 0 0 0 0 0
FullNghs:         2178 ave        2178 max        2178 min
Histogram: 1 0 0 0 0 0 0 0 0 0

Total # of neighbors = 2178
Ave neighs/atom = 34.03125
Neighbor list builds = 0
Dangerous builds = 0
next i
jump SELF loop_struct
clear
  using 1 OpenMP thread(s) per MPI task
log energies.log append
units metal
boundary p p p
atom_style atomic
read_data Si222_${i}.in
read_data Si222_209.in
Reading data file ...
  orthogonal box = (0 0 0) to (10.887404 10.887404 10.887404)
  1 by 1 by 1 MPI processor grid
  reading atoms ...
  64 atoms
  reading velocities ...
  64 velocities
  read_data CPU = 0.001 seconds
mass 1 28.085
pair_style sw
pair_coeff * * Si.sw Si
Reading sw potential file Si.sw with DATE: 2007-06-11
run 0
Neighbor list info ...
  update: every = 1 steps, delay = 0 steps, check = yes
  max neighbors/atom: 2000, page size: 100000
  master list distance cutoff = 5.77118
  ghost atom cutoff = 5.77118
  binsize = 2.88559, bins = 4 4 4
  1 neighbor lists, perpetual/occasional/extra = 1 0 0
  (1) pair sw, perpetual
      attributes: full, newton on
      pair build: full/bin/atomonly
      stencil: full/bin/3d
      bin: standard
Per MPI rank memory allocation (min/avg/max) = 3.063 | 3.063 | 3.063 Mbytes
   Step          Temp          E_pair         E_mol          TotEng         Press     
WARNING: Too many warnings: 209 vs 100. All future warnings will be suppressed (src/thermo.cpp:478)
         0   0             -275.32466      0             -275.32466     -6013.8734    
Loop time of 1.03e-06 on 1 procs for 0 steps with 64 atoms

97.1% CPU use with 1 MPI tasks x 1 OpenMP threads

MPI task timing breakdown:
Section |  min time  |  avg time  |  max time  |%varavg| %total
---------------------------------------------------------------
Pair    | 0          | 0          | 0          |   0.0 |  0.00
Neigh   | 0          | 0          | 0          |   0.0 |  0.00
Comm    | 0          | 0          | 0          |   0.0 |  0.00
Output  | 0          | 0          | 0          |   0.0 |  0.00
Modify  | 0          | 0          | 0          |   0.0 |  0.00
Other   |            | 1.03e-06   |            |       |100.00

Nlocal:             64 ave          64 max          64 min
Histogram: 1 0 0 0 0 0 0 0 0 0
Nghost:            480 ave         480 max         480 min
Histogram: 1 0 0 0 0 0 0 0 0 0
Neighs:              0 ave           0 max           0 min
Histogram: 1 0 0 0 0 0 0 0 0 0
FullNghs:         2180 ave        2180 max        2180 min
Histogram: 1 0 0 0 0 0 0 0 0 0

Total # of neighbors = 2180
Ave neighs/atom = 34.0625
Neighbor list builds = 0
Dangerous builds = 0
next i
jump SELF loop_struct
clear
  using 1 OpenMP thread(s) per MPI task
log energies.log append
units metal
boundary p p p
atom_style atomic
read_data Si222_${i}.in
read_data Si222_210.in
Reading data file ...
  orthogonal box = (0 0 0) to (10.887404 10.887404 10.887404)
  1 by 1 by 1 MPI processor grid
  reading atoms ...
  64 atoms
  reading velocities ...
  64 velocities
  read_data CPU = 0.001 seconds
mass 1 28.085
pair_style sw
pair_coeff * * Si.sw Si
Reading sw potential file Si.sw with DATE: 2007-06-11
run 0
Neighbor list info ...
  update: every = 1 steps, delay = 0 steps, check = yes
  max neighbors/atom: 2000, page size: 100000
  master list distance cutoff = 5.77118
  ghost atom cutoff = 5.77118
  binsize = 2.88559, bins = 4 4 4
  1 neighbor lists, perpetual/occasional/extra = 1 0 0
  (1) pair sw, perpetual
      attributes: full, newton on
      pair build: full/bin/atomonly
      stencil: full/bin/3d
      bin: standard
Per MPI rank memory allocation (min/avg/max) = 3.063 | 3.063 | 3.063 Mbytes
   Step          Temp          E_pair         E_mol          TotEng         Press     
WARNING: Too many warnings: 210 vs 100. All future warnings will be suppressed (src/thermo.cpp:478)
         0   0             -275.88775      0             -275.88775     -6231.3662    
Loop time of 1.08e-06 on 1 procs for 0 steps with 64 atoms

185.2% CPU use with 1 MPI tasks x 1 OpenMP threads

MPI task timing breakdown:
Section |  min time  |  avg time  |  max time  |%varavg| %total
---------------------------------------------------------------
Pair    | 0          | 0          | 0          |   0.0 |  0.00
Neigh   | 0          | 0          | 0          |   0.0 |  0.00
Comm    | 0          | 0          | 0          |   0.0 |  0.00
Output  | 0          | 0          | 0          |   0.0 |  0.00
Modify  | 0          | 0          | 0          |   0.0 |  0.00
Other   |            | 1.08e-06   |            |       |100.00

Nlocal:             64 ave          64 max          64 min
Histogram: 1 0 0 0 0 0 0 0 0 0
Nghost:            448 ave         448 max         448 min
Histogram: 1 0 0 0 0 0 0 0 0 0
Neighs:              0 ave           0 max           0 min
Histogram: 1 0 0 0 0 0 0 0 0 0
FullNghs:         2180 ave        2180 max        2180 min
Histogram: 1 0 0 0 0 0 0 0 0 0

Total # of neighbors = 2180
Ave neighs/atom = 34.0625
Neighbor list builds = 0
Dangerous builds = 0
next i
jump SELF loop_struct
clear
  using 1 OpenMP thread(s) per MPI task
log energies.log append
units metal
boundary p p p
atom_style atomic
read_data Si222_${i}.in
read_data Si222_211.in
Reading data file ...
  orthogonal box = (0 0 0) to (10.887404 10.887404 10.887404)
  1 by 1 by 1 MPI processor grid
  reading atoms ...
  64 atoms
  reading velocities ...
  64 velocities
  read_data CPU = 0.001 seconds
mass 1 28.085
pair_style sw
pair_coeff * * Si.sw Si
Reading sw potential file Si.sw with DATE: 2007-06-11
run 0
Neighbor list info ...
  update: every = 1 steps, delay = 0 steps, check = yes
  max neighbors/atom: 2000, page size: 100000
  master list distance cutoff = 5.77118
  ghost atom cutoff = 5.77118
  binsize = 2.88559, bins = 4 4 4
  1 neighbor lists, perpetual/occasional/extra = 1 0 0
  (1) pair sw, perpetual
      attributes: full, newton on
      pair build: full/bin/atomonly
      stencil: full/bin/3d
      bin: standard
Per MPI rank memory allocation (min/avg/max) = 3.063 | 3.063 | 3.063 Mbytes
   Step          Temp          E_pair         E_mol          TotEng         Press     
WARNING: Too many warnings: 211 vs 100. All future warnings will be suppressed (src/thermo.cpp:478)
         0   0             -275.78149      0             -275.78149     -6178.2918    
Loop time of 1.02e-06 on 1 procs for 0 steps with 64 atoms

98.0% CPU use with 1 MPI tasks x 1 OpenMP threads

MPI task timing breakdown:
Section |  min time  |  avg time  |  max time  |%varavg| %total
---------------------------------------------------------------
Pair    | 0          | 0          | 0          |   0.0 |  0.00
Neigh   | 0          | 0          | 0          |   0.0 |  0.00
Comm    | 0          | 0          | 0          |   0.0 |  0.00
Output  | 0          | 0          | 0          |   0.0 |  0.00
Modify  | 0          | 0          | 0          |   0.0 |  0.00
Other   |            | 1.02e-06   |            |       |100.00

Nlocal:             64 ave          64 max          64 min
Histogram: 1 0 0 0 0 0 0 0 0 0
Nghost:            510 ave         510 max         510 min
Histogram: 1 0 0 0 0 0 0 0 0 0
Neighs:              0 ave           0 max           0 min
Histogram: 1 0 0 0 0 0 0 0 0 0
FullNghs:         2184 ave        2184 max        2184 min
Histogram: 1 0 0 0 0 0 0 0 0 0

Total # of neighbors = 2184
Ave neighs/atom = 34.125
Neighbor list builds = 0
Dangerous builds = 0
next i
jump SELF loop_struct
clear
  using 1 OpenMP thread(s) per MPI task
log energies.log append
units metal
boundary p p p
atom_style atomic
read_data Si222_${i}.in
read_data Si222_212.in
Reading data file ...
  orthogonal box = (0 0 0) to (10.887404 10.887404 10.887404)
  1 by 1 by 1 MPI processor grid
  reading atoms ...
  64 atoms
  reading velocities ...
  64 velocities
  read_data CPU = 0.001 seconds
mass 1 28.085
pair_style sw
pair_coeff * * Si.sw Si
Reading sw potential file Si.sw with DATE: 2007-06-11
run 0
Neighbor list info ...
  update: every = 1 steps, delay = 0 steps, check = yes
  max neighbors/atom: 2000, page size: 100000
  master list distance cutoff = 5.77118
  ghost atom cutoff = 5.77118
  binsize = 2.88559, bins = 4 4 4
  1 neighbor lists, perpetual/occasional/extra = 1 0 0
  (1) pair sw, perpetual
      attributes: full, newton on
      pair build: full/bin/atomonly
      stencil: full/bin/3d
      bin: standard
Per MPI rank memory allocation (min/avg/max) = 3.071 | 3.071 | 3.071 Mbytes
   Step          Temp          E_pair         E_mol          TotEng         Press     
WARNING: Too many warnings: 212 vs 100. All future warnings will be suppressed (src/thermo.cpp:478)
         0   0             -275.67549      0             -275.67549     -6065.4261    
Loop time of 1.03e-06 on 1 procs for 0 steps with 64 atoms

97.1% CPU use with 1 MPI tasks x 1 OpenMP threads

MPI task timing breakdown:
Section |  min time  |  avg time  |  max time  |%varavg| %total
---------------------------------------------------------------
Pair    | 0          | 0          | 0          |   0.0 |  0.00
Neigh   | 0          | 0          | 0          |   0.0 |  0.00
Comm    | 0          | 0          | 0          |   0.0 |  0.00
Output  | 0          | 0          | 0          |   0.0 |  0.00
Modify  | 0          | 0          | 0          |   0.0 |  0.00
Other   |            | 1.03e-06   |            |       |100.00

Nlocal:             64 ave          64 max          64 min
Histogram: 1 0 0 0 0 0 0 0 0 0
Nghost:            516 ave         516 max         516 min
Histogram: 1 0 0 0 0 0 0 0 0 0
Neighs:              0 ave           0 max           0 min
Histogram: 1 0 0 0 0 0 0 0 0 0
FullNghs:         2188 ave        2188 max        2188 min
Histogram: 1 0 0 0 0 0 0 0 0 0

Total # of neighbors = 2188
Ave neighs/atom = 34.1875
Neighbor list builds = 0
Dangerous builds = 0
next i
jump SELF loop_struct
clear
  using 1 OpenMP thread(s) per MPI task
log energies.log append
units metal
boundary p p p
atom_style atomic
read_data Si222_${i}.in
read_data Si222_213.in
Reading data file ...
  orthogonal box = (0 0 0) to (10.887404 10.887404 10.887404)
  1 by 1 by 1 MPI processor grid
  reading atoms ...
  64 atoms
  reading velocities ...
  64 velocities
  read_data CPU = 0.001 seconds
mass 1 28.085
pair_style sw
pair_coeff * * Si.sw Si
Reading sw potential file Si.sw with DATE: 2007-06-11
run 0
Neighbor list info ...
  update: every = 1 steps, delay = 0 steps, check = yes
  max neighbors/atom: 2000, page size: 100000
  master list distance cutoff = 5.77118
  ghost atom cutoff = 5.77118
  binsize = 2.88559, bins = 4 4 4
  1 neighbor lists, perpetual/occasional/extra = 1 0 0
  (1) pair sw, perpetual
      attributes: full, newton on
      pair build: full/bin/atomonly
      stencil: full/bin/3d
      bin: standard
Per MPI rank memory allocation (min/avg/max) = 3.063 | 3.063 | 3.063 Mbytes
   Step          Temp          E_pair         E_mol          TotEng         Press     
WARNING: Too many warnings: 213 vs 100. All future warnings will be suppressed (src/thermo.cpp:478)
         0   0             -275.32685      0             -275.32685     -5500.2955    
Loop time of 1.03e-06 on 1 procs for 0 steps with 64 atoms

97.1% CPU use with 1 MPI tasks x 1 OpenMP threads

MPI task timing breakdown:
Section |  min time  |  avg time  |  max time  |%varavg| %total
---------------------------------------------------------------
Pair    | 0          | 0          | 0          |   0.0 |  0.00
Neigh   | 0          | 0          | 0          |   0.0 |  0.00
Comm    | 0          | 0          | 0          |   0.0 |  0.00
Output  | 0          | 0          | 0          |   0.0 |  0.00
Modify  | 0          | 0          | 0          |   0.0 |  0.00
Other   |            | 1.03e-06   |            |       |100.00

Nlocal:             64 ave          64 max          64 min
Histogram: 1 0 0 0 0 0 0 0 0 0
Nghost:            480 ave         480 max         480 min
Histogram: 1 0 0 0 0 0 0 0 0 0
Neighs:              0 ave           0 max           0 min
Histogram: 1 0 0 0 0 0 0 0 0 0
FullNghs:         2182 ave        2182 max        2182 min
Histogram: 1 0 0 0 0 0 0 0 0 0

Total # of neighbors = 2182
Ave neighs/atom = 34.09375
Neighbor list builds = 0
Dangerous builds = 0
next i
jump SELF loop_struct
clear
  using 1 OpenMP thread(s) per MPI task
log energies.log append
units metal
boundary p p p
atom_style atomic
read_data Si222_${i}.in
read_data Si222_214.in
Reading data file ...
  orthogonal box = (0 0 0) to (10.887404 10.887404 10.887404)
  1 by 1 by 1 MPI processor grid
  reading atoms ...
  64 atoms
  reading velocities ...
  64 velocities
  read_data CPU = 0.001 seconds
mass 1 28.085
pair_style sw
pair_coeff * * Si.sw Si
Reading sw potential file Si.sw with DATE: 2007-06-11
run 0
Neighbor list info ...
  update: every = 1 steps, delay = 0 steps, check = yes
  max neighbors/atom: 2000, page size: 100000
  master list distance cutoff = 5.77118
  ghost atom cutoff = 5.77118
  binsize = 2.88559, bins = 4 4 4
  1 neighbor lists, perpetual/occasional/extra = 1 0 0
  (1) pair sw, perpetual
      attributes: full, newton on
      pair build: full/bin/atomonly
      stencil: full/bin/3d
      bin: standard
Per MPI rank memory allocation (min/avg/max) = 3.063 | 3.063 | 3.063 Mbytes
   Step          Temp          E_pair         E_mol          TotEng         Press     
WARNING: Too many warnings: 214 vs 100. All future warnings will be suppressed (src/thermo.cpp:478)
         0   0             -275.41329      0             -275.41329     -5602.034     
Loop time of 1.69e-06 on 1 procs for 0 steps with 64 atoms

59.2% CPU use with 1 MPI tasks x 1 OpenMP threads

MPI task timing breakdown:
Section |  min time  |  avg time  |  max time  |%varavg| %total
---------------------------------------------------------------
Pair    | 0          | 0          | 0          |   0.0 |  0.00
Neigh   | 0          | 0          | 0          |   0.0 |  0.00
Comm    | 0          | 0          | 0          |   0.0 |  0.00
Output  | 0          | 0          | 0          |   0.0 |  0.00
Modify  | 0          | 0          | 0          |   0.0 |  0.00
Other   |            | 1.69e-06   |            |       |100.00

Nlocal:             64 ave          64 max          64 min
Histogram: 1 0 0 0 0 0 0 0 0 0
Nghost:            460 ave         460 max         460 min
Histogram: 1 0 0 0 0 0 0 0 0 0
Neighs:              0 ave           0 max           0 min
Histogram: 1 0 0 0 0 0 0 0 0 0
FullNghs:         2188 ave        2188 max        2188 min
Histogram: 1 0 0 0 0 0 0 0 0 0

Total # of neighbors = 2188
Ave neighs/atom = 34.1875
Neighbor list builds = 0
Dangerous builds = 0
next i
jump SELF loop_struct
clear
  using 1 OpenMP thread(s) per MPI task
log energies.log append
units metal
boundary p p p
atom_style atomic
read_data Si222_${i}.in
read_data Si222_215.in
Reading data file ...
  orthogonal box = (0 0 0) to (10.887404 10.887404 10.887404)
  1 by 1 by 1 MPI processor grid
  reading atoms ...
  64 atoms
  reading velocities ...
  64 velocities
  read_data CPU = 0.001 seconds
mass 1 28.085
pair_style sw
pair_coeff * * Si.sw Si
Reading sw potential file Si.sw with DATE: 2007-06-11
run 0
Neighbor list info ...
  update: every = 1 steps, delay = 0 steps, check = yes
  max neighbors/atom: 2000, page size: 100000
  master list distance cutoff = 5.77118
  ghost atom cutoff = 5.77118
  binsize = 2.88559, bins = 4 4 4
  1 neighbor lists, perpetual/occasional/extra = 1 0 0
  (1) pair sw, perpetual
      attributes: full, newton on
      pair build: full/bin/atomonly
      stencil: full/bin/3d
      bin: standard
Per MPI rank memory allocation (min/avg/max) = 3.063 | 3.063 | 3.063 Mbytes
   Step          Temp          E_pair         E_mol          TotEng         Press     
WARNING: Too many warnings: 215 vs 100. All future warnings will be suppressed (src/thermo.cpp:478)
         0   0             -275.59867      0             -275.59867     -5843.6488    
Loop time of 1.01e-06 on 1 procs for 0 steps with 64 atoms

0.0% CPU use with 1 MPI tasks x 1 OpenMP threads

MPI task timing breakdown:
Section |  min time  |  avg time  |  max time  |%varavg| %total
---------------------------------------------------------------
Pair    | 0          | 0          | 0          |   0.0 |  0.00
Neigh   | 0          | 0          | 0          |   0.0 |  0.00
Comm    | 0          | 0          | 0          |   0.0 |  0.00
Output  | 0          | 0          | 0          |   0.0 |  0.00
Modify  | 0          | 0          | 0          |   0.0 |  0.00
Other   |            | 1.01e-06   |            |       |100.00

Nlocal:             64 ave          64 max          64 min
Histogram: 1 0 0 0 0 0 0 0 0 0
Nghost:            496 ave         496 max         496 min
Histogram: 1 0 0 0 0 0 0 0 0 0
Neighs:              0 ave           0 max           0 min
Histogram: 1 0 0 0 0 0 0 0 0 0
FullNghs:         2182 ave        2182 max        2182 min
Histogram: 1 0 0 0 0 0 0 0 0 0

Total # of neighbors = 2182
Ave neighs/atom = 34.09375
Neighbor list builds = 0
Dangerous builds = 0
next i
jump SELF loop_struct
clear
  using 1 OpenMP thread(s) per MPI task
log energies.log append
units metal
boundary p p p
atom_style atomic
read_data Si222_${i}.in
read_data Si222_216.in
Reading data file ...
  orthogonal box = (0 0 0) to (10.887404 10.887404 10.887404)
  1 by 1 by 1 MPI processor grid
  reading atoms ...
  64 atoms
  reading velocities ...
  64 velocities
  read_data CPU = 0.001 seconds
mass 1 28.085
pair_style sw
pair_coeff * * Si.sw Si
Reading sw potential file Si.sw with DATE: 2007-06-11
run 0
Neighbor list info ...
  update: every = 1 steps, delay = 0 steps, check = yes
  max neighbors/atom: 2000, page size: 100000
  master list distance cutoff = 5.77118
  ghost atom cutoff = 5.77118
  binsize = 2.88559, bins = 4 4 4
  1 neighbor lists, perpetual/occasional/extra = 1 0 0
  (1) pair sw, perpetual
      attributes: full, newton on
      pair build: full/bin/atomonly
      stencil: full/bin/3d
      bin: standard
Per MPI rank memory allocation (min/avg/max) = 3.063 | 3.063 | 3.063 Mbytes
   Step          Temp          E_pair         E_mol          TotEng         Press     
WARNING: Too many warnings: 216 vs 100. All future warnings will be suppressed (src/thermo.cpp:478)
         0   0             -275.36934      0             -275.36934     -5701.2991    
Loop time of 1.07e-06 on 1 procs for 0 steps with 64 atoms

93.5% CPU use with 1 MPI tasks x 1 OpenMP threads

MPI task timing breakdown:
Section |  min time  |  avg time  |  max time  |%varavg| %total
---------------------------------------------------------------
Pair    | 0          | 0          | 0          |   0.0 |  0.00
Neigh   | 0          | 0          | 0          |   0.0 |  0.00
Comm    | 0          | 0          | 0          |   0.0 |  0.00
Output  | 0          | 0          | 0          |   0.0 |  0.00
Modify  | 0          | 0          | 0          |   0.0 |  0.00
Other   |            | 1.07e-06   |            |       |100.00

Nlocal:             64 ave          64 max          64 min
Histogram: 1 0 0 0 0 0 0 0 0 0
Nghost:            486 ave         486 max         486 min
Histogram: 1 0 0 0 0 0 0 0 0 0
Neighs:              0 ave           0 max           0 min
Histogram: 1 0 0 0 0 0 0 0 0 0
FullNghs:         2184 ave        2184 max        2184 min
Histogram: 1 0 0 0 0 0 0 0 0 0

Total # of neighbors = 2184
Ave neighs/atom = 34.125
Neighbor list builds = 0
Dangerous builds = 0
next i
jump SELF loop_struct
clear
  using 1 OpenMP thread(s) per MPI task
log energies.log append
units metal
boundary p p p
atom_style atomic
read_data Si222_${i}.in
read_data Si222_217.in
Reading data file ...
  orthogonal box = (0 0 0) to (10.887404 10.887404 10.887404)
  1 by 1 by 1 MPI processor grid
  reading atoms ...
  64 atoms
  reading velocities ...
  64 velocities
  read_data CPU = 0.001 seconds
mass 1 28.085
pair_style sw
pair_coeff * * Si.sw Si
Reading sw potential file Si.sw with DATE: 2007-06-11
run 0
Neighbor list info ...
  update: every = 1 steps, delay = 0 steps, check = yes
  max neighbors/atom: 2000, page size: 100000
  master list distance cutoff = 5.77118
  ghost atom cutoff = 5.77118
  binsize = 2.88559, bins = 4 4 4
  1 neighbor lists, perpetual/occasional/extra = 1 0 0
  (1) pair sw, perpetual
      attributes: full, newton on
      pair build: full/bin/atomonly
      stencil: full/bin/3d
      bin: standard
Per MPI rank memory allocation (min/avg/max) = 3.063 | 3.063 | 3.063 Mbytes
   Step          Temp          E_pair         E_mol          TotEng         Press     
WARNING: Too many warnings: 217 vs 100. All future warnings will be suppressed (src/thermo.cpp:478)
         0   0             -275.64789      0             -275.64789     -5757.7169    
Loop time of 1.02e-06 on 1 procs for 0 steps with 64 atoms

98.0% CPU use with 1 MPI tasks x 1 OpenMP threads

MPI task timing breakdown:
Section |  min time  |  avg time  |  max time  |%varavg| %total
---------------------------------------------------------------
Pair    | 0          | 0          | 0          |   0.0 |  0.00
Neigh   | 0          | 0          | 0          |   0.0 |  0.00
Comm    | 0          | 0          | 0          |   0.0 |  0.00
Output  | 0          | 0          | 0          |   0.0 |  0.00
Modify  | 0          | 0          | 0          |   0.0 |  0.00
Other   |            | 1.02e-06   |            |       |100.00

Nlocal:             64 ave          64 max          64 min
Histogram: 1 0 0 0 0 0 0 0 0 0
Nghost:            518 ave         518 max         518 min
Histogram: 1 0 0 0 0 0 0 0 0 0
Neighs:              0 ave           0 max           0 min
Histogram: 1 0 0 0 0 0 0 0 0 0
FullNghs:         2184 ave        2184 max        2184 min
Histogram: 1 0 0 0 0 0 0 0 0 0

Total # of neighbors = 2184
Ave neighs/atom = 34.125
Neighbor list builds = 0
Dangerous builds = 0
next i
jump SELF loop_struct
clear
  using 1 OpenMP thread(s) per MPI task
log energies.log append
units metal
boundary p p p
atom_style atomic
read_data Si222_${i}.in
read_data Si222_218.in
Reading data file ...
  orthogonal box = (0 0 0) to (10.887404 10.887404 10.887404)
  1 by 1 by 1 MPI processor grid
  reading atoms ...
  64 atoms
  reading velocities ...
  64 velocities
  read_data CPU = 0.001 seconds
mass 1 28.085
pair_style sw
pair_coeff * * Si.sw Si
Reading sw potential file Si.sw with DATE: 2007-06-11
run 0
Neighbor list info ...
  update: every = 1 steps, delay = 0 steps, check = yes
  max neighbors/atom: 2000, page size: 100000
  master list distance cutoff = 5.77118
  ghost atom cutoff = 5.77118
  binsize = 2.88559, bins = 4 4 4
  1 neighbor lists, perpetual/occasional/extra = 1 0 0
  (1) pair sw, perpetual
      attributes: full, newton on
      pair build: full/bin/atomonly
      stencil: full/bin/3d
      bin: standard
Per MPI rank memory allocation (min/avg/max) = 3.063 | 3.063 | 3.063 Mbytes
   Step          Temp          E_pair         E_mol          TotEng         Press     
WARNING: Too many warnings: 218 vs 100. All future warnings will be suppressed (src/thermo.cpp:478)
         0   0             -275.3551       0             -275.3551      -5770.9196    
Loop time of 1.05e-06 on 1 procs for 0 steps with 64 atoms

0.0% CPU use with 1 MPI tasks x 1 OpenMP threads

MPI task timing breakdown:
Section |  min time  |  avg time  |  max time  |%varavg| %total
---------------------------------------------------------------
Pair    | 0          | 0          | 0          |   0.0 |  0.00
Neigh   | 0          | 0          | 0          |   0.0 |  0.00
Comm    | 0          | 0          | 0          |   0.0 |  0.00
Output  | 0          | 0          | 0          |   0.0 |  0.00
Modify  | 0          | 0          | 0          |   0.0 |  0.00
Other   |            | 1.05e-06   |            |       |100.00

Nlocal:             64 ave          64 max          64 min
Histogram: 1 0 0 0 0 0 0 0 0 0
Nghost:            476 ave         476 max         476 min
Histogram: 1 0 0 0 0 0 0 0 0 0
Neighs:              0 ave           0 max           0 min
Histogram: 1 0 0 0 0 0 0 0 0 0
FullNghs:         2180 ave        2180 max        2180 min
Histogram: 1 0 0 0 0 0 0 0 0 0

Total # of neighbors = 2180
Ave neighs/atom = 34.0625
Neighbor list builds = 0
Dangerous builds = 0
next i
jump SELF loop_struct
clear
  using 1 OpenMP thread(s) per MPI task
log energies.log append
units metal
boundary p p p
atom_style atomic
read_data Si222_${i}.in
read_data Si222_219.in
Reading data file ...
  orthogonal box = (0 0 0) to (10.887404 10.887404 10.887404)
  1 by 1 by 1 MPI processor grid
  reading atoms ...
  64 atoms
  reading velocities ...
  64 velocities
  read_data CPU = 0.001 seconds
mass 1 28.085
pair_style sw
pair_coeff * * Si.sw Si
Reading sw potential file Si.sw with DATE: 2007-06-11
run 0
Neighbor list info ...
  update: every = 1 steps, delay = 0 steps, check = yes
  max neighbors/atom: 2000, page size: 100000
  master list distance cutoff = 5.77118
  ghost atom cutoff = 5.77118
  binsize = 2.88559, bins = 4 4 4
  1 neighbor lists, perpetual/occasional/extra = 1 0 0
  (1) pair sw, perpetual
      attributes: full, newton on
      pair build: full/bin/atomonly
      stencil: full/bin/3d
      bin: standard
Per MPI rank memory allocation (min/avg/max) = 3.063 | 3.063 | 3.063 Mbytes
   Step          Temp          E_pair         E_mol          TotEng         Press     
WARNING: Too many warnings: 219 vs 100. All future warnings will be suppressed (src/thermo.cpp:478)
         0   0             -275.6656       0             -275.6656      -5866.5084    
Loop time of 1.03e-06 on 1 procs for 0 steps with 64 atoms

0.0% CPU use with 1 MPI tasks x 1 OpenMP threads

MPI task timing breakdown:
Section |  min time  |  avg time  |  max time  |%varavg| %total
---------------------------------------------------------------
Pair    | 0          | 0          | 0          |   0.0 |  0.00
Neigh   | 0          | 0          | 0          |   0.0 |  0.00
Comm    | 0          | 0          | 0          |   0.0 |  0.00
Output  | 0          | 0          | 0          |   0.0 |  0.00
Modify  | 0          | 0          | 0          |   0.0 |  0.00
Other   |            | 1.03e-06   |            |       |100.00

Nlocal:             64 ave          64 max          64 min
Histogram: 1 0 0 0 0 0 0 0 0 0
Nghost:            526 ave         526 max         526 min
Histogram: 1 0 0 0 0 0 0 0 0 0
Neighs:              0 ave           0 max           0 min
Histogram: 1 0 0 0 0 0 0 0 0 0
FullNghs:         2188 ave        2188 max        2188 min
Histogram: 1 0 0 0 0 0 0 0 0 0

Total # of neighbors = 2188
Ave neighs/atom = 34.1875
Neighbor list builds = 0
Dangerous builds = 0
next i
jump SELF loop_struct
clear
  using 1 OpenMP thread(s) per MPI task
log energies.log append
units metal
boundary p p p
atom_style atomic
read_data Si222_${i}.in
read_data Si222_220.in
Reading data file ...
  orthogonal box = (0 0 0) to (10.887404 10.887404 10.887404)
  1 by 1 by 1 MPI processor grid
  reading atoms ...
  64 atoms
  reading velocities ...
  64 velocities
  read_data CPU = 0.001 seconds
mass 1 28.085
pair_style sw
pair_coeff * * Si.sw Si
Reading sw potential file Si.sw with DATE: 2007-06-11
run 0
Neighbor list info ...
  update: every = 1 steps, delay = 0 steps, check = yes
  max neighbors/atom: 2000, page size: 100000
  master list distance cutoff = 5.77118
  ghost atom cutoff = 5.77118
  binsize = 2.88559, bins = 4 4 4
  1 neighbor lists, perpetual/occasional/extra = 1 0 0
  (1) pair sw, perpetual
      attributes: full, newton on
      pair build: full/bin/atomonly
      stencil: full/bin/3d
      bin: standard
Per MPI rank memory allocation (min/avg/max) = 3.063 | 3.063 | 3.063 Mbytes
   Step          Temp          E_pair         E_mol          TotEng         Press     
WARNING: Too many warnings: 220 vs 100. All future warnings will be suppressed (src/thermo.cpp:478)
         0   0             -275.32216      0             -275.32216     -5637.7063    
Loop time of 1.03e-06 on 1 procs for 0 steps with 64 atoms

194.2% CPU use with 1 MPI tasks x 1 OpenMP threads

MPI task timing breakdown:
Section |  min time  |  avg time  |  max time  |%varavg| %total
---------------------------------------------------------------
Pair    | 0          | 0          | 0          |   0.0 |  0.00
Neigh   | 0          | 0          | 0          |   0.0 |  0.00
Comm    | 0          | 0          | 0          |   0.0 |  0.00
Output  | 0          | 0          | 0          |   0.0 |  0.00
Modify  | 0          | 0          | 0          |   0.0 |  0.00
Other   |            | 1.03e-06   |            |       |100.00

Nlocal:             64 ave          64 max          64 min
Histogram: 1 0 0 0 0 0 0 0 0 0
Nghost:            508 ave         508 max         508 min
Histogram: 1 0 0 0 0 0 0 0 0 0
Neighs:              0 ave           0 max           0 min
Histogram: 1 0 0 0 0 0 0 0 0 0
FullNghs:         2182 ave        2182 max        2182 min
Histogram: 1 0 0 0 0 0 0 0 0 0

Total # of neighbors = 2182
Ave neighs/atom = 34.09375
Neighbor list builds = 0
Dangerous builds = 0
next i
jump SELF loop_struct
clear
  using 1 OpenMP thread(s) per MPI task
log energies.log append
units metal
boundary p p p
atom_style atomic
read_data Si222_${i}.in
read_data Si222_221.in
Reading data file ...
  orthogonal box = (0 0 0) to (10.887404 10.887404 10.887404)
  1 by 1 by 1 MPI processor grid
  reading atoms ...
  64 atoms
  reading velocities ...
  64 velocities
  read_data CPU = 0.001 seconds
mass 1 28.085
pair_style sw
pair_coeff * * Si.sw Si
Reading sw potential file Si.sw with DATE: 2007-06-11
run 0
Neighbor list info ...
  update: every = 1 steps, delay = 0 steps, check = yes
  max neighbors/atom: 2000, page size: 100000
  master list distance cutoff = 5.77118
  ghost atom cutoff = 5.77118
  binsize = 2.88559, bins = 4 4 4
  1 neighbor lists, perpetual/occasional/extra = 1 0 0
  (1) pair sw, perpetual
      attributes: full, newton on
      pair build: full/bin/atomonly
      stencil: full/bin/3d
      bin: standard
Per MPI rank memory allocation (min/avg/max) = 3.063 | 3.063 | 3.063 Mbytes
   Step          Temp          E_pair         E_mol          TotEng         Press     
WARNING: Too many warnings: 221 vs 100. All future warnings will be suppressed (src/thermo.cpp:478)
         0   0             -275.13312      0             -275.13312     -5798.8106    
Loop time of 1.01e-06 on 1 procs for 0 steps with 64 atoms

99.0% CPU use with 1 MPI tasks x 1 OpenMP threads

MPI task timing breakdown:
Section |  min time  |  avg time  |  max time  |%varavg| %total
---------------------------------------------------------------
Pair    | 0          | 0          | 0          |   0.0 |  0.00
Neigh   | 0          | 0          | 0          |   0.0 |  0.00
Comm    | 0          | 0          | 0          |   0.0 |  0.00
Output  | 0          | 0          | 0          |   0.0 |  0.00
Modify  | 0          | 0          | 0          |   0.0 |  0.00
Other   |            | 1.01e-06   |            |       |100.00

Nlocal:             64 ave          64 max          64 min
Histogram: 1 0 0 0 0 0 0 0 0 0
Nghost:            496 ave         496 max         496 min
Histogram: 1 0 0 0 0 0 0 0 0 0
Neighs:              0 ave           0 max           0 min
Histogram: 1 0 0 0 0 0 0 0 0 0
FullNghs:         2190 ave        2190 max        2190 min
Histogram: 1 0 0 0 0 0 0 0 0 0

Total # of neighbors = 2190
Ave neighs/atom = 34.21875
Neighbor list builds = 0
Dangerous builds = 0
next i
jump SELF loop_struct
clear
  using 1 OpenMP thread(s) per MPI task
log energies.log append
units metal
boundary p p p
atom_style atomic
read_data Si222_${i}.in
read_data Si222_222.in
Reading data file ...
  orthogonal box = (0 0 0) to (10.887404 10.887404 10.887404)
  1 by 1 by 1 MPI processor grid
  reading atoms ...
  64 atoms
  reading velocities ...
  64 velocities
  read_data CPU = 0.001 seconds
mass 1 28.085
pair_style sw
pair_coeff * * Si.sw Si
Reading sw potential file Si.sw with DATE: 2007-06-11
run 0
Neighbor list info ...
  update: every = 1 steps, delay = 0 steps, check = yes
  max neighbors/atom: 2000, page size: 100000
  master list distance cutoff = 5.77118
  ghost atom cutoff = 5.77118
  binsize = 2.88559, bins = 4 4 4
  1 neighbor lists, perpetual/occasional/extra = 1 0 0
  (1) pair sw, perpetual
      attributes: full, newton on
      pair build: full/bin/atomonly
      stencil: full/bin/3d
      bin: standard
Per MPI rank memory allocation (min/avg/max) = 3.063 | 3.063 | 3.063 Mbytes
   Step          Temp          E_pair         E_mol          TotEng         Press     
WARNING: Too many warnings: 222 vs 100. All future warnings will be suppressed (src/thermo.cpp:478)
         0   0             -275.53182      0             -275.53182     -6110.0395    
Loop time of 1.01e-06 on 1 procs for 0 steps with 64 atoms

99.0% CPU use with 1 MPI tasks x 1 OpenMP threads

MPI task timing breakdown:
Section |  min time  |  avg time  |  max time  |%varavg| %total
---------------------------------------------------------------
Pair    | 0          | 0          | 0          |   0.0 |  0.00
Neigh   | 0          | 0          | 0          |   0.0 |  0.00
Comm    | 0          | 0          | 0          |   0.0 |  0.00
Output  | 0          | 0          | 0          |   0.0 |  0.00
Modify  | 0          | 0          | 0          |   0.0 |  0.00
Other   |            | 1.01e-06   |            |       |100.00

Nlocal:             64 ave          64 max          64 min
Histogram: 1 0 0 0 0 0 0 0 0 0
Nghost:            496 ave         496 max         496 min
Histogram: 1 0 0 0 0 0 0 0 0 0
Neighs:              0 ave           0 max           0 min
Histogram: 1 0 0 0 0 0 0 0 0 0
FullNghs:         2184 ave        2184 max        2184 min
Histogram: 1 0 0 0 0 0 0 0 0 0

Total # of neighbors = 2184
Ave neighs/atom = 34.125
Neighbor list builds = 0
Dangerous builds = 0
next i
jump SELF loop_struct
clear
  using 1 OpenMP thread(s) per MPI task
log energies.log append
units metal
boundary p p p
atom_style atomic
read_data Si222_${i}.in
read_data Si222_223.in
Reading data file ...
  orthogonal box = (0 0 0) to (10.887404 10.887404 10.887404)
  1 by 1 by 1 MPI processor grid
  reading atoms ...
  64 atoms
  reading velocities ...
  64 velocities
  read_data CPU = 0.001 seconds
mass 1 28.085
pair_style sw
pair_coeff * * Si.sw Si
Reading sw potential file Si.sw with DATE: 2007-06-11
run 0
Neighbor list info ...
  update: every = 1 steps, delay = 0 steps, check = yes
  max neighbors/atom: 2000, page size: 100000
  master list distance cutoff = 5.77118
  ghost atom cutoff = 5.77118
  binsize = 2.88559, bins = 4 4 4
  1 neighbor lists, perpetual/occasional/extra = 1 0 0
  (1) pair sw, perpetual
      attributes: full, newton on
      pair build: full/bin/atomonly
      stencil: full/bin/3d
      bin: standard
Per MPI rank memory allocation (min/avg/max) = 3.063 | 3.063 | 3.063 Mbytes
   Step          Temp          E_pair         E_mol          TotEng         Press     
WARNING: Too many warnings: 223 vs 100. All future warnings will be suppressed (src/thermo.cpp:478)
         0   0             -275.72826      0             -275.72826     -5696.6045    
Loop time of 1.02e-06 on 1 procs for 0 steps with 64 atoms

98.0% CPU use with 1 MPI tasks x 1 OpenMP threads

MPI task timing breakdown:
Section |  min time  |  avg time  |  max time  |%varavg| %total
---------------------------------------------------------------
Pair    | 0          | 0          | 0          |   0.0 |  0.00
Neigh   | 0          | 0          | 0          |   0.0 |  0.00
Comm    | 0          | 0          | 0          |   0.0 |  0.00
Output  | 0          | 0          | 0          |   0.0 |  0.00
Modify  | 0          | 0          | 0          |   0.0 |  0.00
Other   |            | 1.02e-06   |            |       |100.00

Nlocal:             64 ave          64 max          64 min
Histogram: 1 0 0 0 0 0 0 0 0 0
Nghost:            480 ave         480 max         480 min
Histogram: 1 0 0 0 0 0 0 0 0 0
Neighs:              0 ave           0 max           0 min
Histogram: 1 0 0 0 0 0 0 0 0 0
FullNghs:         2180 ave        2180 max        2180 min
Histogram: 1 0 0 0 0 0 0 0 0 0

Total # of neighbors = 2180
Ave neighs/atom = 34.0625
Neighbor list builds = 0
Dangerous builds = 0
next i
jump SELF loop_struct
clear
  using 1 OpenMP thread(s) per MPI task
log energies.log append
units metal
boundary p p p
atom_style atomic
read_data Si222_${i}.in
read_data Si222_224.in
Reading data file ...
  orthogonal box = (0 0 0) to (10.887404 10.887404 10.887404)
  1 by 1 by 1 MPI processor grid
  reading atoms ...
  64 atoms
  reading velocities ...
  64 velocities
  read_data CPU = 0.001 seconds
mass 1 28.085
pair_style sw
pair_coeff * * Si.sw Si
Reading sw potential file Si.sw with DATE: 2007-06-11
run 0
Neighbor list info ...
  update: every = 1 steps, delay = 0 steps, check = yes
  max neighbors/atom: 2000, page size: 100000
  master list distance cutoff = 5.77118
  ghost atom cutoff = 5.77118
  binsize = 2.88559, bins = 4 4 4
  1 neighbor lists, perpetual/occasional/extra = 1 0 0
  (1) pair sw, perpetual
      attributes: full, newton on
      pair build: full/bin/atomonly
      stencil: full/bin/3d
      bin: standard
Per MPI rank memory allocation (min/avg/max) = 3.071 | 3.071 | 3.071 Mbytes
   Step          Temp          E_pair         E_mol          TotEng         Press     
WARNING: Too many warnings: 224 vs 100. All future warnings will be suppressed (src/thermo.cpp:478)
         0   0             -275.62586      0             -275.62586     -6212.3989    
Loop time of 1.06e-06 on 1 procs for 0 steps with 64 atoms

94.3% CPU use with 1 MPI tasks x 1 OpenMP threads

MPI task timing breakdown:
Section |  min time  |  avg time  |  max time  |%varavg| %total
---------------------------------------------------------------
Pair    | 0          | 0          | 0          |   0.0 |  0.00
Neigh   | 0          | 0          | 0          |   0.0 |  0.00
Comm    | 0          | 0          | 0          |   0.0 |  0.00
Output  | 0          | 0          | 0          |   0.0 |  0.00
Modify  | 0          | 0          | 0          |   0.0 |  0.00
Other   |            | 1.06e-06   |            |       |100.00

Nlocal:             64 ave          64 max          64 min
Histogram: 1 0 0 0 0 0 0 0 0 0
Nghost:            516 ave         516 max         516 min
Histogram: 1 0 0 0 0 0 0 0 0 0
Neighs:              0 ave           0 max           0 min
Histogram: 1 0 0 0 0 0 0 0 0 0
FullNghs:         2184 ave        2184 max        2184 min
Histogram: 1 0 0 0 0 0 0 0 0 0

Total # of neighbors = 2184
Ave neighs/atom = 34.125
Neighbor list builds = 0
Dangerous builds = 0
next i
jump SELF loop_struct
clear
  using 1 OpenMP thread(s) per MPI task
log energies.log append
units metal
boundary p p p
atom_style atomic
read_data Si222_${i}.in
read_data Si222_225.in
Reading data file ...
  orthogonal box = (0 0 0) to (10.887404 10.887404 10.887404)
  1 by 1 by 1 MPI processor grid
  reading atoms ...
  64 atoms
  reading velocities ...
  64 velocities
  read_data CPU = 0.001 seconds
mass 1 28.085
pair_style sw
pair_coeff * * Si.sw Si
Reading sw potential file Si.sw with DATE: 2007-06-11
run 0
Neighbor list info ...
  update: every = 1 steps, delay = 0 steps, check = yes
  max neighbors/atom: 2000, page size: 100000
  master list distance cutoff = 5.77118
  ghost atom cutoff = 5.77118
  binsize = 2.88559, bins = 4 4 4
  1 neighbor lists, perpetual/occasional/extra = 1 0 0
  (1) pair sw, perpetual
      attributes: full, newton on
      pair build: full/bin/atomonly
      stencil: full/bin/3d
      bin: standard
Per MPI rank memory allocation (min/avg/max) = 3.063 | 3.063 | 3.063 Mbytes
   Step          Temp          E_pair         E_mol          TotEng         Press     
WARNING: Too many warnings: 225 vs 100. All future warnings will be suppressed (src/thermo.cpp:478)
         0   0             -275.26517      0             -275.26517     -5637.7054    
Loop time of 1.03e-06 on 1 procs for 0 steps with 64 atoms

97.1% CPU use with 1 MPI tasks x 1 OpenMP threads

MPI task timing breakdown:
Section |  min time  |  avg time  |  max time  |%varavg| %total
---------------------------------------------------------------
Pair    | 0          | 0          | 0          |   0.0 |  0.00
Neigh   | 0          | 0          | 0          |   0.0 |  0.00
Comm    | 0          | 0          | 0          |   0.0 |  0.00
Output  | 0          | 0          | 0          |   0.0 |  0.00
Modify  | 0          | 0          | 0          |   0.0 |  0.00
Other   |            | 1.03e-06   |            |       |100.00

Nlocal:             64 ave          64 max          64 min
Histogram: 1 0 0 0 0 0 0 0 0 0
Nghost:            448 ave         448 max         448 min
Histogram: 1 0 0 0 0 0 0 0 0 0
Neighs:              0 ave           0 max           0 min
Histogram: 1 0 0 0 0 0 0 0 0 0
FullNghs:         2186 ave        2186 max        2186 min
Histogram: 1 0 0 0 0 0 0 0 0 0

Total # of neighbors = 2186
Ave neighs/atom = 34.15625
Neighbor list builds = 0
Dangerous builds = 0
next i
jump SELF loop_struct
clear
  using 1 OpenMP thread(s) per MPI task
log energies.log append
units metal
boundary p p p
atom_style atomic
read_data Si222_${i}.in
read_data Si222_226.in
Reading data file ...
  orthogonal box = (0 0 0) to (10.887404 10.887404 10.887404)
  1 by 1 by 1 MPI processor grid
  reading atoms ...
  64 atoms
  reading velocities ...
  64 velocities
  read_data CPU = 0.001 seconds
mass 1 28.085
pair_style sw
pair_coeff * * Si.sw Si
Reading sw potential file Si.sw with DATE: 2007-06-11
run 0
Neighbor list info ...
  update: every = 1 steps, delay = 0 steps, check = yes
  max neighbors/atom: 2000, page size: 100000
  master list distance cutoff = 5.77118
  ghost atom cutoff = 5.77118
  binsize = 2.88559, bins = 4 4 4
  1 neighbor lists, perpetual/occasional/extra = 1 0 0
  (1) pair sw, perpetual
      attributes: full, newton on
      pair build: full/bin/atomonly
      stencil: full/bin/3d
      bin: standard
Per MPI rank memory allocation (min/avg/max) = 3.063 | 3.063 | 3.063 Mbytes
   Step          Temp          E_pair         E_mol          TotEng         Press     
WARNING: Too many warnings: 226 vs 100. All future warnings will be suppressed (src/thermo.cpp:478)
         0   0             -275.56625      0             -275.56625     -5979.0286    
Loop time of 1.07e-06 on 1 procs for 0 steps with 64 atoms

93.5% CPU use with 1 MPI tasks x 1 OpenMP threads

MPI task timing breakdown:
Section |  min time  |  avg time  |  max time  |%varavg| %total
---------------------------------------------------------------
Pair    | 0          | 0          | 0          |   0.0 |  0.00
Neigh   | 0          | 0          | 0          |   0.0 |  0.00
Comm    | 0          | 0          | 0          |   0.0 |  0.00
Output  | 0          | 0          | 0          |   0.0 |  0.00
Modify  | 0          | 0          | 0          |   0.0 |  0.00
Other   |            | 1.07e-06   |            |       |100.00

Nlocal:             64 ave          64 max          64 min
Histogram: 1 0 0 0 0 0 0 0 0 0
Nghost:            512 ave         512 max         512 min
Histogram: 1 0 0 0 0 0 0 0 0 0
Neighs:              0 ave           0 max           0 min
Histogram: 1 0 0 0 0 0 0 0 0 0
FullNghs:         2182 ave        2182 max        2182 min
Histogram: 1 0 0 0 0 0 0 0 0 0

Total # of neighbors = 2182
Ave neighs/atom = 34.09375
Neighbor list builds = 0
Dangerous builds = 0
next i
jump SELF loop_struct
clear
  using 1 OpenMP thread(s) per MPI task
log energies.log append
units metal
boundary p p p
atom_style atomic
read_data Si222_${i}.in
read_data Si222_227.in
Reading data file ...
  orthogonal box = (0 0 0) to (10.887404 10.887404 10.887404)
  1 by 1 by 1 MPI processor grid
  reading atoms ...
  64 atoms
  reading velocities ...
  64 velocities
  read_data CPU = 0.001 seconds
mass 1 28.085
pair_style sw
pair_coeff * * Si.sw Si
Reading sw potential file Si.sw with DATE: 2007-06-11
run 0
Neighbor list info ...
  update: every = 1 steps, delay = 0 steps, check = yes
  max neighbors/atom: 2000, page size: 100000
  master list distance cutoff = 5.77118
  ghost atom cutoff = 5.77118
  binsize = 2.88559, bins = 4 4 4
  1 neighbor lists, perpetual/occasional/extra = 1 0 0
  (1) pair sw, perpetual
      attributes: full, newton on
      pair build: full/bin/atomonly
      stencil: full/bin/3d
      bin: standard
Per MPI rank memory allocation (min/avg/max) = 3.063 | 3.063 | 3.063 Mbytes
   Step          Temp          E_pair         E_mol          TotEng         Press     
WARNING: Too many warnings: 227 vs 100. All future warnings will be suppressed (src/thermo.cpp:478)
         0   0             -275.50004      0             -275.50004     -6081.1441    
Loop time of 1.02e-06 on 1 procs for 0 steps with 64 atoms

98.0% CPU use with 1 MPI tasks x 1 OpenMP threads

MPI task timing breakdown:
Section |  min time  |  avg time  |  max time  |%varavg| %total
---------------------------------------------------------------
Pair    | 0          | 0          | 0          |   0.0 |  0.00
Neigh   | 0          | 0          | 0          |   0.0 |  0.00
Comm    | 0          | 0          | 0          |   0.0 |  0.00
Output  | 0          | 0          | 0          |   0.0 |  0.00
Modify  | 0          | 0          | 0          |   0.0 |  0.00
Other   |            | 1.02e-06   |            |       |100.00

Nlocal:             64 ave          64 max          64 min
Histogram: 1 0 0 0 0 0 0 0 0 0
Nghost:            508 ave         508 max         508 min
Histogram: 1 0 0 0 0 0 0 0 0 0
Neighs:              0 ave           0 max           0 min
Histogram: 1 0 0 0 0 0 0 0 0 0
FullNghs:         2190 ave        2190 max        2190 min
Histogram: 1 0 0 0 0 0 0 0 0 0

Total # of neighbors = 2190
Ave neighs/atom = 34.21875
Neighbor list builds = 0
Dangerous builds = 0
next i
jump SELF loop_struct
clear
  using 1 OpenMP thread(s) per MPI task
log energies.log append
units metal
boundary p p p
atom_style atomic
read_data Si222_${i}.in
read_data Si222_228.in
Reading data file ...
  orthogonal box = (0 0 0) to (10.887404 10.887404 10.887404)
  1 by 1 by 1 MPI processor grid
  reading atoms ...
  64 atoms
  reading velocities ...
  64 velocities
  read_data CPU = 0.001 seconds
mass 1 28.085
pair_style sw
pair_coeff * * Si.sw Si
Reading sw potential file Si.sw with DATE: 2007-06-11
run 0
Neighbor list info ...
  update: every = 1 steps, delay = 0 steps, check = yes
  max neighbors/atom: 2000, page size: 100000
  master list distance cutoff = 5.77118
  ghost atom cutoff = 5.77118
  binsize = 2.88559, bins = 4 4 4
  1 neighbor lists, perpetual/occasional/extra = 1 0 0
  (1) pair sw, perpetual
      attributes: full, newton on
      pair build: full/bin/atomonly
      stencil: full/bin/3d
      bin: standard
Per MPI rank memory allocation (min/avg/max) = 3.063 | 3.063 | 3.063 Mbytes
   Step          Temp          E_pair         E_mol          TotEng         Press     
WARNING: Too many warnings: 228 vs 100. All future warnings will be suppressed (src/thermo.cpp:478)
         0   0             -275.92984      0             -275.92984     -6166.6702    
Loop time of 1.05e-06 on 1 procs for 0 steps with 64 atoms

95.2% CPU use with 1 MPI tasks x 1 OpenMP threads

MPI task timing breakdown:
Section |  min time  |  avg time  |  max time  |%varavg| %total
---------------------------------------------------------------
Pair    | 0          | 0          | 0          |   0.0 |  0.00
Neigh   | 0          | 0          | 0          |   0.0 |  0.00
Comm    | 0          | 0          | 0          |   0.0 |  0.00
Output  | 0          | 0          | 0          |   0.0 |  0.00
Modify  | 0          | 0          | 0          |   0.0 |  0.00
Other   |            | 1.05e-06   |            |       |100.00

Nlocal:             64 ave          64 max          64 min
Histogram: 1 0 0 0 0 0 0 0 0 0
Nghost:            480 ave         480 max         480 min
Histogram: 1 0 0 0 0 0 0 0 0 0
Neighs:              0 ave           0 max           0 min
Histogram: 1 0 0 0 0 0 0 0 0 0
FullNghs:         2178 ave        2178 max        2178 min
Histogram: 1 0 0 0 0 0 0 0 0 0

Total # of neighbors = 2178
Ave neighs/atom = 34.03125
Neighbor list builds = 0
Dangerous builds = 0
next i
jump SELF loop_struct
clear
  using 1 OpenMP thread(s) per MPI task
log energies.log append
units metal
boundary p p p
atom_style atomic
read_data Si222_${i}.in
read_data Si222_229.in
Reading data file ...
  orthogonal box = (0 0 0) to (10.887404 10.887404 10.887404)
  1 by 1 by 1 MPI processor grid
  reading atoms ...
  64 atoms
  reading velocities ...
  64 velocities
  read_data CPU = 0.001 seconds
mass 1 28.085
pair_style sw
pair_coeff * * Si.sw Si
Reading sw potential file Si.sw with DATE: 2007-06-11
run 0
Neighbor list info ...
  update: every = 1 steps, delay = 0 steps, check = yes
  max neighbors/atom: 2000, page size: 100000
  master list distance cutoff = 5.77118
  ghost atom cutoff = 5.77118
  binsize = 2.88559, bins = 4 4 4
  1 neighbor lists, perpetual/occasional/extra = 1 0 0
  (1) pair sw, perpetual
      attributes: full, newton on
      pair build: full/bin/atomonly
      stencil: full/bin/3d
      bin: standard
Per MPI rank memory allocation (min/avg/max) = 3.063 | 3.063 | 3.063 Mbytes
   Step          Temp          E_pair         E_mol          TotEng         Press     
WARNING: Too many warnings: 229 vs 100. All future warnings will be suppressed (src/thermo.cpp:478)
         0   0             -275.49003      0             -275.49003     -5843.1369    
Loop time of 1.24e-06 on 1 procs for 0 steps with 64 atoms

80.6% CPU use with 1 MPI tasks x 1 OpenMP threads

MPI task timing breakdown:
Section |  min time  |  avg time  |  max time  |%varavg| %total
---------------------------------------------------------------
Pair    | 0          | 0          | 0          |   0.0 |  0.00
Neigh   | 0          | 0          | 0          |   0.0 |  0.00
Comm    | 0          | 0          | 0          |   0.0 |  0.00
Output  | 0          | 0          | 0          |   0.0 |  0.00
Modify  | 0          | 0          | 0          |   0.0 |  0.00
Other   |            | 1.24e-06   |            |       |100.00

Nlocal:             64 ave          64 max          64 min
Histogram: 1 0 0 0 0 0 0 0 0 0
Nghost:            516 ave         516 max         516 min
Histogram: 1 0 0 0 0 0 0 0 0 0
Neighs:              0 ave           0 max           0 min
Histogram: 1 0 0 0 0 0 0 0 0 0
FullNghs:         2182 ave        2182 max        2182 min
Histogram: 1 0 0 0 0 0 0 0 0 0

Total # of neighbors = 2182
Ave neighs/atom = 34.09375
Neighbor list builds = 0
Dangerous builds = 0
next i
jump SELF loop_struct
clear
  using 1 OpenMP thread(s) per MPI task
log energies.log append
units metal
boundary p p p
atom_style atomic
read_data Si222_${i}.in
read_data Si222_230.in
Reading data file ...
  orthogonal box = (0 0 0) to (10.887404 10.887404 10.887404)
  1 by 1 by 1 MPI processor grid
  reading atoms ...
  64 atoms
  reading velocities ...
  64 velocities
  read_data CPU = 0.001 seconds
mass 1 28.085
pair_style sw
pair_coeff * * Si.sw Si
Reading sw potential file Si.sw with DATE: 2007-06-11
run 0
Neighbor list info ...
  update: every = 1 steps, delay = 0 steps, check = yes
  max neighbors/atom: 2000, page size: 100000
  master list distance cutoff = 5.77118
  ghost atom cutoff = 5.77118
  binsize = 2.88559, bins = 4 4 4
  1 neighbor lists, perpetual/occasional/extra = 1 0 0
  (1) pair sw, perpetual
      attributes: full, newton on
      pair build: full/bin/atomonly
      stencil: full/bin/3d
      bin: standard
Per MPI rank memory allocation (min/avg/max) = 3.063 | 3.063 | 3.063 Mbytes
   Step          Temp          E_pair         E_mol          TotEng         Press     
WARNING: Too many warnings: 230 vs 100. All future warnings will be suppressed (src/thermo.cpp:478)
         0   0             -275.64214      0             -275.64214     -6101.5278    
Loop time of 1.42e-06 on 1 procs for 0 steps with 64 atoms

70.4% CPU use with 1 MPI tasks x 1 OpenMP threads

MPI task timing breakdown:
Section |  min time  |  avg time  |  max time  |%varavg| %total
---------------------------------------------------------------
Pair    | 0          | 0          | 0          |   0.0 |  0.00
Neigh   | 0          | 0          | 0          |   0.0 |  0.00
Comm    | 0          | 0          | 0          |   0.0 |  0.00
Output  | 0          | 0          | 0          |   0.0 |  0.00
Modify  | 0          | 0          | 0          |   0.0 |  0.00
Other   |            | 1.42e-06   |            |       |100.00

Nlocal:             64 ave          64 max          64 min
Histogram: 1 0 0 0 0 0 0 0 0 0
Nghost:            512 ave         512 max         512 min
Histogram: 1 0 0 0 0 0 0 0 0 0
Neighs:              0 ave           0 max           0 min
Histogram: 1 0 0 0 0 0 0 0 0 0
FullNghs:         2182 ave        2182 max        2182 min
Histogram: 1 0 0 0 0 0 0 0 0 0

Total # of neighbors = 2182
Ave neighs/atom = 34.09375
Neighbor list builds = 0
Dangerous builds = 0
next i
jump SELF loop_struct
clear
  using 1 OpenMP thread(s) per MPI task
log energies.log append
units metal
boundary p p p
atom_style atomic
read_data Si222_${i}.in
read_data Si222_231.in
Reading data file ...
  orthogonal box = (0 0 0) to (10.887404 10.887404 10.887404)
  1 by 1 by 1 MPI processor grid
  reading atoms ...
  64 atoms
  reading velocities ...
  64 velocities
  read_data CPU = 0.001 seconds
mass 1 28.085
pair_style sw
pair_coeff * * Si.sw Si
Reading sw potential file Si.sw with DATE: 2007-06-11
run 0
Neighbor list info ...
  update: every = 1 steps, delay = 0 steps, check = yes
  max neighbors/atom: 2000, page size: 100000
  master list distance cutoff = 5.77118
  ghost atom cutoff = 5.77118
  binsize = 2.88559, bins = 4 4 4
  1 neighbor lists, perpetual/occasional/extra = 1 0 0
  (1) pair sw, perpetual
      attributes: full, newton on
      pair build: full/bin/atomonly
      stencil: full/bin/3d
      bin: standard
Per MPI rank memory allocation (min/avg/max) = 3.063 | 3.063 | 3.063 Mbytes
   Step          Temp          E_pair         E_mol          TotEng         Press     
WARNING: Too many warnings: 231 vs 100. All future warnings will be suppressed (src/thermo.cpp:478)
         0   0             -275.64408      0             -275.64408     -5785.0231    
Loop time of 1.04e-06 on 1 procs for 0 steps with 64 atoms

96.2% CPU use with 1 MPI tasks x 1 OpenMP threads

MPI task timing breakdown:
Section |  min time  |  avg time  |  max time  |%varavg| %total
---------------------------------------------------------------
Pair    | 0          | 0          | 0          |   0.0 |  0.00
Neigh   | 0          | 0          | 0          |   0.0 |  0.00
Comm    | 0          | 0          | 0          |   0.0 |  0.00
Output  | 0          | 0          | 0          |   0.0 |  0.00
Modify  | 0          | 0          | 0          |   0.0 |  0.00
Other   |            | 1.04e-06   |            |       |100.00

Nlocal:             64 ave          64 max          64 min
Histogram: 1 0 0 0 0 0 0 0 0 0
Nghost:            508 ave         508 max         508 min
Histogram: 1 0 0 0 0 0 0 0 0 0
Neighs:              0 ave           0 max           0 min
Histogram: 1 0 0 0 0 0 0 0 0 0
FullNghs:         2182 ave        2182 max        2182 min
Histogram: 1 0 0 0 0 0 0 0 0 0

Total # of neighbors = 2182
Ave neighs/atom = 34.09375
Neighbor list builds = 0
Dangerous builds = 0
next i
jump SELF loop_struct
clear
  using 1 OpenMP thread(s) per MPI task
log energies.log append
units metal
boundary p p p
atom_style atomic
read_data Si222_${i}.in
read_data Si222_232.in
Reading data file ...
  orthogonal box = (0 0 0) to (10.887404 10.887404 10.887404)
  1 by 1 by 1 MPI processor grid
  reading atoms ...
  64 atoms
  reading velocities ...
  64 velocities
  read_data CPU = 0.001 seconds
mass 1 28.085
pair_style sw
pair_coeff * * Si.sw Si
Reading sw potential file Si.sw with DATE: 2007-06-11
run 0
Neighbor list info ...
  update: every = 1 steps, delay = 0 steps, check = yes
  max neighbors/atom: 2000, page size: 100000
  master list distance cutoff = 5.77118
  ghost atom cutoff = 5.77118
  binsize = 2.88559, bins = 4 4 4
  1 neighbor lists, perpetual/occasional/extra = 1 0 0
  (1) pair sw, perpetual
      attributes: full, newton on
      pair build: full/bin/atomonly
      stencil: full/bin/3d
      bin: standard
Per MPI rank memory allocation (min/avg/max) = 3.063 | 3.063 | 3.063 Mbytes
   Step          Temp          E_pair         E_mol          TotEng         Press     
WARNING: Too many warnings: 232 vs 100. All future warnings will be suppressed (src/thermo.cpp:478)
         0   0             -275.86651      0             -275.86651     -5964.528     
Loop time of 1.24e-06 on 1 procs for 0 steps with 64 atoms

80.6% CPU use with 1 MPI tasks x 1 OpenMP threads

MPI task timing breakdown:
Section |  min time  |  avg time  |  max time  |%varavg| %total
---------------------------------------------------------------
Pair    | 0          | 0          | 0          |   0.0 |  0.00
Neigh   | 0          | 0          | 0          |   0.0 |  0.00
Comm    | 0          | 0          | 0          |   0.0 |  0.00
Output  | 0          | 0          | 0          |   0.0 |  0.00
Modify  | 0          | 0          | 0          |   0.0 |  0.00
Other   |            | 1.24e-06   |            |       |100.00

Nlocal:             64 ave          64 max          64 min
Histogram: 1 0 0 0 0 0 0 0 0 0
Nghost:            484 ave         484 max         484 min
Histogram: 1 0 0 0 0 0 0 0 0 0
Neighs:              0 ave           0 max           0 min
Histogram: 1 0 0 0 0 0 0 0 0 0
FullNghs:         2176 ave        2176 max        2176 min
Histogram: 1 0 0 0 0 0 0 0 0 0

Total # of neighbors = 2176
Ave neighs/atom = 34
Neighbor list builds = 0
Dangerous builds = 0
next i
jump SELF loop_struct
clear
  using 1 OpenMP thread(s) per MPI task
log energies.log append
units metal
boundary p p p
atom_style atomic
read_data Si222_${i}.in
read_data Si222_233.in
Reading data file ...
  orthogonal box = (0 0 0) to (10.887404 10.887404 10.887404)
  1 by 1 by 1 MPI processor grid
  reading atoms ...
  64 atoms
  reading velocities ...
  64 velocities
  read_data CPU = 0.001 seconds
mass 1 28.085
pair_style sw
pair_coeff * * Si.sw Si
Reading sw potential file Si.sw with DATE: 2007-06-11
run 0
Neighbor list info ...
  update: every = 1 steps, delay = 0 steps, check = yes
  max neighbors/atom: 2000, page size: 100000
  master list distance cutoff = 5.77118
  ghost atom cutoff = 5.77118
  binsize = 2.88559, bins = 4 4 4
  1 neighbor lists, perpetual/occasional/extra = 1 0 0
  (1) pair sw, perpetual
      attributes: full, newton on
      pair build: full/bin/atomonly
      stencil: full/bin/3d
      bin: standard
Per MPI rank memory allocation (min/avg/max) = 3.063 | 3.063 | 3.063 Mbytes
   Step          Temp          E_pair         E_mol          TotEng         Press     
WARNING: Too many warnings: 233 vs 100. All future warnings will be suppressed (src/thermo.cpp:478)
         0   0             -275.84338      0             -275.84338     -5940.2335    
Loop time of 1.06e-06 on 1 procs for 0 steps with 64 atoms

94.3% CPU use with 1 MPI tasks x 1 OpenMP threads

MPI task timing breakdown:
Section |  min time  |  avg time  |  max time  |%varavg| %total
---------------------------------------------------------------
Pair    | 0          | 0          | 0          |   0.0 |  0.00
Neigh   | 0          | 0          | 0          |   0.0 |  0.00
Comm    | 0          | 0          | 0          |   0.0 |  0.00
Output  | 0          | 0          | 0          |   0.0 |  0.00
Modify  | 0          | 0          | 0          |   0.0 |  0.00
Other   |            | 1.06e-06   |            |       |100.00

Nlocal:             64 ave          64 max          64 min
Histogram: 1 0 0 0 0 0 0 0 0 0
Nghost:            460 ave         460 max         460 min
Histogram: 1 0 0 0 0 0 0 0 0 0
Neighs:              0 ave           0 max           0 min
Histogram: 1 0 0 0 0 0 0 0 0 0
FullNghs:         2184 ave        2184 max        2184 min
Histogram: 1 0 0 0 0 0 0 0 0 0

Total # of neighbors = 2184
Ave neighs/atom = 34.125
Neighbor list builds = 0
Dangerous builds = 0
next i
jump SELF loop_struct
clear
  using 1 OpenMP thread(s) per MPI task
log energies.log append
units metal
boundary p p p
atom_style atomic
read_data Si222_${i}.in
read_data Si222_234.in
Reading data file ...
  orthogonal box = (0 0 0) to (10.887404 10.887404 10.887404)
  1 by 1 by 1 MPI processor grid
  reading atoms ...
  64 atoms
  reading velocities ...
  64 velocities
  read_data CPU = 0.001 seconds
mass 1 28.085
pair_style sw
pair_coeff * * Si.sw Si
Reading sw potential file Si.sw with DATE: 2007-06-11
run 0
Neighbor list info ...
  update: every = 1 steps, delay = 0 steps, check = yes
  max neighbors/atom: 2000, page size: 100000
  master list distance cutoff = 5.77118
  ghost atom cutoff = 5.77118
  binsize = 2.88559, bins = 4 4 4
  1 neighbor lists, perpetual/occasional/extra = 1 0 0
  (1) pair sw, perpetual
      attributes: full, newton on
      pair build: full/bin/atomonly
      stencil: full/bin/3d
      bin: standard
Per MPI rank memory allocation (min/avg/max) = 3.063 | 3.063 | 3.063 Mbytes
   Step          Temp          E_pair         E_mol          TotEng         Press     
WARNING: Too many warnings: 234 vs 100. All future warnings will be suppressed (src/thermo.cpp:478)
         0   0             -275.67552      0             -275.67552     -6230.8732    
Loop time of 1.08e-06 on 1 procs for 0 steps with 64 atoms

185.2% CPU use with 1 MPI tasks x 1 OpenMP threads

MPI task timing breakdown:
Section |  min time  |  avg time  |  max time  |%varavg| %total
---------------------------------------------------------------
Pair    | 0          | 0          | 0          |   0.0 |  0.00
Neigh   | 0          | 0          | 0          |   0.0 |  0.00
Comm    | 0          | 0          | 0          |   0.0 |  0.00
Output  | 0          | 0          | 0          |   0.0 |  0.00
Modify  | 0          | 0          | 0          |   0.0 |  0.00
Other   |            | 1.08e-06   |            |       |100.00

Nlocal:             64 ave          64 max          64 min
Histogram: 1 0 0 0 0 0 0 0 0 0
Nghost:            464 ave         464 max         464 min
Histogram: 1 0 0 0 0 0 0 0 0 0
Neighs:              0 ave           0 max           0 min
Histogram: 1 0 0 0 0 0 0 0 0 0
FullNghs:         2178 ave        2178 max        2178 min
Histogram: 1 0 0 0 0 0 0 0 0 0

Total # of neighbors = 2178
Ave neighs/atom = 34.03125
Neighbor list builds = 0
Dangerous builds = 0
next i
jump SELF loop_struct
clear
  using 1 OpenMP thread(s) per MPI task
log energies.log append
units metal
boundary p p p
atom_style atomic
read_data Si222_${i}.in
read_data Si222_235.in
Reading data file ...
  orthogonal box = (0 0 0) to (10.887404 10.887404 10.887404)
  1 by 1 by 1 MPI processor grid
  reading atoms ...
  64 atoms
  reading velocities ...
  64 velocities
  read_data CPU = 0.001 seconds
mass 1 28.085
pair_style sw
pair_coeff * * Si.sw Si
Reading sw potential file Si.sw with DATE: 2007-06-11
run 0
Neighbor list info ...
  update: every = 1 steps, delay = 0 steps, check = yes
  max neighbors/atom: 2000, page size: 100000
  master list distance cutoff = 5.77118
  ghost atom cutoff = 5.77118
  binsize = 2.88559, bins = 4 4 4
  1 neighbor lists, perpetual/occasional/extra = 1 0 0
  (1) pair sw, perpetual
      attributes: full, newton on
      pair build: full/bin/atomonly
      stencil: full/bin/3d
      bin: standard
Per MPI rank memory allocation (min/avg/max) = 3.063 | 3.063 | 3.063 Mbytes
   Step          Temp          E_pair         E_mol          TotEng         Press     
WARNING: Too many warnings: 235 vs 100. All future warnings will be suppressed (src/thermo.cpp:478)
         0   0             -275.53008      0             -275.53008     -5779.536     
Loop time of 1.07e-06 on 1 procs for 0 steps with 64 atoms

0.0% CPU use with 1 MPI tasks x 1 OpenMP threads

MPI task timing breakdown:
Section |  min time  |  avg time  |  max time  |%varavg| %total
---------------------------------------------------------------
Pair    | 0          | 0          | 0          |   0.0 |  0.00
Neigh   | 0          | 0          | 0          |   0.0 |  0.00
Comm    | 0          | 0          | 0          |   0.0 |  0.00
Output  | 0          | 0          | 0          |   0.0 |  0.00
Modify  | 0          | 0          | 0          |   0.0 |  0.00
Other   |            | 1.07e-06   |            |       |100.00

Nlocal:             64 ave          64 max          64 min
Histogram: 1 0 0 0 0 0 0 0 0 0
Nghost:            480 ave         480 max         480 min
Histogram: 1 0 0 0 0 0 0 0 0 0
Neighs:              0 ave           0 max           0 min
Histogram: 1 0 0 0 0 0 0 0 0 0
FullNghs:         2176 ave        2176 max        2176 min
Histogram: 1 0 0 0 0 0 0 0 0 0

Total # of neighbors = 2176
Ave neighs/atom = 34
Neighbor list builds = 0
Dangerous builds = 0
next i
jump SELF loop_struct
clear
  using 1 OpenMP thread(s) per MPI task
log energies.log append
units metal
boundary p p p
atom_style atomic
read_data Si222_${i}.in
read_data Si222_236.in
Reading data file ...
  orthogonal box = (0 0 0) to (10.887404 10.887404 10.887404)
  1 by 1 by 1 MPI processor grid
  reading atoms ...
  64 atoms
  reading velocities ...
  64 velocities
  read_data CPU = 0.001 seconds
mass 1 28.085
pair_style sw
pair_coeff * * Si.sw Si
Reading sw potential file Si.sw with DATE: 2007-06-11
run 0
Neighbor list info ...
  update: every = 1 steps, delay = 0 steps, check = yes
  max neighbors/atom: 2000, page size: 100000
  master list distance cutoff = 5.77118
  ghost atom cutoff = 5.77118
  binsize = 2.88559, bins = 4 4 4
  1 neighbor lists, perpetual/occasional/extra = 1 0 0
  (1) pair sw, perpetual
      attributes: full, newton on
      pair build: full/bin/atomonly
      stencil: full/bin/3d
      bin: standard
Per MPI rank memory allocation (min/avg/max) = 3.063 | 3.063 | 3.063 Mbytes
   Step          Temp          E_pair         E_mol          TotEng         Press     
WARNING: Too many warnings: 236 vs 100. All future warnings will be suppressed (src/thermo.cpp:478)
         0   0             -275.49466      0             -275.49466     -5585.5696    
Loop time of 1.03e-06 on 1 procs for 0 steps with 64 atoms

97.1% CPU use with 1 MPI tasks x 1 OpenMP threads

MPI task timing breakdown:
Section |  min time  |  avg time  |  max time  |%varavg| %total
---------------------------------------------------------------
Pair    | 0          | 0          | 0          |   0.0 |  0.00
Neigh   | 0          | 0          | 0          |   0.0 |  0.00
Comm    | 0          | 0          | 0          |   0.0 |  0.00
Output  | 0          | 0          | 0          |   0.0 |  0.00
Modify  | 0          | 0          | 0          |   0.0 |  0.00
Other   |            | 1.03e-06   |            |       |100.00

Nlocal:             64 ave          64 max          64 min
Histogram: 1 0 0 0 0 0 0 0 0 0
Nghost:            504 ave         504 max         504 min
Histogram: 1 0 0 0 0 0 0 0 0 0
Neighs:              0 ave           0 max           0 min
Histogram: 1 0 0 0 0 0 0 0 0 0
FullNghs:         2180 ave        2180 max        2180 min
Histogram: 1 0 0 0 0 0 0 0 0 0

Total # of neighbors = 2180
Ave neighs/atom = 34.0625
Neighbor list builds = 0
Dangerous builds = 0
next i
jump SELF loop_struct
clear
  using 1 OpenMP thread(s) per MPI task
log energies.log append
units metal
boundary p p p
atom_style atomic
read_data Si222_${i}.in
read_data Si222_237.in
Reading data file ...
  orthogonal box = (0 0 0) to (10.887404 10.887404 10.887404)
  1 by 1 by 1 MPI processor grid
  reading atoms ...
  64 atoms
  reading velocities ...
  64 velocities
  read_data CPU = 0.001 seconds
mass 1 28.085
pair_style sw
pair_coeff * * Si.sw Si
Reading sw potential file Si.sw with DATE: 2007-06-11
run 0
Neighbor list info ...
  update: every = 1 steps, delay = 0 steps, check = yes
  max neighbors/atom: 2000, page size: 100000
  master list distance cutoff = 5.77118
  ghost atom cutoff = 5.77118
  binsize = 2.88559, bins = 4 4 4
  1 neighbor lists, perpetual/occasional/extra = 1 0 0
  (1) pair sw, perpetual
      attributes: full, newton on
      pair build: full/bin/atomonly
      stencil: full/bin/3d
      bin: standard
Per MPI rank memory allocation (min/avg/max) = 3.063 | 3.063 | 3.063 Mbytes
   Step          Temp          E_pair         E_mol          TotEng         Press     
WARNING: Too many warnings: 237 vs 100. All future warnings will be suppressed (src/thermo.cpp:478)
         0   0             -275.55381      0             -275.55381     -5922.7335    
Loop time of 1.03e-06 on 1 procs for 0 steps with 64 atoms

97.1% CPU use with 1 MPI tasks x 1 OpenMP threads

MPI task timing breakdown:
Section |  min time  |  avg time  |  max time  |%varavg| %total
---------------------------------------------------------------
Pair    | 0          | 0          | 0          |   0.0 |  0.00
Neigh   | 0          | 0          | 0          |   0.0 |  0.00
Comm    | 0          | 0          | 0          |   0.0 |  0.00
Output  | 0          | 0          | 0          |   0.0 |  0.00
Modify  | 0          | 0          | 0          |   0.0 |  0.00
Other   |            | 1.03e-06   |            |       |100.00

Nlocal:             64 ave          64 max          64 min
Histogram: 1 0 0 0 0 0 0 0 0 0
Nghost:            460 ave         460 max         460 min
Histogram: 1 0 0 0 0 0 0 0 0 0
Neighs:              0 ave           0 max           0 min
Histogram: 1 0 0 0 0 0 0 0 0 0
FullNghs:         2184 ave        2184 max        2184 min
Histogram: 1 0 0 0 0 0 0 0 0 0

Total # of neighbors = 2184
Ave neighs/atom = 34.125
Neighbor list builds = 0
Dangerous builds = 0
next i
jump SELF loop_struct
clear
  using 1 OpenMP thread(s) per MPI task
log energies.log append
units metal
boundary p p p
atom_style atomic
read_data Si222_${i}.in
read_data Si222_238.in
Reading data file ...
  orthogonal box = (0 0 0) to (10.887404 10.887404 10.887404)
  1 by 1 by 1 MPI processor grid
  reading atoms ...
  64 atoms
  reading velocities ...
  64 velocities
  read_data CPU = 0.001 seconds
mass 1 28.085
pair_style sw
pair_coeff * * Si.sw Si
Reading sw potential file Si.sw with DATE: 2007-06-11
run 0
Neighbor list info ...
  update: every = 1 steps, delay = 0 steps, check = yes
  max neighbors/atom: 2000, page size: 100000
  master list distance cutoff = 5.77118
  ghost atom cutoff = 5.77118
  binsize = 2.88559, bins = 4 4 4
  1 neighbor lists, perpetual/occasional/extra = 1 0 0
  (1) pair sw, perpetual
      attributes: full, newton on
      pair build: full/bin/atomonly
      stencil: full/bin/3d
      bin: standard
Per MPI rank memory allocation (min/avg/max) = 3.063 | 3.063 | 3.063 Mbytes
   Step          Temp          E_pair         E_mol          TotEng         Press     
WARNING: Too many warnings: 238 vs 100. All future warnings will be suppressed (src/thermo.cpp:478)
         0   0             -276.00399      0             -276.00399     -6066.6405    
Loop time of 1.02e-06 on 1 procs for 0 steps with 64 atoms

98.0% CPU use with 1 MPI tasks x 1 OpenMP threads

MPI task timing breakdown:
Section |  min time  |  avg time  |  max time  |%varavg| %total
---------------------------------------------------------------
Pair    | 0          | 0          | 0          |   0.0 |  0.00
Neigh   | 0          | 0          | 0          |   0.0 |  0.00
Comm    | 0          | 0          | 0          |   0.0 |  0.00
Output  | 0          | 0          | 0          |   0.0 |  0.00
Modify  | 0          | 0          | 0          |   0.0 |  0.00
Other   |            | 1.02e-06   |            |       |100.00

Nlocal:             64 ave          64 max          64 min
Histogram: 1 0 0 0 0 0 0 0 0 0
Nghost:            512 ave         512 max         512 min
Histogram: 1 0 0 0 0 0 0 0 0 0
Neighs:              0 ave           0 max           0 min
Histogram: 1 0 0 0 0 0 0 0 0 0
FullNghs:         2176 ave        2176 max        2176 min
Histogram: 1 0 0 0 0 0 0 0 0 0

Total # of neighbors = 2176
Ave neighs/atom = 34
Neighbor list builds = 0
Dangerous builds = 0
next i
jump SELF loop_struct
clear
  using 1 OpenMP thread(s) per MPI task
log energies.log append
units metal
boundary p p p
atom_style atomic
read_data Si222_${i}.in
read_data Si222_239.in
Reading data file ...
  orthogonal box = (0 0 0) to (10.887404 10.887404 10.887404)
  1 by 1 by 1 MPI processor grid
  reading atoms ...
  64 atoms
  reading velocities ...
  64 velocities
  read_data CPU = 0.001 seconds
mass 1 28.085
pair_style sw
pair_coeff * * Si.sw Si
Reading sw potential file Si.sw with DATE: 2007-06-11
run 0
Neighbor list info ...
  update: every = 1 steps, delay = 0 steps, check = yes
  max neighbors/atom: 2000, page size: 100000
  master list distance cutoff = 5.77118
  ghost atom cutoff = 5.77118
  binsize = 2.88559, bins = 4 4 4
  1 neighbor lists, perpetual/occasional/extra = 1 0 0
  (1) pair sw, perpetual
      attributes: full, newton on
      pair build: full/bin/atomonly
      stencil: full/bin/3d
      bin: standard
Per MPI rank memory allocation (min/avg/max) = 3.063 | 3.063 | 3.063 Mbytes
   Step          Temp          E_pair         E_mol          TotEng         Press     
WARNING: Too many warnings: 239 vs 100. All future warnings will be suppressed (src/thermo.cpp:478)
         0   0             -275.49969      0             -275.49969     -5916.1205    
Loop time of 1.02e-06 on 1 procs for 0 steps with 64 atoms

98.0% CPU use with 1 MPI tasks x 1 OpenMP threads

MPI task timing breakdown:
Section |  min time  |  avg time  |  max time  |%varavg| %total
---------------------------------------------------------------
Pair    | 0          | 0          | 0          |   0.0 |  0.00
Neigh   | 0          | 0          | 0          |   0.0 |  0.00
Comm    | 0          | 0          | 0          |   0.0 |  0.00
Output  | 0          | 0          | 0          |   0.0 |  0.00
Modify  | 0          | 0          | 0          |   0.0 |  0.00
Other   |            | 1.02e-06   |            |       |100.00

Nlocal:             64 ave          64 max          64 min
Histogram: 1 0 0 0 0 0 0 0 0 0
Nghost:            480 ave         480 max         480 min
Histogram: 1 0 0 0 0 0 0 0 0 0
Neighs:              0 ave           0 max           0 min
Histogram: 1 0 0 0 0 0 0 0 0 0
FullNghs:         2184 ave        2184 max        2184 min
Histogram: 1 0 0 0 0 0 0 0 0 0

Total # of neighbors = 2184
Ave neighs/atom = 34.125
Neighbor list builds = 0
Dangerous builds = 0
next i
jump SELF loop_struct
clear
  using 1 OpenMP thread(s) per MPI task
log energies.log append
units metal
boundary p p p
atom_style atomic
read_data Si222_${i}.in
read_data Si222_240.in
Reading data file ...
  orthogonal box = (0 0 0) to (10.887404 10.887404 10.887404)
  1 by 1 by 1 MPI processor grid
  reading atoms ...
  64 atoms
  reading velocities ...
  64 velocities
  read_data CPU = 0.001 seconds
mass 1 28.085
pair_style sw
pair_coeff * * Si.sw Si
Reading sw potential file Si.sw with DATE: 2007-06-11
run 0
Neighbor list info ...
  update: every = 1 steps, delay = 0 steps, check = yes
  max neighbors/atom: 2000, page size: 100000
  master list distance cutoff = 5.77118
  ghost atom cutoff = 5.77118
  binsize = 2.88559, bins = 4 4 4
  1 neighbor lists, perpetual/occasional/extra = 1 0 0
  (1) pair sw, perpetual
      attributes: full, newton on
      pair build: full/bin/atomonly
      stencil: full/bin/3d
      bin: standard
Per MPI rank memory allocation (min/avg/max) = 3.063 | 3.063 | 3.063 Mbytes
   Step          Temp          E_pair         E_mol          TotEng         Press     
WARNING: Too many warnings: 240 vs 100. All future warnings will be suppressed (src/thermo.cpp:478)
         0   0             -275.79211      0             -275.79211     -6026.0133    
Loop time of 1.04e-06 on 1 procs for 0 steps with 64 atoms

96.2% CPU use with 1 MPI tasks x 1 OpenMP threads

MPI task timing breakdown:
Section |  min time  |  avg time  |  max time  |%varavg| %total
---------------------------------------------------------------
Pair    | 0          | 0          | 0          |   0.0 |  0.00
Neigh   | 0          | 0          | 0          |   0.0 |  0.00
Comm    | 0          | 0          | 0          |   0.0 |  0.00
Output  | 0          | 0          | 0          |   0.0 |  0.00
Modify  | 0          | 0          | 0          |   0.0 |  0.00
Other   |            | 1.04e-06   |            |       |100.00

Nlocal:             64 ave          64 max          64 min
Histogram: 1 0 0 0 0 0 0 0 0 0
Nghost:            484 ave         484 max         484 min
Histogram: 1 0 0 0 0 0 0 0 0 0
Neighs:              0 ave           0 max           0 min
Histogram: 1 0 0 0 0 0 0 0 0 0
FullNghs:         2178 ave        2178 max        2178 min
Histogram: 1 0 0 0 0 0 0 0 0 0

Total # of neighbors = 2178
Ave neighs/atom = 34.03125
Neighbor list builds = 0
Dangerous builds = 0
next i
jump SELF loop_struct
clear
  using 1 OpenMP thread(s) per MPI task
log energies.log append
units metal
boundary p p p
atom_style atomic
read_data Si222_${i}.in
read_data Si222_241.in
Reading data file ...
  orthogonal box = (0 0 0) to (10.887404 10.887404 10.887404)
  1 by 1 by 1 MPI processor grid
  reading atoms ...
  64 atoms
  reading velocities ...
  64 velocities
  read_data CPU = 0.001 seconds
mass 1 28.085
pair_style sw
pair_coeff * * Si.sw Si
Reading sw potential file Si.sw with DATE: 2007-06-11
run 0
Neighbor list info ...
  update: every = 1 steps, delay = 0 steps, check = yes
  max neighbors/atom: 2000, page size: 100000
  master list distance cutoff = 5.77118
  ghost atom cutoff = 5.77118
  binsize = 2.88559, bins = 4 4 4
  1 neighbor lists, perpetual/occasional/extra = 1 0 0
  (1) pair sw, perpetual
      attributes: full, newton on
      pair build: full/bin/atomonly
      stencil: full/bin/3d
      bin: standard
Per MPI rank memory allocation (min/avg/max) = 3.063 | 3.063 | 3.063 Mbytes
   Step          Temp          E_pair         E_mol          TotEng         Press     
WARNING: Too many warnings: 241 vs 100. All future warnings will be suppressed (src/thermo.cpp:478)
         0   0             -275.62992      0             -275.62992     -6276.2097    
Loop time of 1.06e-06 on 1 procs for 0 steps with 64 atoms

94.3% CPU use with 1 MPI tasks x 1 OpenMP threads

MPI task timing breakdown:
Section |  min time  |  avg time  |  max time  |%varavg| %total
---------------------------------------------------------------
Pair    | 0          | 0          | 0          |   0.0 |  0.00
Neigh   | 0          | 0          | 0          |   0.0 |  0.00
Comm    | 0          | 0          | 0          |   0.0 |  0.00
Output  | 0          | 0          | 0          |   0.0 |  0.00
Modify  | 0          | 0          | 0          |   0.0 |  0.00
Other   |            | 1.06e-06   |            |       |100.00

Nlocal:             64 ave          64 max          64 min
Histogram: 1 0 0 0 0 0 0 0 0 0
Nghost:            512 ave         512 max         512 min
Histogram: 1 0 0 0 0 0 0 0 0 0
Neighs:              0 ave           0 max           0 min
Histogram: 1 0 0 0 0 0 0 0 0 0
FullNghs:         2180 ave        2180 max        2180 min
Histogram: 1 0 0 0 0 0 0 0 0 0

Total # of neighbors = 2180
Ave neighs/atom = 34.0625
Neighbor list builds = 0
Dangerous builds = 0
next i
jump SELF loop_struct
clear
  using 1 OpenMP thread(s) per MPI task
log energies.log append
units metal
boundary p p p
atom_style atomic
read_data Si222_${i}.in
read_data Si222_242.in
Reading data file ...
  orthogonal box = (0 0 0) to (10.887404 10.887404 10.887404)
  1 by 1 by 1 MPI processor grid
  reading atoms ...
  64 atoms
  reading velocities ...
  64 velocities
  read_data CPU = 0.001 seconds
mass 1 28.085
pair_style sw
pair_coeff * * Si.sw Si
Reading sw potential file Si.sw with DATE: 2007-06-11
run 0
Neighbor list info ...
  update: every = 1 steps, delay = 0 steps, check = yes
  max neighbors/atom: 2000, page size: 100000
  master list distance cutoff = 5.77118
  ghost atom cutoff = 5.77118
  binsize = 2.88559, bins = 4 4 4
  1 neighbor lists, perpetual/occasional/extra = 1 0 0
  (1) pair sw, perpetual
      attributes: full, newton on
      pair build: full/bin/atomonly
      stencil: full/bin/3d
      bin: standard
Per MPI rank memory allocation (min/avg/max) = 3.072 | 3.072 | 3.072 Mbytes
   Step          Temp          E_pair         E_mol          TotEng         Press     
WARNING: Too many warnings: 242 vs 100. All future warnings will be suppressed (src/thermo.cpp:478)
         0   0             -275.3057       0             -275.3057      -5861.8256    
Loop time of 1.17e-06 on 1 procs for 0 steps with 64 atoms

0.0% CPU use with 1 MPI tasks x 1 OpenMP threads

MPI task timing breakdown:
Section |  min time  |  avg time  |  max time  |%varavg| %total
---------------------------------------------------------------
Pair    | 0          | 0          | 0          |   0.0 |  0.00
Neigh   | 0          | 0          | 0          |   0.0 |  0.00
Comm    | 0          | 0          | 0          |   0.0 |  0.00
Output  | 0          | 0          | 0          |   0.0 |  0.00
Modify  | 0          | 0          | 0          |   0.0 |  0.00
Other   |            | 1.17e-06   |            |       |100.00

Nlocal:             64 ave          64 max          64 min
Histogram: 1 0 0 0 0 0 0 0 0 0
Nghost:            532 ave         532 max         532 min
Histogram: 1 0 0 0 0 0 0 0 0 0
Neighs:              0 ave           0 max           0 min
Histogram: 1 0 0 0 0 0 0 0 0 0
FullNghs:         2188 ave        2188 max        2188 min
Histogram: 1 0 0 0 0 0 0 0 0 0

Total # of neighbors = 2188
Ave neighs/atom = 34.1875
Neighbor list builds = 0
Dangerous builds = 0
next i
jump SELF loop_struct
clear
  using 1 OpenMP thread(s) per MPI task
log energies.log append
units metal
boundary p p p
atom_style atomic
read_data Si222_${i}.in
read_data Si222_243.in
Reading data file ...
  orthogonal box = (0 0 0) to (10.887404 10.887404 10.887404)
  1 by 1 by 1 MPI processor grid
  reading atoms ...
  64 atoms
  reading velocities ...
  64 velocities
  read_data CPU = 0.001 seconds
mass 1 28.085
pair_style sw
pair_coeff * * Si.sw Si
Reading sw potential file Si.sw with DATE: 2007-06-11
run 0
Neighbor list info ...
  update: every = 1 steps, delay = 0 steps, check = yes
  max neighbors/atom: 2000, page size: 100000
  master list distance cutoff = 5.77118
  ghost atom cutoff = 5.77118
  binsize = 2.88559, bins = 4 4 4
  1 neighbor lists, perpetual/occasional/extra = 1 0 0
  (1) pair sw, perpetual
      attributes: full, newton on
      pair build: full/bin/atomonly
      stencil: full/bin/3d
      bin: standard
Per MPI rank memory allocation (min/avg/max) = 3.063 | 3.063 | 3.063 Mbytes
   Step          Temp          E_pair         E_mol          TotEng         Press     
WARNING: Too many warnings: 243 vs 100. All future warnings will be suppressed (src/thermo.cpp:478)
         0   0             -275.50496      0             -275.50496     -5785.0007    
Loop time of 1.34e-06 on 1 procs for 0 steps with 64 atoms

74.6% CPU use with 1 MPI tasks x 1 OpenMP threads

MPI task timing breakdown:
Section |  min time  |  avg time  |  max time  |%varavg| %total
---------------------------------------------------------------
Pair    | 0          | 0          | 0          |   0.0 |  0.00
Neigh   | 0          | 0          | 0          |   0.0 |  0.00
Comm    | 0          | 0          | 0          |   0.0 |  0.00
Output  | 0          | 0          | 0          |   0.0 |  0.00
Modify  | 0          | 0          | 0          |   0.0 |  0.00
Other   |            | 1.34e-06   |            |       |100.00

Nlocal:             64 ave          64 max          64 min
Histogram: 1 0 0 0 0 0 0 0 0 0
Nghost:            484 ave         484 max         484 min
Histogram: 1 0 0 0 0 0 0 0 0 0
Neighs:              0 ave           0 max           0 min
Histogram: 1 0 0 0 0 0 0 0 0 0
FullNghs:         2178 ave        2178 max        2178 min
Histogram: 1 0 0 0 0 0 0 0 0 0

Total # of neighbors = 2178
Ave neighs/atom = 34.03125
Neighbor list builds = 0
Dangerous builds = 0
next i
jump SELF loop_struct
clear
  using 1 OpenMP thread(s) per MPI task
log energies.log append
units metal
boundary p p p
atom_style atomic
read_data Si222_${i}.in
read_data Si222_244.in
Reading data file ...
  orthogonal box = (0 0 0) to (10.887404 10.887404 10.887404)
  1 by 1 by 1 MPI processor grid
  reading atoms ...
  64 atoms
  reading velocities ...
  64 velocities
  read_data CPU = 0.001 seconds
mass 1 28.085
pair_style sw
pair_coeff * * Si.sw Si
Reading sw potential file Si.sw with DATE: 2007-06-11
run 0
Neighbor list info ...
  update: every = 1 steps, delay = 0 steps, check = yes
  max neighbors/atom: 2000, page size: 100000
  master list distance cutoff = 5.77118
  ghost atom cutoff = 5.77118
  binsize = 2.88559, bins = 4 4 4
  1 neighbor lists, perpetual/occasional/extra = 1 0 0
  (1) pair sw, perpetual
      attributes: full, newton on
      pair build: full/bin/atomonly
      stencil: full/bin/3d
      bin: standard
Per MPI rank memory allocation (min/avg/max) = 3.064 | 3.064 | 3.064 Mbytes
   Step          Temp          E_pair         E_mol          TotEng         Press     
WARNING: Too many warnings: 244 vs 100. All future warnings will be suppressed (src/thermo.cpp:478)
         0   0             -275.82498      0             -275.82498     -5876.3754    
Loop time of 1.04e-06 on 1 procs for 0 steps with 64 atoms

96.2% CPU use with 1 MPI tasks x 1 OpenMP threads

MPI task timing breakdown:
Section |  min time  |  avg time  |  max time  |%varavg| %total
---------------------------------------------------------------
Pair    | 0          | 0          | 0          |   0.0 |  0.00
Neigh   | 0          | 0          | 0          |   0.0 |  0.00
Comm    | 0          | 0          | 0          |   0.0 |  0.00
Output  | 0          | 0          | 0          |   0.0 |  0.00
Modify  | 0          | 0          | 0          |   0.0 |  0.00
Other   |            | 1.04e-06   |            |       |100.00

Nlocal:             64 ave          64 max          64 min
Histogram: 1 0 0 0 0 0 0 0 0 0
Nghost:            530 ave         530 max         530 min
Histogram: 1 0 0 0 0 0 0 0 0 0
Neighs:              0 ave           0 max           0 min
Histogram: 1 0 0 0 0 0 0 0 0 0
FullNghs:         2178 ave        2178 max        2178 min
Histogram: 1 0 0 0 0 0 0 0 0 0

Total # of neighbors = 2178
Ave neighs/atom = 34.03125
Neighbor list builds = 0
Dangerous builds = 0
next i
jump SELF loop_struct
clear
  using 1 OpenMP thread(s) per MPI task
log energies.log append
units metal
boundary p p p
atom_style atomic
read_data Si222_${i}.in
read_data Si222_245.in
Reading data file ...
  orthogonal box = (0 0 0) to (10.887404 10.887404 10.887404)
  1 by 1 by 1 MPI processor grid
  reading atoms ...
  64 atoms
  reading velocities ...
  64 velocities
  read_data CPU = 0.001 seconds
mass 1 28.085
pair_style sw
pair_coeff * * Si.sw Si
Reading sw potential file Si.sw with DATE: 2007-06-11
run 0
Neighbor list info ...
  update: every = 1 steps, delay = 0 steps, check = yes
  max neighbors/atom: 2000, page size: 100000
  master list distance cutoff = 5.77118
  ghost atom cutoff = 5.77118
  binsize = 2.88559, bins = 4 4 4
  1 neighbor lists, perpetual/occasional/extra = 1 0 0
  (1) pair sw, perpetual
      attributes: full, newton on
      pair build: full/bin/atomonly
      stencil: full/bin/3d
      bin: standard
Per MPI rank memory allocation (min/avg/max) = 3.063 | 3.063 | 3.063 Mbytes
   Step          Temp          E_pair         E_mol          TotEng         Press     
WARNING: Too many warnings: 245 vs 100. All future warnings will be suppressed (src/thermo.cpp:478)
         0   0             -275.88         0             -275.88        -5997.0522    
Loop time of 1.04e-06 on 1 procs for 0 steps with 64 atoms

96.2% CPU use with 1 MPI tasks x 1 OpenMP threads

MPI task timing breakdown:
Section |  min time  |  avg time  |  max time  |%varavg| %total
---------------------------------------------------------------
Pair    | 0          | 0          | 0          |   0.0 |  0.00
Neigh   | 0          | 0          | 0          |   0.0 |  0.00
Comm    | 0          | 0          | 0          |   0.0 |  0.00
Output  | 0          | 0          | 0          |   0.0 |  0.00
Modify  | 0          | 0          | 0          |   0.0 |  0.00
Other   |            | 1.04e-06   |            |       |100.00

Nlocal:             64 ave          64 max          64 min
Histogram: 1 0 0 0 0 0 0 0 0 0
Nghost:            448 ave         448 max         448 min
Histogram: 1 0 0 0 0 0 0 0 0 0
Neighs:              0 ave           0 max           0 min
Histogram: 1 0 0 0 0 0 0 0 0 0
FullNghs:         2176 ave        2176 max        2176 min
Histogram: 1 0 0 0 0 0 0 0 0 0

Total # of neighbors = 2176
Ave neighs/atom = 34
Neighbor list builds = 0
Dangerous builds = 0
next i
jump SELF loop_struct
clear
  using 1 OpenMP thread(s) per MPI task
log energies.log append
units metal
boundary p p p
atom_style atomic
read_data Si222_${i}.in
read_data Si222_246.in
Reading data file ...
  orthogonal box = (0 0 0) to (10.887404 10.887404 10.887404)
  1 by 1 by 1 MPI processor grid
  reading atoms ...
  64 atoms
  reading velocities ...
  64 velocities
  read_data CPU = 0.001 seconds
mass 1 28.085
pair_style sw
pair_coeff * * Si.sw Si
Reading sw potential file Si.sw with DATE: 2007-06-11
run 0
Neighbor list info ...
  update: every = 1 steps, delay = 0 steps, check = yes
  max neighbors/atom: 2000, page size: 100000
  master list distance cutoff = 5.77118
  ghost atom cutoff = 5.77118
  binsize = 2.88559, bins = 4 4 4
  1 neighbor lists, perpetual/occasional/extra = 1 0 0
  (1) pair sw, perpetual
      attributes: full, newton on
      pair build: full/bin/atomonly
      stencil: full/bin/3d
      bin: standard
Per MPI rank memory allocation (min/avg/max) = 3.063 | 3.063 | 3.063 Mbytes
   Step          Temp          E_pair         E_mol          TotEng         Press     
WARNING: Too many warnings: 246 vs 100. All future warnings will be suppressed (src/thermo.cpp:478)
         0   0             -275.63973      0             -275.63973     -6000.2033    
Loop time of 1.03e-06 on 1 procs for 0 steps with 64 atoms

97.1% CPU use with 1 MPI tasks x 1 OpenMP threads

MPI task timing breakdown:
Section |  min time  |  avg time  |  max time  |%varavg| %total
---------------------------------------------------------------
Pair    | 0          | 0          | 0          |   0.0 |  0.00
Neigh   | 0          | 0          | 0          |   0.0 |  0.00
Comm    | 0          | 0          | 0          |   0.0 |  0.00
Output  | 0          | 0          | 0          |   0.0 |  0.00
Modify  | 0          | 0          | 0          |   0.0 |  0.00
Other   |            | 1.03e-06   |            |       |100.00

Nlocal:             64 ave          64 max          64 min
Histogram: 1 0 0 0 0 0 0 0 0 0
Nghost:            494 ave         494 max         494 min
Histogram: 1 0 0 0 0 0 0 0 0 0
Neighs:              0 ave           0 max           0 min
Histogram: 1 0 0 0 0 0 0 0 0 0
FullNghs:         2178 ave        2178 max        2178 min
Histogram: 1 0 0 0 0 0 0 0 0 0

Total # of neighbors = 2178
Ave neighs/atom = 34.03125
Neighbor list builds = 0
Dangerous builds = 0
next i
jump SELF loop_struct
clear
  using 1 OpenMP thread(s) per MPI task
log energies.log append
units metal
boundary p p p
atom_style atomic
read_data Si222_${i}.in
read_data Si222_247.in
Reading data file ...
  orthogonal box = (0 0 0) to (10.887404 10.887404 10.887404)
  1 by 1 by 1 MPI processor grid
  reading atoms ...
  64 atoms
  reading velocities ...
  64 velocities
  read_data CPU = 0.001 seconds
mass 1 28.085
pair_style sw
pair_coeff * * Si.sw Si
Reading sw potential file Si.sw with DATE: 2007-06-11
run 0
Neighbor list info ...
  update: every = 1 steps, delay = 0 steps, check = yes
  max neighbors/atom: 2000, page size: 100000
  master list distance cutoff = 5.77118
  ghost atom cutoff = 5.77118
  binsize = 2.88559, bins = 4 4 4
  1 neighbor lists, perpetual/occasional/extra = 1 0 0
  (1) pair sw, perpetual
      attributes: full, newton on
      pair build: full/bin/atomonly
      stencil: full/bin/3d
      bin: standard
Per MPI rank memory allocation (min/avg/max) = 3.063 | 3.063 | 3.063 Mbytes
   Step          Temp          E_pair         E_mol          TotEng         Press     
WARNING: Too many warnings: 247 vs 100. All future warnings will be suppressed (src/thermo.cpp:478)
         0   0             -276.07024      0             -276.07024     -6024.4296    
Loop time of 1.03e-06 on 1 procs for 0 steps with 64 atoms

0.0% CPU use with 1 MPI tasks x 1 OpenMP threads

MPI task timing breakdown:
Section |  min time  |  avg time  |  max time  |%varavg| %total
---------------------------------------------------------------
Pair    | 0          | 0          | 0          |   0.0 |  0.00
Neigh   | 0          | 0          | 0          |   0.0 |  0.00
Comm    | 0          | 0          | 0          |   0.0 |  0.00
Output  | 0          | 0          | 0          |   0.0 |  0.00
Modify  | 0          | 0          | 0          |   0.0 |  0.00
Other   |            | 1.03e-06   |            |       |100.00

Nlocal:             64 ave          64 max          64 min
Histogram: 1 0 0 0 0 0 0 0 0 0
Nghost:            480 ave         480 max         480 min
Histogram: 1 0 0 0 0 0 0 0 0 0
Neighs:              0 ave           0 max           0 min
Histogram: 1 0 0 0 0 0 0 0 0 0
FullNghs:         2178 ave        2178 max        2178 min
Histogram: 1 0 0 0 0 0 0 0 0 0

Total # of neighbors = 2178
Ave neighs/atom = 34.03125
Neighbor list builds = 0
Dangerous builds = 0
next i
jump SELF loop_struct
clear
  using 1 OpenMP thread(s) per MPI task
log energies.log append
units metal
boundary p p p
atom_style atomic
read_data Si222_${i}.in
read_data Si222_248.in
Reading data file ...
  orthogonal box = (0 0 0) to (10.887404 10.887404 10.887404)
  1 by 1 by 1 MPI processor grid
  reading atoms ...
  64 atoms
  reading velocities ...
  64 velocities
  read_data CPU = 0.001 seconds
mass 1 28.085
pair_style sw
pair_coeff * * Si.sw Si
Reading sw potential file Si.sw with DATE: 2007-06-11
run 0
Neighbor list info ...
  update: every = 1 steps, delay = 0 steps, check = yes
  max neighbors/atom: 2000, page size: 100000
  master list distance cutoff = 5.77118
  ghost atom cutoff = 5.77118
  binsize = 2.88559, bins = 4 4 4
  1 neighbor lists, perpetual/occasional/extra = 1 0 0
  (1) pair sw, perpetual
      attributes: full, newton on
      pair build: full/bin/atomonly
      stencil: full/bin/3d
      bin: standard
Per MPI rank memory allocation (min/avg/max) = 3.063 | 3.063 | 3.063 Mbytes
   Step          Temp          E_pair         E_mol          TotEng         Press     
WARNING: Too many warnings: 248 vs 100. All future warnings will be suppressed (src/thermo.cpp:478)
         0   0             -275.6741       0             -275.6741      -5872.8219    
Loop time of 1.14e-06 on 1 procs for 0 steps with 64 atoms

175.4% CPU use with 1 MPI tasks x 1 OpenMP threads

MPI task timing breakdown:
Section |  min time  |  avg time  |  max time  |%varavg| %total
---------------------------------------------------------------
Pair    | 0          | 0          | 0          |   0.0 |  0.00
Neigh   | 0          | 0          | 0          |   0.0 |  0.00
Comm    | 0          | 0          | 0          |   0.0 |  0.00
Output  | 0          | 0          | 0          |   0.0 |  0.00
Modify  | 0          | 0          | 0          |   0.0 |  0.00
Other   |            | 1.14e-06   |            |       |100.00

Nlocal:             64 ave          64 max          64 min
Histogram: 1 0 0 0 0 0 0 0 0 0
Nghost:            480 ave         480 max         480 min
Histogram: 1 0 0 0 0 0 0 0 0 0
Neighs:              0 ave           0 max           0 min
Histogram: 1 0 0 0 0 0 0 0 0 0
FullNghs:         2182 ave        2182 max        2182 min
Histogram: 1 0 0 0 0 0 0 0 0 0

Total # of neighbors = 2182
Ave neighs/atom = 34.09375
Neighbor list builds = 0
Dangerous builds = 0
next i
jump SELF loop_struct
clear
  using 1 OpenMP thread(s) per MPI task
log energies.log append
units metal
boundary p p p
atom_style atomic
read_data Si222_${i}.in
read_data Si222_249.in
Reading data file ...
  orthogonal box = (0 0 0) to (10.887404 10.887404 10.887404)
  1 by 1 by 1 MPI processor grid
  reading atoms ...
  64 atoms
  reading velocities ...
  64 velocities
  read_data CPU = 0.001 seconds
mass 1 28.085
pair_style sw
pair_coeff * * Si.sw Si
Reading sw potential file Si.sw with DATE: 2007-06-11
run 0
Neighbor list info ...
  update: every = 1 steps, delay = 0 steps, check = yes
  max neighbors/atom: 2000, page size: 100000
  master list distance cutoff = 5.77118
  ghost atom cutoff = 5.77118
  binsize = 2.88559, bins = 4 4 4
  1 neighbor lists, perpetual/occasional/extra = 1 0 0
  (1) pair sw, perpetual
      attributes: full, newton on
      pair build: full/bin/atomonly
      stencil: full/bin/3d
      bin: standard
Per MPI rank memory allocation (min/avg/max) = 3.071 | 3.071 | 3.071 Mbytes
   Step          Temp          E_pair         E_mol          TotEng         Press     
WARNING: Too many warnings: 249 vs 100. All future warnings will be suppressed (src/thermo.cpp:478)
         0   0             -275.54834      0             -275.54834     -5544.6435    
Loop time of 1.06e-06 on 1 procs for 0 steps with 64 atoms

94.3% CPU use with 1 MPI tasks x 1 OpenMP threads

MPI task timing breakdown:
Section |  min time  |  avg time  |  max time  |%varavg| %total
---------------------------------------------------------------
Pair    | 0          | 0          | 0          |   0.0 |  0.00
Neigh   | 0          | 0          | 0          |   0.0 |  0.00
Comm    | 0          | 0          | 0          |   0.0 |  0.00
Output  | 0          | 0          | 0          |   0.0 |  0.00
Modify  | 0          | 0          | 0          |   0.0 |  0.00
Other   |            | 1.06e-06   |            |       |100.00

Nlocal:             64 ave          64 max          64 min
Histogram: 1 0 0 0 0 0 0 0 0 0
Nghost:            512 ave         512 max         512 min
Histogram: 1 0 0 0 0 0 0 0 0 0
Neighs:              0 ave           0 max           0 min
Histogram: 1 0 0 0 0 0 0 0 0 0
FullNghs:         2182 ave        2182 max        2182 min
Histogram: 1 0 0 0 0 0 0 0 0 0

Total # of neighbors = 2182
Ave neighs/atom = 34.09375
Neighbor list builds = 0
Dangerous builds = 0
next i
jump SELF loop_struct
clear
  using 1 OpenMP thread(s) per MPI task
log energies.log append
units metal
boundary p p p
atom_style atomic
read_data Si222_${i}.in
read_data Si222_250.in
Reading data file ...
  orthogonal box = (0 0 0) to (10.887404 10.887404 10.887404)
  1 by 1 by 1 MPI processor grid
  reading atoms ...
  64 atoms
  reading velocities ...
  64 velocities
  read_data CPU = 0.001 seconds
mass 1 28.085
pair_style sw
pair_coeff * * Si.sw Si
Reading sw potential file Si.sw with DATE: 2007-06-11
run 0
Neighbor list info ...
  update: every = 1 steps, delay = 0 steps, check = yes
  max neighbors/atom: 2000, page size: 100000
  master list distance cutoff = 5.77118
  ghost atom cutoff = 5.77118
  binsize = 2.88559, bins = 4 4 4
  1 neighbor lists, perpetual/occasional/extra = 1 0 0
  (1) pair sw, perpetual
      attributes: full, newton on
      pair build: full/bin/atomonly
      stencil: full/bin/3d
      bin: standard
Per MPI rank memory allocation (min/avg/max) = 3.072 | 3.072 | 3.072 Mbytes
   Step          Temp          E_pair         E_mol          TotEng         Press     
WARNING: Too many warnings: 250 vs 100. All future warnings will be suppressed (src/thermo.cpp:478)
         0   0             -275.62222      0             -275.62222     -5618.839     
Loop time of 1.03e-06 on 1 procs for 0 steps with 64 atoms

97.1% CPU use with 1 MPI tasks x 1 OpenMP threads

MPI task timing breakdown:
Section |  min time  |  avg time  |  max time  |%varavg| %total
---------------------------------------------------------------
Pair    | 0          | 0          | 0          |   0.0 |  0.00
Neigh   | 0          | 0          | 0          |   0.0 |  0.00
Comm    | 0          | 0          | 0          |   0.0 |  0.00
Output  | 0          | 0          | 0          |   0.0 |  0.00
Modify  | 0          | 0          | 0          |   0.0 |  0.00
Other   |            | 1.03e-06   |            |       |100.00

Nlocal:             64 ave          64 max          64 min
Histogram: 1 0 0 0 0 0 0 0 0 0
Nghost:            548 ave         548 max         548 min
Histogram: 1 0 0 0 0 0 0 0 0 0
Neighs:              0 ave           0 max           0 min
Histogram: 1 0 0 0 0 0 0 0 0 0
FullNghs:         2178 ave        2178 max        2178 min
Histogram: 1 0 0 0 0 0 0 0 0 0

Total # of neighbors = 2178
Ave neighs/atom = 34.03125
Neighbor list builds = 0
Dangerous builds = 0
next i
jump SELF loop_struct
clear
  using 1 OpenMP thread(s) per MPI task
log energies.log append
units metal
boundary p p p
atom_style atomic
read_data Si222_${i}.in
read_data Si222_251.in
Reading data file ...
  orthogonal box = (0 0 0) to (10.887404 10.887404 10.887404)
  1 by 1 by 1 MPI processor grid
  reading atoms ...
  64 atoms
  reading velocities ...
  64 velocities
  read_data CPU = 0.001 seconds
mass 1 28.085
pair_style sw
pair_coeff * * Si.sw Si
Reading sw potential file Si.sw with DATE: 2007-06-11
run 0
Neighbor list info ...
  update: every = 1 steps, delay = 0 steps, check = yes
  max neighbors/atom: 2000, page size: 100000
  master list distance cutoff = 5.77118
  ghost atom cutoff = 5.77118
  binsize = 2.88559, bins = 4 4 4
  1 neighbor lists, perpetual/occasional/extra = 1 0 0
  (1) pair sw, perpetual
      attributes: full, newton on
      pair build: full/bin/atomonly
      stencil: full/bin/3d
      bin: standard
Per MPI rank memory allocation (min/avg/max) = 3.072 | 3.072 | 3.072 Mbytes
   Step          Temp          E_pair         E_mol          TotEng         Press     
WARNING: Too many warnings: 251 vs 100. All future warnings will be suppressed (src/thermo.cpp:478)
         0   0             -275.52758      0             -275.52758     -5647.5908    
Loop time of 1.18e-06 on 1 procs for 0 steps with 64 atoms

84.7% CPU use with 1 MPI tasks x 1 OpenMP threads

MPI task timing breakdown:
Section |  min time  |  avg time  |  max time  |%varavg| %total
---------------------------------------------------------------
Pair    | 0          | 0          | 0          |   0.0 |  0.00
Neigh   | 0          | 0          | 0          |   0.0 |  0.00
Comm    | 0          | 0          | 0          |   0.0 |  0.00
Output  | 0          | 0          | 0          |   0.0 |  0.00
Modify  | 0          | 0          | 0          |   0.0 |  0.00
Other   |            | 1.18e-06   |            |       |100.00

Nlocal:             64 ave          64 max          64 min
Histogram: 1 0 0 0 0 0 0 0 0 0
Nghost:            539 ave         539 max         539 min
Histogram: 1 0 0 0 0 0 0 0 0 0
Neighs:              0 ave           0 max           0 min
Histogram: 1 0 0 0 0 0 0 0 0 0
FullNghs:         2182 ave        2182 max        2182 min
Histogram: 1 0 0 0 0 0 0 0 0 0

Total # of neighbors = 2182
Ave neighs/atom = 34.09375
Neighbor list builds = 0
Dangerous builds = 0
next i
jump SELF loop_struct
clear
  using 1 OpenMP thread(s) per MPI task
log energies.log append
units metal
boundary p p p
atom_style atomic
read_data Si222_${i}.in
read_data Si222_252.in
Reading data file ...
  orthogonal box = (0 0 0) to (10.887404 10.887404 10.887404)
  1 by 1 by 1 MPI processor grid
  reading atoms ...
  64 atoms
  reading velocities ...
  64 velocities
  read_data CPU = 0.001 seconds
mass 1 28.085
pair_style sw
pair_coeff * * Si.sw Si
Reading sw potential file Si.sw with DATE: 2007-06-11
run 0
Neighbor list info ...
  update: every = 1 steps, delay = 0 steps, check = yes
  max neighbors/atom: 2000, page size: 100000
  master list distance cutoff = 5.77118
  ghost atom cutoff = 5.77118
  binsize = 2.88559, bins = 4 4 4
  1 neighbor lists, perpetual/occasional/extra = 1 0 0
  (1) pair sw, perpetual
      attributes: full, newton on
      pair build: full/bin/atomonly
      stencil: full/bin/3d
      bin: standard
Per MPI rank memory allocation (min/avg/max) = 3.063 | 3.063 | 3.063 Mbytes
   Step          Temp          E_pair         E_mol          TotEng         Press     
WARNING: Too many warnings: 252 vs 100. All future warnings will be suppressed (src/thermo.cpp:478)
         0   0             -275.82892      0             -275.82892     -6086.4974    
Loop time of 1.19e-06 on 1 procs for 0 steps with 64 atoms

84.0% CPU use with 1 MPI tasks x 1 OpenMP threads

MPI task timing breakdown:
Section |  min time  |  avg time  |  max time  |%varavg| %total
---------------------------------------------------------------
Pair    | 0          | 0          | 0          |   0.0 |  0.00
Neigh   | 0          | 0          | 0          |   0.0 |  0.00
Comm    | 0          | 0          | 0          |   0.0 |  0.00
Output  | 0          | 0          | 0          |   0.0 |  0.00
Modify  | 0          | 0          | 0          |   0.0 |  0.00
Other   |            | 1.19e-06   |            |       |100.00

Nlocal:             64 ave          64 max          64 min
Histogram: 1 0 0 0 0 0 0 0 0 0
Nghost:            510 ave         510 max         510 min
Histogram: 1 0 0 0 0 0 0 0 0 0
Neighs:              0 ave           0 max           0 min
Histogram: 1 0 0 0 0 0 0 0 0 0
FullNghs:         2178 ave        2178 max        2178 min
Histogram: 1 0 0 0 0 0 0 0 0 0

Total # of neighbors = 2178
Ave neighs/atom = 34.03125
Neighbor list builds = 0
Dangerous builds = 0
next i
jump SELF loop_struct
clear
  using 1 OpenMP thread(s) per MPI task
log energies.log append
units metal
boundary p p p
atom_style atomic
read_data Si222_${i}.in
read_data Si222_253.in
Reading data file ...
  orthogonal box = (0 0 0) to (10.887404 10.887404 10.887404)
  1 by 1 by 1 MPI processor grid
  reading atoms ...
  64 atoms
  reading velocities ...
  64 velocities
  read_data CPU = 0.001 seconds
mass 1 28.085
pair_style sw
pair_coeff * * Si.sw Si
Reading sw potential file Si.sw with DATE: 2007-06-11
run 0
Neighbor list info ...
  update: every = 1 steps, delay = 0 steps, check = yes
  max neighbors/atom: 2000, page size: 100000
  master list distance cutoff = 5.77118
  ghost atom cutoff = 5.77118
  binsize = 2.88559, bins = 4 4 4
  1 neighbor lists, perpetual/occasional/extra = 1 0 0
  (1) pair sw, perpetual
      attributes: full, newton on
      pair build: full/bin/atomonly
      stencil: full/bin/3d
      bin: standard
Per MPI rank memory allocation (min/avg/max) = 3.063 | 3.063 | 3.063 Mbytes
   Step          Temp          E_pair         E_mol          TotEng         Press     
WARNING: Too many warnings: 253 vs 100. All future warnings will be suppressed (src/thermo.cpp:478)
         0   0             -275.59894      0             -275.59894     -6178.4117    
Loop time of 1.08e-06 on 1 procs for 0 steps with 64 atoms

185.2% CPU use with 1 MPI tasks x 1 OpenMP threads

MPI task timing breakdown:
Section |  min time  |  avg time  |  max time  |%varavg| %total
---------------------------------------------------------------
Pair    | 0          | 0          | 0          |   0.0 |  0.00
Neigh   | 0          | 0          | 0          |   0.0 |  0.00
Comm    | 0          | 0          | 0          |   0.0 |  0.00
Output  | 0          | 0          | 0          |   0.0 |  0.00
Modify  | 0          | 0          | 0          |   0.0 |  0.00
Other   |            | 1.08e-06   |            |       |100.00

Nlocal:             64 ave          64 max          64 min
Histogram: 1 0 0 0 0 0 0 0 0 0
Nghost:            448 ave         448 max         448 min
Histogram: 1 0 0 0 0 0 0 0 0 0
Neighs:              0 ave           0 max           0 min
Histogram: 1 0 0 0 0 0 0 0 0 0
FullNghs:         2186 ave        2186 max        2186 min
Histogram: 1 0 0 0 0 0 0 0 0 0

Total # of neighbors = 2186
Ave neighs/atom = 34.15625
Neighbor list builds = 0
Dangerous builds = 0
next i
jump SELF loop_struct
clear
  using 1 OpenMP thread(s) per MPI task
log energies.log append
units metal
boundary p p p
atom_style atomic
read_data Si222_${i}.in
read_data Si222_254.in
Reading data file ...
  orthogonal box = (0 0 0) to (10.887404 10.887404 10.887404)
  1 by 1 by 1 MPI processor grid
  reading atoms ...
  64 atoms
  reading velocities ...
  64 velocities
  read_data CPU = 0.001 seconds
mass 1 28.085
pair_style sw
pair_coeff * * Si.sw Si
Reading sw potential file Si.sw with DATE: 2007-06-11
run 0
Neighbor list info ...
  update: every = 1 steps, delay = 0 steps, check = yes
  max neighbors/atom: 2000, page size: 100000
  master list distance cutoff = 5.77118
  ghost atom cutoff = 5.77118
  binsize = 2.88559, bins = 4 4 4
  1 neighbor lists, perpetual/occasional/extra = 1 0 0
  (1) pair sw, perpetual
      attributes: full, newton on
      pair build: full/bin/atomonly
      stencil: full/bin/3d
      bin: standard
Per MPI rank memory allocation (min/avg/max) = 3.063 | 3.063 | 3.063 Mbytes
   Step          Temp          E_pair         E_mol          TotEng         Press     
WARNING: Too many warnings: 254 vs 100. All future warnings will be suppressed (src/thermo.cpp:478)
         0   0             -275.77076      0             -275.77076     -5669.8696    
Loop time of 1.02e-06 on 1 procs for 0 steps with 64 atoms

0.0% CPU use with 1 MPI tasks x 1 OpenMP threads

MPI task timing breakdown:
Section |  min time  |  avg time  |  max time  |%varavg| %total
---------------------------------------------------------------
Pair    | 0          | 0          | 0          |   0.0 |  0.00
Neigh   | 0          | 0          | 0          |   0.0 |  0.00
Comm    | 0          | 0          | 0          |   0.0 |  0.00
Output  | 0          | 0          | 0          |   0.0 |  0.00
Modify  | 0          | 0          | 0          |   0.0 |  0.00
Other   |            | 1.02e-06   |            |       |100.00

Nlocal:             64 ave          64 max          64 min
Histogram: 1 0 0 0 0 0 0 0 0 0
Nghost:            480 ave         480 max         480 min
Histogram: 1 0 0 0 0 0 0 0 0 0
Neighs:              0 ave           0 max           0 min
Histogram: 1 0 0 0 0 0 0 0 0 0
FullNghs:         2180 ave        2180 max        2180 min
Histogram: 1 0 0 0 0 0 0 0 0 0

Total # of neighbors = 2180
Ave neighs/atom = 34.0625
Neighbor list builds = 0
Dangerous builds = 0
next i
jump SELF loop_struct
clear
  using 1 OpenMP thread(s) per MPI task
log energies.log append
units metal
boundary p p p
atom_style atomic
read_data Si222_${i}.in
read_data Si222_255.in
Reading data file ...
  orthogonal box = (0 0 0) to (10.887404 10.887404 10.887404)
  1 by 1 by 1 MPI processor grid
  reading atoms ...
  64 atoms
  reading velocities ...
  64 velocities
  read_data CPU = 0.001 seconds
mass 1 28.085
pair_style sw
pair_coeff * * Si.sw Si
Reading sw potential file Si.sw with DATE: 2007-06-11
run 0
Neighbor list info ...
  update: every = 1 steps, delay = 0 steps, check = yes
  max neighbors/atom: 2000, page size: 100000
  master list distance cutoff = 5.77118
  ghost atom cutoff = 5.77118
  binsize = 2.88559, bins = 4 4 4
  1 neighbor lists, perpetual/occasional/extra = 1 0 0
  (1) pair sw, perpetual
      attributes: full, newton on
      pair build: full/bin/atomonly
      stencil: full/bin/3d
      bin: standard
Per MPI rank memory allocation (min/avg/max) = 3.063 | 3.063 | 3.063 Mbytes
   Step          Temp          E_pair         E_mol          TotEng         Press     
WARNING: Too many warnings: 255 vs 100. All future warnings will be suppressed (src/thermo.cpp:478)
         0   0             -275.82597      0             -275.82597     -6041.5359    
Loop time of 1.24e-06 on 1 procs for 0 steps with 64 atoms

80.6% CPU use with 1 MPI tasks x 1 OpenMP threads

MPI task timing breakdown:
Section |  min time  |  avg time  |  max time  |%varavg| %total
---------------------------------------------------------------
Pair    | 0          | 0          | 0          |   0.0 |  0.00
Neigh   | 0          | 0          | 0          |   0.0 |  0.00
Comm    | 0          | 0          | 0          |   0.0 |  0.00
Output  | 0          | 0          | 0          |   0.0 |  0.00
Modify  | 0          | 0          | 0          |   0.0 |  0.00
Other   |            | 1.24e-06   |            |       |100.00

Nlocal:             64 ave          64 max          64 min
Histogram: 1 0 0 0 0 0 0 0 0 0
Nghost:            448 ave         448 max         448 min
Histogram: 1 0 0 0 0 0 0 0 0 0
Neighs:              0 ave           0 max           0 min
Histogram: 1 0 0 0 0 0 0 0 0 0
FullNghs:         2184 ave        2184 max        2184 min
Histogram: 1 0 0 0 0 0 0 0 0 0

Total # of neighbors = 2184
Ave neighs/atom = 34.125
Neighbor list builds = 0
Dangerous builds = 0
next i
jump SELF loop_struct
clear
  using 1 OpenMP thread(s) per MPI task
log energies.log append
units metal
boundary p p p
atom_style atomic
read_data Si222_${i}.in
read_data Si222_256.in
Reading data file ...
  orthogonal box = (0 0 0) to (10.887404 10.887404 10.887404)
  1 by 1 by 1 MPI processor grid
  reading atoms ...
  64 atoms
  reading velocities ...
  64 velocities
  read_data CPU = 0.001 seconds
mass 1 28.085
pair_style sw
pair_coeff * * Si.sw Si
Reading sw potential file Si.sw with DATE: 2007-06-11
run 0
Neighbor list info ...
  update: every = 1 steps, delay = 0 steps, check = yes
  max neighbors/atom: 2000, page size: 100000
  master list distance cutoff = 5.77118
  ghost atom cutoff = 5.77118
  binsize = 2.88559, bins = 4 4 4
  1 neighbor lists, perpetual/occasional/extra = 1 0 0
  (1) pair sw, perpetual
      attributes: full, newton on
      pair build: full/bin/atomonly
      stencil: full/bin/3d
      bin: standard
Per MPI rank memory allocation (min/avg/max) = 3.063 | 3.063 | 3.063 Mbytes
   Step          Temp          E_pair         E_mol          TotEng         Press     
WARNING: Too many warnings: 256 vs 100. All future warnings will be suppressed (src/thermo.cpp:478)
         0   0             -275.54727      0             -275.54727     -6032.5502    
Loop time of 1.05e-06 on 1 procs for 0 steps with 64 atoms

95.2% CPU use with 1 MPI tasks x 1 OpenMP threads

MPI task timing breakdown:
Section |  min time  |  avg time  |  max time  |%varavg| %total
---------------------------------------------------------------
Pair    | 0          | 0          | 0          |   0.0 |  0.00
Neigh   | 0          | 0          | 0          |   0.0 |  0.00
Comm    | 0          | 0          | 0          |   0.0 |  0.00
Output  | 0          | 0          | 0          |   0.0 |  0.00
Modify  | 0          | 0          | 0          |   0.0 |  0.00
Other   |            | 1.05e-06   |            |       |100.00

Nlocal:             64 ave          64 max          64 min
Histogram: 1 0 0 0 0 0 0 0 0 0
Nghost:            452 ave         452 max         452 min
Histogram: 1 0 0 0 0 0 0 0 0 0
Neighs:              0 ave           0 max           0 min
Histogram: 1 0 0 0 0 0 0 0 0 0
FullNghs:         2184 ave        2184 max        2184 min
Histogram: 1 0 0 0 0 0 0 0 0 0

Total # of neighbors = 2184
Ave neighs/atom = 34.125
Neighbor list builds = 0
Dangerous builds = 0
next i
jump SELF loop_struct
Total wall time: 0:00:00
