units metal
boundary p p p
atom_style atomic
read_data Si333_${i}.in
read_data Si333_1.in
Reading data file ...
  orthogonal box = (0 0 0) to (16.331106 16.331106 16.331106)
  1 by 1 by 1 MPI processor grid
  reading atoms ...
  216 atoms
  reading velocities ...
  216 velocities
  read_data CPU = 0.003 seconds
mass 1 28.085
pair_style sw
pair_coeff * * Si.sw Si
Reading sw potential file Si.sw with DATE: 2007-06-11
run 0

CITE-CITE-CITE-CITE-CITE-CITE-CITE-CITE-CITE-CITE-CITE-CITE-CITE

Your simulation uses code contributions which should be cited:

- Type Label Framework: https://doi.org/10.1021/acs.jpcb.3c08419

@Article{Gissinger24,
 author = {Jacob R. Gissinger, Ilia Nikiforov, Yaser Afshar, Brendon Waters, Moon-ki Choi, Daniel S. Karls, Alexander Stukowski, Wonpil Im, Hendrik Heinz, Axel Kohlmeyer, and Ellad B. Tadmor},
 title = {Type Label Framework for Bonded Force Fields in LAMMPS},
 journal = {J. Phys. Chem. B},
 year =    2024,
 volume =  128,
 number =  13,
 pages =   {3282–-3297}
}

CITE-CITE-CITE-CITE-CITE-CITE-CITE-CITE-CITE-CITE-CITE-CITE-CITE

WARNING: No fixes with time integration, atoms won't move (src/verlet.cpp:60)
Neighbor list info ...
  update: every = 1 steps, delay = 0 steps, check = yes
  max neighbors/atom: 2000, page size: 100000
  master list distance cutoff = 5.77118
  ghost atom cutoff = 5.77118
  binsize = 2.88559, bins = 6 6 6
  1 neighbor lists, perpetual/occasional/extra = 1 0 0
  (1) pair sw, perpetual
      attributes: full, newton on
      pair build: full/bin/atomonly
      stencil: full/bin/3d
      bin: standard
Per MPI rank memory allocation (min/avg/max) = 3.085 | 3.085 | 3.085 Mbytes
   Step          Temp          E_pair         E_mol          TotEng         Press     
         0   0             -935.16731      0             -935.16731     -6632.7973    
Loop time of 1.33e-06 on 1 procs for 0 steps with 216 atoms

75.2% CPU use with 1 MPI tasks x 1 OpenMP threads

MPI task timing breakdown:
Section |  min time  |  avg time  |  max time  |%varavg| %total
---------------------------------------------------------------
Pair    | 0          | 0          | 0          |   0.0 |  0.00
Neigh   | 0          | 0          | 0          |   0.0 |  0.00
Comm    | 0          | 0          | 0          |   0.0 |  0.00
Output  | 0          | 0          | 0          |   0.0 |  0.00
Modify  | 0          | 0          | 0          |   0.0 |  0.00
Other   |            | 1.33e-06   |            |       |100.00

Nlocal:            216 ave         216 max         216 min
Histogram: 1 0 0 0 0 0 0 0 0 0
Nghost:            834 ave         834 max         834 min
Histogram: 1 0 0 0 0 0 0 0 0 0
Neighs:              0 ave           0 max           0 min
Histogram: 1 0 0 0 0 0 0 0 0 0
FullNghs:         7344 ave        7344 max        7344 min
Histogram: 1 0 0 0 0 0 0 0 0 0

Total # of neighbors = 7344
Ave neighs/atom = 34
Neighbor list builds = 0
Dangerous builds = 0
next i
jump SELF loop_struct
clear
  using 1 OpenMP thread(s) per MPI task
log energies.log append
units metal
boundary p p p
atom_style atomic
read_data Si333_${i}.in
read_data Si333_2.in
Reading data file ...
  orthogonal box = (0 0 0) to (16.331106 16.331106 16.331106)
  1 by 1 by 1 MPI processor grid
  reading atoms ...
  216 atoms
  reading velocities ...
  216 velocities
  read_data CPU = 0.001 seconds
mass 1 28.085
pair_style sw
pair_coeff * * Si.sw Si
Reading sw potential file Si.sw with DATE: 2007-06-11
run 0
WARNING: No fixes with time integration, atoms won't move (src/verlet.cpp:60)
Neighbor list info ...
  update: every = 1 steps, delay = 0 steps, check = yes
  max neighbors/atom: 2000, page size: 100000
  master list distance cutoff = 5.77118
  ghost atom cutoff = 5.77118
  binsize = 2.88559, bins = 6 6 6
  1 neighbor lists, perpetual/occasional/extra = 1 0 0
  (1) pair sw, perpetual
      attributes: full, newton on
      pair build: full/bin/atomonly
      stencil: full/bin/3d
      bin: standard
Per MPI rank memory allocation (min/avg/max) = 3.089 | 3.089 | 3.089 Mbytes
   Step          Temp          E_pair         E_mol          TotEng         Press     
         0   0             -935.31155      0             -935.31155     -6690.2513    
Loop time of 1.06e-06 on 1 procs for 0 steps with 216 atoms

0.0% CPU use with 1 MPI tasks x 1 OpenMP threads

MPI task timing breakdown:
Section |  min time  |  avg time  |  max time  |%varavg| %total
---------------------------------------------------------------
Pair    | 0          | 0          | 0          |   0.0 |  0.00
Neigh   | 0          | 0          | 0          |   0.0 |  0.00
Comm    | 0          | 0          | 0          |   0.0 |  0.00
Output  | 0          | 0          | 0          |   0.0 |  0.00
Modify  | 0          | 0          | 0          |   0.0 |  0.00
Other   |            | 1.06e-06   |            |       |100.00

Nlocal:            216 ave         216 max         216 min
Histogram: 1 0 0 0 0 0 0 0 0 0
Nghost:            847 ave         847 max         847 min
Histogram: 1 0 0 0 0 0 0 0 0 0
Neighs:              0 ave           0 max           0 min
Histogram: 1 0 0 0 0 0 0 0 0 0
FullNghs:         7344 ave        7344 max        7344 min
Histogram: 1 0 0 0 0 0 0 0 0 0

Total # of neighbors = 7344
Ave neighs/atom = 34
Neighbor list builds = 0
Dangerous builds = 0
next i
jump SELF loop_struct
clear
  using 1 OpenMP thread(s) per MPI task
log energies.log append
units metal
boundary p p p
atom_style atomic
read_data Si333_${i}.in
read_data Si333_3.in
Reading data file ...
  orthogonal box = (0 0 0) to (16.331106 16.331106 16.331106)
  1 by 1 by 1 MPI processor grid
  reading atoms ...
  216 atoms
  reading velocities ...
  216 velocities
  read_data CPU = 0.001 seconds
mass 1 28.085
pair_style sw
pair_coeff * * Si.sw Si
Reading sw potential file Si.sw with DATE: 2007-06-11
run 0
WARNING: No fixes with time integration, atoms won't move (src/verlet.cpp:60)
Neighbor list info ...
  update: every = 1 steps, delay = 0 steps, check = yes
  max neighbors/atom: 2000, page size: 100000
  master list distance cutoff = 5.77118
  ghost atom cutoff = 5.77118
  binsize = 2.88559, bins = 6 6 6
  1 neighbor lists, perpetual/occasional/extra = 1 0 0
  (1) pair sw, perpetual
      attributes: full, newton on
      pair build: full/bin/atomonly
      stencil: full/bin/3d
      bin: standard
Per MPI rank memory allocation (min/avg/max) = 3.083 | 3.083 | 3.083 Mbytes
   Step          Temp          E_pair         E_mol          TotEng         Press     
         0   0             -935.34764      0             -935.34764     -6713.0891    
Loop time of 1.06e-06 on 1 procs for 0 steps with 216 atoms

0.0% CPU use with 1 MPI tasks x 1 OpenMP threads

MPI task timing breakdown:
Section |  min time  |  avg time  |  max time  |%varavg| %total
---------------------------------------------------------------
Pair    | 0          | 0          | 0          |   0.0 |  0.00
Neigh   | 0          | 0          | 0          |   0.0 |  0.00
Comm    | 0          | 0          | 0          |   0.0 |  0.00
Output  | 0          | 0          | 0          |   0.0 |  0.00
Modify  | 0          | 0          | 0          |   0.0 |  0.00
Other   |            | 1.06e-06   |            |       |100.00

Nlocal:            216 ave         216 max         216 min
Histogram: 1 0 0 0 0 0 0 0 0 0
Nghost:            834 ave         834 max         834 min
Histogram: 1 0 0 0 0 0 0 0 0 0
Neighs:              0 ave           0 max           0 min
Histogram: 1 0 0 0 0 0 0 0 0 0
FullNghs:         7344 ave        7344 max        7344 min
Histogram: 1 0 0 0 0 0 0 0 0 0

Total # of neighbors = 7344
Ave neighs/atom = 34
Neighbor list builds = 0
Dangerous builds = 0
next i
jump SELF loop_struct
clear
  using 1 OpenMP thread(s) per MPI task
log energies.log append
units metal
boundary p p p
atom_style atomic
read_data Si333_${i}.in
read_data Si333_4.in
Reading data file ...
  orthogonal box = (0 0 0) to (16.331106 16.331106 16.331106)
  1 by 1 by 1 MPI processor grid
  reading atoms ...
  216 atoms
  reading velocities ...
  216 velocities
  read_data CPU = 0.001 seconds
mass 1 28.085
pair_style sw
pair_coeff * * Si.sw Si
Reading sw potential file Si.sw with DATE: 2007-06-11
run 0
WARNING: No fixes with time integration, atoms won't move (src/verlet.cpp:60)
Neighbor list info ...
  update: every = 1 steps, delay = 0 steps, check = yes
  max neighbors/atom: 2000, page size: 100000
  master list distance cutoff = 5.77118
  ghost atom cutoff = 5.77118
  binsize = 2.88559, bins = 6 6 6
  1 neighbor lists, perpetual/occasional/extra = 1 0 0
  (1) pair sw, perpetual
      attributes: full, newton on
      pair build: full/bin/atomonly
      stencil: full/bin/3d
      bin: standard
Per MPI rank memory allocation (min/avg/max) = 3.087 | 3.087 | 3.087 Mbytes
   Step          Temp          E_pair         E_mol          TotEng         Press     
         0   0             -935.37334      0             -935.37334     -6720.1133    
Loop time of 1.2e-06 on 1 procs for 0 steps with 216 atoms

0.0% CPU use with 1 MPI tasks x 1 OpenMP threads

MPI task timing breakdown:
Section |  min time  |  avg time  |  max time  |%varavg| %total
---------------------------------------------------------------
Pair    | 0          | 0          | 0          |   0.0 |  0.00
Neigh   | 0          | 0          | 0          |   0.0 |  0.00
Comm    | 0          | 0          | 0          |   0.0 |  0.00
Output  | 0          | 0          | 0          |   0.0 |  0.00
Modify  | 0          | 0          | 0          |   0.0 |  0.00
Other   |            | 1.2e-06    |            |       |100.00

Nlocal:            216 ave         216 max         216 min
Histogram: 1 0 0 0 0 0 0 0 0 0
Nghost:            889 ave         889 max         889 min
Histogram: 1 0 0 0 0 0 0 0 0 0
Neighs:              0 ave           0 max           0 min
Histogram: 1 0 0 0 0 0 0 0 0 0
FullNghs:         7344 ave        7344 max        7344 min
Histogram: 1 0 0 0 0 0 0 0 0 0

Total # of neighbors = 7344
Ave neighs/atom = 34
Neighbor list builds = 0
Dangerous builds = 0
next i
jump SELF loop_struct
clear
  using 1 OpenMP thread(s) per MPI task
log energies.log append
units metal
boundary p p p
atom_style atomic
read_data Si333_${i}.in
read_data Si333_5.in
Reading data file ...
  orthogonal box = (0 0 0) to (16.331106 16.331106 16.331106)
  1 by 1 by 1 MPI processor grid
  reading atoms ...
  216 atoms
  reading velocities ...
  216 velocities
  read_data CPU = 0.001 seconds
mass 1 28.085
pair_style sw
pair_coeff * * Si.sw Si
Reading sw potential file Si.sw with DATE: 2007-06-11
run 0
WARNING: No fixes with time integration, atoms won't move (src/verlet.cpp:60)
Neighbor list info ...
  update: every = 1 steps, delay = 0 steps, check = yes
  max neighbors/atom: 2000, page size: 100000
  master list distance cutoff = 5.77118
  ghost atom cutoff = 5.77118
  binsize = 2.88559, bins = 6 6 6
  1 neighbor lists, perpetual/occasional/extra = 1 0 0
  (1) pair sw, perpetual
      attributes: full, newton on
      pair build: full/bin/atomonly
      stencil: full/bin/3d
      bin: standard
Per MPI rank memory allocation (min/avg/max) = 3.086 | 3.086 | 3.086 Mbytes
   Step          Temp          E_pair         E_mol          TotEng         Press     
         0   0             -935.19503      0             -935.19503     -6653.5327    
Loop time of 1.05e-06 on 1 procs for 0 steps with 216 atoms

0.0% CPU use with 1 MPI tasks x 1 OpenMP threads

MPI task timing breakdown:
Section |  min time  |  avg time  |  max time  |%varavg| %total
---------------------------------------------------------------
Pair    | 0          | 0          | 0          |   0.0 |  0.00
Neigh   | 0          | 0          | 0          |   0.0 |  0.00
Comm    | 0          | 0          | 0          |   0.0 |  0.00
Output  | 0          | 0          | 0          |   0.0 |  0.00
Modify  | 0          | 0          | 0          |   0.0 |  0.00
Other   |            | 1.05e-06   |            |       |100.00

Nlocal:            216 ave         216 max         216 min
Histogram: 1 0 0 0 0 0 0 0 0 0
Nghost:            910 ave         910 max         910 min
Histogram: 1 0 0 0 0 0 0 0 0 0
Neighs:              0 ave           0 max           0 min
Histogram: 1 0 0 0 0 0 0 0 0 0
FullNghs:         7344 ave        7344 max        7344 min
Histogram: 1 0 0 0 0 0 0 0 0 0

Total # of neighbors = 7344
Ave neighs/atom = 34
Neighbor list builds = 0
Dangerous builds = 0
next i
jump SELF loop_struct
clear
  using 1 OpenMP thread(s) per MPI task
log energies.log append
units metal
boundary p p p
atom_style atomic
read_data Si333_${i}.in
read_data Si333_6.in
Reading data file ...
  orthogonal box = (0 0 0) to (16.331106 16.331106 16.331106)
  1 by 1 by 1 MPI processor grid
  reading atoms ...
  216 atoms
  reading velocities ...
  216 velocities
  read_data CPU = 0.001 seconds
mass 1 28.085
pair_style sw
pair_coeff * * Si.sw Si
Reading sw potential file Si.sw with DATE: 2007-06-11
run 0
WARNING: No fixes with time integration, atoms won't move (src/verlet.cpp:60)
Neighbor list info ...
  update: every = 1 steps, delay = 0 steps, check = yes
  max neighbors/atom: 2000, page size: 100000
  master list distance cutoff = 5.77118
  ghost atom cutoff = 5.77118
  binsize = 2.88559, bins = 6 6 6
  1 neighbor lists, perpetual/occasional/extra = 1 0 0
  (1) pair sw, perpetual
      attributes: full, newton on
      pair build: full/bin/atomonly
      stencil: full/bin/3d
      bin: standard
Per MPI rank memory allocation (min/avg/max) = 3.081 | 3.081 | 3.081 Mbytes
   Step          Temp          E_pair         E_mol          TotEng         Press     
         0   0             -935.28385      0             -935.28385     -6668.9539    
Loop time of 1.19e-06 on 1 procs for 0 steps with 216 atoms

84.0% CPU use with 1 MPI tasks x 1 OpenMP threads

MPI task timing breakdown:
Section |  min time  |  avg time  |  max time  |%varavg| %total
---------------------------------------------------------------
Pair    | 0          | 0          | 0          |   0.0 |  0.00
Neigh   | 0          | 0          | 0          |   0.0 |  0.00
Comm    | 0          | 0          | 0          |   0.0 |  0.00
Output  | 0          | 0          | 0          |   0.0 |  0.00
Modify  | 0          | 0          | 0          |   0.0 |  0.00
Other   |            | 1.19e-06   |            |       |100.00

Nlocal:            216 ave         216 max         216 min
Histogram: 1 0 0 0 0 0 0 0 0 0
Nghost:            794 ave         794 max         794 min
Histogram: 1 0 0 0 0 0 0 0 0 0
Neighs:              0 ave           0 max           0 min
Histogram: 1 0 0 0 0 0 0 0 0 0
FullNghs:         7344 ave        7344 max        7344 min
Histogram: 1 0 0 0 0 0 0 0 0 0

Total # of neighbors = 7344
Ave neighs/atom = 34
Neighbor list builds = 0
Dangerous builds = 0
next i
jump SELF loop_struct
clear
  using 1 OpenMP thread(s) per MPI task
log energies.log append
units metal
boundary p p p
atom_style atomic
read_data Si333_${i}.in
read_data Si333_7.in
Reading data file ...
  orthogonal box = (0 0 0) to (16.331106 16.331106 16.331106)
  1 by 1 by 1 MPI processor grid
  reading atoms ...
  216 atoms
  reading velocities ...
  216 velocities
  read_data CPU = 0.001 seconds
mass 1 28.085
pair_style sw
pair_coeff * * Si.sw Si
Reading sw potential file Si.sw with DATE: 2007-06-11
run 0
WARNING: No fixes with time integration, atoms won't move (src/verlet.cpp:60)
Neighbor list info ...
  update: every = 1 steps, delay = 0 steps, check = yes
  max neighbors/atom: 2000, page size: 100000
  master list distance cutoff = 5.77118
  ghost atom cutoff = 5.77118
  binsize = 2.88559, bins = 6 6 6
  1 neighbor lists, perpetual/occasional/extra = 1 0 0
  (1) pair sw, perpetual
      attributes: full, newton on
      pair build: full/bin/atomonly
      stencil: full/bin/3d
      bin: standard
Per MPI rank memory allocation (min/avg/max) = 3.083 | 3.083 | 3.083 Mbytes
   Step          Temp          E_pair         E_mol          TotEng         Press     
         0   0             -935.31079      0             -935.31079     -6683.4694    
Loop time of 1.08e-06 on 1 procs for 0 steps with 216 atoms

92.6% CPU use with 1 MPI tasks x 1 OpenMP threads

MPI task timing breakdown:
Section |  min time  |  avg time  |  max time  |%varavg| %total
---------------------------------------------------------------
Pair    | 0          | 0          | 0          |   0.0 |  0.00
Neigh   | 0          | 0          | 0          |   0.0 |  0.00
Comm    | 0          | 0          | 0          |   0.0 |  0.00
Output  | 0          | 0          | 0          |   0.0 |  0.00
Modify  | 0          | 0          | 0          |   0.0 |  0.00
Other   |            | 1.08e-06   |            |       |100.00

Nlocal:            216 ave         216 max         216 min
Histogram: 1 0 0 0 0 0 0 0 0 0
Nghost:            834 ave         834 max         834 min
Histogram: 1 0 0 0 0 0 0 0 0 0
Neighs:              0 ave           0 max           0 min
Histogram: 1 0 0 0 0 0 0 0 0 0
FullNghs:         7344 ave        7344 max        7344 min
Histogram: 1 0 0 0 0 0 0 0 0 0

Total # of neighbors = 7344
Ave neighs/atom = 34
Neighbor list builds = 0
Dangerous builds = 0
next i
jump SELF loop_struct
clear
  using 1 OpenMP thread(s) per MPI task
log energies.log append
units metal
boundary p p p
atom_style atomic
read_data Si333_${i}.in
read_data Si333_8.in
Reading data file ...
  orthogonal box = (0 0 0) to (16.331106 16.331106 16.331106)
  1 by 1 by 1 MPI processor grid
  reading atoms ...
  216 atoms
  reading velocities ...
  216 velocities
  read_data CPU = 0.001 seconds
mass 1 28.085
pair_style sw
pair_coeff * * Si.sw Si
Reading sw potential file Si.sw with DATE: 2007-06-11
run 0
WARNING: No fixes with time integration, atoms won't move (src/verlet.cpp:60)
Neighbor list info ...
  update: every = 1 steps, delay = 0 steps, check = yes
  max neighbors/atom: 2000, page size: 100000
  master list distance cutoff = 5.77118
  ghost atom cutoff = 5.77118
  binsize = 2.88559, bins = 6 6 6
  1 neighbor lists, perpetual/occasional/extra = 1 0 0
  (1) pair sw, perpetual
      attributes: full, newton on
      pair build: full/bin/atomonly
      stencil: full/bin/3d
      bin: standard
Per MPI rank memory allocation (min/avg/max) = 3.089 | 3.089 | 3.089 Mbytes
   Step          Temp          E_pair         E_mol          TotEng         Press     
         0   0             -935.19498      0             -935.19498     -6652.9326    
Loop time of 1.07e-06 on 1 procs for 0 steps with 216 atoms

93.5% CPU use with 1 MPI tasks x 1 OpenMP threads

MPI task timing breakdown:
Section |  min time  |  avg time  |  max time  |%varavg| %total
---------------------------------------------------------------
Pair    | 0          | 0          | 0          |   0.0 |  0.00
Neigh   | 0          | 0          | 0          |   0.0 |  0.00
Comm    | 0          | 0          | 0          |   0.0 |  0.00
Output  | 0          | 0          | 0          |   0.0 |  0.00
Modify  | 0          | 0          | 0          |   0.0 |  0.00
Other   |            | 1.07e-06   |            |       |100.00

Nlocal:            216 ave         216 max         216 min
Histogram: 1 0 0 0 0 0 0 0 0 0
Nghost:            945 ave         945 max         945 min
Histogram: 1 0 0 0 0 0 0 0 0 0
Neighs:              0 ave           0 max           0 min
Histogram: 1 0 0 0 0 0 0 0 0 0
FullNghs:         7344 ave        7344 max        7344 min
Histogram: 1 0 0 0 0 0 0 0 0 0

Total # of neighbors = 7344
Ave neighs/atom = 34
Neighbor list builds = 0
Dangerous builds = 0
next i
jump SELF loop_struct
clear
  using 1 OpenMP thread(s) per MPI task
log energies.log append
units metal
boundary p p p
atom_style atomic
read_data Si333_${i}.in
read_data Si333_9.in
Reading data file ...
  orthogonal box = (0 0 0) to (16.331106 16.331106 16.331106)
  1 by 1 by 1 MPI processor grid
  reading atoms ...
  216 atoms
  reading velocities ...
  216 velocities
  read_data CPU = 0.001 seconds
mass 1 28.085
pair_style sw
pair_coeff * * Si.sw Si
Reading sw potential file Si.sw with DATE: 2007-06-11
run 0
WARNING: No fixes with time integration, atoms won't move (src/verlet.cpp:60)
Neighbor list info ...
  update: every = 1 steps, delay = 0 steps, check = yes
  max neighbors/atom: 2000, page size: 100000
  master list distance cutoff = 5.77118
  ghost atom cutoff = 5.77118
  binsize = 2.88559, bins = 6 6 6
  1 neighbor lists, perpetual/occasional/extra = 1 0 0
  (1) pair sw, perpetual
      attributes: full, newton on
      pair build: full/bin/atomonly
      stencil: full/bin/3d
      bin: standard
Per MPI rank memory allocation (min/avg/max) = 3.087 | 3.087 | 3.087 Mbytes
   Step          Temp          E_pair         E_mol          TotEng         Press     
         0   0             -935.38129      0             -935.38129     -6707.8599    
Loop time of 1.25e-06 on 1 procs for 0 steps with 216 atoms

0.0% CPU use with 1 MPI tasks x 1 OpenMP threads

MPI task timing breakdown:
Section |  min time  |  avg time  |  max time  |%varavg| %total
---------------------------------------------------------------
Pair    | 0          | 0          | 0          |   0.0 |  0.00
Neigh   | 0          | 0          | 0          |   0.0 |  0.00
Comm    | 0          | 0          | 0          |   0.0 |  0.00
Output  | 0          | 0          | 0          |   0.0 |  0.00
Modify  | 0          | 0          | 0          |   0.0 |  0.00
Other   |            | 1.25e-06   |            |       |100.00

Nlocal:            216 ave         216 max         216 min
Histogram: 1 0 0 0 0 0 0 0 0 0
Nghost:            889 ave         889 max         889 min
Histogram: 1 0 0 0 0 0 0 0 0 0
Neighs:              0 ave           0 max           0 min
Histogram: 1 0 0 0 0 0 0 0 0 0
FullNghs:         7344 ave        7344 max        7344 min
Histogram: 1 0 0 0 0 0 0 0 0 0

Total # of neighbors = 7344
Ave neighs/atom = 34
Neighbor list builds = 0
Dangerous builds = 0
next i
jump SELF loop_struct
clear
  using 1 OpenMP thread(s) per MPI task
log energies.log append
units metal
boundary p p p
atom_style atomic
read_data Si333_${i}.in
read_data Si333_10.in
Reading data file ...
  orthogonal box = (0 0 0) to (16.331106 16.331106 16.331106)
  1 by 1 by 1 MPI processor grid
  reading atoms ...
  216 atoms
  reading velocities ...
  216 velocities
  read_data CPU = 0.001 seconds
mass 1 28.085
pair_style sw
pair_coeff * * Si.sw Si
Reading sw potential file Si.sw with DATE: 2007-06-11
run 0
WARNING: No fixes with time integration, atoms won't move (src/verlet.cpp:60)
Neighbor list info ...
  update: every = 1 steps, delay = 0 steps, check = yes
  max neighbors/atom: 2000, page size: 100000
  master list distance cutoff = 5.77118
  ghost atom cutoff = 5.77118
  binsize = 2.88559, bins = 6 6 6
  1 neighbor lists, perpetual/occasional/extra = 1 0 0
  (1) pair sw, perpetual
      attributes: full, newton on
      pair build: full/bin/atomonly
      stencil: full/bin/3d
      bin: standard
Per MPI rank memory allocation (min/avg/max) = 3.09 | 3.09 | 3.09 Mbytes
   Step          Temp          E_pair         E_mol          TotEng         Press     
         0   0             -935.44717      0             -935.44717     -6726.5585    
Loop time of 1.02e-06 on 1 procs for 0 steps with 216 atoms

0.0% CPU use with 1 MPI tasks x 1 OpenMP threads

MPI task timing breakdown:
Section |  min time  |  avg time  |  max time  |%varavg| %total
---------------------------------------------------------------
Pair    | 0          | 0          | 0          |   0.0 |  0.00
Neigh   | 0          | 0          | 0          |   0.0 |  0.00
Comm    | 0          | 0          | 0          |   0.0 |  0.00
Output  | 0          | 0          | 0          |   0.0 |  0.00
Modify  | 0          | 0          | 0          |   0.0 |  0.00
Other   |            | 1.02e-06   |            |       |100.00

Nlocal:            216 ave         216 max         216 min
Histogram: 1 0 0 0 0 0 0 0 0 0
Nghost:            884 ave         884 max         884 min
Histogram: 1 0 0 0 0 0 0 0 0 0
Neighs:              0 ave           0 max           0 min
Histogram: 1 0 0 0 0 0 0 0 0 0
FullNghs:         7344 ave        7344 max        7344 min
Histogram: 1 0 0 0 0 0 0 0 0 0

Total # of neighbors = 7344
Ave neighs/atom = 34
Neighbor list builds = 0
Dangerous builds = 0
next i
jump SELF loop_struct
clear
  using 1 OpenMP thread(s) per MPI task
log energies.log append
units metal
boundary p p p
atom_style atomic
read_data Si333_${i}.in
read_data Si333_11.in
Reading data file ...
  orthogonal box = (0 0 0) to (16.331106 16.331106 16.331106)
  1 by 1 by 1 MPI processor grid
  reading atoms ...
  216 atoms
  reading velocities ...
  216 velocities
  read_data CPU = 0.001 seconds
mass 1 28.085
pair_style sw
pair_coeff * * Si.sw Si
Reading sw potential file Si.sw with DATE: 2007-06-11
run 0
WARNING: No fixes with time integration, atoms won't move (src/verlet.cpp:60)
Neighbor list info ...
  update: every = 1 steps, delay = 0 steps, check = yes
  max neighbors/atom: 2000, page size: 100000
  master list distance cutoff = 5.77118
  ghost atom cutoff = 5.77118
  binsize = 2.88559, bins = 6 6 6
  1 neighbor lists, perpetual/occasional/extra = 1 0 0
  (1) pair sw, perpetual
      attributes: full, newton on
      pair build: full/bin/atomonly
      stencil: full/bin/3d
      bin: standard
Per MPI rank memory allocation (min/avg/max) = 3.093 | 3.093 | 3.093 Mbytes
   Step          Temp          E_pair         E_mol          TotEng         Press     
         0   0             -935.28985      0             -935.28985     -6672.4331    
Loop time of 1.03e-06 on 1 procs for 0 steps with 216 atoms

97.1% CPU use with 1 MPI tasks x 1 OpenMP threads

MPI task timing breakdown:
Section |  min time  |  avg time  |  max time  |%varavg| %total
---------------------------------------------------------------
Pair    | 0          | 0          | 0          |   0.0 |  0.00
Neigh   | 0          | 0          | 0          |   0.0 |  0.00
Comm    | 0          | 0          | 0          |   0.0 |  0.00
Output  | 0          | 0          | 0          |   0.0 |  0.00
Modify  | 0          | 0          | 0          |   0.0 |  0.00
Other   |            | 1.03e-06   |            |       |100.00

Nlocal:            216 ave         216 max         216 min
Histogram: 1 0 0 0 0 0 0 0 0 0
Nghost:            945 ave         945 max         945 min
Histogram: 1 0 0 0 0 0 0 0 0 0
Neighs:              0 ave           0 max           0 min
Histogram: 1 0 0 0 0 0 0 0 0 0
FullNghs:         7344 ave        7344 max        7344 min
Histogram: 1 0 0 0 0 0 0 0 0 0

Total # of neighbors = 7344
Ave neighs/atom = 34
Neighbor list builds = 0
Dangerous builds = 0
next i
jump SELF loop_struct
clear
  using 1 OpenMP thread(s) per MPI task
log energies.log append
units metal
boundary p p p
atom_style atomic
read_data Si333_${i}.in
read_data Si333_12.in
Reading data file ...
  orthogonal box = (0 0 0) to (16.331106 16.331106 16.331106)
  1 by 1 by 1 MPI processor grid
  reading atoms ...
  216 atoms
  reading velocities ...
  216 velocities
  read_data CPU = 0.001 seconds
mass 1 28.085
pair_style sw
pair_coeff * * Si.sw Si
Reading sw potential file Si.sw with DATE: 2007-06-11
run 0
WARNING: No fixes with time integration, atoms won't move (src/verlet.cpp:60)
Neighbor list info ...
  update: every = 1 steps, delay = 0 steps, check = yes
  max neighbors/atom: 2000, page size: 100000
  master list distance cutoff = 5.77118
  ghost atom cutoff = 5.77118
  binsize = 2.88559, bins = 6 6 6
  1 neighbor lists, perpetual/occasional/extra = 1 0 0
  (1) pair sw, perpetual
      attributes: full, newton on
      pair build: full/bin/atomonly
      stencil: full/bin/3d
      bin: standard
Per MPI rank memory allocation (min/avg/max) = 3.081 | 3.081 | 3.081 Mbytes
   Step          Temp          E_pair         E_mol          TotEng         Press     
         0   0             -935.28029      0             -935.28029     -6678.6373    
Loop time of 1.01e-06 on 1 procs for 0 steps with 216 atoms

0.0% CPU use with 1 MPI tasks x 1 OpenMP threads

MPI task timing breakdown:
Section |  min time  |  avg time  |  max time  |%varavg| %total
---------------------------------------------------------------
Pair    | 0          | 0          | 0          |   0.0 |  0.00
Neigh   | 0          | 0          | 0          |   0.0 |  0.00
Comm    | 0          | 0          | 0          |   0.0 |  0.00
Output  | 0          | 0          | 0          |   0.0 |  0.00
Modify  | 0          | 0          | 0          |   0.0 |  0.00
Other   |            | 1.01e-06   |            |       |100.00

Nlocal:            216 ave         216 max         216 min
Histogram: 1 0 0 0 0 0 0 0 0 0
Nghost:            784 ave         784 max         784 min
Histogram: 1 0 0 0 0 0 0 0 0 0
Neighs:              0 ave           0 max           0 min
Histogram: 1 0 0 0 0 0 0 0 0 0
FullNghs:         7344 ave        7344 max        7344 min
Histogram: 1 0 0 0 0 0 0 0 0 0

Total # of neighbors = 7344
Ave neighs/atom = 34
Neighbor list builds = 0
Dangerous builds = 0
next i
jump SELF loop_struct
clear
  using 1 OpenMP thread(s) per MPI task
log energies.log append
units metal
boundary p p p
atom_style atomic
read_data Si333_${i}.in
read_data Si333_13.in
Reading data file ...
  orthogonal box = (0 0 0) to (16.331106 16.331106 16.331106)
  1 by 1 by 1 MPI processor grid
  reading atoms ...
  216 atoms
  reading velocities ...
  216 velocities
  read_data CPU = 0.001 seconds
mass 1 28.085
pair_style sw
pair_coeff * * Si.sw Si
Reading sw potential file Si.sw with DATE: 2007-06-11
run 0
WARNING: No fixes with time integration, atoms won't move (src/verlet.cpp:60)
Neighbor list info ...
  update: every = 1 steps, delay = 0 steps, check = yes
  max neighbors/atom: 2000, page size: 100000
  master list distance cutoff = 5.77118
  ghost atom cutoff = 5.77118
  binsize = 2.88559, bins = 6 6 6
  1 neighbor lists, perpetual/occasional/extra = 1 0 0
  (1) pair sw, perpetual
      attributes: full, newton on
      pair build: full/bin/atomonly
      stencil: full/bin/3d
      bin: standard
Per MPI rank memory allocation (min/avg/max) = 3.085 | 3.085 | 3.085 Mbytes
   Step          Temp          E_pair         E_mol          TotEng         Press     
         0   0             -910.29129      0             -910.29129      10269.323    
Loop time of 1.05e-06 on 1 procs for 0 steps with 216 atoms

0.0% CPU use with 1 MPI tasks x 1 OpenMP threads

MPI task timing breakdown:
Section |  min time  |  avg time  |  max time  |%varavg| %total
---------------------------------------------------------------
Pair    | 0          | 0          | 0          |   0.0 |  0.00
Neigh   | 0          | 0          | 0          |   0.0 |  0.00
Comm    | 0          | 0          | 0          |   0.0 |  0.00
Output  | 0          | 0          | 0          |   0.0 |  0.00
Modify  | 0          | 0          | 0          |   0.0 |  0.00
Other   |            | 1.05e-06   |            |       |100.00

Nlocal:            216 ave         216 max         216 min
Histogram: 1 0 0 0 0 0 0 0 0 0
Nghost:            880 ave         880 max         880 min
Histogram: 1 0 0 0 0 0 0 0 0 0
Neighs:              0 ave           0 max           0 min
Histogram: 1 0 0 0 0 0 0 0 0 0
FullNghs:         7376 ave        7376 max        7376 min
Histogram: 1 0 0 0 0 0 0 0 0 0

Total # of neighbors = 7376
Ave neighs/atom = 34.148148
Neighbor list builds = 0
Dangerous builds = 0
next i
jump SELF loop_struct
clear
  using 1 OpenMP thread(s) per MPI task
log energies.log append
units metal
boundary p p p
atom_style atomic
read_data Si333_${i}.in
read_data Si333_14.in
Reading data file ...
  orthogonal box = (0 0 0) to (16.331106 16.331106 16.331106)
  1 by 1 by 1 MPI processor grid
  reading atoms ...
  216 atoms
  reading velocities ...
  216 velocities
  read_data CPU = 0.001 seconds
mass 1 28.085
pair_style sw
pair_coeff * * Si.sw Si
Reading sw potential file Si.sw with DATE: 2007-06-11
run 0
WARNING: No fixes with time integration, atoms won't move (src/verlet.cpp:60)
Neighbor list info ...
  update: every = 1 steps, delay = 0 steps, check = yes
  max neighbors/atom: 2000, page size: 100000
  master list distance cutoff = 5.77118
  ghost atom cutoff = 5.77118
  binsize = 2.88559, bins = 6 6 6
  1 neighbor lists, perpetual/occasional/extra = 1 0 0
  (1) pair sw, perpetual
      attributes: full, newton on
      pair build: full/bin/atomonly
      stencil: full/bin/3d
      bin: standard
Per MPI rank memory allocation (min/avg/max) = 3.084 | 3.084 | 3.084 Mbytes
   Step          Temp          E_pair         E_mol          TotEng         Press     
         0   0             -935.27771      0             -935.27771     -6672.3019    
Loop time of 1.03e-06 on 1 procs for 0 steps with 216 atoms

0.0% CPU use with 1 MPI tasks x 1 OpenMP threads

MPI task timing breakdown:
Section |  min time  |  avg time  |  max time  |%varavg| %total
---------------------------------------------------------------
Pair    | 0          | 0          | 0          |   0.0 |  0.00
Neigh   | 0          | 0          | 0          |   0.0 |  0.00
Comm    | 0          | 0          | 0          |   0.0 |  0.00
Output  | 0          | 0          | 0          |   0.0 |  0.00
Modify  | 0          | 0          | 0          |   0.0 |  0.00
Other   |            | 1.03e-06   |            |       |100.00

Nlocal:            216 ave         216 max         216 min
Histogram: 1 0 0 0 0 0 0 0 0 0
Nghost:            889 ave         889 max         889 min
Histogram: 1 0 0 0 0 0 0 0 0 0
Neighs:              0 ave           0 max           0 min
Histogram: 1 0 0 0 0 0 0 0 0 0
FullNghs:         7344 ave        7344 max        7344 min
Histogram: 1 0 0 0 0 0 0 0 0 0

Total # of neighbors = 7344
Ave neighs/atom = 34
Neighbor list builds = 0
Dangerous builds = 0
next i
jump SELF loop_struct
clear
  using 1 OpenMP thread(s) per MPI task
log energies.log append
units metal
boundary p p p
atom_style atomic
read_data Si333_${i}.in
read_data Si333_15.in
Reading data file ...
  orthogonal box = (0 0 0) to (16.331106 16.331106 16.331106)
  1 by 1 by 1 MPI processor grid
  reading atoms ...
  216 atoms
  reading velocities ...
  216 velocities
  read_data CPU = 0.001 seconds
mass 1 28.085
pair_style sw
pair_coeff * * Si.sw Si
Reading sw potential file Si.sw with DATE: 2007-06-11
run 0
WARNING: No fixes with time integration, atoms won't move (src/verlet.cpp:60)
Neighbor list info ...
  update: every = 1 steps, delay = 0 steps, check = yes
  max neighbors/atom: 2000, page size: 100000
  master list distance cutoff = 5.77118
  ghost atom cutoff = 5.77118
  binsize = 2.88559, bins = 6 6 6
  1 neighbor lists, perpetual/occasional/extra = 1 0 0
  (1) pair sw, perpetual
      attributes: full, newton on
      pair build: full/bin/atomonly
      stencil: full/bin/3d
      bin: standard
Per MPI rank memory allocation (min/avg/max) = 3.088 | 3.088 | 3.088 Mbytes
   Step          Temp          E_pair         E_mol          TotEng         Press     
         0   0             -910.11104      0             -910.11104      10987.757    
Loop time of 1.03e-06 on 1 procs for 0 steps with 216 atoms

0.0% CPU use with 1 MPI tasks x 1 OpenMP threads

MPI task timing breakdown:
Section |  min time  |  avg time  |  max time  |%varavg| %total
---------------------------------------------------------------
Pair    | 0          | 0          | 0          |   0.0 |  0.00
Neigh   | 0          | 0          | 0          |   0.0 |  0.00
Comm    | 0          | 0          | 0          |   0.0 |  0.00
Output  | 0          | 0          | 0          |   0.0 |  0.00
Modify  | 0          | 0          | 0          |   0.0 |  0.00
Other   |            | 1.03e-06   |            |       |100.00

Nlocal:            216 ave         216 max         216 min
Histogram: 1 0 0 0 0 0 0 0 0 0
Nghost:            836 ave         836 max         836 min
Histogram: 1 0 0 0 0 0 0 0 0 0
Neighs:              0 ave           0 max           0 min
Histogram: 1 0 0 0 0 0 0 0 0 0
FullNghs:         7376 ave        7376 max        7376 min
Histogram: 1 0 0 0 0 0 0 0 0 0

Total # of neighbors = 7376
Ave neighs/atom = 34.148148
Neighbor list builds = 0
Dangerous builds = 0
next i
jump SELF loop_struct
clear
  using 1 OpenMP thread(s) per MPI task
log energies.log append
units metal
boundary p p p
atom_style atomic
read_data Si333_${i}.in
read_data Si333_16.in
Reading data file ...
  orthogonal box = (0 0 0) to (16.331106 16.331106 16.331106)
  1 by 1 by 1 MPI processor grid
  reading atoms ...
  216 atoms
  reading velocities ...
  216 velocities
  read_data CPU = 0.001 seconds
mass 1 28.085
pair_style sw
pair_coeff * * Si.sw Si
Reading sw potential file Si.sw with DATE: 2007-06-11
run 0
WARNING: No fixes with time integration, atoms won't move (src/verlet.cpp:60)
Neighbor list info ...
  update: every = 1 steps, delay = 0 steps, check = yes
  max neighbors/atom: 2000, page size: 100000
  master list distance cutoff = 5.77118
  ghost atom cutoff = 5.77118
  binsize = 2.88559, bins = 6 6 6
  1 neighbor lists, perpetual/occasional/extra = 1 0 0
  (1) pair sw, perpetual
      attributes: full, newton on
      pair build: full/bin/atomonly
      stencil: full/bin/3d
      bin: standard
Per MPI rank memory allocation (min/avg/max) = 3.092 | 3.092 | 3.092 Mbytes
   Step          Temp          E_pair         E_mol          TotEng         Press     
         0   0             -935.17201      0             -935.17201     -6655.1729    
Loop time of 1.1e-06 on 1 procs for 0 steps with 216 atoms

0.0% CPU use with 1 MPI tasks x 1 OpenMP threads

MPI task timing breakdown:
Section |  min time  |  avg time  |  max time  |%varavg| %total
---------------------------------------------------------------
Pair    | 0          | 0          | 0          |   0.0 |  0.00
Neigh   | 0          | 0          | 0          |   0.0 |  0.00
Comm    | 0          | 0          | 0          |   0.0 |  0.00
Output  | 0          | 0          | 0          |   0.0 |  0.00
Modify  | 0          | 0          | 0          |   0.0 |  0.00
Other   |            | 1.1e-06    |            |       |100.00

Nlocal:            216 ave         216 max         216 min
Histogram: 1 0 0 0 0 0 0 0 0 0
Nghost:            939 ave         939 max         939 min
Histogram: 1 0 0 0 0 0 0 0 0 0
Neighs:              0 ave           0 max           0 min
Histogram: 1 0 0 0 0 0 0 0 0 0
FullNghs:         7344 ave        7344 max        7344 min
Histogram: 1 0 0 0 0 0 0 0 0 0

Total # of neighbors = 7344
Ave neighs/atom = 34
Neighbor list builds = 0
Dangerous builds = 0
next i
jump SELF loop_struct
clear
  using 1 OpenMP thread(s) per MPI task
log energies.log append
units metal
boundary p p p
atom_style atomic
read_data Si333_${i}.in
read_data Si333_17.in
Reading data file ...
  orthogonal box = (0 0 0) to (16.331106 16.331106 16.331106)
  1 by 1 by 1 MPI processor grid
  reading atoms ...
  216 atoms
  reading velocities ...
  216 velocities
  read_data CPU = 0.001 seconds
mass 1 28.085
pair_style sw
pair_coeff * * Si.sw Si
Reading sw potential file Si.sw with DATE: 2007-06-11
run 0
WARNING: No fixes with time integration, atoms won't move (src/verlet.cpp:60)
Neighbor list info ...
  update: every = 1 steps, delay = 0 steps, check = yes
  max neighbors/atom: 2000, page size: 100000
  master list distance cutoff = 5.77118
  ghost atom cutoff = 5.77118
  binsize = 2.88559, bins = 6 6 6
  1 neighbor lists, perpetual/occasional/extra = 1 0 0
  (1) pair sw, perpetual
      attributes: full, newton on
      pair build: full/bin/atomonly
      stencil: full/bin/3d
      bin: standard
Per MPI rank memory allocation (min/avg/max) = 3.088 | 3.088 | 3.088 Mbytes
   Step          Temp          E_pair         E_mol          TotEng         Press     
         0   0             -935.41662      0             -935.41662     -6717.7129    
Loop time of 1.02e-06 on 1 procs for 0 steps with 216 atoms

0.0% CPU use with 1 MPI tasks x 1 OpenMP threads

MPI task timing breakdown:
Section |  min time  |  avg time  |  max time  |%varavg| %total
---------------------------------------------------------------
Pair    | 0          | 0          | 0          |   0.0 |  0.00
Neigh   | 0          | 0          | 0          |   0.0 |  0.00
Comm    | 0          | 0          | 0          |   0.0 |  0.00
Output  | 0          | 0          | 0          |   0.0 |  0.00
Modify  | 0          | 0          | 0          |   0.0 |  0.00
Other   |            | 1.02e-06   |            |       |100.00

Nlocal:            216 ave         216 max         216 min
Histogram: 1 0 0 0 0 0 0 0 0 0
Nghost:            834 ave         834 max         834 min
Histogram: 1 0 0 0 0 0 0 0 0 0
Neighs:              0 ave           0 max           0 min
Histogram: 1 0 0 0 0 0 0 0 0 0
FullNghs:         7344 ave        7344 max        7344 min
Histogram: 1 0 0 0 0 0 0 0 0 0

Total # of neighbors = 7344
Ave neighs/atom = 34
Neighbor list builds = 0
Dangerous builds = 0
next i
jump SELF loop_struct
clear
  using 1 OpenMP thread(s) per MPI task
log energies.log append
units metal
boundary p p p
atom_style atomic
read_data Si333_${i}.in
read_data Si333_18.in
Reading data file ...
  orthogonal box = (0 0 0) to (16.331106 16.331106 16.331106)
  1 by 1 by 1 MPI processor grid
  reading atoms ...
  216 atoms
  reading velocities ...
  216 velocities
  read_data CPU = 0.001 seconds
mass 1 28.085
pair_style sw
pair_coeff * * Si.sw Si
Reading sw potential file Si.sw with DATE: 2007-06-11
run 0
WARNING: No fixes with time integration, atoms won't move (src/verlet.cpp:60)
Neighbor list info ...
  update: every = 1 steps, delay = 0 steps, check = yes
  max neighbors/atom: 2000, page size: 100000
  master list distance cutoff = 5.77118
  ghost atom cutoff = 5.77118
  binsize = 2.88559, bins = 6 6 6
  1 neighbor lists, perpetual/occasional/extra = 1 0 0
  (1) pair sw, perpetual
      attributes: full, newton on
      pair build: full/bin/atomonly
      stencil: full/bin/3d
      bin: standard
Per MPI rank memory allocation (min/avg/max) = 3.088 | 3.088 | 3.088 Mbytes
   Step          Temp          E_pair         E_mol          TotEng         Press     
         0   0             -935.27506      0             -935.27506     -6666.5647    
Loop time of 1.25e-06 on 1 procs for 0 steps with 216 atoms

0.0% CPU use with 1 MPI tasks x 1 OpenMP threads

MPI task timing breakdown:
Section |  min time  |  avg time  |  max time  |%varavg| %total
---------------------------------------------------------------
Pair    | 0          | 0          | 0          |   0.0 |  0.00
Neigh   | 0          | 0          | 0          |   0.0 |  0.00
Comm    | 0          | 0          | 0          |   0.0 |  0.00
Output  | 0          | 0          | 0          |   0.0 |  0.00
Modify  | 0          | 0          | 0          |   0.0 |  0.00
Other   |            | 1.25e-06   |            |       |100.00

Nlocal:            216 ave         216 max         216 min
Histogram: 1 0 0 0 0 0 0 0 0 0
Nghost:            838 ave         838 max         838 min
Histogram: 1 0 0 0 0 0 0 0 0 0
Neighs:              0 ave           0 max           0 min
Histogram: 1 0 0 0 0 0 0 0 0 0
FullNghs:         7344 ave        7344 max        7344 min
Histogram: 1 0 0 0 0 0 0 0 0 0

Total # of neighbors = 7344
Ave neighs/atom = 34
Neighbor list builds = 0
Dangerous builds = 0
next i
jump SELF loop_struct
clear
  using 1 OpenMP thread(s) per MPI task
log energies.log append
units metal
boundary p p p
atom_style atomic
read_data Si333_${i}.in
read_data Si333_19.in
Reading data file ...
  orthogonal box = (0 0 0) to (16.331106 16.331106 16.331106)
  1 by 1 by 1 MPI processor grid
  reading atoms ...
  216 atoms
  reading velocities ...
  216 velocities
  read_data CPU = 0.001 seconds
mass 1 28.085
pair_style sw
pair_coeff * * Si.sw Si
Reading sw potential file Si.sw with DATE: 2007-06-11
run 0
WARNING: No fixes with time integration, atoms won't move (src/verlet.cpp:60)
Neighbor list info ...
  update: every = 1 steps, delay = 0 steps, check = yes
  max neighbors/atom: 2000, page size: 100000
  master list distance cutoff = 5.77118
  ghost atom cutoff = 5.77118
  binsize = 2.88559, bins = 6 6 6
  1 neighbor lists, perpetual/occasional/extra = 1 0 0
  (1) pair sw, perpetual
      attributes: full, newton on
      pair build: full/bin/atomonly
      stencil: full/bin/3d
      bin: standard
Per MPI rank memory allocation (min/avg/max) = 3.09 | 3.09 | 3.09 Mbytes
   Step          Temp          E_pair         E_mol          TotEng         Press     
         0   0             -935.20419      0             -935.20419     -6670.2177    
Loop time of 1.12e-06 on 1 procs for 0 steps with 216 atoms

0.0% CPU use with 1 MPI tasks x 1 OpenMP threads

MPI task timing breakdown:
Section |  min time  |  avg time  |  max time  |%varavg| %total
---------------------------------------------------------------
Pair    | 0          | 0          | 0          |   0.0 |  0.00
Neigh   | 0          | 0          | 0          |   0.0 |  0.00
Comm    | 0          | 0          | 0          |   0.0 |  0.00
Output  | 0          | 0          | 0          |   0.0 |  0.00
Modify  | 0          | 0          | 0          |   0.0 |  0.00
Other   |            | 1.12e-06   |            |       |100.00

Nlocal:            216 ave         216 max         216 min
Histogram: 1 0 0 0 0 0 0 0 0 0
Nghost:            884 ave         884 max         884 min
Histogram: 1 0 0 0 0 0 0 0 0 0
Neighs:              0 ave           0 max           0 min
Histogram: 1 0 0 0 0 0 0 0 0 0
FullNghs:         7344 ave        7344 max        7344 min
Histogram: 1 0 0 0 0 0 0 0 0 0

Total # of neighbors = 7344
Ave neighs/atom = 34
Neighbor list builds = 0
Dangerous builds = 0
next i
jump SELF loop_struct
clear
  using 1 OpenMP thread(s) per MPI task
log energies.log append
units metal
boundary p p p
atom_style atomic
read_data Si333_${i}.in
read_data Si333_20.in
Reading data file ...
  orthogonal box = (0 0 0) to (16.331106 16.331106 16.331106)
  1 by 1 by 1 MPI processor grid
  reading atoms ...
  216 atoms
  reading velocities ...
  216 velocities
  read_data CPU = 0.001 seconds
mass 1 28.085
pair_style sw
pair_coeff * * Si.sw Si
Reading sw potential file Si.sw with DATE: 2007-06-11
run 0
WARNING: No fixes with time integration, atoms won't move (src/verlet.cpp:60)
Neighbor list info ...
  update: every = 1 steps, delay = 0 steps, check = yes
  max neighbors/atom: 2000, page size: 100000
  master list distance cutoff = 5.77118
  ghost atom cutoff = 5.77118
  binsize = 2.88559, bins = 6 6 6
  1 neighbor lists, perpetual/occasional/extra = 1 0 0
  (1) pair sw, perpetual
      attributes: full, newton on
      pair build: full/bin/atomonly
      stencil: full/bin/3d
      bin: standard
Per MPI rank memory allocation (min/avg/max) = 3.081 | 3.081 | 3.081 Mbytes
   Step          Temp          E_pair         E_mol          TotEng         Press     
         0   0             -935.28943      0             -935.28943     -6680.901     
Loop time of 1.04e-06 on 1 procs for 0 steps with 216 atoms

96.2% CPU use with 1 MPI tasks x 1 OpenMP threads

MPI task timing breakdown:
Section |  min time  |  avg time  |  max time  |%varavg| %total
---------------------------------------------------------------
Pair    | 0          | 0          | 0          |   0.0 |  0.00
Neigh   | 0          | 0          | 0          |   0.0 |  0.00
Comm    | 0          | 0          | 0          |   0.0 |  0.00
Output  | 0          | 0          | 0          |   0.0 |  0.00
Modify  | 0          | 0          | 0          |   0.0 |  0.00
Other   |            | 1.04e-06   |            |       |100.00

Nlocal:            216 ave         216 max         216 min
Histogram: 1 0 0 0 0 0 0 0 0 0
Nghost:            784 ave         784 max         784 min
Histogram: 1 0 0 0 0 0 0 0 0 0
Neighs:              0 ave           0 max           0 min
Histogram: 1 0 0 0 0 0 0 0 0 0
FullNghs:         7344 ave        7344 max        7344 min
Histogram: 1 0 0 0 0 0 0 0 0 0

Total # of neighbors = 7344
Ave neighs/atom = 34
Neighbor list builds = 0
Dangerous builds = 0
next i
jump SELF loop_struct
clear
  using 1 OpenMP thread(s) per MPI task
log energies.log append
units metal
boundary p p p
atom_style atomic
read_data Si333_${i}.in
read_data Si333_21.in
Reading data file ...
  orthogonal box = (0 0 0) to (16.331106 16.331106 16.331106)
  1 by 1 by 1 MPI processor grid
  reading atoms ...
  216 atoms
  reading velocities ...
  216 velocities
  read_data CPU = 0.001 seconds
mass 1 28.085
pair_style sw
pair_coeff * * Si.sw Si
Reading sw potential file Si.sw with DATE: 2007-06-11
run 0
WARNING: No fixes with time integration, atoms won't move (src/verlet.cpp:60)
Neighbor list info ...
  update: every = 1 steps, delay = 0 steps, check = yes
  max neighbors/atom: 2000, page size: 100000
  master list distance cutoff = 5.77118
  ghost atom cutoff = 5.77118
  binsize = 2.88559, bins = 6 6 6
  1 neighbor lists, perpetual/occasional/extra = 1 0 0
  (1) pair sw, perpetual
      attributes: full, newton on
      pair build: full/bin/atomonly
      stencil: full/bin/3d
      bin: standard
Per MPI rank memory allocation (min/avg/max) = 3.083 | 3.083 | 3.083 Mbytes
   Step          Temp          E_pair         E_mol          TotEng         Press     
         0   0             -935.23987      0             -935.23987     -6661.2237    
Loop time of 1.05e-06 on 1 procs for 0 steps with 216 atoms

95.2% CPU use with 1 MPI tasks x 1 OpenMP threads

MPI task timing breakdown:
Section |  min time  |  avg time  |  max time  |%varavg| %total
---------------------------------------------------------------
Pair    | 0          | 0          | 0          |   0.0 |  0.00
Neigh   | 0          | 0          | 0          |   0.0 |  0.00
Comm    | 0          | 0          | 0          |   0.0 |  0.00
Output  | 0          | 0          | 0          |   0.0 |  0.00
Modify  | 0          | 0          | 0          |   0.0 |  0.00
Other   |            | 1.05e-06   |            |       |100.00

Nlocal:            216 ave         216 max         216 min
Histogram: 1 0 0 0 0 0 0 0 0 0
Nghost:            834 ave         834 max         834 min
Histogram: 1 0 0 0 0 0 0 0 0 0
Neighs:              0 ave           0 max           0 min
Histogram: 1 0 0 0 0 0 0 0 0 0
FullNghs:         7344 ave        7344 max        7344 min
Histogram: 1 0 0 0 0 0 0 0 0 0

Total # of neighbors = 7344
Ave neighs/atom = 34
Neighbor list builds = 0
Dangerous builds = 0
next i
jump SELF loop_struct
clear
  using 1 OpenMP thread(s) per MPI task
log energies.log append
units metal
boundary p p p
atom_style atomic
read_data Si333_${i}.in
read_data Si333_22.in
Reading data file ...
  orthogonal box = (0 0 0) to (16.331106 16.331106 16.331106)
  1 by 1 by 1 MPI processor grid
  reading atoms ...
  216 atoms
  reading velocities ...
  216 velocities
  read_data CPU = 0.001 seconds
mass 1 28.085
pair_style sw
pair_coeff * * Si.sw Si
Reading sw potential file Si.sw with DATE: 2007-06-11
run 0
WARNING: No fixes with time integration, atoms won't move (src/verlet.cpp:60)
Neighbor list info ...
  update: every = 1 steps, delay = 0 steps, check = yes
  max neighbors/atom: 2000, page size: 100000
  master list distance cutoff = 5.77118
  ghost atom cutoff = 5.77118
  binsize = 2.88559, bins = 6 6 6
  1 neighbor lists, perpetual/occasional/extra = 1 0 0
  (1) pair sw, perpetual
      attributes: full, newton on
      pair build: full/bin/atomonly
      stencil: full/bin/3d
      bin: standard
Per MPI rank memory allocation (min/avg/max) = 3.088 | 3.088 | 3.088 Mbytes
   Step          Temp          E_pair         E_mol          TotEng         Press     
         0   0             -935.35297      0             -935.35297     -6699.2455    
Loop time of 1.04e-06 on 1 procs for 0 steps with 216 atoms

0.0% CPU use with 1 MPI tasks x 1 OpenMP threads

MPI task timing breakdown:
Section |  min time  |  avg time  |  max time  |%varavg| %total
---------------------------------------------------------------
Pair    | 0          | 0          | 0          |   0.0 |  0.00
Neigh   | 0          | 0          | 0          |   0.0 |  0.00
Comm    | 0          | 0          | 0          |   0.0 |  0.00
Output  | 0          | 0          | 0          |   0.0 |  0.00
Modify  | 0          | 0          | 0          |   0.0 |  0.00
Other   |            | 1.04e-06   |            |       |100.00

Nlocal:            216 ave         216 max         216 min
Histogram: 1 0 0 0 0 0 0 0 0 0
Nghost:            834 ave         834 max         834 min
Histogram: 1 0 0 0 0 0 0 0 0 0
Neighs:              0 ave           0 max           0 min
Histogram: 1 0 0 0 0 0 0 0 0 0
FullNghs:         7344 ave        7344 max        7344 min
Histogram: 1 0 0 0 0 0 0 0 0 0

Total # of neighbors = 7344
Ave neighs/atom = 34
Neighbor list builds = 0
Dangerous builds = 0
next i
jump SELF loop_struct
clear
  using 1 OpenMP thread(s) per MPI task
log energies.log append
units metal
boundary p p p
atom_style atomic
read_data Si333_${i}.in
read_data Si333_23.in
Reading data file ...
  orthogonal box = (0 0 0) to (16.331106 16.331106 16.331106)
  1 by 1 by 1 MPI processor grid
  reading atoms ...
  216 atoms
  reading velocities ...
  216 velocities
  read_data CPU = 0.001 seconds
mass 1 28.085
pair_style sw
pair_coeff * * Si.sw Si
Reading sw potential file Si.sw with DATE: 2007-06-11
run 0
WARNING: No fixes with time integration, atoms won't move (src/verlet.cpp:60)
Neighbor list info ...
  update: every = 1 steps, delay = 0 steps, check = yes
  max neighbors/atom: 2000, page size: 100000
  master list distance cutoff = 5.77118
  ghost atom cutoff = 5.77118
  binsize = 2.88559, bins = 6 6 6
  1 neighbor lists, perpetual/occasional/extra = 1 0 0
  (1) pair sw, perpetual
      attributes: full, newton on
      pair build: full/bin/atomonly
      stencil: full/bin/3d
      bin: standard
Per MPI rank memory allocation (min/avg/max) = 3.081 | 3.081 | 3.081 Mbytes
   Step          Temp          E_pair         E_mol          TotEng         Press     
         0   0             -935.30536      0             -935.30536     -6685.6667    
Loop time of 1.03e-06 on 1 procs for 0 steps with 216 atoms

0.0% CPU use with 1 MPI tasks x 1 OpenMP threads

MPI task timing breakdown:
Section |  min time  |  avg time  |  max time  |%varavg| %total
---------------------------------------------------------------
Pair    | 0          | 0          | 0          |   0.0 |  0.00
Neigh   | 0          | 0          | 0          |   0.0 |  0.00
Comm    | 0          | 0          | 0          |   0.0 |  0.00
Output  | 0          | 0          | 0          |   0.0 |  0.00
Modify  | 0          | 0          | 0          |   0.0 |  0.00
Other   |            | 1.03e-06   |            |       |100.00

Nlocal:            216 ave         216 max         216 min
Histogram: 1 0 0 0 0 0 0 0 0 0
Nghost:            784 ave         784 max         784 min
Histogram: 1 0 0 0 0 0 0 0 0 0
Neighs:              0 ave           0 max           0 min
Histogram: 1 0 0 0 0 0 0 0 0 0
FullNghs:         7344 ave        7344 max        7344 min
Histogram: 1 0 0 0 0 0 0 0 0 0

Total # of neighbors = 7344
Ave neighs/atom = 34
Neighbor list builds = 0
Dangerous builds = 0
next i
jump SELF loop_struct
clear
  using 1 OpenMP thread(s) per MPI task
log energies.log append
units metal
boundary p p p
atom_style atomic
read_data Si333_${i}.in
read_data Si333_24.in
Reading data file ...
  orthogonal box = (0 0 0) to (16.331106 16.331106 16.331106)
  1 by 1 by 1 MPI processor grid
  reading atoms ...
  216 atoms
  reading velocities ...
  216 velocities
  read_data CPU = 0.001 seconds
mass 1 28.085
pair_style sw
pair_coeff * * Si.sw Si
Reading sw potential file Si.sw with DATE: 2007-06-11
run 0
WARNING: No fixes with time integration, atoms won't move (src/verlet.cpp:60)
Neighbor list info ...
  update: every = 1 steps, delay = 0 steps, check = yes
  max neighbors/atom: 2000, page size: 100000
  master list distance cutoff = 5.77118
  ghost atom cutoff = 5.77118
  binsize = 2.88559, bins = 6 6 6
  1 neighbor lists, perpetual/occasional/extra = 1 0 0
  (1) pair sw, perpetual
      attributes: full, newton on
      pair build: full/bin/atomonly
      stencil: full/bin/3d
      bin: standard
Per MPI rank memory allocation (min/avg/max) = 3.084 | 3.084 | 3.084 Mbytes
   Step          Temp          E_pair         E_mol          TotEng         Press     
         0   0             -935.37911      0             -935.37911     -6719.9637    
Loop time of 1.03e-06 on 1 procs for 0 steps with 216 atoms

0.0% CPU use with 1 MPI tasks x 1 OpenMP threads

MPI task timing breakdown:
Section |  min time  |  avg time  |  max time  |%varavg| %total
---------------------------------------------------------------
Pair    | 0          | 0          | 0          |   0.0 |  0.00
Neigh   | 0          | 0          | 0          |   0.0 |  0.00
Comm    | 0          | 0          | 0          |   0.0 |  0.00
Output  | 0          | 0          | 0          |   0.0 |  0.00
Modify  | 0          | 0          | 0          |   0.0 |  0.00
Other   |            | 1.03e-06   |            |       |100.00

Nlocal:            216 ave         216 max         216 min
Histogram: 1 0 0 0 0 0 0 0 0 0
Nghost:            887 ave         887 max         887 min
Histogram: 1 0 0 0 0 0 0 0 0 0
Neighs:              0 ave           0 max           0 min
Histogram: 1 0 0 0 0 0 0 0 0 0
FullNghs:         7344 ave        7344 max        7344 min
Histogram: 1 0 0 0 0 0 0 0 0 0

Total # of neighbors = 7344
Ave neighs/atom = 34
Neighbor list builds = 0
Dangerous builds = 0
next i
jump SELF loop_struct
clear
  using 1 OpenMP thread(s) per MPI task
log energies.log append
units metal
boundary p p p
atom_style atomic
read_data Si333_${i}.in
read_data Si333_25.in
Reading data file ...
  orthogonal box = (0 0 0) to (16.331106 16.331106 16.331106)
  1 by 1 by 1 MPI processor grid
  reading atoms ...
  216 atoms
  reading velocities ...
  216 velocities
  read_data CPU = 0.001 seconds
mass 1 28.085
pair_style sw
pair_coeff * * Si.sw Si
Reading sw potential file Si.sw with DATE: 2007-06-11
run 0
WARNING: No fixes with time integration, atoms won't move (src/verlet.cpp:60)
Neighbor list info ...
  update: every = 1 steps, delay = 0 steps, check = yes
  max neighbors/atom: 2000, page size: 100000
  master list distance cutoff = 5.77118
  ghost atom cutoff = 5.77118
  binsize = 2.88559, bins = 6 6 6
  1 neighbor lists, perpetual/occasional/extra = 1 0 0
  (1) pair sw, perpetual
      attributes: full, newton on
      pair build: full/bin/atomonly
      stencil: full/bin/3d
      bin: standard
Per MPI rank memory allocation (min/avg/max) = 3.084 | 3.084 | 3.084 Mbytes
   Step          Temp          E_pair         E_mol          TotEng         Press     
         0   0             -935.26383      0             -935.26383     -6684.6955    
Loop time of 1.07e-06 on 1 procs for 0 steps with 216 atoms

0.0% CPU use with 1 MPI tasks x 1 OpenMP threads

MPI task timing breakdown:
Section |  min time  |  avg time  |  max time  |%varavg| %total
---------------------------------------------------------------
Pair    | 0          | 0          | 0          |   0.0 |  0.00
Neigh   | 0          | 0          | 0          |   0.0 |  0.00
Comm    | 0          | 0          | 0          |   0.0 |  0.00
Output  | 0          | 0          | 0          |   0.0 |  0.00
Modify  | 0          | 0          | 0          |   0.0 |  0.00
Other   |            | 1.07e-06   |            |       |100.00

Nlocal:            216 ave         216 max         216 min
Histogram: 1 0 0 0 0 0 0 0 0 0
Nghost:            884 ave         884 max         884 min
Histogram: 1 0 0 0 0 0 0 0 0 0
Neighs:              0 ave           0 max           0 min
Histogram: 1 0 0 0 0 0 0 0 0 0
FullNghs:         7344 ave        7344 max        7344 min
Histogram: 1 0 0 0 0 0 0 0 0 0

Total # of neighbors = 7344
Ave neighs/atom = 34
Neighbor list builds = 0
Dangerous builds = 0
next i
jump SELF loop_struct
clear
  using 1 OpenMP thread(s) per MPI task
log energies.log append
units metal
boundary p p p
atom_style atomic
read_data Si333_${i}.in
read_data Si333_26.in
Reading data file ...
  orthogonal box = (0 0 0) to (16.331106 16.331106 16.331106)
  1 by 1 by 1 MPI processor grid
  reading atoms ...
  216 atoms
  reading velocities ...
  216 velocities
  read_data CPU = 0.001 seconds
mass 1 28.085
pair_style sw
pair_coeff * * Si.sw Si
Reading sw potential file Si.sw with DATE: 2007-06-11
run 0
WARNING: No fixes with time integration, atoms won't move (src/verlet.cpp:60)
Neighbor list info ...
  update: every = 1 steps, delay = 0 steps, check = yes
  max neighbors/atom: 2000, page size: 100000
  master list distance cutoff = 5.77118
  ghost atom cutoff = 5.77118
  binsize = 2.88559, bins = 6 6 6
  1 neighbor lists, perpetual/occasional/extra = 1 0 0
  (1) pair sw, perpetual
      attributes: full, newton on
      pair build: full/bin/atomonly
      stencil: full/bin/3d
      bin: standard
Per MPI rank memory allocation (min/avg/max) = 3.088 | 3.088 | 3.088 Mbytes
   Step          Temp          E_pair         E_mol          TotEng         Press     
         0   0             -935.33221      0             -935.33221     -6704.298     
Loop time of 1.06e-06 on 1 procs for 0 steps with 216 atoms

0.0% CPU use with 1 MPI tasks x 1 OpenMP threads

MPI task timing breakdown:
Section |  min time  |  avg time  |  max time  |%varavg| %total
---------------------------------------------------------------
Pair    | 0          | 0          | 0          |   0.0 |  0.00
Neigh   | 0          | 0          | 0          |   0.0 |  0.00
Comm    | 0          | 0          | 0          |   0.0 |  0.00
Output  | 0          | 0          | 0          |   0.0 |  0.00
Modify  | 0          | 0          | 0          |   0.0 |  0.00
Other   |            | 1.06e-06   |            |       |100.00

Nlocal:            216 ave         216 max         216 min
Histogram: 1 0 0 0 0 0 0 0 0 0
Nghost:            834 ave         834 max         834 min
Histogram: 1 0 0 0 0 0 0 0 0 0
Neighs:              0 ave           0 max           0 min
Histogram: 1 0 0 0 0 0 0 0 0 0
FullNghs:         7344 ave        7344 max        7344 min
Histogram: 1 0 0 0 0 0 0 0 0 0

Total # of neighbors = 7344
Ave neighs/atom = 34
Neighbor list builds = 0
Dangerous builds = 0
next i
jump SELF loop_struct
clear
  using 1 OpenMP thread(s) per MPI task
log energies.log append
units metal
boundary p p p
atom_style atomic
read_data Si333_${i}.in
read_data Si333_27.in
Reading data file ...
  orthogonal box = (0 0 0) to (16.331106 16.331106 16.331106)
  1 by 1 by 1 MPI processor grid
  reading atoms ...
  216 atoms
  reading velocities ...
  216 velocities
  read_data CPU = 0.001 seconds
mass 1 28.085
pair_style sw
pair_coeff * * Si.sw Si
Reading sw potential file Si.sw with DATE: 2007-06-11
run 0
WARNING: No fixes with time integration, atoms won't move (src/verlet.cpp:60)
Neighbor list info ...
  update: every = 1 steps, delay = 0 steps, check = yes
  max neighbors/atom: 2000, page size: 100000
  master list distance cutoff = 5.77118
  ghost atom cutoff = 5.77118
  binsize = 2.88559, bins = 6 6 6
  1 neighbor lists, perpetual/occasional/extra = 1 0 0
  (1) pair sw, perpetual
      attributes: full, newton on
      pair build: full/bin/atomonly
      stencil: full/bin/3d
      bin: standard
Per MPI rank memory allocation (min/avg/max) = 3.083 | 3.083 | 3.083 Mbytes
   Step          Temp          E_pair         E_mol          TotEng         Press     
         0   0             -906.42062      0             -906.42062      12881.165    
Loop time of 1.04e-06 on 1 procs for 0 steps with 216 atoms

96.2% CPU use with 1 MPI tasks x 1 OpenMP threads

MPI task timing breakdown:
Section |  min time  |  avg time  |  max time  |%varavg| %total
---------------------------------------------------------------
Pair    | 0          | 0          | 0          |   0.0 |  0.00
Neigh   | 0          | 0          | 0          |   0.0 |  0.00
Comm    | 0          | 0          | 0          |   0.0 |  0.00
Output  | 0          | 0          | 0          |   0.0 |  0.00
Modify  | 0          | 0          | 0          |   0.0 |  0.00
Other   |            | 1.04e-06   |            |       |100.00

Nlocal:            216 ave         216 max         216 min
Histogram: 1 0 0 0 0 0 0 0 0 0
Nghost:            836 ave         836 max         836 min
Histogram: 1 0 0 0 0 0 0 0 0 0
Neighs:              0 ave           0 max           0 min
Histogram: 1 0 0 0 0 0 0 0 0 0
FullNghs:         7384 ave        7384 max        7384 min
Histogram: 1 0 0 0 0 0 0 0 0 0

Total # of neighbors = 7384
Ave neighs/atom = 34.185185
Neighbor list builds = 0
Dangerous builds = 0
next i
jump SELF loop_struct
clear
  using 1 OpenMP thread(s) per MPI task
log energies.log append
units metal
boundary p p p
atom_style atomic
read_data Si333_${i}.in
read_data Si333_28.in
Reading data file ...
  orthogonal box = (0 0 0) to (16.331106 16.331106 16.331106)
  1 by 1 by 1 MPI processor grid
  reading atoms ...
  216 atoms
  reading velocities ...
  216 velocities
  read_data CPU = 0.001 seconds
mass 1 28.085
pair_style sw
pair_coeff * * Si.sw Si
Reading sw potential file Si.sw with DATE: 2007-06-11
run 0
WARNING: No fixes with time integration, atoms won't move (src/verlet.cpp:60)
Neighbor list info ...
  update: every = 1 steps, delay = 0 steps, check = yes
  max neighbors/atom: 2000, page size: 100000
  master list distance cutoff = 5.77118
  ghost atom cutoff = 5.77118
  binsize = 2.88559, bins = 6 6 6
  1 neighbor lists, perpetual/occasional/extra = 1 0 0
  (1) pair sw, perpetual
      attributes: full, newton on
      pair build: full/bin/atomonly
      stencil: full/bin/3d
      bin: standard
Per MPI rank memory allocation (min/avg/max) = 3.09 | 3.09 | 3.09 Mbytes
   Step          Temp          E_pair         E_mol          TotEng         Press     
         0   0             -935.22356      0             -935.22356     -6618.9823    
Loop time of 1.02e-06 on 1 procs for 0 steps with 216 atoms

0.0% CPU use with 1 MPI tasks x 1 OpenMP threads

MPI task timing breakdown:
Section |  min time  |  avg time  |  max time  |%varavg| %total
---------------------------------------------------------------
Pair    | 0          | 0          | 0          |   0.0 |  0.00
Neigh   | 0          | 0          | 0          |   0.0 |  0.00
Comm    | 0          | 0          | 0          |   0.0 |  0.00
Output  | 0          | 0          | 0          |   0.0 |  0.00
Modify  | 0          | 0          | 0          |   0.0 |  0.00
Other   |            | 1.02e-06   |            |       |100.00

Nlocal:            216 ave         216 max         216 min
Histogram: 1 0 0 0 0 0 0 0 0 0
Nghost:            889 ave         889 max         889 min
Histogram: 1 0 0 0 0 0 0 0 0 0
Neighs:              0 ave           0 max           0 min
Histogram: 1 0 0 0 0 0 0 0 0 0
FullNghs:         7344 ave        7344 max        7344 min
Histogram: 1 0 0 0 0 0 0 0 0 0

Total # of neighbors = 7344
Ave neighs/atom = 34
Neighbor list builds = 0
Dangerous builds = 0
next i
jump SELF loop_struct
clear
  using 1 OpenMP thread(s) per MPI task
log energies.log append
units metal
boundary p p p
atom_style atomic
read_data Si333_${i}.in
read_data Si333_29.in
Reading data file ...
  orthogonal box = (0 0 0) to (16.331106 16.331106 16.331106)
  1 by 1 by 1 MPI processor grid
  reading atoms ...
  216 atoms
  reading velocities ...
  216 velocities
  read_data CPU = 0.001 seconds
mass 1 28.085
pair_style sw
pair_coeff * * Si.sw Si
Reading sw potential file Si.sw with DATE: 2007-06-11
run 0
WARNING: No fixes with time integration, atoms won't move (src/verlet.cpp:60)
Neighbor list info ...
  update: every = 1 steps, delay = 0 steps, check = yes
  max neighbors/atom: 2000, page size: 100000
  master list distance cutoff = 5.77118
  ghost atom cutoff = 5.77118
  binsize = 2.88559, bins = 6 6 6
  1 neighbor lists, perpetual/occasional/extra = 1 0 0
  (1) pair sw, perpetual
      attributes: full, newton on
      pair build: full/bin/atomonly
      stencil: full/bin/3d
      bin: standard
Per MPI rank memory allocation (min/avg/max) = 3.09 | 3.09 | 3.09 Mbytes
   Step          Temp          E_pair         E_mol          TotEng         Press     
         0   0             -935.21433      0             -935.21433     -6650.1548    
Loop time of 1.03e-06 on 1 procs for 0 steps with 216 atoms

97.1% CPU use with 1 MPI tasks x 1 OpenMP threads

MPI task timing breakdown:
Section |  min time  |  avg time  |  max time  |%varavg| %total
---------------------------------------------------------------
Pair    | 0          | 0          | 0          |   0.0 |  0.00
Neigh   | 0          | 0          | 0          |   0.0 |  0.00
Comm    | 0          | 0          | 0          |   0.0 |  0.00
Output  | 0          | 0          | 0          |   0.0 |  0.00
Modify  | 0          | 0          | 0          |   0.0 |  0.00
Other   |            | 1.03e-06   |            |       |100.00

Nlocal:            216 ave         216 max         216 min
Histogram: 1 0 0 0 0 0 0 0 0 0
Nghost:            884 ave         884 max         884 min
Histogram: 1 0 0 0 0 0 0 0 0 0
Neighs:              0 ave           0 max           0 min
Histogram: 1 0 0 0 0 0 0 0 0 0
FullNghs:         7344 ave        7344 max        7344 min
Histogram: 1 0 0 0 0 0 0 0 0 0

Total # of neighbors = 7344
Ave neighs/atom = 34
Neighbor list builds = 0
Dangerous builds = 0
next i
jump SELF loop_struct
clear
  using 1 OpenMP thread(s) per MPI task
log energies.log append
units metal
boundary p p p
atom_style atomic
read_data Si333_${i}.in
read_data Si333_30.in
Reading data file ...
  orthogonal box = (0 0 0) to (16.331106 16.331106 16.331106)
  1 by 1 by 1 MPI processor grid
  reading atoms ...
  216 atoms
  reading velocities ...
  216 velocities
  read_data CPU = 0.001 seconds
mass 1 28.085
pair_style sw
pair_coeff * * Si.sw Si
Reading sw potential file Si.sw with DATE: 2007-06-11
run 0
WARNING: No fixes with time integration, atoms won't move (src/verlet.cpp:60)
Neighbor list info ...
  update: every = 1 steps, delay = 0 steps, check = yes
  max neighbors/atom: 2000, page size: 100000
  master list distance cutoff = 5.77118
  ghost atom cutoff = 5.77118
  binsize = 2.88559, bins = 6 6 6
  1 neighbor lists, perpetual/occasional/extra = 1 0 0
  (1) pair sw, perpetual
      attributes: full, newton on
      pair build: full/bin/atomonly
      stencil: full/bin/3d
      bin: standard
Per MPI rank memory allocation (min/avg/max) = 3.083 | 3.083 | 3.083 Mbytes
   Step          Temp          E_pair         E_mol          TotEng         Press     
         0   0             -935.38679      0             -935.38679     -6718.552     
Loop time of 1.08e-06 on 1 procs for 0 steps with 216 atoms

0.0% CPU use with 1 MPI tasks x 1 OpenMP threads

MPI task timing breakdown:
Section |  min time  |  avg time  |  max time  |%varavg| %total
---------------------------------------------------------------
Pair    | 0          | 0          | 0          |   0.0 |  0.00
Neigh   | 0          | 0          | 0          |   0.0 |  0.00
Comm    | 0          | 0          | 0          |   0.0 |  0.00
Output  | 0          | 0          | 0          |   0.0 |  0.00
Modify  | 0          | 0          | 0          |   0.0 |  0.00
Other   |            | 1.08e-06   |            |       |100.00

Nlocal:            216 ave         216 max         216 min
Histogram: 1 0 0 0 0 0 0 0 0 0
Nghost:            834 ave         834 max         834 min
Histogram: 1 0 0 0 0 0 0 0 0 0
Neighs:              0 ave           0 max           0 min
Histogram: 1 0 0 0 0 0 0 0 0 0
FullNghs:         7344 ave        7344 max        7344 min
Histogram: 1 0 0 0 0 0 0 0 0 0

Total # of neighbors = 7344
Ave neighs/atom = 34
Neighbor list builds = 0
Dangerous builds = 0
next i
jump SELF loop_struct
clear
  using 1 OpenMP thread(s) per MPI task
log energies.log append
units metal
boundary p p p
atom_style atomic
read_data Si333_${i}.in
read_data Si333_31.in
Reading data file ...
  orthogonal box = (0 0 0) to (16.331106 16.331106 16.331106)
  1 by 1 by 1 MPI processor grid
  reading atoms ...
  216 atoms
  reading velocities ...
  216 velocities
  read_data CPU = 0.001 seconds
mass 1 28.085
pair_style sw
pair_coeff * * Si.sw Si
Reading sw potential file Si.sw with DATE: 2007-06-11
run 0
WARNING: No fixes with time integration, atoms won't move (src/verlet.cpp:60)
Neighbor list info ...
  update: every = 1 steps, delay = 0 steps, check = yes
  max neighbors/atom: 2000, page size: 100000
  master list distance cutoff = 5.77118
  ghost atom cutoff = 5.77118
  binsize = 2.88559, bins = 6 6 6
  1 neighbor lists, perpetual/occasional/extra = 1 0 0
  (1) pair sw, perpetual
      attributes: full, newton on
      pair build: full/bin/atomonly
      stencil: full/bin/3d
      bin: standard
Per MPI rank memory allocation (min/avg/max) = 3.086 | 3.086 | 3.086 Mbytes
   Step          Temp          E_pair         E_mol          TotEng         Press     
         0   0             -935.19976      0             -935.19976     -6645.6869    
Loop time of 1.07e-06 on 1 procs for 0 steps with 216 atoms

93.5% CPU use with 1 MPI tasks x 1 OpenMP threads

MPI task timing breakdown:
Section |  min time  |  avg time  |  max time  |%varavg| %total
---------------------------------------------------------------
Pair    | 0          | 0          | 0          |   0.0 |  0.00
Neigh   | 0          | 0          | 0          |   0.0 |  0.00
Comm    | 0          | 0          | 0          |   0.0 |  0.00
Output  | 0          | 0          | 0          |   0.0 |  0.00
Modify  | 0          | 0          | 0          |   0.0 |  0.00
Other   |            | 1.07e-06   |            |       |100.00

Nlocal:            216 ave         216 max         216 min
Histogram: 1 0 0 0 0 0 0 0 0 0
Nghost:            823 ave         823 max         823 min
Histogram: 1 0 0 0 0 0 0 0 0 0
Neighs:              0 ave           0 max           0 min
Histogram: 1 0 0 0 0 0 0 0 0 0
FullNghs:         7344 ave        7344 max        7344 min
Histogram: 1 0 0 0 0 0 0 0 0 0

Total # of neighbors = 7344
Ave neighs/atom = 34
Neighbor list builds = 0
Dangerous builds = 0
next i
jump SELF loop_struct
clear
  using 1 OpenMP thread(s) per MPI task
log energies.log append
units metal
boundary p p p
atom_style atomic
read_data Si333_${i}.in
read_data Si333_32.in
Reading data file ...
  orthogonal box = (0 0 0) to (16.331106 16.331106 16.331106)
  1 by 1 by 1 MPI processor grid
  reading atoms ...
  216 atoms
  reading velocities ...
  216 velocities
  read_data CPU = 0.001 seconds
mass 1 28.085
pair_style sw
pair_coeff * * Si.sw Si
Reading sw potential file Si.sw with DATE: 2007-06-11
run 0
WARNING: No fixes with time integration, atoms won't move (src/verlet.cpp:60)
Neighbor list info ...
  update: every = 1 steps, delay = 0 steps, check = yes
  max neighbors/atom: 2000, page size: 100000
  master list distance cutoff = 5.77118
  ghost atom cutoff = 5.77118
  binsize = 2.88559, bins = 6 6 6
  1 neighbor lists, perpetual/occasional/extra = 1 0 0
  (1) pair sw, perpetual
      attributes: full, newton on
      pair build: full/bin/atomonly
      stencil: full/bin/3d
      bin: standard
Per MPI rank memory allocation (min/avg/max) = 3.088 | 3.088 | 3.088 Mbytes
   Step          Temp          E_pair         E_mol          TotEng         Press     
         0   0             -934.99625      0             -934.99625     -6595.8732    
Loop time of 1.19e-06 on 1 procs for 0 steps with 216 atoms

0.0% CPU use with 1 MPI tasks x 1 OpenMP threads

MPI task timing breakdown:
Section |  min time  |  avg time  |  max time  |%varavg| %total
---------------------------------------------------------------
Pair    | 0          | 0          | 0          |   0.0 |  0.00
Neigh   | 0          | 0          | 0          |   0.0 |  0.00
Comm    | 0          | 0          | 0          |   0.0 |  0.00
Output  | 0          | 0          | 0          |   0.0 |  0.00
Modify  | 0          | 0          | 0          |   0.0 |  0.00
Other   |            | 1.19e-06   |            |       |100.00

Nlocal:            216 ave         216 max         216 min
Histogram: 1 0 0 0 0 0 0 0 0 0
Nghost:            939 ave         939 max         939 min
Histogram: 1 0 0 0 0 0 0 0 0 0
Neighs:              0 ave           0 max           0 min
Histogram: 1 0 0 0 0 0 0 0 0 0
FullNghs:         7344 ave        7344 max        7344 min
Histogram: 1 0 0 0 0 0 0 0 0 0

Total # of neighbors = 7344
Ave neighs/atom = 34
Neighbor list builds = 0
Dangerous builds = 0
next i
jump SELF loop_struct
clear
  using 1 OpenMP thread(s) per MPI task
log energies.log append
units metal
boundary p p p
atom_style atomic
read_data Si333_${i}.in
read_data Si333_33.in
Reading data file ...
  orthogonal box = (0 0 0) to (16.331106 16.331106 16.331106)
  1 by 1 by 1 MPI processor grid
  reading atoms ...
  216 atoms
  reading velocities ...
  216 velocities
  read_data CPU = 0.001 seconds
mass 1 28.085
pair_style sw
pair_coeff * * Si.sw Si
Reading sw potential file Si.sw with DATE: 2007-06-11
run 0
WARNING: No fixes with time integration, atoms won't move (src/verlet.cpp:60)
Neighbor list info ...
  update: every = 1 steps, delay = 0 steps, check = yes
  max neighbors/atom: 2000, page size: 100000
  master list distance cutoff = 5.77118
  ghost atom cutoff = 5.77118
  binsize = 2.88559, bins = 6 6 6
  1 neighbor lists, perpetual/occasional/extra = 1 0 0
  (1) pair sw, perpetual
      attributes: full, newton on
      pair build: full/bin/atomonly
      stencil: full/bin/3d
      bin: standard
Per MPI rank memory allocation (min/avg/max) = 3.085 | 3.085 | 3.085 Mbytes
   Step          Temp          E_pair         E_mol          TotEng         Press     
         0   0             -935.27354      0             -935.27354     -6662.8583    
Loop time of 1.05e-06 on 1 procs for 0 steps with 216 atoms

190.5% CPU use with 1 MPI tasks x 1 OpenMP threads

MPI task timing breakdown:
Section |  min time  |  avg time  |  max time  |%varavg| %total
---------------------------------------------------------------
Pair    | 0          | 0          | 0          |   0.0 |  0.00
Neigh   | 0          | 0          | 0          |   0.0 |  0.00
Comm    | 0          | 0          | 0          |   0.0 |  0.00
Output  | 0          | 0          | 0          |   0.0 |  0.00
Modify  | 0          | 0          | 0          |   0.0 |  0.00
Other   |            | 1.05e-06   |            |       |100.00

Nlocal:            216 ave         216 max         216 min
Histogram: 1 0 0 0 0 0 0 0 0 0
Nghost:            840 ave         840 max         840 min
Histogram: 1 0 0 0 0 0 0 0 0 0
Neighs:              0 ave           0 max           0 min
Histogram: 1 0 0 0 0 0 0 0 0 0
FullNghs:         7344 ave        7344 max        7344 min
Histogram: 1 0 0 0 0 0 0 0 0 0

Total # of neighbors = 7344
Ave neighs/atom = 34
Neighbor list builds = 0
Dangerous builds = 0
next i
jump SELF loop_struct
clear
  using 1 OpenMP thread(s) per MPI task
log energies.log append
units metal
boundary p p p
atom_style atomic
read_data Si333_${i}.in
read_data Si333_34.in
Reading data file ...
  orthogonal box = (0 0 0) to (16.331106 16.331106 16.331106)
  1 by 1 by 1 MPI processor grid
  reading atoms ...
  216 atoms
  reading velocities ...
  216 velocities
  read_data CPU = 0.001 seconds
mass 1 28.085
pair_style sw
pair_coeff * * Si.sw Si
Reading sw potential file Si.sw with DATE: 2007-06-11
run 0
WARNING: No fixes with time integration, atoms won't move (src/verlet.cpp:60)
Neighbor list info ...
  update: every = 1 steps, delay = 0 steps, check = yes
  max neighbors/atom: 2000, page size: 100000
  master list distance cutoff = 5.77118
  ghost atom cutoff = 5.77118
  binsize = 2.88559, bins = 6 6 6
  1 neighbor lists, perpetual/occasional/extra = 1 0 0
  (1) pair sw, perpetual
      attributes: full, newton on
      pair build: full/bin/atomonly
      stencil: full/bin/3d
      bin: standard
Per MPI rank memory allocation (min/avg/max) = 3.088 | 3.088 | 3.088 Mbytes
   Step          Temp          E_pair         E_mol          TotEng         Press     
         0   0             -935.19938      0             -935.19938     -6621.2348    
Loop time of 1.04e-06 on 1 procs for 0 steps with 216 atoms

192.3% CPU use with 1 MPI tasks x 1 OpenMP threads

MPI task timing breakdown:
Section |  min time  |  avg time  |  max time  |%varavg| %total
---------------------------------------------------------------
Pair    | 0          | 0          | 0          |   0.0 |  0.00
Neigh   | 0          | 0          | 0          |   0.0 |  0.00
Comm    | 0          | 0          | 0          |   0.0 |  0.00
Output  | 0          | 0          | 0          |   0.0 |  0.00
Modify  | 0          | 0          | 0          |   0.0 |  0.00
Other   |            | 1.04e-06   |            |       |100.00

Nlocal:            216 ave         216 max         216 min
Histogram: 1 0 0 0 0 0 0 0 0 0
Nghost:            834 ave         834 max         834 min
Histogram: 1 0 0 0 0 0 0 0 0 0
Neighs:              0 ave           0 max           0 min
Histogram: 1 0 0 0 0 0 0 0 0 0
FullNghs:         7344 ave        7344 max        7344 min
Histogram: 1 0 0 0 0 0 0 0 0 0

Total # of neighbors = 7344
Ave neighs/atom = 34
Neighbor list builds = 0
Dangerous builds = 0
next i
jump SELF loop_struct
clear
  using 1 OpenMP thread(s) per MPI task
log energies.log append
units metal
boundary p p p
atom_style atomic
read_data Si333_${i}.in
read_data Si333_35.in
Reading data file ...
  orthogonal box = (0 0 0) to (16.331106 16.331106 16.331106)
  1 by 1 by 1 MPI processor grid
  reading atoms ...
  216 atoms
  reading velocities ...
  216 velocities
  read_data CPU = 0.001 seconds
mass 1 28.085
pair_style sw
pair_coeff * * Si.sw Si
Reading sw potential file Si.sw with DATE: 2007-06-11
run 0
WARNING: No fixes with time integration, atoms won't move (src/verlet.cpp:60)
Neighbor list info ...
  update: every = 1 steps, delay = 0 steps, check = yes
  max neighbors/atom: 2000, page size: 100000
  master list distance cutoff = 5.77118
  ghost atom cutoff = 5.77118
  binsize = 2.88559, bins = 6 6 6
  1 neighbor lists, perpetual/occasional/extra = 1 0 0
  (1) pair sw, perpetual
      attributes: full, newton on
      pair build: full/bin/atomonly
      stencil: full/bin/3d
      bin: standard
Per MPI rank memory allocation (min/avg/max) = 3.087 | 3.087 | 3.087 Mbytes
   Step          Temp          E_pair         E_mol          TotEng         Press     
         0   0             -935.23619      0             -935.23619     -6655.4824    
Loop time of 1.05e-06 on 1 procs for 0 steps with 216 atoms

95.2% CPU use with 1 MPI tasks x 1 OpenMP threads

MPI task timing breakdown:
Section |  min time  |  avg time  |  max time  |%varavg| %total
---------------------------------------------------------------
Pair    | 0          | 0          | 0          |   0.0 |  0.00
Neigh   | 0          | 0          | 0          |   0.0 |  0.00
Comm    | 0          | 0          | 0          |   0.0 |  0.00
Output  | 0          | 0          | 0          |   0.0 |  0.00
Modify  | 0          | 0          | 0          |   0.0 |  0.00
Other   |            | 1.05e-06   |            |       |100.00

Nlocal:            216 ave         216 max         216 min
Histogram: 1 0 0 0 0 0 0 0 0 0
Nghost:            834 ave         834 max         834 min
Histogram: 1 0 0 0 0 0 0 0 0 0
Neighs:              0 ave           0 max           0 min
Histogram: 1 0 0 0 0 0 0 0 0 0
FullNghs:         7344 ave        7344 max        7344 min
Histogram: 1 0 0 0 0 0 0 0 0 0

Total # of neighbors = 7344
Ave neighs/atom = 34
Neighbor list builds = 0
Dangerous builds = 0
next i
jump SELF loop_struct
clear
  using 1 OpenMP thread(s) per MPI task
log energies.log append
units metal
boundary p p p
atom_style atomic
read_data Si333_${i}.in
read_data Si333_36.in
Reading data file ...
  orthogonal box = (0 0 0) to (16.331106 16.331106 16.331106)
  1 by 1 by 1 MPI processor grid
  reading atoms ...
  216 atoms
  reading velocities ...
  216 velocities
  read_data CPU = 0.001 seconds
mass 1 28.085
pair_style sw
pair_coeff * * Si.sw Si
Reading sw potential file Si.sw with DATE: 2007-06-11
run 0
WARNING: No fixes with time integration, atoms won't move (src/verlet.cpp:60)
Neighbor list info ...
  update: every = 1 steps, delay = 0 steps, check = yes
  max neighbors/atom: 2000, page size: 100000
  master list distance cutoff = 5.77118
  ghost atom cutoff = 5.77118
  binsize = 2.88559, bins = 6 6 6
  1 neighbor lists, perpetual/occasional/extra = 1 0 0
  (1) pair sw, perpetual
      attributes: full, newton on
      pair build: full/bin/atomonly
      stencil: full/bin/3d
      bin: standard
Per MPI rank memory allocation (min/avg/max) = 3.086 | 3.086 | 3.086 Mbytes
   Step          Temp          E_pair         E_mol          TotEng         Press     
         0   0             -935.28186      0             -935.28186     -6677.1321    
Loop time of 1.02e-06 on 1 procs for 0 steps with 216 atoms

0.0% CPU use with 1 MPI tasks x 1 OpenMP threads

MPI task timing breakdown:
Section |  min time  |  avg time  |  max time  |%varavg| %total
---------------------------------------------------------------
Pair    | 0          | 0          | 0          |   0.0 |  0.00
Neigh   | 0          | 0          | 0          |   0.0 |  0.00
Comm    | 0          | 0          | 0          |   0.0 |  0.00
Output  | 0          | 0          | 0          |   0.0 |  0.00
Modify  | 0          | 0          | 0          |   0.0 |  0.00
Other   |            | 1.02e-06   |            |       |100.00

Nlocal:            216 ave         216 max         216 min
Histogram: 1 0 0 0 0 0 0 0 0 0
Nghost:            884 ave         884 max         884 min
Histogram: 1 0 0 0 0 0 0 0 0 0
Neighs:              0 ave           0 max           0 min
Histogram: 1 0 0 0 0 0 0 0 0 0
FullNghs:         7344 ave        7344 max        7344 min
Histogram: 1 0 0 0 0 0 0 0 0 0

Total # of neighbors = 7344
Ave neighs/atom = 34
Neighbor list builds = 0
Dangerous builds = 0
next i
jump SELF loop_struct
clear
  using 1 OpenMP thread(s) per MPI task
log energies.log append
units metal
boundary p p p
atom_style atomic
read_data Si333_${i}.in
read_data Si333_37.in
Reading data file ...
  orthogonal box = (0 0 0) to (16.331106 16.331106 16.331106)
  1 by 1 by 1 MPI processor grid
  reading atoms ...
  216 atoms
  reading velocities ...
  216 velocities
  read_data CPU = 0.001 seconds
mass 1 28.085
pair_style sw
pair_coeff * * Si.sw Si
Reading sw potential file Si.sw with DATE: 2007-06-11
run 0
WARNING: No fixes with time integration, atoms won't move (src/verlet.cpp:60)
Neighbor list info ...
  update: every = 1 steps, delay = 0 steps, check = yes
  max neighbors/atom: 2000, page size: 100000
  master list distance cutoff = 5.77118
  ghost atom cutoff = 5.77118
  binsize = 2.88559, bins = 6 6 6
  1 neighbor lists, perpetual/occasional/extra = 1 0 0
  (1) pair sw, perpetual
      attributes: full, newton on
      pair build: full/bin/atomonly
      stencil: full/bin/3d
      bin: standard
Per MPI rank memory allocation (min/avg/max) = 3.093 | 3.093 | 3.093 Mbytes
   Step          Temp          E_pair         E_mol          TotEng         Press     
         0   0             -935.29105      0             -935.29105     -6682.1651    
Loop time of 1.09e-06 on 1 procs for 0 steps with 216 atoms

91.7% CPU use with 1 MPI tasks x 1 OpenMP threads

MPI task timing breakdown:
Section |  min time  |  avg time  |  max time  |%varavg| %total
---------------------------------------------------------------
Pair    | 0          | 0          | 0          |   0.0 |  0.00
Neigh   | 0          | 0          | 0          |   0.0 |  0.00
Comm    | 0          | 0          | 0          |   0.0 |  0.00
Output  | 0          | 0          | 0          |   0.0 |  0.00
Modify  | 0          | 0          | 0          |   0.0 |  0.00
Other   |            | 1.09e-06   |            |       |100.00

Nlocal:            216 ave         216 max         216 min
Histogram: 1 0 0 0 0 0 0 0 0 0
Nghost:            949 ave         949 max         949 min
Histogram: 1 0 0 0 0 0 0 0 0 0
Neighs:              0 ave           0 max           0 min
Histogram: 1 0 0 0 0 0 0 0 0 0
FullNghs:         7344 ave        7344 max        7344 min
Histogram: 1 0 0 0 0 0 0 0 0 0

Total # of neighbors = 7344
Ave neighs/atom = 34
Neighbor list builds = 0
Dangerous builds = 0
next i
jump SELF loop_struct
clear
  using 1 OpenMP thread(s) per MPI task
log energies.log append
units metal
boundary p p p
atom_style atomic
read_data Si333_${i}.in
read_data Si333_38.in
Reading data file ...
  orthogonal box = (0 0 0) to (16.331106 16.331106 16.331106)
  1 by 1 by 1 MPI processor grid
  reading atoms ...
  216 atoms
  reading velocities ...
  216 velocities
  read_data CPU = 0.001 seconds
mass 1 28.085
pair_style sw
pair_coeff * * Si.sw Si
Reading sw potential file Si.sw with DATE: 2007-06-11
run 0
WARNING: No fixes with time integration, atoms won't move (src/verlet.cpp:60)
Neighbor list info ...
  update: every = 1 steps, delay = 0 steps, check = yes
  max neighbors/atom: 2000, page size: 100000
  master list distance cutoff = 5.77118
  ghost atom cutoff = 5.77118
  binsize = 2.88559, bins = 6 6 6
  1 neighbor lists, perpetual/occasional/extra = 1 0 0
  (1) pair sw, perpetual
      attributes: full, newton on
      pair build: full/bin/atomonly
      stencil: full/bin/3d
      bin: standard
Per MPI rank memory allocation (min/avg/max) = 3.082 | 3.082 | 3.082 Mbytes
   Step          Temp          E_pair         E_mol          TotEng         Press     
         0   0             -935.18971      0             -935.18971     -6630.4972    
Loop time of 1.07e-06 on 1 procs for 0 steps with 216 atoms

93.5% CPU use with 1 MPI tasks x 1 OpenMP threads

MPI task timing breakdown:
Section |  min time  |  avg time  |  max time  |%varavg| %total
---------------------------------------------------------------
Pair    | 0          | 0          | 0          |   0.0 |  0.00
Neigh   | 0          | 0          | 0          |   0.0 |  0.00
Comm    | 0          | 0          | 0          |   0.0 |  0.00
Output  | 0          | 0          | 0          |   0.0 |  0.00
Modify  | 0          | 0          | 0          |   0.0 |  0.00
Other   |            | 1.07e-06   |            |       |100.00

Nlocal:            216 ave         216 max         216 min
Histogram: 1 0 0 0 0 0 0 0 0 0
Nghost:            830 ave         830 max         830 min
Histogram: 1 0 0 0 0 0 0 0 0 0
Neighs:              0 ave           0 max           0 min
Histogram: 1 0 0 0 0 0 0 0 0 0
FullNghs:         7344 ave        7344 max        7344 min
Histogram: 1 0 0 0 0 0 0 0 0 0

Total # of neighbors = 7344
Ave neighs/atom = 34
Neighbor list builds = 0
Dangerous builds = 0
next i
jump SELF loop_struct
clear
  using 1 OpenMP thread(s) per MPI task
log energies.log append
units metal
boundary p p p
atom_style atomic
read_data Si333_${i}.in
read_data Si333_39.in
Reading data file ...
  orthogonal box = (0 0 0) to (16.331106 16.331106 16.331106)
  1 by 1 by 1 MPI processor grid
  reading atoms ...
  216 atoms
  reading velocities ...
  216 velocities
  read_data CPU = 0.001 seconds
mass 1 28.085
pair_style sw
pair_coeff * * Si.sw Si
Reading sw potential file Si.sw with DATE: 2007-06-11
run 0
WARNING: No fixes with time integration, atoms won't move (src/verlet.cpp:60)
Neighbor list info ...
  update: every = 1 steps, delay = 0 steps, check = yes
  max neighbors/atom: 2000, page size: 100000
  master list distance cutoff = 5.77118
  ghost atom cutoff = 5.77118
  binsize = 2.88559, bins = 6 6 6
  1 neighbor lists, perpetual/occasional/extra = 1 0 0
  (1) pair sw, perpetual
      attributes: full, newton on
      pair build: full/bin/atomonly
      stencil: full/bin/3d
      bin: standard
Per MPI rank memory allocation (min/avg/max) = 3.084 | 3.084 | 3.084 Mbytes
   Step          Temp          E_pair         E_mol          TotEng         Press     
         0   0             -935.24978      0             -935.24978     -6667.473     
Loop time of 1.04e-06 on 1 procs for 0 steps with 216 atoms

0.0% CPU use with 1 MPI tasks x 1 OpenMP threads

MPI task timing breakdown:
Section |  min time  |  avg time  |  max time  |%varavg| %total
---------------------------------------------------------------
Pair    | 0          | 0          | 0          |   0.0 |  0.00
Neigh   | 0          | 0          | 0          |   0.0 |  0.00
Comm    | 0          | 0          | 0          |   0.0 |  0.00
Output  | 0          | 0          | 0          |   0.0 |  0.00
Modify  | 0          | 0          | 0          |   0.0 |  0.00
Other   |            | 1.04e-06   |            |       |100.00

Nlocal:            216 ave         216 max         216 min
Histogram: 1 0 0 0 0 0 0 0 0 0
Nghost:            889 ave         889 max         889 min
Histogram: 1 0 0 0 0 0 0 0 0 0
Neighs:              0 ave           0 max           0 min
Histogram: 1 0 0 0 0 0 0 0 0 0
FullNghs:         7344 ave        7344 max        7344 min
Histogram: 1 0 0 0 0 0 0 0 0 0

Total # of neighbors = 7344
Ave neighs/atom = 34
Neighbor list builds = 0
Dangerous builds = 0
next i
jump SELF loop_struct
clear
  using 1 OpenMP thread(s) per MPI task
log energies.log append
units metal
boundary p p p
atom_style atomic
read_data Si333_${i}.in
read_data Si333_40.in
Reading data file ...
  orthogonal box = (0 0 0) to (16.331106 16.331106 16.331106)
  1 by 1 by 1 MPI processor grid
  reading atoms ...
  216 atoms
  reading velocities ...
  216 velocities
  read_data CPU = 0.001 seconds
mass 1 28.085
pair_style sw
pair_coeff * * Si.sw Si
Reading sw potential file Si.sw with DATE: 2007-06-11
run 0
WARNING: No fixes with time integration, atoms won't move (src/verlet.cpp:60)
Neighbor list info ...
  update: every = 1 steps, delay = 0 steps, check = yes
  max neighbors/atom: 2000, page size: 100000
  master list distance cutoff = 5.77118
  ghost atom cutoff = 5.77118
  binsize = 2.88559, bins = 6 6 6
  1 neighbor lists, perpetual/occasional/extra = 1 0 0
  (1) pair sw, perpetual
      attributes: full, newton on
      pair build: full/bin/atomonly
      stencil: full/bin/3d
      bin: standard
Per MPI rank memory allocation (min/avg/max) = 3.083 | 3.083 | 3.083 Mbytes
   Step          Temp          E_pair         E_mol          TotEng         Press     
         0   0             -935.34556      0             -935.34556     -6713.3716    
Loop time of 1.18e-06 on 1 procs for 0 steps with 216 atoms

84.7% CPU use with 1 MPI tasks x 1 OpenMP threads

MPI task timing breakdown:
Section |  min time  |  avg time  |  max time  |%varavg| %total
---------------------------------------------------------------
Pair    | 0          | 0          | 0          |   0.0 |  0.00
Neigh   | 0          | 0          | 0          |   0.0 |  0.00
Comm    | 0          | 0          | 0          |   0.0 |  0.00
Output  | 0          | 0          | 0          |   0.0 |  0.00
Modify  | 0          | 0          | 0          |   0.0 |  0.00
Other   |            | 1.18e-06   |            |       |100.00

Nlocal:            216 ave         216 max         216 min
Histogram: 1 0 0 0 0 0 0 0 0 0
Nghost:            834 ave         834 max         834 min
Histogram: 1 0 0 0 0 0 0 0 0 0
Neighs:              0 ave           0 max           0 min
Histogram: 1 0 0 0 0 0 0 0 0 0
FullNghs:         7344 ave        7344 max        7344 min
Histogram: 1 0 0 0 0 0 0 0 0 0

Total # of neighbors = 7344
Ave neighs/atom = 34
Neighbor list builds = 0
Dangerous builds = 0
next i
jump SELF loop_struct
clear
  using 1 OpenMP thread(s) per MPI task
log energies.log append
units metal
boundary p p p
atom_style atomic
read_data Si333_${i}.in
read_data Si333_41.in
Reading data file ...
  orthogonal box = (0 0 0) to (16.331106 16.331106 16.331106)
  1 by 1 by 1 MPI processor grid
  reading atoms ...
  216 atoms
  reading velocities ...
  216 velocities
  read_data CPU = 0.001 seconds
mass 1 28.085
pair_style sw
pair_coeff * * Si.sw Si
Reading sw potential file Si.sw with DATE: 2007-06-11
run 0
WARNING: No fixes with time integration, atoms won't move (src/verlet.cpp:60)
Neighbor list info ...
  update: every = 1 steps, delay = 0 steps, check = yes
  max neighbors/atom: 2000, page size: 100000
  master list distance cutoff = 5.77118
  ghost atom cutoff = 5.77118
  binsize = 2.88559, bins = 6 6 6
  1 neighbor lists, perpetual/occasional/extra = 1 0 0
  (1) pair sw, perpetual
      attributes: full, newton on
      pair build: full/bin/atomonly
      stencil: full/bin/3d
      bin: standard
Per MPI rank memory allocation (min/avg/max) = 3.088 | 3.088 | 3.088 Mbytes
   Step          Temp          E_pair         E_mol          TotEng         Press     
         0   0             -935.28552      0             -935.28552     -6690.6301    
Loop time of 1.08e-06 on 1 procs for 0 steps with 216 atoms

0.0% CPU use with 1 MPI tasks x 1 OpenMP threads

MPI task timing breakdown:
Section |  min time  |  avg time  |  max time  |%varavg| %total
---------------------------------------------------------------
Pair    | 0          | 0          | 0          |   0.0 |  0.00
Neigh   | 0          | 0          | 0          |   0.0 |  0.00
Comm    | 0          | 0          | 0          |   0.0 |  0.00
Output  | 0          | 0          | 0          |   0.0 |  0.00
Modify  | 0          | 0          | 0          |   0.0 |  0.00
Other   |            | 1.08e-06   |            |       |100.00

Nlocal:            216 ave         216 max         216 min
Histogram: 1 0 0 0 0 0 0 0 0 0
Nghost:            834 ave         834 max         834 min
Histogram: 1 0 0 0 0 0 0 0 0 0
Neighs:              0 ave           0 max           0 min
Histogram: 1 0 0 0 0 0 0 0 0 0
FullNghs:         7344 ave        7344 max        7344 min
Histogram: 1 0 0 0 0 0 0 0 0 0

Total # of neighbors = 7344
Ave neighs/atom = 34
Neighbor list builds = 0
Dangerous builds = 0
next i
jump SELF loop_struct
clear
  using 1 OpenMP thread(s) per MPI task
log energies.log append
units metal
boundary p p p
atom_style atomic
read_data Si333_${i}.in
read_data Si333_42.in
Reading data file ...
  orthogonal box = (0 0 0) to (16.331106 16.331106 16.331106)
  1 by 1 by 1 MPI processor grid
  reading atoms ...
  216 atoms
  reading velocities ...
  216 velocities
  read_data CPU = 0.001 seconds
mass 1 28.085
pair_style sw
pair_coeff * * Si.sw Si
Reading sw potential file Si.sw with DATE: 2007-06-11
run 0
WARNING: No fixes with time integration, atoms won't move (src/verlet.cpp:60)
Neighbor list info ...
  update: every = 1 steps, delay = 0 steps, check = yes
  max neighbors/atom: 2000, page size: 100000
  master list distance cutoff = 5.77118
  ghost atom cutoff = 5.77118
  binsize = 2.88559, bins = 6 6 6
  1 neighbor lists, perpetual/occasional/extra = 1 0 0
  (1) pair sw, perpetual
      attributes: full, newton on
      pair build: full/bin/atomonly
      stencil: full/bin/3d
      bin: standard
Per MPI rank memory allocation (min/avg/max) = 3.086 | 3.086 | 3.086 Mbytes
   Step          Temp          E_pair         E_mol          TotEng         Press     
         0   0             -935.28353      0             -935.28353     -6667.1913    
Loop time of 1.02e-06 on 1 procs for 0 steps with 216 atoms

98.0% CPU use with 1 MPI tasks x 1 OpenMP threads

MPI task timing breakdown:
Section |  min time  |  avg time  |  max time  |%varavg| %total
---------------------------------------------------------------
Pair    | 0          | 0          | 0          |   0.0 |  0.00
Neigh   | 0          | 0          | 0          |   0.0 |  0.00
Comm    | 0          | 0          | 0          |   0.0 |  0.00
Output  | 0          | 0          | 0          |   0.0 |  0.00
Modify  | 0          | 0          | 0          |   0.0 |  0.00
Other   |            | 1.02e-06   |            |       |100.00

Nlocal:            216 ave         216 max         216 min
Histogram: 1 0 0 0 0 0 0 0 0 0
Nghost:            874 ave         874 max         874 min
Histogram: 1 0 0 0 0 0 0 0 0 0
Neighs:              0 ave           0 max           0 min
Histogram: 1 0 0 0 0 0 0 0 0 0
FullNghs:         7344 ave        7344 max        7344 min
Histogram: 1 0 0 0 0 0 0 0 0 0

Total # of neighbors = 7344
Ave neighs/atom = 34
Neighbor list builds = 0
Dangerous builds = 0
next i
jump SELF loop_struct
clear
  using 1 OpenMP thread(s) per MPI task
log energies.log append
units metal
boundary p p p
atom_style atomic
read_data Si333_${i}.in
read_data Si333_43.in
Reading data file ...
  orthogonal box = (0 0 0) to (16.331106 16.331106 16.331106)
  1 by 1 by 1 MPI processor grid
  reading atoms ...
  216 atoms
  reading velocities ...
  216 velocities
  read_data CPU = 0.001 seconds
mass 1 28.085
pair_style sw
pair_coeff * * Si.sw Si
Reading sw potential file Si.sw with DATE: 2007-06-11
run 0
WARNING: No fixes with time integration, atoms won't move (src/verlet.cpp:60)
Neighbor list info ...
  update: every = 1 steps, delay = 0 steps, check = yes
  max neighbors/atom: 2000, page size: 100000
  master list distance cutoff = 5.77118
  ghost atom cutoff = 5.77118
  binsize = 2.88559, bins = 6 6 6
  1 neighbor lists, perpetual/occasional/extra = 1 0 0
  (1) pair sw, perpetual
      attributes: full, newton on
      pair build: full/bin/atomonly
      stencil: full/bin/3d
      bin: standard
Per MPI rank memory allocation (min/avg/max) = 3.083 | 3.083 | 3.083 Mbytes
   Step          Temp          E_pair         E_mol          TotEng         Press     
         0   0             -935.14874      0             -935.14874     -6629.3166    
Loop time of 1.06e-06 on 1 procs for 0 steps with 216 atoms

0.0% CPU use with 1 MPI tasks x 1 OpenMP threads

MPI task timing breakdown:
Section |  min time  |  avg time  |  max time  |%varavg| %total
---------------------------------------------------------------
Pair    | 0          | 0          | 0          |   0.0 |  0.00
Neigh   | 0          | 0          | 0          |   0.0 |  0.00
Comm    | 0          | 0          | 0          |   0.0 |  0.00
Output  | 0          | 0          | 0          |   0.0 |  0.00
Modify  | 0          | 0          | 0          |   0.0 |  0.00
Other   |            | 1.06e-06   |            |       |100.00

Nlocal:            216 ave         216 max         216 min
Histogram: 1 0 0 0 0 0 0 0 0 0
Nghost:            834 ave         834 max         834 min
Histogram: 1 0 0 0 0 0 0 0 0 0
Neighs:              0 ave           0 max           0 min
Histogram: 1 0 0 0 0 0 0 0 0 0
FullNghs:         7344 ave        7344 max        7344 min
Histogram: 1 0 0 0 0 0 0 0 0 0

Total # of neighbors = 7344
Ave neighs/atom = 34
Neighbor list builds = 0
Dangerous builds = 0
next i
jump SELF loop_struct
clear
  using 1 OpenMP thread(s) per MPI task
log energies.log append
units metal
boundary p p p
atom_style atomic
read_data Si333_${i}.in
read_data Si333_44.in
Reading data file ...
  orthogonal box = (0 0 0) to (16.331106 16.331106 16.331106)
  1 by 1 by 1 MPI processor grid
  reading atoms ...
  216 atoms
  reading velocities ...
  216 velocities
  read_data CPU = 0.001 seconds
mass 1 28.085
pair_style sw
pair_coeff * * Si.sw Si
Reading sw potential file Si.sw with DATE: 2007-06-11
run 0
WARNING: No fixes with time integration, atoms won't move (src/verlet.cpp:60)
Neighbor list info ...
  update: every = 1 steps, delay = 0 steps, check = yes
  max neighbors/atom: 2000, page size: 100000
  master list distance cutoff = 5.77118
  ghost atom cutoff = 5.77118
  binsize = 2.88559, bins = 6 6 6
  1 neighbor lists, perpetual/occasional/extra = 1 0 0
  (1) pair sw, perpetual
      attributes: full, newton on
      pair build: full/bin/atomonly
      stencil: full/bin/3d
      bin: standard
Per MPI rank memory allocation (min/avg/max) = 3.087 | 3.087 | 3.087 Mbytes
   Step          Temp          E_pair         E_mol          TotEng         Press     
         0   0             -935.16571      0             -935.16571     -6619.5843    
Loop time of 1.29e-06 on 1 procs for 0 steps with 216 atoms

155.0% CPU use with 1 MPI tasks x 1 OpenMP threads

MPI task timing breakdown:
Section |  min time  |  avg time  |  max time  |%varavg| %total
---------------------------------------------------------------
Pair    | 0          | 0          | 0          |   0.0 |  0.00
Neigh   | 0          | 0          | 0          |   0.0 |  0.00
Comm    | 0          | 0          | 0          |   0.0 |  0.00
Output  | 0          | 0          | 0          |   0.0 |  0.00
Modify  | 0          | 0          | 0          |   0.0 |  0.00
Other   |            | 1.29e-06   |            |       |100.00

Nlocal:            216 ave         216 max         216 min
Histogram: 1 0 0 0 0 0 0 0 0 0
Nghost:            889 ave         889 max         889 min
Histogram: 1 0 0 0 0 0 0 0 0 0
Neighs:              0 ave           0 max           0 min
Histogram: 1 0 0 0 0 0 0 0 0 0
FullNghs:         7344 ave        7344 max        7344 min
Histogram: 1 0 0 0 0 0 0 0 0 0

Total # of neighbors = 7344
Ave neighs/atom = 34
Neighbor list builds = 0
Dangerous builds = 0
next i
jump SELF loop_struct
clear
  using 1 OpenMP thread(s) per MPI task
log energies.log append
units metal
boundary p p p
atom_style atomic
read_data Si333_${i}.in
read_data Si333_45.in
Reading data file ...
  orthogonal box = (0 0 0) to (16.331106 16.331106 16.331106)
  1 by 1 by 1 MPI processor grid
  reading atoms ...
  216 atoms
  reading velocities ...
  216 velocities
  read_data CPU = 0.001 seconds
mass 1 28.085
pair_style sw
pair_coeff * * Si.sw Si
Reading sw potential file Si.sw with DATE: 2007-06-11
run 0
WARNING: No fixes with time integration, atoms won't move (src/verlet.cpp:60)
Neighbor list info ...
  update: every = 1 steps, delay = 0 steps, check = yes
  max neighbors/atom: 2000, page size: 100000
  master list distance cutoff = 5.77118
  ghost atom cutoff = 5.77118
  binsize = 2.88559, bins = 6 6 6
  1 neighbor lists, perpetual/occasional/extra = 1 0 0
  (1) pair sw, perpetual
      attributes: full, newton on
      pair build: full/bin/atomonly
      stencil: full/bin/3d
      bin: standard
Per MPI rank memory allocation (min/avg/max) = 3.081 | 3.081 | 3.081 Mbytes
   Step          Temp          E_pair         E_mol          TotEng         Press     
         0   0             -935.26679      0             -935.26679     -6678.5758    
Loop time of 1.04e-06 on 1 procs for 0 steps with 216 atoms

96.2% CPU use with 1 MPI tasks x 1 OpenMP threads

MPI task timing breakdown:
Section |  min time  |  avg time  |  max time  |%varavg| %total
---------------------------------------------------------------
Pair    | 0          | 0          | 0          |   0.0 |  0.00
Neigh   | 0          | 0          | 0          |   0.0 |  0.00
Comm    | 0          | 0          | 0          |   0.0 |  0.00
Output  | 0          | 0          | 0          |   0.0 |  0.00
Modify  | 0          | 0          | 0          |   0.0 |  0.00
Other   |            | 1.04e-06   |            |       |100.00

Nlocal:            216 ave         216 max         216 min
Histogram: 1 0 0 0 0 0 0 0 0 0
Nghost:            784 ave         784 max         784 min
Histogram: 1 0 0 0 0 0 0 0 0 0
Neighs:              0 ave           0 max           0 min
Histogram: 1 0 0 0 0 0 0 0 0 0
FullNghs:         7344 ave        7344 max        7344 min
Histogram: 1 0 0 0 0 0 0 0 0 0

Total # of neighbors = 7344
Ave neighs/atom = 34
Neighbor list builds = 0
Dangerous builds = 0
next i
jump SELF loop_struct
clear
  using 1 OpenMP thread(s) per MPI task
log energies.log append
units metal
boundary p p p
atom_style atomic
read_data Si333_${i}.in
read_data Si333_46.in
Reading data file ...
  orthogonal box = (0 0 0) to (16.331106 16.331106 16.331106)
  1 by 1 by 1 MPI processor grid
  reading atoms ...
  216 atoms
  reading velocities ...
  216 velocities
  read_data CPU = 0.001 seconds
mass 1 28.085
pair_style sw
pair_coeff * * Si.sw Si
Reading sw potential file Si.sw with DATE: 2007-06-11
run 0
WARNING: No fixes with time integration, atoms won't move (src/verlet.cpp:60)
Neighbor list info ...
  update: every = 1 steps, delay = 0 steps, check = yes
  max neighbors/atom: 2000, page size: 100000
  master list distance cutoff = 5.77118
  ghost atom cutoff = 5.77118
  binsize = 2.88559, bins = 6 6 6
  1 neighbor lists, perpetual/occasional/extra = 1 0 0
  (1) pair sw, perpetual
      attributes: full, newton on
      pair build: full/bin/atomonly
      stencil: full/bin/3d
      bin: standard
Per MPI rank memory allocation (min/avg/max) = 3.083 | 3.083 | 3.083 Mbytes
   Step          Temp          E_pair         E_mol          TotEng         Press     
         0   0             -935.23402      0             -935.23402     -6663.1352    
Loop time of 1.04e-06 on 1 procs for 0 steps with 216 atoms

96.2% CPU use with 1 MPI tasks x 1 OpenMP threads

MPI task timing breakdown:
Section |  min time  |  avg time  |  max time  |%varavg| %total
---------------------------------------------------------------
Pair    | 0          | 0          | 0          |   0.0 |  0.00
Neigh   | 0          | 0          | 0          |   0.0 |  0.00
Comm    | 0          | 0          | 0          |   0.0 |  0.00
Output  | 0          | 0          | 0          |   0.0 |  0.00
Modify  | 0          | 0          | 0          |   0.0 |  0.00
Other   |            | 1.04e-06   |            |       |100.00

Nlocal:            216 ave         216 max         216 min
Histogram: 1 0 0 0 0 0 0 0 0 0
Nghost:            840 ave         840 max         840 min
Histogram: 1 0 0 0 0 0 0 0 0 0
Neighs:              0 ave           0 max           0 min
Histogram: 1 0 0 0 0 0 0 0 0 0
FullNghs:         7344 ave        7344 max        7344 min
Histogram: 1 0 0 0 0 0 0 0 0 0

Total # of neighbors = 7344
Ave neighs/atom = 34
Neighbor list builds = 0
Dangerous builds = 0
next i
jump SELF loop_struct
clear
  using 1 OpenMP thread(s) per MPI task
log energies.log append
units metal
boundary p p p
atom_style atomic
read_data Si333_${i}.in
read_data Si333_47.in
Reading data file ...
  orthogonal box = (0 0 0) to (16.331106 16.331106 16.331106)
  1 by 1 by 1 MPI processor grid
  reading atoms ...
  216 atoms
  reading velocities ...
  216 velocities
  read_data CPU = 0.001 seconds
mass 1 28.085
pair_style sw
pair_coeff * * Si.sw Si
Reading sw potential file Si.sw with DATE: 2007-06-11
run 0
WARNING: No fixes with time integration, atoms won't move (src/verlet.cpp:60)
Neighbor list info ...
  update: every = 1 steps, delay = 0 steps, check = yes
  max neighbors/atom: 2000, page size: 100000
  master list distance cutoff = 5.77118
  ghost atom cutoff = 5.77118
  binsize = 2.88559, bins = 6 6 6
  1 neighbor lists, perpetual/occasional/extra = 1 0 0
  (1) pair sw, perpetual
      attributes: full, newton on
      pair build: full/bin/atomonly
      stencil: full/bin/3d
      bin: standard
Per MPI rank memory allocation (min/avg/max) = 3.089 | 3.089 | 3.089 Mbytes
   Step          Temp          E_pair         E_mol          TotEng         Press     
         0   0             -909.9812       0             -909.9812       10672.4      
Loop time of 1.04e-06 on 1 procs for 0 steps with 216 atoms

0.0% CPU use with 1 MPI tasks x 1 OpenMP threads

MPI task timing breakdown:
Section |  min time  |  avg time  |  max time  |%varavg| %total
---------------------------------------------------------------
Pair    | 0          | 0          | 0          |   0.0 |  0.00
Neigh   | 0          | 0          | 0          |   0.0 |  0.00
Comm    | 0          | 0          | 0          |   0.0 |  0.00
Output  | 0          | 0          | 0          |   0.0 |  0.00
Modify  | 0          | 0          | 0          |   0.0 |  0.00
Other   |            | 1.04e-06   |            |       |100.00

Nlocal:            216 ave         216 max         216 min
Histogram: 1 0 0 0 0 0 0 0 0 0
Nghost:            878 ave         878 max         878 min
Histogram: 1 0 0 0 0 0 0 0 0 0
Neighs:              0 ave           0 max           0 min
Histogram: 1 0 0 0 0 0 0 0 0 0
FullNghs:         7382 ave        7382 max        7382 min
Histogram: 1 0 0 0 0 0 0 0 0 0

Total # of neighbors = 7382
Ave neighs/atom = 34.175926
Neighbor list builds = 0
Dangerous builds = 0
next i
jump SELF loop_struct
clear
  using 1 OpenMP thread(s) per MPI task
log energies.log append
units metal
boundary p p p
atom_style atomic
read_data Si333_${i}.in
read_data Si333_48.in
Reading data file ...
  orthogonal box = (0 0 0) to (16.331106 16.331106 16.331106)
  1 by 1 by 1 MPI processor grid
  reading atoms ...
  216 atoms
  reading velocities ...
  216 velocities
  read_data CPU = 0.001 seconds
mass 1 28.085
pair_style sw
pair_coeff * * Si.sw Si
Reading sw potential file Si.sw with DATE: 2007-06-11
run 0
WARNING: No fixes with time integration, atoms won't move (src/verlet.cpp:60)
Neighbor list info ...
  update: every = 1 steps, delay = 0 steps, check = yes
  max neighbors/atom: 2000, page size: 100000
  master list distance cutoff = 5.77118
  ghost atom cutoff = 5.77118
  binsize = 2.88559, bins = 6 6 6
  1 neighbor lists, perpetual/occasional/extra = 1 0 0
  (1) pair sw, perpetual
      attributes: full, newton on
      pair build: full/bin/atomonly
      stencil: full/bin/3d
      bin: standard
Per MPI rank memory allocation (min/avg/max) = 3.086 | 3.086 | 3.086 Mbytes
   Step          Temp          E_pair         E_mol          TotEng         Press     
         0   0             -935.14764      0             -935.14764     -6630.9542    
Loop time of 1.07e-06 on 1 procs for 0 steps with 216 atoms

0.0% CPU use with 1 MPI tasks x 1 OpenMP threads

MPI task timing breakdown:
Section |  min time  |  avg time  |  max time  |%varavg| %total
---------------------------------------------------------------
Pair    | 0          | 0          | 0          |   0.0 |  0.00
Neigh   | 0          | 0          | 0          |   0.0 |  0.00
Comm    | 0          | 0          | 0          |   0.0 |  0.00
Output  | 0          | 0          | 0          |   0.0 |  0.00
Modify  | 0          | 0          | 0          |   0.0 |  0.00
Other   |            | 1.07e-06   |            |       |100.00

Nlocal:            216 ave         216 max         216 min
Histogram: 1 0 0 0 0 0 0 0 0 0
Nghost:            884 ave         884 max         884 min
Histogram: 1 0 0 0 0 0 0 0 0 0
Neighs:              0 ave           0 max           0 min
Histogram: 1 0 0 0 0 0 0 0 0 0
FullNghs:         7344 ave        7344 max        7344 min
Histogram: 1 0 0 0 0 0 0 0 0 0

Total # of neighbors = 7344
Ave neighs/atom = 34
Neighbor list builds = 0
Dangerous builds = 0
next i
jump SELF loop_struct
clear
  using 1 OpenMP thread(s) per MPI task
log energies.log append
units metal
boundary p p p
atom_style atomic
read_data Si333_${i}.in
read_data Si333_49.in
Reading data file ...
  orthogonal box = (0 0 0) to (16.331106 16.331106 16.331106)
  1 by 1 by 1 MPI processor grid
  reading atoms ...
  216 atoms
  reading velocities ...
  216 velocities
  read_data CPU = 0.001 seconds
mass 1 28.085
pair_style sw
pair_coeff * * Si.sw Si
Reading sw potential file Si.sw with DATE: 2007-06-11
run 0
WARNING: No fixes with time integration, atoms won't move (src/verlet.cpp:60)
Neighbor list info ...
  update: every = 1 steps, delay = 0 steps, check = yes
  max neighbors/atom: 2000, page size: 100000
  master list distance cutoff = 5.77118
  ghost atom cutoff = 5.77118
  binsize = 2.88559, bins = 6 6 6
  1 neighbor lists, perpetual/occasional/extra = 1 0 0
  (1) pair sw, perpetual
      attributes: full, newton on
      pair build: full/bin/atomonly
      stencil: full/bin/3d
      bin: standard
Per MPI rank memory allocation (min/avg/max) = 3.086 | 3.086 | 3.086 Mbytes
   Step          Temp          E_pair         E_mol          TotEng         Press     
         0   0             -935.37525      0             -935.37525     -6707.1897    
Loop time of 1.06e-06 on 1 procs for 0 steps with 216 atoms

0.0% CPU use with 1 MPI tasks x 1 OpenMP threads

MPI task timing breakdown:
Section |  min time  |  avg time  |  max time  |%varavg| %total
---------------------------------------------------------------
Pair    | 0          | 0          | 0          |   0.0 |  0.00
Neigh   | 0          | 0          | 0          |   0.0 |  0.00
Comm    | 0          | 0          | 0          |   0.0 |  0.00
Output  | 0          | 0          | 0          |   0.0 |  0.00
Modify  | 0          | 0          | 0          |   0.0 |  0.00
Other   |            | 1.06e-06   |            |       |100.00

Nlocal:            216 ave         216 max         216 min
Histogram: 1 0 0 0 0 0 0 0 0 0
Nghost:            884 ave         884 max         884 min
Histogram: 1 0 0 0 0 0 0 0 0 0
Neighs:              0 ave           0 max           0 min
Histogram: 1 0 0 0 0 0 0 0 0 0
FullNghs:         7344 ave        7344 max        7344 min
Histogram: 1 0 0 0 0 0 0 0 0 0

Total # of neighbors = 7344
Ave neighs/atom = 34
Neighbor list builds = 0
Dangerous builds = 0
next i
jump SELF loop_struct
clear
  using 1 OpenMP thread(s) per MPI task
log energies.log append
units metal
boundary p p p
atom_style atomic
read_data Si333_${i}.in
read_data Si333_50.in
Reading data file ...
  orthogonal box = (0 0 0) to (16.331106 16.331106 16.331106)
  1 by 1 by 1 MPI processor grid
  reading atoms ...
  216 atoms
  reading velocities ...
  216 velocities
  read_data CPU = 0.001 seconds
mass 1 28.085
pair_style sw
pair_coeff * * Si.sw Si
Reading sw potential file Si.sw with DATE: 2007-06-11
run 0
WARNING: No fixes with time integration, atoms won't move (src/verlet.cpp:60)
Neighbor list info ...
  update: every = 1 steps, delay = 0 steps, check = yes
  max neighbors/atom: 2000, page size: 100000
  master list distance cutoff = 5.77118
  ghost atom cutoff = 5.77118
  binsize = 2.88559, bins = 6 6 6
  1 neighbor lists, perpetual/occasional/extra = 1 0 0
  (1) pair sw, perpetual
      attributes: full, newton on
      pair build: full/bin/atomonly
      stencil: full/bin/3d
      bin: standard
Per MPI rank memory allocation (min/avg/max) = 3.084 | 3.084 | 3.084 Mbytes
   Step          Temp          E_pair         E_mol          TotEng         Press     
         0   0             -935.4233       0             -935.4233      -6722.5468    
Loop time of 1.07e-06 on 1 procs for 0 steps with 216 atoms

93.5% CPU use with 1 MPI tasks x 1 OpenMP threads

MPI task timing breakdown:
Section |  min time  |  avg time  |  max time  |%varavg| %total
---------------------------------------------------------------
Pair    | 0          | 0          | 0          |   0.0 |  0.00
Neigh   | 0          | 0          | 0          |   0.0 |  0.00
Comm    | 0          | 0          | 0          |   0.0 |  0.00
Output  | 0          | 0          | 0          |   0.0 |  0.00
Modify  | 0          | 0          | 0          |   0.0 |  0.00
Other   |            | 1.07e-06   |            |       |100.00

Nlocal:            216 ave         216 max         216 min
Histogram: 1 0 0 0 0 0 0 0 0 0
Nghost:            884 ave         884 max         884 min
Histogram: 1 0 0 0 0 0 0 0 0 0
Neighs:              0 ave           0 max           0 min
Histogram: 1 0 0 0 0 0 0 0 0 0
FullNghs:         7344 ave        7344 max        7344 min
Histogram: 1 0 0 0 0 0 0 0 0 0

Total # of neighbors = 7344
Ave neighs/atom = 34
Neighbor list builds = 0
Dangerous builds = 0
next i
jump SELF loop_struct
clear
  using 1 OpenMP thread(s) per MPI task
log energies.log append
units metal
boundary p p p
atom_style atomic
read_data Si333_${i}.in
read_data Si333_51.in
Reading data file ...
  orthogonal box = (0 0 0) to (16.331106 16.331106 16.331106)
  1 by 1 by 1 MPI processor grid
  reading atoms ...
  216 atoms
  reading velocities ...
  216 velocities
  read_data CPU = 0.001 seconds
mass 1 28.085
pair_style sw
pair_coeff * * Si.sw Si
Reading sw potential file Si.sw with DATE: 2007-06-11
run 0
WARNING: No fixes with time integration, atoms won't move (src/verlet.cpp:60)
Neighbor list info ...
  update: every = 1 steps, delay = 0 steps, check = yes
  max neighbors/atom: 2000, page size: 100000
  master list distance cutoff = 5.77118
  ghost atom cutoff = 5.77118
  binsize = 2.88559, bins = 6 6 6
  1 neighbor lists, perpetual/occasional/extra = 1 0 0
  (1) pair sw, perpetual
      attributes: full, newton on
      pair build: full/bin/atomonly
      stencil: full/bin/3d
      bin: standard
Per MPI rank memory allocation (min/avg/max) = 3.081 | 3.081 | 3.081 Mbytes
   Step          Temp          E_pair         E_mol          TotEng         Press     
         0   0             -935.25684      0             -935.25684     -6673.548     
Loop time of 1.02e-06 on 1 procs for 0 steps with 216 atoms

0.0% CPU use with 1 MPI tasks x 1 OpenMP threads

MPI task timing breakdown:
Section |  min time  |  avg time  |  max time  |%varavg| %total
---------------------------------------------------------------
Pair    | 0          | 0          | 0          |   0.0 |  0.00
Neigh   | 0          | 0          | 0          |   0.0 |  0.00
Comm    | 0          | 0          | 0          |   0.0 |  0.00
Output  | 0          | 0          | 0          |   0.0 |  0.00
Modify  | 0          | 0          | 0          |   0.0 |  0.00
Other   |            | 1.02e-06   |            |       |100.00

Nlocal:            216 ave         216 max         216 min
Histogram: 1 0 0 0 0 0 0 0 0 0
Nghost:            784 ave         784 max         784 min
Histogram: 1 0 0 0 0 0 0 0 0 0
Neighs:              0 ave           0 max           0 min
Histogram: 1 0 0 0 0 0 0 0 0 0
FullNghs:         7344 ave        7344 max        7344 min
Histogram: 1 0 0 0 0 0 0 0 0 0

Total # of neighbors = 7344
Ave neighs/atom = 34
Neighbor list builds = 0
Dangerous builds = 0
next i
jump SELF loop_struct
clear
  using 1 OpenMP thread(s) per MPI task
log energies.log append
units metal
boundary p p p
atom_style atomic
read_data Si333_${i}.in
read_data Si333_52.in
Reading data file ...
  orthogonal box = (0 0 0) to (16.331106 16.331106 16.331106)
  1 by 1 by 1 MPI processor grid
  reading atoms ...
  216 atoms
  reading velocities ...
  216 velocities
  read_data CPU = 0.001 seconds
mass 1 28.085
pair_style sw
pair_coeff * * Si.sw Si
Reading sw potential file Si.sw with DATE: 2007-06-11
run 0
WARNING: No fixes with time integration, atoms won't move (src/verlet.cpp:60)
Neighbor list info ...
  update: every = 1 steps, delay = 0 steps, check = yes
  max neighbors/atom: 2000, page size: 100000
  master list distance cutoff = 5.77118
  ghost atom cutoff = 5.77118
  binsize = 2.88559, bins = 6 6 6
  1 neighbor lists, perpetual/occasional/extra = 1 0 0
  (1) pair sw, perpetual
      attributes: full, newton on
      pair build: full/bin/atomonly
      stencil: full/bin/3d
      bin: standard
Per MPI rank memory allocation (min/avg/max) = 3.091 | 3.091 | 3.091 Mbytes
   Step          Temp          E_pair         E_mol          TotEng         Press     
         0   0             -911.0392       0             -911.0392       9417.061     
Loop time of 1.24e-06 on 1 procs for 0 steps with 216 atoms

161.3% CPU use with 1 MPI tasks x 1 OpenMP threads

MPI task timing breakdown:
Section |  min time  |  avg time  |  max time  |%varavg| %total
---------------------------------------------------------------
Pair    | 0          | 0          | 0          |   0.0 |  0.00
Neigh   | 0          | 0          | 0          |   0.0 |  0.00
Comm    | 0          | 0          | 0          |   0.0 |  0.00
Output  | 0          | 0          | 0          |   0.0 |  0.00
Modify  | 0          | 0          | 0          |   0.0 |  0.00
Other   |            | 1.24e-06   |            |       |100.00

Nlocal:            216 ave         216 max         216 min
Histogram: 1 0 0 0 0 0 0 0 0 0
Nghost:            893 ave         893 max         893 min
Histogram: 1 0 0 0 0 0 0 0 0 0
Neighs:              0 ave           0 max           0 min
Histogram: 1 0 0 0 0 0 0 0 0 0
FullNghs:         7388 ave        7388 max        7388 min
Histogram: 1 0 0 0 0 0 0 0 0 0

Total # of neighbors = 7388
Ave neighs/atom = 34.203704
Neighbor list builds = 0
Dangerous builds = 0
next i
jump SELF loop_struct
clear
  using 1 OpenMP thread(s) per MPI task
log energies.log append
units metal
boundary p p p
atom_style atomic
read_data Si333_${i}.in
read_data Si333_53.in
Reading data file ...
  orthogonal box = (0 0 0) to (16.331106 16.331106 16.331106)
  1 by 1 by 1 MPI processor grid
  reading atoms ...
  216 atoms
  reading velocities ...
  216 velocities
  read_data CPU = 0.001 seconds
mass 1 28.085
pair_style sw
pair_coeff * * Si.sw Si
Reading sw potential file Si.sw with DATE: 2007-06-11
run 0
WARNING: No fixes with time integration, atoms won't move (src/verlet.cpp:60)
Neighbor list info ...
  update: every = 1 steps, delay = 0 steps, check = yes
  max neighbors/atom: 2000, page size: 100000
  master list distance cutoff = 5.77118
  ghost atom cutoff = 5.77118
  binsize = 2.88559, bins = 6 6 6
  1 neighbor lists, perpetual/occasional/extra = 1 0 0
  (1) pair sw, perpetual
      attributes: full, newton on
      pair build: full/bin/atomonly
      stencil: full/bin/3d
      bin: standard
Per MPI rank memory allocation (min/avg/max) = 3.085 | 3.085 | 3.085 Mbytes
   Step          Temp          E_pair         E_mol          TotEng         Press     
         0   0             -935.15024      0             -935.15024     -6626.6725    
Loop time of 1.03e-06 on 1 procs for 0 steps with 216 atoms

97.1% CPU use with 1 MPI tasks x 1 OpenMP threads

MPI task timing breakdown:
Section |  min time  |  avg time  |  max time  |%varavg| %total
---------------------------------------------------------------
Pair    | 0          | 0          | 0          |   0.0 |  0.00
Neigh   | 0          | 0          | 0          |   0.0 |  0.00
Comm    | 0          | 0          | 0          |   0.0 |  0.00
Output  | 0          | 0          | 0          |   0.0 |  0.00
Modify  | 0          | 0          | 0          |   0.0 |  0.00
Other   |            | 1.03e-06   |            |       |100.00

Nlocal:            216 ave         216 max         216 min
Histogram: 1 0 0 0 0 0 0 0 0 0
Nghost:            848 ave         848 max         848 min
Histogram: 1 0 0 0 0 0 0 0 0 0
Neighs:              0 ave           0 max           0 min
Histogram: 1 0 0 0 0 0 0 0 0 0
FullNghs:         7344 ave        7344 max        7344 min
Histogram: 1 0 0 0 0 0 0 0 0 0

Total # of neighbors = 7344
Ave neighs/atom = 34
Neighbor list builds = 0
Dangerous builds = 0
next i
jump SELF loop_struct
clear
  using 1 OpenMP thread(s) per MPI task
log energies.log append
units metal
boundary p p p
atom_style atomic
read_data Si333_${i}.in
read_data Si333_54.in
Reading data file ...
  orthogonal box = (0 0 0) to (16.331106 16.331106 16.331106)
  1 by 1 by 1 MPI processor grid
  reading atoms ...
  216 atoms
  reading velocities ...
  216 velocities
  read_data CPU = 0.001 seconds
mass 1 28.085
pair_style sw
pair_coeff * * Si.sw Si
Reading sw potential file Si.sw with DATE: 2007-06-11
run 0
WARNING: No fixes with time integration, atoms won't move (src/verlet.cpp:60)
Neighbor list info ...
  update: every = 1 steps, delay = 0 steps, check = yes
  max neighbors/atom: 2000, page size: 100000
  master list distance cutoff = 5.77118
  ghost atom cutoff = 5.77118
  binsize = 2.88559, bins = 6 6 6
  1 neighbor lists, perpetual/occasional/extra = 1 0 0
  (1) pair sw, perpetual
      attributes: full, newton on
      pair build: full/bin/atomonly
      stencil: full/bin/3d
      bin: standard
Per MPI rank memory allocation (min/avg/max) = 3.093 | 3.093 | 3.093 Mbytes
   Step          Temp          E_pair         E_mol          TotEng         Press     
         0   0             -935.16653      0             -935.16653     -6630.2079    
Loop time of 1.04e-06 on 1 procs for 0 steps with 216 atoms

96.2% CPU use with 1 MPI tasks x 1 OpenMP threads

MPI task timing breakdown:
Section |  min time  |  avg time  |  max time  |%varavg| %total
---------------------------------------------------------------
Pair    | 0          | 0          | 0          |   0.0 |  0.00
Neigh   | 0          | 0          | 0          |   0.0 |  0.00
Comm    | 0          | 0          | 0          |   0.0 |  0.00
Output  | 0          | 0          | 0          |   0.0 |  0.00
Modify  | 0          | 0          | 0          |   0.0 |  0.00
Other   |            | 1.04e-06   |            |       |100.00

Nlocal:            216 ave         216 max         216 min
Histogram: 1 0 0 0 0 0 0 0 0 0
Nghost:            950 ave         950 max         950 min
Histogram: 1 0 0 0 0 0 0 0 0 0
Neighs:              0 ave           0 max           0 min
Histogram: 1 0 0 0 0 0 0 0 0 0
FullNghs:         7344 ave        7344 max        7344 min
Histogram: 1 0 0 0 0 0 0 0 0 0

Total # of neighbors = 7344
Ave neighs/atom = 34
Neighbor list builds = 0
Dangerous builds = 0
next i
jump SELF loop_struct
clear
  using 1 OpenMP thread(s) per MPI task
log energies.log append
units metal
boundary p p p
atom_style atomic
read_data Si333_${i}.in
read_data Si333_55.in
Reading data file ...
  orthogonal box = (0 0 0) to (16.331106 16.331106 16.331106)
  1 by 1 by 1 MPI processor grid
  reading atoms ...
  216 atoms
  reading velocities ...
  216 velocities
  read_data CPU = 0.001 seconds
mass 1 28.085
pair_style sw
pair_coeff * * Si.sw Si
Reading sw potential file Si.sw with DATE: 2007-06-11
run 0
WARNING: No fixes with time integration, atoms won't move (src/verlet.cpp:60)
Neighbor list info ...
  update: every = 1 steps, delay = 0 steps, check = yes
  max neighbors/atom: 2000, page size: 100000
  master list distance cutoff = 5.77118
  ghost atom cutoff = 5.77118
  binsize = 2.88559, bins = 6 6 6
  1 neighbor lists, perpetual/occasional/extra = 1 0 0
  (1) pair sw, perpetual
      attributes: full, newton on
      pair build: full/bin/atomonly
      stencil: full/bin/3d
      bin: standard
Per MPI rank memory allocation (min/avg/max) = 3.083 | 3.083 | 3.083 Mbytes
   Step          Temp          E_pair         E_mol          TotEng         Press     
         0   0             -935.36268      0             -935.36268     -6687.7963    
Loop time of 1.11e-06 on 1 procs for 0 steps with 216 atoms

0.0% CPU use with 1 MPI tasks x 1 OpenMP threads

MPI task timing breakdown:
Section |  min time  |  avg time  |  max time  |%varavg| %total
---------------------------------------------------------------
Pair    | 0          | 0          | 0          |   0.0 |  0.00
Neigh   | 0          | 0          | 0          |   0.0 |  0.00
Comm    | 0          | 0          | 0          |   0.0 |  0.00
Output  | 0          | 0          | 0          |   0.0 |  0.00
Modify  | 0          | 0          | 0          |   0.0 |  0.00
Other   |            | 1.11e-06   |            |       |100.00

Nlocal:            216 ave         216 max         216 min
Histogram: 1 0 0 0 0 0 0 0 0 0
Nghost:            834 ave         834 max         834 min
Histogram: 1 0 0 0 0 0 0 0 0 0
Neighs:              0 ave           0 max           0 min
Histogram: 1 0 0 0 0 0 0 0 0 0
FullNghs:         7344 ave        7344 max        7344 min
Histogram: 1 0 0 0 0 0 0 0 0 0

Total # of neighbors = 7344
Ave neighs/atom = 34
Neighbor list builds = 0
Dangerous builds = 0
next i
jump SELF loop_struct
clear
  using 1 OpenMP thread(s) per MPI task
log energies.log append
units metal
boundary p p p
atom_style atomic
read_data Si333_${i}.in
read_data Si333_56.in
Reading data file ...
  orthogonal box = (0 0 0) to (16.331106 16.331106 16.331106)
  1 by 1 by 1 MPI processor grid
  reading atoms ...
  216 atoms
  reading velocities ...
  216 velocities
  read_data CPU = 0.001 seconds
mass 1 28.085
pair_style sw
pair_coeff * * Si.sw Si
Reading sw potential file Si.sw with DATE: 2007-06-11
run 0
WARNING: No fixes with time integration, atoms won't move (src/verlet.cpp:60)
Neighbor list info ...
  update: every = 1 steps, delay = 0 steps, check = yes
  max neighbors/atom: 2000, page size: 100000
  master list distance cutoff = 5.77118
  ghost atom cutoff = 5.77118
  binsize = 2.88559, bins = 6 6 6
  1 neighbor lists, perpetual/occasional/extra = 1 0 0
  (1) pair sw, perpetual
      attributes: full, newton on
      pair build: full/bin/atomonly
      stencil: full/bin/3d
      bin: standard
Per MPI rank memory allocation (min/avg/max) = 3.084 | 3.084 | 3.084 Mbytes
   Step          Temp          E_pair         E_mol          TotEng         Press     
         0   0             -935.22408      0             -935.22408     -6652.7192    
Loop time of 1.03e-06 on 1 procs for 0 steps with 216 atoms

97.1% CPU use with 1 MPI tasks x 1 OpenMP threads

MPI task timing breakdown:
Section |  min time  |  avg time  |  max time  |%varavg| %total
---------------------------------------------------------------
Pair    | 0          | 0          | 0          |   0.0 |  0.00
Neigh   | 0          | 0          | 0          |   0.0 |  0.00
Comm    | 0          | 0          | 0          |   0.0 |  0.00
Output  | 0          | 0          | 0          |   0.0 |  0.00
Modify  | 0          | 0          | 0          |   0.0 |  0.00
Other   |            | 1.03e-06   |            |       |100.00

Nlocal:            216 ave         216 max         216 min
Histogram: 1 0 0 0 0 0 0 0 0 0
Nghost:            848 ave         848 max         848 min
Histogram: 1 0 0 0 0 0 0 0 0 0
Neighs:              0 ave           0 max           0 min
Histogram: 1 0 0 0 0 0 0 0 0 0
FullNghs:         7344 ave        7344 max        7344 min
Histogram: 1 0 0 0 0 0 0 0 0 0

Total # of neighbors = 7344
Ave neighs/atom = 34
Neighbor list builds = 0
Dangerous builds = 0
next i
jump SELF loop_struct
clear
  using 1 OpenMP thread(s) per MPI task
log energies.log append
units metal
boundary p p p
atom_style atomic
read_data Si333_${i}.in
read_data Si333_57.in
Reading data file ...
  orthogonal box = (0 0 0) to (16.331106 16.331106 16.331106)
  1 by 1 by 1 MPI processor grid
  reading atoms ...
  216 atoms
  reading velocities ...
  216 velocities
  read_data CPU = 0.001 seconds
mass 1 28.085
pair_style sw
pair_coeff * * Si.sw Si
Reading sw potential file Si.sw with DATE: 2007-06-11
run 0
WARNING: No fixes with time integration, atoms won't move (src/verlet.cpp:60)
Neighbor list info ...
  update: every = 1 steps, delay = 0 steps, check = yes
  max neighbors/atom: 2000, page size: 100000
  master list distance cutoff = 5.77118
  ghost atom cutoff = 5.77118
  binsize = 2.88559, bins = 6 6 6
  1 neighbor lists, perpetual/occasional/extra = 1 0 0
  (1) pair sw, perpetual
      attributes: full, newton on
      pair build: full/bin/atomonly
      stencil: full/bin/3d
      bin: standard
Per MPI rank memory allocation (min/avg/max) = 3.088 | 3.088 | 3.088 Mbytes
   Step          Temp          E_pair         E_mol          TotEng         Press     
         0   0             -935.40557      0             -935.40557     -6727.8156    
Loop time of 1.04e-06 on 1 procs for 0 steps with 216 atoms

96.2% CPU use with 1 MPI tasks x 1 OpenMP threads

MPI task timing breakdown:
Section |  min time  |  avg time  |  max time  |%varavg| %total
---------------------------------------------------------------
Pair    | 0          | 0          | 0          |   0.0 |  0.00
Neigh   | 0          | 0          | 0          |   0.0 |  0.00
Comm    | 0          | 0          | 0          |   0.0 |  0.00
Output  | 0          | 0          | 0          |   0.0 |  0.00
Modify  | 0          | 0          | 0          |   0.0 |  0.00
Other   |            | 1.04e-06   |            |       |100.00

Nlocal:            216 ave         216 max         216 min
Histogram: 1 0 0 0 0 0 0 0 0 0
Nghost:            834 ave         834 max         834 min
Histogram: 1 0 0 0 0 0 0 0 0 0
Neighs:              0 ave           0 max           0 min
Histogram: 1 0 0 0 0 0 0 0 0 0
FullNghs:         7344 ave        7344 max        7344 min
Histogram: 1 0 0 0 0 0 0 0 0 0

Total # of neighbors = 7344
Ave neighs/atom = 34
Neighbor list builds = 0
Dangerous builds = 0
next i
jump SELF loop_struct
clear
  using 1 OpenMP thread(s) per MPI task
log energies.log append
units metal
boundary p p p
atom_style atomic
read_data Si333_${i}.in
read_data Si333_58.in
Reading data file ...
  orthogonal box = (0 0 0) to (16.331106 16.331106 16.331106)
  1 by 1 by 1 MPI processor grid
  reading atoms ...
  216 atoms
  reading velocities ...
  216 velocities
  read_data CPU = 0.001 seconds
mass 1 28.085
pair_style sw
pair_coeff * * Si.sw Si
Reading sw potential file Si.sw with DATE: 2007-06-11
run 0
WARNING: No fixes with time integration, atoms won't move (src/verlet.cpp:60)
Neighbor list info ...
  update: every = 1 steps, delay = 0 steps, check = yes
  max neighbors/atom: 2000, page size: 100000
  master list distance cutoff = 5.77118
  ghost atom cutoff = 5.77118
  binsize = 2.88559, bins = 6 6 6
  1 neighbor lists, perpetual/occasional/extra = 1 0 0
  (1) pair sw, perpetual
      attributes: full, newton on
      pair build: full/bin/atomonly
      stencil: full/bin/3d
      bin: standard
Per MPI rank memory allocation (min/avg/max) = 3.082 | 3.082 | 3.082 Mbytes
   Step          Temp          E_pair         E_mol          TotEng         Press     
         0   0             -935.24176      0             -935.24176     -6647.4346    
Loop time of 1.04e-06 on 1 procs for 0 steps with 216 atoms

0.0% CPU use with 1 MPI tasks x 1 OpenMP threads

MPI task timing breakdown:
Section |  min time  |  avg time  |  max time  |%varavg| %total
---------------------------------------------------------------
Pair    | 0          | 0          | 0          |   0.0 |  0.00
Neigh   | 0          | 0          | 0          |   0.0 |  0.00
Comm    | 0          | 0          | 0          |   0.0 |  0.00
Output  | 0          | 0          | 0          |   0.0 |  0.00
Modify  | 0          | 0          | 0          |   0.0 |  0.00
Other   |            | 1.04e-06   |            |       |100.00

Nlocal:            216 ave         216 max         216 min
Histogram: 1 0 0 0 0 0 0 0 0 0
Nghost:            811 ave         811 max         811 min
Histogram: 1 0 0 0 0 0 0 0 0 0
Neighs:              0 ave           0 max           0 min
Histogram: 1 0 0 0 0 0 0 0 0 0
FullNghs:         7344 ave        7344 max        7344 min
Histogram: 1 0 0 0 0 0 0 0 0 0

Total # of neighbors = 7344
Ave neighs/atom = 34
Neighbor list builds = 0
Dangerous builds = 0
next i
jump SELF loop_struct
clear
  using 1 OpenMP thread(s) per MPI task
log energies.log append
units metal
boundary p p p
atom_style atomic
read_data Si333_${i}.in
read_data Si333_59.in
Reading data file ...
  orthogonal box = (0 0 0) to (16.331106 16.331106 16.331106)
  1 by 1 by 1 MPI processor grid
  reading atoms ...
  216 atoms
  reading velocities ...
  216 velocities
  read_data CPU = 0.001 seconds
mass 1 28.085
pair_style sw
pair_coeff * * Si.sw Si
Reading sw potential file Si.sw with DATE: 2007-06-11
run 0
WARNING: No fixes with time integration, atoms won't move (src/verlet.cpp:60)
Neighbor list info ...
  update: every = 1 steps, delay = 0 steps, check = yes
  max neighbors/atom: 2000, page size: 100000
  master list distance cutoff = 5.77118
  ghost atom cutoff = 5.77118
  binsize = 2.88559, bins = 6 6 6
  1 neighbor lists, perpetual/occasional/extra = 1 0 0
  (1) pair sw, perpetual
      attributes: full, newton on
      pair build: full/bin/atomonly
      stencil: full/bin/3d
      bin: standard
Per MPI rank memory allocation (min/avg/max) = 3.083 | 3.083 | 3.083 Mbytes
   Step          Temp          E_pair         E_mol          TotEng         Press     
         0   0             -935.20266      0             -935.20266     -6653.312     
Loop time of 1.05e-06 on 1 procs for 0 steps with 216 atoms

0.0% CPU use with 1 MPI tasks x 1 OpenMP threads

MPI task timing breakdown:
Section |  min time  |  avg time  |  max time  |%varavg| %total
---------------------------------------------------------------
Pair    | 0          | 0          | 0          |   0.0 |  0.00
Neigh   | 0          | 0          | 0          |   0.0 |  0.00
Comm    | 0          | 0          | 0          |   0.0 |  0.00
Output  | 0          | 0          | 0          |   0.0 |  0.00
Modify  | 0          | 0          | 0          |   0.0 |  0.00
Other   |            | 1.05e-06   |            |       |100.00

Nlocal:            216 ave         216 max         216 min
Histogram: 1 0 0 0 0 0 0 0 0 0
Nghost:            834 ave         834 max         834 min
Histogram: 1 0 0 0 0 0 0 0 0 0
Neighs:              0 ave           0 max           0 min
Histogram: 1 0 0 0 0 0 0 0 0 0
FullNghs:         7344 ave        7344 max        7344 min
Histogram: 1 0 0 0 0 0 0 0 0 0

Total # of neighbors = 7344
Ave neighs/atom = 34
Neighbor list builds = 0
Dangerous builds = 0
next i
jump SELF loop_struct
clear
  using 1 OpenMP thread(s) per MPI task
log energies.log append
units metal
boundary p p p
atom_style atomic
read_data Si333_${i}.in
read_data Si333_60.in
Reading data file ...
  orthogonal box = (0 0 0) to (16.331106 16.331106 16.331106)
  1 by 1 by 1 MPI processor grid
  reading atoms ...
  216 atoms
  reading velocities ...
  216 velocities
  read_data CPU = 0.001 seconds
mass 1 28.085
pair_style sw
pair_coeff * * Si.sw Si
Reading sw potential file Si.sw with DATE: 2007-06-11
run 0
WARNING: No fixes with time integration, atoms won't move (src/verlet.cpp:60)
Neighbor list info ...
  update: every = 1 steps, delay = 0 steps, check = yes
  max neighbors/atom: 2000, page size: 100000
  master list distance cutoff = 5.77118
  ghost atom cutoff = 5.77118
  binsize = 2.88559, bins = 6 6 6
  1 neighbor lists, perpetual/occasional/extra = 1 0 0
  (1) pair sw, perpetual
      attributes: full, newton on
      pair build: full/bin/atomonly
      stencil: full/bin/3d
      bin: standard
Per MPI rank memory allocation (min/avg/max) = 3.081 | 3.081 | 3.081 Mbytes
   Step          Temp          E_pair         E_mol          TotEng         Press     
         0   0             -935.20788      0             -935.20788     -6640.5602    
Loop time of 1.04e-06 on 1 procs for 0 steps with 216 atoms

96.2% CPU use with 1 MPI tasks x 1 OpenMP threads

MPI task timing breakdown:
Section |  min time  |  avg time  |  max time  |%varavg| %total
---------------------------------------------------------------
Pair    | 0          | 0          | 0          |   0.0 |  0.00
Neigh   | 0          | 0          | 0          |   0.0 |  0.00
Comm    | 0          | 0          | 0          |   0.0 |  0.00
Output  | 0          | 0          | 0          |   0.0 |  0.00
Modify  | 0          | 0          | 0          |   0.0 |  0.00
Other   |            | 1.04e-06   |            |       |100.00

Nlocal:            216 ave         216 max         216 min
Histogram: 1 0 0 0 0 0 0 0 0 0
Nghost:            784 ave         784 max         784 min
Histogram: 1 0 0 0 0 0 0 0 0 0
Neighs:              0 ave           0 max           0 min
Histogram: 1 0 0 0 0 0 0 0 0 0
FullNghs:         7344 ave        7344 max        7344 min
Histogram: 1 0 0 0 0 0 0 0 0 0

Total # of neighbors = 7344
Ave neighs/atom = 34
Neighbor list builds = 0
Dangerous builds = 0
next i
jump SELF loop_struct
clear
  using 1 OpenMP thread(s) per MPI task
log energies.log append
units metal
boundary p p p
atom_style atomic
read_data Si333_${i}.in
read_data Si333_61.in
Reading data file ...
  orthogonal box = (0 0 0) to (16.331106 16.331106 16.331106)
  1 by 1 by 1 MPI processor grid
  reading atoms ...
  216 atoms
  reading velocities ...
  216 velocities
  read_data CPU = 0.001 seconds
mass 1 28.085
pair_style sw
pair_coeff * * Si.sw Si
Reading sw potential file Si.sw with DATE: 2007-06-11
run 0
WARNING: No fixes with time integration, atoms won't move (src/verlet.cpp:60)
Neighbor list info ...
  update: every = 1 steps, delay = 0 steps, check = yes
  max neighbors/atom: 2000, page size: 100000
  master list distance cutoff = 5.77118
  ghost atom cutoff = 5.77118
  binsize = 2.88559, bins = 6 6 6
  1 neighbor lists, perpetual/occasional/extra = 1 0 0
  (1) pair sw, perpetual
      attributes: full, newton on
      pair build: full/bin/atomonly
      stencil: full/bin/3d
      bin: standard
Per MPI rank memory allocation (min/avg/max) = 3.088 | 3.088 | 3.088 Mbytes
   Step          Temp          E_pair         E_mol          TotEng         Press     
         0   0             -935.27214      0             -935.27214     -6667.9744    
Loop time of 1.03e-06 on 1 procs for 0 steps with 216 atoms

0.0% CPU use with 1 MPI tasks x 1 OpenMP threads

MPI task timing breakdown:
Section |  min time  |  avg time  |  max time  |%varavg| %total
---------------------------------------------------------------
Pair    | 0          | 0          | 0          |   0.0 |  0.00
Neigh   | 0          | 0          | 0          |   0.0 |  0.00
Comm    | 0          | 0          | 0          |   0.0 |  0.00
Output  | 0          | 0          | 0          |   0.0 |  0.00
Modify  | 0          | 0          | 0          |   0.0 |  0.00
Other   |            | 1.03e-06   |            |       |100.00

Nlocal:            216 ave         216 max         216 min
Histogram: 1 0 0 0 0 0 0 0 0 0
Nghost:            872 ave         872 max         872 min
Histogram: 1 0 0 0 0 0 0 0 0 0
Neighs:              0 ave           0 max           0 min
Histogram: 1 0 0 0 0 0 0 0 0 0
FullNghs:         7344 ave        7344 max        7344 min
Histogram: 1 0 0 0 0 0 0 0 0 0

Total # of neighbors = 7344
Ave neighs/atom = 34
Neighbor list builds = 0
Dangerous builds = 0
next i
jump SELF loop_struct
clear
  using 1 OpenMP thread(s) per MPI task
log energies.log append
units metal
boundary p p p
atom_style atomic
read_data Si333_${i}.in
read_data Si333_62.in
Reading data file ...
  orthogonal box = (0 0 0) to (16.331106 16.331106 16.331106)
  1 by 1 by 1 MPI processor grid
  reading atoms ...
  216 atoms
  reading velocities ...
  216 velocities
  read_data CPU = 0.001 seconds
mass 1 28.085
pair_style sw
pair_coeff * * Si.sw Si
Reading sw potential file Si.sw with DATE: 2007-06-11
run 0
WARNING: No fixes with time integration, atoms won't move (src/verlet.cpp:60)
Neighbor list info ...
  update: every = 1 steps, delay = 0 steps, check = yes
  max neighbors/atom: 2000, page size: 100000
  master list distance cutoff = 5.77118
  ghost atom cutoff = 5.77118
  binsize = 2.88559, bins = 6 6 6
  1 neighbor lists, perpetual/occasional/extra = 1 0 0
  (1) pair sw, perpetual
      attributes: full, newton on
      pair build: full/bin/atomonly
      stencil: full/bin/3d
      bin: standard
Per MPI rank memory allocation (min/avg/max) = 3.083 | 3.083 | 3.083 Mbytes
   Step          Temp          E_pair         E_mol          TotEng         Press     
         0   0             -935.32655      0             -935.32655     -6675.4147    
Loop time of 1.04e-06 on 1 procs for 0 steps with 216 atoms

0.0% CPU use with 1 MPI tasks x 1 OpenMP threads

MPI task timing breakdown:
Section |  min time  |  avg time  |  max time  |%varavg| %total
---------------------------------------------------------------
Pair    | 0          | 0          | 0          |   0.0 |  0.00
Neigh   | 0          | 0          | 0          |   0.0 |  0.00
Comm    | 0          | 0          | 0          |   0.0 |  0.00
Output  | 0          | 0          | 0          |   0.0 |  0.00
Modify  | 0          | 0          | 0          |   0.0 |  0.00
Other   |            | 1.04e-06   |            |       |100.00

Nlocal:            216 ave         216 max         216 min
Histogram: 1 0 0 0 0 0 0 0 0 0
Nghost:            800 ave         800 max         800 min
Histogram: 1 0 0 0 0 0 0 0 0 0
Neighs:              0 ave           0 max           0 min
Histogram: 1 0 0 0 0 0 0 0 0 0
FullNghs:         7344 ave        7344 max        7344 min
Histogram: 1 0 0 0 0 0 0 0 0 0

Total # of neighbors = 7344
Ave neighs/atom = 34
Neighbor list builds = 0
Dangerous builds = 0
next i
jump SELF loop_struct
clear
  using 1 OpenMP thread(s) per MPI task
log energies.log append
units metal
boundary p p p
atom_style atomic
read_data Si333_${i}.in
read_data Si333_63.in
Reading data file ...
  orthogonal box = (0 0 0) to (16.331106 16.331106 16.331106)
  1 by 1 by 1 MPI processor grid
  reading atoms ...
  216 atoms
  reading velocities ...
  216 velocities
  read_data CPU = 0.001 seconds
mass 1 28.085
pair_style sw
pair_coeff * * Si.sw Si
Reading sw potential file Si.sw with DATE: 2007-06-11
run 0
WARNING: No fixes with time integration, atoms won't move (src/verlet.cpp:60)
Neighbor list info ...
  update: every = 1 steps, delay = 0 steps, check = yes
  max neighbors/atom: 2000, page size: 100000
  master list distance cutoff = 5.77118
  ghost atom cutoff = 5.77118
  binsize = 2.88559, bins = 6 6 6
  1 neighbor lists, perpetual/occasional/extra = 1 0 0
  (1) pair sw, perpetual
      attributes: full, newton on
      pair build: full/bin/atomonly
      stencil: full/bin/3d
      bin: standard
Per MPI rank memory allocation (min/avg/max) = 3.083 | 3.083 | 3.083 Mbytes
   Step          Temp          E_pair         E_mol          TotEng         Press     
         0   0             -935.14524      0             -935.14524     -6663.042     
Loop time of 1.05e-06 on 1 procs for 0 steps with 216 atoms

95.2% CPU use with 1 MPI tasks x 1 OpenMP threads

MPI task timing breakdown:
Section |  min time  |  avg time  |  max time  |%varavg| %total
---------------------------------------------------------------
Pair    | 0          | 0          | 0          |   0.0 |  0.00
Neigh   | 0          | 0          | 0          |   0.0 |  0.00
Comm    | 0          | 0          | 0          |   0.0 |  0.00
Output  | 0          | 0          | 0          |   0.0 |  0.00
Modify  | 0          | 0          | 0          |   0.0 |  0.00
Other   |            | 1.05e-06   |            |       |100.00

Nlocal:            216 ave         216 max         216 min
Histogram: 1 0 0 0 0 0 0 0 0 0
Nghost:            815 ave         815 max         815 min
Histogram: 1 0 0 0 0 0 0 0 0 0
Neighs:              0 ave           0 max           0 min
Histogram: 1 0 0 0 0 0 0 0 0 0
FullNghs:         7344 ave        7344 max        7344 min
Histogram: 1 0 0 0 0 0 0 0 0 0

Total # of neighbors = 7344
Ave neighs/atom = 34
Neighbor list builds = 0
Dangerous builds = 0
next i
jump SELF loop_struct
clear
  using 1 OpenMP thread(s) per MPI task
log energies.log append
units metal
boundary p p p
atom_style atomic
read_data Si333_${i}.in
read_data Si333_64.in
Reading data file ...
  orthogonal box = (0 0 0) to (16.331106 16.331106 16.331106)
  1 by 1 by 1 MPI processor grid
  reading atoms ...
  216 atoms
  reading velocities ...
  216 velocities
  read_data CPU = 0.001 seconds
mass 1 28.085
pair_style sw
pair_coeff * * Si.sw Si
Reading sw potential file Si.sw with DATE: 2007-06-11
run 0
WARNING: No fixes with time integration, atoms won't move (src/verlet.cpp:60)
Neighbor list info ...
  update: every = 1 steps, delay = 0 steps, check = yes
  max neighbors/atom: 2000, page size: 100000
  master list distance cutoff = 5.77118
  ghost atom cutoff = 5.77118
  binsize = 2.88559, bins = 6 6 6
  1 neighbor lists, perpetual/occasional/extra = 1 0 0
  (1) pair sw, perpetual
      attributes: full, newton on
      pair build: full/bin/atomonly
      stencil: full/bin/3d
      bin: standard
Per MPI rank memory allocation (min/avg/max) = 3.086 | 3.086 | 3.086 Mbytes
   Step          Temp          E_pair         E_mol          TotEng         Press     
         0   0             -935.18061      0             -935.18061     -6629.0231    
Loop time of 1.03e-06 on 1 procs for 0 steps with 216 atoms

97.1% CPU use with 1 MPI tasks x 1 OpenMP threads

MPI task timing breakdown:
Section |  min time  |  avg time  |  max time  |%varavg| %total
---------------------------------------------------------------
Pair    | 0          | 0          | 0          |   0.0 |  0.00
Neigh   | 0          | 0          | 0          |   0.0 |  0.00
Comm    | 0          | 0          | 0          |   0.0 |  0.00
Output  | 0          | 0          | 0          |   0.0 |  0.00
Modify  | 0          | 0          | 0          |   0.0 |  0.00
Other   |            | 1.03e-06   |            |       |100.00

Nlocal:            216 ave         216 max         216 min
Histogram: 1 0 0 0 0 0 0 0 0 0
Nghost:            884 ave         884 max         884 min
Histogram: 1 0 0 0 0 0 0 0 0 0
Neighs:              0 ave           0 max           0 min
Histogram: 1 0 0 0 0 0 0 0 0 0
FullNghs:         7344 ave        7344 max        7344 min
Histogram: 1 0 0 0 0 0 0 0 0 0

Total # of neighbors = 7344
Ave neighs/atom = 34
Neighbor list builds = 0
Dangerous builds = 0
next i
jump SELF loop_struct
clear
  using 1 OpenMP thread(s) per MPI task
log energies.log append
units metal
boundary p p p
atom_style atomic
read_data Si333_${i}.in
read_data Si333_65.in
Reading data file ...
  orthogonal box = (0 0 0) to (16.331106 16.331106 16.331106)
  1 by 1 by 1 MPI processor grid
  reading atoms ...
  216 atoms
  reading velocities ...
  216 velocities
  read_data CPU = 0.001 seconds
mass 1 28.085
pair_style sw
pair_coeff * * Si.sw Si
Reading sw potential file Si.sw with DATE: 2007-06-11
run 0
WARNING: No fixes with time integration, atoms won't move (src/verlet.cpp:60)
Neighbor list info ...
  update: every = 1 steps, delay = 0 steps, check = yes
  max neighbors/atom: 2000, page size: 100000
  master list distance cutoff = 5.77118
  ghost atom cutoff = 5.77118
  binsize = 2.88559, bins = 6 6 6
  1 neighbor lists, perpetual/occasional/extra = 1 0 0
  (1) pair sw, perpetual
      attributes: full, newton on
      pair build: full/bin/atomonly
      stencil: full/bin/3d
      bin: standard
Per MPI rank memory allocation (min/avg/max) = 3.081 | 3.081 | 3.081 Mbytes
   Step          Temp          E_pair         E_mol          TotEng         Press     
         0   0             -935.28459      0             -935.28459     -6665.7943    
Loop time of 1.05e-06 on 1 procs for 0 steps with 216 atoms

190.5% CPU use with 1 MPI tasks x 1 OpenMP threads

MPI task timing breakdown:
Section |  min time  |  avg time  |  max time  |%varavg| %total
---------------------------------------------------------------
Pair    | 0          | 0          | 0          |   0.0 |  0.00
Neigh   | 0          | 0          | 0          |   0.0 |  0.00
Comm    | 0          | 0          | 0          |   0.0 |  0.00
Output  | 0          | 0          | 0          |   0.0 |  0.00
Modify  | 0          | 0          | 0          |   0.0 |  0.00
Other   |            | 1.05e-06   |            |       |100.00

Nlocal:            216 ave         216 max         216 min
Histogram: 1 0 0 0 0 0 0 0 0 0
Nghost:            784 ave         784 max         784 min
Histogram: 1 0 0 0 0 0 0 0 0 0
Neighs:              0 ave           0 max           0 min
Histogram: 1 0 0 0 0 0 0 0 0 0
FullNghs:         7344 ave        7344 max        7344 min
Histogram: 1 0 0 0 0 0 0 0 0 0

Total # of neighbors = 7344
Ave neighs/atom = 34
Neighbor list builds = 0
Dangerous builds = 0
next i
jump SELF loop_struct
clear
  using 1 OpenMP thread(s) per MPI task
log energies.log append
units metal
boundary p p p
atom_style atomic
read_data Si333_${i}.in
read_data Si333_66.in
Reading data file ...
  orthogonal box = (0 0 0) to (16.331106 16.331106 16.331106)
  1 by 1 by 1 MPI processor grid
  reading atoms ...
  216 atoms
  reading velocities ...
  216 velocities
  read_data CPU = 0.001 seconds
mass 1 28.085
pair_style sw
pair_coeff * * Si.sw Si
Reading sw potential file Si.sw with DATE: 2007-06-11
run 0
WARNING: No fixes with time integration, atoms won't move (src/verlet.cpp:60)
Neighbor list info ...
  update: every = 1 steps, delay = 0 steps, check = yes
  max neighbors/atom: 2000, page size: 100000
  master list distance cutoff = 5.77118
  ghost atom cutoff = 5.77118
  binsize = 2.88559, bins = 6 6 6
  1 neighbor lists, perpetual/occasional/extra = 1 0 0
  (1) pair sw, perpetual
      attributes: full, newton on
      pair build: full/bin/atomonly
      stencil: full/bin/3d
      bin: standard
Per MPI rank memory allocation (min/avg/max) = 3.087 | 3.087 | 3.087 Mbytes
   Step          Temp          E_pair         E_mol          TotEng         Press     
         0   0             -935.27812      0             -935.27812     -6682.904     
Loop time of 1.02e-06 on 1 procs for 0 steps with 216 atoms

0.0% CPU use with 1 MPI tasks x 1 OpenMP threads

MPI task timing breakdown:
Section |  min time  |  avg time  |  max time  |%varavg| %total
---------------------------------------------------------------
Pair    | 0          | 0          | 0          |   0.0 |  0.00
Neigh   | 0          | 0          | 0          |   0.0 |  0.00
Comm    | 0          | 0          | 0          |   0.0 |  0.00
Output  | 0          | 0          | 0          |   0.0 |  0.00
Modify  | 0          | 0          | 0          |   0.0 |  0.00
Other   |            | 1.02e-06   |            |       |100.00

Nlocal:            216 ave         216 max         216 min
Histogram: 1 0 0 0 0 0 0 0 0 0
Nghost:            896 ave         896 max         896 min
Histogram: 1 0 0 0 0 0 0 0 0 0
Neighs:              0 ave           0 max           0 min
Histogram: 1 0 0 0 0 0 0 0 0 0
FullNghs:         7344 ave        7344 max        7344 min
Histogram: 1 0 0 0 0 0 0 0 0 0

Total # of neighbors = 7344
Ave neighs/atom = 34
Neighbor list builds = 0
Dangerous builds = 0
next i
jump SELF loop_struct
clear
  using 1 OpenMP thread(s) per MPI task
log energies.log append
units metal
boundary p p p
atom_style atomic
read_data Si333_${i}.in
read_data Si333_67.in
Reading data file ...
  orthogonal box = (0 0 0) to (16.331106 16.331106 16.331106)
  1 by 1 by 1 MPI processor grid
  reading atoms ...
  216 atoms
  reading velocities ...
  216 velocities
  read_data CPU = 0.001 seconds
mass 1 28.085
pair_style sw
pair_coeff * * Si.sw Si
Reading sw potential file Si.sw with DATE: 2007-06-11
run 0
WARNING: No fixes with time integration, atoms won't move (src/verlet.cpp:60)
Neighbor list info ...
  update: every = 1 steps, delay = 0 steps, check = yes
  max neighbors/atom: 2000, page size: 100000
  master list distance cutoff = 5.77118
  ghost atom cutoff = 5.77118
  binsize = 2.88559, bins = 6 6 6
  1 neighbor lists, perpetual/occasional/extra = 1 0 0
  (1) pair sw, perpetual
      attributes: full, newton on
      pair build: full/bin/atomonly
      stencil: full/bin/3d
      bin: standard
Per MPI rank memory allocation (min/avg/max) = 3.091 | 3.091 | 3.091 Mbytes
   Step          Temp          E_pair         E_mol          TotEng         Press     
         0   0             -935.25659      0             -935.25659     -6665.0451    
Loop time of 1.09e-06 on 1 procs for 0 steps with 216 atoms

91.7% CPU use with 1 MPI tasks x 1 OpenMP threads

MPI task timing breakdown:
Section |  min time  |  avg time  |  max time  |%varavg| %total
---------------------------------------------------------------
Pair    | 0          | 0          | 0          |   0.0 |  0.00
Neigh   | 0          | 0          | 0          |   0.0 |  0.00
Comm    | 0          | 0          | 0          |   0.0 |  0.00
Output  | 0          | 0          | 0          |   0.0 |  0.00
Modify  | 0          | 0          | 0          |   0.0 |  0.00
Other   |            | 1.09e-06   |            |       |100.00

Nlocal:            216 ave         216 max         216 min
Histogram: 1 0 0 0 0 0 0 0 0 0
Nghost:            939 ave         939 max         939 min
Histogram: 1 0 0 0 0 0 0 0 0 0
Neighs:              0 ave           0 max           0 min
Histogram: 1 0 0 0 0 0 0 0 0 0
FullNghs:         7344 ave        7344 max        7344 min
Histogram: 1 0 0 0 0 0 0 0 0 0

Total # of neighbors = 7344
Ave neighs/atom = 34
Neighbor list builds = 0
Dangerous builds = 0
next i
jump SELF loop_struct
clear
  using 1 OpenMP thread(s) per MPI task
log energies.log append
units metal
boundary p p p
atom_style atomic
read_data Si333_${i}.in
read_data Si333_68.in
Reading data file ...
  orthogonal box = (0 0 0) to (16.331106 16.331106 16.331106)
  1 by 1 by 1 MPI processor grid
  reading atoms ...
  216 atoms
  reading velocities ...
  216 velocities
  read_data CPU = 0.001 seconds
mass 1 28.085
pair_style sw
pair_coeff * * Si.sw Si
Reading sw potential file Si.sw with DATE: 2007-06-11
run 0
WARNING: No fixes with time integration, atoms won't move (src/verlet.cpp:60)
Neighbor list info ...
  update: every = 1 steps, delay = 0 steps, check = yes
  max neighbors/atom: 2000, page size: 100000
  master list distance cutoff = 5.77118
  ghost atom cutoff = 5.77118
  binsize = 2.88559, bins = 6 6 6
  1 neighbor lists, perpetual/occasional/extra = 1 0 0
  (1) pair sw, perpetual
      attributes: full, newton on
      pair build: full/bin/atomonly
      stencil: full/bin/3d
      bin: standard
Per MPI rank memory allocation (min/avg/max) = 3.09 | 3.09 | 3.09 Mbytes
   Step          Temp          E_pair         E_mol          TotEng         Press     
         0   0             -935.3583       0             -935.3583      -6695.0091    
Loop time of 1.13e-06 on 1 procs for 0 steps with 216 atoms

88.5% CPU use with 1 MPI tasks x 1 OpenMP threads

MPI task timing breakdown:
Section |  min time  |  avg time  |  max time  |%varavg| %total
---------------------------------------------------------------
Pair    | 0          | 0          | 0          |   0.0 |  0.00
Neigh   | 0          | 0          | 0          |   0.0 |  0.00
Comm    | 0          | 0          | 0          |   0.0 |  0.00
Output  | 0          | 0          | 0          |   0.0 |  0.00
Modify  | 0          | 0          | 0          |   0.0 |  0.00
Other   |            | 1.13e-06   |            |       |100.00

Nlocal:            216 ave         216 max         216 min
Histogram: 1 0 0 0 0 0 0 0 0 0
Nghost:            889 ave         889 max         889 min
Histogram: 1 0 0 0 0 0 0 0 0 0
Neighs:              0 ave           0 max           0 min
Histogram: 1 0 0 0 0 0 0 0 0 0
FullNghs:         7344 ave        7344 max        7344 min
Histogram: 1 0 0 0 0 0 0 0 0 0

Total # of neighbors = 7344
Ave neighs/atom = 34
Neighbor list builds = 0
Dangerous builds = 0
next i
jump SELF loop_struct
clear
  using 1 OpenMP thread(s) per MPI task
log energies.log append
units metal
boundary p p p
atom_style atomic
read_data Si333_${i}.in
read_data Si333_69.in
Reading data file ...
  orthogonal box = (0 0 0) to (16.331106 16.331106 16.331106)
  1 by 1 by 1 MPI processor grid
  reading atoms ...
  216 atoms
  reading velocities ...
  216 velocities
  read_data CPU = 0.001 seconds
mass 1 28.085
pair_style sw
pair_coeff * * Si.sw Si
Reading sw potential file Si.sw with DATE: 2007-06-11
run 0
WARNING: No fixes with time integration, atoms won't move (src/verlet.cpp:60)
Neighbor list info ...
  update: every = 1 steps, delay = 0 steps, check = yes
  max neighbors/atom: 2000, page size: 100000
  master list distance cutoff = 5.77118
  ghost atom cutoff = 5.77118
  binsize = 2.88559, bins = 6 6 6
  1 neighbor lists, perpetual/occasional/extra = 1 0 0
  (1) pair sw, perpetual
      attributes: full, newton on
      pair build: full/bin/atomonly
      stencil: full/bin/3d
      bin: standard
Per MPI rank memory allocation (min/avg/max) = 3.084 | 3.084 | 3.084 Mbytes
   Step          Temp          E_pair         E_mol          TotEng         Press     
         0   0             -935.20926      0             -935.20926     -6640.5611    
Loop time of 1.03e-06 on 1 procs for 0 steps with 216 atoms

97.1% CPU use with 1 MPI tasks x 1 OpenMP threads

MPI task timing breakdown:
Section |  min time  |  avg time  |  max time  |%varavg| %total
---------------------------------------------------------------
Pair    | 0          | 0          | 0          |   0.0 |  0.00
Neigh   | 0          | 0          | 0          |   0.0 |  0.00
Comm    | 0          | 0          | 0          |   0.0 |  0.00
Output  | 0          | 0          | 0          |   0.0 |  0.00
Modify  | 0          | 0          | 0          |   0.0 |  0.00
Other   |            | 1.03e-06   |            |       |100.00

Nlocal:            216 ave         216 max         216 min
Histogram: 1 0 0 0 0 0 0 0 0 0
Nghost:            887 ave         887 max         887 min
Histogram: 1 0 0 0 0 0 0 0 0 0
Neighs:              0 ave           0 max           0 min
Histogram: 1 0 0 0 0 0 0 0 0 0
FullNghs:         7344 ave        7344 max        7344 min
Histogram: 1 0 0 0 0 0 0 0 0 0

Total # of neighbors = 7344
Ave neighs/atom = 34
Neighbor list builds = 0
Dangerous builds = 0
next i
jump SELF loop_struct
clear
  using 1 OpenMP thread(s) per MPI task
log energies.log append
units metal
boundary p p p
atom_style atomic
read_data Si333_${i}.in
read_data Si333_70.in
Reading data file ...
  orthogonal box = (0 0 0) to (16.331106 16.331106 16.331106)
  1 by 1 by 1 MPI processor grid
  reading atoms ...
  216 atoms
  reading velocities ...
  216 velocities
  read_data CPU = 0.001 seconds
mass 1 28.085
pair_style sw
pair_coeff * * Si.sw Si
Reading sw potential file Si.sw with DATE: 2007-06-11
run 0
WARNING: No fixes with time integration, atoms won't move (src/verlet.cpp:60)
Neighbor list info ...
  update: every = 1 steps, delay = 0 steps, check = yes
  max neighbors/atom: 2000, page size: 100000
  master list distance cutoff = 5.77118
  ghost atom cutoff = 5.77118
  binsize = 2.88559, bins = 6 6 6
  1 neighbor lists, perpetual/occasional/extra = 1 0 0
  (1) pair sw, perpetual
      attributes: full, newton on
      pair build: full/bin/atomonly
      stencil: full/bin/3d
      bin: standard
Per MPI rank memory allocation (min/avg/max) = 3.087 | 3.087 | 3.087 Mbytes
   Step          Temp          E_pair         E_mol          TotEng         Press     
         0   0             -935.25381      0             -935.25381     -6664.2788    
Loop time of 1.02e-06 on 1 procs for 0 steps with 216 atoms

98.0% CPU use with 1 MPI tasks x 1 OpenMP threads

MPI task timing breakdown:
Section |  min time  |  avg time  |  max time  |%varavg| %total
---------------------------------------------------------------
Pair    | 0          | 0          | 0          |   0.0 |  0.00
Neigh   | 0          | 0          | 0          |   0.0 |  0.00
Comm    | 0          | 0          | 0          |   0.0 |  0.00
Output  | 0          | 0          | 0          |   0.0 |  0.00
Modify  | 0          | 0          | 0          |   0.0 |  0.00
Other   |            | 1.02e-06   |            |       |100.00

Nlocal:            216 ave         216 max         216 min
Histogram: 1 0 0 0 0 0 0 0 0 0
Nghost:            889 ave         889 max         889 min
Histogram: 1 0 0 0 0 0 0 0 0 0
Neighs:              0 ave           0 max           0 min
Histogram: 1 0 0 0 0 0 0 0 0 0
FullNghs:         7344 ave        7344 max        7344 min
Histogram: 1 0 0 0 0 0 0 0 0 0

Total # of neighbors = 7344
Ave neighs/atom = 34
Neighbor list builds = 0
Dangerous builds = 0
next i
jump SELF loop_struct
clear
  using 1 OpenMP thread(s) per MPI task
log energies.log append
units metal
boundary p p p
atom_style atomic
read_data Si333_${i}.in
read_data Si333_71.in
Reading data file ...
  orthogonal box = (0 0 0) to (16.331106 16.331106 16.331106)
  1 by 1 by 1 MPI processor grid
  reading atoms ...
  216 atoms
  reading velocities ...
  216 velocities
  read_data CPU = 0.001 seconds
mass 1 28.085
pair_style sw
pair_coeff * * Si.sw Si
Reading sw potential file Si.sw with DATE: 2007-06-11
run 0
WARNING: No fixes with time integration, atoms won't move (src/verlet.cpp:60)
Neighbor list info ...
  update: every = 1 steps, delay = 0 steps, check = yes
  max neighbors/atom: 2000, page size: 100000
  master list distance cutoff = 5.77118
  ghost atom cutoff = 5.77118
  binsize = 2.88559, bins = 6 6 6
  1 neighbor lists, perpetual/occasional/extra = 1 0 0
  (1) pair sw, perpetual
      attributes: full, newton on
      pair build: full/bin/atomonly
      stencil: full/bin/3d
      bin: standard
Per MPI rank memory allocation (min/avg/max) = 3.083 | 3.083 | 3.083 Mbytes
   Step          Temp          E_pair         E_mol          TotEng         Press     
         0   0             -935.2133       0             -935.2133      -6670.5637    
Loop time of 1.04e-06 on 1 procs for 0 steps with 216 atoms

0.0% CPU use with 1 MPI tasks x 1 OpenMP threads

MPI task timing breakdown:
Section |  min time  |  avg time  |  max time  |%varavg| %total
---------------------------------------------------------------
Pair    | 0          | 0          | 0          |   0.0 |  0.00
Neigh   | 0          | 0          | 0          |   0.0 |  0.00
Comm    | 0          | 0          | 0          |   0.0 |  0.00
Output  | 0          | 0          | 0          |   0.0 |  0.00
Modify  | 0          | 0          | 0          |   0.0 |  0.00
Other   |            | 1.04e-06   |            |       |100.00

Nlocal:            216 ave         216 max         216 min
Histogram: 1 0 0 0 0 0 0 0 0 0
Nghost:            834 ave         834 max         834 min
Histogram: 1 0 0 0 0 0 0 0 0 0
Neighs:              0 ave           0 max           0 min
Histogram: 1 0 0 0 0 0 0 0 0 0
FullNghs:         7344 ave        7344 max        7344 min
Histogram: 1 0 0 0 0 0 0 0 0 0

Total # of neighbors = 7344
Ave neighs/atom = 34
Neighbor list builds = 0
Dangerous builds = 0
next i
jump SELF loop_struct
clear
  using 1 OpenMP thread(s) per MPI task
log energies.log append
units metal
boundary p p p
atom_style atomic
read_data Si333_${i}.in
read_data Si333_72.in
Reading data file ...
  orthogonal box = (0 0 0) to (16.331106 16.331106 16.331106)
  1 by 1 by 1 MPI processor grid
  reading atoms ...
  216 atoms
  reading velocities ...
  216 velocities
  read_data CPU = 0.001 seconds
mass 1 28.085
pair_style sw
pair_coeff * * Si.sw Si
Reading sw potential file Si.sw with DATE: 2007-06-11
run 0
WARNING: No fixes with time integration, atoms won't move (src/verlet.cpp:60)
Neighbor list info ...
  update: every = 1 steps, delay = 0 steps, check = yes
  max neighbors/atom: 2000, page size: 100000
  master list distance cutoff = 5.77118
  ghost atom cutoff = 5.77118
  binsize = 2.88559, bins = 6 6 6
  1 neighbor lists, perpetual/occasional/extra = 1 0 0
  (1) pair sw, perpetual
      attributes: full, newton on
      pair build: full/bin/atomonly
      stencil: full/bin/3d
      bin: standard
Per MPI rank memory allocation (min/avg/max) = 3.086 | 3.086 | 3.086 Mbytes
   Step          Temp          E_pair         E_mol          TotEng         Press     
         0   0             -935.25708      0             -935.25708     -6662.3483    
Loop time of 1.2e-06 on 1 procs for 0 steps with 216 atoms

0.0% CPU use with 1 MPI tasks x 1 OpenMP threads

MPI task timing breakdown:
Section |  min time  |  avg time  |  max time  |%varavg| %total
---------------------------------------------------------------
Pair    | 0          | 0          | 0          |   0.0 |  0.00
Neigh   | 0          | 0          | 0          |   0.0 |  0.00
Comm    | 0          | 0          | 0          |   0.0 |  0.00
Output  | 0          | 0          | 0          |   0.0 |  0.00
Modify  | 0          | 0          | 0          |   0.0 |  0.00
Other   |            | 1.2e-06    |            |       |100.00

Nlocal:            216 ave         216 max         216 min
Histogram: 1 0 0 0 0 0 0 0 0 0
Nghost:            819 ave         819 max         819 min
Histogram: 1 0 0 0 0 0 0 0 0 0
Neighs:              0 ave           0 max           0 min
Histogram: 1 0 0 0 0 0 0 0 0 0
FullNghs:         7344 ave        7344 max        7344 min
Histogram: 1 0 0 0 0 0 0 0 0 0

Total # of neighbors = 7344
Ave neighs/atom = 34
Neighbor list builds = 0
Dangerous builds = 0
next i
jump SELF loop_struct
clear
  using 1 OpenMP thread(s) per MPI task
log energies.log append
units metal
boundary p p p
atom_style atomic
read_data Si333_${i}.in
read_data Si333_73.in
Reading data file ...
  orthogonal box = (0 0 0) to (16.331106 16.331106 16.331106)
  1 by 1 by 1 MPI processor grid
  reading atoms ...
  216 atoms
  reading velocities ...
  216 velocities
  read_data CPU = 0.001 seconds
mass 1 28.085
pair_style sw
pair_coeff * * Si.sw Si
Reading sw potential file Si.sw with DATE: 2007-06-11
run 0
WARNING: No fixes with time integration, atoms won't move (src/verlet.cpp:60)
Neighbor list info ...
  update: every = 1 steps, delay = 0 steps, check = yes
  max neighbors/atom: 2000, page size: 100000
  master list distance cutoff = 5.77118
  ghost atom cutoff = 5.77118
  binsize = 2.88559, bins = 6 6 6
  1 neighbor lists, perpetual/occasional/extra = 1 0 0
  (1) pair sw, perpetual
      attributes: full, newton on
      pair build: full/bin/atomonly
      stencil: full/bin/3d
      bin: standard
Per MPI rank memory allocation (min/avg/max) = 3.084 | 3.084 | 3.084 Mbytes
   Step          Temp          E_pair         E_mol          TotEng         Press     
         0   0             -935.18953      0             -935.18953     -6637.3597    
Loop time of 1.04e-06 on 1 procs for 0 steps with 216 atoms

96.2% CPU use with 1 MPI tasks x 1 OpenMP threads

MPI task timing breakdown:
Section |  min time  |  avg time  |  max time  |%varavg| %total
---------------------------------------------------------------
Pair    | 0          | 0          | 0          |   0.0 |  0.00
Neigh   | 0          | 0          | 0          |   0.0 |  0.00
Comm    | 0          | 0          | 0          |   0.0 |  0.00
Output  | 0          | 0          | 0          |   0.0 |  0.00
Modify  | 0          | 0          | 0          |   0.0 |  0.00
Other   |            | 1.04e-06   |            |       |100.00

Nlocal:            216 ave         216 max         216 min
Histogram: 1 0 0 0 0 0 0 0 0 0
Nghost:            883 ave         883 max         883 min
Histogram: 1 0 0 0 0 0 0 0 0 0
Neighs:              0 ave           0 max           0 min
Histogram: 1 0 0 0 0 0 0 0 0 0
FullNghs:         7344 ave        7344 max        7344 min
Histogram: 1 0 0 0 0 0 0 0 0 0

Total # of neighbors = 7344
Ave neighs/atom = 34
Neighbor list builds = 0
Dangerous builds = 0
next i
jump SELF loop_struct
clear
  using 1 OpenMP thread(s) per MPI task
log energies.log append
units metal
boundary p p p
atom_style atomic
read_data Si333_${i}.in
read_data Si333_74.in
Reading data file ...
  orthogonal box = (0 0 0) to (16.331106 16.331106 16.331106)
  1 by 1 by 1 MPI processor grid
  reading atoms ...
  216 atoms
  reading velocities ...
  216 velocities
  read_data CPU = 0.001 seconds
mass 1 28.085
pair_style sw
pair_coeff * * Si.sw Si
Reading sw potential file Si.sw with DATE: 2007-06-11
run 0
WARNING: No fixes with time integration, atoms won't move (src/verlet.cpp:60)
Neighbor list info ...
  update: every = 1 steps, delay = 0 steps, check = yes
  max neighbors/atom: 2000, page size: 100000
  master list distance cutoff = 5.77118
  ghost atom cutoff = 5.77118
  binsize = 2.88559, bins = 6 6 6
  1 neighbor lists, perpetual/occasional/extra = 1 0 0
  (1) pair sw, perpetual
      attributes: full, newton on
      pair build: full/bin/atomonly
      stencil: full/bin/3d
      bin: standard
Per MPI rank memory allocation (min/avg/max) = 3.083 | 3.083 | 3.083 Mbytes
   Step          Temp          E_pair         E_mol          TotEng         Press     
         0   0             -935.23621      0             -935.23621     -6651.9005    
Loop time of 1.03e-06 on 1 procs for 0 steps with 216 atoms

97.1% CPU use with 1 MPI tasks x 1 OpenMP threads

MPI task timing breakdown:
Section |  min time  |  avg time  |  max time  |%varavg| %total
---------------------------------------------------------------
Pair    | 0          | 0          | 0          |   0.0 |  0.00
Neigh   | 0          | 0          | 0          |   0.0 |  0.00
Comm    | 0          | 0          | 0          |   0.0 |  0.00
Output  | 0          | 0          | 0          |   0.0 |  0.00
Modify  | 0          | 0          | 0          |   0.0 |  0.00
Other   |            | 1.03e-06   |            |       |100.00

Nlocal:            216 ave         216 max         216 min
Histogram: 1 0 0 0 0 0 0 0 0 0
Nghost:            834 ave         834 max         834 min
Histogram: 1 0 0 0 0 0 0 0 0 0
Neighs:              0 ave           0 max           0 min
Histogram: 1 0 0 0 0 0 0 0 0 0
FullNghs:         7344 ave        7344 max        7344 min
Histogram: 1 0 0 0 0 0 0 0 0 0

Total # of neighbors = 7344
Ave neighs/atom = 34
Neighbor list builds = 0
Dangerous builds = 0
next i
jump SELF loop_struct
clear
  using 1 OpenMP thread(s) per MPI task
log energies.log append
units metal
boundary p p p
atom_style atomic
read_data Si333_${i}.in
read_data Si333_75.in
Reading data file ...
  orthogonal box = (0 0 0) to (16.331106 16.331106 16.331106)
  1 by 1 by 1 MPI processor grid
  reading atoms ...
  216 atoms
  reading velocities ...
  216 velocities
  read_data CPU = 0.001 seconds
mass 1 28.085
pair_style sw
pair_coeff * * Si.sw Si
Reading sw potential file Si.sw with DATE: 2007-06-11
run 0
WARNING: No fixes with time integration, atoms won't move (src/verlet.cpp:60)
Neighbor list info ...
  update: every = 1 steps, delay = 0 steps, check = yes
  max neighbors/atom: 2000, page size: 100000
  master list distance cutoff = 5.77118
  ghost atom cutoff = 5.77118
  binsize = 2.88559, bins = 6 6 6
  1 neighbor lists, perpetual/occasional/extra = 1 0 0
  (1) pair sw, perpetual
      attributes: full, newton on
      pair build: full/bin/atomonly
      stencil: full/bin/3d
      bin: standard
Per MPI rank memory allocation (min/avg/max) = 3.09 | 3.09 | 3.09 Mbytes
   Step          Temp          E_pair         E_mol          TotEng         Press     
         0   0             -935.45287      0             -935.45287     -6731.5561    
Loop time of 1.03e-06 on 1 procs for 0 steps with 216 atoms

97.1% CPU use with 1 MPI tasks x 1 OpenMP threads

MPI task timing breakdown:
Section |  min time  |  avg time  |  max time  |%varavg| %total
---------------------------------------------------------------
Pair    | 0          | 0          | 0          |   0.0 |  0.00
Neigh   | 0          | 0          | 0          |   0.0 |  0.00
Comm    | 0          | 0          | 0          |   0.0 |  0.00
Output  | 0          | 0          | 0          |   0.0 |  0.00
Modify  | 0          | 0          | 0          |   0.0 |  0.00
Other   |            | 1.03e-06   |            |       |100.00

Nlocal:            216 ave         216 max         216 min
Histogram: 1 0 0 0 0 0 0 0 0 0
Nghost:            889 ave         889 max         889 min
Histogram: 1 0 0 0 0 0 0 0 0 0
Neighs:              0 ave           0 max           0 min
Histogram: 1 0 0 0 0 0 0 0 0 0
FullNghs:         7344 ave        7344 max        7344 min
Histogram: 1 0 0 0 0 0 0 0 0 0

Total # of neighbors = 7344
Ave neighs/atom = 34
Neighbor list builds = 0
Dangerous builds = 0
next i
jump SELF loop_struct
clear
  using 1 OpenMP thread(s) per MPI task
log energies.log append
units metal
boundary p p p
atom_style atomic
read_data Si333_${i}.in
read_data Si333_76.in
Reading data file ...
  orthogonal box = (0 0 0) to (16.331106 16.331106 16.331106)
  1 by 1 by 1 MPI processor grid
  reading atoms ...
  216 atoms
  reading velocities ...
  216 velocities
  read_data CPU = 0.001 seconds
mass 1 28.085
pair_style sw
pair_coeff * * Si.sw Si
Reading sw potential file Si.sw with DATE: 2007-06-11
run 0
WARNING: No fixes with time integration, atoms won't move (src/verlet.cpp:60)
Neighbor list info ...
  update: every = 1 steps, delay = 0 steps, check = yes
  max neighbors/atom: 2000, page size: 100000
  master list distance cutoff = 5.77118
  ghost atom cutoff = 5.77118
  binsize = 2.88559, bins = 6 6 6
  1 neighbor lists, perpetual/occasional/extra = 1 0 0
  (1) pair sw, perpetual
      attributes: full, newton on
      pair build: full/bin/atomonly
      stencil: full/bin/3d
      bin: standard
Per MPI rank memory allocation (min/avg/max) = 3.083 | 3.083 | 3.083 Mbytes
   Step          Temp          E_pair         E_mol          TotEng         Press     
         0   0             -935.19848      0             -935.19848     -6654.3525    
Loop time of 1.04e-06 on 1 procs for 0 steps with 216 atoms

96.2% CPU use with 1 MPI tasks x 1 OpenMP threads

MPI task timing breakdown:
Section |  min time  |  avg time  |  max time  |%varavg| %total
---------------------------------------------------------------
Pair    | 0          | 0          | 0          |   0.0 |  0.00
Neigh   | 0          | 0          | 0          |   0.0 |  0.00
Comm    | 0          | 0          | 0          |   0.0 |  0.00
Output  | 0          | 0          | 0          |   0.0 |  0.00
Modify  | 0          | 0          | 0          |   0.0 |  0.00
Other   |            | 1.04e-06   |            |       |100.00

Nlocal:            216 ave         216 max         216 min
Histogram: 1 0 0 0 0 0 0 0 0 0
Nghost:            844 ave         844 max         844 min
Histogram: 1 0 0 0 0 0 0 0 0 0
Neighs:              0 ave           0 max           0 min
Histogram: 1 0 0 0 0 0 0 0 0 0
FullNghs:         7344 ave        7344 max        7344 min
Histogram: 1 0 0 0 0 0 0 0 0 0

Total # of neighbors = 7344
Ave neighs/atom = 34
Neighbor list builds = 0
Dangerous builds = 0
next i
jump SELF loop_struct
clear
  using 1 OpenMP thread(s) per MPI task
log energies.log append
units metal
boundary p p p
atom_style atomic
read_data Si333_${i}.in
read_data Si333_77.in
Reading data file ...
  orthogonal box = (0 0 0) to (16.331106 16.331106 16.331106)
  1 by 1 by 1 MPI processor grid
  reading atoms ...
  216 atoms
  reading velocities ...
  216 velocities
  read_data CPU = 0.001 seconds
mass 1 28.085
pair_style sw
pair_coeff * * Si.sw Si
Reading sw potential file Si.sw with DATE: 2007-06-11
run 0
WARNING: No fixes with time integration, atoms won't move (src/verlet.cpp:60)
Neighbor list info ...
  update: every = 1 steps, delay = 0 steps, check = yes
  max neighbors/atom: 2000, page size: 100000
  master list distance cutoff = 5.77118
  ghost atom cutoff = 5.77118
  binsize = 2.88559, bins = 6 6 6
  1 neighbor lists, perpetual/occasional/extra = 1 0 0
  (1) pair sw, perpetual
      attributes: full, newton on
      pair build: full/bin/atomonly
      stencil: full/bin/3d
      bin: standard
Per MPI rank memory allocation (min/avg/max) = 3.084 | 3.084 | 3.084 Mbytes
   Step          Temp          E_pair         E_mol          TotEng         Press     
         0   0             -935.41363      0             -935.41363     -6705.1458    
Loop time of 1.05e-06 on 1 procs for 0 steps with 216 atoms

0.0% CPU use with 1 MPI tasks x 1 OpenMP threads

MPI task timing breakdown:
Section |  min time  |  avg time  |  max time  |%varavg| %total
---------------------------------------------------------------
Pair    | 0          | 0          | 0          |   0.0 |  0.00
Neigh   | 0          | 0          | 0          |   0.0 |  0.00
Comm    | 0          | 0          | 0          |   0.0 |  0.00
Output  | 0          | 0          | 0          |   0.0 |  0.00
Modify  | 0          | 0          | 0          |   0.0 |  0.00
Other   |            | 1.05e-06   |            |       |100.00

Nlocal:            216 ave         216 max         216 min
Histogram: 1 0 0 0 0 0 0 0 0 0
Nghost:            873 ave         873 max         873 min
Histogram: 1 0 0 0 0 0 0 0 0 0
Neighs:              0 ave           0 max           0 min
Histogram: 1 0 0 0 0 0 0 0 0 0
FullNghs:         7344 ave        7344 max        7344 min
Histogram: 1 0 0 0 0 0 0 0 0 0

Total # of neighbors = 7344
Ave neighs/atom = 34
Neighbor list builds = 0
Dangerous builds = 0
next i
jump SELF loop_struct
clear
  using 1 OpenMP thread(s) per MPI task
log energies.log append
units metal
boundary p p p
atom_style atomic
read_data Si333_${i}.in
read_data Si333_78.in
Reading data file ...
  orthogonal box = (0 0 0) to (16.331106 16.331106 16.331106)
  1 by 1 by 1 MPI processor grid
  reading atoms ...
  216 atoms
  reading velocities ...
  216 velocities
  read_data CPU = 0.001 seconds
mass 1 28.085
pair_style sw
pair_coeff * * Si.sw Si
Reading sw potential file Si.sw with DATE: 2007-06-11
run 0
WARNING: No fixes with time integration, atoms won't move (src/verlet.cpp:60)
Neighbor list info ...
  update: every = 1 steps, delay = 0 steps, check = yes
  max neighbors/atom: 2000, page size: 100000
  master list distance cutoff = 5.77118
  ghost atom cutoff = 5.77118
  binsize = 2.88559, bins = 6 6 6
  1 neighbor lists, perpetual/occasional/extra = 1 0 0
  (1) pair sw, perpetual
      attributes: full, newton on
      pair build: full/bin/atomonly
      stencil: full/bin/3d
      bin: standard
Per MPI rank memory allocation (min/avg/max) = 3.088 | 3.088 | 3.088 Mbytes
   Step          Temp          E_pair         E_mol          TotEng         Press     
         0   0             -935.35283      0             -935.35283     -6701.9422    
Loop time of 1.05e-06 on 1 procs for 0 steps with 216 atoms

95.2% CPU use with 1 MPI tasks x 1 OpenMP threads

MPI task timing breakdown:
Section |  min time  |  avg time  |  max time  |%varavg| %total
---------------------------------------------------------------
Pair    | 0          | 0          | 0          |   0.0 |  0.00
Neigh   | 0          | 0          | 0          |   0.0 |  0.00
Comm    | 0          | 0          | 0          |   0.0 |  0.00
Output  | 0          | 0          | 0          |   0.0 |  0.00
Modify  | 0          | 0          | 0          |   0.0 |  0.00
Other   |            | 1.05e-06   |            |       |100.00

Nlocal:            216 ave         216 max         216 min
Histogram: 1 0 0 0 0 0 0 0 0 0
Nghost:            939 ave         939 max         939 min
Histogram: 1 0 0 0 0 0 0 0 0 0
Neighs:              0 ave           0 max           0 min
Histogram: 1 0 0 0 0 0 0 0 0 0
FullNghs:         7344 ave        7344 max        7344 min
Histogram: 1 0 0 0 0 0 0 0 0 0

Total # of neighbors = 7344
Ave neighs/atom = 34
Neighbor list builds = 0
Dangerous builds = 0
next i
jump SELF loop_struct
clear
  using 1 OpenMP thread(s) per MPI task
log energies.log append
units metal
boundary p p p
atom_style atomic
read_data Si333_${i}.in
read_data Si333_79.in
Reading data file ...
  orthogonal box = (0 0 0) to (16.331106 16.331106 16.331106)
  1 by 1 by 1 MPI processor grid
  reading atoms ...
  216 atoms
  reading velocities ...
  216 velocities
  read_data CPU = 0.001 seconds
mass 1 28.085
pair_style sw
pair_coeff * * Si.sw Si
Reading sw potential file Si.sw with DATE: 2007-06-11
run 0
WARNING: No fixes with time integration, atoms won't move (src/verlet.cpp:60)
Neighbor list info ...
  update: every = 1 steps, delay = 0 steps, check = yes
  max neighbors/atom: 2000, page size: 100000
  master list distance cutoff = 5.77118
  ghost atom cutoff = 5.77118
  binsize = 2.88559, bins = 6 6 6
  1 neighbor lists, perpetual/occasional/extra = 1 0 0
  (1) pair sw, perpetual
      attributes: full, newton on
      pair build: full/bin/atomonly
      stencil: full/bin/3d
      bin: standard
Per MPI rank memory allocation (min/avg/max) = 3.084 | 3.084 | 3.084 Mbytes
   Step          Temp          E_pair         E_mol          TotEng         Press     
         0   0             -935.27694      0             -935.27694     -6672.7203    
Loop time of 1.07e-06 on 1 procs for 0 steps with 216 atoms

0.0% CPU use with 1 MPI tasks x 1 OpenMP threads

MPI task timing breakdown:
Section |  min time  |  avg time  |  max time  |%varavg| %total
---------------------------------------------------------------
Pair    | 0          | 0          | 0          |   0.0 |  0.00
Neigh   | 0          | 0          | 0          |   0.0 |  0.00
Comm    | 0          | 0          | 0          |   0.0 |  0.00
Output  | 0          | 0          | 0          |   0.0 |  0.00
Modify  | 0          | 0          | 0          |   0.0 |  0.00
Other   |            | 1.07e-06   |            |       |100.00

Nlocal:            216 ave         216 max         216 min
Histogram: 1 0 0 0 0 0 0 0 0 0
Nghost:            889 ave         889 max         889 min
Histogram: 1 0 0 0 0 0 0 0 0 0
Neighs:              0 ave           0 max           0 min
Histogram: 1 0 0 0 0 0 0 0 0 0
FullNghs:         7344 ave        7344 max        7344 min
Histogram: 1 0 0 0 0 0 0 0 0 0

Total # of neighbors = 7344
Ave neighs/atom = 34
Neighbor list builds = 0
Dangerous builds = 0
next i
jump SELF loop_struct
clear
  using 1 OpenMP thread(s) per MPI task
log energies.log append
units metal
boundary p p p
atom_style atomic
read_data Si333_${i}.in
read_data Si333_80.in
Reading data file ...
  orthogonal box = (0 0 0) to (16.331106 16.331106 16.331106)
  1 by 1 by 1 MPI processor grid
  reading atoms ...
  216 atoms
  reading velocities ...
  216 velocities
  read_data CPU = 0.001 seconds
mass 1 28.085
pair_style sw
pair_coeff * * Si.sw Si
Reading sw potential file Si.sw with DATE: 2007-06-11
run 0
WARNING: No fixes with time integration, atoms won't move (src/verlet.cpp:60)
Neighbor list info ...
  update: every = 1 steps, delay = 0 steps, check = yes
  max neighbors/atom: 2000, page size: 100000
  master list distance cutoff = 5.77118
  ghost atom cutoff = 5.77118
  binsize = 2.88559, bins = 6 6 6
  1 neighbor lists, perpetual/occasional/extra = 1 0 0
  (1) pair sw, perpetual
      attributes: full, newton on
      pair build: full/bin/atomonly
      stencil: full/bin/3d
      bin: standard
Per MPI rank memory allocation (min/avg/max) = 3.081 | 3.081 | 3.081 Mbytes
   Step          Temp          E_pair         E_mol          TotEng         Press     
         0   0             -935.28423      0             -935.28423     -6686.6918    
Loop time of 1.05e-06 on 1 procs for 0 steps with 216 atoms

95.2% CPU use with 1 MPI tasks x 1 OpenMP threads

MPI task timing breakdown:
Section |  min time  |  avg time  |  max time  |%varavg| %total
---------------------------------------------------------------
Pair    | 0          | 0          | 0          |   0.0 |  0.00
Neigh   | 0          | 0          | 0          |   0.0 |  0.00
Comm    | 0          | 0          | 0          |   0.0 |  0.00
Output  | 0          | 0          | 0          |   0.0 |  0.00
Modify  | 0          | 0          | 0          |   0.0 |  0.00
Other   |            | 1.05e-06   |            |       |100.00

Nlocal:            216 ave         216 max         216 min
Histogram: 1 0 0 0 0 0 0 0 0 0
Nghost:            784 ave         784 max         784 min
Histogram: 1 0 0 0 0 0 0 0 0 0
Neighs:              0 ave           0 max           0 min
Histogram: 1 0 0 0 0 0 0 0 0 0
FullNghs:         7344 ave        7344 max        7344 min
Histogram: 1 0 0 0 0 0 0 0 0 0

Total # of neighbors = 7344
Ave neighs/atom = 34
Neighbor list builds = 0
Dangerous builds = 0
next i
jump SELF loop_struct
clear
  using 1 OpenMP thread(s) per MPI task
log energies.log append
units metal
boundary p p p
atom_style atomic
read_data Si333_${i}.in
read_data Si333_81.in
Reading data file ...
  orthogonal box = (0 0 0) to (16.331106 16.331106 16.331106)
  1 by 1 by 1 MPI processor grid
  reading atoms ...
  216 atoms
  reading velocities ...
  216 velocities
  read_data CPU = 0.001 seconds
mass 1 28.085
pair_style sw
pair_coeff * * Si.sw Si
Reading sw potential file Si.sw with DATE: 2007-06-11
run 0
WARNING: No fixes with time integration, atoms won't move (src/verlet.cpp:60)
Neighbor list info ...
  update: every = 1 steps, delay = 0 steps, check = yes
  max neighbors/atom: 2000, page size: 100000
  master list distance cutoff = 5.77118
  ghost atom cutoff = 5.77118
  binsize = 2.88559, bins = 6 6 6
  1 neighbor lists, perpetual/occasional/extra = 1 0 0
  (1) pair sw, perpetual
      attributes: full, newton on
      pair build: full/bin/atomonly
      stencil: full/bin/3d
      bin: standard
Per MPI rank memory allocation (min/avg/max) = 3.09 | 3.09 | 3.09 Mbytes
   Step          Temp          E_pair         E_mol          TotEng         Press     
         0   0             -935.3533       0             -935.3533      -6708.1234    
Loop time of 1.05e-06 on 1 procs for 0 steps with 216 atoms

95.2% CPU use with 1 MPI tasks x 1 OpenMP threads

MPI task timing breakdown:
Section |  min time  |  avg time  |  max time  |%varavg| %total
---------------------------------------------------------------
Pair    | 0          | 0          | 0          |   0.0 |  0.00
Neigh   | 0          | 0          | 0          |   0.0 |  0.00
Comm    | 0          | 0          | 0          |   0.0 |  0.00
Output  | 0          | 0          | 0          |   0.0 |  0.00
Modify  | 0          | 0          | 0          |   0.0 |  0.00
Other   |            | 1.05e-06   |            |       |100.00

Nlocal:            216 ave         216 max         216 min
Histogram: 1 0 0 0 0 0 0 0 0 0
Nghost:            889 ave         889 max         889 min
Histogram: 1 0 0 0 0 0 0 0 0 0
Neighs:              0 ave           0 max           0 min
Histogram: 1 0 0 0 0 0 0 0 0 0
FullNghs:         7344 ave        7344 max        7344 min
Histogram: 1 0 0 0 0 0 0 0 0 0

Total # of neighbors = 7344
Ave neighs/atom = 34
Neighbor list builds = 0
Dangerous builds = 0
next i
jump SELF loop_struct
clear
  using 1 OpenMP thread(s) per MPI task
log energies.log append
units metal
boundary p p p
atom_style atomic
read_data Si333_${i}.in
read_data Si333_82.in
Reading data file ...
  orthogonal box = (0 0 0) to (16.331106 16.331106 16.331106)
  1 by 1 by 1 MPI processor grid
  reading atoms ...
  216 atoms
  reading velocities ...
  216 velocities
  read_data CPU = 0.001 seconds
mass 1 28.085
pair_style sw
pair_coeff * * Si.sw Si
Reading sw potential file Si.sw with DATE: 2007-06-11
run 0
WARNING: No fixes with time integration, atoms won't move (src/verlet.cpp:60)
Neighbor list info ...
  update: every = 1 steps, delay = 0 steps, check = yes
  max neighbors/atom: 2000, page size: 100000
  master list distance cutoff = 5.77118
  ghost atom cutoff = 5.77118
  binsize = 2.88559, bins = 6 6 6
  1 neighbor lists, perpetual/occasional/extra = 1 0 0
  (1) pair sw, perpetual
      attributes: full, newton on
      pair build: full/bin/atomonly
      stencil: full/bin/3d
      bin: standard
Per MPI rank memory allocation (min/avg/max) = 3.087 | 3.087 | 3.087 Mbytes
   Step          Temp          E_pair         E_mol          TotEng         Press     
         0   0             -935.21671      0             -935.21671     -6647.8569    
Loop time of 1.14e-06 on 1 procs for 0 steps with 216 atoms

0.0% CPU use with 1 MPI tasks x 1 OpenMP threads

MPI task timing breakdown:
Section |  min time  |  avg time  |  max time  |%varavg| %total
---------------------------------------------------------------
Pair    | 0          | 0          | 0          |   0.0 |  0.00
Neigh   | 0          | 0          | 0          |   0.0 |  0.00
Comm    | 0          | 0          | 0          |   0.0 |  0.00
Output  | 0          | 0          | 0          |   0.0 |  0.00
Modify  | 0          | 0          | 0          |   0.0 |  0.00
Other   |            | 1.14e-06   |            |       |100.00

Nlocal:            216 ave         216 max         216 min
Histogram: 1 0 0 0 0 0 0 0 0 0
Nghost:            922 ave         922 max         922 min
Histogram: 1 0 0 0 0 0 0 0 0 0
Neighs:              0 ave           0 max           0 min
Histogram: 1 0 0 0 0 0 0 0 0 0
FullNghs:         7344 ave        7344 max        7344 min
Histogram: 1 0 0 0 0 0 0 0 0 0

Total # of neighbors = 7344
Ave neighs/atom = 34
Neighbor list builds = 0
Dangerous builds = 0
next i
jump SELF loop_struct
clear
  using 1 OpenMP thread(s) per MPI task
log energies.log append
units metal
boundary p p p
atom_style atomic
read_data Si333_${i}.in
read_data Si333_83.in
Reading data file ...
  orthogonal box = (0 0 0) to (16.331106 16.331106 16.331106)
  1 by 1 by 1 MPI processor grid
  reading atoms ...
  216 atoms
  reading velocities ...
  216 velocities
  read_data CPU = 0.001 seconds
mass 1 28.085
pair_style sw
pair_coeff * * Si.sw Si
Reading sw potential file Si.sw with DATE: 2007-06-11
run 0
WARNING: No fixes with time integration, atoms won't move (src/verlet.cpp:60)
Neighbor list info ...
  update: every = 1 steps, delay = 0 steps, check = yes
  max neighbors/atom: 2000, page size: 100000
  master list distance cutoff = 5.77118
  ghost atom cutoff = 5.77118
  binsize = 2.88559, bins = 6 6 6
  1 neighbor lists, perpetual/occasional/extra = 1 0 0
  (1) pair sw, perpetual
      attributes: full, newton on
      pair build: full/bin/atomonly
      stencil: full/bin/3d
      bin: standard
Per MPI rank memory allocation (min/avg/max) = 3.084 | 3.084 | 3.084 Mbytes
   Step          Temp          E_pair         E_mol          TotEng         Press     
         0   0             -935.18424      0             -935.18424     -6629.0753    
Loop time of 1.04e-06 on 1 procs for 0 steps with 216 atoms

0.0% CPU use with 1 MPI tasks x 1 OpenMP threads

MPI task timing breakdown:
Section |  min time  |  avg time  |  max time  |%varavg| %total
---------------------------------------------------------------
Pair    | 0          | 0          | 0          |   0.0 |  0.00
Neigh   | 0          | 0          | 0          |   0.0 |  0.00
Comm    | 0          | 0          | 0          |   0.0 |  0.00
Output  | 0          | 0          | 0          |   0.0 |  0.00
Modify  | 0          | 0          | 0          |   0.0 |  0.00
Other   |            | 1.04e-06   |            |       |100.00

Nlocal:            216 ave         216 max         216 min
Histogram: 1 0 0 0 0 0 0 0 0 0
Nghost:            884 ave         884 max         884 min
Histogram: 1 0 0 0 0 0 0 0 0 0
Neighs:              0 ave           0 max           0 min
Histogram: 1 0 0 0 0 0 0 0 0 0
FullNghs:         7344 ave        7344 max        7344 min
Histogram: 1 0 0 0 0 0 0 0 0 0

Total # of neighbors = 7344
Ave neighs/atom = 34
Neighbor list builds = 0
Dangerous builds = 0
next i
jump SELF loop_struct
clear
  using 1 OpenMP thread(s) per MPI task
log energies.log append
units metal
boundary p p p
atom_style atomic
read_data Si333_${i}.in
read_data Si333_84.in
Reading data file ...
  orthogonal box = (0 0 0) to (16.331106 16.331106 16.331106)
  1 by 1 by 1 MPI processor grid
  reading atoms ...
  216 atoms
  reading velocities ...
  216 velocities
  read_data CPU = 0.001 seconds
mass 1 28.085
pair_style sw
pair_coeff * * Si.sw Si
Reading sw potential file Si.sw with DATE: 2007-06-11
run 0
WARNING: No fixes with time integration, atoms won't move (src/verlet.cpp:60)
Neighbor list info ...
  update: every = 1 steps, delay = 0 steps, check = yes
  max neighbors/atom: 2000, page size: 100000
  master list distance cutoff = 5.77118
  ghost atom cutoff = 5.77118
  binsize = 2.88559, bins = 6 6 6
  1 neighbor lists, perpetual/occasional/extra = 1 0 0
  (1) pair sw, perpetual
      attributes: full, newton on
      pair build: full/bin/atomonly
      stencil: full/bin/3d
      bin: standard
Per MPI rank memory allocation (min/avg/max) = 3.086 | 3.086 | 3.086 Mbytes
   Step          Temp          E_pair         E_mol          TotEng         Press     
         0   0             -935.2227       0             -935.2227      -6658.0526    
Loop time of 1.08e-06 on 1 procs for 0 steps with 216 atoms

92.6% CPU use with 1 MPI tasks x 1 OpenMP threads

MPI task timing breakdown:
Section |  min time  |  avg time  |  max time  |%varavg| %total
---------------------------------------------------------------
Pair    | 0          | 0          | 0          |   0.0 |  0.00
Neigh   | 0          | 0          | 0          |   0.0 |  0.00
Comm    | 0          | 0          | 0          |   0.0 |  0.00
Output  | 0          | 0          | 0          |   0.0 |  0.00
Modify  | 0          | 0          | 0          |   0.0 |  0.00
Other   |            | 1.08e-06   |            |       |100.00

Nlocal:            216 ave         216 max         216 min
Histogram: 1 0 0 0 0 0 0 0 0 0
Nghost:            878 ave         878 max         878 min
Histogram: 1 0 0 0 0 0 0 0 0 0
Neighs:              0 ave           0 max           0 min
Histogram: 1 0 0 0 0 0 0 0 0 0
FullNghs:         7344 ave        7344 max        7344 min
Histogram: 1 0 0 0 0 0 0 0 0 0

Total # of neighbors = 7344
Ave neighs/atom = 34
Neighbor list builds = 0
Dangerous builds = 0
next i
jump SELF loop_struct
clear
  using 1 OpenMP thread(s) per MPI task
log energies.log append
units metal
boundary p p p
atom_style atomic
read_data Si333_${i}.in
read_data Si333_85.in
Reading data file ...
  orthogonal box = (0 0 0) to (16.331106 16.331106 16.331106)
  1 by 1 by 1 MPI processor grid
  reading atoms ...
  216 atoms
  reading velocities ...
  216 velocities
  read_data CPU = 0.001 seconds
mass 1 28.085
pair_style sw
pair_coeff * * Si.sw Si
Reading sw potential file Si.sw with DATE: 2007-06-11
run 0
WARNING: No fixes with time integration, atoms won't move (src/verlet.cpp:60)
Neighbor list info ...
  update: every = 1 steps, delay = 0 steps, check = yes
  max neighbors/atom: 2000, page size: 100000
  master list distance cutoff = 5.77118
  ghost atom cutoff = 5.77118
  binsize = 2.88559, bins = 6 6 6
  1 neighbor lists, perpetual/occasional/extra = 1 0 0
  (1) pair sw, perpetual
      attributes: full, newton on
      pair build: full/bin/atomonly
      stencil: full/bin/3d
      bin: standard
Per MPI rank memory allocation (min/avg/max) = 3.089 | 3.089 | 3.089 Mbytes
   Step          Temp          E_pair         E_mol          TotEng         Press     
         0   0             -935.33612      0             -935.33612     -6686.2127    
Loop time of 1.05e-06 on 1 procs for 0 steps with 216 atoms

95.2% CPU use with 1 MPI tasks x 1 OpenMP threads

MPI task timing breakdown:
Section |  min time  |  avg time  |  max time  |%varavg| %total
---------------------------------------------------------------
Pair    | 0          | 0          | 0          |   0.0 |  0.00
Neigh   | 0          | 0          | 0          |   0.0 |  0.00
Comm    | 0          | 0          | 0          |   0.0 |  0.00
Output  | 0          | 0          | 0          |   0.0 |  0.00
Modify  | 0          | 0          | 0          |   0.0 |  0.00
Other   |            | 1.05e-06   |            |       |100.00

Nlocal:            216 ave         216 max         216 min
Histogram: 1 0 0 0 0 0 0 0 0 0
Nghost:            882 ave         882 max         882 min
Histogram: 1 0 0 0 0 0 0 0 0 0
Neighs:              0 ave           0 max           0 min
Histogram: 1 0 0 0 0 0 0 0 0 0
FullNghs:         7344 ave        7344 max        7344 min
Histogram: 1 0 0 0 0 0 0 0 0 0

Total # of neighbors = 7344
Ave neighs/atom = 34
Neighbor list builds = 0
Dangerous builds = 0
next i
jump SELF loop_struct
clear
  using 1 OpenMP thread(s) per MPI task
log energies.log append
units metal
boundary p p p
atom_style atomic
read_data Si333_${i}.in
read_data Si333_86.in
Reading data file ...
  orthogonal box = (0 0 0) to (16.331106 16.331106 16.331106)
  1 by 1 by 1 MPI processor grid
  reading atoms ...
  216 atoms
  reading velocities ...
  216 velocities
  read_data CPU = 0.001 seconds
mass 1 28.085
pair_style sw
pair_coeff * * Si.sw Si
Reading sw potential file Si.sw with DATE: 2007-06-11
run 0
WARNING: No fixes with time integration, atoms won't move (src/verlet.cpp:60)
Neighbor list info ...
  update: every = 1 steps, delay = 0 steps, check = yes
  max neighbors/atom: 2000, page size: 100000
  master list distance cutoff = 5.77118
  ghost atom cutoff = 5.77118
  binsize = 2.88559, bins = 6 6 6
  1 neighbor lists, perpetual/occasional/extra = 1 0 0
  (1) pair sw, perpetual
      attributes: full, newton on
      pair build: full/bin/atomonly
      stencil: full/bin/3d
      bin: standard
Per MPI rank memory allocation (min/avg/max) = 3.085 | 3.085 | 3.085 Mbytes
   Step          Temp          E_pair         E_mol          TotEng         Press     
         0   0             -935.2499       0             -935.2499      -6663.0634    
Loop time of 1.05e-06 on 1 procs for 0 steps with 216 atoms

95.2% CPU use with 1 MPI tasks x 1 OpenMP threads

MPI task timing breakdown:
Section |  min time  |  avg time  |  max time  |%varavg| %total
---------------------------------------------------------------
Pair    | 0          | 0          | 0          |   0.0 |  0.00
Neigh   | 0          | 0          | 0          |   0.0 |  0.00
Comm    | 0          | 0          | 0          |   0.0 |  0.00
Output  | 0          | 0          | 0          |   0.0 |  0.00
Modify  | 0          | 0          | 0          |   0.0 |  0.00
Other   |            | 1.05e-06   |            |       |100.00

Nlocal:            216 ave         216 max         216 min
Histogram: 1 0 0 0 0 0 0 0 0 0
Nghost:            834 ave         834 max         834 min
Histogram: 1 0 0 0 0 0 0 0 0 0
Neighs:              0 ave           0 max           0 min
Histogram: 1 0 0 0 0 0 0 0 0 0
FullNghs:         7344 ave        7344 max        7344 min
Histogram: 1 0 0 0 0 0 0 0 0 0

Total # of neighbors = 7344
Ave neighs/atom = 34
Neighbor list builds = 0
Dangerous builds = 0
next i
jump SELF loop_struct
clear
  using 1 OpenMP thread(s) per MPI task
log energies.log append
units metal
boundary p p p
atom_style atomic
read_data Si333_${i}.in
read_data Si333_87.in
Reading data file ...
  orthogonal box = (0 0 0) to (16.331106 16.331106 16.331106)
  1 by 1 by 1 MPI processor grid
  reading atoms ...
  216 atoms
  reading velocities ...
  216 velocities
  read_data CPU = 0.001 seconds
mass 1 28.085
pair_style sw
pair_coeff * * Si.sw Si
Reading sw potential file Si.sw with DATE: 2007-06-11
run 0
WARNING: No fixes with time integration, atoms won't move (src/verlet.cpp:60)
Neighbor list info ...
  update: every = 1 steps, delay = 0 steps, check = yes
  max neighbors/atom: 2000, page size: 100000
  master list distance cutoff = 5.77118
  ghost atom cutoff = 5.77118
  binsize = 2.88559, bins = 6 6 6
  1 neighbor lists, perpetual/occasional/extra = 1 0 0
  (1) pair sw, perpetual
      attributes: full, newton on
      pair build: full/bin/atomonly
      stencil: full/bin/3d
      bin: standard
Per MPI rank memory allocation (min/avg/max) = 3.083 | 3.083 | 3.083 Mbytes
   Step          Temp          E_pair         E_mol          TotEng         Press     
         0   0             -935.11745      0             -935.11745     -6611.3484    
Loop time of 1.05e-06 on 1 procs for 0 steps with 216 atoms

95.2% CPU use with 1 MPI tasks x 1 OpenMP threads

MPI task timing breakdown:
Section |  min time  |  avg time  |  max time  |%varavg| %total
---------------------------------------------------------------
Pair    | 0          | 0          | 0          |   0.0 |  0.00
Neigh   | 0          | 0          | 0          |   0.0 |  0.00
Comm    | 0          | 0          | 0          |   0.0 |  0.00
Output  | 0          | 0          | 0          |   0.0 |  0.00
Modify  | 0          | 0          | 0          |   0.0 |  0.00
Other   |            | 1.05e-06   |            |       |100.00

Nlocal:            216 ave         216 max         216 min
Histogram: 1 0 0 0 0 0 0 0 0 0
Nghost:            834 ave         834 max         834 min
Histogram: 1 0 0 0 0 0 0 0 0 0
Neighs:              0 ave           0 max           0 min
Histogram: 1 0 0 0 0 0 0 0 0 0
FullNghs:         7344 ave        7344 max        7344 min
Histogram: 1 0 0 0 0 0 0 0 0 0

Total # of neighbors = 7344
Ave neighs/atom = 34
Neighbor list builds = 0
Dangerous builds = 0
next i
jump SELF loop_struct
clear
  using 1 OpenMP thread(s) per MPI task
log energies.log append
units metal
boundary p p p
atom_style atomic
read_data Si333_${i}.in
read_data Si333_88.in
Reading data file ...
  orthogonal box = (0 0 0) to (16.331106 16.331106 16.331106)
  1 by 1 by 1 MPI processor grid
  reading atoms ...
  216 atoms
  reading velocities ...
  216 velocities
  read_data CPU = 0.001 seconds
mass 1 28.085
pair_style sw
pair_coeff * * Si.sw Si
Reading sw potential file Si.sw with DATE: 2007-06-11
run 0
WARNING: No fixes with time integration, atoms won't move (src/verlet.cpp:60)
Neighbor list info ...
  update: every = 1 steps, delay = 0 steps, check = yes
  max neighbors/atom: 2000, page size: 100000
  master list distance cutoff = 5.77118
  ghost atom cutoff = 5.77118
  binsize = 2.88559, bins = 6 6 6
  1 neighbor lists, perpetual/occasional/extra = 1 0 0
  (1) pair sw, perpetual
      attributes: full, newton on
      pair build: full/bin/atomonly
      stencil: full/bin/3d
      bin: standard
Per MPI rank memory allocation (min/avg/max) = 3.087 | 3.087 | 3.087 Mbytes
   Step          Temp          E_pair         E_mol          TotEng         Press     
         0   0             -935.22773      0             -935.22773     -6656.0624    
Loop time of 1.04e-06 on 1 procs for 0 steps with 216 atoms

96.2% CPU use with 1 MPI tasks x 1 OpenMP threads

MPI task timing breakdown:
Section |  min time  |  avg time  |  max time  |%varavg| %total
---------------------------------------------------------------
Pair    | 0          | 0          | 0          |   0.0 |  0.00
Neigh   | 0          | 0          | 0          |   0.0 |  0.00
Comm    | 0          | 0          | 0          |   0.0 |  0.00
Output  | 0          | 0          | 0          |   0.0 |  0.00
Modify  | 0          | 0          | 0          |   0.0 |  0.00
Other   |            | 1.04e-06   |            |       |100.00

Nlocal:            216 ave         216 max         216 min
Histogram: 1 0 0 0 0 0 0 0 0 0
Nghost:            889 ave         889 max         889 min
Histogram: 1 0 0 0 0 0 0 0 0 0
Neighs:              0 ave           0 max           0 min
Histogram: 1 0 0 0 0 0 0 0 0 0
FullNghs:         7344 ave        7344 max        7344 min
Histogram: 1 0 0 0 0 0 0 0 0 0

Total # of neighbors = 7344
Ave neighs/atom = 34
Neighbor list builds = 0
Dangerous builds = 0
next i
jump SELF loop_struct
clear
  using 1 OpenMP thread(s) per MPI task
log energies.log append
units metal
boundary p p p
atom_style atomic
read_data Si333_${i}.in
read_data Si333_89.in
Reading data file ...
  orthogonal box = (0 0 0) to (16.331106 16.331106 16.331106)
  1 by 1 by 1 MPI processor grid
  reading atoms ...
  216 atoms
  reading velocities ...
  216 velocities
  read_data CPU = 0.001 seconds
mass 1 28.085
pair_style sw
pair_coeff * * Si.sw Si
Reading sw potential file Si.sw with DATE: 2007-06-11
run 0
WARNING: No fixes with time integration, atoms won't move (src/verlet.cpp:60)
Neighbor list info ...
  update: every = 1 steps, delay = 0 steps, check = yes
  max neighbors/atom: 2000, page size: 100000
  master list distance cutoff = 5.77118
  ghost atom cutoff = 5.77118
  binsize = 2.88559, bins = 6 6 6
  1 neighbor lists, perpetual/occasional/extra = 1 0 0
  (1) pair sw, perpetual
      attributes: full, newton on
      pair build: full/bin/atomonly
      stencil: full/bin/3d
      bin: standard
Per MPI rank memory allocation (min/avg/max) = 3.083 | 3.083 | 3.083 Mbytes
   Step          Temp          E_pair         E_mol          TotEng         Press     
         0   0             -935.20078      0             -935.20078     -6645.89      
Loop time of 1.04e-06 on 1 procs for 0 steps with 216 atoms

0.0% CPU use with 1 MPI tasks x 1 OpenMP threads

MPI task timing breakdown:
Section |  min time  |  avg time  |  max time  |%varavg| %total
---------------------------------------------------------------
Pair    | 0          | 0          | 0          |   0.0 |  0.00
Neigh   | 0          | 0          | 0          |   0.0 |  0.00
Comm    | 0          | 0          | 0          |   0.0 |  0.00
Output  | 0          | 0          | 0          |   0.0 |  0.00
Modify  | 0          | 0          | 0          |   0.0 |  0.00
Other   |            | 1.04e-06   |            |       |100.00

Nlocal:            216 ave         216 max         216 min
Histogram: 1 0 0 0 0 0 0 0 0 0
Nghost:            832 ave         832 max         832 min
Histogram: 1 0 0 0 0 0 0 0 0 0
Neighs:              0 ave           0 max           0 min
Histogram: 1 0 0 0 0 0 0 0 0 0
FullNghs:         7344 ave        7344 max        7344 min
Histogram: 1 0 0 0 0 0 0 0 0 0

Total # of neighbors = 7344
Ave neighs/atom = 34
Neighbor list builds = 0
Dangerous builds = 0
next i
jump SELF loop_struct
clear
  using 1 OpenMP thread(s) per MPI task
log energies.log append
units metal
boundary p p p
atom_style atomic
read_data Si333_${i}.in
read_data Si333_90.in
Reading data file ...
  orthogonal box = (0 0 0) to (16.331106 16.331106 16.331106)
  1 by 1 by 1 MPI processor grid
  reading atoms ...
  216 atoms
  reading velocities ...
  216 velocities
  read_data CPU = 0.001 seconds
mass 1 28.085
pair_style sw
pair_coeff * * Si.sw Si
Reading sw potential file Si.sw with DATE: 2007-06-11
run 0
WARNING: No fixes with time integration, atoms won't move (src/verlet.cpp:60)
Neighbor list info ...
  update: every = 1 steps, delay = 0 steps, check = yes
  max neighbors/atom: 2000, page size: 100000
  master list distance cutoff = 5.77118
  ghost atom cutoff = 5.77118
  binsize = 2.88559, bins = 6 6 6
  1 neighbor lists, perpetual/occasional/extra = 1 0 0
  (1) pair sw, perpetual
      attributes: full, newton on
      pair build: full/bin/atomonly
      stencil: full/bin/3d
      bin: standard
Per MPI rank memory allocation (min/avg/max) = 3.084 | 3.084 | 3.084 Mbytes
   Step          Temp          E_pair         E_mol          TotEng         Press     
         0   0             -935.42357      0             -935.42357     -6754.1028    
Loop time of 1.05e-06 on 1 procs for 0 steps with 216 atoms

95.2% CPU use with 1 MPI tasks x 1 OpenMP threads

MPI task timing breakdown:
Section |  min time  |  avg time  |  max time  |%varavg| %total
---------------------------------------------------------------
Pair    | 0          | 0          | 0          |   0.0 |  0.00
Neigh   | 0          | 0          | 0          |   0.0 |  0.00
Comm    | 0          | 0          | 0          |   0.0 |  0.00
Output  | 0          | 0          | 0          |   0.0 |  0.00
Modify  | 0          | 0          | 0          |   0.0 |  0.00
Other   |            | 1.05e-06   |            |       |100.00

Nlocal:            216 ave         216 max         216 min
Histogram: 1 0 0 0 0 0 0 0 0 0
Nghost:            889 ave         889 max         889 min
Histogram: 1 0 0 0 0 0 0 0 0 0
Neighs:              0 ave           0 max           0 min
Histogram: 1 0 0 0 0 0 0 0 0 0
FullNghs:         7344 ave        7344 max        7344 min
Histogram: 1 0 0 0 0 0 0 0 0 0

Total # of neighbors = 7344
Ave neighs/atom = 34
Neighbor list builds = 0
Dangerous builds = 0
next i
jump SELF loop_struct
clear
  using 1 OpenMP thread(s) per MPI task
log energies.log append
units metal
boundary p p p
atom_style atomic
read_data Si333_${i}.in
read_data Si333_91.in
Reading data file ...
  orthogonal box = (0 0 0) to (16.331106 16.331106 16.331106)
  1 by 1 by 1 MPI processor grid
  reading atoms ...
  216 atoms
  reading velocities ...
  216 velocities
  read_data CPU = 0.001 seconds
mass 1 28.085
pair_style sw
pair_coeff * * Si.sw Si
Reading sw potential file Si.sw with DATE: 2007-06-11
run 0
WARNING: No fixes with time integration, atoms won't move (src/verlet.cpp:60)
Neighbor list info ...
  update: every = 1 steps, delay = 0 steps, check = yes
  max neighbors/atom: 2000, page size: 100000
  master list distance cutoff = 5.77118
  ghost atom cutoff = 5.77118
  binsize = 2.88559, bins = 6 6 6
  1 neighbor lists, perpetual/occasional/extra = 1 0 0
  (1) pair sw, perpetual
      attributes: full, newton on
      pair build: full/bin/atomonly
      stencil: full/bin/3d
      bin: standard
Per MPI rank memory allocation (min/avg/max) = 3.088 | 3.088 | 3.088 Mbytes
   Step          Temp          E_pair         E_mol          TotEng         Press     
         0   0             -935.41982      0             -935.41982     -6714.7766    
Loop time of 1.04e-06 on 1 procs for 0 steps with 216 atoms

96.2% CPU use with 1 MPI tasks x 1 OpenMP threads

MPI task timing breakdown:
Section |  min time  |  avg time  |  max time  |%varavg| %total
---------------------------------------------------------------
Pair    | 0          | 0          | 0          |   0.0 |  0.00
Neigh   | 0          | 0          | 0          |   0.0 |  0.00
Comm    | 0          | 0          | 0          |   0.0 |  0.00
Output  | 0          | 0          | 0          |   0.0 |  0.00
Modify  | 0          | 0          | 0          |   0.0 |  0.00
Other   |            | 1.04e-06   |            |       |100.00

Nlocal:            216 ave         216 max         216 min
Histogram: 1 0 0 0 0 0 0 0 0 0
Nghost:            844 ave         844 max         844 min
Histogram: 1 0 0 0 0 0 0 0 0 0
Neighs:              0 ave           0 max           0 min
Histogram: 1 0 0 0 0 0 0 0 0 0
FullNghs:         7344 ave        7344 max        7344 min
Histogram: 1 0 0 0 0 0 0 0 0 0

Total # of neighbors = 7344
Ave neighs/atom = 34
Neighbor list builds = 0
Dangerous builds = 0
next i
jump SELF loop_struct
clear
  using 1 OpenMP thread(s) per MPI task
log energies.log append
units metal
boundary p p p
atom_style atomic
read_data Si333_${i}.in
read_data Si333_92.in
Reading data file ...
  orthogonal box = (0 0 0) to (16.331106 16.331106 16.331106)
  1 by 1 by 1 MPI processor grid
  reading atoms ...
  216 atoms
  reading velocities ...
  216 velocities
  read_data CPU = 0.001 seconds
mass 1 28.085
pair_style sw
pair_coeff * * Si.sw Si
Reading sw potential file Si.sw with DATE: 2007-06-11
run 0
WARNING: No fixes with time integration, atoms won't move (src/verlet.cpp:60)
Neighbor list info ...
  update: every = 1 steps, delay = 0 steps, check = yes
  max neighbors/atom: 2000, page size: 100000
  master list distance cutoff = 5.77118
  ghost atom cutoff = 5.77118
  binsize = 2.88559, bins = 6 6 6
  1 neighbor lists, perpetual/occasional/extra = 1 0 0
  (1) pair sw, perpetual
      attributes: full, newton on
      pair build: full/bin/atomonly
      stencil: full/bin/3d
      bin: standard
Per MPI rank memory allocation (min/avg/max) = 3.088 | 3.088 | 3.088 Mbytes
   Step          Temp          E_pair         E_mol          TotEng         Press     
         0   0             -935.24925      0             -935.24925     -6671.5834    
Loop time of 1.07e-06 on 1 procs for 0 steps with 216 atoms

0.0% CPU use with 1 MPI tasks x 1 OpenMP threads

MPI task timing breakdown:
Section |  min time  |  avg time  |  max time  |%varavg| %total
---------------------------------------------------------------
Pair    | 0          | 0          | 0          |   0.0 |  0.00
Neigh   | 0          | 0          | 0          |   0.0 |  0.00
Comm    | 0          | 0          | 0          |   0.0 |  0.00
Output  | 0          | 0          | 0          |   0.0 |  0.00
Modify  | 0          | 0          | 0          |   0.0 |  0.00
Other   |            | 1.07e-06   |            |       |100.00

Nlocal:            216 ave         216 max         216 min
Histogram: 1 0 0 0 0 0 0 0 0 0
Nghost:            834 ave         834 max         834 min
Histogram: 1 0 0 0 0 0 0 0 0 0
Neighs:              0 ave           0 max           0 min
Histogram: 1 0 0 0 0 0 0 0 0 0
FullNghs:         7344 ave        7344 max        7344 min
Histogram: 1 0 0 0 0 0 0 0 0 0

Total # of neighbors = 7344
Ave neighs/atom = 34
Neighbor list builds = 0
Dangerous builds = 0
next i
jump SELF loop_struct
clear
  using 1 OpenMP thread(s) per MPI task
log energies.log append
units metal
boundary p p p
atom_style atomic
read_data Si333_${i}.in
read_data Si333_93.in
Reading data file ...
  orthogonal box = (0 0 0) to (16.331106 16.331106 16.331106)
  1 by 1 by 1 MPI processor grid
  reading atoms ...
  216 atoms
  reading velocities ...
  216 velocities
  read_data CPU = 0.001 seconds
mass 1 28.085
pair_style sw
pair_coeff * * Si.sw Si
Reading sw potential file Si.sw with DATE: 2007-06-11
run 0
WARNING: No fixes with time integration, atoms won't move (src/verlet.cpp:60)
Neighbor list info ...
  update: every = 1 steps, delay = 0 steps, check = yes
  max neighbors/atom: 2000, page size: 100000
  master list distance cutoff = 5.77118
  ghost atom cutoff = 5.77118
  binsize = 2.88559, bins = 6 6 6
  1 neighbor lists, perpetual/occasional/extra = 1 0 0
  (1) pair sw, perpetual
      attributes: full, newton on
      pair build: full/bin/atomonly
      stencil: full/bin/3d
      bin: standard
Per MPI rank memory allocation (min/avg/max) = 3.083 | 3.083 | 3.083 Mbytes
   Step          Temp          E_pair         E_mol          TotEng         Press     
         0   0             -935.23615      0             -935.23615     -6644.3507    
Loop time of 1.02e-06 on 1 procs for 0 steps with 216 atoms

0.0% CPU use with 1 MPI tasks x 1 OpenMP threads

MPI task timing breakdown:
Section |  min time  |  avg time  |  max time  |%varavg| %total
---------------------------------------------------------------
Pair    | 0          | 0          | 0          |   0.0 |  0.00
Neigh   | 0          | 0          | 0          |   0.0 |  0.00
Comm    | 0          | 0          | 0          |   0.0 |  0.00
Output  | 0          | 0          | 0          |   0.0 |  0.00
Modify  | 0          | 0          | 0          |   0.0 |  0.00
Other   |            | 1.02e-06   |            |       |100.00

Nlocal:            216 ave         216 max         216 min
Histogram: 1 0 0 0 0 0 0 0 0 0
Nghost:            834 ave         834 max         834 min
Histogram: 1 0 0 0 0 0 0 0 0 0
Neighs:              0 ave           0 max           0 min
Histogram: 1 0 0 0 0 0 0 0 0 0
FullNghs:         7344 ave        7344 max        7344 min
Histogram: 1 0 0 0 0 0 0 0 0 0

Total # of neighbors = 7344
Ave neighs/atom = 34
Neighbor list builds = 0
Dangerous builds = 0
next i
jump SELF loop_struct
clear
  using 1 OpenMP thread(s) per MPI task
log energies.log append
units metal
boundary p p p
atom_style atomic
read_data Si333_${i}.in
read_data Si333_94.in
Reading data file ...
  orthogonal box = (0 0 0) to (16.331106 16.331106 16.331106)
  1 by 1 by 1 MPI processor grid
  reading atoms ...
  216 atoms
  reading velocities ...
  216 velocities
  read_data CPU = 0.001 seconds
mass 1 28.085
pair_style sw
pair_coeff * * Si.sw Si
Reading sw potential file Si.sw with DATE: 2007-06-11
run 0
WARNING: No fixes with time integration, atoms won't move (src/verlet.cpp:60)
Neighbor list info ...
  update: every = 1 steps, delay = 0 steps, check = yes
  max neighbors/atom: 2000, page size: 100000
  master list distance cutoff = 5.77118
  ghost atom cutoff = 5.77118
  binsize = 2.88559, bins = 6 6 6
  1 neighbor lists, perpetual/occasional/extra = 1 0 0
  (1) pair sw, perpetual
      attributes: full, newton on
      pair build: full/bin/atomonly
      stencil: full/bin/3d
      bin: standard
Per MPI rank memory allocation (min/avg/max) = 3.09 | 3.09 | 3.09 Mbytes
   Step          Temp          E_pair         E_mol          TotEng         Press     
         0   0             -935.33201      0             -935.33201     -6677.4711    
Loop time of 1.03e-06 on 1 procs for 0 steps with 216 atoms

97.1% CPU use with 1 MPI tasks x 1 OpenMP threads

MPI task timing breakdown:
Section |  min time  |  avg time  |  max time  |%varavg| %total
---------------------------------------------------------------
Pair    | 0          | 0          | 0          |   0.0 |  0.00
Neigh   | 0          | 0          | 0          |   0.0 |  0.00
Comm    | 0          | 0          | 0          |   0.0 |  0.00
Output  | 0          | 0          | 0          |   0.0 |  0.00
Modify  | 0          | 0          | 0          |   0.0 |  0.00
Other   |            | 1.03e-06   |            |       |100.00

Nlocal:            216 ave         216 max         216 min
Histogram: 1 0 0 0 0 0 0 0 0 0
Nghost:            884 ave         884 max         884 min
Histogram: 1 0 0 0 0 0 0 0 0 0
Neighs:              0 ave           0 max           0 min
Histogram: 1 0 0 0 0 0 0 0 0 0
FullNghs:         7344 ave        7344 max        7344 min
Histogram: 1 0 0 0 0 0 0 0 0 0

Total # of neighbors = 7344
Ave neighs/atom = 34
Neighbor list builds = 0
Dangerous builds = 0
next i
jump SELF loop_struct
clear
  using 1 OpenMP thread(s) per MPI task
log energies.log append
units metal
boundary p p p
atom_style atomic
read_data Si333_${i}.in
read_data Si333_95.in
Reading data file ...
  orthogonal box = (0 0 0) to (16.331106 16.331106 16.331106)
  1 by 1 by 1 MPI processor grid
  reading atoms ...
  216 atoms
  reading velocities ...
  216 velocities
  read_data CPU = 0.001 seconds
mass 1 28.085
pair_style sw
pair_coeff * * Si.sw Si
Reading sw potential file Si.sw with DATE: 2007-06-11
run 0
WARNING: No fixes with time integration, atoms won't move (src/verlet.cpp:60)
Neighbor list info ...
  update: every = 1 steps, delay = 0 steps, check = yes
  max neighbors/atom: 2000, page size: 100000
  master list distance cutoff = 5.77118
  ghost atom cutoff = 5.77118
  binsize = 2.88559, bins = 6 6 6
  1 neighbor lists, perpetual/occasional/extra = 1 0 0
  (1) pair sw, perpetual
      attributes: full, newton on
      pair build: full/bin/atomonly
      stencil: full/bin/3d
      bin: standard
Per MPI rank memory allocation (min/avg/max) = 3.083 | 3.083 | 3.083 Mbytes
   Step          Temp          E_pair         E_mol          TotEng         Press     
         0   0             -935.20898      0             -935.20898     -6664.8874    
Loop time of 1.05e-06 on 1 procs for 0 steps with 216 atoms

0.0% CPU use with 1 MPI tasks x 1 OpenMP threads

MPI task timing breakdown:
Section |  min time  |  avg time  |  max time  |%varavg| %total
---------------------------------------------------------------
Pair    | 0          | 0          | 0          |   0.0 |  0.00
Neigh   | 0          | 0          | 0          |   0.0 |  0.00
Comm    | 0          | 0          | 0          |   0.0 |  0.00
Output  | 0          | 0          | 0          |   0.0 |  0.00
Modify  | 0          | 0          | 0          |   0.0 |  0.00
Other   |            | 1.05e-06   |            |       |100.00

Nlocal:            216 ave         216 max         216 min
Histogram: 1 0 0 0 0 0 0 0 0 0
Nghost:            855 ave         855 max         855 min
Histogram: 1 0 0 0 0 0 0 0 0 0
Neighs:              0 ave           0 max           0 min
Histogram: 1 0 0 0 0 0 0 0 0 0
FullNghs:         7344 ave        7344 max        7344 min
Histogram: 1 0 0 0 0 0 0 0 0 0

Total # of neighbors = 7344
Ave neighs/atom = 34
Neighbor list builds = 0
Dangerous builds = 0
next i
jump SELF loop_struct
clear
  using 1 OpenMP thread(s) per MPI task
log energies.log append
units metal
boundary p p p
atom_style atomic
read_data Si333_${i}.in
read_data Si333_96.in
Reading data file ...
  orthogonal box = (0 0 0) to (16.331106 16.331106 16.331106)
  1 by 1 by 1 MPI processor grid
  reading atoms ...
  216 atoms
  reading velocities ...
  216 velocities
  read_data CPU = 0.001 seconds
mass 1 28.085
pair_style sw
pair_coeff * * Si.sw Si
Reading sw potential file Si.sw with DATE: 2007-06-11
run 0
WARNING: No fixes with time integration, atoms won't move (src/verlet.cpp:60)
Neighbor list info ...
  update: every = 1 steps, delay = 0 steps, check = yes
  max neighbors/atom: 2000, page size: 100000
  master list distance cutoff = 5.77118
  ghost atom cutoff = 5.77118
  binsize = 2.88559, bins = 6 6 6
  1 neighbor lists, perpetual/occasional/extra = 1 0 0
  (1) pair sw, perpetual
      attributes: full, newton on
      pair build: full/bin/atomonly
      stencil: full/bin/3d
      bin: standard
Per MPI rank memory allocation (min/avg/max) = 3.084 | 3.084 | 3.084 Mbytes
   Step          Temp          E_pair         E_mol          TotEng         Press     
         0   0             -935.31883      0             -935.31883     -6663.8051    
Loop time of 1.06e-06 on 1 procs for 0 steps with 216 atoms

0.0% CPU use with 1 MPI tasks x 1 OpenMP threads

MPI task timing breakdown:
Section |  min time  |  avg time  |  max time  |%varavg| %total
---------------------------------------------------------------
Pair    | 0          | 0          | 0          |   0.0 |  0.00
Neigh   | 0          | 0          | 0          |   0.0 |  0.00
Comm    | 0          | 0          | 0          |   0.0 |  0.00
Output  | 0          | 0          | 0          |   0.0 |  0.00
Modify  | 0          | 0          | 0          |   0.0 |  0.00
Other   |            | 1.06e-06   |            |       |100.00

Nlocal:            216 ave         216 max         216 min
Histogram: 1 0 0 0 0 0 0 0 0 0
Nghost:            889 ave         889 max         889 min
Histogram: 1 0 0 0 0 0 0 0 0 0
Neighs:              0 ave           0 max           0 min
Histogram: 1 0 0 0 0 0 0 0 0 0
FullNghs:         7344 ave        7344 max        7344 min
Histogram: 1 0 0 0 0 0 0 0 0 0

Total # of neighbors = 7344
Ave neighs/atom = 34
Neighbor list builds = 0
Dangerous builds = 0
next i
jump SELF loop_struct
clear
  using 1 OpenMP thread(s) per MPI task
log energies.log append
units metal
boundary p p p
atom_style atomic
read_data Si333_${i}.in
read_data Si333_97.in
Reading data file ...
  orthogonal box = (0 0 0) to (16.331106 16.331106 16.331106)
  1 by 1 by 1 MPI processor grid
  reading atoms ...
  216 atoms
  reading velocities ...
  216 velocities
  read_data CPU = 0.001 seconds
mass 1 28.085
pair_style sw
pair_coeff * * Si.sw Si
Reading sw potential file Si.sw with DATE: 2007-06-11
run 0
WARNING: No fixes with time integration, atoms won't move (src/verlet.cpp:60)
Neighbor list info ...
  update: every = 1 steps, delay = 0 steps, check = yes
  max neighbors/atom: 2000, page size: 100000
  master list distance cutoff = 5.77118
  ghost atom cutoff = 5.77118
  binsize = 2.88559, bins = 6 6 6
  1 neighbor lists, perpetual/occasional/extra = 1 0 0
  (1) pair sw, perpetual
      attributes: full, newton on
      pair build: full/bin/atomonly
      stencil: full/bin/3d
      bin: standard
Per MPI rank memory allocation (min/avg/max) = 3.084 | 3.084 | 3.084 Mbytes
   Step          Temp          E_pair         E_mol          TotEng         Press     
         0   0             -935.39708      0             -935.39708     -6721.9267    
Loop time of 1.07e-06 on 1 procs for 0 steps with 216 atoms

93.5% CPU use with 1 MPI tasks x 1 OpenMP threads

MPI task timing breakdown:
Section |  min time  |  avg time  |  max time  |%varavg| %total
---------------------------------------------------------------
Pair    | 0          | 0          | 0          |   0.0 |  0.00
Neigh   | 0          | 0          | 0          |   0.0 |  0.00
Comm    | 0          | 0          | 0          |   0.0 |  0.00
Output  | 0          | 0          | 0          |   0.0 |  0.00
Modify  | 0          | 0          | 0          |   0.0 |  0.00
Other   |            | 1.07e-06   |            |       |100.00

Nlocal:            216 ave         216 max         216 min
Histogram: 1 0 0 0 0 0 0 0 0 0
Nghost:            844 ave         844 max         844 min
Histogram: 1 0 0 0 0 0 0 0 0 0
Neighs:              0 ave           0 max           0 min
Histogram: 1 0 0 0 0 0 0 0 0 0
FullNghs:         7344 ave        7344 max        7344 min
Histogram: 1 0 0 0 0 0 0 0 0 0

Total # of neighbors = 7344
Ave neighs/atom = 34
Neighbor list builds = 0
Dangerous builds = 0
next i
jump SELF loop_struct
clear
  using 1 OpenMP thread(s) per MPI task
log energies.log append
units metal
boundary p p p
atom_style atomic
read_data Si333_${i}.in
read_data Si333_98.in
Reading data file ...
  orthogonal box = (0 0 0) to (16.331106 16.331106 16.331106)
  1 by 1 by 1 MPI processor grid
  reading atoms ...
  216 atoms
  reading velocities ...
  216 velocities
  read_data CPU = 0.001 seconds
mass 1 28.085
pair_style sw
pair_coeff * * Si.sw Si
Reading sw potential file Si.sw with DATE: 2007-06-11
run 0
WARNING: No fixes with time integration, atoms won't move (src/verlet.cpp:60)
Neighbor list info ...
  update: every = 1 steps, delay = 0 steps, check = yes
  max neighbors/atom: 2000, page size: 100000
  master list distance cutoff = 5.77118
  ghost atom cutoff = 5.77118
  binsize = 2.88559, bins = 6 6 6
  1 neighbor lists, perpetual/occasional/extra = 1 0 0
  (1) pair sw, perpetual
      attributes: full, newton on
      pair build: full/bin/atomonly
      stencil: full/bin/3d
      bin: standard
Per MPI rank memory allocation (min/avg/max) = 3.082 | 3.082 | 3.082 Mbytes
   Step          Temp          E_pair         E_mol          TotEng         Press     
         0   0             -908.07957      0             -908.07957      11617.786    
Loop time of 1.19e-06 on 1 procs for 0 steps with 216 atoms

168.1% CPU use with 1 MPI tasks x 1 OpenMP threads

MPI task timing breakdown:
Section |  min time  |  avg time  |  max time  |%varavg| %total
---------------------------------------------------------------
Pair    | 0          | 0          | 0          |   0.0 |  0.00
Neigh   | 0          | 0          | 0          |   0.0 |  0.00
Comm    | 0          | 0          | 0          |   0.0 |  0.00
Output  | 0          | 0          | 0          |   0.0 |  0.00
Modify  | 0          | 0          | 0          |   0.0 |  0.00
Other   |            | 1.19e-06   |            |       |100.00

Nlocal:            216 ave         216 max         216 min
Histogram: 1 0 0 0 0 0 0 0 0 0
Nghost:            830 ave         830 max         830 min
Histogram: 1 0 0 0 0 0 0 0 0 0
Neighs:              0 ave           0 max           0 min
Histogram: 1 0 0 0 0 0 0 0 0 0
FullNghs:         7378 ave        7378 max        7378 min
Histogram: 1 0 0 0 0 0 0 0 0 0

Total # of neighbors = 7378
Ave neighs/atom = 34.157407
Neighbor list builds = 0
Dangerous builds = 0
next i
jump SELF loop_struct
clear
  using 1 OpenMP thread(s) per MPI task
log energies.log append
units metal
boundary p p p
atom_style atomic
read_data Si333_${i}.in
read_data Si333_99.in
Reading data file ...
  orthogonal box = (0 0 0) to (16.331106 16.331106 16.331106)
  1 by 1 by 1 MPI processor grid
  reading atoms ...
  216 atoms
  reading velocities ...
  216 velocities
  read_data CPU = 0.001 seconds
mass 1 28.085
pair_style sw
pair_coeff * * Si.sw Si
Reading sw potential file Si.sw with DATE: 2007-06-11
run 0
WARNING: No fixes with time integration, atoms won't move (src/verlet.cpp:60)
Neighbor list info ...
  update: every = 1 steps, delay = 0 steps, check = yes
  max neighbors/atom: 2000, page size: 100000
  master list distance cutoff = 5.77118
  ghost atom cutoff = 5.77118
  binsize = 2.88559, bins = 6 6 6
  1 neighbor lists, perpetual/occasional/extra = 1 0 0
  (1) pair sw, perpetual
      attributes: full, newton on
      pair build: full/bin/atomonly
      stencil: full/bin/3d
      bin: standard
Per MPI rank memory allocation (min/avg/max) = 3.084 | 3.084 | 3.084 Mbytes
   Step          Temp          E_pair         E_mol          TotEng         Press     
         0   0             -935.16613      0             -935.16613     -6646.5835    
Loop time of 1.04e-06 on 1 procs for 0 steps with 216 atoms

0.0% CPU use with 1 MPI tasks x 1 OpenMP threads

MPI task timing breakdown:
Section |  min time  |  avg time  |  max time  |%varavg| %total
---------------------------------------------------------------
Pair    | 0          | 0          | 0          |   0.0 |  0.00
Neigh   | 0          | 0          | 0          |   0.0 |  0.00
Comm    | 0          | 0          | 0          |   0.0 |  0.00
Output  | 0          | 0          | 0          |   0.0 |  0.00
Modify  | 0          | 0          | 0          |   0.0 |  0.00
Other   |            | 1.04e-06   |            |       |100.00

Nlocal:            216 ave         216 max         216 min
Histogram: 1 0 0 0 0 0 0 0 0 0
Nghost:            884 ave         884 max         884 min
Histogram: 1 0 0 0 0 0 0 0 0 0
Neighs:              0 ave           0 max           0 min
Histogram: 1 0 0 0 0 0 0 0 0 0
FullNghs:         7344 ave        7344 max        7344 min
Histogram: 1 0 0 0 0 0 0 0 0 0

Total # of neighbors = 7344
Ave neighs/atom = 34
Neighbor list builds = 0
Dangerous builds = 0
next i
jump SELF loop_struct
clear
  using 1 OpenMP thread(s) per MPI task
log energies.log append
units metal
boundary p p p
atom_style atomic
read_data Si333_${i}.in
read_data Si333_100.in
Reading data file ...
  orthogonal box = (0 0 0) to (16.331106 16.331106 16.331106)
  1 by 1 by 1 MPI processor grid
  reading atoms ...
  216 atoms
  reading velocities ...
  216 velocities
  read_data CPU = 0.001 seconds
mass 1 28.085
pair_style sw
pair_coeff * * Si.sw Si
Reading sw potential file Si.sw with DATE: 2007-06-11
run 0
WARNING: No fixes with time integration, atoms won't move (src/verlet.cpp:60)
Neighbor list info ...
  update: every = 1 steps, delay = 0 steps, check = yes
  max neighbors/atom: 2000, page size: 100000
  master list distance cutoff = 5.77118
  ghost atom cutoff = 5.77118
  binsize = 2.88559, bins = 6 6 6
  1 neighbor lists, perpetual/occasional/extra = 1 0 0
  (1) pair sw, perpetual
      attributes: full, newton on
      pair build: full/bin/atomonly
      stencil: full/bin/3d
      bin: standard
Per MPI rank memory allocation (min/avg/max) = 3.092 | 3.092 | 3.092 Mbytes
   Step          Temp          E_pair         E_mol          TotEng         Press     
         0   0             -935.16064      0             -935.16064     -6645.336     
Loop time of 1.04e-06 on 1 procs for 0 steps with 216 atoms

96.2% CPU use with 1 MPI tasks x 1 OpenMP threads

MPI task timing breakdown:
Section |  min time  |  avg time  |  max time  |%varavg| %total
---------------------------------------------------------------
Pair    | 0          | 0          | 0          |   0.0 |  0.00
Neigh   | 0          | 0          | 0          |   0.0 |  0.00
Comm    | 0          | 0          | 0          |   0.0 |  0.00
Output  | 0          | 0          | 0          |   0.0 |  0.00
Modify  | 0          | 0          | 0          |   0.0 |  0.00
Other   |            | 1.04e-06   |            |       |100.00

Nlocal:            216 ave         216 max         216 min
Histogram: 1 0 0 0 0 0 0 0 0 0
Nghost:            939 ave         939 max         939 min
Histogram: 1 0 0 0 0 0 0 0 0 0
Neighs:              0 ave           0 max           0 min
Histogram: 1 0 0 0 0 0 0 0 0 0
FullNghs:         7344 ave        7344 max        7344 min
Histogram: 1 0 0 0 0 0 0 0 0 0

Total # of neighbors = 7344
Ave neighs/atom = 34
Neighbor list builds = 0
Dangerous builds = 0
next i
jump SELF loop_struct
clear
  using 1 OpenMP thread(s) per MPI task
log energies.log append
units metal
boundary p p p
atom_style atomic
read_data Si333_${i}.in
read_data Si333_101.in
Reading data file ...
  orthogonal box = (0 0 0) to (16.331106 16.331106 16.331106)
  1 by 1 by 1 MPI processor grid
  reading atoms ...
  216 atoms
  reading velocities ...
  216 velocities
  read_data CPU = 0.001 seconds
mass 1 28.085
pair_style sw
pair_coeff * * Si.sw Si
Reading sw potential file Si.sw with DATE: 2007-06-11
run 0
Neighbor list info ...
  update: every = 1 steps, delay = 0 steps, check = yes
  max neighbors/atom: 2000, page size: 100000
  master list distance cutoff = 5.77118
  ghost atom cutoff = 5.77118
  binsize = 2.88559, bins = 6 6 6
  1 neighbor lists, perpetual/occasional/extra = 1 0 0
  (1) pair sw, perpetual
      attributes: full, newton on
      pair build: full/bin/atomonly
      stencil: full/bin/3d
      bin: standard
Per MPI rank memory allocation (min/avg/max) = 3.091 | 3.091 | 3.091 Mbytes
   Step          Temp          E_pair         E_mol          TotEng         Press     
WARNING: Too many warnings: 101 vs 100. All future warnings will be suppressed (src/thermo.cpp:478)
         0   0             -908.24617      0             -908.24617      12178.52     
Loop time of 1.07e-06 on 1 procs for 0 steps with 216 atoms

93.5% CPU use with 1 MPI tasks x 1 OpenMP threads

MPI task timing breakdown:
Section |  min time  |  avg time  |  max time  |%varavg| %total
---------------------------------------------------------------
Pair    | 0          | 0          | 0          |   0.0 |  0.00
Neigh   | 0          | 0          | 0          |   0.0 |  0.00
Comm    | 0          | 0          | 0          |   0.0 |  0.00
Output  | 0          | 0          | 0          |   0.0 |  0.00
Modify  | 0          | 0          | 0          |   0.0 |  0.00
Other   |            | 1.07e-06   |            |       |100.00

Nlocal:            216 ave         216 max         216 min
Histogram: 1 0 0 0 0 0 0 0 0 0
Nghost:            893 ave         893 max         893 min
Histogram: 1 0 0 0 0 0 0 0 0 0
Neighs:              0 ave           0 max           0 min
Histogram: 1 0 0 0 0 0 0 0 0 0
FullNghs:         7372 ave        7372 max        7372 min
Histogram: 1 0 0 0 0 0 0 0 0 0

Total # of neighbors = 7372
Ave neighs/atom = 34.12963
Neighbor list builds = 0
Dangerous builds = 0
next i
jump SELF loop_struct
clear
  using 1 OpenMP thread(s) per MPI task
log energies.log append
units metal
boundary p p p
atom_style atomic
read_data Si333_${i}.in
read_data Si333_102.in
Reading data file ...
  orthogonal box = (0 0 0) to (16.331106 16.331106 16.331106)
  1 by 1 by 1 MPI processor grid
  reading atoms ...
  216 atoms
  reading velocities ...
  216 velocities
  read_data CPU = 0.001 seconds
mass 1 28.085
pair_style sw
pair_coeff * * Si.sw Si
Reading sw potential file Si.sw with DATE: 2007-06-11
run 0
Neighbor list info ...
  update: every = 1 steps, delay = 0 steps, check = yes
  max neighbors/atom: 2000, page size: 100000
  master list distance cutoff = 5.77118
  ghost atom cutoff = 5.77118
  binsize = 2.88559, bins = 6 6 6
  1 neighbor lists, perpetual/occasional/extra = 1 0 0
  (1) pair sw, perpetual
      attributes: full, newton on
      pair build: full/bin/atomonly
      stencil: full/bin/3d
      bin: standard
Per MPI rank memory allocation (min/avg/max) = 3.088 | 3.088 | 3.088 Mbytes
   Step          Temp          E_pair         E_mol          TotEng         Press     
WARNING: Too many warnings: 102 vs 100. All future warnings will be suppressed (src/thermo.cpp:478)
         0   0             -935.22091      0             -935.22091     -6646.0223    
Loop time of 1.04e-06 on 1 procs for 0 steps with 216 atoms

192.3% CPU use with 1 MPI tasks x 1 OpenMP threads

MPI task timing breakdown:
Section |  min time  |  avg time  |  max time  |%varavg| %total
---------------------------------------------------------------
Pair    | 0          | 0          | 0          |   0.0 |  0.00
Neigh   | 0          | 0          | 0          |   0.0 |  0.00
Comm    | 0          | 0          | 0          |   0.0 |  0.00
Output  | 0          | 0          | 0          |   0.0 |  0.00
Modify  | 0          | 0          | 0          |   0.0 |  0.00
Other   |            | 1.04e-06   |            |       |100.00

Nlocal:            216 ave         216 max         216 min
Histogram: 1 0 0 0 0 0 0 0 0 0
Nghost:            914 ave         914 max         914 min
Histogram: 1 0 0 0 0 0 0 0 0 0
Neighs:              0 ave           0 max           0 min
Histogram: 1 0 0 0 0 0 0 0 0 0
FullNghs:         7344 ave        7344 max        7344 min
Histogram: 1 0 0 0 0 0 0 0 0 0

Total # of neighbors = 7344
Ave neighs/atom = 34
Neighbor list builds = 0
Dangerous builds = 0
next i
jump SELF loop_struct
clear
  using 1 OpenMP thread(s) per MPI task
log energies.log append
units metal
boundary p p p
atom_style atomic
read_data Si333_${i}.in
read_data Si333_103.in
Reading data file ...
  orthogonal box = (0 0 0) to (16.331106 16.331106 16.331106)
  1 by 1 by 1 MPI processor grid
  reading atoms ...
  216 atoms
  reading velocities ...
  216 velocities
  read_data CPU = 0.001 seconds
mass 1 28.085
pair_style sw
pair_coeff * * Si.sw Si
Reading sw potential file Si.sw with DATE: 2007-06-11
run 0
Neighbor list info ...
  update: every = 1 steps, delay = 0 steps, check = yes
  max neighbors/atom: 2000, page size: 100000
  master list distance cutoff = 5.77118
  ghost atom cutoff = 5.77118
  binsize = 2.88559, bins = 6 6 6
  1 neighbor lists, perpetual/occasional/extra = 1 0 0
  (1) pair sw, perpetual
      attributes: full, newton on
      pair build: full/bin/atomonly
      stencil: full/bin/3d
      bin: standard
Per MPI rank memory allocation (min/avg/max) = 3.09 | 3.09 | 3.09 Mbytes
   Step          Temp          E_pair         E_mol          TotEng         Press     
WARNING: Too many warnings: 103 vs 100. All future warnings will be suppressed (src/thermo.cpp:478)
         0   0             -935.36552      0             -935.36552     -6689.7873    
Loop time of 1.13e-06 on 1 procs for 0 steps with 216 atoms

177.0% CPU use with 1 MPI tasks x 1 OpenMP threads

MPI task timing breakdown:
Section |  min time  |  avg time  |  max time  |%varavg| %total
---------------------------------------------------------------
Pair    | 0          | 0          | 0          |   0.0 |  0.00
Neigh   | 0          | 0          | 0          |   0.0 |  0.00
Comm    | 0          | 0          | 0          |   0.0 |  0.00
Output  | 0          | 0          | 0          |   0.0 |  0.00
Modify  | 0          | 0          | 0          |   0.0 |  0.00
Other   |            | 1.13e-06   |            |       |100.00

Nlocal:            216 ave         216 max         216 min
Histogram: 1 0 0 0 0 0 0 0 0 0
Nghost:            889 ave         889 max         889 min
Histogram: 1 0 0 0 0 0 0 0 0 0
Neighs:              0 ave           0 max           0 min
Histogram: 1 0 0 0 0 0 0 0 0 0
FullNghs:         7344 ave        7344 max        7344 min
Histogram: 1 0 0 0 0 0 0 0 0 0

Total # of neighbors = 7344
Ave neighs/atom = 34
Neighbor list builds = 0
Dangerous builds = 0
next i
jump SELF loop_struct
clear
  using 1 OpenMP thread(s) per MPI task
log energies.log append
units metal
boundary p p p
atom_style atomic
read_data Si333_${i}.in
read_data Si333_104.in
Reading data file ...
  orthogonal box = (0 0 0) to (16.331106 16.331106 16.331106)
  1 by 1 by 1 MPI processor grid
  reading atoms ...
  216 atoms
  reading velocities ...
  216 velocities
  read_data CPU = 0.001 seconds
mass 1 28.085
pair_style sw
pair_coeff * * Si.sw Si
Reading sw potential file Si.sw with DATE: 2007-06-11
run 0
Neighbor list info ...
  update: every = 1 steps, delay = 0 steps, check = yes
  max neighbors/atom: 2000, page size: 100000
  master list distance cutoff = 5.77118
  ghost atom cutoff = 5.77118
  binsize = 2.88559, bins = 6 6 6
  1 neighbor lists, perpetual/occasional/extra = 1 0 0
  (1) pair sw, perpetual
      attributes: full, newton on
      pair build: full/bin/atomonly
      stencil: full/bin/3d
      bin: standard
Per MPI rank memory allocation (min/avg/max) = 3.087 | 3.087 | 3.087 Mbytes
   Step          Temp          E_pair         E_mol          TotEng         Press     
WARNING: Too many warnings: 104 vs 100. All future warnings will be suppressed (src/thermo.cpp:478)
         0   0             -908.4882       0             -908.4882       11810.292    
Loop time of 1.05e-06 on 1 procs for 0 steps with 216 atoms

95.2% CPU use with 1 MPI tasks x 1 OpenMP threads

MPI task timing breakdown:
Section |  min time  |  avg time  |  max time  |%varavg| %total
---------------------------------------------------------------
Pair    | 0          | 0          | 0          |   0.0 |  0.00
Neigh   | 0          | 0          | 0          |   0.0 |  0.00
Comm    | 0          | 0          | 0          |   0.0 |  0.00
Output  | 0          | 0          | 0          |   0.0 |  0.00
Modify  | 0          | 0          | 0          |   0.0 |  0.00
Other   |            | 1.05e-06   |            |       |100.00

Nlocal:            216 ave         216 max         216 min
Histogram: 1 0 0 0 0 0 0 0 0 0
Nghost:            830 ave         830 max         830 min
Histogram: 1 0 0 0 0 0 0 0 0 0
Neighs:              0 ave           0 max           0 min
Histogram: 1 0 0 0 0 0 0 0 0 0
FullNghs:         7380 ave        7380 max        7380 min
Histogram: 1 0 0 0 0 0 0 0 0 0

Total # of neighbors = 7380
Ave neighs/atom = 34.166667
Neighbor list builds = 0
Dangerous builds = 0
next i
jump SELF loop_struct
clear
  using 1 OpenMP thread(s) per MPI task
log energies.log append
units metal
boundary p p p
atom_style atomic
read_data Si333_${i}.in
read_data Si333_105.in
Reading data file ...
  orthogonal box = (0 0 0) to (16.331106 16.331106 16.331106)
  1 by 1 by 1 MPI processor grid
  reading atoms ...
  216 atoms
  reading velocities ...
  216 velocities
  read_data CPU = 0.001 seconds
mass 1 28.085
pair_style sw
pair_coeff * * Si.sw Si
Reading sw potential file Si.sw with DATE: 2007-06-11
run 0
Neighbor list info ...
  update: every = 1 steps, delay = 0 steps, check = yes
  max neighbors/atom: 2000, page size: 100000
  master list distance cutoff = 5.77118
  ghost atom cutoff = 5.77118
  binsize = 2.88559, bins = 6 6 6
  1 neighbor lists, perpetual/occasional/extra = 1 0 0
  (1) pair sw, perpetual
      attributes: full, newton on
      pair build: full/bin/atomonly
      stencil: full/bin/3d
      bin: standard
Per MPI rank memory allocation (min/avg/max) = 3.086 | 3.086 | 3.086 Mbytes
   Step          Temp          E_pair         E_mol          TotEng         Press     
WARNING: Too many warnings: 105 vs 100. All future warnings will be suppressed (src/thermo.cpp:478)
         0   0             -935.23818      0             -935.23818     -6623.2409    
Loop time of 1.04e-06 on 1 procs for 0 steps with 216 atoms

96.2% CPU use with 1 MPI tasks x 1 OpenMP threads

MPI task timing breakdown:
Section |  min time  |  avg time  |  max time  |%varavg| %total
---------------------------------------------------------------
Pair    | 0          | 0          | 0          |   0.0 |  0.00
Neigh   | 0          | 0          | 0          |   0.0 |  0.00
Comm    | 0          | 0          | 0          |   0.0 |  0.00
Output  | 0          | 0          | 0          |   0.0 |  0.00
Modify  | 0          | 0          | 0          |   0.0 |  0.00
Other   |            | 1.04e-06   |            |       |100.00

Nlocal:            216 ave         216 max         216 min
Histogram: 1 0 0 0 0 0 0 0 0 0
Nghost:            884 ave         884 max         884 min
Histogram: 1 0 0 0 0 0 0 0 0 0
Neighs:              0 ave           0 max           0 min
Histogram: 1 0 0 0 0 0 0 0 0 0
FullNghs:         7344 ave        7344 max        7344 min
Histogram: 1 0 0 0 0 0 0 0 0 0

Total # of neighbors = 7344
Ave neighs/atom = 34
Neighbor list builds = 0
Dangerous builds = 0
next i
jump SELF loop_struct
clear
  using 1 OpenMP thread(s) per MPI task
log energies.log append
units metal
boundary p p p
atom_style atomic
read_data Si333_${i}.in
read_data Si333_106.in
Reading data file ...
  orthogonal box = (0 0 0) to (16.331106 16.331106 16.331106)
  1 by 1 by 1 MPI processor grid
  reading atoms ...
  216 atoms
  reading velocities ...
  216 velocities
  read_data CPU = 0.001 seconds
mass 1 28.085
pair_style sw
pair_coeff * * Si.sw Si
Reading sw potential file Si.sw with DATE: 2007-06-11
run 0
Neighbor list info ...
  update: every = 1 steps, delay = 0 steps, check = yes
  max neighbors/atom: 2000, page size: 100000
  master list distance cutoff = 5.77118
  ghost atom cutoff = 5.77118
  binsize = 2.88559, bins = 6 6 6
  1 neighbor lists, perpetual/occasional/extra = 1 0 0
  (1) pair sw, perpetual
      attributes: full, newton on
      pair build: full/bin/atomonly
      stencil: full/bin/3d
      bin: standard
Per MPI rank memory allocation (min/avg/max) = 3.09 | 3.09 | 3.09 Mbytes
   Step          Temp          E_pair         E_mol          TotEng         Press     
WARNING: Too many warnings: 106 vs 100. All future warnings will be suppressed (src/thermo.cpp:478)
         0   0             -935.32977      0             -935.32977     -6696.486     
Loop time of 1.03e-06 on 1 procs for 0 steps with 216 atoms

97.1% CPU use with 1 MPI tasks x 1 OpenMP threads

MPI task timing breakdown:
Section |  min time  |  avg time  |  max time  |%varavg| %total
---------------------------------------------------------------
Pair    | 0          | 0          | 0          |   0.0 |  0.00
Neigh   | 0          | 0          | 0          |   0.0 |  0.00
Comm    | 0          | 0          | 0          |   0.0 |  0.00
Output  | 0          | 0          | 0          |   0.0 |  0.00
Modify  | 0          | 0          | 0          |   0.0 |  0.00
Other   |            | 1.03e-06   |            |       |100.00

Nlocal:            216 ave         216 max         216 min
Histogram: 1 0 0 0 0 0 0 0 0 0
Nghost:            889 ave         889 max         889 min
Histogram: 1 0 0 0 0 0 0 0 0 0
Neighs:              0 ave           0 max           0 min
Histogram: 1 0 0 0 0 0 0 0 0 0
FullNghs:         7344 ave        7344 max        7344 min
Histogram: 1 0 0 0 0 0 0 0 0 0

Total # of neighbors = 7344
Ave neighs/atom = 34
Neighbor list builds = 0
Dangerous builds = 0
next i
jump SELF loop_struct
clear
  using 1 OpenMP thread(s) per MPI task
log energies.log append
units metal
boundary p p p
atom_style atomic
read_data Si333_${i}.in
read_data Si333_107.in
Reading data file ...
  orthogonal box = (0 0 0) to (16.331106 16.331106 16.331106)
  1 by 1 by 1 MPI processor grid
  reading atoms ...
  216 atoms
  reading velocities ...
  216 velocities
  read_data CPU = 0.001 seconds
mass 1 28.085
pair_style sw
pair_coeff * * Si.sw Si
Reading sw potential file Si.sw with DATE: 2007-06-11
run 0
Neighbor list info ...
  update: every = 1 steps, delay = 0 steps, check = yes
  max neighbors/atom: 2000, page size: 100000
  master list distance cutoff = 5.77118
  ghost atom cutoff = 5.77118
  binsize = 2.88559, bins = 6 6 6
  1 neighbor lists, perpetual/occasional/extra = 1 0 0
  (1) pair sw, perpetual
      attributes: full, newton on
      pair build: full/bin/atomonly
      stencil: full/bin/3d
      bin: standard
Per MPI rank memory allocation (min/avg/max) = 3.084 | 3.084 | 3.084 Mbytes
   Step          Temp          E_pair         E_mol          TotEng         Press     
WARNING: Too many warnings: 107 vs 100. All future warnings will be suppressed (src/thermo.cpp:478)
         0   0             -907.71973      0             -907.71973      12713.879    
Loop time of 1.071e-06 on 1 procs for 0 steps with 216 atoms

93.4% CPU use with 1 MPI tasks x 1 OpenMP threads

MPI task timing breakdown:
Section |  min time  |  avg time  |  max time  |%varavg| %total
---------------------------------------------------------------
Pair    | 0          | 0          | 0          |   0.0 |  0.00
Neigh   | 0          | 0          | 0          |   0.0 |  0.00
Comm    | 0          | 0          | 0          |   0.0 |  0.00
Output  | 0          | 0          | 0          |   0.0 |  0.00
Modify  | 0          | 0          | 0          |   0.0 |  0.00
Other   |            | 1.071e-06  |            |       |100.00

Nlocal:            216 ave         216 max         216 min
Histogram: 1 0 0 0 0 0 0 0 0 0
Nghost:            882 ave         882 max         882 min
Histogram: 1 0 0 0 0 0 0 0 0 0
Neighs:              0 ave           0 max           0 min
Histogram: 1 0 0 0 0 0 0 0 0 0
FullNghs:         7384 ave        7384 max        7384 min
Histogram: 1 0 0 0 0 0 0 0 0 0

Total # of neighbors = 7384
Ave neighs/atom = 34.185185
Neighbor list builds = 0
Dangerous builds = 0
next i
jump SELF loop_struct
clear
  using 1 OpenMP thread(s) per MPI task
log energies.log append
units metal
boundary p p p
atom_style atomic
read_data Si333_${i}.in
read_data Si333_108.in
Reading data file ...
  orthogonal box = (0 0 0) to (16.331106 16.331106 16.331106)
  1 by 1 by 1 MPI processor grid
  reading atoms ...
  216 atoms
  reading velocities ...
  216 velocities
  read_data CPU = 0.001 seconds
mass 1 28.085
pair_style sw
pair_coeff * * Si.sw Si
Reading sw potential file Si.sw with DATE: 2007-06-11
run 0
Neighbor list info ...
  update: every = 1 steps, delay = 0 steps, check = yes
  max neighbors/atom: 2000, page size: 100000
  master list distance cutoff = 5.77118
  ghost atom cutoff = 5.77118
  binsize = 2.88559, bins = 6 6 6
  1 neighbor lists, perpetual/occasional/extra = 1 0 0
  (1) pair sw, perpetual
      attributes: full, newton on
      pair build: full/bin/atomonly
      stencil: full/bin/3d
      bin: standard
Per MPI rank memory allocation (min/avg/max) = 3.085 | 3.085 | 3.085 Mbytes
   Step          Temp          E_pair         E_mol          TotEng         Press     
WARNING: Too many warnings: 108 vs 100. All future warnings will be suppressed (src/thermo.cpp:478)
         0   0             -935.48861      0             -935.48861     -6750.7353    
Loop time of 1.04e-06 on 1 procs for 0 steps with 216 atoms

96.2% CPU use with 1 MPI tasks x 1 OpenMP threads

MPI task timing breakdown:
Section |  min time  |  avg time  |  max time  |%varavg| %total
---------------------------------------------------------------
Pair    | 0          | 0          | 0          |   0.0 |  0.00
Neigh   | 0          | 0          | 0          |   0.0 |  0.00
Comm    | 0          | 0          | 0          |   0.0 |  0.00
Output  | 0          | 0          | 0          |   0.0 |  0.00
Modify  | 0          | 0          | 0          |   0.0 |  0.00
Other   |            | 1.04e-06   |            |       |100.00

Nlocal:            216 ave         216 max         216 min
Histogram: 1 0 0 0 0 0 0 0 0 0
Nghost:            834 ave         834 max         834 min
Histogram: 1 0 0 0 0 0 0 0 0 0
Neighs:              0 ave           0 max           0 min
Histogram: 1 0 0 0 0 0 0 0 0 0
FullNghs:         7344 ave        7344 max        7344 min
Histogram: 1 0 0 0 0 0 0 0 0 0

Total # of neighbors = 7344
Ave neighs/atom = 34
Neighbor list builds = 0
Dangerous builds = 0
next i
jump SELF loop_struct
clear
  using 1 OpenMP thread(s) per MPI task
log energies.log append
units metal
boundary p p p
atom_style atomic
read_data Si333_${i}.in
read_data Si333_109.in
Reading data file ...
  orthogonal box = (0 0 0) to (16.331106 16.331106 16.331106)
  1 by 1 by 1 MPI processor grid
  reading atoms ...
  216 atoms
  reading velocities ...
  216 velocities
  read_data CPU = 0.001 seconds
mass 1 28.085
pair_style sw
pair_coeff * * Si.sw Si
Reading sw potential file Si.sw with DATE: 2007-06-11
run 0
Neighbor list info ...
  update: every = 1 steps, delay = 0 steps, check = yes
  max neighbors/atom: 2000, page size: 100000
  master list distance cutoff = 5.77118
  ghost atom cutoff = 5.77118
  binsize = 2.88559, bins = 6 6 6
  1 neighbor lists, perpetual/occasional/extra = 1 0 0
  (1) pair sw, perpetual
      attributes: full, newton on
      pair build: full/bin/atomonly
      stencil: full/bin/3d
      bin: standard
Per MPI rank memory allocation (min/avg/max) = 3.086 | 3.086 | 3.086 Mbytes
   Step          Temp          E_pair         E_mol          TotEng         Press     
WARNING: Too many warnings: 109 vs 100. All future warnings will be suppressed (src/thermo.cpp:478)
         0   0             -935.18125      0             -935.18125     -6643.0931    
Loop time of 1.031e-06 on 1 procs for 0 steps with 216 atoms

97.0% CPU use with 1 MPI tasks x 1 OpenMP threads

MPI task timing breakdown:
Section |  min time  |  avg time  |  max time  |%varavg| %total
---------------------------------------------------------------
Pair    | 0          | 0          | 0          |   0.0 |  0.00
Neigh   | 0          | 0          | 0          |   0.0 |  0.00
Comm    | 0          | 0          | 0          |   0.0 |  0.00
Output  | 0          | 0          | 0          |   0.0 |  0.00
Modify  | 0          | 0          | 0          |   0.0 |  0.00
Other   |            | 1.031e-06  |            |       |100.00

Nlocal:            216 ave         216 max         216 min
Histogram: 1 0 0 0 0 0 0 0 0 0
Nghost:            884 ave         884 max         884 min
Histogram: 1 0 0 0 0 0 0 0 0 0
Neighs:              0 ave           0 max           0 min
Histogram: 1 0 0 0 0 0 0 0 0 0
FullNghs:         7344 ave        7344 max        7344 min
Histogram: 1 0 0 0 0 0 0 0 0 0

Total # of neighbors = 7344
Ave neighs/atom = 34
Neighbor list builds = 0
Dangerous builds = 0
next i
jump SELF loop_struct
clear
  using 1 OpenMP thread(s) per MPI task
log energies.log append
units metal
boundary p p p
atom_style atomic
read_data Si333_${i}.in
read_data Si333_110.in
Reading data file ...
  orthogonal box = (0 0 0) to (16.331106 16.331106 16.331106)
  1 by 1 by 1 MPI processor grid
  reading atoms ...
  216 atoms
  reading velocities ...
  216 velocities
  read_data CPU = 0.001 seconds
mass 1 28.085
pair_style sw
pair_coeff * * Si.sw Si
Reading sw potential file Si.sw with DATE: 2007-06-11
run 0
Neighbor list info ...
  update: every = 1 steps, delay = 0 steps, check = yes
  max neighbors/atom: 2000, page size: 100000
  master list distance cutoff = 5.77118
  ghost atom cutoff = 5.77118
  binsize = 2.88559, bins = 6 6 6
  1 neighbor lists, perpetual/occasional/extra = 1 0 0
  (1) pair sw, perpetual
      attributes: full, newton on
      pair build: full/bin/atomonly
      stencil: full/bin/3d
      bin: standard
Per MPI rank memory allocation (min/avg/max) = 3.089 | 3.089 | 3.089 Mbytes
   Step          Temp          E_pair         E_mol          TotEng         Press     
WARNING: Too many warnings: 110 vs 100. All future warnings will be suppressed (src/thermo.cpp:478)
         0   0             -907.86654      0             -907.86654      12291.039    
Loop time of 1.04e-06 on 1 procs for 0 steps with 216 atoms

96.2% CPU use with 1 MPI tasks x 1 OpenMP threads

MPI task timing breakdown:
Section |  min time  |  avg time  |  max time  |%varavg| %total
---------------------------------------------------------------
Pair    | 0          | 0          | 0          |   0.0 |  0.00
Neigh   | 0          | 0          | 0          |   0.0 |  0.00
Comm    | 0          | 0          | 0          |   0.0 |  0.00
Output  | 0          | 0          | 0          |   0.0 |  0.00
Modify  | 0          | 0          | 0          |   0.0 |  0.00
Other   |            | 1.04e-06   |            |       |100.00

Nlocal:            216 ave         216 max         216 min
Histogram: 1 0 0 0 0 0 0 0 0 0
Nghost:            884 ave         884 max         884 min
Histogram: 1 0 0 0 0 0 0 0 0 0
Neighs:              0 ave           0 max           0 min
Histogram: 1 0 0 0 0 0 0 0 0 0
FullNghs:         7378 ave        7378 max        7378 min
Histogram: 1 0 0 0 0 0 0 0 0 0

Total # of neighbors = 7378
Ave neighs/atom = 34.157407
Neighbor list builds = 0
Dangerous builds = 0
next i
jump SELF loop_struct
clear
  using 1 OpenMP thread(s) per MPI task
log energies.log append
units metal
boundary p p p
atom_style atomic
read_data Si333_${i}.in
read_data Si333_111.in
Reading data file ...
  orthogonal box = (0 0 0) to (16.331106 16.331106 16.331106)
  1 by 1 by 1 MPI processor grid
  reading atoms ...
  216 atoms
  reading velocities ...
  216 velocities
  read_data CPU = 0.001 seconds
mass 1 28.085
pair_style sw
pair_coeff * * Si.sw Si
Reading sw potential file Si.sw with DATE: 2007-06-11
run 0
Neighbor list info ...
  update: every = 1 steps, delay = 0 steps, check = yes
  max neighbors/atom: 2000, page size: 100000
  master list distance cutoff = 5.77118
  ghost atom cutoff = 5.77118
  binsize = 2.88559, bins = 6 6 6
  1 neighbor lists, perpetual/occasional/extra = 1 0 0
  (1) pair sw, perpetual
      attributes: full, newton on
      pair build: full/bin/atomonly
      stencil: full/bin/3d
      bin: standard
Per MPI rank memory allocation (min/avg/max) = 3.092 | 3.092 | 3.092 Mbytes
   Step          Temp          E_pair         E_mol          TotEng         Press     
WARNING: Too many warnings: 111 vs 100. All future warnings will be suppressed (src/thermo.cpp:478)
         0   0             -935.45575      0             -935.45575     -6717.6899    
Loop time of 1.04e-06 on 1 procs for 0 steps with 216 atoms

96.2% CPU use with 1 MPI tasks x 1 OpenMP threads

MPI task timing breakdown:
Section |  min time  |  avg time  |  max time  |%varavg| %total
---------------------------------------------------------------
Pair    | 0          | 0          | 0          |   0.0 |  0.00
Neigh   | 0          | 0          | 0          |   0.0 |  0.00
Comm    | 0          | 0          | 0          |   0.0 |  0.00
Output  | 0          | 0          | 0          |   0.0 |  0.00
Modify  | 0          | 0          | 0          |   0.0 |  0.00
Other   |            | 1.04e-06   |            |       |100.00

Nlocal:            216 ave         216 max         216 min
Histogram: 1 0 0 0 0 0 0 0 0 0
Nghost:            939 ave         939 max         939 min
Histogram: 1 0 0 0 0 0 0 0 0 0
Neighs:              0 ave           0 max           0 min
Histogram: 1 0 0 0 0 0 0 0 0 0
FullNghs:         7344 ave        7344 max        7344 min
Histogram: 1 0 0 0 0 0 0 0 0 0

Total # of neighbors = 7344
Ave neighs/atom = 34
Neighbor list builds = 0
Dangerous builds = 0
next i
jump SELF loop_struct
clear
  using 1 OpenMP thread(s) per MPI task
log energies.log append
units metal
boundary p p p
atom_style atomic
read_data Si333_${i}.in
read_data Si333_112.in
Reading data file ...
  orthogonal box = (0 0 0) to (16.331106 16.331106 16.331106)
  1 by 1 by 1 MPI processor grid
  reading atoms ...
  216 atoms
  reading velocities ...
  216 velocities
  read_data CPU = 0.001 seconds
mass 1 28.085
pair_style sw
pair_coeff * * Si.sw Si
Reading sw potential file Si.sw with DATE: 2007-06-11
run 0
Neighbor list info ...
  update: every = 1 steps, delay = 0 steps, check = yes
  max neighbors/atom: 2000, page size: 100000
  master list distance cutoff = 5.77118
  ghost atom cutoff = 5.77118
  binsize = 2.88559, bins = 6 6 6
  1 neighbor lists, perpetual/occasional/extra = 1 0 0
  (1) pair sw, perpetual
      attributes: full, newton on
      pair build: full/bin/atomonly
      stencil: full/bin/3d
      bin: standard
Per MPI rank memory allocation (min/avg/max) = 3.086 | 3.086 | 3.086 Mbytes
   Step          Temp          E_pair         E_mol          TotEng         Press     
WARNING: Too many warnings: 112 vs 100. All future warnings will be suppressed (src/thermo.cpp:478)
         0   0             -935.12836      0             -935.12836     -6647.3851    
Loop time of 1.05e-06 on 1 procs for 0 steps with 216 atoms

0.0% CPU use with 1 MPI tasks x 1 OpenMP threads

MPI task timing breakdown:
Section |  min time  |  avg time  |  max time  |%varavg| %total
---------------------------------------------------------------
Pair    | 0          | 0          | 0          |   0.0 |  0.00
Neigh   | 0          | 0          | 0          |   0.0 |  0.00
Comm    | 0          | 0          | 0          |   0.0 |  0.00
Output  | 0          | 0          | 0          |   0.0 |  0.00
Modify  | 0          | 0          | 0          |   0.0 |  0.00
Other   |            | 1.05e-06   |            |       |100.00

Nlocal:            216 ave         216 max         216 min
Histogram: 1 0 0 0 0 0 0 0 0 0
Nghost:            884 ave         884 max         884 min
Histogram: 1 0 0 0 0 0 0 0 0 0
Neighs:              0 ave           0 max           0 min
Histogram: 1 0 0 0 0 0 0 0 0 0
FullNghs:         7344 ave        7344 max        7344 min
Histogram: 1 0 0 0 0 0 0 0 0 0

Total # of neighbors = 7344
Ave neighs/atom = 34
Neighbor list builds = 0
Dangerous builds = 0
next i
jump SELF loop_struct
clear
  using 1 OpenMP thread(s) per MPI task
log energies.log append
units metal
boundary p p p
atom_style atomic
read_data Si333_${i}.in
read_data Si333_113.in
Reading data file ...
  orthogonal box = (0 0 0) to (16.331106 16.331106 16.331106)
  1 by 1 by 1 MPI processor grid
  reading atoms ...
  216 atoms
  reading velocities ...
  216 velocities
  read_data CPU = 0.001 seconds
mass 1 28.085
pair_style sw
pair_coeff * * Si.sw Si
Reading sw potential file Si.sw with DATE: 2007-06-11
run 0
Neighbor list info ...
  update: every = 1 steps, delay = 0 steps, check = yes
  max neighbors/atom: 2000, page size: 100000
  master list distance cutoff = 5.77118
  ghost atom cutoff = 5.77118
  binsize = 2.88559, bins = 6 6 6
  1 neighbor lists, perpetual/occasional/extra = 1 0 0
  (1) pair sw, perpetual
      attributes: full, newton on
      pair build: full/bin/atomonly
      stencil: full/bin/3d
      bin: standard
Per MPI rank memory allocation (min/avg/max) = 3.081 | 3.081 | 3.081 Mbytes
   Step          Temp          E_pair         E_mol          TotEng         Press     
WARNING: Too many warnings: 113 vs 100. All future warnings will be suppressed (src/thermo.cpp:478)
         0   0             -935.22733      0             -935.22733     -6659.4693    
Loop time of 1.04e-06 on 1 procs for 0 steps with 216 atoms

96.2% CPU use with 1 MPI tasks x 1 OpenMP threads

MPI task timing breakdown:
Section |  min time  |  avg time  |  max time  |%varavg| %total
---------------------------------------------------------------
Pair    | 0          | 0          | 0          |   0.0 |  0.00
Neigh   | 0          | 0          | 0          |   0.0 |  0.00
Comm    | 0          | 0          | 0          |   0.0 |  0.00
Output  | 0          | 0          | 0          |   0.0 |  0.00
Modify  | 0          | 0          | 0          |   0.0 |  0.00
Other   |            | 1.04e-06   |            |       |100.00

Nlocal:            216 ave         216 max         216 min
Histogram: 1 0 0 0 0 0 0 0 0 0
Nghost:            784 ave         784 max         784 min
Histogram: 1 0 0 0 0 0 0 0 0 0
Neighs:              0 ave           0 max           0 min
Histogram: 1 0 0 0 0 0 0 0 0 0
FullNghs:         7344 ave        7344 max        7344 min
Histogram: 1 0 0 0 0 0 0 0 0 0

Total # of neighbors = 7344
Ave neighs/atom = 34
Neighbor list builds = 0
Dangerous builds = 0
next i
jump SELF loop_struct
clear
  using 1 OpenMP thread(s) per MPI task
log energies.log append
units metal
boundary p p p
atom_style atomic
read_data Si333_${i}.in
read_data Si333_114.in
Reading data file ...
  orthogonal box = (0 0 0) to (16.331106 16.331106 16.331106)
  1 by 1 by 1 MPI processor grid
  reading atoms ...
  216 atoms
  reading velocities ...
  216 velocities
  read_data CPU = 0.001 seconds
mass 1 28.085
pair_style sw
pair_coeff * * Si.sw Si
Reading sw potential file Si.sw with DATE: 2007-06-11
run 0
Neighbor list info ...
  update: every = 1 steps, delay = 0 steps, check = yes
  max neighbors/atom: 2000, page size: 100000
  master list distance cutoff = 5.77118
  ghost atom cutoff = 5.77118
  binsize = 2.88559, bins = 6 6 6
  1 neighbor lists, perpetual/occasional/extra = 1 0 0
  (1) pair sw, perpetual
      attributes: full, newton on
      pair build: full/bin/atomonly
      stencil: full/bin/3d
      bin: standard
Per MPI rank memory allocation (min/avg/max) = 3.09 | 3.09 | 3.09 Mbytes
   Step          Temp          E_pair         E_mol          TotEng         Press     
WARNING: Too many warnings: 114 vs 100. All future warnings will be suppressed (src/thermo.cpp:478)
         0   0             -935.22238      0             -935.22238     -6641.098     
Loop time of 1.04e-06 on 1 procs for 0 steps with 216 atoms

96.2% CPU use with 1 MPI tasks x 1 OpenMP threads

MPI task timing breakdown:
Section |  min time  |  avg time  |  max time  |%varavg| %total
---------------------------------------------------------------
Pair    | 0          | 0          | 0          |   0.0 |  0.00
Neigh   | 0          | 0          | 0          |   0.0 |  0.00
Comm    | 0          | 0          | 0          |   0.0 |  0.00
Output  | 0          | 0          | 0          |   0.0 |  0.00
Modify  | 0          | 0          | 0          |   0.0 |  0.00
Other   |            | 1.04e-06   |            |       |100.00

Nlocal:            216 ave         216 max         216 min
Histogram: 1 0 0 0 0 0 0 0 0 0
Nghost:            884 ave         884 max         884 min
Histogram: 1 0 0 0 0 0 0 0 0 0
Neighs:              0 ave           0 max           0 min
Histogram: 1 0 0 0 0 0 0 0 0 0
FullNghs:         7344 ave        7344 max        7344 min
Histogram: 1 0 0 0 0 0 0 0 0 0

Total # of neighbors = 7344
Ave neighs/atom = 34
Neighbor list builds = 0
Dangerous builds = 0
next i
jump SELF loop_struct
clear
  using 1 OpenMP thread(s) per MPI task
log energies.log append
units metal
boundary p p p
atom_style atomic
read_data Si333_${i}.in
read_data Si333_115.in
Reading data file ...
  orthogonal box = (0 0 0) to (16.331106 16.331106 16.331106)
  1 by 1 by 1 MPI processor grid
  reading atoms ...
  216 atoms
  reading velocities ...
  216 velocities
  read_data CPU = 0.001 seconds
mass 1 28.085
pair_style sw
pair_coeff * * Si.sw Si
Reading sw potential file Si.sw with DATE: 2007-06-11
run 0
Neighbor list info ...
  update: every = 1 steps, delay = 0 steps, check = yes
  max neighbors/atom: 2000, page size: 100000
  master list distance cutoff = 5.77118
  ghost atom cutoff = 5.77118
  binsize = 2.88559, bins = 6 6 6
  1 neighbor lists, perpetual/occasional/extra = 1 0 0
  (1) pair sw, perpetual
      attributes: full, newton on
      pair build: full/bin/atomonly
      stencil: full/bin/3d
      bin: standard
Per MPI rank memory allocation (min/avg/max) = 3.081 | 3.081 | 3.081 Mbytes
   Step          Temp          E_pair         E_mol          TotEng         Press     
WARNING: Too many warnings: 115 vs 100. All future warnings will be suppressed (src/thermo.cpp:478)
         0   0             -935.18703      0             -935.18703     -6656.4577    
Loop time of 1.04e-06 on 1 procs for 0 steps with 216 atoms

0.0% CPU use with 1 MPI tasks x 1 OpenMP threads

MPI task timing breakdown:
Section |  min time  |  avg time  |  max time  |%varavg| %total
---------------------------------------------------------------
Pair    | 0          | 0          | 0          |   0.0 |  0.00
Neigh   | 0          | 0          | 0          |   0.0 |  0.00
Comm    | 0          | 0          | 0          |   0.0 |  0.00
Output  | 0          | 0          | 0          |   0.0 |  0.00
Modify  | 0          | 0          | 0          |   0.0 |  0.00
Other   |            | 1.04e-06   |            |       |100.00

Nlocal:            216 ave         216 max         216 min
Histogram: 1 0 0 0 0 0 0 0 0 0
Nghost:            784 ave         784 max         784 min
Histogram: 1 0 0 0 0 0 0 0 0 0
Neighs:              0 ave           0 max           0 min
Histogram: 1 0 0 0 0 0 0 0 0 0
FullNghs:         7344 ave        7344 max        7344 min
Histogram: 1 0 0 0 0 0 0 0 0 0

Total # of neighbors = 7344
Ave neighs/atom = 34
Neighbor list builds = 0
Dangerous builds = 0
next i
jump SELF loop_struct
clear
  using 1 OpenMP thread(s) per MPI task
log energies.log append
units metal
boundary p p p
atom_style atomic
read_data Si333_${i}.in
read_data Si333_116.in
Reading data file ...
  orthogonal box = (0 0 0) to (16.331106 16.331106 16.331106)
  1 by 1 by 1 MPI processor grid
  reading atoms ...
  216 atoms
  reading velocities ...
  216 velocities
  read_data CPU = 0.001 seconds
mass 1 28.085
pair_style sw
pair_coeff * * Si.sw Si
Reading sw potential file Si.sw with DATE: 2007-06-11
run 0
Neighbor list info ...
  update: every = 1 steps, delay = 0 steps, check = yes
  max neighbors/atom: 2000, page size: 100000
  master list distance cutoff = 5.77118
  ghost atom cutoff = 5.77118
  binsize = 2.88559, bins = 6 6 6
  1 neighbor lists, perpetual/occasional/extra = 1 0 0
  (1) pair sw, perpetual
      attributes: full, newton on
      pair build: full/bin/atomonly
      stencil: full/bin/3d
      bin: standard
Per MPI rank memory allocation (min/avg/max) = 3.089 | 3.089 | 3.089 Mbytes
   Step          Temp          E_pair         E_mol          TotEng         Press     
WARNING: Too many warnings: 116 vs 100. All future warnings will be suppressed (src/thermo.cpp:478)
         0   0             -935.31772      0             -935.31772     -6684.2203    
Loop time of 1.08e-06 on 1 procs for 0 steps with 216 atoms

92.6% CPU use with 1 MPI tasks x 1 OpenMP threads

MPI task timing breakdown:
Section |  min time  |  avg time  |  max time  |%varavg| %total
---------------------------------------------------------------
Pair    | 0          | 0          | 0          |   0.0 |  0.00
Neigh   | 0          | 0          | 0          |   0.0 |  0.00
Comm    | 0          | 0          | 0          |   0.0 |  0.00
Output  | 0          | 0          | 0          |   0.0 |  0.00
Modify  | 0          | 0          | 0          |   0.0 |  0.00
Other   |            | 1.08e-06   |            |       |100.00

Nlocal:            216 ave         216 max         216 min
Histogram: 1 0 0 0 0 0 0 0 0 0
Nghost:            864 ave         864 max         864 min
Histogram: 1 0 0 0 0 0 0 0 0 0
Neighs:              0 ave           0 max           0 min
Histogram: 1 0 0 0 0 0 0 0 0 0
FullNghs:         7344 ave        7344 max        7344 min
Histogram: 1 0 0 0 0 0 0 0 0 0

Total # of neighbors = 7344
Ave neighs/atom = 34
Neighbor list builds = 0
Dangerous builds = 0
next i
jump SELF loop_struct
clear
  using 1 OpenMP thread(s) per MPI task
log energies.log append
units metal
boundary p p p
atom_style atomic
read_data Si333_${i}.in
read_data Si333_117.in
Reading data file ...
  orthogonal box = (0 0 0) to (16.331106 16.331106 16.331106)
  1 by 1 by 1 MPI processor grid
  reading atoms ...
  216 atoms
  reading velocities ...
  216 velocities
  read_data CPU = 0.001 seconds
mass 1 28.085
pair_style sw
pair_coeff * * Si.sw Si
Reading sw potential file Si.sw with DATE: 2007-06-11
run 0
Neighbor list info ...
  update: every = 1 steps, delay = 0 steps, check = yes
  max neighbors/atom: 2000, page size: 100000
  master list distance cutoff = 5.77118
  ghost atom cutoff = 5.77118
  binsize = 2.88559, bins = 6 6 6
  1 neighbor lists, perpetual/occasional/extra = 1 0 0
  (1) pair sw, perpetual
      attributes: full, newton on
      pair build: full/bin/atomonly
      stencil: full/bin/3d
      bin: standard
Per MPI rank memory allocation (min/avg/max) = 3.081 | 3.081 | 3.081 Mbytes
   Step          Temp          E_pair         E_mol          TotEng         Press     
WARNING: Too many warnings: 117 vs 100. All future warnings will be suppressed (src/thermo.cpp:478)
         0   0             -935.41377      0             -935.41377     -6697.5058    
Loop time of 1.03e-06 on 1 procs for 0 steps with 216 atoms

97.1% CPU use with 1 MPI tasks x 1 OpenMP threads

MPI task timing breakdown:
Section |  min time  |  avg time  |  max time  |%varavg| %total
---------------------------------------------------------------
Pair    | 0          | 0          | 0          |   0.0 |  0.00
Neigh   | 0          | 0          | 0          |   0.0 |  0.00
Comm    | 0          | 0          | 0          |   0.0 |  0.00
Output  | 0          | 0          | 0          |   0.0 |  0.00
Modify  | 0          | 0          | 0          |   0.0 |  0.00
Other   |            | 1.03e-06   |            |       |100.00

Nlocal:            216 ave         216 max         216 min
Histogram: 1 0 0 0 0 0 0 0 0 0
Nghost:            784 ave         784 max         784 min
Histogram: 1 0 0 0 0 0 0 0 0 0
Neighs:              0 ave           0 max           0 min
Histogram: 1 0 0 0 0 0 0 0 0 0
FullNghs:         7344 ave        7344 max        7344 min
Histogram: 1 0 0 0 0 0 0 0 0 0

Total # of neighbors = 7344
Ave neighs/atom = 34
Neighbor list builds = 0
Dangerous builds = 0
next i
jump SELF loop_struct
clear
  using 1 OpenMP thread(s) per MPI task
log energies.log append
units metal
boundary p p p
atom_style atomic
read_data Si333_${i}.in
read_data Si333_118.in
Reading data file ...
  orthogonal box = (0 0 0) to (16.331106 16.331106 16.331106)
  1 by 1 by 1 MPI processor grid
  reading atoms ...
  216 atoms
  reading velocities ...
  216 velocities
  read_data CPU = 0.001 seconds
mass 1 28.085
pair_style sw
pair_coeff * * Si.sw Si
Reading sw potential file Si.sw with DATE: 2007-06-11
run 0
Neighbor list info ...
  update: every = 1 steps, delay = 0 steps, check = yes
  max neighbors/atom: 2000, page size: 100000
  master list distance cutoff = 5.77118
  ghost atom cutoff = 5.77118
  binsize = 2.88559, bins = 6 6 6
  1 neighbor lists, perpetual/occasional/extra = 1 0 0
  (1) pair sw, perpetual
      attributes: full, newton on
      pair build: full/bin/atomonly
      stencil: full/bin/3d
      bin: standard
Per MPI rank memory allocation (min/avg/max) = 3.083 | 3.083 | 3.083 Mbytes
   Step          Temp          E_pair         E_mol          TotEng         Press     
WARNING: Too many warnings: 118 vs 100. All future warnings will be suppressed (src/thermo.cpp:478)
         0   0             -935.2576       0             -935.2576      -6655.2324    
Loop time of 1.08e-06 on 1 procs for 0 steps with 216 atoms

92.6% CPU use with 1 MPI tasks x 1 OpenMP threads

MPI task timing breakdown:
Section |  min time  |  avg time  |  max time  |%varavg| %total
---------------------------------------------------------------
Pair    | 0          | 0          | 0          |   0.0 |  0.00
Neigh   | 0          | 0          | 0          |   0.0 |  0.00
Comm    | 0          | 0          | 0          |   0.0 |  0.00
Output  | 0          | 0          | 0          |   0.0 |  0.00
Modify  | 0          | 0          | 0          |   0.0 |  0.00
Other   |            | 1.08e-06   |            |       |100.00

Nlocal:            216 ave         216 max         216 min
Histogram: 1 0 0 0 0 0 0 0 0 0
Nghost:            834 ave         834 max         834 min
Histogram: 1 0 0 0 0 0 0 0 0 0
Neighs:              0 ave           0 max           0 min
Histogram: 1 0 0 0 0 0 0 0 0 0
FullNghs:         7344 ave        7344 max        7344 min
Histogram: 1 0 0 0 0 0 0 0 0 0

Total # of neighbors = 7344
Ave neighs/atom = 34
Neighbor list builds = 0
Dangerous builds = 0
next i
jump SELF loop_struct
clear
  using 1 OpenMP thread(s) per MPI task
log energies.log append
units metal
boundary p p p
atom_style atomic
read_data Si333_${i}.in
read_data Si333_119.in
Reading data file ...
  orthogonal box = (0 0 0) to (16.331106 16.331106 16.331106)
  1 by 1 by 1 MPI processor grid
  reading atoms ...
  216 atoms
  reading velocities ...
  216 velocities
  read_data CPU = 0.001 seconds
mass 1 28.085
pair_style sw
pair_coeff * * Si.sw Si
Reading sw potential file Si.sw with DATE: 2007-06-11
run 0
Neighbor list info ...
  update: every = 1 steps, delay = 0 steps, check = yes
  max neighbors/atom: 2000, page size: 100000
  master list distance cutoff = 5.77118
  ghost atom cutoff = 5.77118
  binsize = 2.88559, bins = 6 6 6
  1 neighbor lists, perpetual/occasional/extra = 1 0 0
  (1) pair sw, perpetual
      attributes: full, newton on
      pair build: full/bin/atomonly
      stencil: full/bin/3d
      bin: standard
Per MPI rank memory allocation (min/avg/max) = 3.083 | 3.083 | 3.083 Mbytes
   Step          Temp          E_pair         E_mol          TotEng         Press     
WARNING: Too many warnings: 119 vs 100. All future warnings will be suppressed (src/thermo.cpp:478)
         0   0             -935.22964      0             -935.22964     -6657.9696    
Loop time of 1.25e-06 on 1 procs for 0 steps with 216 atoms

80.0% CPU use with 1 MPI tasks x 1 OpenMP threads

MPI task timing breakdown:
Section |  min time  |  avg time  |  max time  |%varavg| %total
---------------------------------------------------------------
Pair    | 0          | 0          | 0          |   0.0 |  0.00
Neigh   | 0          | 0          | 0          |   0.0 |  0.00
Comm    | 0          | 0          | 0          |   0.0 |  0.00
Output  | 0          | 0          | 0          |   0.0 |  0.00
Modify  | 0          | 0          | 0          |   0.0 |  0.00
Other   |            | 1.25e-06   |            |       |100.00

Nlocal:            216 ave         216 max         216 min
Histogram: 1 0 0 0 0 0 0 0 0 0
Nghost:            834 ave         834 max         834 min
Histogram: 1 0 0 0 0 0 0 0 0 0
Neighs:              0 ave           0 max           0 min
Histogram: 1 0 0 0 0 0 0 0 0 0
FullNghs:         7344 ave        7344 max        7344 min
Histogram: 1 0 0 0 0 0 0 0 0 0

Total # of neighbors = 7344
Ave neighs/atom = 34
Neighbor list builds = 0
Dangerous builds = 0
next i
jump SELF loop_struct
clear
  using 1 OpenMP thread(s) per MPI task
log energies.log append
units metal
boundary p p p
atom_style atomic
read_data Si333_${i}.in
read_data Si333_120.in
Reading data file ...
  orthogonal box = (0 0 0) to (16.331106 16.331106 16.331106)
  1 by 1 by 1 MPI processor grid
  reading atoms ...
  216 atoms
  reading velocities ...
  216 velocities
  read_data CPU = 0.001 seconds
mass 1 28.085
pair_style sw
pair_coeff * * Si.sw Si
Reading sw potential file Si.sw with DATE: 2007-06-11
run 0
Neighbor list info ...
  update: every = 1 steps, delay = 0 steps, check = yes
  max neighbors/atom: 2000, page size: 100000
  master list distance cutoff = 5.77118
  ghost atom cutoff = 5.77118
  binsize = 2.88559, bins = 6 6 6
  1 neighbor lists, perpetual/occasional/extra = 1 0 0
  (1) pair sw, perpetual
      attributes: full, newton on
      pair build: full/bin/atomonly
      stencil: full/bin/3d
      bin: standard
Per MPI rank memory allocation (min/avg/max) = 3.081 | 3.081 | 3.081 Mbytes
   Step          Temp          E_pair         E_mol          TotEng         Press     
WARNING: Too many warnings: 120 vs 100. All future warnings will be suppressed (src/thermo.cpp:478)
         0   0             -935.20207      0             -935.20207     -6646.7539    
Loop time of 1.06e-06 on 1 procs for 0 steps with 216 atoms

94.3% CPU use with 1 MPI tasks x 1 OpenMP threads

MPI task timing breakdown:
Section |  min time  |  avg time  |  max time  |%varavg| %total
---------------------------------------------------------------
Pair    | 0          | 0          | 0          |   0.0 |  0.00
Neigh   | 0          | 0          | 0          |   0.0 |  0.00
Comm    | 0          | 0          | 0          |   0.0 |  0.00
Output  | 0          | 0          | 0          |   0.0 |  0.00
Modify  | 0          | 0          | 0          |   0.0 |  0.00
Other   |            | 1.06e-06   |            |       |100.00

Nlocal:            216 ave         216 max         216 min
Histogram: 1 0 0 0 0 0 0 0 0 0
Nghost:            784 ave         784 max         784 min
Histogram: 1 0 0 0 0 0 0 0 0 0
Neighs:              0 ave           0 max           0 min
Histogram: 1 0 0 0 0 0 0 0 0 0
FullNghs:         7344 ave        7344 max        7344 min
Histogram: 1 0 0 0 0 0 0 0 0 0

Total # of neighbors = 7344
Ave neighs/atom = 34
Neighbor list builds = 0
Dangerous builds = 0
next i
jump SELF loop_struct
clear
  using 1 OpenMP thread(s) per MPI task
log energies.log append
units metal
boundary p p p
atom_style atomic
read_data Si333_${i}.in
read_data Si333_121.in
Reading data file ...
  orthogonal box = (0 0 0) to (16.331106 16.331106 16.331106)
  1 by 1 by 1 MPI processor grid
  reading atoms ...
  216 atoms
  reading velocities ...
  216 velocities
  read_data CPU = 0.001 seconds
mass 1 28.085
pair_style sw
pair_coeff * * Si.sw Si
Reading sw potential file Si.sw with DATE: 2007-06-11
run 0
Neighbor list info ...
  update: every = 1 steps, delay = 0 steps, check = yes
  max neighbors/atom: 2000, page size: 100000
  master list distance cutoff = 5.77118
  ghost atom cutoff = 5.77118
  binsize = 2.88559, bins = 6 6 6
  1 neighbor lists, perpetual/occasional/extra = 1 0 0
  (1) pair sw, perpetual
      attributes: full, newton on
      pair build: full/bin/atomonly
      stencil: full/bin/3d
      bin: standard
Per MPI rank memory allocation (min/avg/max) = 3.086 | 3.086 | 3.086 Mbytes
   Step          Temp          E_pair         E_mol          TotEng         Press     
WARNING: Too many warnings: 121 vs 100. All future warnings will be suppressed (src/thermo.cpp:478)
         0   0             -935.20893      0             -935.20893     -6656.7241    
Loop time of 1.04e-06 on 1 procs for 0 steps with 216 atoms

0.0% CPU use with 1 MPI tasks x 1 OpenMP threads

MPI task timing breakdown:
Section |  min time  |  avg time  |  max time  |%varavg| %total
---------------------------------------------------------------
Pair    | 0          | 0          | 0          |   0.0 |  0.00
Neigh   | 0          | 0          | 0          |   0.0 |  0.00
Comm    | 0          | 0          | 0          |   0.0 |  0.00
Output  | 0          | 0          | 0          |   0.0 |  0.00
Modify  | 0          | 0          | 0          |   0.0 |  0.00
Other   |            | 1.04e-06   |            |       |100.00

Nlocal:            216 ave         216 max         216 min
Histogram: 1 0 0 0 0 0 0 0 0 0
Nghost:            884 ave         884 max         884 min
Histogram: 1 0 0 0 0 0 0 0 0 0
Neighs:              0 ave           0 max           0 min
Histogram: 1 0 0 0 0 0 0 0 0 0
FullNghs:         7344 ave        7344 max        7344 min
Histogram: 1 0 0 0 0 0 0 0 0 0

Total # of neighbors = 7344
Ave neighs/atom = 34
Neighbor list builds = 0
Dangerous builds = 0
next i
jump SELF loop_struct
clear
  using 1 OpenMP thread(s) per MPI task
log energies.log append
units metal
boundary p p p
atom_style atomic
read_data Si333_${i}.in
read_data Si333_122.in
Reading data file ...
  orthogonal box = (0 0 0) to (16.331106 16.331106 16.331106)
  1 by 1 by 1 MPI processor grid
  reading atoms ...
  216 atoms
  reading velocities ...
  216 velocities
  read_data CPU = 0.001 seconds
mass 1 28.085
pair_style sw
pair_coeff * * Si.sw Si
Reading sw potential file Si.sw with DATE: 2007-06-11
run 0
Neighbor list info ...
  update: every = 1 steps, delay = 0 steps, check = yes
  max neighbors/atom: 2000, page size: 100000
  master list distance cutoff = 5.77118
  ghost atom cutoff = 5.77118
  binsize = 2.88559, bins = 6 6 6
  1 neighbor lists, perpetual/occasional/extra = 1 0 0
  (1) pair sw, perpetual
      attributes: full, newton on
      pair build: full/bin/atomonly
      stencil: full/bin/3d
      bin: standard
Per MPI rank memory allocation (min/avg/max) = 3.086 | 3.086 | 3.086 Mbytes
   Step          Temp          E_pair         E_mol          TotEng         Press     
WARNING: Too many warnings: 122 vs 100. All future warnings will be suppressed (src/thermo.cpp:478)
         0   0             -935.18476      0             -935.18476     -6645.3559    
Loop time of 1.02e-06 on 1 procs for 0 steps with 216 atoms

196.1% CPU use with 1 MPI tasks x 1 OpenMP threads

MPI task timing breakdown:
Section |  min time  |  avg time  |  max time  |%varavg| %total
---------------------------------------------------------------
Pair    | 0          | 0          | 0          |   0.0 |  0.00
Neigh   | 0          | 0          | 0          |   0.0 |  0.00
Comm    | 0          | 0          | 0          |   0.0 |  0.00
Output  | 0          | 0          | 0          |   0.0 |  0.00
Modify  | 0          | 0          | 0          |   0.0 |  0.00
Other   |            | 1.02e-06   |            |       |100.00

Nlocal:            216 ave         216 max         216 min
Histogram: 1 0 0 0 0 0 0 0 0 0
Nghost:            871 ave         871 max         871 min
Histogram: 1 0 0 0 0 0 0 0 0 0
Neighs:              0 ave           0 max           0 min
Histogram: 1 0 0 0 0 0 0 0 0 0
FullNghs:         7344 ave        7344 max        7344 min
Histogram: 1 0 0 0 0 0 0 0 0 0

Total # of neighbors = 7344
Ave neighs/atom = 34
Neighbor list builds = 0
Dangerous builds = 0
next i
jump SELF loop_struct
clear
  using 1 OpenMP thread(s) per MPI task
log energies.log append
units metal
boundary p p p
atom_style atomic
read_data Si333_${i}.in
read_data Si333_123.in
Reading data file ...
  orthogonal box = (0 0 0) to (16.331106 16.331106 16.331106)
  1 by 1 by 1 MPI processor grid
  reading atoms ...
  216 atoms
  reading velocities ...
  216 velocities
  read_data CPU = 0.001 seconds
mass 1 28.085
pair_style sw
pair_coeff * * Si.sw Si
Reading sw potential file Si.sw with DATE: 2007-06-11
run 0
Neighbor list info ...
  update: every = 1 steps, delay = 0 steps, check = yes
  max neighbors/atom: 2000, page size: 100000
  master list distance cutoff = 5.77118
  ghost atom cutoff = 5.77118
  binsize = 2.88559, bins = 6 6 6
  1 neighbor lists, perpetual/occasional/extra = 1 0 0
  (1) pair sw, perpetual
      attributes: full, newton on
      pair build: full/bin/atomonly
      stencil: full/bin/3d
      bin: standard
Per MPI rank memory allocation (min/avg/max) = 3.088 | 3.088 | 3.088 Mbytes
   Step          Temp          E_pair         E_mol          TotEng         Press     
WARNING: Too many warnings: 123 vs 100. All future warnings will be suppressed (src/thermo.cpp:478)
         0   0             -935.18644      0             -935.18644     -6654.5855    
Loop time of 1.03e-06 on 1 procs for 0 steps with 216 atoms

97.1% CPU use with 1 MPI tasks x 1 OpenMP threads

MPI task timing breakdown:
Section |  min time  |  avg time  |  max time  |%varavg| %total
---------------------------------------------------------------
Pair    | 0          | 0          | 0          |   0.0 |  0.00
Neigh   | 0          | 0          | 0          |   0.0 |  0.00
Comm    | 0          | 0          | 0          |   0.0 |  0.00
Output  | 0          | 0          | 0          |   0.0 |  0.00
Modify  | 0          | 0          | 0          |   0.0 |  0.00
Other   |            | 1.03e-06   |            |       |100.00

Nlocal:            216 ave         216 max         216 min
Histogram: 1 0 0 0 0 0 0 0 0 0
Nghost:            834 ave         834 max         834 min
Histogram: 1 0 0 0 0 0 0 0 0 0
Neighs:              0 ave           0 max           0 min
Histogram: 1 0 0 0 0 0 0 0 0 0
FullNghs:         7344 ave        7344 max        7344 min
Histogram: 1 0 0 0 0 0 0 0 0 0

Total # of neighbors = 7344
Ave neighs/atom = 34
Neighbor list builds = 0
Dangerous builds = 0
next i
jump SELF loop_struct
clear
  using 1 OpenMP thread(s) per MPI task
log energies.log append
units metal
boundary p p p
atom_style atomic
read_data Si333_${i}.in
read_data Si333_124.in
Reading data file ...
  orthogonal box = (0 0 0) to (16.331106 16.331106 16.331106)
  1 by 1 by 1 MPI processor grid
  reading atoms ...
  216 atoms
  reading velocities ...
  216 velocities
  read_data CPU = 0.001 seconds
mass 1 28.085
pair_style sw
pair_coeff * * Si.sw Si
Reading sw potential file Si.sw with DATE: 2007-06-11
run 0
Neighbor list info ...
  update: every = 1 steps, delay = 0 steps, check = yes
  max neighbors/atom: 2000, page size: 100000
  master list distance cutoff = 5.77118
  ghost atom cutoff = 5.77118
  binsize = 2.88559, bins = 6 6 6
  1 neighbor lists, perpetual/occasional/extra = 1 0 0
  (1) pair sw, perpetual
      attributes: full, newton on
      pair build: full/bin/atomonly
      stencil: full/bin/3d
      bin: standard
Per MPI rank memory allocation (min/avg/max) = 3.093 | 3.093 | 3.093 Mbytes
   Step          Temp          E_pair         E_mol          TotEng         Press     
WARNING: Too many warnings: 124 vs 100. All future warnings will be suppressed (src/thermo.cpp:478)
         0   0             -935.12826      0             -935.12826     -6618.8721    
Loop time of 1.04e-06 on 1 procs for 0 steps with 216 atoms

96.2% CPU use with 1 MPI tasks x 1 OpenMP threads

MPI task timing breakdown:
Section |  min time  |  avg time  |  max time  |%varavg| %total
---------------------------------------------------------------
Pair    | 0          | 0          | 0          |   0.0 |  0.00
Neigh   | 0          | 0          | 0          |   0.0 |  0.00
Comm    | 0          | 0          | 0          |   0.0 |  0.00
Output  | 0          | 0          | 0          |   0.0 |  0.00
Modify  | 0          | 0          | 0          |   0.0 |  0.00
Other   |            | 1.04e-06   |            |       |100.00

Nlocal:            216 ave         216 max         216 min
Histogram: 1 0 0 0 0 0 0 0 0 0
Nghost:            950 ave         950 max         950 min
Histogram: 1 0 0 0 0 0 0 0 0 0
Neighs:              0 ave           0 max           0 min
Histogram: 1 0 0 0 0 0 0 0 0 0
FullNghs:         7344 ave        7344 max        7344 min
Histogram: 1 0 0 0 0 0 0 0 0 0

Total # of neighbors = 7344
Ave neighs/atom = 34
Neighbor list builds = 0
Dangerous builds = 0
next i
jump SELF loop_struct
clear
  using 1 OpenMP thread(s) per MPI task
log energies.log append
units metal
boundary p p p
atom_style atomic
read_data Si333_${i}.in
read_data Si333_125.in
Reading data file ...
  orthogonal box = (0 0 0) to (16.331106 16.331106 16.331106)
  1 by 1 by 1 MPI processor grid
  reading atoms ...
  216 atoms
  reading velocities ...
  216 velocities
  read_data CPU = 0.001 seconds
mass 1 28.085
pair_style sw
pair_coeff * * Si.sw Si
Reading sw potential file Si.sw with DATE: 2007-06-11
run 0
Neighbor list info ...
  update: every = 1 steps, delay = 0 steps, check = yes
  max neighbors/atom: 2000, page size: 100000
  master list distance cutoff = 5.77118
  ghost atom cutoff = 5.77118
  binsize = 2.88559, bins = 6 6 6
  1 neighbor lists, perpetual/occasional/extra = 1 0 0
  (1) pair sw, perpetual
      attributes: full, newton on
      pair build: full/bin/atomonly
      stencil: full/bin/3d
      bin: standard
Per MPI rank memory allocation (min/avg/max) = 3.09 | 3.09 | 3.09 Mbytes
   Step          Temp          E_pair         E_mol          TotEng         Press     
WARNING: Too many warnings: 125 vs 100. All future warnings will be suppressed (src/thermo.cpp:478)
         0   0             -935.30461      0             -935.30461     -6699.5077    
Loop time of 1.03e-06 on 1 procs for 0 steps with 216 atoms

97.1% CPU use with 1 MPI tasks x 1 OpenMP threads

MPI task timing breakdown:
Section |  min time  |  avg time  |  max time  |%varavg| %total
---------------------------------------------------------------
Pair    | 0          | 0          | 0          |   0.0 |  0.00
Neigh   | 0          | 0          | 0          |   0.0 |  0.00
Comm    | 0          | 0          | 0          |   0.0 |  0.00
Output  | 0          | 0          | 0          |   0.0 |  0.00
Modify  | 0          | 0          | 0          |   0.0 |  0.00
Other   |            | 1.03e-06   |            |       |100.00

Nlocal:            216 ave         216 max         216 min
Histogram: 1 0 0 0 0 0 0 0 0 0
Nghost:            889 ave         889 max         889 min
Histogram: 1 0 0 0 0 0 0 0 0 0
Neighs:              0 ave           0 max           0 min
Histogram: 1 0 0 0 0 0 0 0 0 0
FullNghs:         7344 ave        7344 max        7344 min
Histogram: 1 0 0 0 0 0 0 0 0 0

Total # of neighbors = 7344
Ave neighs/atom = 34
Neighbor list builds = 0
Dangerous builds = 0
next i
jump SELF loop_struct
clear
  using 1 OpenMP thread(s) per MPI task
log energies.log append
units metal
boundary p p p
atom_style atomic
read_data Si333_${i}.in
read_data Si333_126.in
Reading data file ...
  orthogonal box = (0 0 0) to (16.331106 16.331106 16.331106)
  1 by 1 by 1 MPI processor grid
  reading atoms ...
  216 atoms
  reading velocities ...
  216 velocities
  read_data CPU = 0.001 seconds
mass 1 28.085
pair_style sw
pair_coeff * * Si.sw Si
Reading sw potential file Si.sw with DATE: 2007-06-11
run 0
Neighbor list info ...
  update: every = 1 steps, delay = 0 steps, check = yes
  max neighbors/atom: 2000, page size: 100000
  master list distance cutoff = 5.77118
  ghost atom cutoff = 5.77118
  binsize = 2.88559, bins = 6 6 6
  1 neighbor lists, perpetual/occasional/extra = 1 0 0
  (1) pair sw, perpetual
      attributes: full, newton on
      pair build: full/bin/atomonly
      stencil: full/bin/3d
      bin: standard
Per MPI rank memory allocation (min/avg/max) = 3.085 | 3.085 | 3.085 Mbytes
   Step          Temp          E_pair         E_mol          TotEng         Press     
WARNING: Too many warnings: 126 vs 100. All future warnings will be suppressed (src/thermo.cpp:478)
         0   0             -935.4272       0             -935.4272      -6720.6526    
Loop time of 1.03e-06 on 1 procs for 0 steps with 216 atoms

97.1% CPU use with 1 MPI tasks x 1 OpenMP threads

MPI task timing breakdown:
Section |  min time  |  avg time  |  max time  |%varavg| %total
---------------------------------------------------------------
Pair    | 0          | 0          | 0          |   0.0 |  0.00
Neigh   | 0          | 0          | 0          |   0.0 |  0.00
Comm    | 0          | 0          | 0          |   0.0 |  0.00
Output  | 0          | 0          | 0          |   0.0 |  0.00
Modify  | 0          | 0          | 0          |   0.0 |  0.00
Other   |            | 1.03e-06   |            |       |100.00

Nlocal:            216 ave         216 max         216 min
Histogram: 1 0 0 0 0 0 0 0 0 0
Nghost:            834 ave         834 max         834 min
Histogram: 1 0 0 0 0 0 0 0 0 0
Neighs:              0 ave           0 max           0 min
Histogram: 1 0 0 0 0 0 0 0 0 0
FullNghs:         7344 ave        7344 max        7344 min
Histogram: 1 0 0 0 0 0 0 0 0 0

Total # of neighbors = 7344
Ave neighs/atom = 34
Neighbor list builds = 0
Dangerous builds = 0
next i
jump SELF loop_struct
clear
  using 1 OpenMP thread(s) per MPI task
log energies.log append
units metal
boundary p p p
atom_style atomic
read_data Si333_${i}.in
read_data Si333_127.in
Reading data file ...
  orthogonal box = (0 0 0) to (16.331106 16.331106 16.331106)
  1 by 1 by 1 MPI processor grid
  reading atoms ...
  216 atoms
  reading velocities ...
  216 velocities
  read_data CPU = 0.001 seconds
mass 1 28.085
pair_style sw
pair_coeff * * Si.sw Si
Reading sw potential file Si.sw with DATE: 2007-06-11
run 0
Neighbor list info ...
  update: every = 1 steps, delay = 0 steps, check = yes
  max neighbors/atom: 2000, page size: 100000
  master list distance cutoff = 5.77118
  ghost atom cutoff = 5.77118
  binsize = 2.88559, bins = 6 6 6
  1 neighbor lists, perpetual/occasional/extra = 1 0 0
  (1) pair sw, perpetual
      attributes: full, newton on
      pair build: full/bin/atomonly
      stencil: full/bin/3d
      bin: standard
Per MPI rank memory allocation (min/avg/max) = 3.083 | 3.083 | 3.083 Mbytes
   Step          Temp          E_pair         E_mol          TotEng         Press     
WARNING: Too many warnings: 127 vs 100. All future warnings will be suppressed (src/thermo.cpp:478)
         0   0             -935.26313      0             -935.26313     -6664.3197    
Loop time of 1.04e-06 on 1 procs for 0 steps with 216 atoms

96.2% CPU use with 1 MPI tasks x 1 OpenMP threads

MPI task timing breakdown:
Section |  min time  |  avg time  |  max time  |%varavg| %total
---------------------------------------------------------------
Pair    | 0          | 0          | 0          |   0.0 |  0.00
Neigh   | 0          | 0          | 0          |   0.0 |  0.00
Comm    | 0          | 0          | 0          |   0.0 |  0.00
Output  | 0          | 0          | 0          |   0.0 |  0.00
Modify  | 0          | 0          | 0          |   0.0 |  0.00
Other   |            | 1.04e-06   |            |       |100.00

Nlocal:            216 ave         216 max         216 min
Histogram: 1 0 0 0 0 0 0 0 0 0
Nghost:            834 ave         834 max         834 min
Histogram: 1 0 0 0 0 0 0 0 0 0
Neighs:              0 ave           0 max           0 min
Histogram: 1 0 0 0 0 0 0 0 0 0
FullNghs:         7344 ave        7344 max        7344 min
Histogram: 1 0 0 0 0 0 0 0 0 0

Total # of neighbors = 7344
Ave neighs/atom = 34
Neighbor list builds = 0
Dangerous builds = 0
next i
jump SELF loop_struct
clear
  using 1 OpenMP thread(s) per MPI task
log energies.log append
units metal
boundary p p p
atom_style atomic
read_data Si333_${i}.in
read_data Si333_128.in
Reading data file ...
  orthogonal box = (0 0 0) to (16.331106 16.331106 16.331106)
  1 by 1 by 1 MPI processor grid
  reading atoms ...
  216 atoms
  reading velocities ...
  216 velocities
  read_data CPU = 0.001 seconds
mass 1 28.085
pair_style sw
pair_coeff * * Si.sw Si
Reading sw potential file Si.sw with DATE: 2007-06-11
run 0
Neighbor list info ...
  update: every = 1 steps, delay = 0 steps, check = yes
  max neighbors/atom: 2000, page size: 100000
  master list distance cutoff = 5.77118
  ghost atom cutoff = 5.77118
  binsize = 2.88559, bins = 6 6 6
  1 neighbor lists, perpetual/occasional/extra = 1 0 0
  (1) pair sw, perpetual
      attributes: full, newton on
      pair build: full/bin/atomonly
      stencil: full/bin/3d
      bin: standard
Per MPI rank memory allocation (min/avg/max) = 3.087 | 3.087 | 3.087 Mbytes
   Step          Temp          E_pair         E_mol          TotEng         Press     
WARNING: Too many warnings: 128 vs 100. All future warnings will be suppressed (src/thermo.cpp:478)
         0   0             -908.32125      0             -908.32125      9125.9365    
Loop time of 1.22e-06 on 1 procs for 0 steps with 216 atoms

0.0% CPU use with 1 MPI tasks x 1 OpenMP threads

MPI task timing breakdown:
Section |  min time  |  avg time  |  max time  |%varavg| %total
---------------------------------------------------------------
Pair    | 0          | 0          | 0          |   0.0 |  0.00
Neigh   | 0          | 0          | 0          |   0.0 |  0.00
Comm    | 0          | 0          | 0          |   0.0 |  0.00
Output  | 0          | 0          | 0          |   0.0 |  0.00
Modify  | 0          | 0          | 0          |   0.0 |  0.00
Other   |            | 1.22e-06   |            |       |100.00

Nlocal:            216 ave         216 max         216 min
Histogram: 1 0 0 0 0 0 0 0 0 0
Nghost:            891 ave         891 max         891 min
Histogram: 1 0 0 0 0 0 0 0 0 0
Neighs:              0 ave           0 max           0 min
Histogram: 1 0 0 0 0 0 0 0 0 0
FullNghs:         7366 ave        7366 max        7366 min
Histogram: 1 0 0 0 0 0 0 0 0 0

Total # of neighbors = 7366
Ave neighs/atom = 34.101852
Neighbor list builds = 0
Dangerous builds = 0
next i
jump SELF loop_struct
clear
  using 1 OpenMP thread(s) per MPI task
log energies.log append
units metal
boundary p p p
atom_style atomic
read_data Si333_${i}.in
read_data Si333_129.in
Reading data file ...
  orthogonal box = (0 0 0) to (16.331106 16.331106 16.331106)
  1 by 1 by 1 MPI processor grid
  reading atoms ...
  216 atoms
  reading velocities ...
  216 velocities
  read_data CPU = 0.001 seconds
mass 1 28.085
pair_style sw
pair_coeff * * Si.sw Si
Reading sw potential file Si.sw with DATE: 2007-06-11
run 0
Neighbor list info ...
  update: every = 1 steps, delay = 0 steps, check = yes
  max neighbors/atom: 2000, page size: 100000
  master list distance cutoff = 5.77118
  ghost atom cutoff = 5.77118
  binsize = 2.88559, bins = 6 6 6
  1 neighbor lists, perpetual/occasional/extra = 1 0 0
  (1) pair sw, perpetual
      attributes: full, newton on
      pair build: full/bin/atomonly
      stencil: full/bin/3d
      bin: standard
Per MPI rank memory allocation (min/avg/max) = 3.083 | 3.083 | 3.083 Mbytes
   Step          Temp          E_pair         E_mol          TotEng         Press     
WARNING: Too many warnings: 129 vs 100. All future warnings will be suppressed (src/thermo.cpp:478)
         0   0             -908.00779      0             -908.00779      12075.625    
Loop time of 1.03e-06 on 1 procs for 0 steps with 216 atoms

0.0% CPU use with 1 MPI tasks x 1 OpenMP threads

MPI task timing breakdown:
Section |  min time  |  avg time  |  max time  |%varavg| %total
---------------------------------------------------------------
Pair    | 0          | 0          | 0          |   0.0 |  0.00
Neigh   | 0          | 0          | 0          |   0.0 |  0.00
Comm    | 0          | 0          | 0          |   0.0 |  0.00
Output  | 0          | 0          | 0          |   0.0 |  0.00
Modify  | 0          | 0          | 0          |   0.0 |  0.00
Other   |            | 1.03e-06   |            |       |100.00

Nlocal:            216 ave         216 max         216 min
Histogram: 1 0 0 0 0 0 0 0 0 0
Nghost:            832 ave         832 max         832 min
Histogram: 1 0 0 0 0 0 0 0 0 0
Neighs:              0 ave           0 max           0 min
Histogram: 1 0 0 0 0 0 0 0 0 0
FullNghs:         7382 ave        7382 max        7382 min
Histogram: 1 0 0 0 0 0 0 0 0 0

Total # of neighbors = 7382
Ave neighs/atom = 34.175926
Neighbor list builds = 0
Dangerous builds = 0
next i
jump SELF loop_struct
clear
  using 1 OpenMP thread(s) per MPI task
log energies.log append
units metal
boundary p p p
atom_style atomic
read_data Si333_${i}.in
read_data Si333_130.in
Reading data file ...
  orthogonal box = (0 0 0) to (16.331106 16.331106 16.331106)
  1 by 1 by 1 MPI processor grid
  reading atoms ...
  216 atoms
  reading velocities ...
  216 velocities
  read_data CPU = 0.001 seconds
mass 1 28.085
pair_style sw
pair_coeff * * Si.sw Si
Reading sw potential file Si.sw with DATE: 2007-06-11
run 0
Neighbor list info ...
  update: every = 1 steps, delay = 0 steps, check = yes
  max neighbors/atom: 2000, page size: 100000
  master list distance cutoff = 5.77118
  ghost atom cutoff = 5.77118
  binsize = 2.88559, bins = 6 6 6
  1 neighbor lists, perpetual/occasional/extra = 1 0 0
  (1) pair sw, perpetual
      attributes: full, newton on
      pair build: full/bin/atomonly
      stencil: full/bin/3d
      bin: standard
Per MPI rank memory allocation (min/avg/max) = 3.088 | 3.088 | 3.088 Mbytes
   Step          Temp          E_pair         E_mol          TotEng         Press     
WARNING: Too many warnings: 130 vs 100. All future warnings will be suppressed (src/thermo.cpp:478)
         0   0             -935.23533      0             -935.23533     -6644.2716    
Loop time of 1.08e-06 on 1 procs for 0 steps with 216 atoms

0.0% CPU use with 1 MPI tasks x 1 OpenMP threads

MPI task timing breakdown:
Section |  min time  |  avg time  |  max time  |%varavg| %total
---------------------------------------------------------------
Pair    | 0          | 0          | 0          |   0.0 |  0.00
Neigh   | 0          | 0          | 0          |   0.0 |  0.00
Comm    | 0          | 0          | 0          |   0.0 |  0.00
Output  | 0          | 0          | 0          |   0.0 |  0.00
Modify  | 0          | 0          | 0          |   0.0 |  0.00
Other   |            | 1.08e-06   |            |       |100.00

Nlocal:            216 ave         216 max         216 min
Histogram: 1 0 0 0 0 0 0 0 0 0
Nghost:            834 ave         834 max         834 min
Histogram: 1 0 0 0 0 0 0 0 0 0
Neighs:              0 ave           0 max           0 min
Histogram: 1 0 0 0 0 0 0 0 0 0
FullNghs:         7344 ave        7344 max        7344 min
Histogram: 1 0 0 0 0 0 0 0 0 0

Total # of neighbors = 7344
Ave neighs/atom = 34
Neighbor list builds = 0
Dangerous builds = 0
next i
jump SELF loop_struct
clear
  using 1 OpenMP thread(s) per MPI task
log energies.log append
units metal
boundary p p p
atom_style atomic
read_data Si333_${i}.in
read_data Si333_131.in
Reading data file ...
  orthogonal box = (0 0 0) to (16.331106 16.331106 16.331106)
  1 by 1 by 1 MPI processor grid
  reading atoms ...
  216 atoms
  reading velocities ...
  216 velocities
  read_data CPU = 0.001 seconds
mass 1 28.085
pair_style sw
pair_coeff * * Si.sw Si
Reading sw potential file Si.sw with DATE: 2007-06-11
run 0
Neighbor list info ...
  update: every = 1 steps, delay = 0 steps, check = yes
  max neighbors/atom: 2000, page size: 100000
  master list distance cutoff = 5.77118
  ghost atom cutoff = 5.77118
  binsize = 2.88559, bins = 6 6 6
  1 neighbor lists, perpetual/occasional/extra = 1 0 0
  (1) pair sw, perpetual
      attributes: full, newton on
      pair build: full/bin/atomonly
      stencil: full/bin/3d
      bin: standard
Per MPI rank memory allocation (min/avg/max) = 3.086 | 3.086 | 3.086 Mbytes
   Step          Temp          E_pair         E_mol          TotEng         Press     
WARNING: Too many warnings: 131 vs 100. All future warnings will be suppressed (src/thermo.cpp:478)
         0   0             -935.40256      0             -935.40256     -6716.4443    
Loop time of 1.05e-06 on 1 procs for 0 steps with 216 atoms

95.2% CPU use with 1 MPI tasks x 1 OpenMP threads

MPI task timing breakdown:
Section |  min time  |  avg time  |  max time  |%varavg| %total
---------------------------------------------------------------
Pair    | 0          | 0          | 0          |   0.0 |  0.00
Neigh   | 0          | 0          | 0          |   0.0 |  0.00
Comm    | 0          | 0          | 0          |   0.0 |  0.00
Output  | 0          | 0          | 0          |   0.0 |  0.00
Modify  | 0          | 0          | 0          |   0.0 |  0.00
Other   |            | 1.05e-06   |            |       |100.00

Nlocal:            216 ave         216 max         216 min
Histogram: 1 0 0 0 0 0 0 0 0 0
Nghost:            880 ave         880 max         880 min
Histogram: 1 0 0 0 0 0 0 0 0 0
Neighs:              0 ave           0 max           0 min
Histogram: 1 0 0 0 0 0 0 0 0 0
FullNghs:         7344 ave        7344 max        7344 min
Histogram: 1 0 0 0 0 0 0 0 0 0

Total # of neighbors = 7344
Ave neighs/atom = 34
Neighbor list builds = 0
Dangerous builds = 0
next i
jump SELF loop_struct
clear
  using 1 OpenMP thread(s) per MPI task
log energies.log append
units metal
boundary p p p
atom_style atomic
read_data Si333_${i}.in
read_data Si333_132.in
Reading data file ...
  orthogonal box = (0 0 0) to (16.331106 16.331106 16.331106)
  1 by 1 by 1 MPI processor grid
  reading atoms ...
  216 atoms
  reading velocities ...
  216 velocities
  read_data CPU = 0.001 seconds
mass 1 28.085
pair_style sw
pair_coeff * * Si.sw Si
Reading sw potential file Si.sw with DATE: 2007-06-11
run 0
Neighbor list info ...
  update: every = 1 steps, delay = 0 steps, check = yes
  max neighbors/atom: 2000, page size: 100000
  master list distance cutoff = 5.77118
  ghost atom cutoff = 5.77118
  binsize = 2.88559, bins = 6 6 6
  1 neighbor lists, perpetual/occasional/extra = 1 0 0
  (1) pair sw, perpetual
      attributes: full, newton on
      pair build: full/bin/atomonly
      stencil: full/bin/3d
      bin: standard
Per MPI rank memory allocation (min/avg/max) = 3.085 | 3.085 | 3.085 Mbytes
   Step          Temp          E_pair         E_mol          TotEng         Press     
WARNING: Too many warnings: 132 vs 100. All future warnings will be suppressed (src/thermo.cpp:478)
         0   0             -935.33676      0             -935.33676     -6692.9252    
Loop time of 1.03e-06 on 1 procs for 0 steps with 216 atoms

97.1% CPU use with 1 MPI tasks x 1 OpenMP threads

MPI task timing breakdown:
Section |  min time  |  avg time  |  max time  |%varavg| %total
---------------------------------------------------------------
Pair    | 0          | 0          | 0          |   0.0 |  0.00
Neigh   | 0          | 0          | 0          |   0.0 |  0.00
Comm    | 0          | 0          | 0          |   0.0 |  0.00
Output  | 0          | 0          | 0          |   0.0 |  0.00
Modify  | 0          | 0          | 0          |   0.0 |  0.00
Other   |            | 1.03e-06   |            |       |100.00

Nlocal:            216 ave         216 max         216 min
Histogram: 1 0 0 0 0 0 0 0 0 0
Nghost:            873 ave         873 max         873 min
Histogram: 1 0 0 0 0 0 0 0 0 0
Neighs:              0 ave           0 max           0 min
Histogram: 1 0 0 0 0 0 0 0 0 0
FullNghs:         7344 ave        7344 max        7344 min
Histogram: 1 0 0 0 0 0 0 0 0 0

Total # of neighbors = 7344
Ave neighs/atom = 34
Neighbor list builds = 0
Dangerous builds = 0
next i
jump SELF loop_struct
clear
  using 1 OpenMP thread(s) per MPI task
log energies.log append
units metal
boundary p p p
atom_style atomic
read_data Si333_${i}.in
read_data Si333_133.in
Reading data file ...
  orthogonal box = (0 0 0) to (16.331106 16.331106 16.331106)
  1 by 1 by 1 MPI processor grid
  reading atoms ...
  216 atoms
  reading velocities ...
  216 velocities
  read_data CPU = 0.001 seconds
mass 1 28.085
pair_style sw
pair_coeff * * Si.sw Si
Reading sw potential file Si.sw with DATE: 2007-06-11
run 0
Neighbor list info ...
  update: every = 1 steps, delay = 0 steps, check = yes
  max neighbors/atom: 2000, page size: 100000
  master list distance cutoff = 5.77118
  ghost atom cutoff = 5.77118
  binsize = 2.88559, bins = 6 6 6
  1 neighbor lists, perpetual/occasional/extra = 1 0 0
  (1) pair sw, perpetual
      attributes: full, newton on
      pair build: full/bin/atomonly
      stencil: full/bin/3d
      bin: standard
Per MPI rank memory allocation (min/avg/max) = 3.085 | 3.085 | 3.085 Mbytes
   Step          Temp          E_pair         E_mol          TotEng         Press     
WARNING: Too many warnings: 133 vs 100. All future warnings will be suppressed (src/thermo.cpp:478)
         0   0             -935.18665      0             -935.18665     -6632.6876    
Loop time of 1.05e-06 on 1 procs for 0 steps with 216 atoms

190.5% CPU use with 1 MPI tasks x 1 OpenMP threads

MPI task timing breakdown:
Section |  min time  |  avg time  |  max time  |%varavg| %total
---------------------------------------------------------------
Pair    | 0          | 0          | 0          |   0.0 |  0.00
Neigh   | 0          | 0          | 0          |   0.0 |  0.00
Comm    | 0          | 0          | 0          |   0.0 |  0.00
Output  | 0          | 0          | 0          |   0.0 |  0.00
Modify  | 0          | 0          | 0          |   0.0 |  0.00
Other   |            | 1.05e-06   |            |       |100.00

Nlocal:            216 ave         216 max         216 min
Histogram: 1 0 0 0 0 0 0 0 0 0
Nghost:            893 ave         893 max         893 min
Histogram: 1 0 0 0 0 0 0 0 0 0
Neighs:              0 ave           0 max           0 min
Histogram: 1 0 0 0 0 0 0 0 0 0
FullNghs:         7344 ave        7344 max        7344 min
Histogram: 1 0 0 0 0 0 0 0 0 0

Total # of neighbors = 7344
Ave neighs/atom = 34
Neighbor list builds = 0
Dangerous builds = 0
next i
jump SELF loop_struct
clear
  using 1 OpenMP thread(s) per MPI task
log energies.log append
units metal
boundary p p p
atom_style atomic
read_data Si333_${i}.in
read_data Si333_134.in
Reading data file ...
  orthogonal box = (0 0 0) to (16.331106 16.331106 16.331106)
  1 by 1 by 1 MPI processor grid
  reading atoms ...
  216 atoms
  reading velocities ...
  216 velocities
  read_data CPU = 0.001 seconds
mass 1 28.085
pair_style sw
pair_coeff * * Si.sw Si
Reading sw potential file Si.sw with DATE: 2007-06-11
run 0
Neighbor list info ...
  update: every = 1 steps, delay = 0 steps, check = yes
  max neighbors/atom: 2000, page size: 100000
  master list distance cutoff = 5.77118
  ghost atom cutoff = 5.77118
  binsize = 2.88559, bins = 6 6 6
  1 neighbor lists, perpetual/occasional/extra = 1 0 0
  (1) pair sw, perpetual
      attributes: full, newton on
      pair build: full/bin/atomonly
      stencil: full/bin/3d
      bin: standard
Per MPI rank memory allocation (min/avg/max) = 3.084 | 3.084 | 3.084 Mbytes
   Step          Temp          E_pair         E_mol          TotEng         Press     
WARNING: Too many warnings: 134 vs 100. All future warnings will be suppressed (src/thermo.cpp:478)
         0   0             -935.3344       0             -935.3344      -6682.7613    
Loop time of 1.08e-06 on 1 procs for 0 steps with 216 atoms

92.6% CPU use with 1 MPI tasks x 1 OpenMP threads

MPI task timing breakdown:
Section |  min time  |  avg time  |  max time  |%varavg| %total
---------------------------------------------------------------
Pair    | 0          | 0          | 0          |   0.0 |  0.00
Neigh   | 0          | 0          | 0          |   0.0 |  0.00
Comm    | 0          | 0          | 0          |   0.0 |  0.00
Output  | 0          | 0          | 0          |   0.0 |  0.00
Modify  | 0          | 0          | 0          |   0.0 |  0.00
Other   |            | 1.08e-06   |            |       |100.00

Nlocal:            216 ave         216 max         216 min
Histogram: 1 0 0 0 0 0 0 0 0 0
Nghost:            884 ave         884 max         884 min
Histogram: 1 0 0 0 0 0 0 0 0 0
Neighs:              0 ave           0 max           0 min
Histogram: 1 0 0 0 0 0 0 0 0 0
FullNghs:         7344 ave        7344 max        7344 min
Histogram: 1 0 0 0 0 0 0 0 0 0

Total # of neighbors = 7344
Ave neighs/atom = 34
Neighbor list builds = 0
Dangerous builds = 0
next i
jump SELF loop_struct
clear
  using 1 OpenMP thread(s) per MPI task
log energies.log append
units metal
boundary p p p
atom_style atomic
read_data Si333_${i}.in
read_data Si333_135.in
Reading data file ...
  orthogonal box = (0 0 0) to (16.331106 16.331106 16.331106)
  1 by 1 by 1 MPI processor grid
  reading atoms ...
  216 atoms
  reading velocities ...
  216 velocities
  read_data CPU = 0.001 seconds
mass 1 28.085
pair_style sw
pair_coeff * * Si.sw Si
Reading sw potential file Si.sw with DATE: 2007-06-11
run 0
Neighbor list info ...
  update: every = 1 steps, delay = 0 steps, check = yes
  max neighbors/atom: 2000, page size: 100000
  master list distance cutoff = 5.77118
  ghost atom cutoff = 5.77118
  binsize = 2.88559, bins = 6 6 6
  1 neighbor lists, perpetual/occasional/extra = 1 0 0
  (1) pair sw, perpetual
      attributes: full, newton on
      pair build: full/bin/atomonly
      stencil: full/bin/3d
      bin: standard
Per MPI rank memory allocation (min/avg/max) = 3.083 | 3.083 | 3.083 Mbytes
   Step          Temp          E_pair         E_mol          TotEng         Press     
WARNING: Too many warnings: 135 vs 100. All future warnings will be suppressed (src/thermo.cpp:478)
         0   0             -935.38527      0             -935.38527     -6693.6836    
Loop time of 1.07e-06 on 1 procs for 0 steps with 216 atoms

93.5% CPU use with 1 MPI tasks x 1 OpenMP threads

MPI task timing breakdown:
Section |  min time  |  avg time  |  max time  |%varavg| %total
---------------------------------------------------------------
Pair    | 0          | 0          | 0          |   0.0 |  0.00
Neigh   | 0          | 0          | 0          |   0.0 |  0.00
Comm    | 0          | 0          | 0          |   0.0 |  0.00
Output  | 0          | 0          | 0          |   0.0 |  0.00
Modify  | 0          | 0          | 0          |   0.0 |  0.00
Other   |            | 1.07e-06   |            |       |100.00

Nlocal:            216 ave         216 max         216 min
Histogram: 1 0 0 0 0 0 0 0 0 0
Nghost:            835 ave         835 max         835 min
Histogram: 1 0 0 0 0 0 0 0 0 0
Neighs:              0 ave           0 max           0 min
Histogram: 1 0 0 0 0 0 0 0 0 0
FullNghs:         7344 ave        7344 max        7344 min
Histogram: 1 0 0 0 0 0 0 0 0 0

Total # of neighbors = 7344
Ave neighs/atom = 34
Neighbor list builds = 0
Dangerous builds = 0
next i
jump SELF loop_struct
clear
  using 1 OpenMP thread(s) per MPI task
log energies.log append
units metal
boundary p p p
atom_style atomic
read_data Si333_${i}.in
read_data Si333_136.in
Reading data file ...
  orthogonal box = (0 0 0) to (16.331106 16.331106 16.331106)
  1 by 1 by 1 MPI processor grid
  reading atoms ...
  216 atoms
  reading velocities ...
  216 velocities
  read_data CPU = 0.001 seconds
mass 1 28.085
pair_style sw
pair_coeff * * Si.sw Si
Reading sw potential file Si.sw with DATE: 2007-06-11
run 0
Neighbor list info ...
  update: every = 1 steps, delay = 0 steps, check = yes
  max neighbors/atom: 2000, page size: 100000
  master list distance cutoff = 5.77118
  ghost atom cutoff = 5.77118
  binsize = 2.88559, bins = 6 6 6
  1 neighbor lists, perpetual/occasional/extra = 1 0 0
  (1) pair sw, perpetual
      attributes: full, newton on
      pair build: full/bin/atomonly
      stencil: full/bin/3d
      bin: standard
Per MPI rank memory allocation (min/avg/max) = 3.086 | 3.086 | 3.086 Mbytes
   Step          Temp          E_pair         E_mol          TotEng         Press     
WARNING: Too many warnings: 136 vs 100. All future warnings will be suppressed (src/thermo.cpp:478)
         0   0             -935.268        0             -935.268       -6665.1054    
Loop time of 1.15e-06 on 1 procs for 0 steps with 216 atoms

87.0% CPU use with 1 MPI tasks x 1 OpenMP threads

MPI task timing breakdown:
Section |  min time  |  avg time  |  max time  |%varavg| %total
---------------------------------------------------------------
Pair    | 0          | 0          | 0          |   0.0 |  0.00
Neigh   | 0          | 0          | 0          |   0.0 |  0.00
Comm    | 0          | 0          | 0          |   0.0 |  0.00
Output  | 0          | 0          | 0          |   0.0 |  0.00
Modify  | 0          | 0          | 0          |   0.0 |  0.00
Other   |            | 1.15e-06   |            |       |100.00

Nlocal:            216 ave         216 max         216 min
Histogram: 1 0 0 0 0 0 0 0 0 0
Nghost:            884 ave         884 max         884 min
Histogram: 1 0 0 0 0 0 0 0 0 0
Neighs:              0 ave           0 max           0 min
Histogram: 1 0 0 0 0 0 0 0 0 0
FullNghs:         7344 ave        7344 max        7344 min
Histogram: 1 0 0 0 0 0 0 0 0 0

Total # of neighbors = 7344
Ave neighs/atom = 34
Neighbor list builds = 0
Dangerous builds = 0
next i
jump SELF loop_struct
clear
  using 1 OpenMP thread(s) per MPI task
log energies.log append
units metal
boundary p p p
atom_style atomic
read_data Si333_${i}.in
read_data Si333_137.in
Reading data file ...
  orthogonal box = (0 0 0) to (16.331106 16.331106 16.331106)
  1 by 1 by 1 MPI processor grid
  reading atoms ...
  216 atoms
  reading velocities ...
  216 velocities
  read_data CPU = 0.001 seconds
mass 1 28.085
pair_style sw
pair_coeff * * Si.sw Si
Reading sw potential file Si.sw with DATE: 2007-06-11
run 0
Neighbor list info ...
  update: every = 1 steps, delay = 0 steps, check = yes
  max neighbors/atom: 2000, page size: 100000
  master list distance cutoff = 5.77118
  ghost atom cutoff = 5.77118
  binsize = 2.88559, bins = 6 6 6
  1 neighbor lists, perpetual/occasional/extra = 1 0 0
  (1) pair sw, perpetual
      attributes: full, newton on
      pair build: full/bin/atomonly
      stencil: full/bin/3d
      bin: standard
Per MPI rank memory allocation (min/avg/max) = 3.086 | 3.086 | 3.086 Mbytes
   Step          Temp          E_pair         E_mol          TotEng         Press     
WARNING: Too many warnings: 137 vs 100. All future warnings will be suppressed (src/thermo.cpp:478)
         0   0             -935.30823      0             -935.30823     -6648.8878    
Loop time of 1.07e-06 on 1 procs for 0 steps with 216 atoms

93.5% CPU use with 1 MPI tasks x 1 OpenMP threads

MPI task timing breakdown:
Section |  min time  |  avg time  |  max time  |%varavg| %total
---------------------------------------------------------------
Pair    | 0          | 0          | 0          |   0.0 |  0.00
Neigh   | 0          | 0          | 0          |   0.0 |  0.00
Comm    | 0          | 0          | 0          |   0.0 |  0.00
Output  | 0          | 0          | 0          |   0.0 |  0.00
Modify  | 0          | 0          | 0          |   0.0 |  0.00
Other   |            | 1.07e-06   |            |       |100.00

Nlocal:            216 ave         216 max         216 min
Histogram: 1 0 0 0 0 0 0 0 0 0
Nghost:            884 ave         884 max         884 min
Histogram: 1 0 0 0 0 0 0 0 0 0
Neighs:              0 ave           0 max           0 min
Histogram: 1 0 0 0 0 0 0 0 0 0
FullNghs:         7344 ave        7344 max        7344 min
Histogram: 1 0 0 0 0 0 0 0 0 0

Total # of neighbors = 7344
Ave neighs/atom = 34
Neighbor list builds = 0
Dangerous builds = 0
next i
jump SELF loop_struct
clear
  using 1 OpenMP thread(s) per MPI task
log energies.log append
units metal
boundary p p p
atom_style atomic
read_data Si333_${i}.in
read_data Si333_138.in
Reading data file ...
  orthogonal box = (0 0 0) to (16.331106 16.331106 16.331106)
  1 by 1 by 1 MPI processor grid
  reading atoms ...
  216 atoms
  reading velocities ...
  216 velocities
  read_data CPU = 0.001 seconds
mass 1 28.085
pair_style sw
pair_coeff * * Si.sw Si
Reading sw potential file Si.sw with DATE: 2007-06-11
run 0
Neighbor list info ...
  update: every = 1 steps, delay = 0 steps, check = yes
  max neighbors/atom: 2000, page size: 100000
  master list distance cutoff = 5.77118
  ghost atom cutoff = 5.77118
  binsize = 2.88559, bins = 6 6 6
  1 neighbor lists, perpetual/occasional/extra = 1 0 0
  (1) pair sw, perpetual
      attributes: full, newton on
      pair build: full/bin/atomonly
      stencil: full/bin/3d
      bin: standard
Per MPI rank memory allocation (min/avg/max) = 3.083 | 3.083 | 3.083 Mbytes
   Step          Temp          E_pair         E_mol          TotEng         Press     
WARNING: Too many warnings: 138 vs 100. All future warnings will be suppressed (src/thermo.cpp:478)
         0   0             -935.28311      0             -935.28311     -6668.5524    
Loop time of 1.05e-06 on 1 procs for 0 steps with 216 atoms

95.2% CPU use with 1 MPI tasks x 1 OpenMP threads

MPI task timing breakdown:
Section |  min time  |  avg time  |  max time  |%varavg| %total
---------------------------------------------------------------
Pair    | 0          | 0          | 0          |   0.0 |  0.00
Neigh   | 0          | 0          | 0          |   0.0 |  0.00
Comm    | 0          | 0          | 0          |   0.0 |  0.00
Output  | 0          | 0          | 0          |   0.0 |  0.00
Modify  | 0          | 0          | 0          |   0.0 |  0.00
Other   |            | 1.05e-06   |            |       |100.00

Nlocal:            216 ave         216 max         216 min
Histogram: 1 0 0 0 0 0 0 0 0 0
Nghost:            834 ave         834 max         834 min
Histogram: 1 0 0 0 0 0 0 0 0 0
Neighs:              0 ave           0 max           0 min
Histogram: 1 0 0 0 0 0 0 0 0 0
FullNghs:         7344 ave        7344 max        7344 min
Histogram: 1 0 0 0 0 0 0 0 0 0

Total # of neighbors = 7344
Ave neighs/atom = 34
Neighbor list builds = 0
Dangerous builds = 0
next i
jump SELF loop_struct
clear
  using 1 OpenMP thread(s) per MPI task
log energies.log append
units metal
boundary p p p
atom_style atomic
read_data Si333_${i}.in
read_data Si333_139.in
Reading data file ...
  orthogonal box = (0 0 0) to (16.331106 16.331106 16.331106)
  1 by 1 by 1 MPI processor grid
  reading atoms ...
  216 atoms
  reading velocities ...
  216 velocities
  read_data CPU = 0.001 seconds
mass 1 28.085
pair_style sw
pair_coeff * * Si.sw Si
Reading sw potential file Si.sw with DATE: 2007-06-11
run 0
Neighbor list info ...
  update: every = 1 steps, delay = 0 steps, check = yes
  max neighbors/atom: 2000, page size: 100000
  master list distance cutoff = 5.77118
  ghost atom cutoff = 5.77118
  binsize = 2.88559, bins = 6 6 6
  1 neighbor lists, perpetual/occasional/extra = 1 0 0
  (1) pair sw, perpetual
      attributes: full, newton on
      pair build: full/bin/atomonly
      stencil: full/bin/3d
      bin: standard
Per MPI rank memory allocation (min/avg/max) = 3.09 | 3.09 | 3.09 Mbytes
   Step          Temp          E_pair         E_mol          TotEng         Press     
WARNING: Too many warnings: 139 vs 100. All future warnings will be suppressed (src/thermo.cpp:478)
         0   0             -935.40733      0             -935.40733     -6715.9816    
Loop time of 1.04e-06 on 1 procs for 0 steps with 216 atoms

96.2% CPU use with 1 MPI tasks x 1 OpenMP threads

MPI task timing breakdown:
Section |  min time  |  avg time  |  max time  |%varavg| %total
---------------------------------------------------------------
Pair    | 0          | 0          | 0          |   0.0 |  0.00
Neigh   | 0          | 0          | 0          |   0.0 |  0.00
Comm    | 0          | 0          | 0          |   0.0 |  0.00
Output  | 0          | 0          | 0          |   0.0 |  0.00
Modify  | 0          | 0          | 0          |   0.0 |  0.00
Other   |            | 1.04e-06   |            |       |100.00

Nlocal:            216 ave         216 max         216 min
Histogram: 1 0 0 0 0 0 0 0 0 0
Nghost:            884 ave         884 max         884 min
Histogram: 1 0 0 0 0 0 0 0 0 0
Neighs:              0 ave           0 max           0 min
Histogram: 1 0 0 0 0 0 0 0 0 0
FullNghs:         7344 ave        7344 max        7344 min
Histogram: 1 0 0 0 0 0 0 0 0 0

Total # of neighbors = 7344
Ave neighs/atom = 34
Neighbor list builds = 0
Dangerous builds = 0
next i
jump SELF loop_struct
clear
  using 1 OpenMP thread(s) per MPI task
log energies.log append
units metal
boundary p p p
atom_style atomic
read_data Si333_${i}.in
read_data Si333_140.in
Reading data file ...
  orthogonal box = (0 0 0) to (16.331106 16.331106 16.331106)
  1 by 1 by 1 MPI processor grid
  reading atoms ...
  216 atoms
  reading velocities ...
  216 velocities
  read_data CPU = 0.001 seconds
mass 1 28.085
pair_style sw
pair_coeff * * Si.sw Si
Reading sw potential file Si.sw with DATE: 2007-06-11
run 0
Neighbor list info ...
  update: every = 1 steps, delay = 0 steps, check = yes
  max neighbors/atom: 2000, page size: 100000
  master list distance cutoff = 5.77118
  ghost atom cutoff = 5.77118
  binsize = 2.88559, bins = 6 6 6
  1 neighbor lists, perpetual/occasional/extra = 1 0 0
  (1) pair sw, perpetual
      attributes: full, newton on
      pair build: full/bin/atomonly
      stencil: full/bin/3d
      bin: standard
Per MPI rank memory allocation (min/avg/max) = 3.083 | 3.083 | 3.083 Mbytes
   Step          Temp          E_pair         E_mol          TotEng         Press     
WARNING: Too many warnings: 140 vs 100. All future warnings will be suppressed (src/thermo.cpp:478)
         0   0             -935.15082      0             -935.15082     -6633.8938    
Loop time of 1.04e-06 on 1 procs for 0 steps with 216 atoms

96.2% CPU use with 1 MPI tasks x 1 OpenMP threads

MPI task timing breakdown:
Section |  min time  |  avg time  |  max time  |%varavg| %total
---------------------------------------------------------------
Pair    | 0          | 0          | 0          |   0.0 |  0.00
Neigh   | 0          | 0          | 0          |   0.0 |  0.00
Comm    | 0          | 0          | 0          |   0.0 |  0.00
Output  | 0          | 0          | 0          |   0.0 |  0.00
Modify  | 0          | 0          | 0          |   0.0 |  0.00
Other   |            | 1.04e-06   |            |       |100.00

Nlocal:            216 ave         216 max         216 min
Histogram: 1 0 0 0 0 0 0 0 0 0
Nghost:            834 ave         834 max         834 min
Histogram: 1 0 0 0 0 0 0 0 0 0
Neighs:              0 ave           0 max           0 min
Histogram: 1 0 0 0 0 0 0 0 0 0
FullNghs:         7344 ave        7344 max        7344 min
Histogram: 1 0 0 0 0 0 0 0 0 0

Total # of neighbors = 7344
Ave neighs/atom = 34
Neighbor list builds = 0
Dangerous builds = 0
next i
jump SELF loop_struct
clear
  using 1 OpenMP thread(s) per MPI task
log energies.log append
units metal
boundary p p p
atom_style atomic
read_data Si333_${i}.in
read_data Si333_141.in
Reading data file ...
  orthogonal box = (0 0 0) to (16.331106 16.331106 16.331106)
  1 by 1 by 1 MPI processor grid
  reading atoms ...
  216 atoms
  reading velocities ...
  216 velocities
  read_data CPU = 0.001 seconds
mass 1 28.085
pair_style sw
pair_coeff * * Si.sw Si
Reading sw potential file Si.sw with DATE: 2007-06-11
run 0
Neighbor list info ...
  update: every = 1 steps, delay = 0 steps, check = yes
  max neighbors/atom: 2000, page size: 100000
  master list distance cutoff = 5.77118
  ghost atom cutoff = 5.77118
  binsize = 2.88559, bins = 6 6 6
  1 neighbor lists, perpetual/occasional/extra = 1 0 0
  (1) pair sw, perpetual
      attributes: full, newton on
      pair build: full/bin/atomonly
      stencil: full/bin/3d
      bin: standard
Per MPI rank memory allocation (min/avg/max) = 3.081 | 3.081 | 3.081 Mbytes
   Step          Temp          E_pair         E_mol          TotEng         Press     
WARNING: Too many warnings: 141 vs 100. All future warnings will be suppressed (src/thermo.cpp:478)
         0   0             -935.37351      0             -935.37351     -6703.0232    
Loop time of 1.05e-06 on 1 procs for 0 steps with 216 atoms

190.5% CPU use with 1 MPI tasks x 1 OpenMP threads

MPI task timing breakdown:
Section |  min time  |  avg time  |  max time  |%varavg| %total
---------------------------------------------------------------
Pair    | 0          | 0          | 0          |   0.0 |  0.00
Neigh   | 0          | 0          | 0          |   0.0 |  0.00
Comm    | 0          | 0          | 0          |   0.0 |  0.00
Output  | 0          | 0          | 0          |   0.0 |  0.00
Modify  | 0          | 0          | 0          |   0.0 |  0.00
Other   |            | 1.05e-06   |            |       |100.00

Nlocal:            216 ave         216 max         216 min
Histogram: 1 0 0 0 0 0 0 0 0 0
Nghost:            784 ave         784 max         784 min
Histogram: 1 0 0 0 0 0 0 0 0 0
Neighs:              0 ave           0 max           0 min
Histogram: 1 0 0 0 0 0 0 0 0 0
FullNghs:         7344 ave        7344 max        7344 min
Histogram: 1 0 0 0 0 0 0 0 0 0

Total # of neighbors = 7344
Ave neighs/atom = 34
Neighbor list builds = 0
Dangerous builds = 0
next i
jump SELF loop_struct
clear
  using 1 OpenMP thread(s) per MPI task
log energies.log append
units metal
boundary p p p
atom_style atomic
read_data Si333_${i}.in
read_data Si333_142.in
Reading data file ...
  orthogonal box = (0 0 0) to (16.331106 16.331106 16.331106)
  1 by 1 by 1 MPI processor grid
  reading atoms ...
  216 atoms
  reading velocities ...
  216 velocities
  read_data CPU = 0.001 seconds
mass 1 28.085
pair_style sw
pair_coeff * * Si.sw Si
Reading sw potential file Si.sw with DATE: 2007-06-11
run 0
Neighbor list info ...
  update: every = 1 steps, delay = 0 steps, check = yes
  max neighbors/atom: 2000, page size: 100000
  master list distance cutoff = 5.77118
  ghost atom cutoff = 5.77118
  binsize = 2.88559, bins = 6 6 6
  1 neighbor lists, perpetual/occasional/extra = 1 0 0
  (1) pair sw, perpetual
      attributes: full, newton on
      pair build: full/bin/atomonly
      stencil: full/bin/3d
      bin: standard
Per MPI rank memory allocation (min/avg/max) = 3.081 | 3.081 | 3.081 Mbytes
   Step          Temp          E_pair         E_mol          TotEng         Press     
WARNING: Too many warnings: 142 vs 100. All future warnings will be suppressed (src/thermo.cpp:478)
         0   0             -935.37849      0             -935.37849     -6716.3193    
Loop time of 1.03e-06 on 1 procs for 0 steps with 216 atoms

97.1% CPU use with 1 MPI tasks x 1 OpenMP threads

MPI task timing breakdown:
Section |  min time  |  avg time  |  max time  |%varavg| %total
---------------------------------------------------------------
Pair    | 0          | 0          | 0          |   0.0 |  0.00
Neigh   | 0          | 0          | 0          |   0.0 |  0.00
Comm    | 0          | 0          | 0          |   0.0 |  0.00
Output  | 0          | 0          | 0          |   0.0 |  0.00
Modify  | 0          | 0          | 0          |   0.0 |  0.00
Other   |            | 1.03e-06   |            |       |100.00

Nlocal:            216 ave         216 max         216 min
Histogram: 1 0 0 0 0 0 0 0 0 0
Nghost:            784 ave         784 max         784 min
Histogram: 1 0 0 0 0 0 0 0 0 0
Neighs:              0 ave           0 max           0 min
Histogram: 1 0 0 0 0 0 0 0 0 0
FullNghs:         7344 ave        7344 max        7344 min
Histogram: 1 0 0 0 0 0 0 0 0 0

Total # of neighbors = 7344
Ave neighs/atom = 34
Neighbor list builds = 0
Dangerous builds = 0
next i
jump SELF loop_struct
clear
  using 1 OpenMP thread(s) per MPI task
log energies.log append
units metal
boundary p p p
atom_style atomic
read_data Si333_${i}.in
read_data Si333_143.in
Reading data file ...
  orthogonal box = (0 0 0) to (16.331106 16.331106 16.331106)
  1 by 1 by 1 MPI processor grid
  reading atoms ...
  216 atoms
  reading velocities ...
  216 velocities
  read_data CPU = 0.001 seconds
mass 1 28.085
pair_style sw
pair_coeff * * Si.sw Si
Reading sw potential file Si.sw with DATE: 2007-06-11
run 0
Neighbor list info ...
  update: every = 1 steps, delay = 0 steps, check = yes
  max neighbors/atom: 2000, page size: 100000
  master list distance cutoff = 5.77118
  ghost atom cutoff = 5.77118
  binsize = 2.88559, bins = 6 6 6
  1 neighbor lists, perpetual/occasional/extra = 1 0 0
  (1) pair sw, perpetual
      attributes: full, newton on
      pair build: full/bin/atomonly
      stencil: full/bin/3d
      bin: standard
Per MPI rank memory allocation (min/avg/max) = 3.088 | 3.088 | 3.088 Mbytes
   Step          Temp          E_pair         E_mol          TotEng         Press     
WARNING: Too many warnings: 143 vs 100. All future warnings will be suppressed (src/thermo.cpp:478)
         0   0             -935.22076      0             -935.22076     -6657.0184    
Loop time of 1.06e-06 on 1 procs for 0 steps with 216 atoms

94.3% CPU use with 1 MPI tasks x 1 OpenMP threads

MPI task timing breakdown:
Section |  min time  |  avg time  |  max time  |%varavg| %total
---------------------------------------------------------------
Pair    | 0          | 0          | 0          |   0.0 |  0.00
Neigh   | 0          | 0          | 0          |   0.0 |  0.00
Comm    | 0          | 0          | 0          |   0.0 |  0.00
Output  | 0          | 0          | 0          |   0.0 |  0.00
Modify  | 0          | 0          | 0          |   0.0 |  0.00
Other   |            | 1.06e-06   |            |       |100.00

Nlocal:            216 ave         216 max         216 min
Histogram: 1 0 0 0 0 0 0 0 0 0
Nghost:            834 ave         834 max         834 min
Histogram: 1 0 0 0 0 0 0 0 0 0
Neighs:              0 ave           0 max           0 min
Histogram: 1 0 0 0 0 0 0 0 0 0
FullNghs:         7344 ave        7344 max        7344 min
Histogram: 1 0 0 0 0 0 0 0 0 0

Total # of neighbors = 7344
Ave neighs/atom = 34
Neighbor list builds = 0
Dangerous builds = 0
next i
jump SELF loop_struct
clear
  using 1 OpenMP thread(s) per MPI task
log energies.log append
units metal
boundary p p p
atom_style atomic
read_data Si333_${i}.in
read_data Si333_144.in
Reading data file ...
  orthogonal box = (0 0 0) to (16.331106 16.331106 16.331106)
  1 by 1 by 1 MPI processor grid
  reading atoms ...
  216 atoms
  reading velocities ...
  216 velocities
  read_data CPU = 0.001 seconds
mass 1 28.085
pair_style sw
pair_coeff * * Si.sw Si
Reading sw potential file Si.sw with DATE: 2007-06-11
run 0
Neighbor list info ...
  update: every = 1 steps, delay = 0 steps, check = yes
  max neighbors/atom: 2000, page size: 100000
  master list distance cutoff = 5.77118
  ghost atom cutoff = 5.77118
  binsize = 2.88559, bins = 6 6 6
  1 neighbor lists, perpetual/occasional/extra = 1 0 0
  (1) pair sw, perpetual
      attributes: full, newton on
      pair build: full/bin/atomonly
      stencil: full/bin/3d
      bin: standard
Per MPI rank memory allocation (min/avg/max) = 3.086 | 3.086 | 3.086 Mbytes
   Step          Temp          E_pair         E_mol          TotEng         Press     
WARNING: Too many warnings: 144 vs 100. All future warnings will be suppressed (src/thermo.cpp:478)
         0   0             -935.2066       0             -935.2066      -6656.519     
Loop time of 1.02e-06 on 1 procs for 0 steps with 216 atoms

0.0% CPU use with 1 MPI tasks x 1 OpenMP threads

MPI task timing breakdown:
Section |  min time  |  avg time  |  max time  |%varavg| %total
---------------------------------------------------------------
Pair    | 0          | 0          | 0          |   0.0 |  0.00
Neigh   | 0          | 0          | 0          |   0.0 |  0.00
Comm    | 0          | 0          | 0          |   0.0 |  0.00
Output  | 0          | 0          | 0          |   0.0 |  0.00
Modify  | 0          | 0          | 0          |   0.0 |  0.00
Other   |            | 1.02e-06   |            |       |100.00

Nlocal:            216 ave         216 max         216 min
Histogram: 1 0 0 0 0 0 0 0 0 0
Nghost:            905 ave         905 max         905 min
Histogram: 1 0 0 0 0 0 0 0 0 0
Neighs:              0 ave           0 max           0 min
Histogram: 1 0 0 0 0 0 0 0 0 0
FullNghs:         7344 ave        7344 max        7344 min
Histogram: 1 0 0 0 0 0 0 0 0 0

Total # of neighbors = 7344
Ave neighs/atom = 34
Neighbor list builds = 0
Dangerous builds = 0
next i
jump SELF loop_struct
clear
  using 1 OpenMP thread(s) per MPI task
log energies.log append
units metal
boundary p p p
atom_style atomic
read_data Si333_${i}.in
read_data Si333_145.in
Reading data file ...
  orthogonal box = (0 0 0) to (16.331106 16.331106 16.331106)
  1 by 1 by 1 MPI processor grid
  reading atoms ...
  216 atoms
  reading velocities ...
  216 velocities
  read_data CPU = 0.001 seconds
mass 1 28.085
pair_style sw
pair_coeff * * Si.sw Si
Reading sw potential file Si.sw with DATE: 2007-06-11
run 0
Neighbor list info ...
  update: every = 1 steps, delay = 0 steps, check = yes
  max neighbors/atom: 2000, page size: 100000
  master list distance cutoff = 5.77118
  ghost atom cutoff = 5.77118
  binsize = 2.88559, bins = 6 6 6
  1 neighbor lists, perpetual/occasional/extra = 1 0 0
  (1) pair sw, perpetual
      attributes: full, newton on
      pair build: full/bin/atomonly
      stencil: full/bin/3d
      bin: standard
Per MPI rank memory allocation (min/avg/max) = 3.081 | 3.081 | 3.081 Mbytes
   Step          Temp          E_pair         E_mol          TotEng         Press     
WARNING: Too many warnings: 145 vs 100. All future warnings will be suppressed (src/thermo.cpp:478)
         0   0             -935.18769      0             -935.18769     -6655.2958    
Loop time of 1.05e-06 on 1 procs for 0 steps with 216 atoms

95.2% CPU use with 1 MPI tasks x 1 OpenMP threads

MPI task timing breakdown:
Section |  min time  |  avg time  |  max time  |%varavg| %total
---------------------------------------------------------------
Pair    | 0          | 0          | 0          |   0.0 |  0.00
Neigh   | 0          | 0          | 0          |   0.0 |  0.00
Comm    | 0          | 0          | 0          |   0.0 |  0.00
Output  | 0          | 0          | 0          |   0.0 |  0.00
Modify  | 0          | 0          | 0          |   0.0 |  0.00
Other   |            | 1.05e-06   |            |       |100.00

Nlocal:            216 ave         216 max         216 min
Histogram: 1 0 0 0 0 0 0 0 0 0
Nghost:            784 ave         784 max         784 min
Histogram: 1 0 0 0 0 0 0 0 0 0
Neighs:              0 ave           0 max           0 min
Histogram: 1 0 0 0 0 0 0 0 0 0
FullNghs:         7344 ave        7344 max        7344 min
Histogram: 1 0 0 0 0 0 0 0 0 0

Total # of neighbors = 7344
Ave neighs/atom = 34
Neighbor list builds = 0
Dangerous builds = 0
next i
jump SELF loop_struct
clear
  using 1 OpenMP thread(s) per MPI task
log energies.log append
units metal
boundary p p p
atom_style atomic
read_data Si333_${i}.in
read_data Si333_146.in
Reading data file ...
  orthogonal box = (0 0 0) to (16.331106 16.331106 16.331106)
  1 by 1 by 1 MPI processor grid
  reading atoms ...
  216 atoms
  reading velocities ...
  216 velocities
  read_data CPU = 0.001 seconds
mass 1 28.085
pair_style sw
pair_coeff * * Si.sw Si
Reading sw potential file Si.sw with DATE: 2007-06-11
run 0
Neighbor list info ...
  update: every = 1 steps, delay = 0 steps, check = yes
  max neighbors/atom: 2000, page size: 100000
  master list distance cutoff = 5.77118
  ghost atom cutoff = 5.77118
  binsize = 2.88559, bins = 6 6 6
  1 neighbor lists, perpetual/occasional/extra = 1 0 0
  (1) pair sw, perpetual
      attributes: full, newton on
      pair build: full/bin/atomonly
      stencil: full/bin/3d
      bin: standard
Per MPI rank memory allocation (min/avg/max) = 3.086 | 3.086 | 3.086 Mbytes
   Step          Temp          E_pair         E_mol          TotEng         Press     
WARNING: Too many warnings: 146 vs 100. All future warnings will be suppressed (src/thermo.cpp:478)
         0   0             -935.36727      0             -935.36727     -6691.3094    
Loop time of 1.05e-06 on 1 procs for 0 steps with 216 atoms

0.0% CPU use with 1 MPI tasks x 1 OpenMP threads

MPI task timing breakdown:
Section |  min time  |  avg time  |  max time  |%varavg| %total
---------------------------------------------------------------
Pair    | 0          | 0          | 0          |   0.0 |  0.00
Neigh   | 0          | 0          | 0          |   0.0 |  0.00
Comm    | 0          | 0          | 0          |   0.0 |  0.00
Output  | 0          | 0          | 0          |   0.0 |  0.00
Modify  | 0          | 0          | 0          |   0.0 |  0.00
Other   |            | 1.05e-06   |            |       |100.00

Nlocal:            216 ave         216 max         216 min
Histogram: 1 0 0 0 0 0 0 0 0 0
Nghost:            881 ave         881 max         881 min
Histogram: 1 0 0 0 0 0 0 0 0 0
Neighs:              0 ave           0 max           0 min
Histogram: 1 0 0 0 0 0 0 0 0 0
FullNghs:         7344 ave        7344 max        7344 min
Histogram: 1 0 0 0 0 0 0 0 0 0

Total # of neighbors = 7344
Ave neighs/atom = 34
Neighbor list builds = 0
Dangerous builds = 0
next i
jump SELF loop_struct
clear
  using 1 OpenMP thread(s) per MPI task
log energies.log append
units metal
boundary p p p
atom_style atomic
read_data Si333_${i}.in
read_data Si333_147.in
Reading data file ...
  orthogonal box = (0 0 0) to (16.331106 16.331106 16.331106)
  1 by 1 by 1 MPI processor grid
  reading atoms ...
  216 atoms
  reading velocities ...
  216 velocities
  read_data CPU = 0.001 seconds
mass 1 28.085
pair_style sw
pair_coeff * * Si.sw Si
Reading sw potential file Si.sw with DATE: 2007-06-11
run 0
Neighbor list info ...
  update: every = 1 steps, delay = 0 steps, check = yes
  max neighbors/atom: 2000, page size: 100000
  master list distance cutoff = 5.77118
  ghost atom cutoff = 5.77118
  binsize = 2.88559, bins = 6 6 6
  1 neighbor lists, perpetual/occasional/extra = 1 0 0
  (1) pair sw, perpetual
      attributes: full, newton on
      pair build: full/bin/atomonly
      stencil: full/bin/3d
      bin: standard
Per MPI rank memory allocation (min/avg/max) = 3.083 | 3.083 | 3.083 Mbytes
   Step          Temp          E_pair         E_mol          TotEng         Press     
WARNING: Too many warnings: 147 vs 100. All future warnings will be suppressed (src/thermo.cpp:478)
         0   0             -935.35804      0             -935.35804     -6688.9731    
Loop time of 1.05e-06 on 1 procs for 0 steps with 216 atoms

0.0% CPU use with 1 MPI tasks x 1 OpenMP threads

MPI task timing breakdown:
Section |  min time  |  avg time  |  max time  |%varavg| %total
---------------------------------------------------------------
Pair    | 0          | 0          | 0          |   0.0 |  0.00
Neigh   | 0          | 0          | 0          |   0.0 |  0.00
Comm    | 0          | 0          | 0          |   0.0 |  0.00
Output  | 0          | 0          | 0          |   0.0 |  0.00
Modify  | 0          | 0          | 0          |   0.0 |  0.00
Other   |            | 1.05e-06   |            |       |100.00

Nlocal:            216 ave         216 max         216 min
Histogram: 1 0 0 0 0 0 0 0 0 0
Nghost:            846 ave         846 max         846 min
Histogram: 1 0 0 0 0 0 0 0 0 0
Neighs:              0 ave           0 max           0 min
Histogram: 1 0 0 0 0 0 0 0 0 0
FullNghs:         7344 ave        7344 max        7344 min
Histogram: 1 0 0 0 0 0 0 0 0 0

Total # of neighbors = 7344
Ave neighs/atom = 34
Neighbor list builds = 0
Dangerous builds = 0
next i
jump SELF loop_struct
clear
  using 1 OpenMP thread(s) per MPI task
log energies.log append
units metal
boundary p p p
atom_style atomic
read_data Si333_${i}.in
read_data Si333_148.in
Reading data file ...
  orthogonal box = (0 0 0) to (16.331106 16.331106 16.331106)
  1 by 1 by 1 MPI processor grid
  reading atoms ...
  216 atoms
  reading velocities ...
  216 velocities
  read_data CPU = 0.001 seconds
mass 1 28.085
pair_style sw
pair_coeff * * Si.sw Si
Reading sw potential file Si.sw with DATE: 2007-06-11
run 0
Neighbor list info ...
  update: every = 1 steps, delay = 0 steps, check = yes
  max neighbors/atom: 2000, page size: 100000
  master list distance cutoff = 5.77118
  ghost atom cutoff = 5.77118
  binsize = 2.88559, bins = 6 6 6
  1 neighbor lists, perpetual/occasional/extra = 1 0 0
  (1) pair sw, perpetual
      attributes: full, newton on
      pair build: full/bin/atomonly
      stencil: full/bin/3d
      bin: standard
Per MPI rank memory allocation (min/avg/max) = 3.084 | 3.084 | 3.084 Mbytes
   Step          Temp          E_pair         E_mol          TotEng         Press     
WARNING: Too many warnings: 148 vs 100. All future warnings will be suppressed (src/thermo.cpp:478)
         0   0             -935.38825      0             -935.38825     -6713.0853    
Loop time of 1.08e-06 on 1 procs for 0 steps with 216 atoms

92.6% CPU use with 1 MPI tasks x 1 OpenMP threads

MPI task timing breakdown:
Section |  min time  |  avg time  |  max time  |%varavg| %total
---------------------------------------------------------------
Pair    | 0          | 0          | 0          |   0.0 |  0.00
Neigh   | 0          | 0          | 0          |   0.0 |  0.00
Comm    | 0          | 0          | 0          |   0.0 |  0.00
Output  | 0          | 0          | 0          |   0.0 |  0.00
Modify  | 0          | 0          | 0          |   0.0 |  0.00
Other   |            | 1.08e-06   |            |       |100.00

Nlocal:            216 ave         216 max         216 min
Histogram: 1 0 0 0 0 0 0 0 0 0
Nghost:            884 ave         884 max         884 min
Histogram: 1 0 0 0 0 0 0 0 0 0
Neighs:              0 ave           0 max           0 min
Histogram: 1 0 0 0 0 0 0 0 0 0
FullNghs:         7344 ave        7344 max        7344 min
Histogram: 1 0 0 0 0 0 0 0 0 0

Total # of neighbors = 7344
Ave neighs/atom = 34
Neighbor list builds = 0
Dangerous builds = 0
next i
jump SELF loop_struct
clear
  using 1 OpenMP thread(s) per MPI task
log energies.log append
units metal
boundary p p p
atom_style atomic
read_data Si333_${i}.in
read_data Si333_149.in
Reading data file ...
  orthogonal box = (0 0 0) to (16.331106 16.331106 16.331106)
  1 by 1 by 1 MPI processor grid
  reading atoms ...
  216 atoms
  reading velocities ...
  216 velocities
  read_data CPU = 0.001 seconds
mass 1 28.085
pair_style sw
pair_coeff * * Si.sw Si
Reading sw potential file Si.sw with DATE: 2007-06-11
run 0
Neighbor list info ...
  update: every = 1 steps, delay = 0 steps, check = yes
  max neighbors/atom: 2000, page size: 100000
  master list distance cutoff = 5.77118
  ghost atom cutoff = 5.77118
  binsize = 2.88559, bins = 6 6 6
  1 neighbor lists, perpetual/occasional/extra = 1 0 0
  (1) pair sw, perpetual
      attributes: full, newton on
      pair build: full/bin/atomonly
      stencil: full/bin/3d
      bin: standard
Per MPI rank memory allocation (min/avg/max) = 3.087 | 3.087 | 3.087 Mbytes
   Step          Temp          E_pair         E_mol          TotEng         Press     
WARNING: Too many warnings: 149 vs 100. All future warnings will be suppressed (src/thermo.cpp:478)
         0   0             -935.37563      0             -935.37563     -6702.8899    
Loop time of 1.03e-06 on 1 procs for 0 steps with 216 atoms

97.1% CPU use with 1 MPI tasks x 1 OpenMP threads

MPI task timing breakdown:
Section |  min time  |  avg time  |  max time  |%varavg| %total
---------------------------------------------------------------
Pair    | 0          | 0          | 0          |   0.0 |  0.00
Neigh   | 0          | 0          | 0          |   0.0 |  0.00
Comm    | 0          | 0          | 0          |   0.0 |  0.00
Output  | 0          | 0          | 0          |   0.0 |  0.00
Modify  | 0          | 0          | 0          |   0.0 |  0.00
Other   |            | 1.03e-06   |            |       |100.00

Nlocal:            216 ave         216 max         216 min
Histogram: 1 0 0 0 0 0 0 0 0 0
Nghost:            889 ave         889 max         889 min
Histogram: 1 0 0 0 0 0 0 0 0 0
Neighs:              0 ave           0 max           0 min
Histogram: 1 0 0 0 0 0 0 0 0 0
FullNghs:         7344 ave        7344 max        7344 min
Histogram: 1 0 0 0 0 0 0 0 0 0

Total # of neighbors = 7344
Ave neighs/atom = 34
Neighbor list builds = 0
Dangerous builds = 0
next i
jump SELF loop_struct
clear
  using 1 OpenMP thread(s) per MPI task
log energies.log append
units metal
boundary p p p
atom_style atomic
read_data Si333_${i}.in
read_data Si333_150.in
Reading data file ...
  orthogonal box = (0 0 0) to (16.331106 16.331106 16.331106)
  1 by 1 by 1 MPI processor grid
  reading atoms ...
  216 atoms
  reading velocities ...
  216 velocities
  read_data CPU = 0.001 seconds
mass 1 28.085
pair_style sw
pair_coeff * * Si.sw Si
Reading sw potential file Si.sw with DATE: 2007-06-11
run 0
Neighbor list info ...
  update: every = 1 steps, delay = 0 steps, check = yes
  max neighbors/atom: 2000, page size: 100000
  master list distance cutoff = 5.77118
  ghost atom cutoff = 5.77118
  binsize = 2.88559, bins = 6 6 6
  1 neighbor lists, perpetual/occasional/extra = 1 0 0
  (1) pair sw, perpetual
      attributes: full, newton on
      pair build: full/bin/atomonly
      stencil: full/bin/3d
      bin: standard
Per MPI rank memory allocation (min/avg/max) = 3.086 | 3.086 | 3.086 Mbytes
   Step          Temp          E_pair         E_mol          TotEng         Press     
WARNING: Too many warnings: 150 vs 100. All future warnings will be suppressed (src/thermo.cpp:478)
         0   0             -935.34867      0             -935.34867     -6697.2195    
Loop time of 1.06e-06 on 1 procs for 0 steps with 216 atoms

0.0% CPU use with 1 MPI tasks x 1 OpenMP threads

MPI task timing breakdown:
Section |  min time  |  avg time  |  max time  |%varavg| %total
---------------------------------------------------------------
Pair    | 0          | 0          | 0          |   0.0 |  0.00
Neigh   | 0          | 0          | 0          |   0.0 |  0.00
Comm    | 0          | 0          | 0          |   0.0 |  0.00
Output  | 0          | 0          | 0          |   0.0 |  0.00
Modify  | 0          | 0          | 0          |   0.0 |  0.00
Other   |            | 1.06e-06   |            |       |100.00

Nlocal:            216 ave         216 max         216 min
Histogram: 1 0 0 0 0 0 0 0 0 0
Nghost:            820 ave         820 max         820 min
Histogram: 1 0 0 0 0 0 0 0 0 0
Neighs:              0 ave           0 max           0 min
Histogram: 1 0 0 0 0 0 0 0 0 0
FullNghs:         7344 ave        7344 max        7344 min
Histogram: 1 0 0 0 0 0 0 0 0 0

Total # of neighbors = 7344
Ave neighs/atom = 34
Neighbor list builds = 0
Dangerous builds = 0
next i
jump SELF loop_struct
clear
  using 1 OpenMP thread(s) per MPI task
log energies.log append
units metal
boundary p p p
atom_style atomic
read_data Si333_${i}.in
read_data Si333_151.in
Reading data file ...
  orthogonal box = (0 0 0) to (16.331106 16.331106 16.331106)
  1 by 1 by 1 MPI processor grid
  reading atoms ...
  216 atoms
  reading velocities ...
  216 velocities
  read_data CPU = 0.001 seconds
mass 1 28.085
pair_style sw
pair_coeff * * Si.sw Si
Reading sw potential file Si.sw with DATE: 2007-06-11
run 0
Neighbor list info ...
  update: every = 1 steps, delay = 0 steps, check = yes
  max neighbors/atom: 2000, page size: 100000
  master list distance cutoff = 5.77118
  ghost atom cutoff = 5.77118
  binsize = 2.88559, bins = 6 6 6
  1 neighbor lists, perpetual/occasional/extra = 1 0 0
  (1) pair sw, perpetual
      attributes: full, newton on
      pair build: full/bin/atomonly
      stencil: full/bin/3d
      bin: standard
Per MPI rank memory allocation (min/avg/max) = 3.088 | 3.088 | 3.088 Mbytes
   Step          Temp          E_pair         E_mol          TotEng         Press     
WARNING: Too many warnings: 151 vs 100. All future warnings will be suppressed (src/thermo.cpp:478)
         0   0             -935.22775      0             -935.22775     -6653.7995    
Loop time of 1.05e-06 on 1 procs for 0 steps with 216 atoms

0.0% CPU use with 1 MPI tasks x 1 OpenMP threads

MPI task timing breakdown:
Section |  min time  |  avg time  |  max time  |%varavg| %total
---------------------------------------------------------------
Pair    | 0          | 0          | 0          |   0.0 |  0.00
Neigh   | 0          | 0          | 0          |   0.0 |  0.00
Comm    | 0          | 0          | 0          |   0.0 |  0.00
Output  | 0          | 0          | 0          |   0.0 |  0.00
Modify  | 0          | 0          | 0          |   0.0 |  0.00
Other   |            | 1.05e-06   |            |       |100.00

Nlocal:            216 ave         216 max         216 min
Histogram: 1 0 0 0 0 0 0 0 0 0
Nghost:            834 ave         834 max         834 min
Histogram: 1 0 0 0 0 0 0 0 0 0
Neighs:              0 ave           0 max           0 min
Histogram: 1 0 0 0 0 0 0 0 0 0
FullNghs:         7344 ave        7344 max        7344 min
Histogram: 1 0 0 0 0 0 0 0 0 0

Total # of neighbors = 7344
Ave neighs/atom = 34
Neighbor list builds = 0
Dangerous builds = 0
next i
jump SELF loop_struct
clear
  using 1 OpenMP thread(s) per MPI task
log energies.log append
units metal
boundary p p p
atom_style atomic
read_data Si333_${i}.in
read_data Si333_152.in
Reading data file ...
  orthogonal box = (0 0 0) to (16.331106 16.331106 16.331106)
  1 by 1 by 1 MPI processor grid
  reading atoms ...
  216 atoms
  reading velocities ...
  216 velocities
  read_data CPU = 0.001 seconds
mass 1 28.085
pair_style sw
pair_coeff * * Si.sw Si
Reading sw potential file Si.sw with DATE: 2007-06-11
run 0
Neighbor list info ...
  update: every = 1 steps, delay = 0 steps, check = yes
  max neighbors/atom: 2000, page size: 100000
  master list distance cutoff = 5.77118
  ghost atom cutoff = 5.77118
  binsize = 2.88559, bins = 6 6 6
  1 neighbor lists, perpetual/occasional/extra = 1 0 0
  (1) pair sw, perpetual
      attributes: full, newton on
      pair build: full/bin/atomonly
      stencil: full/bin/3d
      bin: standard
Per MPI rank memory allocation (min/avg/max) = 3.088 | 3.088 | 3.088 Mbytes
   Step          Temp          E_pair         E_mol          TotEng         Press     
WARNING: Too many warnings: 152 vs 100. All future warnings will be suppressed (src/thermo.cpp:478)
         0   0             -935.41008      0             -935.41008     -6728.307     
Loop time of 1.08e-06 on 1 procs for 0 steps with 216 atoms

185.2% CPU use with 1 MPI tasks x 1 OpenMP threads

MPI task timing breakdown:
Section |  min time  |  avg time  |  max time  |%varavg| %total
---------------------------------------------------------------
Pair    | 0          | 0          | 0          |   0.0 |  0.00
Neigh   | 0          | 0          | 0          |   0.0 |  0.00
Comm    | 0          | 0          | 0          |   0.0 |  0.00
Output  | 0          | 0          | 0          |   0.0 |  0.00
Modify  | 0          | 0          | 0          |   0.0 |  0.00
Other   |            | 1.08e-06   |            |       |100.00

Nlocal:            216 ave         216 max         216 min
Histogram: 1 0 0 0 0 0 0 0 0 0
Nghost:            834 ave         834 max         834 min
Histogram: 1 0 0 0 0 0 0 0 0 0
Neighs:              0 ave           0 max           0 min
Histogram: 1 0 0 0 0 0 0 0 0 0
FullNghs:         7344 ave        7344 max        7344 min
Histogram: 1 0 0 0 0 0 0 0 0 0

Total # of neighbors = 7344
Ave neighs/atom = 34
Neighbor list builds = 0
Dangerous builds = 0
next i
jump SELF loop_struct
clear
  using 1 OpenMP thread(s) per MPI task
log energies.log append
units metal
boundary p p p
atom_style atomic
read_data Si333_${i}.in
read_data Si333_153.in
Reading data file ...
  orthogonal box = (0 0 0) to (16.331106 16.331106 16.331106)
  1 by 1 by 1 MPI processor grid
  reading atoms ...
  216 atoms
  reading velocities ...
  216 velocities
  read_data CPU = 0.001 seconds
mass 1 28.085
pair_style sw
pair_coeff * * Si.sw Si
Reading sw potential file Si.sw with DATE: 2007-06-11
run 0
Neighbor list info ...
  update: every = 1 steps, delay = 0 steps, check = yes
  max neighbors/atom: 2000, page size: 100000
  master list distance cutoff = 5.77118
  ghost atom cutoff = 5.77118
  binsize = 2.88559, bins = 6 6 6
  1 neighbor lists, perpetual/occasional/extra = 1 0 0
  (1) pair sw, perpetual
      attributes: full, newton on
      pair build: full/bin/atomonly
      stencil: full/bin/3d
      bin: standard
Per MPI rank memory allocation (min/avg/max) = 3.085 | 3.085 | 3.085 Mbytes
   Step          Temp          E_pair         E_mol          TotEng         Press     
WARNING: Too many warnings: 153 vs 100. All future warnings will be suppressed (src/thermo.cpp:478)
         0   0             -935.28813      0             -935.28813     -6687.0015    
Loop time of 1.23e-06 on 1 procs for 0 steps with 216 atoms

162.6% CPU use with 1 MPI tasks x 1 OpenMP threads

MPI task timing breakdown:
Section |  min time  |  avg time  |  max time  |%varavg| %total
---------------------------------------------------------------
Pair    | 0          | 0          | 0          |   0.0 |  0.00
Neigh   | 0          | 0          | 0          |   0.0 |  0.00
Comm    | 0          | 0          | 0          |   0.0 |  0.00
Output  | 0          | 0          | 0          |   0.0 |  0.00
Modify  | 0          | 0          | 0          |   0.0 |  0.00
Other   |            | 1.23e-06   |            |       |100.00

Nlocal:            216 ave         216 max         216 min
Histogram: 1 0 0 0 0 0 0 0 0 0
Nghost:            834 ave         834 max         834 min
Histogram: 1 0 0 0 0 0 0 0 0 0
Neighs:              0 ave           0 max           0 min
Histogram: 1 0 0 0 0 0 0 0 0 0
FullNghs:         7344 ave        7344 max        7344 min
Histogram: 1 0 0 0 0 0 0 0 0 0

Total # of neighbors = 7344
Ave neighs/atom = 34
Neighbor list builds = 0
Dangerous builds = 0
next i
jump SELF loop_struct
clear
  using 1 OpenMP thread(s) per MPI task
log energies.log append
units metal
boundary p p p
atom_style atomic
read_data Si333_${i}.in
read_data Si333_154.in
Reading data file ...
  orthogonal box = (0 0 0) to (16.331106 16.331106 16.331106)
  1 by 1 by 1 MPI processor grid
  reading atoms ...
  216 atoms
  reading velocities ...
  216 velocities
  read_data CPU = 0.001 seconds
mass 1 28.085
pair_style sw
pair_coeff * * Si.sw Si
Reading sw potential file Si.sw with DATE: 2007-06-11
run 0
Neighbor list info ...
  update: every = 1 steps, delay = 0 steps, check = yes
  max neighbors/atom: 2000, page size: 100000
  master list distance cutoff = 5.77118
  ghost atom cutoff = 5.77118
  binsize = 2.88559, bins = 6 6 6
  1 neighbor lists, perpetual/occasional/extra = 1 0 0
  (1) pair sw, perpetual
      attributes: full, newton on
      pair build: full/bin/atomonly
      stencil: full/bin/3d
      bin: standard
Per MPI rank memory allocation (min/avg/max) = 3.083 | 3.083 | 3.083 Mbytes
   Step          Temp          E_pair         E_mol          TotEng         Press     
WARNING: Too many warnings: 154 vs 100. All future warnings will be suppressed (src/thermo.cpp:478)
         0   0             -935.27454      0             -935.27454     -6663.9943    
Loop time of 1.07e-06 on 1 procs for 0 steps with 216 atoms

93.5% CPU use with 1 MPI tasks x 1 OpenMP threads

MPI task timing breakdown:
Section |  min time  |  avg time  |  max time  |%varavg| %total
---------------------------------------------------------------
Pair    | 0          | 0          | 0          |   0.0 |  0.00
Neigh   | 0          | 0          | 0          |   0.0 |  0.00
Comm    | 0          | 0          | 0          |   0.0 |  0.00
Output  | 0          | 0          | 0          |   0.0 |  0.00
Modify  | 0          | 0          | 0          |   0.0 |  0.00
Other   |            | 1.07e-06   |            |       |100.00

Nlocal:            216 ave         216 max         216 min
Histogram: 1 0 0 0 0 0 0 0 0 0
Nghost:            855 ave         855 max         855 min
Histogram: 1 0 0 0 0 0 0 0 0 0
Neighs:              0 ave           0 max           0 min
Histogram: 1 0 0 0 0 0 0 0 0 0
FullNghs:         7344 ave        7344 max        7344 min
Histogram: 1 0 0 0 0 0 0 0 0 0

Total # of neighbors = 7344
Ave neighs/atom = 34
Neighbor list builds = 0
Dangerous builds = 0
next i
jump SELF loop_struct
clear
  using 1 OpenMP thread(s) per MPI task
log energies.log append
units metal
boundary p p p
atom_style atomic
read_data Si333_${i}.in
read_data Si333_155.in
Reading data file ...
  orthogonal box = (0 0 0) to (16.331106 16.331106 16.331106)
  1 by 1 by 1 MPI processor grid
  reading atoms ...
  216 atoms
  reading velocities ...
  216 velocities
  read_data CPU = 0.001 seconds
mass 1 28.085
pair_style sw
pair_coeff * * Si.sw Si
Reading sw potential file Si.sw with DATE: 2007-06-11
run 0
Neighbor list info ...
  update: every = 1 steps, delay = 0 steps, check = yes
  max neighbors/atom: 2000, page size: 100000
  master list distance cutoff = 5.77118
  ghost atom cutoff = 5.77118
  binsize = 2.88559, bins = 6 6 6
  1 neighbor lists, perpetual/occasional/extra = 1 0 0
  (1) pair sw, perpetual
      attributes: full, newton on
      pair build: full/bin/atomonly
      stencil: full/bin/3d
      bin: standard
Per MPI rank memory allocation (min/avg/max) = 3.083 | 3.083 | 3.083 Mbytes
   Step          Temp          E_pair         E_mol          TotEng         Press     
WARNING: Too many warnings: 155 vs 100. All future warnings will be suppressed (src/thermo.cpp:478)
         0   0             -935.36137      0             -935.36137     -6717.4302    
Loop time of 1.04e-06 on 1 procs for 0 steps with 216 atoms

96.2% CPU use with 1 MPI tasks x 1 OpenMP threads

MPI task timing breakdown:
Section |  min time  |  avg time  |  max time  |%varavg| %total
---------------------------------------------------------------
Pair    | 0          | 0          | 0          |   0.0 |  0.00
Neigh   | 0          | 0          | 0          |   0.0 |  0.00
Comm    | 0          | 0          | 0          |   0.0 |  0.00
Output  | 0          | 0          | 0          |   0.0 |  0.00
Modify  | 0          | 0          | 0          |   0.0 |  0.00
Other   |            | 1.04e-06   |            |       |100.00

Nlocal:            216 ave         216 max         216 min
Histogram: 1 0 0 0 0 0 0 0 0 0
Nghost:            834 ave         834 max         834 min
Histogram: 1 0 0 0 0 0 0 0 0 0
Neighs:              0 ave           0 max           0 min
Histogram: 1 0 0 0 0 0 0 0 0 0
FullNghs:         7344 ave        7344 max        7344 min
Histogram: 1 0 0 0 0 0 0 0 0 0

Total # of neighbors = 7344
Ave neighs/atom = 34
Neighbor list builds = 0
Dangerous builds = 0
next i
jump SELF loop_struct
clear
  using 1 OpenMP thread(s) per MPI task
log energies.log append
units metal
boundary p p p
atom_style atomic
read_data Si333_${i}.in
read_data Si333_156.in
Reading data file ...
  orthogonal box = (0 0 0) to (16.331106 16.331106 16.331106)
  1 by 1 by 1 MPI processor grid
  reading atoms ...
  216 atoms
  reading velocities ...
  216 velocities
  read_data CPU = 0.001 seconds
mass 1 28.085
pair_style sw
pair_coeff * * Si.sw Si
Reading sw potential file Si.sw with DATE: 2007-06-11
run 0
Neighbor list info ...
  update: every = 1 steps, delay = 0 steps, check = yes
  max neighbors/atom: 2000, page size: 100000
  master list distance cutoff = 5.77118
  ghost atom cutoff = 5.77118
  binsize = 2.88559, bins = 6 6 6
  1 neighbor lists, perpetual/occasional/extra = 1 0 0
  (1) pair sw, perpetual
      attributes: full, newton on
      pair build: full/bin/atomonly
      stencil: full/bin/3d
      bin: standard
Per MPI rank memory allocation (min/avg/max) = 3.084 | 3.084 | 3.084 Mbytes
   Step          Temp          E_pair         E_mol          TotEng         Press     
WARNING: Too many warnings: 156 vs 100. All future warnings will be suppressed (src/thermo.cpp:478)
         0   0             -935.33347      0             -935.33347     -6692.5367    
Loop time of 1.24e-06 on 1 procs for 0 steps with 216 atoms

0.0% CPU use with 1 MPI tasks x 1 OpenMP threads

MPI task timing breakdown:
Section |  min time  |  avg time  |  max time  |%varavg| %total
---------------------------------------------------------------
Pair    | 0          | 0          | 0          |   0.0 |  0.00
Neigh   | 0          | 0          | 0          |   0.0 |  0.00
Comm    | 0          | 0          | 0          |   0.0 |  0.00
Output  | 0          | 0          | 0          |   0.0 |  0.00
Modify  | 0          | 0          | 0          |   0.0 |  0.00
Other   |            | 1.24e-06   |            |       |100.00

Nlocal:            216 ave         216 max         216 min
Histogram: 1 0 0 0 0 0 0 0 0 0
Nghost:            884 ave         884 max         884 min
Histogram: 1 0 0 0 0 0 0 0 0 0
Neighs:              0 ave           0 max           0 min
Histogram: 1 0 0 0 0 0 0 0 0 0
FullNghs:         7344 ave        7344 max        7344 min
Histogram: 1 0 0 0 0 0 0 0 0 0

Total # of neighbors = 7344
Ave neighs/atom = 34
Neighbor list builds = 0
Dangerous builds = 0
next i
jump SELF loop_struct
clear
  using 1 OpenMP thread(s) per MPI task
log energies.log append
units metal
boundary p p p
atom_style atomic
read_data Si333_${i}.in
read_data Si333_157.in
Reading data file ...
  orthogonal box = (0 0 0) to (16.331106 16.331106 16.331106)
  1 by 1 by 1 MPI processor grid
  reading atoms ...
  216 atoms
  reading velocities ...
  216 velocities
  read_data CPU = 0.001 seconds
mass 1 28.085
pair_style sw
pair_coeff * * Si.sw Si
Reading sw potential file Si.sw with DATE: 2007-06-11
run 0
Neighbor list info ...
  update: every = 1 steps, delay = 0 steps, check = yes
  max neighbors/atom: 2000, page size: 100000
  master list distance cutoff = 5.77118
  ghost atom cutoff = 5.77118
  binsize = 2.88559, bins = 6 6 6
  1 neighbor lists, perpetual/occasional/extra = 1 0 0
  (1) pair sw, perpetual
      attributes: full, newton on
      pair build: full/bin/atomonly
      stencil: full/bin/3d
      bin: standard
Per MPI rank memory allocation (min/avg/max) = 3.09 | 3.09 | 3.09 Mbytes
   Step          Temp          E_pair         E_mol          TotEng         Press     
WARNING: Too many warnings: 157 vs 100. All future warnings will be suppressed (src/thermo.cpp:478)
         0   0             -908.28886      0             -908.28886      11663.962    
Loop time of 1.03e-06 on 1 procs for 0 steps with 216 atoms

0.0% CPU use with 1 MPI tasks x 1 OpenMP threads

MPI task timing breakdown:
Section |  min time  |  avg time  |  max time  |%varavg| %total
---------------------------------------------------------------
Pair    | 0          | 0          | 0          |   0.0 |  0.00
Neigh   | 0          | 0          | 0          |   0.0 |  0.00
Comm    | 0          | 0          | 0          |   0.0 |  0.00
Output  | 0          | 0          | 0          |   0.0 |  0.00
Modify  | 0          | 0          | 0          |   0.0 |  0.00
Other   |            | 1.03e-06   |            |       |100.00

Nlocal:            216 ave         216 max         216 min
Histogram: 1 0 0 0 0 0 0 0 0 0
Nghost:            885 ave         885 max         885 min
Histogram: 1 0 0 0 0 0 0 0 0 0
Neighs:              0 ave           0 max           0 min
Histogram: 1 0 0 0 0 0 0 0 0 0
FullNghs:         7376 ave        7376 max        7376 min
Histogram: 1 0 0 0 0 0 0 0 0 0

Total # of neighbors = 7376
Ave neighs/atom = 34.148148
Neighbor list builds = 0
Dangerous builds = 0
next i
jump SELF loop_struct
clear
  using 1 OpenMP thread(s) per MPI task
log energies.log append
units metal
boundary p p p
atom_style atomic
read_data Si333_${i}.in
read_data Si333_158.in
Reading data file ...
  orthogonal box = (0 0 0) to (16.331106 16.331106 16.331106)
  1 by 1 by 1 MPI processor grid
  reading atoms ...
  216 atoms
  reading velocities ...
  216 velocities
  read_data CPU = 0.001 seconds
mass 1 28.085
pair_style sw
pair_coeff * * Si.sw Si
Reading sw potential file Si.sw with DATE: 2007-06-11
run 0
Neighbor list info ...
  update: every = 1 steps, delay = 0 steps, check = yes
  max neighbors/atom: 2000, page size: 100000
  master list distance cutoff = 5.77118
  ghost atom cutoff = 5.77118
  binsize = 2.88559, bins = 6 6 6
  1 neighbor lists, perpetual/occasional/extra = 1 0 0
  (1) pair sw, perpetual
      attributes: full, newton on
      pair build: full/bin/atomonly
      stencil: full/bin/3d
      bin: standard
Per MPI rank memory allocation (min/avg/max) = 3.092 | 3.092 | 3.092 Mbytes
   Step          Temp          E_pair         E_mol          TotEng         Press     
WARNING: Too many warnings: 158 vs 100. All future warnings will be suppressed (src/thermo.cpp:478)
         0   0             -935.38185      0             -935.38185     -6691.4767    
Loop time of 1.03e-06 on 1 procs for 0 steps with 216 atoms

0.0% CPU use with 1 MPI tasks x 1 OpenMP threads

MPI task timing breakdown:
Section |  min time  |  avg time  |  max time  |%varavg| %total
---------------------------------------------------------------
Pair    | 0          | 0          | 0          |   0.0 |  0.00
Neigh   | 0          | 0          | 0          |   0.0 |  0.00
Comm    | 0          | 0          | 0          |   0.0 |  0.00
Output  | 0          | 0          | 0          |   0.0 |  0.00
Modify  | 0          | 0          | 0          |   0.0 |  0.00
Other   |            | 1.03e-06   |            |       |100.00

Nlocal:            216 ave         216 max         216 min
Histogram: 1 0 0 0 0 0 0 0 0 0
Nghost:            939 ave         939 max         939 min
Histogram: 1 0 0 0 0 0 0 0 0 0
Neighs:              0 ave           0 max           0 min
Histogram: 1 0 0 0 0 0 0 0 0 0
FullNghs:         7344 ave        7344 max        7344 min
Histogram: 1 0 0 0 0 0 0 0 0 0

Total # of neighbors = 7344
Ave neighs/atom = 34
Neighbor list builds = 0
Dangerous builds = 0
next i
jump SELF loop_struct
clear
  using 1 OpenMP thread(s) per MPI task
log energies.log append
units metal
boundary p p p
atom_style atomic
read_data Si333_${i}.in
read_data Si333_159.in
Reading data file ...
  orthogonal box = (0 0 0) to (16.331106 16.331106 16.331106)
  1 by 1 by 1 MPI processor grid
  reading atoms ...
  216 atoms
  reading velocities ...
  216 velocities
  read_data CPU = 0.001 seconds
mass 1 28.085
pair_style sw
pair_coeff * * Si.sw Si
Reading sw potential file Si.sw with DATE: 2007-06-11
run 0
Neighbor list info ...
  update: every = 1 steps, delay = 0 steps, check = yes
  max neighbors/atom: 2000, page size: 100000
  master list distance cutoff = 5.77118
  ghost atom cutoff = 5.77118
  binsize = 2.88559, bins = 6 6 6
  1 neighbor lists, perpetual/occasional/extra = 1 0 0
  (1) pair sw, perpetual
      attributes: full, newton on
      pair build: full/bin/atomonly
      stencil: full/bin/3d
      bin: standard
Per MPI rank memory allocation (min/avg/max) = 3.083 | 3.083 | 3.083 Mbytes
   Step          Temp          E_pair         E_mol          TotEng         Press     
WARNING: Too many warnings: 159 vs 100. All future warnings will be suppressed (src/thermo.cpp:478)
         0   0             -908.35734      0             -908.35734      11634.369    
Loop time of 1.04e-06 on 1 procs for 0 steps with 216 atoms

96.2% CPU use with 1 MPI tasks x 1 OpenMP threads

MPI task timing breakdown:
Section |  min time  |  avg time  |  max time  |%varavg| %total
---------------------------------------------------------------
Pair    | 0          | 0          | 0          |   0.0 |  0.00
Neigh   | 0          | 0          | 0          |   0.0 |  0.00
Comm    | 0          | 0          | 0          |   0.0 |  0.00
Output  | 0          | 0          | 0          |   0.0 |  0.00
Modify  | 0          | 0          | 0          |   0.0 |  0.00
Other   |            | 1.04e-06   |            |       |100.00

Nlocal:            216 ave         216 max         216 min
Histogram: 1 0 0 0 0 0 0 0 0 0
Nghost:            836 ave         836 max         836 min
Histogram: 1 0 0 0 0 0 0 0 0 0
Neighs:              0 ave           0 max           0 min
Histogram: 1 0 0 0 0 0 0 0 0 0
FullNghs:         7386 ave        7386 max        7386 min
Histogram: 1 0 0 0 0 0 0 0 0 0

Total # of neighbors = 7386
Ave neighs/atom = 34.194444
Neighbor list builds = 0
Dangerous builds = 0
next i
jump SELF loop_struct
clear
  using 1 OpenMP thread(s) per MPI task
log energies.log append
units metal
boundary p p p
atom_style atomic
read_data Si333_${i}.in
read_data Si333_160.in
Reading data file ...
  orthogonal box = (0 0 0) to (16.331106 16.331106 16.331106)
  1 by 1 by 1 MPI processor grid
  reading atoms ...
  216 atoms
  reading velocities ...
  216 velocities
  read_data CPU = 0.001 seconds
mass 1 28.085
pair_style sw
pair_coeff * * Si.sw Si
Reading sw potential file Si.sw with DATE: 2007-06-11
run 0
Neighbor list info ...
  update: every = 1 steps, delay = 0 steps, check = yes
  max neighbors/atom: 2000, page size: 100000
  master list distance cutoff = 5.77118
  ghost atom cutoff = 5.77118
  binsize = 2.88559, bins = 6 6 6
  1 neighbor lists, perpetual/occasional/extra = 1 0 0
  (1) pair sw, perpetual
      attributes: full, newton on
      pair build: full/bin/atomonly
      stencil: full/bin/3d
      bin: standard
Per MPI rank memory allocation (min/avg/max) = 3.083 | 3.083 | 3.083 Mbytes
   Step          Temp          E_pair         E_mol          TotEng         Press     
WARNING: Too many warnings: 160 vs 100. All future warnings will be suppressed (src/thermo.cpp:478)
         0   0             -935.34627      0             -935.34627     -6686.8943    
Loop time of 1.06e-06 on 1 procs for 0 steps with 216 atoms

0.0% CPU use with 1 MPI tasks x 1 OpenMP threads

MPI task timing breakdown:
Section |  min time  |  avg time  |  max time  |%varavg| %total
---------------------------------------------------------------
Pair    | 0          | 0          | 0          |   0.0 |  0.00
Neigh   | 0          | 0          | 0          |   0.0 |  0.00
Comm    | 0          | 0          | 0          |   0.0 |  0.00
Output  | 0          | 0          | 0          |   0.0 |  0.00
Modify  | 0          | 0          | 0          |   0.0 |  0.00
Other   |            | 1.06e-06   |            |       |100.00

Nlocal:            216 ave         216 max         216 min
Histogram: 1 0 0 0 0 0 0 0 0 0
Nghost:            834 ave         834 max         834 min
Histogram: 1 0 0 0 0 0 0 0 0 0
Neighs:              0 ave           0 max           0 min
Histogram: 1 0 0 0 0 0 0 0 0 0
FullNghs:         7344 ave        7344 max        7344 min
Histogram: 1 0 0 0 0 0 0 0 0 0

Total # of neighbors = 7344
Ave neighs/atom = 34
Neighbor list builds = 0
Dangerous builds = 0
next i
jump SELF loop_struct
clear
  using 1 OpenMP thread(s) per MPI task
log energies.log append
units metal
boundary p p p
atom_style atomic
read_data Si333_${i}.in
read_data Si333_161.in
Reading data file ...
  orthogonal box = (0 0 0) to (16.331106 16.331106 16.331106)
  1 by 1 by 1 MPI processor grid
  reading atoms ...
  216 atoms
  reading velocities ...
  216 velocities
  read_data CPU = 0.001 seconds
mass 1 28.085
pair_style sw
pair_coeff * * Si.sw Si
Reading sw potential file Si.sw with DATE: 2007-06-11
run 0
Neighbor list info ...
  update: every = 1 steps, delay = 0 steps, check = yes
  max neighbors/atom: 2000, page size: 100000
  master list distance cutoff = 5.77118
  ghost atom cutoff = 5.77118
  binsize = 2.88559, bins = 6 6 6
  1 neighbor lists, perpetual/occasional/extra = 1 0 0
  (1) pair sw, perpetual
      attributes: full, newton on
      pair build: full/bin/atomonly
      stencil: full/bin/3d
      bin: standard
Per MPI rank memory allocation (min/avg/max) = 3.086 | 3.086 | 3.086 Mbytes
   Step          Temp          E_pair         E_mol          TotEng         Press     
WARNING: Too many warnings: 161 vs 100. All future warnings will be suppressed (src/thermo.cpp:478)
         0   0             -935.25468      0             -935.25468     -6657.4939    
Loop time of 1.04e-06 on 1 procs for 0 steps with 216 atoms

0.0% CPU use with 1 MPI tasks x 1 OpenMP threads

MPI task timing breakdown:
Section |  min time  |  avg time  |  max time  |%varavg| %total
---------------------------------------------------------------
Pair    | 0          | 0          | 0          |   0.0 |  0.00
Neigh   | 0          | 0          | 0          |   0.0 |  0.00
Comm    | 0          | 0          | 0          |   0.0 |  0.00
Output  | 0          | 0          | 0          |   0.0 |  0.00
Modify  | 0          | 0          | 0          |   0.0 |  0.00
Other   |            | 1.04e-06   |            |       |100.00

Nlocal:            216 ave         216 max         216 min
Histogram: 1 0 0 0 0 0 0 0 0 0
Nghost:            882 ave         882 max         882 min
Histogram: 1 0 0 0 0 0 0 0 0 0
Neighs:              0 ave           0 max           0 min
Histogram: 1 0 0 0 0 0 0 0 0 0
FullNghs:         7344 ave        7344 max        7344 min
Histogram: 1 0 0 0 0 0 0 0 0 0

Total # of neighbors = 7344
Ave neighs/atom = 34
Neighbor list builds = 0
Dangerous builds = 0
next i
jump SELF loop_struct
clear
  using 1 OpenMP thread(s) per MPI task
log energies.log append
units metal
boundary p p p
atom_style atomic
read_data Si333_${i}.in
read_data Si333_162.in
Reading data file ...
  orthogonal box = (0 0 0) to (16.331106 16.331106 16.331106)
  1 by 1 by 1 MPI processor grid
  reading atoms ...
  216 atoms
  reading velocities ...
  216 velocities
  read_data CPU = 0.001 seconds
mass 1 28.085
pair_style sw
pair_coeff * * Si.sw Si
Reading sw potential file Si.sw with DATE: 2007-06-11
run 0
Neighbor list info ...
  update: every = 1 steps, delay = 0 steps, check = yes
  max neighbors/atom: 2000, page size: 100000
  master list distance cutoff = 5.77118
  ghost atom cutoff = 5.77118
  binsize = 2.88559, bins = 6 6 6
  1 neighbor lists, perpetual/occasional/extra = 1 0 0
  (1) pair sw, perpetual
      attributes: full, newton on
      pair build: full/bin/atomonly
      stencil: full/bin/3d
      bin: standard
Per MPI rank memory allocation (min/avg/max) = 3.088 | 3.088 | 3.088 Mbytes
   Step          Temp          E_pair         E_mol          TotEng         Press     
WARNING: Too many warnings: 162 vs 100. All future warnings will be suppressed (src/thermo.cpp:478)
         0   0             -935.3176       0             -935.3176      -6677.5264    
Loop time of 1.05e-06 on 1 procs for 0 steps with 216 atoms

0.0% CPU use with 1 MPI tasks x 1 OpenMP threads

MPI task timing breakdown:
Section |  min time  |  avg time  |  max time  |%varavg| %total
---------------------------------------------------------------
Pair    | 0          | 0          | 0          |   0.0 |  0.00
Neigh   | 0          | 0          | 0          |   0.0 |  0.00
Comm    | 0          | 0          | 0          |   0.0 |  0.00
Output  | 0          | 0          | 0          |   0.0 |  0.00
Modify  | 0          | 0          | 0          |   0.0 |  0.00
Other   |            | 1.05e-06   |            |       |100.00

Nlocal:            216 ave         216 max         216 min
Histogram: 1 0 0 0 0 0 0 0 0 0
Nghost:            834 ave         834 max         834 min
Histogram: 1 0 0 0 0 0 0 0 0 0
Neighs:              0 ave           0 max           0 min
Histogram: 1 0 0 0 0 0 0 0 0 0
FullNghs:         7344 ave        7344 max        7344 min
Histogram: 1 0 0 0 0 0 0 0 0 0

Total # of neighbors = 7344
Ave neighs/atom = 34
Neighbor list builds = 0
Dangerous builds = 0
next i
jump SELF loop_struct
clear
  using 1 OpenMP thread(s) per MPI task
log energies.log append
units metal
boundary p p p
atom_style atomic
read_data Si333_${i}.in
read_data Si333_163.in
Reading data file ...
  orthogonal box = (0 0 0) to (16.331106 16.331106 16.331106)
  1 by 1 by 1 MPI processor grid
  reading atoms ...
  216 atoms
  reading velocities ...
  216 velocities
  read_data CPU = 0.001 seconds
mass 1 28.085
pair_style sw
pair_coeff * * Si.sw Si
Reading sw potential file Si.sw with DATE: 2007-06-11
run 0
Neighbor list info ...
  update: every = 1 steps, delay = 0 steps, check = yes
  max neighbors/atom: 2000, page size: 100000
  master list distance cutoff = 5.77118
  ghost atom cutoff = 5.77118
  binsize = 2.88559, bins = 6 6 6
  1 neighbor lists, perpetual/occasional/extra = 1 0 0
  (1) pair sw, perpetual
      attributes: full, newton on
      pair build: full/bin/atomonly
      stencil: full/bin/3d
      bin: standard
Per MPI rank memory allocation (min/avg/max) = 3.086 | 3.086 | 3.086 Mbytes
   Step          Temp          E_pair         E_mol          TotEng         Press     
WARNING: Too many warnings: 163 vs 100. All future warnings will be suppressed (src/thermo.cpp:478)
         0   0             -935.10504      0             -935.10504     -6626.4167    
Loop time of 1.03e-06 on 1 procs for 0 steps with 216 atoms

0.0% CPU use with 1 MPI tasks x 1 OpenMP threads

MPI task timing breakdown:
Section |  min time  |  avg time  |  max time  |%varavg| %total
---------------------------------------------------------------
Pair    | 0          | 0          | 0          |   0.0 |  0.00
Neigh   | 0          | 0          | 0          |   0.0 |  0.00
Comm    | 0          | 0          | 0          |   0.0 |  0.00
Output  | 0          | 0          | 0          |   0.0 |  0.00
Modify  | 0          | 0          | 0          |   0.0 |  0.00
Other   |            | 1.03e-06   |            |       |100.00

Nlocal:            216 ave         216 max         216 min
Histogram: 1 0 0 0 0 0 0 0 0 0
Nghost:            884 ave         884 max         884 min
Histogram: 1 0 0 0 0 0 0 0 0 0
Neighs:              0 ave           0 max           0 min
Histogram: 1 0 0 0 0 0 0 0 0 0
FullNghs:         7344 ave        7344 max        7344 min
Histogram: 1 0 0 0 0 0 0 0 0 0

Total # of neighbors = 7344
Ave neighs/atom = 34
Neighbor list builds = 0
Dangerous builds = 0
next i
jump SELF loop_struct
clear
  using 1 OpenMP thread(s) per MPI task
log energies.log append
units metal
boundary p p p
atom_style atomic
read_data Si333_${i}.in
read_data Si333_164.in
Reading data file ...
  orthogonal box = (0 0 0) to (16.331106 16.331106 16.331106)
  1 by 1 by 1 MPI processor grid
  reading atoms ...
  216 atoms
  reading velocities ...
  216 velocities
  read_data CPU = 0.001 seconds
mass 1 28.085
pair_style sw
pair_coeff * * Si.sw Si
Reading sw potential file Si.sw with DATE: 2007-06-11
run 0
Neighbor list info ...
  update: every = 1 steps, delay = 0 steps, check = yes
  max neighbors/atom: 2000, page size: 100000
  master list distance cutoff = 5.77118
  ghost atom cutoff = 5.77118
  binsize = 2.88559, bins = 6 6 6
  1 neighbor lists, perpetual/occasional/extra = 1 0 0
  (1) pair sw, perpetual
      attributes: full, newton on
      pair build: full/bin/atomonly
      stencil: full/bin/3d
      bin: standard
Per MPI rank memory allocation (min/avg/max) = 3.084 | 3.084 | 3.084 Mbytes
   Step          Temp          E_pair         E_mol          TotEng         Press     
WARNING: Too many warnings: 164 vs 100. All future warnings will be suppressed (src/thermo.cpp:478)
         0   0             -935.1101       0             -935.1101      -6627.7235    
Loop time of 1.07e-06 on 1 procs for 0 steps with 216 atoms

0.0% CPU use with 1 MPI tasks x 1 OpenMP threads

MPI task timing breakdown:
Section |  min time  |  avg time  |  max time  |%varavg| %total
---------------------------------------------------------------
Pair    | 0          | 0          | 0          |   0.0 |  0.00
Neigh   | 0          | 0          | 0          |   0.0 |  0.00
Comm    | 0          | 0          | 0          |   0.0 |  0.00
Output  | 0          | 0          | 0          |   0.0 |  0.00
Modify  | 0          | 0          | 0          |   0.0 |  0.00
Other   |            | 1.07e-06   |            |       |100.00

Nlocal:            216 ave         216 max         216 min
Histogram: 1 0 0 0 0 0 0 0 0 0
Nghost:            884 ave         884 max         884 min
Histogram: 1 0 0 0 0 0 0 0 0 0
Neighs:              0 ave           0 max           0 min
Histogram: 1 0 0 0 0 0 0 0 0 0
FullNghs:         7344 ave        7344 max        7344 min
Histogram: 1 0 0 0 0 0 0 0 0 0

Total # of neighbors = 7344
Ave neighs/atom = 34
Neighbor list builds = 0
Dangerous builds = 0
next i
jump SELF loop_struct
clear
  using 1 OpenMP thread(s) per MPI task
log energies.log append
units metal
boundary p p p
atom_style atomic
read_data Si333_${i}.in
read_data Si333_165.in
Reading data file ...
  orthogonal box = (0 0 0) to (16.331106 16.331106 16.331106)
  1 by 1 by 1 MPI processor grid
  reading atoms ...
  216 atoms
  reading velocities ...
  216 velocities
  read_data CPU = 0.001 seconds
mass 1 28.085
pair_style sw
pair_coeff * * Si.sw Si
Reading sw potential file Si.sw with DATE: 2007-06-11
run 0
Neighbor list info ...
  update: every = 1 steps, delay = 0 steps, check = yes
  max neighbors/atom: 2000, page size: 100000
  master list distance cutoff = 5.77118
  ghost atom cutoff = 5.77118
  binsize = 2.88559, bins = 6 6 6
  1 neighbor lists, perpetual/occasional/extra = 1 0 0
  (1) pair sw, perpetual
      attributes: full, newton on
      pair build: full/bin/atomonly
      stencil: full/bin/3d
      bin: standard
Per MPI rank memory allocation (min/avg/max) = 3.09 | 3.09 | 3.09 Mbytes
   Step          Temp          E_pair         E_mol          TotEng         Press     
WARNING: Too many warnings: 165 vs 100. All future warnings will be suppressed (src/thermo.cpp:478)
         0   0             -935.33339      0             -935.33339     -6691.7321    
Loop time of 1.06e-06 on 1 procs for 0 steps with 216 atoms

94.3% CPU use with 1 MPI tasks x 1 OpenMP threads

MPI task timing breakdown:
Section |  min time  |  avg time  |  max time  |%varavg| %total
---------------------------------------------------------------
Pair    | 0          | 0          | 0          |   0.0 |  0.00
Neigh   | 0          | 0          | 0          |   0.0 |  0.00
Comm    | 0          | 0          | 0          |   0.0 |  0.00
Output  | 0          | 0          | 0          |   0.0 |  0.00
Modify  | 0          | 0          | 0          |   0.0 |  0.00
Other   |            | 1.06e-06   |            |       |100.00

Nlocal:            216 ave         216 max         216 min
Histogram: 1 0 0 0 0 0 0 0 0 0
Nghost:            889 ave         889 max         889 min
Histogram: 1 0 0 0 0 0 0 0 0 0
Neighs:              0 ave           0 max           0 min
Histogram: 1 0 0 0 0 0 0 0 0 0
FullNghs:         7344 ave        7344 max        7344 min
Histogram: 1 0 0 0 0 0 0 0 0 0

Total # of neighbors = 7344
Ave neighs/atom = 34
Neighbor list builds = 0
Dangerous builds = 0
next i
jump SELF loop_struct
clear
  using 1 OpenMP thread(s) per MPI task
log energies.log append
units metal
boundary p p p
atom_style atomic
read_data Si333_${i}.in
read_data Si333_166.in
Reading data file ...
  orthogonal box = (0 0 0) to (16.331106 16.331106 16.331106)
  1 by 1 by 1 MPI processor grid
  reading atoms ...
  216 atoms
  reading velocities ...
  216 velocities
  read_data CPU = 0.001 seconds
mass 1 28.085
pair_style sw
pair_coeff * * Si.sw Si
Reading sw potential file Si.sw with DATE: 2007-06-11
run 0
Neighbor list info ...
  update: every = 1 steps, delay = 0 steps, check = yes
  max neighbors/atom: 2000, page size: 100000
  master list distance cutoff = 5.77118
  ghost atom cutoff = 5.77118
  binsize = 2.88559, bins = 6 6 6
  1 neighbor lists, perpetual/occasional/extra = 1 0 0
  (1) pair sw, perpetual
      attributes: full, newton on
      pair build: full/bin/atomonly
      stencil: full/bin/3d
      bin: standard
Per MPI rank memory allocation (min/avg/max) = 3.088 | 3.088 | 3.088 Mbytes
   Step          Temp          E_pair         E_mol          TotEng         Press     
WARNING: Too many warnings: 166 vs 100. All future warnings will be suppressed (src/thermo.cpp:478)
         0   0             -935.2656       0             -935.2656      -6694.3038    
Loop time of 1.06e-06 on 1 procs for 0 steps with 216 atoms

94.3% CPU use with 1 MPI tasks x 1 OpenMP threads

MPI task timing breakdown:
Section |  min time  |  avg time  |  max time  |%varavg| %total
---------------------------------------------------------------
Pair    | 0          | 0          | 0          |   0.0 |  0.00
Neigh   | 0          | 0          | 0          |   0.0 |  0.00
Comm    | 0          | 0          | 0          |   0.0 |  0.00
Output  | 0          | 0          | 0          |   0.0 |  0.00
Modify  | 0          | 0          | 0          |   0.0 |  0.00
Other   |            | 1.06e-06   |            |       |100.00

Nlocal:            216 ave         216 max         216 min
Histogram: 1 0 0 0 0 0 0 0 0 0
Nghost:            834 ave         834 max         834 min
Histogram: 1 0 0 0 0 0 0 0 0 0
Neighs:              0 ave           0 max           0 min
Histogram: 1 0 0 0 0 0 0 0 0 0
FullNghs:         7344 ave        7344 max        7344 min
Histogram: 1 0 0 0 0 0 0 0 0 0

Total # of neighbors = 7344
Ave neighs/atom = 34
Neighbor list builds = 0
Dangerous builds = 0
next i
jump SELF loop_struct
clear
  using 1 OpenMP thread(s) per MPI task
log energies.log append
units metal
boundary p p p
atom_style atomic
read_data Si333_${i}.in
read_data Si333_167.in
Reading data file ...
  orthogonal box = (0 0 0) to (16.331106 16.331106 16.331106)
  1 by 1 by 1 MPI processor grid
  reading atoms ...
  216 atoms
  reading velocities ...
  216 velocities
  read_data CPU = 0.001 seconds
mass 1 28.085
pair_style sw
pair_coeff * * Si.sw Si
Reading sw potential file Si.sw with DATE: 2007-06-11
run 0
Neighbor list info ...
  update: every = 1 steps, delay = 0 steps, check = yes
  max neighbors/atom: 2000, page size: 100000
  master list distance cutoff = 5.77118
  ghost atom cutoff = 5.77118
  binsize = 2.88559, bins = 6 6 6
  1 neighbor lists, perpetual/occasional/extra = 1 0 0
  (1) pair sw, perpetual
      attributes: full, newton on
      pair build: full/bin/atomonly
      stencil: full/bin/3d
      bin: standard
Per MPI rank memory allocation (min/avg/max) = 3.081 | 3.081 | 3.081 Mbytes
   Step          Temp          E_pair         E_mol          TotEng         Press     
WARNING: Too many warnings: 167 vs 100. All future warnings will be suppressed (src/thermo.cpp:478)
         0   0             -935.3108       0             -935.3108      -6686.4959    
Loop time of 1.05e-06 on 1 procs for 0 steps with 216 atoms

95.2% CPU use with 1 MPI tasks x 1 OpenMP threads

MPI task timing breakdown:
Section |  min time  |  avg time  |  max time  |%varavg| %total
---------------------------------------------------------------
Pair    | 0          | 0          | 0          |   0.0 |  0.00
Neigh   | 0          | 0          | 0          |   0.0 |  0.00
Comm    | 0          | 0          | 0          |   0.0 |  0.00
Output  | 0          | 0          | 0          |   0.0 |  0.00
Modify  | 0          | 0          | 0          |   0.0 |  0.00
Other   |            | 1.05e-06   |            |       |100.00

Nlocal:            216 ave         216 max         216 min
Histogram: 1 0 0 0 0 0 0 0 0 0
Nghost:            784 ave         784 max         784 min
Histogram: 1 0 0 0 0 0 0 0 0 0
Neighs:              0 ave           0 max           0 min
Histogram: 1 0 0 0 0 0 0 0 0 0
FullNghs:         7344 ave        7344 max        7344 min
Histogram: 1 0 0 0 0 0 0 0 0 0

Total # of neighbors = 7344
Ave neighs/atom = 34
Neighbor list builds = 0
Dangerous builds = 0
next i
jump SELF loop_struct
clear
  using 1 OpenMP thread(s) per MPI task
log energies.log append
units metal
boundary p p p
atom_style atomic
read_data Si333_${i}.in
read_data Si333_168.in
Reading data file ...
  orthogonal box = (0 0 0) to (16.331106 16.331106 16.331106)
  1 by 1 by 1 MPI processor grid
  reading atoms ...
  216 atoms
  reading velocities ...
  216 velocities
  read_data CPU = 0.001 seconds
mass 1 28.085
pair_style sw
pair_coeff * * Si.sw Si
Reading sw potential file Si.sw with DATE: 2007-06-11
run 0
Neighbor list info ...
  update: every = 1 steps, delay = 0 steps, check = yes
  max neighbors/atom: 2000, page size: 100000
  master list distance cutoff = 5.77118
  ghost atom cutoff = 5.77118
  binsize = 2.88559, bins = 6 6 6
  1 neighbor lists, perpetual/occasional/extra = 1 0 0
  (1) pair sw, perpetual
      attributes: full, newton on
      pair build: full/bin/atomonly
      stencil: full/bin/3d
      bin: standard
Per MPI rank memory allocation (min/avg/max) = 3.083 | 3.083 | 3.083 Mbytes
   Step          Temp          E_pair         E_mol          TotEng         Press     
WARNING: Too many warnings: 168 vs 100. All future warnings will be suppressed (src/thermo.cpp:478)
         0   0             -935.28135      0             -935.28135     -6690.172     
Loop time of 1.03e-06 on 1 procs for 0 steps with 216 atoms

0.0% CPU use with 1 MPI tasks x 1 OpenMP threads

MPI task timing breakdown:
Section |  min time  |  avg time  |  max time  |%varavg| %total
---------------------------------------------------------------
Pair    | 0          | 0          | 0          |   0.0 |  0.00
Neigh   | 0          | 0          | 0          |   0.0 |  0.00
Comm    | 0          | 0          | 0          |   0.0 |  0.00
Output  | 0          | 0          | 0          |   0.0 |  0.00
Modify  | 0          | 0          | 0          |   0.0 |  0.00
Other   |            | 1.03e-06   |            |       |100.00

Nlocal:            216 ave         216 max         216 min
Histogram: 1 0 0 0 0 0 0 0 0 0
Nghost:            834 ave         834 max         834 min
Histogram: 1 0 0 0 0 0 0 0 0 0
Neighs:              0 ave           0 max           0 min
Histogram: 1 0 0 0 0 0 0 0 0 0
FullNghs:         7344 ave        7344 max        7344 min
Histogram: 1 0 0 0 0 0 0 0 0 0

Total # of neighbors = 7344
Ave neighs/atom = 34
Neighbor list builds = 0
Dangerous builds = 0
next i
jump SELF loop_struct
clear
  using 1 OpenMP thread(s) per MPI task
log energies.log append
units metal
boundary p p p
atom_style atomic
read_data Si333_${i}.in
read_data Si333_169.in
Reading data file ...
  orthogonal box = (0 0 0) to (16.331106 16.331106 16.331106)
  1 by 1 by 1 MPI processor grid
  reading atoms ...
  216 atoms
  reading velocities ...
  216 velocities
  read_data CPU = 0.001 seconds
mass 1 28.085
pair_style sw
pair_coeff * * Si.sw Si
Reading sw potential file Si.sw with DATE: 2007-06-11
run 0
Neighbor list info ...
  update: every = 1 steps, delay = 0 steps, check = yes
  max neighbors/atom: 2000, page size: 100000
  master list distance cutoff = 5.77118
  ghost atom cutoff = 5.77118
  binsize = 2.88559, bins = 6 6 6
  1 neighbor lists, perpetual/occasional/extra = 1 0 0
  (1) pair sw, perpetual
      attributes: full, newton on
      pair build: full/bin/atomonly
      stencil: full/bin/3d
      bin: standard
Per MPI rank memory allocation (min/avg/max) = 3.083 | 3.083 | 3.083 Mbytes
   Step          Temp          E_pair         E_mol          TotEng         Press     
WARNING: Too many warnings: 169 vs 100. All future warnings will be suppressed (src/thermo.cpp:478)
         0   0             -935.34325      0             -935.34325     -6687.6225    
Loop time of 1.05e-06 on 1 procs for 0 steps with 216 atoms

95.2% CPU use with 1 MPI tasks x 1 OpenMP threads

MPI task timing breakdown:
Section |  min time  |  avg time  |  max time  |%varavg| %total
---------------------------------------------------------------
Pair    | 0          | 0          | 0          |   0.0 |  0.00
Neigh   | 0          | 0          | 0          |   0.0 |  0.00
Comm    | 0          | 0          | 0          |   0.0 |  0.00
Output  | 0          | 0          | 0          |   0.0 |  0.00
Modify  | 0          | 0          | 0          |   0.0 |  0.00
Other   |            | 1.05e-06   |            |       |100.00

Nlocal:            216 ave         216 max         216 min
Histogram: 1 0 0 0 0 0 0 0 0 0
Nghost:            834 ave         834 max         834 min
Histogram: 1 0 0 0 0 0 0 0 0 0
Neighs:              0 ave           0 max           0 min
Histogram: 1 0 0 0 0 0 0 0 0 0
FullNghs:         7344 ave        7344 max        7344 min
Histogram: 1 0 0 0 0 0 0 0 0 0

Total # of neighbors = 7344
Ave neighs/atom = 34
Neighbor list builds = 0
Dangerous builds = 0
next i
jump SELF loop_struct
clear
  using 1 OpenMP thread(s) per MPI task
log energies.log append
units metal
boundary p p p
atom_style atomic
read_data Si333_${i}.in
read_data Si333_170.in
Reading data file ...
  orthogonal box = (0 0 0) to (16.331106 16.331106 16.331106)
  1 by 1 by 1 MPI processor grid
  reading atoms ...
  216 atoms
  reading velocities ...
  216 velocities
  read_data CPU = 0.001 seconds
mass 1 28.085
pair_style sw
pair_coeff * * Si.sw Si
Reading sw potential file Si.sw with DATE: 2007-06-11
run 0
Neighbor list info ...
  update: every = 1 steps, delay = 0 steps, check = yes
  max neighbors/atom: 2000, page size: 100000
  master list distance cutoff = 5.77118
  ghost atom cutoff = 5.77118
  binsize = 2.88559, bins = 6 6 6
  1 neighbor lists, perpetual/occasional/extra = 1 0 0
  (1) pair sw, perpetual
      attributes: full, newton on
      pair build: full/bin/atomonly
      stencil: full/bin/3d
      bin: standard
Per MPI rank memory allocation (min/avg/max) = 3.081 | 3.081 | 3.081 Mbytes
   Step          Temp          E_pair         E_mol          TotEng         Press     
WARNING: Too many warnings: 170 vs 100. All future warnings will be suppressed (src/thermo.cpp:478)
         0   0             -935.2714       0             -935.2714      -6696.7532    
Loop time of 1.04e-06 on 1 procs for 0 steps with 216 atoms

0.0% CPU use with 1 MPI tasks x 1 OpenMP threads

MPI task timing breakdown:
Section |  min time  |  avg time  |  max time  |%varavg| %total
---------------------------------------------------------------
Pair    | 0          | 0          | 0          |   0.0 |  0.00
Neigh   | 0          | 0          | 0          |   0.0 |  0.00
Comm    | 0          | 0          | 0          |   0.0 |  0.00
Output  | 0          | 0          | 0          |   0.0 |  0.00
Modify  | 0          | 0          | 0          |   0.0 |  0.00
Other   |            | 1.04e-06   |            |       |100.00

Nlocal:            216 ave         216 max         216 min
Histogram: 1 0 0 0 0 0 0 0 0 0
Nghost:            784 ave         784 max         784 min
Histogram: 1 0 0 0 0 0 0 0 0 0
Neighs:              0 ave           0 max           0 min
Histogram: 1 0 0 0 0 0 0 0 0 0
FullNghs:         7344 ave        7344 max        7344 min
Histogram: 1 0 0 0 0 0 0 0 0 0

Total # of neighbors = 7344
Ave neighs/atom = 34
Neighbor list builds = 0
Dangerous builds = 0
next i
jump SELF loop_struct
clear
  using 1 OpenMP thread(s) per MPI task
log energies.log append
units metal
boundary p p p
atom_style atomic
read_data Si333_${i}.in
read_data Si333_171.in
Reading data file ...
  orthogonal box = (0 0 0) to (16.331106 16.331106 16.331106)
  1 by 1 by 1 MPI processor grid
  reading atoms ...
  216 atoms
  reading velocities ...
  216 velocities
  read_data CPU = 0.001 seconds
mass 1 28.085
pair_style sw
pair_coeff * * Si.sw Si
Reading sw potential file Si.sw with DATE: 2007-06-11
run 0
Neighbor list info ...
  update: every = 1 steps, delay = 0 steps, check = yes
  max neighbors/atom: 2000, page size: 100000
  master list distance cutoff = 5.77118
  ghost atom cutoff = 5.77118
  binsize = 2.88559, bins = 6 6 6
  1 neighbor lists, perpetual/occasional/extra = 1 0 0
  (1) pair sw, perpetual
      attributes: full, newton on
      pair build: full/bin/atomonly
      stencil: full/bin/3d
      bin: standard
Per MPI rank memory allocation (min/avg/max) = 3.087 | 3.087 | 3.087 Mbytes
   Step          Temp          E_pair         E_mol          TotEng         Press     
WARNING: Too many warnings: 171 vs 100. All future warnings will be suppressed (src/thermo.cpp:478)
         0   0             -935.37825      0             -935.37825     -6716.184     
Loop time of 1.07e-06 on 1 procs for 0 steps with 216 atoms

93.5% CPU use with 1 MPI tasks x 1 OpenMP threads

MPI task timing breakdown:
Section |  min time  |  avg time  |  max time  |%varavg| %total
---------------------------------------------------------------
Pair    | 0          | 0          | 0          |   0.0 |  0.00
Neigh   | 0          | 0          | 0          |   0.0 |  0.00
Comm    | 0          | 0          | 0          |   0.0 |  0.00
Output  | 0          | 0          | 0          |   0.0 |  0.00
Modify  | 0          | 0          | 0          |   0.0 |  0.00
Other   |            | 1.07e-06   |            |       |100.00

Nlocal:            216 ave         216 max         216 min
Histogram: 1 0 0 0 0 0 0 0 0 0
Nghost:            889 ave         889 max         889 min
Histogram: 1 0 0 0 0 0 0 0 0 0
Neighs:              0 ave           0 max           0 min
Histogram: 1 0 0 0 0 0 0 0 0 0
FullNghs:         7344 ave        7344 max        7344 min
Histogram: 1 0 0 0 0 0 0 0 0 0

Total # of neighbors = 7344
Ave neighs/atom = 34
Neighbor list builds = 0
Dangerous builds = 0
next i
jump SELF loop_struct
clear
  using 1 OpenMP thread(s) per MPI task
log energies.log append
units metal
boundary p p p
atom_style atomic
read_data Si333_${i}.in
read_data Si333_172.in
Reading data file ...
  orthogonal box = (0 0 0) to (16.331106 16.331106 16.331106)
  1 by 1 by 1 MPI processor grid
  reading atoms ...
  216 atoms
  reading velocities ...
  216 velocities
  read_data CPU = 0.001 seconds
mass 1 28.085
pair_style sw
pair_coeff * * Si.sw Si
Reading sw potential file Si.sw with DATE: 2007-06-11
run 0
Neighbor list info ...
  update: every = 1 steps, delay = 0 steps, check = yes
  max neighbors/atom: 2000, page size: 100000
  master list distance cutoff = 5.77118
  ghost atom cutoff = 5.77118
  binsize = 2.88559, bins = 6 6 6
  1 neighbor lists, perpetual/occasional/extra = 1 0 0
  (1) pair sw, perpetual
      attributes: full, newton on
      pair build: full/bin/atomonly
      stencil: full/bin/3d
      bin: standard
Per MPI rank memory allocation (min/avg/max) = 3.09 | 3.09 | 3.09 Mbytes
   Step          Temp          E_pair         E_mol          TotEng         Press     
WARNING: Too many warnings: 172 vs 100. All future warnings will be suppressed (src/thermo.cpp:478)
         0   0             -935.11946      0             -935.11946     -6616.0803    
Loop time of 1.04e-06 on 1 procs for 0 steps with 216 atoms

0.0% CPU use with 1 MPI tasks x 1 OpenMP threads

MPI task timing breakdown:
Section |  min time  |  avg time  |  max time  |%varavg| %total
---------------------------------------------------------------
Pair    | 0          | 0          | 0          |   0.0 |  0.00
Neigh   | 0          | 0          | 0          |   0.0 |  0.00
Comm    | 0          | 0          | 0          |   0.0 |  0.00
Output  | 0          | 0          | 0          |   0.0 |  0.00
Modify  | 0          | 0          | 0          |   0.0 |  0.00
Other   |            | 1.04e-06   |            |       |100.00

Nlocal:            216 ave         216 max         216 min
Histogram: 1 0 0 0 0 0 0 0 0 0
Nghost:            889 ave         889 max         889 min
Histogram: 1 0 0 0 0 0 0 0 0 0
Neighs:              0 ave           0 max           0 min
Histogram: 1 0 0 0 0 0 0 0 0 0
FullNghs:         7344 ave        7344 max        7344 min
Histogram: 1 0 0 0 0 0 0 0 0 0

Total # of neighbors = 7344
Ave neighs/atom = 34
Neighbor list builds = 0
Dangerous builds = 0
next i
jump SELF loop_struct
clear
  using 1 OpenMP thread(s) per MPI task
log energies.log append
units metal
boundary p p p
atom_style atomic
read_data Si333_${i}.in
read_data Si333_173.in
Reading data file ...
  orthogonal box = (0 0 0) to (16.331106 16.331106 16.331106)
  1 by 1 by 1 MPI processor grid
  reading atoms ...
  216 atoms
  reading velocities ...
  216 velocities
  read_data CPU = 0.001 seconds
mass 1 28.085
pair_style sw
pair_coeff * * Si.sw Si
Reading sw potential file Si.sw with DATE: 2007-06-11
run 0
Neighbor list info ...
  update: every = 1 steps, delay = 0 steps, check = yes
  max neighbors/atom: 2000, page size: 100000
  master list distance cutoff = 5.77118
  ghost atom cutoff = 5.77118
  binsize = 2.88559, bins = 6 6 6
  1 neighbor lists, perpetual/occasional/extra = 1 0 0
  (1) pair sw, perpetual
      attributes: full, newton on
      pair build: full/bin/atomonly
      stencil: full/bin/3d
      bin: standard
Per MPI rank memory allocation (min/avg/max) = 3.089 | 3.089 | 3.089 Mbytes
   Step          Temp          E_pair         E_mol          TotEng         Press     
WARNING: Too many warnings: 173 vs 100. All future warnings will be suppressed (src/thermo.cpp:478)
         0   0             -935.31277      0             -935.31277     -6695.0675    
Loop time of 1.04e-06 on 1 procs for 0 steps with 216 atoms

96.2% CPU use with 1 MPI tasks x 1 OpenMP threads

MPI task timing breakdown:
Section |  min time  |  avg time  |  max time  |%varavg| %total
---------------------------------------------------------------
Pair    | 0          | 0          | 0          |   0.0 |  0.00
Neigh   | 0          | 0          | 0          |   0.0 |  0.00
Comm    | 0          | 0          | 0          |   0.0 |  0.00
Output  | 0          | 0          | 0          |   0.0 |  0.00
Modify  | 0          | 0          | 0          |   0.0 |  0.00
Other   |            | 1.04e-06   |            |       |100.00

Nlocal:            216 ave         216 max         216 min
Histogram: 1 0 0 0 0 0 0 0 0 0
Nghost:            949 ave         949 max         949 min
Histogram: 1 0 0 0 0 0 0 0 0 0
Neighs:              0 ave           0 max           0 min
Histogram: 1 0 0 0 0 0 0 0 0 0
FullNghs:         7344 ave        7344 max        7344 min
Histogram: 1 0 0 0 0 0 0 0 0 0

Total # of neighbors = 7344
Ave neighs/atom = 34
Neighbor list builds = 0
Dangerous builds = 0
next i
jump SELF loop_struct
clear
  using 1 OpenMP thread(s) per MPI task
log energies.log append
units metal
boundary p p p
atom_style atomic
read_data Si333_${i}.in
read_data Si333_174.in
Reading data file ...
  orthogonal box = (0 0 0) to (16.331106 16.331106 16.331106)
  1 by 1 by 1 MPI processor grid
  reading atoms ...
  216 atoms
  reading velocities ...
  216 velocities
  read_data CPU = 0.001 seconds
mass 1 28.085
pair_style sw
pair_coeff * * Si.sw Si
Reading sw potential file Si.sw with DATE: 2007-06-11
run 0
Neighbor list info ...
  update: every = 1 steps, delay = 0 steps, check = yes
  max neighbors/atom: 2000, page size: 100000
  master list distance cutoff = 5.77118
  ghost atom cutoff = 5.77118
  binsize = 2.88559, bins = 6 6 6
  1 neighbor lists, perpetual/occasional/extra = 1 0 0
  (1) pair sw, perpetual
      attributes: full, newton on
      pair build: full/bin/atomonly
      stencil: full/bin/3d
      bin: standard
Per MPI rank memory allocation (min/avg/max) = 3.083 | 3.083 | 3.083 Mbytes
   Step          Temp          E_pair         E_mol          TotEng         Press     
WARNING: Too many warnings: 174 vs 100. All future warnings will be suppressed (src/thermo.cpp:478)
         0   0             -935.2604       0             -935.2604      -6671.7585    
Loop time of 1.08e-06 on 1 procs for 0 steps with 216 atoms

0.0% CPU use with 1 MPI tasks x 1 OpenMP threads

MPI task timing breakdown:
Section |  min time  |  avg time  |  max time  |%varavg| %total
---------------------------------------------------------------
Pair    | 0          | 0          | 0          |   0.0 |  0.00
Neigh   | 0          | 0          | 0          |   0.0 |  0.00
Comm    | 0          | 0          | 0          |   0.0 |  0.00
Output  | 0          | 0          | 0          |   0.0 |  0.00
Modify  | 0          | 0          | 0          |   0.0 |  0.00
Other   |            | 1.08e-06   |            |       |100.00

Nlocal:            216 ave         216 max         216 min
Histogram: 1 0 0 0 0 0 0 0 0 0
Nghost:            834 ave         834 max         834 min
Histogram: 1 0 0 0 0 0 0 0 0 0
Neighs:              0 ave           0 max           0 min
Histogram: 1 0 0 0 0 0 0 0 0 0
FullNghs:         7344 ave        7344 max        7344 min
Histogram: 1 0 0 0 0 0 0 0 0 0

Total # of neighbors = 7344
Ave neighs/atom = 34
Neighbor list builds = 0
Dangerous builds = 0
next i
jump SELF loop_struct
clear
  using 1 OpenMP thread(s) per MPI task
log energies.log append
units metal
boundary p p p
atom_style atomic
read_data Si333_${i}.in
read_data Si333_175.in
Reading data file ...
  orthogonal box = (0 0 0) to (16.331106 16.331106 16.331106)
  1 by 1 by 1 MPI processor grid
  reading atoms ...
  216 atoms
  reading velocities ...
  216 velocities
  read_data CPU = 0.001 seconds
mass 1 28.085
pair_style sw
pair_coeff * * Si.sw Si
Reading sw potential file Si.sw with DATE: 2007-06-11
run 0
Neighbor list info ...
  update: every = 1 steps, delay = 0 steps, check = yes
  max neighbors/atom: 2000, page size: 100000
  master list distance cutoff = 5.77118
  ghost atom cutoff = 5.77118
  binsize = 2.88559, bins = 6 6 6
  1 neighbor lists, perpetual/occasional/extra = 1 0 0
  (1) pair sw, perpetual
      attributes: full, newton on
      pair build: full/bin/atomonly
      stencil: full/bin/3d
      bin: standard
Per MPI rank memory allocation (min/avg/max) = 3.086 | 3.086 | 3.086 Mbytes
   Step          Temp          E_pair         E_mol          TotEng         Press     
WARNING: Too many warnings: 175 vs 100. All future warnings will be suppressed (src/thermo.cpp:478)
         0   0             -935.188        0             -935.188       -6647.5884    
Loop time of 1.05e-06 on 1 procs for 0 steps with 216 atoms

0.0% CPU use with 1 MPI tasks x 1 OpenMP threads

MPI task timing breakdown:
Section |  min time  |  avg time  |  max time  |%varavg| %total
---------------------------------------------------------------
Pair    | 0          | 0          | 0          |   0.0 |  0.00
Neigh   | 0          | 0          | 0          |   0.0 |  0.00
Comm    | 0          | 0          | 0          |   0.0 |  0.00
Output  | 0          | 0          | 0          |   0.0 |  0.00
Modify  | 0          | 0          | 0          |   0.0 |  0.00
Other   |            | 1.05e-06   |            |       |100.00

Nlocal:            216 ave         216 max         216 min
Histogram: 1 0 0 0 0 0 0 0 0 0
Nghost:            884 ave         884 max         884 min
Histogram: 1 0 0 0 0 0 0 0 0 0
Neighs:              0 ave           0 max           0 min
Histogram: 1 0 0 0 0 0 0 0 0 0
FullNghs:         7344 ave        7344 max        7344 min
Histogram: 1 0 0 0 0 0 0 0 0 0

Total # of neighbors = 7344
Ave neighs/atom = 34
Neighbor list builds = 0
Dangerous builds = 0
next i
jump SELF loop_struct
clear
  using 1 OpenMP thread(s) per MPI task
log energies.log append
units metal
boundary p p p
atom_style atomic
read_data Si333_${i}.in
read_data Si333_176.in
Reading data file ...
  orthogonal box = (0 0 0) to (16.331106 16.331106 16.331106)
  1 by 1 by 1 MPI processor grid
  reading atoms ...
  216 atoms
  reading velocities ...
  216 velocities
  read_data CPU = 0.001 seconds
mass 1 28.085
pair_style sw
pair_coeff * * Si.sw Si
Reading sw potential file Si.sw with DATE: 2007-06-11
run 0
Neighbor list info ...
  update: every = 1 steps, delay = 0 steps, check = yes
  max neighbors/atom: 2000, page size: 100000
  master list distance cutoff = 5.77118
  ghost atom cutoff = 5.77118
  binsize = 2.88559, bins = 6 6 6
  1 neighbor lists, perpetual/occasional/extra = 1 0 0
  (1) pair sw, perpetual
      attributes: full, newton on
      pair build: full/bin/atomonly
      stencil: full/bin/3d
      bin: standard
Per MPI rank memory allocation (min/avg/max) = 3.086 | 3.086 | 3.086 Mbytes
   Step          Temp          E_pair         E_mol          TotEng         Press     
WARNING: Too many warnings: 176 vs 100. All future warnings will be suppressed (src/thermo.cpp:478)
         0   0             -908.83003      0             -908.83003      11974.124    
Loop time of 1.17e-06 on 1 procs for 0 steps with 216 atoms

85.5% CPU use with 1 MPI tasks x 1 OpenMP threads

MPI task timing breakdown:
Section |  min time  |  avg time  |  max time  |%varavg| %total
---------------------------------------------------------------
Pair    | 0          | 0          | 0          |   0.0 |  0.00
Neigh   | 0          | 0          | 0          |   0.0 |  0.00
Comm    | 0          | 0          | 0          |   0.0 |  0.00
Output  | 0          | 0          | 0          |   0.0 |  0.00
Modify  | 0          | 0          | 0          |   0.0 |  0.00
Other   |            | 1.17e-06   |            |       |100.00

Nlocal:            216 ave         216 max         216 min
Histogram: 1 0 0 0 0 0 0 0 0 0
Nghost:            884 ave         884 max         884 min
Histogram: 1 0 0 0 0 0 0 0 0 0
Neighs:              0 ave           0 max           0 min
Histogram: 1 0 0 0 0 0 0 0 0 0
FullNghs:         7378 ave        7378 max        7378 min
Histogram: 1 0 0 0 0 0 0 0 0 0

Total # of neighbors = 7378
Ave neighs/atom = 34.157407
Neighbor list builds = 0
Dangerous builds = 0
next i
jump SELF loop_struct
clear
  using 1 OpenMP thread(s) per MPI task
log energies.log append
units metal
boundary p p p
atom_style atomic
read_data Si333_${i}.in
read_data Si333_177.in
Reading data file ...
  orthogonal box = (0 0 0) to (16.331106 16.331106 16.331106)
  1 by 1 by 1 MPI processor grid
  reading atoms ...
  216 atoms
  reading velocities ...
  216 velocities
  read_data CPU = 0.001 seconds
mass 1 28.085
pair_style sw
pair_coeff * * Si.sw Si
Reading sw potential file Si.sw with DATE: 2007-06-11
run 0
Neighbor list info ...
  update: every = 1 steps, delay = 0 steps, check = yes
  max neighbors/atom: 2000, page size: 100000
  master list distance cutoff = 5.77118
  ghost atom cutoff = 5.77118
  binsize = 2.88559, bins = 6 6 6
  1 neighbor lists, perpetual/occasional/extra = 1 0 0
  (1) pair sw, perpetual
      attributes: full, newton on
      pair build: full/bin/atomonly
      stencil: full/bin/3d
      bin: standard
Per MPI rank memory allocation (min/avg/max) = 3.085 | 3.085 | 3.085 Mbytes
   Step          Temp          E_pair         E_mol          TotEng         Press     
WARNING: Too many warnings: 177 vs 100. All future warnings will be suppressed (src/thermo.cpp:478)
         0   0             -935.42772      0             -935.42772     -6719.5146    
Loop time of 1.02e-06 on 1 procs for 0 steps with 216 atoms

0.0% CPU use with 1 MPI tasks x 1 OpenMP threads

MPI task timing breakdown:
Section |  min time  |  avg time  |  max time  |%varavg| %total
---------------------------------------------------------------
Pair    | 0          | 0          | 0          |   0.0 |  0.00
Neigh   | 0          | 0          | 0          |   0.0 |  0.00
Comm    | 0          | 0          | 0          |   0.0 |  0.00
Output  | 0          | 0          | 0          |   0.0 |  0.00
Modify  | 0          | 0          | 0          |   0.0 |  0.00
Other   |            | 1.02e-06   |            |       |100.00

Nlocal:            216 ave         216 max         216 min
Histogram: 1 0 0 0 0 0 0 0 0 0
Nghost:            853 ave         853 max         853 min
Histogram: 1 0 0 0 0 0 0 0 0 0
Neighs:              0 ave           0 max           0 min
Histogram: 1 0 0 0 0 0 0 0 0 0
FullNghs:         7344 ave        7344 max        7344 min
Histogram: 1 0 0 0 0 0 0 0 0 0

Total # of neighbors = 7344
Ave neighs/atom = 34
Neighbor list builds = 0
Dangerous builds = 0
next i
jump SELF loop_struct
clear
  using 1 OpenMP thread(s) per MPI task
log energies.log append
units metal
boundary p p p
atom_style atomic
read_data Si333_${i}.in
read_data Si333_178.in
Reading data file ...
  orthogonal box = (0 0 0) to (16.331106 16.331106 16.331106)
  1 by 1 by 1 MPI processor grid
  reading atoms ...
  216 atoms
  reading velocities ...
  216 velocities
  read_data CPU = 0.001 seconds
mass 1 28.085
pair_style sw
pair_coeff * * Si.sw Si
Reading sw potential file Si.sw with DATE: 2007-06-11
run 0
Neighbor list info ...
  update: every = 1 steps, delay = 0 steps, check = yes
  max neighbors/atom: 2000, page size: 100000
  master list distance cutoff = 5.77118
  ghost atom cutoff = 5.77118
  binsize = 2.88559, bins = 6 6 6
  1 neighbor lists, perpetual/occasional/extra = 1 0 0
  (1) pair sw, perpetual
      attributes: full, newton on
      pair build: full/bin/atomonly
      stencil: full/bin/3d
      bin: standard
Per MPI rank memory allocation (min/avg/max) = 3.081 | 3.081 | 3.081 Mbytes
   Step          Temp          E_pair         E_mol          TotEng         Press     
WARNING: Too many warnings: 178 vs 100. All future warnings will be suppressed (src/thermo.cpp:478)
         0   0             -935.34103      0             -935.34103     -6716.1809    
Loop time of 1.09e-06 on 1 procs for 0 steps with 216 atoms

91.7% CPU use with 1 MPI tasks x 1 OpenMP threads

MPI task timing breakdown:
Section |  min time  |  avg time  |  max time  |%varavg| %total
---------------------------------------------------------------
Pair    | 0          | 0          | 0          |   0.0 |  0.00
Neigh   | 0          | 0          | 0          |   0.0 |  0.00
Comm    | 0          | 0          | 0          |   0.0 |  0.00
Output  | 0          | 0          | 0          |   0.0 |  0.00
Modify  | 0          | 0          | 0          |   0.0 |  0.00
Other   |            | 1.09e-06   |            |       |100.00

Nlocal:            216 ave         216 max         216 min
Histogram: 1 0 0 0 0 0 0 0 0 0
Nghost:            784 ave         784 max         784 min
Histogram: 1 0 0 0 0 0 0 0 0 0
Neighs:              0 ave           0 max           0 min
Histogram: 1 0 0 0 0 0 0 0 0 0
FullNghs:         7344 ave        7344 max        7344 min
Histogram: 1 0 0 0 0 0 0 0 0 0

Total # of neighbors = 7344
Ave neighs/atom = 34
Neighbor list builds = 0
Dangerous builds = 0
next i
jump SELF loop_struct
clear
  using 1 OpenMP thread(s) per MPI task
log energies.log append
units metal
boundary p p p
atom_style atomic
read_data Si333_${i}.in
read_data Si333_179.in
Reading data file ...
  orthogonal box = (0 0 0) to (16.331106 16.331106 16.331106)
  1 by 1 by 1 MPI processor grid
  reading atoms ...
  216 atoms
  reading velocities ...
  216 velocities
  read_data CPU = 0.001 seconds
mass 1 28.085
pair_style sw
pair_coeff * * Si.sw Si
Reading sw potential file Si.sw with DATE: 2007-06-11
run 0
Neighbor list info ...
  update: every = 1 steps, delay = 0 steps, check = yes
  max neighbors/atom: 2000, page size: 100000
  master list distance cutoff = 5.77118
  ghost atom cutoff = 5.77118
  binsize = 2.88559, bins = 6 6 6
  1 neighbor lists, perpetual/occasional/extra = 1 0 0
  (1) pair sw, perpetual
      attributes: full, newton on
      pair build: full/bin/atomonly
      stencil: full/bin/3d
      bin: standard
Per MPI rank memory allocation (min/avg/max) = 3.083 | 3.083 | 3.083 Mbytes
   Step          Temp          E_pair         E_mol          TotEng         Press     
WARNING: Too many warnings: 179 vs 100. All future warnings will be suppressed (src/thermo.cpp:478)
         0   0             -935.12727      0             -935.12727     -6631.7302    
Loop time of 1.05e-06 on 1 procs for 0 steps with 216 atoms

0.0% CPU use with 1 MPI tasks x 1 OpenMP threads

MPI task timing breakdown:
Section |  min time  |  avg time  |  max time  |%varavg| %total
---------------------------------------------------------------
Pair    | 0          | 0          | 0          |   0.0 |  0.00
Neigh   | 0          | 0          | 0          |   0.0 |  0.00
Comm    | 0          | 0          | 0          |   0.0 |  0.00
Output  | 0          | 0          | 0          |   0.0 |  0.00
Modify  | 0          | 0          | 0          |   0.0 |  0.00
Other   |            | 1.05e-06   |            |       |100.00

Nlocal:            216 ave         216 max         216 min
Histogram: 1 0 0 0 0 0 0 0 0 0
Nghost:            834 ave         834 max         834 min
Histogram: 1 0 0 0 0 0 0 0 0 0
Neighs:              0 ave           0 max           0 min
Histogram: 1 0 0 0 0 0 0 0 0 0
FullNghs:         7344 ave        7344 max        7344 min
Histogram: 1 0 0 0 0 0 0 0 0 0

Total # of neighbors = 7344
Ave neighs/atom = 34
Neighbor list builds = 0
Dangerous builds = 0
next i
jump SELF loop_struct
clear
  using 1 OpenMP thread(s) per MPI task
log energies.log append
units metal
boundary p p p
atom_style atomic
read_data Si333_${i}.in
read_data Si333_180.in
Reading data file ...
  orthogonal box = (0 0 0) to (16.331106 16.331106 16.331106)
  1 by 1 by 1 MPI processor grid
  reading atoms ...
  216 atoms
  reading velocities ...
  216 velocities
  read_data CPU = 0.001 seconds
mass 1 28.085
pair_style sw
pair_coeff * * Si.sw Si
Reading sw potential file Si.sw with DATE: 2007-06-11
run 0
Neighbor list info ...
  update: every = 1 steps, delay = 0 steps, check = yes
  max neighbors/atom: 2000, page size: 100000
  master list distance cutoff = 5.77118
  ghost atom cutoff = 5.77118
  binsize = 2.88559, bins = 6 6 6
  1 neighbor lists, perpetual/occasional/extra = 1 0 0
  (1) pair sw, perpetual
      attributes: full, newton on
      pair build: full/bin/atomonly
      stencil: full/bin/3d
      bin: standard
Per MPI rank memory allocation (min/avg/max) = 3.088 | 3.088 | 3.088 Mbytes
   Step          Temp          E_pair         E_mol          TotEng         Press     
WARNING: Too many warnings: 180 vs 100. All future warnings will be suppressed (src/thermo.cpp:478)
         0   0             -935.24656      0             -935.24656     -6660.7863    
Loop time of 1.34e-06 on 1 procs for 0 steps with 216 atoms

74.6% CPU use with 1 MPI tasks x 1 OpenMP threads

MPI task timing breakdown:
Section |  min time  |  avg time  |  max time  |%varavg| %total
---------------------------------------------------------------
Pair    | 0          | 0          | 0          |   0.0 |  0.00
Neigh   | 0          | 0          | 0          |   0.0 |  0.00
Comm    | 0          | 0          | 0          |   0.0 |  0.00
Output  | 0          | 0          | 0          |   0.0 |  0.00
Modify  | 0          | 0          | 0          |   0.0 |  0.00
Other   |            | 1.34e-06   |            |       |100.00

Nlocal:            216 ave         216 max         216 min
Histogram: 1 0 0 0 0 0 0 0 0 0
Nghost:            834 ave         834 max         834 min
Histogram: 1 0 0 0 0 0 0 0 0 0
Neighs:              0 ave           0 max           0 min
Histogram: 1 0 0 0 0 0 0 0 0 0
FullNghs:         7344 ave        7344 max        7344 min
Histogram: 1 0 0 0 0 0 0 0 0 0

Total # of neighbors = 7344
Ave neighs/atom = 34
Neighbor list builds = 0
Dangerous builds = 0
next i
jump SELF loop_struct
clear
  using 1 OpenMP thread(s) per MPI task
log energies.log append
units metal
boundary p p p
atom_style atomic
read_data Si333_${i}.in
read_data Si333_181.in
Reading data file ...
  orthogonal box = (0 0 0) to (16.331106 16.331106 16.331106)
  1 by 1 by 1 MPI processor grid
  reading atoms ...
  216 atoms
  reading velocities ...
  216 velocities
  read_data CPU = 0.001 seconds
mass 1 28.085
pair_style sw
pair_coeff * * Si.sw Si
Reading sw potential file Si.sw with DATE: 2007-06-11
run 0
Neighbor list info ...
  update: every = 1 steps, delay = 0 steps, check = yes
  max neighbors/atom: 2000, page size: 100000
  master list distance cutoff = 5.77118
  ghost atom cutoff = 5.77118
  binsize = 2.88559, bins = 6 6 6
  1 neighbor lists, perpetual/occasional/extra = 1 0 0
  (1) pair sw, perpetual
      attributes: full, newton on
      pair build: full/bin/atomonly
      stencil: full/bin/3d
      bin: standard
Per MPI rank memory allocation (min/avg/max) = 3.088 | 3.088 | 3.088 Mbytes
   Step          Temp          E_pair         E_mol          TotEng         Press     
WARNING: Too many warnings: 181 vs 100. All future warnings will be suppressed (src/thermo.cpp:478)
         0   0             -935.14423      0             -935.14423     -6632.631     
Loop time of 1.09e-06 on 1 procs for 0 steps with 216 atoms

91.7% CPU use with 1 MPI tasks x 1 OpenMP threads

MPI task timing breakdown:
Section |  min time  |  avg time  |  max time  |%varavg| %total
---------------------------------------------------------------
Pair    | 0          | 0          | 0          |   0.0 |  0.00
Neigh   | 0          | 0          | 0          |   0.0 |  0.00
Comm    | 0          | 0          | 0          |   0.0 |  0.00
Output  | 0          | 0          | 0          |   0.0 |  0.00
Modify  | 0          | 0          | 0          |   0.0 |  0.00
Other   |            | 1.09e-06   |            |       |100.00

Nlocal:            216 ave         216 max         216 min
Histogram: 1 0 0 0 0 0 0 0 0 0
Nghost:            939 ave         939 max         939 min
Histogram: 1 0 0 0 0 0 0 0 0 0
Neighs:              0 ave           0 max           0 min
Histogram: 1 0 0 0 0 0 0 0 0 0
FullNghs:         7344 ave        7344 max        7344 min
Histogram: 1 0 0 0 0 0 0 0 0 0

Total # of neighbors = 7344
Ave neighs/atom = 34
Neighbor list builds = 0
Dangerous builds = 0
next i
jump SELF loop_struct
clear
  using 1 OpenMP thread(s) per MPI task
log energies.log append
units metal
boundary p p p
atom_style atomic
read_data Si333_${i}.in
read_data Si333_182.in
Reading data file ...
  orthogonal box = (0 0 0) to (16.331106 16.331106 16.331106)
  1 by 1 by 1 MPI processor grid
  reading atoms ...
  216 atoms
  reading velocities ...
  216 velocities
  read_data CPU = 0.001 seconds
mass 1 28.085
pair_style sw
pair_coeff * * Si.sw Si
Reading sw potential file Si.sw with DATE: 2007-06-11
run 0
Neighbor list info ...
  update: every = 1 steps, delay = 0 steps, check = yes
  max neighbors/atom: 2000, page size: 100000
  master list distance cutoff = 5.77118
  ghost atom cutoff = 5.77118
  binsize = 2.88559, bins = 6 6 6
  1 neighbor lists, perpetual/occasional/extra = 1 0 0
  (1) pair sw, perpetual
      attributes: full, newton on
      pair build: full/bin/atomonly
      stencil: full/bin/3d
      bin: standard
Per MPI rank memory allocation (min/avg/max) = 3.084 | 3.084 | 3.084 Mbytes
   Step          Temp          E_pair         E_mol          TotEng         Press     
WARNING: Too many warnings: 182 vs 100. All future warnings will be suppressed (src/thermo.cpp:478)
         0   0             -935.24969      0             -935.24969     -6678.1179    
Loop time of 1.05e-06 on 1 procs for 0 steps with 216 atoms

95.2% CPU use with 1 MPI tasks x 1 OpenMP threads

MPI task timing breakdown:
Section |  min time  |  avg time  |  max time  |%varavg| %total
---------------------------------------------------------------
Pair    | 0          | 0          | 0          |   0.0 |  0.00
Neigh   | 0          | 0          | 0          |   0.0 |  0.00
Comm    | 0          | 0          | 0          |   0.0 |  0.00
Output  | 0          | 0          | 0          |   0.0 |  0.00
Modify  | 0          | 0          | 0          |   0.0 |  0.00
Other   |            | 1.05e-06   |            |       |100.00

Nlocal:            216 ave         216 max         216 min
Histogram: 1 0 0 0 0 0 0 0 0 0
Nghost:            884 ave         884 max         884 min
Histogram: 1 0 0 0 0 0 0 0 0 0
Neighs:              0 ave           0 max           0 min
Histogram: 1 0 0 0 0 0 0 0 0 0
FullNghs:         7344 ave        7344 max        7344 min
Histogram: 1 0 0 0 0 0 0 0 0 0

Total # of neighbors = 7344
Ave neighs/atom = 34
Neighbor list builds = 0
Dangerous builds = 0
next i
jump SELF loop_struct
clear
  using 1 OpenMP thread(s) per MPI task
log energies.log append
units metal
boundary p p p
atom_style atomic
read_data Si333_${i}.in
read_data Si333_183.in
Reading data file ...
  orthogonal box = (0 0 0) to (16.331106 16.331106 16.331106)
  1 by 1 by 1 MPI processor grid
  reading atoms ...
  216 atoms
  reading velocities ...
  216 velocities
  read_data CPU = 0.001 seconds
mass 1 28.085
pair_style sw
pair_coeff * * Si.sw Si
Reading sw potential file Si.sw with DATE: 2007-06-11
run 0
Neighbor list info ...
  update: every = 1 steps, delay = 0 steps, check = yes
  max neighbors/atom: 2000, page size: 100000
  master list distance cutoff = 5.77118
  ghost atom cutoff = 5.77118
  binsize = 2.88559, bins = 6 6 6
  1 neighbor lists, perpetual/occasional/extra = 1 0 0
  (1) pair sw, perpetual
      attributes: full, newton on
      pair build: full/bin/atomonly
      stencil: full/bin/3d
      bin: standard
Per MPI rank memory allocation (min/avg/max) = 3.083 | 3.083 | 3.083 Mbytes
   Step          Temp          E_pair         E_mol          TotEng         Press     
WARNING: Too many warnings: 183 vs 100. All future warnings will be suppressed (src/thermo.cpp:478)
         0   0             -935.26545      0             -935.26545     -6652.7845    
Loop time of 1.06e-06 on 1 procs for 0 steps with 216 atoms

0.0% CPU use with 1 MPI tasks x 1 OpenMP threads

MPI task timing breakdown:
Section |  min time  |  avg time  |  max time  |%varavg| %total
---------------------------------------------------------------
Pair    | 0          | 0          | 0          |   0.0 |  0.00
Neigh   | 0          | 0          | 0          |   0.0 |  0.00
Comm    | 0          | 0          | 0          |   0.0 |  0.00
Output  | 0          | 0          | 0          |   0.0 |  0.00
Modify  | 0          | 0          | 0          |   0.0 |  0.00
Other   |            | 1.06e-06   |            |       |100.00

Nlocal:            216 ave         216 max         216 min
Histogram: 1 0 0 0 0 0 0 0 0 0
Nghost:            834 ave         834 max         834 min
Histogram: 1 0 0 0 0 0 0 0 0 0
Neighs:              0 ave           0 max           0 min
Histogram: 1 0 0 0 0 0 0 0 0 0
FullNghs:         7344 ave        7344 max        7344 min
Histogram: 1 0 0 0 0 0 0 0 0 0

Total # of neighbors = 7344
Ave neighs/atom = 34
Neighbor list builds = 0
Dangerous builds = 0
next i
jump SELF loop_struct
clear
  using 1 OpenMP thread(s) per MPI task
log energies.log append
units metal
boundary p p p
atom_style atomic
read_data Si333_${i}.in
read_data Si333_184.in
Reading data file ...
  orthogonal box = (0 0 0) to (16.331106 16.331106 16.331106)
  1 by 1 by 1 MPI processor grid
  reading atoms ...
  216 atoms
  reading velocities ...
  216 velocities
  read_data CPU = 0.001 seconds
mass 1 28.085
pair_style sw
pair_coeff * * Si.sw Si
Reading sw potential file Si.sw with DATE: 2007-06-11
run 0
Neighbor list info ...
  update: every = 1 steps, delay = 0 steps, check = yes
  max neighbors/atom: 2000, page size: 100000
  master list distance cutoff = 5.77118
  ghost atom cutoff = 5.77118
  binsize = 2.88559, bins = 6 6 6
  1 neighbor lists, perpetual/occasional/extra = 1 0 0
  (1) pair sw, perpetual
      attributes: full, newton on
      pair build: full/bin/atomonly
      stencil: full/bin/3d
      bin: standard
Per MPI rank memory allocation (min/avg/max) = 3.083 | 3.083 | 3.083 Mbytes
   Step          Temp          E_pair         E_mol          TotEng         Press     
WARNING: Too many warnings: 184 vs 100. All future warnings will be suppressed (src/thermo.cpp:478)
         0   0             -935.37834      0             -935.37834     -6705.9084    
Loop time of 1.02e-06 on 1 procs for 0 steps with 216 atoms

0.0% CPU use with 1 MPI tasks x 1 OpenMP threads

MPI task timing breakdown:
Section |  min time  |  avg time  |  max time  |%varavg| %total
---------------------------------------------------------------
Pair    | 0          | 0          | 0          |   0.0 |  0.00
Neigh   | 0          | 0          | 0          |   0.0 |  0.00
Comm    | 0          | 0          | 0          |   0.0 |  0.00
Output  | 0          | 0          | 0          |   0.0 |  0.00
Modify  | 0          | 0          | 0          |   0.0 |  0.00
Other   |            | 1.02e-06   |            |       |100.00

Nlocal:            216 ave         216 max         216 min
Histogram: 1 0 0 0 0 0 0 0 0 0
Nghost:            834 ave         834 max         834 min
Histogram: 1 0 0 0 0 0 0 0 0 0
Neighs:              0 ave           0 max           0 min
Histogram: 1 0 0 0 0 0 0 0 0 0
FullNghs:         7344 ave        7344 max        7344 min
Histogram: 1 0 0 0 0 0 0 0 0 0

Total # of neighbors = 7344
Ave neighs/atom = 34
Neighbor list builds = 0
Dangerous builds = 0
next i
jump SELF loop_struct
clear
  using 1 OpenMP thread(s) per MPI task
log energies.log append
units metal
boundary p p p
atom_style atomic
read_data Si333_${i}.in
read_data Si333_185.in
Reading data file ...
  orthogonal box = (0 0 0) to (16.331106 16.331106 16.331106)
  1 by 1 by 1 MPI processor grid
  reading atoms ...
  216 atoms
  reading velocities ...
  216 velocities
  read_data CPU = 0.001 seconds
mass 1 28.085
pair_style sw
pair_coeff * * Si.sw Si
Reading sw potential file Si.sw with DATE: 2007-06-11
run 0
Neighbor list info ...
  update: every = 1 steps, delay = 0 steps, check = yes
  max neighbors/atom: 2000, page size: 100000
  master list distance cutoff = 5.77118
  ghost atom cutoff = 5.77118
  binsize = 2.88559, bins = 6 6 6
  1 neighbor lists, perpetual/occasional/extra = 1 0 0
  (1) pair sw, perpetual
      attributes: full, newton on
      pair build: full/bin/atomonly
      stencil: full/bin/3d
      bin: standard
Per MPI rank memory allocation (min/avg/max) = 3.083 | 3.083 | 3.083 Mbytes
   Step          Temp          E_pair         E_mol          TotEng         Press     
WARNING: Too many warnings: 185 vs 100. All future warnings will be suppressed (src/thermo.cpp:478)
         0   0             -935.35051      0             -935.35051     -6687.3008    
Loop time of 1.06e-06 on 1 procs for 0 steps with 216 atoms

0.0% CPU use with 1 MPI tasks x 1 OpenMP threads

MPI task timing breakdown:
Section |  min time  |  avg time  |  max time  |%varavg| %total
---------------------------------------------------------------
Pair    | 0          | 0          | 0          |   0.0 |  0.00
Neigh   | 0          | 0          | 0          |   0.0 |  0.00
Comm    | 0          | 0          | 0          |   0.0 |  0.00
Output  | 0          | 0          | 0          |   0.0 |  0.00
Modify  | 0          | 0          | 0          |   0.0 |  0.00
Other   |            | 1.06e-06   |            |       |100.00

Nlocal:            216 ave         216 max         216 min
Histogram: 1 0 0 0 0 0 0 0 0 0
Nghost:            834 ave         834 max         834 min
Histogram: 1 0 0 0 0 0 0 0 0 0
Neighs:              0 ave           0 max           0 min
Histogram: 1 0 0 0 0 0 0 0 0 0
FullNghs:         7344 ave        7344 max        7344 min
Histogram: 1 0 0 0 0 0 0 0 0 0

Total # of neighbors = 7344
Ave neighs/atom = 34
Neighbor list builds = 0
Dangerous builds = 0
next i
jump SELF loop_struct
clear
  using 1 OpenMP thread(s) per MPI task
log energies.log append
units metal
boundary p p p
atom_style atomic
read_data Si333_${i}.in
read_data Si333_186.in
Reading data file ...
  orthogonal box = (0 0 0) to (16.331106 16.331106 16.331106)
  1 by 1 by 1 MPI processor grid
  reading atoms ...
  216 atoms
  reading velocities ...
  216 velocities
  read_data CPU = 0.001 seconds
mass 1 28.085
pair_style sw
pair_coeff * * Si.sw Si
Reading sw potential file Si.sw with DATE: 2007-06-11
run 0
Neighbor list info ...
  update: every = 1 steps, delay = 0 steps, check = yes
  max neighbors/atom: 2000, page size: 100000
  master list distance cutoff = 5.77118
  ghost atom cutoff = 5.77118
  binsize = 2.88559, bins = 6 6 6
  1 neighbor lists, perpetual/occasional/extra = 1 0 0
  (1) pair sw, perpetual
      attributes: full, newton on
      pair build: full/bin/atomonly
      stencil: full/bin/3d
      bin: standard
Per MPI rank memory allocation (min/avg/max) = 3.082 | 3.082 | 3.082 Mbytes
   Step          Temp          E_pair         E_mol          TotEng         Press     
WARNING: Too many warnings: 186 vs 100. All future warnings will be suppressed (src/thermo.cpp:478)
         0   0             -935.30311      0             -935.30311     -6694.1136    
Loop time of 1.1e-06 on 1 procs for 0 steps with 216 atoms

0.0% CPU use with 1 MPI tasks x 1 OpenMP threads

MPI task timing breakdown:
Section |  min time  |  avg time  |  max time  |%varavg| %total
---------------------------------------------------------------
Pair    | 0          | 0          | 0          |   0.0 |  0.00
Neigh   | 0          | 0          | 0          |   0.0 |  0.00
Comm    | 0          | 0          | 0          |   0.0 |  0.00
Output  | 0          | 0          | 0          |   0.0 |  0.00
Modify  | 0          | 0          | 0          |   0.0 |  0.00
Other   |            | 1.1e-06    |            |       |100.00

Nlocal:            216 ave         216 max         216 min
Histogram: 1 0 0 0 0 0 0 0 0 0
Nghost:            792 ave         792 max         792 min
Histogram: 1 0 0 0 0 0 0 0 0 0
Neighs:              0 ave           0 max           0 min
Histogram: 1 0 0 0 0 0 0 0 0 0
FullNghs:         7344 ave        7344 max        7344 min
Histogram: 1 0 0 0 0 0 0 0 0 0

Total # of neighbors = 7344
Ave neighs/atom = 34
Neighbor list builds = 0
Dangerous builds = 0
next i
jump SELF loop_struct
clear
  using 1 OpenMP thread(s) per MPI task
log energies.log append
units metal
boundary p p p
atom_style atomic
read_data Si333_${i}.in
read_data Si333_187.in
Reading data file ...
  orthogonal box = (0 0 0) to (16.331106 16.331106 16.331106)
  1 by 1 by 1 MPI processor grid
  reading atoms ...
  216 atoms
  reading velocities ...
  216 velocities
  read_data CPU = 0.001 seconds
mass 1 28.085
pair_style sw
pair_coeff * * Si.sw Si
Reading sw potential file Si.sw with DATE: 2007-06-11
run 0
Neighbor list info ...
  update: every = 1 steps, delay = 0 steps, check = yes
  max neighbors/atom: 2000, page size: 100000
  master list distance cutoff = 5.77118
  ghost atom cutoff = 5.77118
  binsize = 2.88559, bins = 6 6 6
  1 neighbor lists, perpetual/occasional/extra = 1 0 0
  (1) pair sw, perpetual
      attributes: full, newton on
      pair build: full/bin/atomonly
      stencil: full/bin/3d
      bin: standard
Per MPI rank memory allocation (min/avg/max) = 3.083 | 3.083 | 3.083 Mbytes
   Step          Temp          E_pair         E_mol          TotEng         Press     
WARNING: Too many warnings: 187 vs 100. All future warnings will be suppressed (src/thermo.cpp:478)
         0   0             -935.23567      0             -935.23567     -6656.7164    
Loop time of 1.03e-06 on 1 procs for 0 steps with 216 atoms

97.1% CPU use with 1 MPI tasks x 1 OpenMP threads

MPI task timing breakdown:
Section |  min time  |  avg time  |  max time  |%varavg| %total
---------------------------------------------------------------
Pair    | 0          | 0          | 0          |   0.0 |  0.00
Neigh   | 0          | 0          | 0          |   0.0 |  0.00
Comm    | 0          | 0          | 0          |   0.0 |  0.00
Output  | 0          | 0          | 0          |   0.0 |  0.00
Modify  | 0          | 0          | 0          |   0.0 |  0.00
Other   |            | 1.03e-06   |            |       |100.00

Nlocal:            216 ave         216 max         216 min
Histogram: 1 0 0 0 0 0 0 0 0 0
Nghost:            834 ave         834 max         834 min
Histogram: 1 0 0 0 0 0 0 0 0 0
Neighs:              0 ave           0 max           0 min
Histogram: 1 0 0 0 0 0 0 0 0 0
FullNghs:         7344 ave        7344 max        7344 min
Histogram: 1 0 0 0 0 0 0 0 0 0

Total # of neighbors = 7344
Ave neighs/atom = 34
Neighbor list builds = 0
Dangerous builds = 0
next i
jump SELF loop_struct
clear
  using 1 OpenMP thread(s) per MPI task
log energies.log append
units metal
boundary p p p
atom_style atomic
read_data Si333_${i}.in
read_data Si333_188.in
Reading data file ...
  orthogonal box = (0 0 0) to (16.331106 16.331106 16.331106)
  1 by 1 by 1 MPI processor grid
  reading atoms ...
  216 atoms
  reading velocities ...
  216 velocities
  read_data CPU = 0.001 seconds
mass 1 28.085
pair_style sw
pair_coeff * * Si.sw Si
Reading sw potential file Si.sw with DATE: 2007-06-11
run 0
Neighbor list info ...
  update: every = 1 steps, delay = 0 steps, check = yes
  max neighbors/atom: 2000, page size: 100000
  master list distance cutoff = 5.77118
  ghost atom cutoff = 5.77118
  binsize = 2.88559, bins = 6 6 6
  1 neighbor lists, perpetual/occasional/extra = 1 0 0
  (1) pair sw, perpetual
      attributes: full, newton on
      pair build: full/bin/atomonly
      stencil: full/bin/3d
      bin: standard
Per MPI rank memory allocation (min/avg/max) = 3.081 | 3.081 | 3.081 Mbytes
   Step          Temp          E_pair         E_mol          TotEng         Press     
WARNING: Too many warnings: 188 vs 100. All future warnings will be suppressed (src/thermo.cpp:478)
         0   0             -935.30141      0             -935.30141     -6683.9198    
Loop time of 1.37e-06 on 1 procs for 0 steps with 216 atoms

0.0% CPU use with 1 MPI tasks x 1 OpenMP threads

MPI task timing breakdown:
Section |  min time  |  avg time  |  max time  |%varavg| %total
---------------------------------------------------------------
Pair    | 0          | 0          | 0          |   0.0 |  0.00
Neigh   | 0          | 0          | 0          |   0.0 |  0.00
Comm    | 0          | 0          | 0          |   0.0 |  0.00
Output  | 0          | 0          | 0          |   0.0 |  0.00
Modify  | 0          | 0          | 0          |   0.0 |  0.00
Other   |            | 1.37e-06   |            |       |100.00

Nlocal:            216 ave         216 max         216 min
Histogram: 1 0 0 0 0 0 0 0 0 0
Nghost:            784 ave         784 max         784 min
Histogram: 1 0 0 0 0 0 0 0 0 0
Neighs:              0 ave           0 max           0 min
Histogram: 1 0 0 0 0 0 0 0 0 0
FullNghs:         7344 ave        7344 max        7344 min
Histogram: 1 0 0 0 0 0 0 0 0 0

Total # of neighbors = 7344
Ave neighs/atom = 34
Neighbor list builds = 0
Dangerous builds = 0
next i
jump SELF loop_struct
clear
  using 1 OpenMP thread(s) per MPI task
log energies.log append
units metal
boundary p p p
atom_style atomic
read_data Si333_${i}.in
read_data Si333_189.in
Reading data file ...
  orthogonal box = (0 0 0) to (16.331106 16.331106 16.331106)
  1 by 1 by 1 MPI processor grid
  reading atoms ...
  216 atoms
  reading velocities ...
  216 velocities
  read_data CPU = 0.001 seconds
mass 1 28.085
pair_style sw
pair_coeff * * Si.sw Si
Reading sw potential file Si.sw with DATE: 2007-06-11
run 0
Neighbor list info ...
  update: every = 1 steps, delay = 0 steps, check = yes
  max neighbors/atom: 2000, page size: 100000
  master list distance cutoff = 5.77118
  ghost atom cutoff = 5.77118
  binsize = 2.88559, bins = 6 6 6
  1 neighbor lists, perpetual/occasional/extra = 1 0 0
  (1) pair sw, perpetual
      attributes: full, newton on
      pair build: full/bin/atomonly
      stencil: full/bin/3d
      bin: standard
Per MPI rank memory allocation (min/avg/max) = 3.088 | 3.088 | 3.088 Mbytes
   Step          Temp          E_pair         E_mol          TotEng         Press     
WARNING: Too many warnings: 189 vs 100. All future warnings will be suppressed (src/thermo.cpp:478)
         0   0             -935.2675       0             -935.2675      -6669.4363    
Loop time of 1.06e-06 on 1 procs for 0 steps with 216 atoms

94.3% CPU use with 1 MPI tasks x 1 OpenMP threads

MPI task timing breakdown:
Section |  min time  |  avg time  |  max time  |%varavg| %total
---------------------------------------------------------------
Pair    | 0          | 0          | 0          |   0.0 |  0.00
Neigh   | 0          | 0          | 0          |   0.0 |  0.00
Comm    | 0          | 0          | 0          |   0.0 |  0.00
Output  | 0          | 0          | 0          |   0.0 |  0.00
Modify  | 0          | 0          | 0          |   0.0 |  0.00
Other   |            | 1.06e-06   |            |       |100.00

Nlocal:            216 ave         216 max         216 min
Histogram: 1 0 0 0 0 0 0 0 0 0
Nghost:            889 ave         889 max         889 min
Histogram: 1 0 0 0 0 0 0 0 0 0
Neighs:              0 ave           0 max           0 min
Histogram: 1 0 0 0 0 0 0 0 0 0
FullNghs:         7344 ave        7344 max        7344 min
Histogram: 1 0 0 0 0 0 0 0 0 0

Total # of neighbors = 7344
Ave neighs/atom = 34
Neighbor list builds = 0
Dangerous builds = 0
next i
jump SELF loop_struct
clear
  using 1 OpenMP thread(s) per MPI task
log energies.log append
units metal
boundary p p p
atom_style atomic
read_data Si333_${i}.in
read_data Si333_190.in
Reading data file ...
  orthogonal box = (0 0 0) to (16.331106 16.331106 16.331106)
  1 by 1 by 1 MPI processor grid
  reading atoms ...
  216 atoms
  reading velocities ...
  216 velocities
  read_data CPU = 0.001 seconds
mass 1 28.085
pair_style sw
pair_coeff * * Si.sw Si
Reading sw potential file Si.sw with DATE: 2007-06-11
run 0
Neighbor list info ...
  update: every = 1 steps, delay = 0 steps, check = yes
  max neighbors/atom: 2000, page size: 100000
  master list distance cutoff = 5.77118
  ghost atom cutoff = 5.77118
  binsize = 2.88559, bins = 6 6 6
  1 neighbor lists, perpetual/occasional/extra = 1 0 0
  (1) pair sw, perpetual
      attributes: full, newton on
      pair build: full/bin/atomonly
      stencil: full/bin/3d
      bin: standard
Per MPI rank memory allocation (min/avg/max) = 3.09 | 3.09 | 3.09 Mbytes
   Step          Temp          E_pair         E_mol          TotEng         Press     
WARNING: Too many warnings: 190 vs 100. All future warnings will be suppressed (src/thermo.cpp:478)
         0   0             -935.17247      0             -935.17247     -6648.6452    
Loop time of 1.04e-06 on 1 procs for 0 steps with 216 atoms

0.0% CPU use with 1 MPI tasks x 1 OpenMP threads

MPI task timing breakdown:
Section |  min time  |  avg time  |  max time  |%varavg| %total
---------------------------------------------------------------
Pair    | 0          | 0          | 0          |   0.0 |  0.00
Neigh   | 0          | 0          | 0          |   0.0 |  0.00
Comm    | 0          | 0          | 0          |   0.0 |  0.00
Output  | 0          | 0          | 0          |   0.0 |  0.00
Modify  | 0          | 0          | 0          |   0.0 |  0.00
Other   |            | 1.04e-06   |            |       |100.00

Nlocal:            216 ave         216 max         216 min
Histogram: 1 0 0 0 0 0 0 0 0 0
Nghost:            877 ave         877 max         877 min
Histogram: 1 0 0 0 0 0 0 0 0 0
Neighs:              0 ave           0 max           0 min
Histogram: 1 0 0 0 0 0 0 0 0 0
FullNghs:         7344 ave        7344 max        7344 min
Histogram: 1 0 0 0 0 0 0 0 0 0

Total # of neighbors = 7344
Ave neighs/atom = 34
Neighbor list builds = 0
Dangerous builds = 0
next i
jump SELF loop_struct
clear
  using 1 OpenMP thread(s) per MPI task
log energies.log append
units metal
boundary p p p
atom_style atomic
read_data Si333_${i}.in
read_data Si333_191.in
Reading data file ...
  orthogonal box = (0 0 0) to (16.331106 16.331106 16.331106)
  1 by 1 by 1 MPI processor grid
  reading atoms ...
  216 atoms
  reading velocities ...
  216 velocities
  read_data CPU = 0.001 seconds
mass 1 28.085
pair_style sw
pair_coeff * * Si.sw Si
Reading sw potential file Si.sw with DATE: 2007-06-11
run 0
Neighbor list info ...
  update: every = 1 steps, delay = 0 steps, check = yes
  max neighbors/atom: 2000, page size: 100000
  master list distance cutoff = 5.77118
  ghost atom cutoff = 5.77118
  binsize = 2.88559, bins = 6 6 6
  1 neighbor lists, perpetual/occasional/extra = 1 0 0
  (1) pair sw, perpetual
      attributes: full, newton on
      pair build: full/bin/atomonly
      stencil: full/bin/3d
      bin: standard
Per MPI rank memory allocation (min/avg/max) = 3.09 | 3.09 | 3.09 Mbytes
   Step          Temp          E_pair         E_mol          TotEng         Press     
WARNING: Too many warnings: 191 vs 100. All future warnings will be suppressed (src/thermo.cpp:478)
         0   0             -935.31578      0             -935.31578     -6675.1432    
Loop time of 1.04e-06 on 1 procs for 0 steps with 216 atoms

96.2% CPU use with 1 MPI tasks x 1 OpenMP threads

MPI task timing breakdown:
Section |  min time  |  avg time  |  max time  |%varavg| %total
---------------------------------------------------------------
Pair    | 0          | 0          | 0          |   0.0 |  0.00
Neigh   | 0          | 0          | 0          |   0.0 |  0.00
Comm    | 0          | 0          | 0          |   0.0 |  0.00
Output  | 0          | 0          | 0          |   0.0 |  0.00
Modify  | 0          | 0          | 0          |   0.0 |  0.00
Other   |            | 1.04e-06   |            |       |100.00

Nlocal:            216 ave         216 max         216 min
Histogram: 1 0 0 0 0 0 0 0 0 0
Nghost:            884 ave         884 max         884 min
Histogram: 1 0 0 0 0 0 0 0 0 0
Neighs:              0 ave           0 max           0 min
Histogram: 1 0 0 0 0 0 0 0 0 0
FullNghs:         7344 ave        7344 max        7344 min
Histogram: 1 0 0 0 0 0 0 0 0 0

Total # of neighbors = 7344
Ave neighs/atom = 34
Neighbor list builds = 0
Dangerous builds = 0
next i
jump SELF loop_struct
clear
  using 1 OpenMP thread(s) per MPI task
log energies.log append
units metal
boundary p p p
atom_style atomic
read_data Si333_${i}.in
read_data Si333_192.in
Reading data file ...
  orthogonal box = (0 0 0) to (16.331106 16.331106 16.331106)
  1 by 1 by 1 MPI processor grid
  reading atoms ...
  216 atoms
  reading velocities ...
  216 velocities
  read_data CPU = 0.001 seconds
mass 1 28.085
pair_style sw
pair_coeff * * Si.sw Si
Reading sw potential file Si.sw with DATE: 2007-06-11
run 0
Neighbor list info ...
  update: every = 1 steps, delay = 0 steps, check = yes
  max neighbors/atom: 2000, page size: 100000
  master list distance cutoff = 5.77118
  ghost atom cutoff = 5.77118
  binsize = 2.88559, bins = 6 6 6
  1 neighbor lists, perpetual/occasional/extra = 1 0 0
  (1) pair sw, perpetual
      attributes: full, newton on
      pair build: full/bin/atomonly
      stencil: full/bin/3d
      bin: standard
Per MPI rank memory allocation (min/avg/max) = 3.083 | 3.083 | 3.083 Mbytes
   Step          Temp          E_pair         E_mol          TotEng         Press     
WARNING: Too many warnings: 192 vs 100. All future warnings will be suppressed (src/thermo.cpp:478)
         0   0             -935.25209      0             -935.25209     -6685.2719    
Loop time of 1.03e-06 on 1 procs for 0 steps with 216 atoms

0.0% CPU use with 1 MPI tasks x 1 OpenMP threads

MPI task timing breakdown:
Section |  min time  |  avg time  |  max time  |%varavg| %total
---------------------------------------------------------------
Pair    | 0          | 0          | 0          |   0.0 |  0.00
Neigh   | 0          | 0          | 0          |   0.0 |  0.00
Comm    | 0          | 0          | 0          |   0.0 |  0.00
Output  | 0          | 0          | 0          |   0.0 |  0.00
Modify  | 0          | 0          | 0          |   0.0 |  0.00
Other   |            | 1.03e-06   |            |       |100.00

Nlocal:            216 ave         216 max         216 min
Histogram: 1 0 0 0 0 0 0 0 0 0
Nghost:            838 ave         838 max         838 min
Histogram: 1 0 0 0 0 0 0 0 0 0
Neighs:              0 ave           0 max           0 min
Histogram: 1 0 0 0 0 0 0 0 0 0
FullNghs:         7344 ave        7344 max        7344 min
Histogram: 1 0 0 0 0 0 0 0 0 0

Total # of neighbors = 7344
Ave neighs/atom = 34
Neighbor list builds = 0
Dangerous builds = 0
next i
jump SELF loop_struct
clear
  using 1 OpenMP thread(s) per MPI task
log energies.log append
units metal
boundary p p p
atom_style atomic
read_data Si333_${i}.in
read_data Si333_193.in
Reading data file ...
  orthogonal box = (0 0 0) to (16.331106 16.331106 16.331106)
  1 by 1 by 1 MPI processor grid
  reading atoms ...
  216 atoms
  reading velocities ...
  216 velocities
  read_data CPU = 0.001 seconds
mass 1 28.085
pair_style sw
pair_coeff * * Si.sw Si
Reading sw potential file Si.sw with DATE: 2007-06-11
run 0
Neighbor list info ...
  update: every = 1 steps, delay = 0 steps, check = yes
  max neighbors/atom: 2000, page size: 100000
  master list distance cutoff = 5.77118
  ghost atom cutoff = 5.77118
  binsize = 2.88559, bins = 6 6 6
  1 neighbor lists, perpetual/occasional/extra = 1 0 0
  (1) pair sw, perpetual
      attributes: full, newton on
      pair build: full/bin/atomonly
      stencil: full/bin/3d
      bin: standard
Per MPI rank memory allocation (min/avg/max) = 3.081 | 3.081 | 3.081 Mbytes
   Step          Temp          E_pair         E_mol          TotEng         Press     
WARNING: Too many warnings: 193 vs 100. All future warnings will be suppressed (src/thermo.cpp:478)
         0   0             -935.44164      0             -935.44164     -6718.6557    
Loop time of 1.04e-06 on 1 procs for 0 steps with 216 atoms

0.0% CPU use with 1 MPI tasks x 1 OpenMP threads

MPI task timing breakdown:
Section |  min time  |  avg time  |  max time  |%varavg| %total
---------------------------------------------------------------
Pair    | 0          | 0          | 0          |   0.0 |  0.00
Neigh   | 0          | 0          | 0          |   0.0 |  0.00
Comm    | 0          | 0          | 0          |   0.0 |  0.00
Output  | 0          | 0          | 0          |   0.0 |  0.00
Modify  | 0          | 0          | 0          |   0.0 |  0.00
Other   |            | 1.04e-06   |            |       |100.00

Nlocal:            216 ave         216 max         216 min
Histogram: 1 0 0 0 0 0 0 0 0 0
Nghost:            784 ave         784 max         784 min
Histogram: 1 0 0 0 0 0 0 0 0 0
Neighs:              0 ave           0 max           0 min
Histogram: 1 0 0 0 0 0 0 0 0 0
FullNghs:         7344 ave        7344 max        7344 min
Histogram: 1 0 0 0 0 0 0 0 0 0

Total # of neighbors = 7344
Ave neighs/atom = 34
Neighbor list builds = 0
Dangerous builds = 0
next i
jump SELF loop_struct
clear
  using 1 OpenMP thread(s) per MPI task
log energies.log append
units metal
boundary p p p
atom_style atomic
read_data Si333_${i}.in
read_data Si333_194.in
Reading data file ...
  orthogonal box = (0 0 0) to (16.331106 16.331106 16.331106)
  1 by 1 by 1 MPI processor grid
  reading atoms ...
  216 atoms
  reading velocities ...
  216 velocities
  read_data CPU = 0.001 seconds
mass 1 28.085
pair_style sw
pair_coeff * * Si.sw Si
Reading sw potential file Si.sw with DATE: 2007-06-11
run 0
Neighbor list info ...
  update: every = 1 steps, delay = 0 steps, check = yes
  max neighbors/atom: 2000, page size: 100000
  master list distance cutoff = 5.77118
  ghost atom cutoff = 5.77118
  binsize = 2.88559, bins = 6 6 6
  1 neighbor lists, perpetual/occasional/extra = 1 0 0
  (1) pair sw, perpetual
      attributes: full, newton on
      pair build: full/bin/atomonly
      stencil: full/bin/3d
      bin: standard
Per MPI rank memory allocation (min/avg/max) = 3.081 | 3.081 | 3.081 Mbytes
   Step          Temp          E_pair         E_mol          TotEng         Press     
WARNING: Too many warnings: 194 vs 100. All future warnings will be suppressed (src/thermo.cpp:478)
         0   0             -908.62764      0             -908.62764      9992.5475    
Loop time of 1.07e-06 on 1 procs for 0 steps with 216 atoms

0.0% CPU use with 1 MPI tasks x 1 OpenMP threads

MPI task timing breakdown:
Section |  min time  |  avg time  |  max time  |%varavg| %total
---------------------------------------------------------------
Pair    | 0          | 0          | 0          |   0.0 |  0.00
Neigh   | 0          | 0          | 0          |   0.0 |  0.00
Comm    | 0          | 0          | 0          |   0.0 |  0.00
Output  | 0          | 0          | 0          |   0.0 |  0.00
Modify  | 0          | 0          | 0          |   0.0 |  0.00
Other   |            | 1.07e-06   |            |       |100.00

Nlocal:            216 ave         216 max         216 min
Histogram: 1 0 0 0 0 0 0 0 0 0
Nghost:            788 ave         788 max         788 min
Histogram: 1 0 0 0 0 0 0 0 0 0
Neighs:              0 ave           0 max           0 min
Histogram: 1 0 0 0 0 0 0 0 0 0
FullNghs:         7368 ave        7368 max        7368 min
Histogram: 1 0 0 0 0 0 0 0 0 0

Total # of neighbors = 7368
Ave neighs/atom = 34.111111
Neighbor list builds = 0
Dangerous builds = 0
next i
jump SELF loop_struct
clear
  using 1 OpenMP thread(s) per MPI task
log energies.log append
units metal
boundary p p p
atom_style atomic
read_data Si333_${i}.in
read_data Si333_195.in
Reading data file ...
  orthogonal box = (0 0 0) to (16.331106 16.331106 16.331106)
  1 by 1 by 1 MPI processor grid
  reading atoms ...
  216 atoms
  reading velocities ...
  216 velocities
  read_data CPU = 0.001 seconds
mass 1 28.085
pair_style sw
pair_coeff * * Si.sw Si
Reading sw potential file Si.sw with DATE: 2007-06-11
run 0
Neighbor list info ...
  update: every = 1 steps, delay = 0 steps, check = yes
  max neighbors/atom: 2000, page size: 100000
  master list distance cutoff = 5.77118
  ghost atom cutoff = 5.77118
  binsize = 2.88559, bins = 6 6 6
  1 neighbor lists, perpetual/occasional/extra = 1 0 0
  (1) pair sw, perpetual
      attributes: full, newton on
      pair build: full/bin/atomonly
      stencil: full/bin/3d
      bin: standard
Per MPI rank memory allocation (min/avg/max) = 3.082 | 3.082 | 3.082 Mbytes
   Step          Temp          E_pair         E_mol          TotEng         Press     
WARNING: Too many warnings: 195 vs 100. All future warnings will be suppressed (src/thermo.cpp:478)
         0   0             -935.20311      0             -935.20311     -6640.4477    
Loop time of 1.03e-06 on 1 procs for 0 steps with 216 atoms

194.2% CPU use with 1 MPI tasks x 1 OpenMP threads

MPI task timing breakdown:
Section |  min time  |  avg time  |  max time  |%varavg| %total
---------------------------------------------------------------
Pair    | 0          | 0          | 0          |   0.0 |  0.00
Neigh   | 0          | 0          | 0          |   0.0 |  0.00
Comm    | 0          | 0          | 0          |   0.0 |  0.00
Output  | 0          | 0          | 0          |   0.0 |  0.00
Modify  | 0          | 0          | 0          |   0.0 |  0.00
Other   |            | 1.03e-06   |            |       |100.00

Nlocal:            216 ave         216 max         216 min
Histogram: 1 0 0 0 0 0 0 0 0 0
Nghost:            809 ave         809 max         809 min
Histogram: 1 0 0 0 0 0 0 0 0 0
Neighs:              0 ave           0 max           0 min
Histogram: 1 0 0 0 0 0 0 0 0 0
FullNghs:         7344 ave        7344 max        7344 min
Histogram: 1 0 0 0 0 0 0 0 0 0

Total # of neighbors = 7344
Ave neighs/atom = 34
Neighbor list builds = 0
Dangerous builds = 0
next i
jump SELF loop_struct
clear
  using 1 OpenMP thread(s) per MPI task
log energies.log append
units metal
boundary p p p
atom_style atomic
read_data Si333_${i}.in
read_data Si333_196.in
Reading data file ...
  orthogonal box = (0 0 0) to (16.331106 16.331106 16.331106)
  1 by 1 by 1 MPI processor grid
  reading atoms ...
  216 atoms
  reading velocities ...
  216 velocities
  read_data CPU = 0.001 seconds
mass 1 28.085
pair_style sw
pair_coeff * * Si.sw Si
Reading sw potential file Si.sw with DATE: 2007-06-11
run 0
Neighbor list info ...
  update: every = 1 steps, delay = 0 steps, check = yes
  max neighbors/atom: 2000, page size: 100000
  master list distance cutoff = 5.77118
  ghost atom cutoff = 5.77118
  binsize = 2.88559, bins = 6 6 6
  1 neighbor lists, perpetual/occasional/extra = 1 0 0
  (1) pair sw, perpetual
      attributes: full, newton on
      pair build: full/bin/atomonly
      stencil: full/bin/3d
      bin: standard
Per MPI rank memory allocation (min/avg/max) = 3.088 | 3.088 | 3.088 Mbytes
   Step          Temp          E_pair         E_mol          TotEng         Press     
WARNING: Too many warnings: 196 vs 100. All future warnings will be suppressed (src/thermo.cpp:478)
         0   0             -935.24962      0             -935.24962     -6654.4766    
Loop time of 1.04e-06 on 1 procs for 0 steps with 216 atoms

96.2% CPU use with 1 MPI tasks x 1 OpenMP threads

MPI task timing breakdown:
Section |  min time  |  avg time  |  max time  |%varavg| %total
---------------------------------------------------------------
Pair    | 0          | 0          | 0          |   0.0 |  0.00
Neigh   | 0          | 0          | 0          |   0.0 |  0.00
Comm    | 0          | 0          | 0          |   0.0 |  0.00
Output  | 0          | 0          | 0          |   0.0 |  0.00
Modify  | 0          | 0          | 0          |   0.0 |  0.00
Other   |            | 1.04e-06   |            |       |100.00

Nlocal:            216 ave         216 max         216 min
Histogram: 1 0 0 0 0 0 0 0 0 0
Nghost:            834 ave         834 max         834 min
Histogram: 1 0 0 0 0 0 0 0 0 0
Neighs:              0 ave           0 max           0 min
Histogram: 1 0 0 0 0 0 0 0 0 0
FullNghs:         7344 ave        7344 max        7344 min
Histogram: 1 0 0 0 0 0 0 0 0 0

Total # of neighbors = 7344
Ave neighs/atom = 34
Neighbor list builds = 0
Dangerous builds = 0
next i
jump SELF loop_struct
clear
  using 1 OpenMP thread(s) per MPI task
log energies.log append
units metal
boundary p p p
atom_style atomic
read_data Si333_${i}.in
read_data Si333_197.in
Reading data file ...
  orthogonal box = (0 0 0) to (16.331106 16.331106 16.331106)
  1 by 1 by 1 MPI processor grid
  reading atoms ...
  216 atoms
  reading velocities ...
  216 velocities
  read_data CPU = 0.001 seconds
mass 1 28.085
pair_style sw
pair_coeff * * Si.sw Si
Reading sw potential file Si.sw with DATE: 2007-06-11
run 0
Neighbor list info ...
  update: every = 1 steps, delay = 0 steps, check = yes
  max neighbors/atom: 2000, page size: 100000
  master list distance cutoff = 5.77118
  ghost atom cutoff = 5.77118
  binsize = 2.88559, bins = 6 6 6
  1 neighbor lists, perpetual/occasional/extra = 1 0 0
  (1) pair sw, perpetual
      attributes: full, newton on
      pair build: full/bin/atomonly
      stencil: full/bin/3d
      bin: standard
Per MPI rank memory allocation (min/avg/max) = 3.081 | 3.081 | 3.081 Mbytes
   Step          Temp          E_pair         E_mol          TotEng         Press     
WARNING: Too many warnings: 197 vs 100. All future warnings will be suppressed (src/thermo.cpp:478)
         0   0             -935.15775      0             -935.15775     -6633.8539    
Loop time of 1.04e-06 on 1 procs for 0 steps with 216 atoms

96.2% CPU use with 1 MPI tasks x 1 OpenMP threads

MPI task timing breakdown:
Section |  min time  |  avg time  |  max time  |%varavg| %total
---------------------------------------------------------------
Pair    | 0          | 0          | 0          |   0.0 |  0.00
Neigh   | 0          | 0          | 0          |   0.0 |  0.00
Comm    | 0          | 0          | 0          |   0.0 |  0.00
Output  | 0          | 0          | 0          |   0.0 |  0.00
Modify  | 0          | 0          | 0          |   0.0 |  0.00
Other   |            | 1.04e-06   |            |       |100.00

Nlocal:            216 ave         216 max         216 min
Histogram: 1 0 0 0 0 0 0 0 0 0
Nghost:            784 ave         784 max         784 min
Histogram: 1 0 0 0 0 0 0 0 0 0
Neighs:              0 ave           0 max           0 min
Histogram: 1 0 0 0 0 0 0 0 0 0
FullNghs:         7344 ave        7344 max        7344 min
Histogram: 1 0 0 0 0 0 0 0 0 0

Total # of neighbors = 7344
Ave neighs/atom = 34
Neighbor list builds = 0
Dangerous builds = 0
next i
jump SELF loop_struct
clear
  using 1 OpenMP thread(s) per MPI task
log energies.log append
units metal
boundary p p p
atom_style atomic
read_data Si333_${i}.in
read_data Si333_198.in
Reading data file ...
  orthogonal box = (0 0 0) to (16.331106 16.331106 16.331106)
  1 by 1 by 1 MPI processor grid
  reading atoms ...
  216 atoms
  reading velocities ...
  216 velocities
  read_data CPU = 0.001 seconds
mass 1 28.085
pair_style sw
pair_coeff * * Si.sw Si
Reading sw potential file Si.sw with DATE: 2007-06-11
run 0
Neighbor list info ...
  update: every = 1 steps, delay = 0 steps, check = yes
  max neighbors/atom: 2000, page size: 100000
  master list distance cutoff = 5.77118
  ghost atom cutoff = 5.77118
  binsize = 2.88559, bins = 6 6 6
  1 neighbor lists, perpetual/occasional/extra = 1 0 0
  (1) pair sw, perpetual
      attributes: full, newton on
      pair build: full/bin/atomonly
      stencil: full/bin/3d
      bin: standard
Per MPI rank memory allocation (min/avg/max) = 3.083 | 3.083 | 3.083 Mbytes
   Step          Temp          E_pair         E_mol          TotEng         Press     
WARNING: Too many warnings: 198 vs 100. All future warnings will be suppressed (src/thermo.cpp:478)
         0   0             -935.30142      0             -935.30142     -6685.2636    
Loop time of 1.02e-06 on 1 procs for 0 steps with 216 atoms

98.0% CPU use with 1 MPI tasks x 1 OpenMP threads

MPI task timing breakdown:
Section |  min time  |  avg time  |  max time  |%varavg| %total
---------------------------------------------------------------
Pair    | 0          | 0          | 0          |   0.0 |  0.00
Neigh   | 0          | 0          | 0          |   0.0 |  0.00
Comm    | 0          | 0          | 0          |   0.0 |  0.00
Output  | 0          | 0          | 0          |   0.0 |  0.00
Modify  | 0          | 0          | 0          |   0.0 |  0.00
Other   |            | 1.02e-06   |            |       |100.00

Nlocal:            216 ave         216 max         216 min
Histogram: 1 0 0 0 0 0 0 0 0 0
Nghost:            834 ave         834 max         834 min
Histogram: 1 0 0 0 0 0 0 0 0 0
Neighs:              0 ave           0 max           0 min
Histogram: 1 0 0 0 0 0 0 0 0 0
FullNghs:         7344 ave        7344 max        7344 min
Histogram: 1 0 0 0 0 0 0 0 0 0

Total # of neighbors = 7344
Ave neighs/atom = 34
Neighbor list builds = 0
Dangerous builds = 0
next i
jump SELF loop_struct
clear
  using 1 OpenMP thread(s) per MPI task
log energies.log append
units metal
boundary p p p
atom_style atomic
read_data Si333_${i}.in
read_data Si333_199.in
Reading data file ...
  orthogonal box = (0 0 0) to (16.331106 16.331106 16.331106)
  1 by 1 by 1 MPI processor grid
  reading atoms ...
  216 atoms
  reading velocities ...
  216 velocities
  read_data CPU = 0.001 seconds
mass 1 28.085
pair_style sw
pair_coeff * * Si.sw Si
Reading sw potential file Si.sw with DATE: 2007-06-11
run 0
Neighbor list info ...
  update: every = 1 steps, delay = 0 steps, check = yes
  max neighbors/atom: 2000, page size: 100000
  master list distance cutoff = 5.77118
  ghost atom cutoff = 5.77118
  binsize = 2.88559, bins = 6 6 6
  1 neighbor lists, perpetual/occasional/extra = 1 0 0
  (1) pair sw, perpetual
      attributes: full, newton on
      pair build: full/bin/atomonly
      stencil: full/bin/3d
      bin: standard
Per MPI rank memory allocation (min/avg/max) = 3.086 | 3.086 | 3.086 Mbytes
   Step          Temp          E_pair         E_mol          TotEng         Press     
WARNING: Too many warnings: 199 vs 100. All future warnings will be suppressed (src/thermo.cpp:478)
         0   0             -908.03856      0             -908.03856      11462.655    
Loop time of 1.05e-06 on 1 procs for 0 steps with 216 atoms

95.2% CPU use with 1 MPI tasks x 1 OpenMP threads

MPI task timing breakdown:
Section |  min time  |  avg time  |  max time  |%varavg| %total
---------------------------------------------------------------
Pair    | 0          | 0          | 0          |   0.0 |  0.00
Neigh   | 0          | 0          | 0          |   0.0 |  0.00
Comm    | 0          | 0          | 0          |   0.0 |  0.00
Output  | 0          | 0          | 0          |   0.0 |  0.00
Modify  | 0          | 0          | 0          |   0.0 |  0.00
Other   |            | 1.05e-06   |            |       |100.00

Nlocal:            216 ave         216 max         216 min
Histogram: 1 0 0 0 0 0 0 0 0 0
Nghost:            880 ave         880 max         880 min
Histogram: 1 0 0 0 0 0 0 0 0 0
Neighs:              0 ave           0 max           0 min
Histogram: 1 0 0 0 0 0 0 0 0 0
FullNghs:         7374 ave        7374 max        7374 min
Histogram: 1 0 0 0 0 0 0 0 0 0

Total # of neighbors = 7374
Ave neighs/atom = 34.138889
Neighbor list builds = 0
Dangerous builds = 0
next i
jump SELF loop_struct
clear
  using 1 OpenMP thread(s) per MPI task
log energies.log append
units metal
boundary p p p
atom_style atomic
read_data Si333_${i}.in
read_data Si333_200.in
Reading data file ...
  orthogonal box = (0 0 0) to (16.331106 16.331106 16.331106)
  1 by 1 by 1 MPI processor grid
  reading atoms ...
  216 atoms
  reading velocities ...
  216 velocities
  read_data CPU = 0.001 seconds
mass 1 28.085
pair_style sw
pair_coeff * * Si.sw Si
Reading sw potential file Si.sw with DATE: 2007-06-11
run 0
Neighbor list info ...
  update: every = 1 steps, delay = 0 steps, check = yes
  max neighbors/atom: 2000, page size: 100000
  master list distance cutoff = 5.77118
  ghost atom cutoff = 5.77118
  binsize = 2.88559, bins = 6 6 6
  1 neighbor lists, perpetual/occasional/extra = 1 0 0
  (1) pair sw, perpetual
      attributes: full, newton on
      pair build: full/bin/atomonly
      stencil: full/bin/3d
      bin: standard
Per MPI rank memory allocation (min/avg/max) = 3.09 | 3.09 | 3.09 Mbytes
   Step          Temp          E_pair         E_mol          TotEng         Press     
WARNING: Too many warnings: 200 vs 100. All future warnings will be suppressed (src/thermo.cpp:478)
         0   0             -935.32955      0             -935.32955     -6681.1284    
Loop time of 1.07e-06 on 1 procs for 0 steps with 216 atoms

0.0% CPU use with 1 MPI tasks x 1 OpenMP threads

MPI task timing breakdown:
Section |  min time  |  avg time  |  max time  |%varavg| %total
---------------------------------------------------------------
Pair    | 0          | 0          | 0          |   0.0 |  0.00
Neigh   | 0          | 0          | 0          |   0.0 |  0.00
Comm    | 0          | 0          | 0          |   0.0 |  0.00
Output  | 0          | 0          | 0          |   0.0 |  0.00
Modify  | 0          | 0          | 0          |   0.0 |  0.00
Other   |            | 1.07e-06   |            |       |100.00

Nlocal:            216 ave         216 max         216 min
Histogram: 1 0 0 0 0 0 0 0 0 0
Nghost:            889 ave         889 max         889 min
Histogram: 1 0 0 0 0 0 0 0 0 0
Neighs:              0 ave           0 max           0 min
Histogram: 1 0 0 0 0 0 0 0 0 0
FullNghs:         7344 ave        7344 max        7344 min
Histogram: 1 0 0 0 0 0 0 0 0 0

Total # of neighbors = 7344
Ave neighs/atom = 34
Neighbor list builds = 0
Dangerous builds = 0
next i
jump SELF loop_struct
clear
  using 1 OpenMP thread(s) per MPI task
log energies.log append
units metal
boundary p p p
atom_style atomic
read_data Si333_${i}.in
read_data Si333_201.in
Reading data file ...
  orthogonal box = (0 0 0) to (16.331106 16.331106 16.331106)
  1 by 1 by 1 MPI processor grid
  reading atoms ...
  216 atoms
  reading velocities ...
  216 velocities
  read_data CPU = 0.001 seconds
mass 1 28.085
pair_style sw
pair_coeff * * Si.sw Si
Reading sw potential file Si.sw with DATE: 2007-06-11
run 0
Neighbor list info ...
  update: every = 1 steps, delay = 0 steps, check = yes
  max neighbors/atom: 2000, page size: 100000
  master list distance cutoff = 5.77118
  ghost atom cutoff = 5.77118
  binsize = 2.88559, bins = 6 6 6
  1 neighbor lists, perpetual/occasional/extra = 1 0 0
  (1) pair sw, perpetual
      attributes: full, newton on
      pair build: full/bin/atomonly
      stencil: full/bin/3d
      bin: standard
Per MPI rank memory allocation (min/avg/max) = 3.09 | 3.09 | 3.09 Mbytes
   Step          Temp          E_pair         E_mol          TotEng         Press     
WARNING: Too many warnings: 201 vs 100. All future warnings will be suppressed (src/thermo.cpp:478)
         0   0             -935.16742      0             -935.16742     -6630.1826    
Loop time of 1.02e-06 on 1 procs for 0 steps with 216 atoms

0.0% CPU use with 1 MPI tasks x 1 OpenMP threads

MPI task timing breakdown:
Section |  min time  |  avg time  |  max time  |%varavg| %total
---------------------------------------------------------------
Pair    | 0          | 0          | 0          |   0.0 |  0.00
Neigh   | 0          | 0          | 0          |   0.0 |  0.00
Comm    | 0          | 0          | 0          |   0.0 |  0.00
Output  | 0          | 0          | 0          |   0.0 |  0.00
Modify  | 0          | 0          | 0          |   0.0 |  0.00
Other   |            | 1.02e-06   |            |       |100.00

Nlocal:            216 ave         216 max         216 min
Histogram: 1 0 0 0 0 0 0 0 0 0
Nghost:            884 ave         884 max         884 min
Histogram: 1 0 0 0 0 0 0 0 0 0
Neighs:              0 ave           0 max           0 min
Histogram: 1 0 0 0 0 0 0 0 0 0
FullNghs:         7344 ave        7344 max        7344 min
Histogram: 1 0 0 0 0 0 0 0 0 0

Total # of neighbors = 7344
Ave neighs/atom = 34
Neighbor list builds = 0
Dangerous builds = 0
next i
jump SELF loop_struct
clear
  using 1 OpenMP thread(s) per MPI task
log energies.log append
units metal
boundary p p p
atom_style atomic
read_data Si333_${i}.in
read_data Si333_202.in
Reading data file ...
  orthogonal box = (0 0 0) to (16.331106 16.331106 16.331106)
  1 by 1 by 1 MPI processor grid
  reading atoms ...
  216 atoms
  reading velocities ...
  216 velocities
  read_data CPU = 0.001 seconds
mass 1 28.085
pair_style sw
pair_coeff * * Si.sw Si
Reading sw potential file Si.sw with DATE: 2007-06-11
run 0
Neighbor list info ...
  update: every = 1 steps, delay = 0 steps, check = yes
  max neighbors/atom: 2000, page size: 100000
  master list distance cutoff = 5.77118
  ghost atom cutoff = 5.77118
  binsize = 2.88559, bins = 6 6 6
  1 neighbor lists, perpetual/occasional/extra = 1 0 0
  (1) pair sw, perpetual
      attributes: full, newton on
      pair build: full/bin/atomonly
      stencil: full/bin/3d
      bin: standard
Per MPI rank memory allocation (min/avg/max) = 3.084 | 3.084 | 3.084 Mbytes
   Step          Temp          E_pair         E_mol          TotEng         Press     
WARNING: Too many warnings: 202 vs 100. All future warnings will be suppressed (src/thermo.cpp:478)
         0   0             -935.26213      0             -935.26213     -6679.1796    
Loop time of 1.05e-06 on 1 procs for 0 steps with 216 atoms

95.2% CPU use with 1 MPI tasks x 1 OpenMP threads

MPI task timing breakdown:
Section |  min time  |  avg time  |  max time  |%varavg| %total
---------------------------------------------------------------
Pair    | 0          | 0          | 0          |   0.0 |  0.00
Neigh   | 0          | 0          | 0          |   0.0 |  0.00
Comm    | 0          | 0          | 0          |   0.0 |  0.00
Output  | 0          | 0          | 0          |   0.0 |  0.00
Modify  | 0          | 0          | 0          |   0.0 |  0.00
Other   |            | 1.05e-06   |            |       |100.00

Nlocal:            216 ave         216 max         216 min
Histogram: 1 0 0 0 0 0 0 0 0 0
Nghost:            884 ave         884 max         884 min
Histogram: 1 0 0 0 0 0 0 0 0 0
Neighs:              0 ave           0 max           0 min
Histogram: 1 0 0 0 0 0 0 0 0 0
FullNghs:         7344 ave        7344 max        7344 min
Histogram: 1 0 0 0 0 0 0 0 0 0

Total # of neighbors = 7344
Ave neighs/atom = 34
Neighbor list builds = 0
Dangerous builds = 0
next i
jump SELF loop_struct
clear
  using 1 OpenMP thread(s) per MPI task
log energies.log append
units metal
boundary p p p
atom_style atomic
read_data Si333_${i}.in
read_data Si333_203.in
Reading data file ...
  orthogonal box = (0 0 0) to (16.331106 16.331106 16.331106)
  1 by 1 by 1 MPI processor grid
  reading atoms ...
  216 atoms
  reading velocities ...
  216 velocities
  read_data CPU = 0.001 seconds
mass 1 28.085
pair_style sw
pair_coeff * * Si.sw Si
Reading sw potential file Si.sw with DATE: 2007-06-11
run 0
Neighbor list info ...
  update: every = 1 steps, delay = 0 steps, check = yes
  max neighbors/atom: 2000, page size: 100000
  master list distance cutoff = 5.77118
  ghost atom cutoff = 5.77118
  binsize = 2.88559, bins = 6 6 6
  1 neighbor lists, perpetual/occasional/extra = 1 0 0
  (1) pair sw, perpetual
      attributes: full, newton on
      pair build: full/bin/atomonly
      stencil: full/bin/3d
      bin: standard
Per MPI rank memory allocation (min/avg/max) = 3.085 | 3.085 | 3.085 Mbytes
   Step          Temp          E_pair         E_mol          TotEng         Press     
WARNING: Too many warnings: 203 vs 100. All future warnings will be suppressed (src/thermo.cpp:478)
         0   0             -935.33877      0             -935.33877     -6706.0798    
Loop time of 1.05e-06 on 1 procs for 0 steps with 216 atoms

0.0% CPU use with 1 MPI tasks x 1 OpenMP threads

MPI task timing breakdown:
Section |  min time  |  avg time  |  max time  |%varavg| %total
---------------------------------------------------------------
Pair    | 0          | 0          | 0          |   0.0 |  0.00
Neigh   | 0          | 0          | 0          |   0.0 |  0.00
Comm    | 0          | 0          | 0          |   0.0 |  0.00
Output  | 0          | 0          | 0          |   0.0 |  0.00
Modify  | 0          | 0          | 0          |   0.0 |  0.00
Other   |            | 1.05e-06   |            |       |100.00

Nlocal:            216 ave         216 max         216 min
Histogram: 1 0 0 0 0 0 0 0 0 0
Nghost:            834 ave         834 max         834 min
Histogram: 1 0 0 0 0 0 0 0 0 0
Neighs:              0 ave           0 max           0 min
Histogram: 1 0 0 0 0 0 0 0 0 0
FullNghs:         7344 ave        7344 max        7344 min
Histogram: 1 0 0 0 0 0 0 0 0 0

Total # of neighbors = 7344
Ave neighs/atom = 34
Neighbor list builds = 0
Dangerous builds = 0
next i
jump SELF loop_struct
clear
  using 1 OpenMP thread(s) per MPI task
log energies.log append
units metal
boundary p p p
atom_style atomic
read_data Si333_${i}.in
read_data Si333_204.in
Reading data file ...
  orthogonal box = (0 0 0) to (16.331106 16.331106 16.331106)
  1 by 1 by 1 MPI processor grid
  reading atoms ...
  216 atoms
  reading velocities ...
  216 velocities
  read_data CPU = 0.001 seconds
mass 1 28.085
pair_style sw
pair_coeff * * Si.sw Si
Reading sw potential file Si.sw with DATE: 2007-06-11
run 0
Neighbor list info ...
  update: every = 1 steps, delay = 0 steps, check = yes
  max neighbors/atom: 2000, page size: 100000
  master list distance cutoff = 5.77118
  ghost atom cutoff = 5.77118
  binsize = 2.88559, bins = 6 6 6
  1 neighbor lists, perpetual/occasional/extra = 1 0 0
  (1) pair sw, perpetual
      attributes: full, newton on
      pair build: full/bin/atomonly
      stencil: full/bin/3d
      bin: standard
Per MPI rank memory allocation (min/avg/max) = 3.092 | 3.092 | 3.092 Mbytes
   Step          Temp          E_pair         E_mol          TotEng         Press     
WARNING: Too many warnings: 204 vs 100. All future warnings will be suppressed (src/thermo.cpp:478)
         0   0             -935.12228      0             -935.12228     -6635.5806    
Loop time of 1.04e-06 on 1 procs for 0 steps with 216 atoms

192.3% CPU use with 1 MPI tasks x 1 OpenMP threads

MPI task timing breakdown:
Section |  min time  |  avg time  |  max time  |%varavg| %total
---------------------------------------------------------------
Pair    | 0          | 0          | 0          |   0.0 |  0.00
Neigh   | 0          | 0          | 0          |   0.0 |  0.00
Comm    | 0          | 0          | 0          |   0.0 |  0.00
Output  | 0          | 0          | 0          |   0.0 |  0.00
Modify  | 0          | 0          | 0          |   0.0 |  0.00
Other   |            | 1.04e-06   |            |       |100.00

Nlocal:            216 ave         216 max         216 min
Histogram: 1 0 0 0 0 0 0 0 0 0
Nghost:            939 ave         939 max         939 min
Histogram: 1 0 0 0 0 0 0 0 0 0
Neighs:              0 ave           0 max           0 min
Histogram: 1 0 0 0 0 0 0 0 0 0
FullNghs:         7344 ave        7344 max        7344 min
Histogram: 1 0 0 0 0 0 0 0 0 0

Total # of neighbors = 7344
Ave neighs/atom = 34
Neighbor list builds = 0
Dangerous builds = 0
next i
jump SELF loop_struct
clear
  using 1 OpenMP thread(s) per MPI task
log energies.log append
units metal
boundary p p p
atom_style atomic
read_data Si333_${i}.in
read_data Si333_205.in
Reading data file ...
  orthogonal box = (0 0 0) to (16.331106 16.331106 16.331106)
  1 by 1 by 1 MPI processor grid
  reading atoms ...
  216 atoms
  reading velocities ...
  216 velocities
  read_data CPU = 0.001 seconds
mass 1 28.085
pair_style sw
pair_coeff * * Si.sw Si
Reading sw potential file Si.sw with DATE: 2007-06-11
run 0
Neighbor list info ...
  update: every = 1 steps, delay = 0 steps, check = yes
  max neighbors/atom: 2000, page size: 100000
  master list distance cutoff = 5.77118
  ghost atom cutoff = 5.77118
  binsize = 2.88559, bins = 6 6 6
  1 neighbor lists, perpetual/occasional/extra = 1 0 0
  (1) pair sw, perpetual
      attributes: full, newton on
      pair build: full/bin/atomonly
      stencil: full/bin/3d
      bin: standard
Per MPI rank memory allocation (min/avg/max) = 3.09 | 3.09 | 3.09 Mbytes
   Step          Temp          E_pair         E_mol          TotEng         Press     
WARNING: Too many warnings: 205 vs 100. All future warnings will be suppressed (src/thermo.cpp:478)
         0   0             -935.0911       0             -935.0911      -6621.0159    
Loop time of 1.05e-06 on 1 procs for 0 steps with 216 atoms

0.0% CPU use with 1 MPI tasks x 1 OpenMP threads

MPI task timing breakdown:
Section |  min time  |  avg time  |  max time  |%varavg| %total
---------------------------------------------------------------
Pair    | 0          | 0          | 0          |   0.0 |  0.00
Neigh   | 0          | 0          | 0          |   0.0 |  0.00
Comm    | 0          | 0          | 0          |   0.0 |  0.00
Output  | 0          | 0          | 0          |   0.0 |  0.00
Modify  | 0          | 0          | 0          |   0.0 |  0.00
Other   |            | 1.05e-06   |            |       |100.00

Nlocal:            216 ave         216 max         216 min
Histogram: 1 0 0 0 0 0 0 0 0 0
Nghost:            889 ave         889 max         889 min
Histogram: 1 0 0 0 0 0 0 0 0 0
Neighs:              0 ave           0 max           0 min
Histogram: 1 0 0 0 0 0 0 0 0 0
FullNghs:         7344 ave        7344 max        7344 min
Histogram: 1 0 0 0 0 0 0 0 0 0

Total # of neighbors = 7344
Ave neighs/atom = 34
Neighbor list builds = 0
Dangerous builds = 0
next i
jump SELF loop_struct
clear
  using 1 OpenMP thread(s) per MPI task
log energies.log append
units metal
boundary p p p
atom_style atomic
read_data Si333_${i}.in
read_data Si333_206.in
Reading data file ...
  orthogonal box = (0 0 0) to (16.331106 16.331106 16.331106)
  1 by 1 by 1 MPI processor grid
  reading atoms ...
  216 atoms
  reading velocities ...
  216 velocities
  read_data CPU = 0.001 seconds
mass 1 28.085
pair_style sw
pair_coeff * * Si.sw Si
Reading sw potential file Si.sw with DATE: 2007-06-11
run 0
Neighbor list info ...
  update: every = 1 steps, delay = 0 steps, check = yes
  max neighbors/atom: 2000, page size: 100000
  master list distance cutoff = 5.77118
  ghost atom cutoff = 5.77118
  binsize = 2.88559, bins = 6 6 6
  1 neighbor lists, perpetual/occasional/extra = 1 0 0
  (1) pair sw, perpetual
      attributes: full, newton on
      pair build: full/bin/atomonly
      stencil: full/bin/3d
      bin: standard
Per MPI rank memory allocation (min/avg/max) = 3.09 | 3.09 | 3.09 Mbytes
   Step          Temp          E_pair         E_mol          TotEng         Press     
WARNING: Too many warnings: 206 vs 100. All future warnings will be suppressed (src/thermo.cpp:478)
         0   0             -935.20272      0             -935.20272     -6654.9439    
Loop time of 1.06e-06 on 1 procs for 0 steps with 216 atoms

0.0% CPU use with 1 MPI tasks x 1 OpenMP threads

MPI task timing breakdown:
Section |  min time  |  avg time  |  max time  |%varavg| %total
---------------------------------------------------------------
Pair    | 0          | 0          | 0          |   0.0 |  0.00
Neigh   | 0          | 0          | 0          |   0.0 |  0.00
Comm    | 0          | 0          | 0          |   0.0 |  0.00
Output  | 0          | 0          | 0          |   0.0 |  0.00
Modify  | 0          | 0          | 0          |   0.0 |  0.00
Other   |            | 1.06e-06   |            |       |100.00

Nlocal:            216 ave         216 max         216 min
Histogram: 1 0 0 0 0 0 0 0 0 0
Nghost:            884 ave         884 max         884 min
Histogram: 1 0 0 0 0 0 0 0 0 0
Neighs:              0 ave           0 max           0 min
Histogram: 1 0 0 0 0 0 0 0 0 0
FullNghs:         7344 ave        7344 max        7344 min
Histogram: 1 0 0 0 0 0 0 0 0 0

Total # of neighbors = 7344
Ave neighs/atom = 34
Neighbor list builds = 0
Dangerous builds = 0
next i
jump SELF loop_struct
clear
  using 1 OpenMP thread(s) per MPI task
log energies.log append
units metal
boundary p p p
atom_style atomic
read_data Si333_${i}.in
read_data Si333_207.in
Reading data file ...
  orthogonal box = (0 0 0) to (16.331106 16.331106 16.331106)
  1 by 1 by 1 MPI processor grid
  reading atoms ...
  216 atoms
  reading velocities ...
  216 velocities
  read_data CPU = 0.001 seconds
mass 1 28.085
pair_style sw
pair_coeff * * Si.sw Si
Reading sw potential file Si.sw with DATE: 2007-06-11
run 0
Neighbor list info ...
  update: every = 1 steps, delay = 0 steps, check = yes
  max neighbors/atom: 2000, page size: 100000
  master list distance cutoff = 5.77118
  ghost atom cutoff = 5.77118
  binsize = 2.88559, bins = 6 6 6
  1 neighbor lists, perpetual/occasional/extra = 1 0 0
  (1) pair sw, perpetual
      attributes: full, newton on
      pair build: full/bin/atomonly
      stencil: full/bin/3d
      bin: standard
Per MPI rank memory allocation (min/avg/max) = 3.088 | 3.088 | 3.088 Mbytes
   Step          Temp          E_pair         E_mol          TotEng         Press     
WARNING: Too many warnings: 207 vs 100. All future warnings will be suppressed (src/thermo.cpp:478)
         0   0             -935.34758      0             -935.34758     -6699.9483    
Loop time of 1.07e-06 on 1 procs for 0 steps with 216 atoms

93.5% CPU use with 1 MPI tasks x 1 OpenMP threads

MPI task timing breakdown:
Section |  min time  |  avg time  |  max time  |%varavg| %total
---------------------------------------------------------------
Pair    | 0          | 0          | 0          |   0.0 |  0.00
Neigh   | 0          | 0          | 0          |   0.0 |  0.00
Comm    | 0          | 0          | 0          |   0.0 |  0.00
Output  | 0          | 0          | 0          |   0.0 |  0.00
Modify  | 0          | 0          | 0          |   0.0 |  0.00
Other   |            | 1.07e-06   |            |       |100.00

Nlocal:            216 ave         216 max         216 min
Histogram: 1 0 0 0 0 0 0 0 0 0
Nghost:            834 ave         834 max         834 min
Histogram: 1 0 0 0 0 0 0 0 0 0
Neighs:              0 ave           0 max           0 min
Histogram: 1 0 0 0 0 0 0 0 0 0
FullNghs:         7344 ave        7344 max        7344 min
Histogram: 1 0 0 0 0 0 0 0 0 0

Total # of neighbors = 7344
Ave neighs/atom = 34
Neighbor list builds = 0
Dangerous builds = 0
next i
jump SELF loop_struct
clear
  using 1 OpenMP thread(s) per MPI task
log energies.log append
units metal
boundary p p p
atom_style atomic
read_data Si333_${i}.in
read_data Si333_208.in
Reading data file ...
  orthogonal box = (0 0 0) to (16.331106 16.331106 16.331106)
  1 by 1 by 1 MPI processor grid
  reading atoms ...
  216 atoms
  reading velocities ...
  216 velocities
  read_data CPU = 0.001 seconds
mass 1 28.085
pair_style sw
pair_coeff * * Si.sw Si
Reading sw potential file Si.sw with DATE: 2007-06-11
run 0
Neighbor list info ...
  update: every = 1 steps, delay = 0 steps, check = yes
  max neighbors/atom: 2000, page size: 100000
  master list distance cutoff = 5.77118
  ghost atom cutoff = 5.77118
  binsize = 2.88559, bins = 6 6 6
  1 neighbor lists, perpetual/occasional/extra = 1 0 0
  (1) pair sw, perpetual
      attributes: full, newton on
      pair build: full/bin/atomonly
      stencil: full/bin/3d
      bin: standard
Per MPI rank memory allocation (min/avg/max) = 3.088 | 3.088 | 3.088 Mbytes
   Step          Temp          E_pair         E_mol          TotEng         Press     
WARNING: Too many warnings: 208 vs 100. All future warnings will be suppressed (src/thermo.cpp:478)
         0   0             -935.41103      0             -935.41103     -6703.2885    
Loop time of 1.09e-06 on 1 procs for 0 steps with 216 atoms

91.7% CPU use with 1 MPI tasks x 1 OpenMP threads

MPI task timing breakdown:
Section |  min time  |  avg time  |  max time  |%varavg| %total
---------------------------------------------------------------
Pair    | 0          | 0          | 0          |   0.0 |  0.00
Neigh   | 0          | 0          | 0          |   0.0 |  0.00
Comm    | 0          | 0          | 0          |   0.0 |  0.00
Output  | 0          | 0          | 0          |   0.0 |  0.00
Modify  | 0          | 0          | 0          |   0.0 |  0.00
Other   |            | 1.09e-06   |            |       |100.00

Nlocal:            216 ave         216 max         216 min
Histogram: 1 0 0 0 0 0 0 0 0 0
Nghost:            834 ave         834 max         834 min
Histogram: 1 0 0 0 0 0 0 0 0 0
Neighs:              0 ave           0 max           0 min
Histogram: 1 0 0 0 0 0 0 0 0 0
FullNghs:         7344 ave        7344 max        7344 min
Histogram: 1 0 0 0 0 0 0 0 0 0

Total # of neighbors = 7344
Ave neighs/atom = 34
Neighbor list builds = 0
Dangerous builds = 0
next i
jump SELF loop_struct
clear
  using 1 OpenMP thread(s) per MPI task
log energies.log append
units metal
boundary p p p
atom_style atomic
read_data Si333_${i}.in
read_data Si333_209.in
Reading data file ...
  orthogonal box = (0 0 0) to (16.331106 16.331106 16.331106)
  1 by 1 by 1 MPI processor grid
  reading atoms ...
  216 atoms
  reading velocities ...
  216 velocities
  read_data CPU = 0.001 seconds
mass 1 28.085
pair_style sw
pair_coeff * * Si.sw Si
Reading sw potential file Si.sw with DATE: 2007-06-11
run 0
Neighbor list info ...
  update: every = 1 steps, delay = 0 steps, check = yes
  max neighbors/atom: 2000, page size: 100000
  master list distance cutoff = 5.77118
  ghost atom cutoff = 5.77118
  binsize = 2.88559, bins = 6 6 6
  1 neighbor lists, perpetual/occasional/extra = 1 0 0
  (1) pair sw, perpetual
      attributes: full, newton on
      pair build: full/bin/atomonly
      stencil: full/bin/3d
      bin: standard
Per MPI rank memory allocation (min/avg/max) = 3.084 | 3.084 | 3.084 Mbytes
   Step          Temp          E_pair         E_mol          TotEng         Press     
WARNING: Too many warnings: 209 vs 100. All future warnings will be suppressed (src/thermo.cpp:478)
         0   0             -908.84996      0             -908.84996      11007.057    
Loop time of 1.09e-06 on 1 procs for 0 steps with 216 atoms

91.7% CPU use with 1 MPI tasks x 1 OpenMP threads

MPI task timing breakdown:
Section |  min time  |  avg time  |  max time  |%varavg| %total
---------------------------------------------------------------
Pair    | 0          | 0          | 0          |   0.0 |  0.00
Neigh   | 0          | 0          | 0          |   0.0 |  0.00
Comm    | 0          | 0          | 0          |   0.0 |  0.00
Output  | 0          | 0          | 0          |   0.0 |  0.00
Modify  | 0          | 0          | 0          |   0.0 |  0.00
Other   |            | 1.09e-06   |            |       |100.00

Nlocal:            216 ave         216 max         216 min
Histogram: 1 0 0 0 0 0 0 0 0 0
Nghost:            880 ave         880 max         880 min
Histogram: 1 0 0 0 0 0 0 0 0 0
Neighs:              0 ave           0 max           0 min
Histogram: 1 0 0 0 0 0 0 0 0 0
FullNghs:         7386 ave        7386 max        7386 min
Histogram: 1 0 0 0 0 0 0 0 0 0

Total # of neighbors = 7386
Ave neighs/atom = 34.194444
Neighbor list builds = 0
Dangerous builds = 0
next i
jump SELF loop_struct
clear
  using 1 OpenMP thread(s) per MPI task
log energies.log append
units metal
boundary p p p
atom_style atomic
read_data Si333_${i}.in
read_data Si333_210.in
Reading data file ...
  orthogonal box = (0 0 0) to (16.331106 16.331106 16.331106)
  1 by 1 by 1 MPI processor grid
  reading atoms ...
  216 atoms
  reading velocities ...
  216 velocities
  read_data CPU = 0.001 seconds
mass 1 28.085
pair_style sw
pair_coeff * * Si.sw Si
Reading sw potential file Si.sw with DATE: 2007-06-11
run 0
Neighbor list info ...
  update: every = 1 steps, delay = 0 steps, check = yes
  max neighbors/atom: 2000, page size: 100000
  master list distance cutoff = 5.77118
  ghost atom cutoff = 5.77118
  binsize = 2.88559, bins = 6 6 6
  1 neighbor lists, perpetual/occasional/extra = 1 0 0
  (1) pair sw, perpetual
      attributes: full, newton on
      pair build: full/bin/atomonly
      stencil: full/bin/3d
      bin: standard
Per MPI rank memory allocation (min/avg/max) = 3.084 | 3.084 | 3.084 Mbytes
   Step          Temp          E_pair         E_mol          TotEng         Press     
WARNING: Too many warnings: 210 vs 100. All future warnings will be suppressed (src/thermo.cpp:478)
         0   0             -935.29545      0             -935.29545     -6693.5734    
Loop time of 1.06e-06 on 1 procs for 0 steps with 216 atoms

0.0% CPU use with 1 MPI tasks x 1 OpenMP threads

MPI task timing breakdown:
Section |  min time  |  avg time  |  max time  |%varavg| %total
---------------------------------------------------------------
Pair    | 0          | 0          | 0          |   0.0 |  0.00
Neigh   | 0          | 0          | 0          |   0.0 |  0.00
Comm    | 0          | 0          | 0          |   0.0 |  0.00
Output  | 0          | 0          | 0          |   0.0 |  0.00
Modify  | 0          | 0          | 0          |   0.0 |  0.00
Other   |            | 1.06e-06   |            |       |100.00

Nlocal:            216 ave         216 max         216 min
Histogram: 1 0 0 0 0 0 0 0 0 0
Nghost:            864 ave         864 max         864 min
Histogram: 1 0 0 0 0 0 0 0 0 0
Neighs:              0 ave           0 max           0 min
Histogram: 1 0 0 0 0 0 0 0 0 0
FullNghs:         7344 ave        7344 max        7344 min
Histogram: 1 0 0 0 0 0 0 0 0 0

Total # of neighbors = 7344
Ave neighs/atom = 34
Neighbor list builds = 0
Dangerous builds = 0
next i
jump SELF loop_struct
clear
  using 1 OpenMP thread(s) per MPI task
log energies.log append
units metal
boundary p p p
atom_style atomic
read_data Si333_${i}.in
read_data Si333_211.in
Reading data file ...
  orthogonal box = (0 0 0) to (16.331106 16.331106 16.331106)
  1 by 1 by 1 MPI processor grid
  reading atoms ...
  216 atoms
  reading velocities ...
  216 velocities
  read_data CPU = 0.001 seconds
mass 1 28.085
pair_style sw
pair_coeff * * Si.sw Si
Reading sw potential file Si.sw with DATE: 2007-06-11
run 0
Neighbor list info ...
  update: every = 1 steps, delay = 0 steps, check = yes
  max neighbors/atom: 2000, page size: 100000
  master list distance cutoff = 5.77118
  ghost atom cutoff = 5.77118
  binsize = 2.88559, bins = 6 6 6
  1 neighbor lists, perpetual/occasional/extra = 1 0 0
  (1) pair sw, perpetual
      attributes: full, newton on
      pair build: full/bin/atomonly
      stencil: full/bin/3d
      bin: standard
Per MPI rank memory allocation (min/avg/max) = 3.085 | 3.085 | 3.085 Mbytes
   Step          Temp          E_pair         E_mol          TotEng         Press     
WARNING: Too many warnings: 211 vs 100. All future warnings will be suppressed (src/thermo.cpp:478)
         0   0             -935.35882      0             -935.35882     -6714.6583    
Loop time of 1.07e-06 on 1 procs for 0 steps with 216 atoms

0.0% CPU use with 1 MPI tasks x 1 OpenMP threads

MPI task timing breakdown:
Section |  min time  |  avg time  |  max time  |%varavg| %total
---------------------------------------------------------------
Pair    | 0          | 0          | 0          |   0.0 |  0.00
Neigh   | 0          | 0          | 0          |   0.0 |  0.00
Comm    | 0          | 0          | 0          |   0.0 |  0.00
Output  | 0          | 0          | 0          |   0.0 |  0.00
Modify  | 0          | 0          | 0          |   0.0 |  0.00
Other   |            | 1.07e-06   |            |       |100.00

Nlocal:            216 ave         216 max         216 min
Histogram: 1 0 0 0 0 0 0 0 0 0
Nghost:            834 ave         834 max         834 min
Histogram: 1 0 0 0 0 0 0 0 0 0
Neighs:              0 ave           0 max           0 min
Histogram: 1 0 0 0 0 0 0 0 0 0
FullNghs:         7344 ave        7344 max        7344 min
Histogram: 1 0 0 0 0 0 0 0 0 0

Total # of neighbors = 7344
Ave neighs/atom = 34
Neighbor list builds = 0
Dangerous builds = 0
next i
jump SELF loop_struct
clear
  using 1 OpenMP thread(s) per MPI task
log energies.log append
units metal
boundary p p p
atom_style atomic
read_data Si333_${i}.in
read_data Si333_212.in
Reading data file ...
  orthogonal box = (0 0 0) to (16.331106 16.331106 16.331106)
  1 by 1 by 1 MPI processor grid
  reading atoms ...
  216 atoms
  reading velocities ...
  216 velocities
  read_data CPU = 0.001 seconds
mass 1 28.085
pair_style sw
pair_coeff * * Si.sw Si
Reading sw potential file Si.sw with DATE: 2007-06-11
run 0
Neighbor list info ...
  update: every = 1 steps, delay = 0 steps, check = yes
  max neighbors/atom: 2000, page size: 100000
  master list distance cutoff = 5.77118
  ghost atom cutoff = 5.77118
  binsize = 2.88559, bins = 6 6 6
  1 neighbor lists, perpetual/occasional/extra = 1 0 0
  (1) pair sw, perpetual
      attributes: full, newton on
      pair build: full/bin/atomonly
      stencil: full/bin/3d
      bin: standard
Per MPI rank memory allocation (min/avg/max) = 3.083 | 3.083 | 3.083 Mbytes
   Step          Temp          E_pair         E_mol          TotEng         Press     
WARNING: Too many warnings: 212 vs 100. All future warnings will be suppressed (src/thermo.cpp:478)
         0   0             -935.20542      0             -935.20542     -6639.9833    
Loop time of 1.07e-06 on 1 procs for 0 steps with 216 atoms

93.5% CPU use with 1 MPI tasks x 1 OpenMP threads

MPI task timing breakdown:
Section |  min time  |  avg time  |  max time  |%varavg| %total
---------------------------------------------------------------
Pair    | 0          | 0          | 0          |   0.0 |  0.00
Neigh   | 0          | 0          | 0          |   0.0 |  0.00
Comm    | 0          | 0          | 0          |   0.0 |  0.00
Output  | 0          | 0          | 0          |   0.0 |  0.00
Modify  | 0          | 0          | 0          |   0.0 |  0.00
Other   |            | 1.07e-06   |            |       |100.00

Nlocal:            216 ave         216 max         216 min
Histogram: 1 0 0 0 0 0 0 0 0 0
Nghost:            834 ave         834 max         834 min
Histogram: 1 0 0 0 0 0 0 0 0 0
Neighs:              0 ave           0 max           0 min
Histogram: 1 0 0 0 0 0 0 0 0 0
FullNghs:         7344 ave        7344 max        7344 min
Histogram: 1 0 0 0 0 0 0 0 0 0

Total # of neighbors = 7344
Ave neighs/atom = 34
Neighbor list builds = 0
Dangerous builds = 0
next i
jump SELF loop_struct
clear
  using 1 OpenMP thread(s) per MPI task
log energies.log append
units metal
boundary p p p
atom_style atomic
read_data Si333_${i}.in
read_data Si333_213.in
Reading data file ...
  orthogonal box = (0 0 0) to (16.331106 16.331106 16.331106)
  1 by 1 by 1 MPI processor grid
  reading atoms ...
  216 atoms
  reading velocities ...
  216 velocities
  read_data CPU = 0.001 seconds
mass 1 28.085
pair_style sw
pair_coeff * * Si.sw Si
Reading sw potential file Si.sw with DATE: 2007-06-11
run 0
Neighbor list info ...
  update: every = 1 steps, delay = 0 steps, check = yes
  max neighbors/atom: 2000, page size: 100000
  master list distance cutoff = 5.77118
  ghost atom cutoff = 5.77118
  binsize = 2.88559, bins = 6 6 6
  1 neighbor lists, perpetual/occasional/extra = 1 0 0
  (1) pair sw, perpetual
      attributes: full, newton on
      pair build: full/bin/atomonly
      stencil: full/bin/3d
      bin: standard
Per MPI rank memory allocation (min/avg/max) = 3.093 | 3.093 | 3.093 Mbytes
   Step          Temp          E_pair         E_mol          TotEng         Press     
WARNING: Too many warnings: 213 vs 100. All future warnings will be suppressed (src/thermo.cpp:478)
         0   0             -935.41817      0             -935.41817     -6711.0801    
Loop time of 1.04e-06 on 1 procs for 0 steps with 216 atoms

192.3% CPU use with 1 MPI tasks x 1 OpenMP threads

MPI task timing breakdown:
Section |  min time  |  avg time  |  max time  |%varavg| %total
---------------------------------------------------------------
Pair    | 0          | 0          | 0          |   0.0 |  0.00
Neigh   | 0          | 0          | 0          |   0.0 |  0.00
Comm    | 0          | 0          | 0          |   0.0 |  0.00
Output  | 0          | 0          | 0          |   0.0 |  0.00
Modify  | 0          | 0          | 0          |   0.0 |  0.00
Other   |            | 1.04e-06   |            |       |100.00

Nlocal:            216 ave         216 max         216 min
Histogram: 1 0 0 0 0 0 0 0 0 0
Nghost:            949 ave         949 max         949 min
Histogram: 1 0 0 0 0 0 0 0 0 0
Neighs:              0 ave           0 max           0 min
Histogram: 1 0 0 0 0 0 0 0 0 0
FullNghs:         7344 ave        7344 max        7344 min
Histogram: 1 0 0 0 0 0 0 0 0 0

Total # of neighbors = 7344
Ave neighs/atom = 34
Neighbor list builds = 0
Dangerous builds = 0
next i
jump SELF loop_struct
clear
  using 1 OpenMP thread(s) per MPI task
log energies.log append
units metal
boundary p p p
atom_style atomic
read_data Si333_${i}.in
read_data Si333_214.in
Reading data file ...
  orthogonal box = (0 0 0) to (16.331106 16.331106 16.331106)
  1 by 1 by 1 MPI processor grid
  reading atoms ...
  216 atoms
  reading velocities ...
  216 velocities
  read_data CPU = 0.001 seconds
mass 1 28.085
pair_style sw
pair_coeff * * Si.sw Si
Reading sw potential file Si.sw with DATE: 2007-06-11
run 0
Neighbor list info ...
  update: every = 1 steps, delay = 0 steps, check = yes
  max neighbors/atom: 2000, page size: 100000
  master list distance cutoff = 5.77118
  ghost atom cutoff = 5.77118
  binsize = 2.88559, bins = 6 6 6
  1 neighbor lists, perpetual/occasional/extra = 1 0 0
  (1) pair sw, perpetual
      attributes: full, newton on
      pair build: full/bin/atomonly
      stencil: full/bin/3d
      bin: standard
Per MPI rank memory allocation (min/avg/max) = 3.082 | 3.082 | 3.082 Mbytes
   Step          Temp          E_pair         E_mol          TotEng         Press     
WARNING: Too many warnings: 214 vs 100. All future warnings will be suppressed (src/thermo.cpp:478)
         0   0             -935.13036      0             -935.13036     -6624.3384    
Loop time of 1.08e-06 on 1 procs for 0 steps with 216 atoms

92.6% CPU use with 1 MPI tasks x 1 OpenMP threads

MPI task timing breakdown:
Section |  min time  |  avg time  |  max time  |%varavg| %total
---------------------------------------------------------------
Pair    | 0          | 0          | 0          |   0.0 |  0.00
Neigh   | 0          | 0          | 0          |   0.0 |  0.00
Comm    | 0          | 0          | 0          |   0.0 |  0.00
Output  | 0          | 0          | 0          |   0.0 |  0.00
Modify  | 0          | 0          | 0          |   0.0 |  0.00
Other   |            | 1.08e-06   |            |       |100.00

Nlocal:            216 ave         216 max         216 min
Histogram: 1 0 0 0 0 0 0 0 0 0
Nghost:            816 ave         816 max         816 min
Histogram: 1 0 0 0 0 0 0 0 0 0
Neighs:              0 ave           0 max           0 min
Histogram: 1 0 0 0 0 0 0 0 0 0
FullNghs:         7344 ave        7344 max        7344 min
Histogram: 1 0 0 0 0 0 0 0 0 0

Total # of neighbors = 7344
Ave neighs/atom = 34
Neighbor list builds = 0
Dangerous builds = 0
next i
jump SELF loop_struct
clear
  using 1 OpenMP thread(s) per MPI task
log energies.log append
units metal
boundary p p p
atom_style atomic
read_data Si333_${i}.in
read_data Si333_215.in
Reading data file ...
  orthogonal box = (0 0 0) to (16.331106 16.331106 16.331106)
  1 by 1 by 1 MPI processor grid
  reading atoms ...
  216 atoms
  reading velocities ...
  216 velocities
  read_data CPU = 0.001 seconds
mass 1 28.085
pair_style sw
pair_coeff * * Si.sw Si
Reading sw potential file Si.sw with DATE: 2007-06-11
run 0
Neighbor list info ...
  update: every = 1 steps, delay = 0 steps, check = yes
  max neighbors/atom: 2000, page size: 100000
  master list distance cutoff = 5.77118
  ghost atom cutoff = 5.77118
  binsize = 2.88559, bins = 6 6 6
  1 neighbor lists, perpetual/occasional/extra = 1 0 0
  (1) pair sw, perpetual
      attributes: full, newton on
      pair build: full/bin/atomonly
      stencil: full/bin/3d
      bin: standard
Per MPI rank memory allocation (min/avg/max) = 3.083 | 3.083 | 3.083 Mbytes
   Step          Temp          E_pair         E_mol          TotEng         Press     
WARNING: Too many warnings: 215 vs 100. All future warnings will be suppressed (src/thermo.cpp:478)
         0   0             -935.28396      0             -935.28396     -6667.0794    
Loop time of 1.05e-06 on 1 procs for 0 steps with 216 atoms

95.2% CPU use with 1 MPI tasks x 1 OpenMP threads

MPI task timing breakdown:
Section |  min time  |  avg time  |  max time  |%varavg| %total
---------------------------------------------------------------
Pair    | 0          | 0          | 0          |   0.0 |  0.00
Neigh   | 0          | 0          | 0          |   0.0 |  0.00
Comm    | 0          | 0          | 0          |   0.0 |  0.00
Output  | 0          | 0          | 0          |   0.0 |  0.00
Modify  | 0          | 0          | 0          |   0.0 |  0.00
Other   |            | 1.05e-06   |            |       |100.00

Nlocal:            216 ave         216 max         216 min
Histogram: 1 0 0 0 0 0 0 0 0 0
Nghost:            846 ave         846 max         846 min
Histogram: 1 0 0 0 0 0 0 0 0 0
Neighs:              0 ave           0 max           0 min
Histogram: 1 0 0 0 0 0 0 0 0 0
FullNghs:         7344 ave        7344 max        7344 min
Histogram: 1 0 0 0 0 0 0 0 0 0

Total # of neighbors = 7344
Ave neighs/atom = 34
Neighbor list builds = 0
Dangerous builds = 0
next i
jump SELF loop_struct
clear
  using 1 OpenMP thread(s) per MPI task
log energies.log append
units metal
boundary p p p
atom_style atomic
read_data Si333_${i}.in
read_data Si333_216.in
Reading data file ...
  orthogonal box = (0 0 0) to (16.331106 16.331106 16.331106)
  1 by 1 by 1 MPI processor grid
  reading atoms ...
  216 atoms
  reading velocities ...
  216 velocities
  read_data CPU = 0.001 seconds
mass 1 28.085
pair_style sw
pair_coeff * * Si.sw Si
Reading sw potential file Si.sw with DATE: 2007-06-11
run 0
Neighbor list info ...
  update: every = 1 steps, delay = 0 steps, check = yes
  max neighbors/atom: 2000, page size: 100000
  master list distance cutoff = 5.77118
  ghost atom cutoff = 5.77118
  binsize = 2.88559, bins = 6 6 6
  1 neighbor lists, perpetual/occasional/extra = 1 0 0
  (1) pair sw, perpetual
      attributes: full, newton on
      pair build: full/bin/atomonly
      stencil: full/bin/3d
      bin: standard
Per MPI rank memory allocation (min/avg/max) = 3.081 | 3.081 | 3.081 Mbytes
   Step          Temp          E_pair         E_mol          TotEng         Press     
WARNING: Too many warnings: 216 vs 100. All future warnings will be suppressed (src/thermo.cpp:478)
         0   0             -935.3373       0             -935.3373      -6676.8727    
Loop time of 1.04e-06 on 1 procs for 0 steps with 216 atoms

96.2% CPU use with 1 MPI tasks x 1 OpenMP threads

MPI task timing breakdown:
Section |  min time  |  avg time  |  max time  |%varavg| %total
---------------------------------------------------------------
Pair    | 0          | 0          | 0          |   0.0 |  0.00
Neigh   | 0          | 0          | 0          |   0.0 |  0.00
Comm    | 0          | 0          | 0          |   0.0 |  0.00
Output  | 0          | 0          | 0          |   0.0 |  0.00
Modify  | 0          | 0          | 0          |   0.0 |  0.00
Other   |            | 1.04e-06   |            |       |100.00

Nlocal:            216 ave         216 max         216 min
Histogram: 1 0 0 0 0 0 0 0 0 0
Nghost:            784 ave         784 max         784 min
Histogram: 1 0 0 0 0 0 0 0 0 0
Neighs:              0 ave           0 max           0 min
Histogram: 1 0 0 0 0 0 0 0 0 0
FullNghs:         7344 ave        7344 max        7344 min
Histogram: 1 0 0 0 0 0 0 0 0 0

Total # of neighbors = 7344
Ave neighs/atom = 34
Neighbor list builds = 0
Dangerous builds = 0
next i
jump SELF loop_struct
clear
  using 1 OpenMP thread(s) per MPI task
log energies.log append
units metal
boundary p p p
atom_style atomic
read_data Si333_${i}.in
read_data Si333_217.in
Reading data file ...
  orthogonal box = (0 0 0) to (16.331106 16.331106 16.331106)
  1 by 1 by 1 MPI processor grid
  reading atoms ...
  216 atoms
  reading velocities ...
  216 velocities
  read_data CPU = 0.001 seconds
mass 1 28.085
pair_style sw
pair_coeff * * Si.sw Si
Reading sw potential file Si.sw with DATE: 2007-06-11
run 0
Neighbor list info ...
  update: every = 1 steps, delay = 0 steps, check = yes
  max neighbors/atom: 2000, page size: 100000
  master list distance cutoff = 5.77118
  ghost atom cutoff = 5.77118
  binsize = 2.88559, bins = 6 6 6
  1 neighbor lists, perpetual/occasional/extra = 1 0 0
  (1) pair sw, perpetual
      attributes: full, newton on
      pair build: full/bin/atomonly
      stencil: full/bin/3d
      bin: standard
Per MPI rank memory allocation (min/avg/max) = 3.083 | 3.083 | 3.083 Mbytes
   Step          Temp          E_pair         E_mol          TotEng         Press     
WARNING: Too many warnings: 217 vs 100. All future warnings will be suppressed (src/thermo.cpp:478)
         0   0             -935.32708      0             -935.32708     -6705.026     
Loop time of 1.081e-06 on 1 procs for 0 steps with 216 atoms

0.0% CPU use with 1 MPI tasks x 1 OpenMP threads

MPI task timing breakdown:
Section |  min time  |  avg time  |  max time  |%varavg| %total
---------------------------------------------------------------
Pair    | 0          | 0          | 0          |   0.0 |  0.00
Neigh   | 0          | 0          | 0          |   0.0 |  0.00
Comm    | 0          | 0          | 0          |   0.0 |  0.00
Output  | 0          | 0          | 0          |   0.0 |  0.00
Modify  | 0          | 0          | 0          |   0.0 |  0.00
Other   |            | 1.081e-06  |            |       |100.00

Nlocal:            216 ave         216 max         216 min
Histogram: 1 0 0 0 0 0 0 0 0 0
Nghost:            834 ave         834 max         834 min
Histogram: 1 0 0 0 0 0 0 0 0 0
Neighs:              0 ave           0 max           0 min
Histogram: 1 0 0 0 0 0 0 0 0 0
FullNghs:         7344 ave        7344 max        7344 min
Histogram: 1 0 0 0 0 0 0 0 0 0

Total # of neighbors = 7344
Ave neighs/atom = 34
Neighbor list builds = 0
Dangerous builds = 0
next i
jump SELF loop_struct
clear
  using 1 OpenMP thread(s) per MPI task
log energies.log append
units metal
boundary p p p
atom_style atomic
read_data Si333_${i}.in
read_data Si333_218.in
Reading data file ...
  orthogonal box = (0 0 0) to (16.331106 16.331106 16.331106)
  1 by 1 by 1 MPI processor grid
  reading atoms ...
  216 atoms
  reading velocities ...
  216 velocities
  read_data CPU = 0.001 seconds
mass 1 28.085
pair_style sw
pair_coeff * * Si.sw Si
Reading sw potential file Si.sw with DATE: 2007-06-11
run 0
Neighbor list info ...
  update: every = 1 steps, delay = 0 steps, check = yes
  max neighbors/atom: 2000, page size: 100000
  master list distance cutoff = 5.77118
  ghost atom cutoff = 5.77118
  binsize = 2.88559, bins = 6 6 6
  1 neighbor lists, perpetual/occasional/extra = 1 0 0
  (1) pair sw, perpetual
      attributes: full, newton on
      pair build: full/bin/atomonly
      stencil: full/bin/3d
      bin: standard
Per MPI rank memory allocation (min/avg/max) = 3.09 | 3.09 | 3.09 Mbytes
   Step          Temp          E_pair         E_mol          TotEng         Press     
WARNING: Too many warnings: 218 vs 100. All future warnings will be suppressed (src/thermo.cpp:478)
         0   0             -935.3826       0             -935.3826      -6701.8739    
Loop time of 1.1e-06 on 1 procs for 0 steps with 216 atoms

90.9% CPU use with 1 MPI tasks x 1 OpenMP threads

MPI task timing breakdown:
Section |  min time  |  avg time  |  max time  |%varavg| %total
---------------------------------------------------------------
Pair    | 0          | 0          | 0          |   0.0 |  0.00
Neigh   | 0          | 0          | 0          |   0.0 |  0.00
Comm    | 0          | 0          | 0          |   0.0 |  0.00
Output  | 0          | 0          | 0          |   0.0 |  0.00
Modify  | 0          | 0          | 0          |   0.0 |  0.00
Other   |            | 1.1e-06    |            |       |100.00

Nlocal:            216 ave         216 max         216 min
Histogram: 1 0 0 0 0 0 0 0 0 0
Nghost:            884 ave         884 max         884 min
Histogram: 1 0 0 0 0 0 0 0 0 0
Neighs:              0 ave           0 max           0 min
Histogram: 1 0 0 0 0 0 0 0 0 0
FullNghs:         7344 ave        7344 max        7344 min
Histogram: 1 0 0 0 0 0 0 0 0 0

Total # of neighbors = 7344
Ave neighs/atom = 34
Neighbor list builds = 0
Dangerous builds = 0
next i
jump SELF loop_struct
clear
  using 1 OpenMP thread(s) per MPI task
log energies.log append
units metal
boundary p p p
atom_style atomic
read_data Si333_${i}.in
read_data Si333_219.in
Reading data file ...
  orthogonal box = (0 0 0) to (16.331106 16.331106 16.331106)
  1 by 1 by 1 MPI processor grid
  reading atoms ...
  216 atoms
  reading velocities ...
  216 velocities
  read_data CPU = 0.001 seconds
mass 1 28.085
pair_style sw
pair_coeff * * Si.sw Si
Reading sw potential file Si.sw with DATE: 2007-06-11
run 0
Neighbor list info ...
  update: every = 1 steps, delay = 0 steps, check = yes
  max neighbors/atom: 2000, page size: 100000
  master list distance cutoff = 5.77118
  ghost atom cutoff = 5.77118
  binsize = 2.88559, bins = 6 6 6
  1 neighbor lists, perpetual/occasional/extra = 1 0 0
  (1) pair sw, perpetual
      attributes: full, newton on
      pair build: full/bin/atomonly
      stencil: full/bin/3d
      bin: standard
Per MPI rank memory allocation (min/avg/max) = 3.083 | 3.083 | 3.083 Mbytes
   Step          Temp          E_pair         E_mol          TotEng         Press     
WARNING: Too many warnings: 219 vs 100. All future warnings will be suppressed (src/thermo.cpp:478)
         0   0             -935.39538      0             -935.39538     -6723.4019    
Loop time of 1.04e-06 on 1 procs for 0 steps with 216 atoms

0.0% CPU use with 1 MPI tasks x 1 OpenMP threads

MPI task timing breakdown:
Section |  min time  |  avg time  |  max time  |%varavg| %total
---------------------------------------------------------------
Pair    | 0          | 0          | 0          |   0.0 |  0.00
Neigh   | 0          | 0          | 0          |   0.0 |  0.00
Comm    | 0          | 0          | 0          |   0.0 |  0.00
Output  | 0          | 0          | 0          |   0.0 |  0.00
Modify  | 0          | 0          | 0          |   0.0 |  0.00
Other   |            | 1.04e-06   |            |       |100.00

Nlocal:            216 ave         216 max         216 min
Histogram: 1 0 0 0 0 0 0 0 0 0
Nghost:            834 ave         834 max         834 min
Histogram: 1 0 0 0 0 0 0 0 0 0
Neighs:              0 ave           0 max           0 min
Histogram: 1 0 0 0 0 0 0 0 0 0
FullNghs:         7344 ave        7344 max        7344 min
Histogram: 1 0 0 0 0 0 0 0 0 0

Total # of neighbors = 7344
Ave neighs/atom = 34
Neighbor list builds = 0
Dangerous builds = 0
next i
jump SELF loop_struct
clear
  using 1 OpenMP thread(s) per MPI task
log energies.log append
units metal
boundary p p p
atom_style atomic
read_data Si333_${i}.in
read_data Si333_220.in
Reading data file ...
  orthogonal box = (0 0 0) to (16.331106 16.331106 16.331106)
  1 by 1 by 1 MPI processor grid
  reading atoms ...
  216 atoms
  reading velocities ...
  216 velocities
  read_data CPU = 0.001 seconds
mass 1 28.085
pair_style sw
pair_coeff * * Si.sw Si
Reading sw potential file Si.sw with DATE: 2007-06-11
run 0
Neighbor list info ...
  update: every = 1 steps, delay = 0 steps, check = yes
  max neighbors/atom: 2000, page size: 100000
  master list distance cutoff = 5.77118
  ghost atom cutoff = 5.77118
  binsize = 2.88559, bins = 6 6 6
  1 neighbor lists, perpetual/occasional/extra = 1 0 0
  (1) pair sw, perpetual
      attributes: full, newton on
      pair build: full/bin/atomonly
      stencil: full/bin/3d
      bin: standard
Per MPI rank memory allocation (min/avg/max) = 3.081 | 3.081 | 3.081 Mbytes
   Step          Temp          E_pair         E_mol          TotEng         Press     
WARNING: Too many warnings: 220 vs 100. All future warnings will be suppressed (src/thermo.cpp:478)
         0   0             -935.21206      0             -935.21206     -6648.4568    
Loop time of 1.07e-06 on 1 procs for 0 steps with 216 atoms

0.0% CPU use with 1 MPI tasks x 1 OpenMP threads

MPI task timing breakdown:
Section |  min time  |  avg time  |  max time  |%varavg| %total
---------------------------------------------------------------
Pair    | 0          | 0          | 0          |   0.0 |  0.00
Neigh   | 0          | 0          | 0          |   0.0 |  0.00
Comm    | 0          | 0          | 0          |   0.0 |  0.00
Output  | 0          | 0          | 0          |   0.0 |  0.00
Modify  | 0          | 0          | 0          |   0.0 |  0.00
Other   |            | 1.07e-06   |            |       |100.00

Nlocal:            216 ave         216 max         216 min
Histogram: 1 0 0 0 0 0 0 0 0 0
Nghost:            784 ave         784 max         784 min
Histogram: 1 0 0 0 0 0 0 0 0 0
Neighs:              0 ave           0 max           0 min
Histogram: 1 0 0 0 0 0 0 0 0 0
FullNghs:         7344 ave        7344 max        7344 min
Histogram: 1 0 0 0 0 0 0 0 0 0

Total # of neighbors = 7344
Ave neighs/atom = 34
Neighbor list builds = 0
Dangerous builds = 0
next i
jump SELF loop_struct
clear
  using 1 OpenMP thread(s) per MPI task
log energies.log append
units metal
boundary p p p
atom_style atomic
read_data Si333_${i}.in
read_data Si333_221.in
Reading data file ...
  orthogonal box = (0 0 0) to (16.331106 16.331106 16.331106)
  1 by 1 by 1 MPI processor grid
  reading atoms ...
  216 atoms
  reading velocities ...
  216 velocities
  read_data CPU = 0.001 seconds
mass 1 28.085
pair_style sw
pair_coeff * * Si.sw Si
Reading sw potential file Si.sw with DATE: 2007-06-11
run 0
Neighbor list info ...
  update: every = 1 steps, delay = 0 steps, check = yes
  max neighbors/atom: 2000, page size: 100000
  master list distance cutoff = 5.77118
  ghost atom cutoff = 5.77118
  binsize = 2.88559, bins = 6 6 6
  1 neighbor lists, perpetual/occasional/extra = 1 0 0
  (1) pair sw, perpetual
      attributes: full, newton on
      pair build: full/bin/atomonly
      stencil: full/bin/3d
      bin: standard
Per MPI rank memory allocation (min/avg/max) = 3.084 | 3.084 | 3.084 Mbytes
   Step          Temp          E_pair         E_mol          TotEng         Press     
WARNING: Too many warnings: 221 vs 100. All future warnings will be suppressed (src/thermo.cpp:478)
         0   0             -935.38678      0             -935.38678     -6692.4438    
Loop time of 1.05e-06 on 1 procs for 0 steps with 216 atoms

95.2% CPU use with 1 MPI tasks x 1 OpenMP threads

MPI task timing breakdown:
Section |  min time  |  avg time  |  max time  |%varavg| %total
---------------------------------------------------------------
Pair    | 0          | 0          | 0          |   0.0 |  0.00
Neigh   | 0          | 0          | 0          |   0.0 |  0.00
Comm    | 0          | 0          | 0          |   0.0 |  0.00
Output  | 0          | 0          | 0          |   0.0 |  0.00
Modify  | 0          | 0          | 0          |   0.0 |  0.00
Other   |            | 1.05e-06   |            |       |100.00

Nlocal:            216 ave         216 max         216 min
Histogram: 1 0 0 0 0 0 0 0 0 0
Nghost:            808 ave         808 max         808 min
Histogram: 1 0 0 0 0 0 0 0 0 0
Neighs:              0 ave           0 max           0 min
Histogram: 1 0 0 0 0 0 0 0 0 0
FullNghs:         7344 ave        7344 max        7344 min
Histogram: 1 0 0 0 0 0 0 0 0 0

Total # of neighbors = 7344
Ave neighs/atom = 34
Neighbor list builds = 0
Dangerous builds = 0
next i
jump SELF loop_struct
clear
  using 1 OpenMP thread(s) per MPI task
log energies.log append
units metal
boundary p p p
atom_style atomic
read_data Si333_${i}.in
read_data Si333_222.in
Reading data file ...
  orthogonal box = (0 0 0) to (16.331106 16.331106 16.331106)
  1 by 1 by 1 MPI processor grid
  reading atoms ...
  216 atoms
  reading velocities ...
  216 velocities
  read_data CPU = 0.001 seconds
mass 1 28.085
pair_style sw
pair_coeff * * Si.sw Si
Reading sw potential file Si.sw with DATE: 2007-06-11
run 0
Neighbor list info ...
  update: every = 1 steps, delay = 0 steps, check = yes
  max neighbors/atom: 2000, page size: 100000
  master list distance cutoff = 5.77118
  ghost atom cutoff = 5.77118
  binsize = 2.88559, bins = 6 6 6
  1 neighbor lists, perpetual/occasional/extra = 1 0 0
  (1) pair sw, perpetual
      attributes: full, newton on
      pair build: full/bin/atomonly
      stencil: full/bin/3d
      bin: standard
Per MPI rank memory allocation (min/avg/max) = 3.085 | 3.085 | 3.085 Mbytes
   Step          Temp          E_pair         E_mol          TotEng         Press     
WARNING: Too many warnings: 222 vs 100. All future warnings will be suppressed (src/thermo.cpp:478)
         0   0             -935.26194      0             -935.26194     -6676.5825    
Loop time of 1.26e-06 on 1 procs for 0 steps with 216 atoms

79.4% CPU use with 1 MPI tasks x 1 OpenMP threads

MPI task timing breakdown:
Section |  min time  |  avg time  |  max time  |%varavg| %total
---------------------------------------------------------------
Pair    | 0          | 0          | 0          |   0.0 |  0.00
Neigh   | 0          | 0          | 0          |   0.0 |  0.00
Comm    | 0          | 0          | 0          |   0.0 |  0.00
Output  | 0          | 0          | 0          |   0.0 |  0.00
Modify  | 0          | 0          | 0          |   0.0 |  0.00
Other   |            | 1.26e-06   |            |       |100.00

Nlocal:            216 ave         216 max         216 min
Histogram: 1 0 0 0 0 0 0 0 0 0
Nghost:            834 ave         834 max         834 min
Histogram: 1 0 0 0 0 0 0 0 0 0
Neighs:              0 ave           0 max           0 min
Histogram: 1 0 0 0 0 0 0 0 0 0
FullNghs:         7344 ave        7344 max        7344 min
Histogram: 1 0 0 0 0 0 0 0 0 0

Total # of neighbors = 7344
Ave neighs/atom = 34
Neighbor list builds = 0
Dangerous builds = 0
next i
jump SELF loop_struct
clear
  using 1 OpenMP thread(s) per MPI task
log energies.log append
units metal
boundary p p p
atom_style atomic
read_data Si333_${i}.in
read_data Si333_223.in
Reading data file ...
  orthogonal box = (0 0 0) to (16.331106 16.331106 16.331106)
  1 by 1 by 1 MPI processor grid
  reading atoms ...
  216 atoms
  reading velocities ...
  216 velocities
  read_data CPU = 0.001 seconds
mass 1 28.085
pair_style sw
pair_coeff * * Si.sw Si
Reading sw potential file Si.sw with DATE: 2007-06-11
run 0
Neighbor list info ...
  update: every = 1 steps, delay = 0 steps, check = yes
  max neighbors/atom: 2000, page size: 100000
  master list distance cutoff = 5.77118
  ghost atom cutoff = 5.77118
  binsize = 2.88559, bins = 6 6 6
  1 neighbor lists, perpetual/occasional/extra = 1 0 0
  (1) pair sw, perpetual
      attributes: full, newton on
      pair build: full/bin/atomonly
      stencil: full/bin/3d
      bin: standard
Per MPI rank memory allocation (min/avg/max) = 3.092 | 3.092 | 3.092 Mbytes
   Step          Temp          E_pair         E_mol          TotEng         Press     
WARNING: Too many warnings: 223 vs 100. All future warnings will be suppressed (src/thermo.cpp:478)
         0   0             -935.27312      0             -935.27312     -6669.5452    
Loop time of 1.03e-06 on 1 procs for 0 steps with 216 atoms

0.0% CPU use with 1 MPI tasks x 1 OpenMP threads

MPI task timing breakdown:
Section |  min time  |  avg time  |  max time  |%varavg| %total
---------------------------------------------------------------
Pair    | 0          | 0          | 0          |   0.0 |  0.00
Neigh   | 0          | 0          | 0          |   0.0 |  0.00
Comm    | 0          | 0          | 0          |   0.0 |  0.00
Output  | 0          | 0          | 0          |   0.0 |  0.00
Modify  | 0          | 0          | 0          |   0.0 |  0.00
Other   |            | 1.03e-06   |            |       |100.00

Nlocal:            216 ave         216 max         216 min
Histogram: 1 0 0 0 0 0 0 0 0 0
Nghost:            939 ave         939 max         939 min
Histogram: 1 0 0 0 0 0 0 0 0 0
Neighs:              0 ave           0 max           0 min
Histogram: 1 0 0 0 0 0 0 0 0 0
FullNghs:         7344 ave        7344 max        7344 min
Histogram: 1 0 0 0 0 0 0 0 0 0

Total # of neighbors = 7344
Ave neighs/atom = 34
Neighbor list builds = 0
Dangerous builds = 0
next i
jump SELF loop_struct
clear
  using 1 OpenMP thread(s) per MPI task
log energies.log append
units metal
boundary p p p
atom_style atomic
read_data Si333_${i}.in
read_data Si333_224.in
Reading data file ...
  orthogonal box = (0 0 0) to (16.331106 16.331106 16.331106)
  1 by 1 by 1 MPI processor grid
  reading atoms ...
  216 atoms
  reading velocities ...
  216 velocities
  read_data CPU = 0.001 seconds
mass 1 28.085
pair_style sw
pair_coeff * * Si.sw Si
Reading sw potential file Si.sw with DATE: 2007-06-11
run 0
Neighbor list info ...
  update: every = 1 steps, delay = 0 steps, check = yes
  max neighbors/atom: 2000, page size: 100000
  master list distance cutoff = 5.77118
  ghost atom cutoff = 5.77118
  binsize = 2.88559, bins = 6 6 6
  1 neighbor lists, perpetual/occasional/extra = 1 0 0
  (1) pair sw, perpetual
      attributes: full, newton on
      pair build: full/bin/atomonly
      stencil: full/bin/3d
      bin: standard
Per MPI rank memory allocation (min/avg/max) = 3.093 | 3.093 | 3.093 Mbytes
   Step          Temp          E_pair         E_mol          TotEng         Press     
WARNING: Too many warnings: 224 vs 100. All future warnings will be suppressed (src/thermo.cpp:478)
         0   0             -935.41689      0             -935.41689     -6719.3103    
Loop time of 1.06e-06 on 1 procs for 0 steps with 216 atoms

188.7% CPU use with 1 MPI tasks x 1 OpenMP threads

MPI task timing breakdown:
Section |  min time  |  avg time  |  max time  |%varavg| %total
---------------------------------------------------------------
Pair    | 0          | 0          | 0          |   0.0 |  0.00
Neigh   | 0          | 0          | 0          |   0.0 |  0.00
Comm    | 0          | 0          | 0          |   0.0 |  0.00
Output  | 0          | 0          | 0          |   0.0 |  0.00
Modify  | 0          | 0          | 0          |   0.0 |  0.00
Other   |            | 1.06e-06   |            |       |100.00

Nlocal:            216 ave         216 max         216 min
Histogram: 1 0 0 0 0 0 0 0 0 0
Nghost:            939 ave         939 max         939 min
Histogram: 1 0 0 0 0 0 0 0 0 0
Neighs:              0 ave           0 max           0 min
Histogram: 1 0 0 0 0 0 0 0 0 0
FullNghs:         7344 ave        7344 max        7344 min
Histogram: 1 0 0 0 0 0 0 0 0 0

Total # of neighbors = 7344
Ave neighs/atom = 34
Neighbor list builds = 0
Dangerous builds = 0
next i
jump SELF loop_struct
clear
  using 1 OpenMP thread(s) per MPI task
log energies.log append
units metal
boundary p p p
atom_style atomic
read_data Si333_${i}.in
read_data Si333_225.in
Reading data file ...
  orthogonal box = (0 0 0) to (16.331106 16.331106 16.331106)
  1 by 1 by 1 MPI processor grid
  reading atoms ...
  216 atoms
  reading velocities ...
  216 velocities
  read_data CPU = 0.001 seconds
mass 1 28.085
pair_style sw
pair_coeff * * Si.sw Si
Reading sw potential file Si.sw with DATE: 2007-06-11
run 0
Neighbor list info ...
  update: every = 1 steps, delay = 0 steps, check = yes
  max neighbors/atom: 2000, page size: 100000
  master list distance cutoff = 5.77118
  ghost atom cutoff = 5.77118
  binsize = 2.88559, bins = 6 6 6
  1 neighbor lists, perpetual/occasional/extra = 1 0 0
  (1) pair sw, perpetual
      attributes: full, newton on
      pair build: full/bin/atomonly
      stencil: full/bin/3d
      bin: standard
Per MPI rank memory allocation (min/avg/max) = 3.086 | 3.086 | 3.086 Mbytes
   Step          Temp          E_pair         E_mol          TotEng         Press     
WARNING: Too many warnings: 225 vs 100. All future warnings will be suppressed (src/thermo.cpp:478)
         0   0             -935.32321      0             -935.32321     -6700.956     
Loop time of 1.08e-06 on 1 procs for 0 steps with 216 atoms

92.6% CPU use with 1 MPI tasks x 1 OpenMP threads

MPI task timing breakdown:
Section |  min time  |  avg time  |  max time  |%varavg| %total
---------------------------------------------------------------
Pair    | 0          | 0          | 0          |   0.0 |  0.00
Neigh   | 0          | 0          | 0          |   0.0 |  0.00
Comm    | 0          | 0          | 0          |   0.0 |  0.00
Output  | 0          | 0          | 0          |   0.0 |  0.00
Modify  | 0          | 0          | 0          |   0.0 |  0.00
Other   |            | 1.08e-06   |            |       |100.00

Nlocal:            216 ave         216 max         216 min
Histogram: 1 0 0 0 0 0 0 0 0 0
Nghost:            878 ave         878 max         878 min
Histogram: 1 0 0 0 0 0 0 0 0 0
Neighs:              0 ave           0 max           0 min
Histogram: 1 0 0 0 0 0 0 0 0 0
FullNghs:         7344 ave        7344 max        7344 min
Histogram: 1 0 0 0 0 0 0 0 0 0

Total # of neighbors = 7344
Ave neighs/atom = 34
Neighbor list builds = 0
Dangerous builds = 0
next i
jump SELF loop_struct
clear
  using 1 OpenMP thread(s) per MPI task
log energies.log append
units metal
boundary p p p
atom_style atomic
read_data Si333_${i}.in
read_data Si333_226.in
Reading data file ...
  orthogonal box = (0 0 0) to (16.331106 16.331106 16.331106)
  1 by 1 by 1 MPI processor grid
  reading atoms ...
  216 atoms
  reading velocities ...
  216 velocities
  read_data CPU = 0.001 seconds
mass 1 28.085
pair_style sw
pair_coeff * * Si.sw Si
Reading sw potential file Si.sw with DATE: 2007-06-11
run 0
Neighbor list info ...
  update: every = 1 steps, delay = 0 steps, check = yes
  max neighbors/atom: 2000, page size: 100000
  master list distance cutoff = 5.77118
  ghost atom cutoff = 5.77118
  binsize = 2.88559, bins = 6 6 6
  1 neighbor lists, perpetual/occasional/extra = 1 0 0
  (1) pair sw, perpetual
      attributes: full, newton on
      pair build: full/bin/atomonly
      stencil: full/bin/3d
      bin: standard
Per MPI rank memory allocation (min/avg/max) = 3.081 | 3.081 | 3.081 Mbytes
   Step          Temp          E_pair         E_mol          TotEng         Press     
WARNING: Too many warnings: 226 vs 100. All future warnings will be suppressed (src/thermo.cpp:478)
         0   0             -908.03434      0             -908.03434      9335.2829    
Loop time of 1.08e-06 on 1 procs for 0 steps with 216 atoms

0.0% CPU use with 1 MPI tasks x 1 OpenMP threads

MPI task timing breakdown:
Section |  min time  |  avg time  |  max time  |%varavg| %total
---------------------------------------------------------------
Pair    | 0          | 0          | 0          |   0.0 |  0.00
Neigh   | 0          | 0          | 0          |   0.0 |  0.00
Comm    | 0          | 0          | 0          |   0.0 |  0.00
Output  | 0          | 0          | 0          |   0.0 |  0.00
Modify  | 0          | 0          | 0          |   0.0 |  0.00
Other   |            | 1.08e-06   |            |       |100.00

Nlocal:            216 ave         216 max         216 min
Histogram: 1 0 0 0 0 0 0 0 0 0
Nghost:            786 ave         786 max         786 min
Histogram: 1 0 0 0 0 0 0 0 0 0
Neighs:              0 ave           0 max           0 min
Histogram: 1 0 0 0 0 0 0 0 0 0
FullNghs:         7364 ave        7364 max        7364 min
Histogram: 1 0 0 0 0 0 0 0 0 0

Total # of neighbors = 7364
Ave neighs/atom = 34.092593
Neighbor list builds = 0
Dangerous builds = 0
next i
jump SELF loop_struct
clear
  using 1 OpenMP thread(s) per MPI task
log energies.log append
units metal
boundary p p p
atom_style atomic
read_data Si333_${i}.in
read_data Si333_227.in
Reading data file ...
  orthogonal box = (0 0 0) to (16.331106 16.331106 16.331106)
  1 by 1 by 1 MPI processor grid
  reading atoms ...
  216 atoms
  reading velocities ...
  216 velocities
  read_data CPU = 0.001 seconds
mass 1 28.085
pair_style sw
pair_coeff * * Si.sw Si
Reading sw potential file Si.sw with DATE: 2007-06-11
run 0
Neighbor list info ...
  update: every = 1 steps, delay = 0 steps, check = yes
  max neighbors/atom: 2000, page size: 100000
  master list distance cutoff = 5.77118
  ghost atom cutoff = 5.77118
  binsize = 2.88559, bins = 6 6 6
  1 neighbor lists, perpetual/occasional/extra = 1 0 0
  (1) pair sw, perpetual
      attributes: full, newton on
      pair build: full/bin/atomonly
      stencil: full/bin/3d
      bin: standard
Per MPI rank memory allocation (min/avg/max) = 3.092 | 3.092 | 3.092 Mbytes
   Step          Temp          E_pair         E_mol          TotEng         Press     
WARNING: Too many warnings: 227 vs 100. All future warnings will be suppressed (src/thermo.cpp:478)
         0   0             -935.18562      0             -935.18562     -6628.1415    
Loop time of 1.03e-06 on 1 procs for 0 steps with 216 atoms

0.0% CPU use with 1 MPI tasks x 1 OpenMP threads

MPI task timing breakdown:
Section |  min time  |  avg time  |  max time  |%varavg| %total
---------------------------------------------------------------
Pair    | 0          | 0          | 0          |   0.0 |  0.00
Neigh   | 0          | 0          | 0          |   0.0 |  0.00
Comm    | 0          | 0          | 0          |   0.0 |  0.00
Output  | 0          | 0          | 0          |   0.0 |  0.00
Modify  | 0          | 0          | 0          |   0.0 |  0.00
Other   |            | 1.03e-06   |            |       |100.00

Nlocal:            216 ave         216 max         216 min
Histogram: 1 0 0 0 0 0 0 0 0 0
Nghost:            937 ave         937 max         937 min
Histogram: 1 0 0 0 0 0 0 0 0 0
Neighs:              0 ave           0 max           0 min
Histogram: 1 0 0 0 0 0 0 0 0 0
FullNghs:         7344 ave        7344 max        7344 min
Histogram: 1 0 0 0 0 0 0 0 0 0

Total # of neighbors = 7344
Ave neighs/atom = 34
Neighbor list builds = 0
Dangerous builds = 0
next i
jump SELF loop_struct
clear
  using 1 OpenMP thread(s) per MPI task
log energies.log append
units metal
boundary p p p
atom_style atomic
read_data Si333_${i}.in
read_data Si333_228.in
Reading data file ...
  orthogonal box = (0 0 0) to (16.331106 16.331106 16.331106)
  1 by 1 by 1 MPI processor grid
  reading atoms ...
  216 atoms
  reading velocities ...
  216 velocities
  read_data CPU = 0.001 seconds
mass 1 28.085
pair_style sw
pair_coeff * * Si.sw Si
Reading sw potential file Si.sw with DATE: 2007-06-11
run 0
Neighbor list info ...
  update: every = 1 steps, delay = 0 steps, check = yes
  max neighbors/atom: 2000, page size: 100000
  master list distance cutoff = 5.77118
  ghost atom cutoff = 5.77118
  binsize = 2.88559, bins = 6 6 6
  1 neighbor lists, perpetual/occasional/extra = 1 0 0
  (1) pair sw, perpetual
      attributes: full, newton on
      pair build: full/bin/atomonly
      stencil: full/bin/3d
      bin: standard
Per MPI rank memory allocation (min/avg/max) = 3.087 | 3.087 | 3.087 Mbytes
   Step          Temp          E_pair         E_mol          TotEng         Press     
WARNING: Too many warnings: 228 vs 100. All future warnings will be suppressed (src/thermo.cpp:478)
         0   0             -935.25808      0             -935.25808     -6664.1632    
Loop time of 1.03e-06 on 1 procs for 0 steps with 216 atoms

194.2% CPU use with 1 MPI tasks x 1 OpenMP threads

MPI task timing breakdown:
Section |  min time  |  avg time  |  max time  |%varavg| %total
---------------------------------------------------------------
Pair    | 0          | 0          | 0          |   0.0 |  0.00
Neigh   | 0          | 0          | 0          |   0.0 |  0.00
Comm    | 0          | 0          | 0          |   0.0 |  0.00
Output  | 0          | 0          | 0          |   0.0 |  0.00
Modify  | 0          | 0          | 0          |   0.0 |  0.00
Other   |            | 1.03e-06   |            |       |100.00

Nlocal:            216 ave         216 max         216 min
Histogram: 1 0 0 0 0 0 0 0 0 0
Nghost:            912 ave         912 max         912 min
Histogram: 1 0 0 0 0 0 0 0 0 0
Neighs:              0 ave           0 max           0 min
Histogram: 1 0 0 0 0 0 0 0 0 0
FullNghs:         7344 ave        7344 max        7344 min
Histogram: 1 0 0 0 0 0 0 0 0 0

Total # of neighbors = 7344
Ave neighs/atom = 34
Neighbor list builds = 0
Dangerous builds = 0
next i
jump SELF loop_struct
clear
  using 1 OpenMP thread(s) per MPI task
log energies.log append
units metal
boundary p p p
atom_style atomic
read_data Si333_${i}.in
read_data Si333_229.in
Reading data file ...
  orthogonal box = (0 0 0) to (16.331106 16.331106 16.331106)
  1 by 1 by 1 MPI processor grid
  reading atoms ...
  216 atoms
  reading velocities ...
  216 velocities
  read_data CPU = 0.001 seconds
mass 1 28.085
pair_style sw
pair_coeff * * Si.sw Si
Reading sw potential file Si.sw with DATE: 2007-06-11
run 0
Neighbor list info ...
  update: every = 1 steps, delay = 0 steps, check = yes
  max neighbors/atom: 2000, page size: 100000
  master list distance cutoff = 5.77118
  ghost atom cutoff = 5.77118
  binsize = 2.88559, bins = 6 6 6
  1 neighbor lists, perpetual/occasional/extra = 1 0 0
  (1) pair sw, perpetual
      attributes: full, newton on
      pair build: full/bin/atomonly
      stencil: full/bin/3d
      bin: standard
Per MPI rank memory allocation (min/avg/max) = 3.086 | 3.086 | 3.086 Mbytes
   Step          Temp          E_pair         E_mol          TotEng         Press     
WARNING: Too many warnings: 229 vs 100. All future warnings will be suppressed (src/thermo.cpp:478)
         0   0             -935.25017      0             -935.25017     -6663.2439    
Loop time of 1.07e-06 on 1 procs for 0 steps with 216 atoms

93.5% CPU use with 1 MPI tasks x 1 OpenMP threads

MPI task timing breakdown:
Section |  min time  |  avg time  |  max time  |%varavg| %total
---------------------------------------------------------------
Pair    | 0          | 0          | 0          |   0.0 |  0.00
Neigh   | 0          | 0          | 0          |   0.0 |  0.00
Comm    | 0          | 0          | 0          |   0.0 |  0.00
Output  | 0          | 0          | 0          |   0.0 |  0.00
Modify  | 0          | 0          | 0          |   0.0 |  0.00
Other   |            | 1.07e-06   |            |       |100.00

Nlocal:            216 ave         216 max         216 min
Histogram: 1 0 0 0 0 0 0 0 0 0
Nghost:            878 ave         878 max         878 min
Histogram: 1 0 0 0 0 0 0 0 0 0
Neighs:              0 ave           0 max           0 min
Histogram: 1 0 0 0 0 0 0 0 0 0
FullNghs:         7344 ave        7344 max        7344 min
Histogram: 1 0 0 0 0 0 0 0 0 0

Total # of neighbors = 7344
Ave neighs/atom = 34
Neighbor list builds = 0
Dangerous builds = 0
next i
jump SELF loop_struct
clear
  using 1 OpenMP thread(s) per MPI task
log energies.log append
units metal
boundary p p p
atom_style atomic
read_data Si333_${i}.in
read_data Si333_230.in
Reading data file ...
  orthogonal box = (0 0 0) to (16.331106 16.331106 16.331106)
  1 by 1 by 1 MPI processor grid
  reading atoms ...
  216 atoms
  reading velocities ...
  216 velocities
  read_data CPU = 0.001 seconds
mass 1 28.085
pair_style sw
pair_coeff * * Si.sw Si
Reading sw potential file Si.sw with DATE: 2007-06-11
run 0
Neighbor list info ...
  update: every = 1 steps, delay = 0 steps, check = yes
  max neighbors/atom: 2000, page size: 100000
  master list distance cutoff = 5.77118
  ghost atom cutoff = 5.77118
  binsize = 2.88559, bins = 6 6 6
  1 neighbor lists, perpetual/occasional/extra = 1 0 0
  (1) pair sw, perpetual
      attributes: full, newton on
      pair build: full/bin/atomonly
      stencil: full/bin/3d
      bin: standard
Per MPI rank memory allocation (min/avg/max) = 3.09 | 3.09 | 3.09 Mbytes
   Step          Temp          E_pair         E_mol          TotEng         Press     
WARNING: Too many warnings: 230 vs 100. All future warnings will be suppressed (src/thermo.cpp:478)
         0   0             -935.22433      0             -935.22433     -6655.3961    
Loop time of 1.19e-06 on 1 procs for 0 steps with 216 atoms

84.0% CPU use with 1 MPI tasks x 1 OpenMP threads

MPI task timing breakdown:
Section |  min time  |  avg time  |  max time  |%varavg| %total
---------------------------------------------------------------
Pair    | 0          | 0          | 0          |   0.0 |  0.00
Neigh   | 0          | 0          | 0          |   0.0 |  0.00
Comm    | 0          | 0          | 0          |   0.0 |  0.00
Output  | 0          | 0          | 0          |   0.0 |  0.00
Modify  | 0          | 0          | 0          |   0.0 |  0.00
Other   |            | 1.19e-06   |            |       |100.00

Nlocal:            216 ave         216 max         216 min
Histogram: 1 0 0 0 0 0 0 0 0 0
Nghost:            889 ave         889 max         889 min
Histogram: 1 0 0 0 0 0 0 0 0 0
Neighs:              0 ave           0 max           0 min
Histogram: 1 0 0 0 0 0 0 0 0 0
FullNghs:         7344 ave        7344 max        7344 min
Histogram: 1 0 0 0 0 0 0 0 0 0

Total # of neighbors = 7344
Ave neighs/atom = 34
Neighbor list builds = 0
Dangerous builds = 0
next i
jump SELF loop_struct
clear
  using 1 OpenMP thread(s) per MPI task
log energies.log append
units metal
boundary p p p
atom_style atomic
read_data Si333_${i}.in
read_data Si333_231.in
Reading data file ...
  orthogonal box = (0 0 0) to (16.331106 16.331106 16.331106)
  1 by 1 by 1 MPI processor grid
  reading atoms ...
  216 atoms
  reading velocities ...
  216 velocities
  read_data CPU = 0.001 seconds
mass 1 28.085
pair_style sw
pair_coeff * * Si.sw Si
Reading sw potential file Si.sw with DATE: 2007-06-11
run 0
Neighbor list info ...
  update: every = 1 steps, delay = 0 steps, check = yes
  max neighbors/atom: 2000, page size: 100000
  master list distance cutoff = 5.77118
  ghost atom cutoff = 5.77118
  binsize = 2.88559, bins = 6 6 6
  1 neighbor lists, perpetual/occasional/extra = 1 0 0
  (1) pair sw, perpetual
      attributes: full, newton on
      pair build: full/bin/atomonly
      stencil: full/bin/3d
      bin: standard
Per MPI rank memory allocation (min/avg/max) = 3.092 | 3.092 | 3.092 Mbytes
   Step          Temp          E_pair         E_mol          TotEng         Press     
WARNING: Too many warnings: 231 vs 100. All future warnings will be suppressed (src/thermo.cpp:478)
         0   0             -935.34176      0             -935.34176     -6696.2642    
Loop time of 1.08e-06 on 1 procs for 0 steps with 216 atoms

92.6% CPU use with 1 MPI tasks x 1 OpenMP threads

MPI task timing breakdown:
Section |  min time  |  avg time  |  max time  |%varavg| %total
---------------------------------------------------------------
Pair    | 0          | 0          | 0          |   0.0 |  0.00
Neigh   | 0          | 0          | 0          |   0.0 |  0.00
Comm    | 0          | 0          | 0          |   0.0 |  0.00
Output  | 0          | 0          | 0          |   0.0 |  0.00
Modify  | 0          | 0          | 0          |   0.0 |  0.00
Other   |            | 1.08e-06   |            |       |100.00

Nlocal:            216 ave         216 max         216 min
Histogram: 1 0 0 0 0 0 0 0 0 0
Nghost:            933 ave         933 max         933 min
Histogram: 1 0 0 0 0 0 0 0 0 0
Neighs:              0 ave           0 max           0 min
Histogram: 1 0 0 0 0 0 0 0 0 0
FullNghs:         7344 ave        7344 max        7344 min
Histogram: 1 0 0 0 0 0 0 0 0 0

Total # of neighbors = 7344
Ave neighs/atom = 34
Neighbor list builds = 0
Dangerous builds = 0
next i
jump SELF loop_struct
clear
  using 1 OpenMP thread(s) per MPI task
log energies.log append
units metal
boundary p p p
atom_style atomic
read_data Si333_${i}.in
read_data Si333_232.in
Reading data file ...
  orthogonal box = (0 0 0) to (16.331106 16.331106 16.331106)
  1 by 1 by 1 MPI processor grid
  reading atoms ...
  216 atoms
  reading velocities ...
  216 velocities
  read_data CPU = 0.001 seconds
mass 1 28.085
pair_style sw
pair_coeff * * Si.sw Si
Reading sw potential file Si.sw with DATE: 2007-06-11
run 0
Neighbor list info ...
  update: every = 1 steps, delay = 0 steps, check = yes
  max neighbors/atom: 2000, page size: 100000
  master list distance cutoff = 5.77118
  ghost atom cutoff = 5.77118
  binsize = 2.88559, bins = 6 6 6
  1 neighbor lists, perpetual/occasional/extra = 1 0 0
  (1) pair sw, perpetual
      attributes: full, newton on
      pair build: full/bin/atomonly
      stencil: full/bin/3d
      bin: standard
Per MPI rank memory allocation (min/avg/max) = 3.088 | 3.088 | 3.088 Mbytes
   Step          Temp          E_pair         E_mol          TotEng         Press     
WARNING: Too many warnings: 232 vs 100. All future warnings will be suppressed (src/thermo.cpp:478)
         0   0             -935.27465      0             -935.27465     -6672.2235    
Loop time of 1.07e-06 on 1 procs for 0 steps with 216 atoms

0.0% CPU use with 1 MPI tasks x 1 OpenMP threads

MPI task timing breakdown:
Section |  min time  |  avg time  |  max time  |%varavg| %total
---------------------------------------------------------------
Pair    | 0          | 0          | 0          |   0.0 |  0.00
Neigh   | 0          | 0          | 0          |   0.0 |  0.00
Comm    | 0          | 0          | 0          |   0.0 |  0.00
Output  | 0          | 0          | 0          |   0.0 |  0.00
Modify  | 0          | 0          | 0          |   0.0 |  0.00
Other   |            | 1.07e-06   |            |       |100.00

Nlocal:            216 ave         216 max         216 min
Histogram: 1 0 0 0 0 0 0 0 0 0
Nghost:            856 ave         856 max         856 min
Histogram: 1 0 0 0 0 0 0 0 0 0
Neighs:              0 ave           0 max           0 min
Histogram: 1 0 0 0 0 0 0 0 0 0
FullNghs:         7344 ave        7344 max        7344 min
Histogram: 1 0 0 0 0 0 0 0 0 0

Total # of neighbors = 7344
Ave neighs/atom = 34
Neighbor list builds = 0
Dangerous builds = 0
next i
jump SELF loop_struct
clear
  using 1 OpenMP thread(s) per MPI task
log energies.log append
units metal
boundary p p p
atom_style atomic
read_data Si333_${i}.in
read_data Si333_233.in
Reading data file ...
  orthogonal box = (0 0 0) to (16.331106 16.331106 16.331106)
  1 by 1 by 1 MPI processor grid
  reading atoms ...
  216 atoms
  reading velocities ...
  216 velocities
  read_data CPU = 0.001 seconds
mass 1 28.085
pair_style sw
pair_coeff * * Si.sw Si
Reading sw potential file Si.sw with DATE: 2007-06-11
run 0
Neighbor list info ...
  update: every = 1 steps, delay = 0 steps, check = yes
  max neighbors/atom: 2000, page size: 100000
  master list distance cutoff = 5.77118
  ghost atom cutoff = 5.77118
  binsize = 2.88559, bins = 6 6 6
  1 neighbor lists, perpetual/occasional/extra = 1 0 0
  (1) pair sw, perpetual
      attributes: full, newton on
      pair build: full/bin/atomonly
      stencil: full/bin/3d
      bin: standard
Per MPI rank memory allocation (min/avg/max) = 3.09 | 3.09 | 3.09 Mbytes
   Step          Temp          E_pair         E_mol          TotEng         Press     
WARNING: Too many warnings: 233 vs 100. All future warnings will be suppressed (src/thermo.cpp:478)
         0   0             -935.18099      0             -935.18099     -6658.2601    
Loop time of 1.09e-06 on 1 procs for 0 steps with 216 atoms

183.5% CPU use with 1 MPI tasks x 1 OpenMP threads

MPI task timing breakdown:
Section |  min time  |  avg time  |  max time  |%varavg| %total
---------------------------------------------------------------
Pair    | 0          | 0          | 0          |   0.0 |  0.00
Neigh   | 0          | 0          | 0          |   0.0 |  0.00
Comm    | 0          | 0          | 0          |   0.0 |  0.00
Output  | 0          | 0          | 0          |   0.0 |  0.00
Modify  | 0          | 0          | 0          |   0.0 |  0.00
Other   |            | 1.09e-06   |            |       |100.00

Nlocal:            216 ave         216 max         216 min
Histogram: 1 0 0 0 0 0 0 0 0 0
Nghost:            888 ave         888 max         888 min
Histogram: 1 0 0 0 0 0 0 0 0 0
Neighs:              0 ave           0 max           0 min
Histogram: 1 0 0 0 0 0 0 0 0 0
FullNghs:         7344 ave        7344 max        7344 min
Histogram: 1 0 0 0 0 0 0 0 0 0

Total # of neighbors = 7344
Ave neighs/atom = 34
Neighbor list builds = 0
Dangerous builds = 0
next i
jump SELF loop_struct
clear
  using 1 OpenMP thread(s) per MPI task
log energies.log append
units metal
boundary p p p
atom_style atomic
read_data Si333_${i}.in
read_data Si333_234.in
Reading data file ...
  orthogonal box = (0 0 0) to (16.331106 16.331106 16.331106)
  1 by 1 by 1 MPI processor grid
  reading atoms ...
  216 atoms
  reading velocities ...
  216 velocities
  read_data CPU = 0.001 seconds
mass 1 28.085
pair_style sw
pair_coeff * * Si.sw Si
Reading sw potential file Si.sw with DATE: 2007-06-11
run 0
Neighbor list info ...
  update: every = 1 steps, delay = 0 steps, check = yes
  max neighbors/atom: 2000, page size: 100000
  master list distance cutoff = 5.77118
  ghost atom cutoff = 5.77118
  binsize = 2.88559, bins = 6 6 6
  1 neighbor lists, perpetual/occasional/extra = 1 0 0
  (1) pair sw, perpetual
      attributes: full, newton on
      pair build: full/bin/atomonly
      stencil: full/bin/3d
      bin: standard
Per MPI rank memory allocation (min/avg/max) = 3.089 | 3.089 | 3.089 Mbytes
   Step          Temp          E_pair         E_mol          TotEng         Press     
WARNING: Too many warnings: 234 vs 100. All future warnings will be suppressed (src/thermo.cpp:478)
         0   0             -935.34584      0             -935.34584     -6693.1489    
Loop time of 1.03e-06 on 1 procs for 0 steps with 216 atoms

97.1% CPU use with 1 MPI tasks x 1 OpenMP threads

MPI task timing breakdown:
Section |  min time  |  avg time  |  max time  |%varavg| %total
---------------------------------------------------------------
Pair    | 0          | 0          | 0          |   0.0 |  0.00
Neigh   | 0          | 0          | 0          |   0.0 |  0.00
Comm    | 0          | 0          | 0          |   0.0 |  0.00
Output  | 0          | 0          | 0          |   0.0 |  0.00
Modify  | 0          | 0          | 0          |   0.0 |  0.00
Other   |            | 1.03e-06   |            |       |100.00

Nlocal:            216 ave         216 max         216 min
Histogram: 1 0 0 0 0 0 0 0 0 0
Nghost:            939 ave         939 max         939 min
Histogram: 1 0 0 0 0 0 0 0 0 0
Neighs:              0 ave           0 max           0 min
Histogram: 1 0 0 0 0 0 0 0 0 0
FullNghs:         7344 ave        7344 max        7344 min
Histogram: 1 0 0 0 0 0 0 0 0 0

Total # of neighbors = 7344
Ave neighs/atom = 34
Neighbor list builds = 0
Dangerous builds = 0
next i
jump SELF loop_struct
clear
  using 1 OpenMP thread(s) per MPI task
log energies.log append
units metal
boundary p p p
atom_style atomic
read_data Si333_${i}.in
read_data Si333_235.in
Reading data file ...
  orthogonal box = (0 0 0) to (16.331106 16.331106 16.331106)
  1 by 1 by 1 MPI processor grid
  reading atoms ...
  216 atoms
  reading velocities ...
  216 velocities
  read_data CPU = 0.001 seconds
mass 1 28.085
pair_style sw
pair_coeff * * Si.sw Si
Reading sw potential file Si.sw with DATE: 2007-06-11
run 0
Neighbor list info ...
  update: every = 1 steps, delay = 0 steps, check = yes
  max neighbors/atom: 2000, page size: 100000
  master list distance cutoff = 5.77118
  ghost atom cutoff = 5.77118
  binsize = 2.88559, bins = 6 6 6
  1 neighbor lists, perpetual/occasional/extra = 1 0 0
  (1) pair sw, perpetual
      attributes: full, newton on
      pair build: full/bin/atomonly
      stencil: full/bin/3d
      bin: standard
Per MPI rank memory allocation (min/avg/max) = 3.085 | 3.085 | 3.085 Mbytes
   Step          Temp          E_pair         E_mol          TotEng         Press     
WARNING: Too many warnings: 235 vs 100. All future warnings will be suppressed (src/thermo.cpp:478)
         0   0             -935.32139      0             -935.32139     -6712.139     
Loop time of 1.23e-06 on 1 procs for 0 steps with 216 atoms

0.0% CPU use with 1 MPI tasks x 1 OpenMP threads

MPI task timing breakdown:
Section |  min time  |  avg time  |  max time  |%varavg| %total
---------------------------------------------------------------
Pair    | 0          | 0          | 0          |   0.0 |  0.00
Neigh   | 0          | 0          | 0          |   0.0 |  0.00
Comm    | 0          | 0          | 0          |   0.0 |  0.00
Output  | 0          | 0          | 0          |   0.0 |  0.00
Modify  | 0          | 0          | 0          |   0.0 |  0.00
Other   |            | 1.23e-06   |            |       |100.00

Nlocal:            216 ave         216 max         216 min
Histogram: 1 0 0 0 0 0 0 0 0 0
Nghost:            834 ave         834 max         834 min
Histogram: 1 0 0 0 0 0 0 0 0 0
Neighs:              0 ave           0 max           0 min
Histogram: 1 0 0 0 0 0 0 0 0 0
FullNghs:         7344 ave        7344 max        7344 min
Histogram: 1 0 0 0 0 0 0 0 0 0

Total # of neighbors = 7344
Ave neighs/atom = 34
Neighbor list builds = 0
Dangerous builds = 0
next i
jump SELF loop_struct
clear
  using 1 OpenMP thread(s) per MPI task
log energies.log append
units metal
boundary p p p
atom_style atomic
read_data Si333_${i}.in
read_data Si333_236.in
Reading data file ...
  orthogonal box = (0 0 0) to (16.331106 16.331106 16.331106)
  1 by 1 by 1 MPI processor grid
  reading atoms ...
  216 atoms
  reading velocities ...
  216 velocities
  read_data CPU = 0.001 seconds
mass 1 28.085
pair_style sw
pair_coeff * * Si.sw Si
Reading sw potential file Si.sw with DATE: 2007-06-11
run 0
Neighbor list info ...
  update: every = 1 steps, delay = 0 steps, check = yes
  max neighbors/atom: 2000, page size: 100000
  master list distance cutoff = 5.77118
  ghost atom cutoff = 5.77118
  binsize = 2.88559, bins = 6 6 6
  1 neighbor lists, perpetual/occasional/extra = 1 0 0
  (1) pair sw, perpetual
      attributes: full, newton on
      pair build: full/bin/atomonly
      stencil: full/bin/3d
      bin: standard
Per MPI rank memory allocation (min/avg/max) = 3.083 | 3.083 | 3.083 Mbytes
   Step          Temp          E_pair         E_mol          TotEng         Press     
WARNING: Too many warnings: 236 vs 100. All future warnings will be suppressed (src/thermo.cpp:478)
         0   0             -935.2663       0             -935.2663      -6686.1776    
Loop time of 1.05e-06 on 1 procs for 0 steps with 216 atoms

0.0% CPU use with 1 MPI tasks x 1 OpenMP threads

MPI task timing breakdown:
Section |  min time  |  avg time  |  max time  |%varavg| %total
---------------------------------------------------------------
Pair    | 0          | 0          | 0          |   0.0 |  0.00
Neigh   | 0          | 0          | 0          |   0.0 |  0.00
Comm    | 0          | 0          | 0          |   0.0 |  0.00
Output  | 0          | 0          | 0          |   0.0 |  0.00
Modify  | 0          | 0          | 0          |   0.0 |  0.00
Other   |            | 1.05e-06   |            |       |100.00

Nlocal:            216 ave         216 max         216 min
Histogram: 1 0 0 0 0 0 0 0 0 0
Nghost:            838 ave         838 max         838 min
Histogram: 1 0 0 0 0 0 0 0 0 0
Neighs:              0 ave           0 max           0 min
Histogram: 1 0 0 0 0 0 0 0 0 0
FullNghs:         7344 ave        7344 max        7344 min
Histogram: 1 0 0 0 0 0 0 0 0 0

Total # of neighbors = 7344
Ave neighs/atom = 34
Neighbor list builds = 0
Dangerous builds = 0
next i
jump SELF loop_struct
clear
  using 1 OpenMP thread(s) per MPI task
log energies.log append
units metal
boundary p p p
atom_style atomic
read_data Si333_${i}.in
read_data Si333_237.in
Reading data file ...
  orthogonal box = (0 0 0) to (16.331106 16.331106 16.331106)
  1 by 1 by 1 MPI processor grid
  reading atoms ...
  216 atoms
  reading velocities ...
  216 velocities
  read_data CPU = 0.001 seconds
mass 1 28.085
pair_style sw
pair_coeff * * Si.sw Si
Reading sw potential file Si.sw with DATE: 2007-06-11
run 0
Neighbor list info ...
  update: every = 1 steps, delay = 0 steps, check = yes
  max neighbors/atom: 2000, page size: 100000
  master list distance cutoff = 5.77118
  ghost atom cutoff = 5.77118
  binsize = 2.88559, bins = 6 6 6
  1 neighbor lists, perpetual/occasional/extra = 1 0 0
  (1) pair sw, perpetual
      attributes: full, newton on
      pair build: full/bin/atomonly
      stencil: full/bin/3d
      bin: standard
Per MPI rank memory allocation (min/avg/max) = 3.083 | 3.083 | 3.083 Mbytes
   Step          Temp          E_pair         E_mol          TotEng         Press     
WARNING: Too many warnings: 237 vs 100. All future warnings will be suppressed (src/thermo.cpp:478)
         0   0             -935.2472       0             -935.2472      -6662.9927    
Loop time of 1.08e-06 on 1 procs for 0 steps with 216 atoms

0.0% CPU use with 1 MPI tasks x 1 OpenMP threads

MPI task timing breakdown:
Section |  min time  |  avg time  |  max time  |%varavg| %total
---------------------------------------------------------------
Pair    | 0          | 0          | 0          |   0.0 |  0.00
Neigh   | 0          | 0          | 0          |   0.0 |  0.00
Comm    | 0          | 0          | 0          |   0.0 |  0.00
Output  | 0          | 0          | 0          |   0.0 |  0.00
Modify  | 0          | 0          | 0          |   0.0 |  0.00
Other   |            | 1.08e-06   |            |       |100.00

Nlocal:            216 ave         216 max         216 min
Histogram: 1 0 0 0 0 0 0 0 0 0
Nghost:            834 ave         834 max         834 min
Histogram: 1 0 0 0 0 0 0 0 0 0
Neighs:              0 ave           0 max           0 min
Histogram: 1 0 0 0 0 0 0 0 0 0
FullNghs:         7344 ave        7344 max        7344 min
Histogram: 1 0 0 0 0 0 0 0 0 0

Total # of neighbors = 7344
Ave neighs/atom = 34
Neighbor list builds = 0
Dangerous builds = 0
next i
jump SELF loop_struct
clear
  using 1 OpenMP thread(s) per MPI task
log energies.log append
units metal
boundary p p p
atom_style atomic
read_data Si333_${i}.in
read_data Si333_238.in
Reading data file ...
  orthogonal box = (0 0 0) to (16.331106 16.331106 16.331106)
  1 by 1 by 1 MPI processor grid
  reading atoms ...
  216 atoms
  reading velocities ...
  216 velocities
  read_data CPU = 0.001 seconds
mass 1 28.085
pair_style sw
pair_coeff * * Si.sw Si
Reading sw potential file Si.sw with DATE: 2007-06-11
run 0
Neighbor list info ...
  update: every = 1 steps, delay = 0 steps, check = yes
  max neighbors/atom: 2000, page size: 100000
  master list distance cutoff = 5.77118
  ghost atom cutoff = 5.77118
  binsize = 2.88559, bins = 6 6 6
  1 neighbor lists, perpetual/occasional/extra = 1 0 0
  (1) pair sw, perpetual
      attributes: full, newton on
      pair build: full/bin/atomonly
      stencil: full/bin/3d
      bin: standard
Per MPI rank memory allocation (min/avg/max) = 3.092 | 3.092 | 3.092 Mbytes
   Step          Temp          E_pair         E_mol          TotEng         Press     
WARNING: Too many warnings: 238 vs 100. All future warnings will be suppressed (src/thermo.cpp:478)
         0   0             -935.32014      0             -935.32014     -6679.2105    
Loop time of 1.06e-06 on 1 procs for 0 steps with 216 atoms

0.0% CPU use with 1 MPI tasks x 1 OpenMP threads

MPI task timing breakdown:
Section |  min time  |  avg time  |  max time  |%varavg| %total
---------------------------------------------------------------
Pair    | 0          | 0          | 0          |   0.0 |  0.00
Neigh   | 0          | 0          | 0          |   0.0 |  0.00
Comm    | 0          | 0          | 0          |   0.0 |  0.00
Output  | 0          | 0          | 0          |   0.0 |  0.00
Modify  | 0          | 0          | 0          |   0.0 |  0.00
Other   |            | 1.06e-06   |            |       |100.00

Nlocal:            216 ave         216 max         216 min
Histogram: 1 0 0 0 0 0 0 0 0 0
Nghost:            939 ave         939 max         939 min
Histogram: 1 0 0 0 0 0 0 0 0 0
Neighs:              0 ave           0 max           0 min
Histogram: 1 0 0 0 0 0 0 0 0 0
FullNghs:         7344 ave        7344 max        7344 min
Histogram: 1 0 0 0 0 0 0 0 0 0

Total # of neighbors = 7344
Ave neighs/atom = 34
Neighbor list builds = 0
Dangerous builds = 0
next i
jump SELF loop_struct
clear
  using 1 OpenMP thread(s) per MPI task
log energies.log append
units metal
boundary p p p
atom_style atomic
read_data Si333_${i}.in
read_data Si333_239.in
Reading data file ...
  orthogonal box = (0 0 0) to (16.331106 16.331106 16.331106)
  1 by 1 by 1 MPI processor grid
  reading atoms ...
  216 atoms
  reading velocities ...
  216 velocities
  read_data CPU = 0.001 seconds
mass 1 28.085
pair_style sw
pair_coeff * * Si.sw Si
Reading sw potential file Si.sw with DATE: 2007-06-11
run 0
Neighbor list info ...
  update: every = 1 steps, delay = 0 steps, check = yes
  max neighbors/atom: 2000, page size: 100000
  master list distance cutoff = 5.77118
  ghost atom cutoff = 5.77118
  binsize = 2.88559, bins = 6 6 6
  1 neighbor lists, perpetual/occasional/extra = 1 0 0
  (1) pair sw, perpetual
      attributes: full, newton on
      pair build: full/bin/atomonly
      stencil: full/bin/3d
      bin: standard
Per MPI rank memory allocation (min/avg/max) = 3.085 | 3.085 | 3.085 Mbytes
   Step          Temp          E_pair         E_mol          TotEng         Press     
WARNING: Too many warnings: 239 vs 100. All future warnings will be suppressed (src/thermo.cpp:478)
         0   0             -906.32404      0             -906.32404      12884.648    
Loop time of 1.21e-06 on 1 procs for 0 steps with 216 atoms

0.0% CPU use with 1 MPI tasks x 1 OpenMP threads

MPI task timing breakdown:
Section |  min time  |  avg time  |  max time  |%varavg| %total
---------------------------------------------------------------
Pair    | 0          | 0          | 0          |   0.0 |  0.00
Neigh   | 0          | 0          | 0          |   0.0 |  0.00
Comm    | 0          | 0          | 0          |   0.0 |  0.00
Output  | 0          | 0          | 0          |   0.0 |  0.00
Modify  | 0          | 0          | 0          |   0.0 |  0.00
Other   |            | 1.21e-06   |            |       |100.00

Nlocal:            216 ave         216 max         216 min
Histogram: 1 0 0 0 0 0 0 0 0 0
Nghost:            832 ave         832 max         832 min
Histogram: 1 0 0 0 0 0 0 0 0 0
Neighs:              0 ave           0 max           0 min
Histogram: 1 0 0 0 0 0 0 0 0 0
FullNghs:         7366 ave        7366 max        7366 min
Histogram: 1 0 0 0 0 0 0 0 0 0

Total # of neighbors = 7366
Ave neighs/atom = 34.101852
Neighbor list builds = 0
Dangerous builds = 0
next i
jump SELF loop_struct
clear
  using 1 OpenMP thread(s) per MPI task
log energies.log append
units metal
boundary p p p
atom_style atomic
read_data Si333_${i}.in
read_data Si333_240.in
Reading data file ...
  orthogonal box = (0 0 0) to (16.331106 16.331106 16.331106)
  1 by 1 by 1 MPI processor grid
  reading atoms ...
  216 atoms
  reading velocities ...
  216 velocities
  read_data CPU = 0.001 seconds
mass 1 28.085
pair_style sw
pair_coeff * * Si.sw Si
Reading sw potential file Si.sw with DATE: 2007-06-11
run 0
Neighbor list info ...
  update: every = 1 steps, delay = 0 steps, check = yes
  max neighbors/atom: 2000, page size: 100000
  master list distance cutoff = 5.77118
  ghost atom cutoff = 5.77118
  binsize = 2.88559, bins = 6 6 6
  1 neighbor lists, perpetual/occasional/extra = 1 0 0
  (1) pair sw, perpetual
      attributes: full, newton on
      pair build: full/bin/atomonly
      stencil: full/bin/3d
      bin: standard
Per MPI rank memory allocation (min/avg/max) = 3.087 | 3.087 | 3.087 Mbytes
   Step          Temp          E_pair         E_mol          TotEng         Press     
WARNING: Too many warnings: 240 vs 100. All future warnings will be suppressed (src/thermo.cpp:478)
         0   0             -935.13492      0             -935.13492     -6618.4856    
Loop time of 1.09e-06 on 1 procs for 0 steps with 216 atoms

183.5% CPU use with 1 MPI tasks x 1 OpenMP threads

MPI task timing breakdown:
Section |  min time  |  avg time  |  max time  |%varavg| %total
---------------------------------------------------------------
Pair    | 0          | 0          | 0          |   0.0 |  0.00
Neigh   | 0          | 0          | 0          |   0.0 |  0.00
Comm    | 0          | 0          | 0          |   0.0 |  0.00
Output  | 0          | 0          | 0          |   0.0 |  0.00
Modify  | 0          | 0          | 0          |   0.0 |  0.00
Other   |            | 1.09e-06   |            |       |100.00

Nlocal:            216 ave         216 max         216 min
Histogram: 1 0 0 0 0 0 0 0 0 0
Nghost:            864 ave         864 max         864 min
Histogram: 1 0 0 0 0 0 0 0 0 0
Neighs:              0 ave           0 max           0 min
Histogram: 1 0 0 0 0 0 0 0 0 0
FullNghs:         7344 ave        7344 max        7344 min
Histogram: 1 0 0 0 0 0 0 0 0 0

Total # of neighbors = 7344
Ave neighs/atom = 34
Neighbor list builds = 0
Dangerous builds = 0
next i
jump SELF loop_struct
clear
  using 1 OpenMP thread(s) per MPI task
log energies.log append
units metal
boundary p p p
atom_style atomic
read_data Si333_${i}.in
read_data Si333_241.in
Reading data file ...
  orthogonal box = (0 0 0) to (16.331106 16.331106 16.331106)
  1 by 1 by 1 MPI processor grid
  reading atoms ...
  216 atoms
  reading velocities ...
  216 velocities
  read_data CPU = 0.001 seconds
mass 1 28.085
pair_style sw
pair_coeff * * Si.sw Si
Reading sw potential file Si.sw with DATE: 2007-06-11
run 0
Neighbor list info ...
  update: every = 1 steps, delay = 0 steps, check = yes
  max neighbors/atom: 2000, page size: 100000
  master list distance cutoff = 5.77118
  ghost atom cutoff = 5.77118
  binsize = 2.88559, bins = 6 6 6
  1 neighbor lists, perpetual/occasional/extra = 1 0 0
  (1) pair sw, perpetual
      attributes: full, newton on
      pair build: full/bin/atomonly
      stencil: full/bin/3d
      bin: standard
Per MPI rank memory allocation (min/avg/max) = 3.086 | 3.086 | 3.086 Mbytes
   Step          Temp          E_pair         E_mol          TotEng         Press     
WARNING: Too many warnings: 241 vs 100. All future warnings will be suppressed (src/thermo.cpp:478)
         0   0             -935.13393      0             -935.13393     -6621.414     
Loop time of 1.06e-06 on 1 procs for 0 steps with 216 atoms

94.3% CPU use with 1 MPI tasks x 1 OpenMP threads

MPI task timing breakdown:
Section |  min time  |  avg time  |  max time  |%varavg| %total
---------------------------------------------------------------
Pair    | 0          | 0          | 0          |   0.0 |  0.00
Neigh   | 0          | 0          | 0          |   0.0 |  0.00
Comm    | 0          | 0          | 0          |   0.0 |  0.00
Output  | 0          | 0          | 0          |   0.0 |  0.00
Modify  | 0          | 0          | 0          |   0.0 |  0.00
Other   |            | 1.06e-06   |            |       |100.00

Nlocal:            216 ave         216 max         216 min
Histogram: 1 0 0 0 0 0 0 0 0 0
Nghost:            869 ave         869 max         869 min
Histogram: 1 0 0 0 0 0 0 0 0 0
Neighs:              0 ave           0 max           0 min
Histogram: 1 0 0 0 0 0 0 0 0 0
FullNghs:         7344 ave        7344 max        7344 min
Histogram: 1 0 0 0 0 0 0 0 0 0

Total # of neighbors = 7344
Ave neighs/atom = 34
Neighbor list builds = 0
Dangerous builds = 0
next i
jump SELF loop_struct
clear
  using 1 OpenMP thread(s) per MPI task
log energies.log append
units metal
boundary p p p
atom_style atomic
read_data Si333_${i}.in
read_data Si333_242.in
Reading data file ...
  orthogonal box = (0 0 0) to (16.331106 16.331106 16.331106)
  1 by 1 by 1 MPI processor grid
  reading atoms ...
  216 atoms
  reading velocities ...
  216 velocities
  read_data CPU = 0.001 seconds
mass 1 28.085
pair_style sw
pair_coeff * * Si.sw Si
Reading sw potential file Si.sw with DATE: 2007-06-11
run 0
Neighbor list info ...
  update: every = 1 steps, delay = 0 steps, check = yes
  max neighbors/atom: 2000, page size: 100000
  master list distance cutoff = 5.77118
  ghost atom cutoff = 5.77118
  binsize = 2.88559, bins = 6 6 6
  1 neighbor lists, perpetual/occasional/extra = 1 0 0
  (1) pair sw, perpetual
      attributes: full, newton on
      pair build: full/bin/atomonly
      stencil: full/bin/3d
      bin: standard
Per MPI rank memory allocation (min/avg/max) = 3.081 | 3.081 | 3.081 Mbytes
   Step          Temp          E_pair         E_mol          TotEng         Press     
WARNING: Too many warnings: 242 vs 100. All future warnings will be suppressed (src/thermo.cpp:478)
         0   0             -935.19567      0             -935.19567     -6672.5214    
Loop time of 1.05e-06 on 1 procs for 0 steps with 216 atoms

95.2% CPU use with 1 MPI tasks x 1 OpenMP threads

MPI task timing breakdown:
Section |  min time  |  avg time  |  max time  |%varavg| %total
---------------------------------------------------------------
Pair    | 0          | 0          | 0          |   0.0 |  0.00
Neigh   | 0          | 0          | 0          |   0.0 |  0.00
Comm    | 0          | 0          | 0          |   0.0 |  0.00
Output  | 0          | 0          | 0          |   0.0 |  0.00
Modify  | 0          | 0          | 0          |   0.0 |  0.00
Other   |            | 1.05e-06   |            |       |100.00

Nlocal:            216 ave         216 max         216 min
Histogram: 1 0 0 0 0 0 0 0 0 0
Nghost:            784 ave         784 max         784 min
Histogram: 1 0 0 0 0 0 0 0 0 0
Neighs:              0 ave           0 max           0 min
Histogram: 1 0 0 0 0 0 0 0 0 0
FullNghs:         7344 ave        7344 max        7344 min
Histogram: 1 0 0 0 0 0 0 0 0 0

Total # of neighbors = 7344
Ave neighs/atom = 34
Neighbor list builds = 0
Dangerous builds = 0
next i
jump SELF loop_struct
clear
  using 1 OpenMP thread(s) per MPI task
log energies.log append
units metal
boundary p p p
atom_style atomic
read_data Si333_${i}.in
read_data Si333_243.in
Reading data file ...
  orthogonal box = (0 0 0) to (16.331106 16.331106 16.331106)
  1 by 1 by 1 MPI processor grid
  reading atoms ...
  216 atoms
  reading velocities ...
  216 velocities
  read_data CPU = 0.001 seconds
mass 1 28.085
pair_style sw
pair_coeff * * Si.sw Si
Reading sw potential file Si.sw with DATE: 2007-06-11
run 0
Neighbor list info ...
  update: every = 1 steps, delay = 0 steps, check = yes
  max neighbors/atom: 2000, page size: 100000
  master list distance cutoff = 5.77118
  ghost atom cutoff = 5.77118
  binsize = 2.88559, bins = 6 6 6
  1 neighbor lists, perpetual/occasional/extra = 1 0 0
  (1) pair sw, perpetual
      attributes: full, newton on
      pair build: full/bin/atomonly
      stencil: full/bin/3d
      bin: standard
Per MPI rank memory allocation (min/avg/max) = 3.083 | 3.083 | 3.083 Mbytes
   Step          Temp          E_pair         E_mol          TotEng         Press     
WARNING: Too many warnings: 243 vs 100. All future warnings will be suppressed (src/thermo.cpp:478)
         0   0             -935.33503      0             -935.33503     -6687.5103    
Loop time of 1.06e-06 on 1 procs for 0 steps with 216 atoms

0.0% CPU use with 1 MPI tasks x 1 OpenMP threads

MPI task timing breakdown:
Section |  min time  |  avg time  |  max time  |%varavg| %total
---------------------------------------------------------------
Pair    | 0          | 0          | 0          |   0.0 |  0.00
Neigh   | 0          | 0          | 0          |   0.0 |  0.00
Comm    | 0          | 0          | 0          |   0.0 |  0.00
Output  | 0          | 0          | 0          |   0.0 |  0.00
Modify  | 0          | 0          | 0          |   0.0 |  0.00
Other   |            | 1.06e-06   |            |       |100.00

Nlocal:            216 ave         216 max         216 min
Histogram: 1 0 0 0 0 0 0 0 0 0
Nghost:            834 ave         834 max         834 min
Histogram: 1 0 0 0 0 0 0 0 0 0
Neighs:              0 ave           0 max           0 min
Histogram: 1 0 0 0 0 0 0 0 0 0
FullNghs:         7344 ave        7344 max        7344 min
Histogram: 1 0 0 0 0 0 0 0 0 0

Total # of neighbors = 7344
Ave neighs/atom = 34
Neighbor list builds = 0
Dangerous builds = 0
next i
jump SELF loop_struct
clear
  using 1 OpenMP thread(s) per MPI task
log energies.log append
units metal
boundary p p p
atom_style atomic
read_data Si333_${i}.in
read_data Si333_244.in
Reading data file ...
  orthogonal box = (0 0 0) to (16.331106 16.331106 16.331106)
  1 by 1 by 1 MPI processor grid
  reading atoms ...
  216 atoms
  reading velocities ...
  216 velocities
  read_data CPU = 0.001 seconds
mass 1 28.085
pair_style sw
pair_coeff * * Si.sw Si
Reading sw potential file Si.sw with DATE: 2007-06-11
run 0
Neighbor list info ...
  update: every = 1 steps, delay = 0 steps, check = yes
  max neighbors/atom: 2000, page size: 100000
  master list distance cutoff = 5.77118
  ghost atom cutoff = 5.77118
  binsize = 2.88559, bins = 6 6 6
  1 neighbor lists, perpetual/occasional/extra = 1 0 0
  (1) pair sw, perpetual
      attributes: full, newton on
      pair build: full/bin/atomonly
      stencil: full/bin/3d
      bin: standard
Per MPI rank memory allocation (min/avg/max) = 3.081 | 3.081 | 3.081 Mbytes
   Step          Temp          E_pair         E_mol          TotEng         Press     
WARNING: Too many warnings: 244 vs 100. All future warnings will be suppressed (src/thermo.cpp:478)
         0   0             -935.30274      0             -935.30274     -6671.3707    
Loop time of 1.24e-06 on 1 procs for 0 steps with 216 atoms

322.6% CPU use with 1 MPI tasks x 1 OpenMP threads

MPI task timing breakdown:
Section |  min time  |  avg time  |  max time  |%varavg| %total
---------------------------------------------------------------
Pair    | 0          | 0          | 0          |   0.0 |  0.00
Neigh   | 0          | 0          | 0          |   0.0 |  0.00
Comm    | 0          | 0          | 0          |   0.0 |  0.00
Output  | 0          | 0          | 0          |   0.0 |  0.00
Modify  | 0          | 0          | 0          |   0.0 |  0.00
Other   |            | 1.24e-06   |            |       |100.00

Nlocal:            216 ave         216 max         216 min
Histogram: 1 0 0 0 0 0 0 0 0 0
Nghost:            784 ave         784 max         784 min
Histogram: 1 0 0 0 0 0 0 0 0 0
Neighs:              0 ave           0 max           0 min
Histogram: 1 0 0 0 0 0 0 0 0 0
FullNghs:         7344 ave        7344 max        7344 min
Histogram: 1 0 0 0 0 0 0 0 0 0

Total # of neighbors = 7344
Ave neighs/atom = 34
Neighbor list builds = 0
Dangerous builds = 0
next i
jump SELF loop_struct
clear
  using 1 OpenMP thread(s) per MPI task
log energies.log append
units metal
boundary p p p
atom_style atomic
read_data Si333_${i}.in
read_data Si333_245.in
Reading data file ...
  orthogonal box = (0 0 0) to (16.331106 16.331106 16.331106)
  1 by 1 by 1 MPI processor grid
  reading atoms ...
  216 atoms
  reading velocities ...
  216 velocities
  read_data CPU = 0.001 seconds
mass 1 28.085
pair_style sw
pair_coeff * * Si.sw Si
Reading sw potential file Si.sw with DATE: 2007-06-11
run 0
Neighbor list info ...
  update: every = 1 steps, delay = 0 steps, check = yes
  max neighbors/atom: 2000, page size: 100000
  master list distance cutoff = 5.77118
  ghost atom cutoff = 5.77118
  binsize = 2.88559, bins = 6 6 6
  1 neighbor lists, perpetual/occasional/extra = 1 0 0
  (1) pair sw, perpetual
      attributes: full, newton on
      pair build: full/bin/atomonly
      stencil: full/bin/3d
      bin: standard
Per MPI rank memory allocation (min/avg/max) = 3.09 | 3.09 | 3.09 Mbytes
   Step          Temp          E_pair         E_mol          TotEng         Press     
WARNING: Too many warnings: 245 vs 100. All future warnings will be suppressed (src/thermo.cpp:478)
         0   0             -935.38325      0             -935.38325     -6713.3574    
Loop time of 1.06e-06 on 1 procs for 0 steps with 216 atoms

0.0% CPU use with 1 MPI tasks x 1 OpenMP threads

MPI task timing breakdown:
Section |  min time  |  avg time  |  max time  |%varavg| %total
---------------------------------------------------------------
Pair    | 0          | 0          | 0          |   0.0 |  0.00
Neigh   | 0          | 0          | 0          |   0.0 |  0.00
Comm    | 0          | 0          | 0          |   0.0 |  0.00
Output  | 0          | 0          | 0          |   0.0 |  0.00
Modify  | 0          | 0          | 0          |   0.0 |  0.00
Other   |            | 1.06e-06   |            |       |100.00

Nlocal:            216 ave         216 max         216 min
Histogram: 1 0 0 0 0 0 0 0 0 0
Nghost:            868 ave         868 max         868 min
Histogram: 1 0 0 0 0 0 0 0 0 0
Neighs:              0 ave           0 max           0 min
Histogram: 1 0 0 0 0 0 0 0 0 0
FullNghs:         7344 ave        7344 max        7344 min
Histogram: 1 0 0 0 0 0 0 0 0 0

Total # of neighbors = 7344
Ave neighs/atom = 34
Neighbor list builds = 0
Dangerous builds = 0
next i
jump SELF loop_struct
clear
  using 1 OpenMP thread(s) per MPI task
log energies.log append
units metal
boundary p p p
atom_style atomic
read_data Si333_${i}.in
read_data Si333_246.in
Reading data file ...
  orthogonal box = (0 0 0) to (16.331106 16.331106 16.331106)
  1 by 1 by 1 MPI processor grid
  reading atoms ...
  216 atoms
  reading velocities ...
  216 velocities
  read_data CPU = 0.001 seconds
mass 1 28.085
pair_style sw
pair_coeff * * Si.sw Si
Reading sw potential file Si.sw with DATE: 2007-06-11
run 0
Neighbor list info ...
  update: every = 1 steps, delay = 0 steps, check = yes
  max neighbors/atom: 2000, page size: 100000
  master list distance cutoff = 5.77118
  ghost atom cutoff = 5.77118
  binsize = 2.88559, bins = 6 6 6
  1 neighbor lists, perpetual/occasional/extra = 1 0 0
  (1) pair sw, perpetual
      attributes: full, newton on
      pair build: full/bin/atomonly
      stencil: full/bin/3d
      bin: standard
Per MPI rank memory allocation (min/avg/max) = 3.081 | 3.081 | 3.081 Mbytes
   Step          Temp          E_pair         E_mol          TotEng         Press     
WARNING: Too many warnings: 246 vs 100. All future warnings will be suppressed (src/thermo.cpp:478)
         0   0             -907.75988      0             -907.75988      11898.155    
Loop time of 1.04e-06 on 1 procs for 0 steps with 216 atoms

0.0% CPU use with 1 MPI tasks x 1 OpenMP threads

MPI task timing breakdown:
Section |  min time  |  avg time  |  max time  |%varavg| %total
---------------------------------------------------------------
Pair    | 0          | 0          | 0          |   0.0 |  0.00
Neigh   | 0          | 0          | 0          |   0.0 |  0.00
Comm    | 0          | 0          | 0          |   0.0 |  0.00
Output  | 0          | 0          | 0          |   0.0 |  0.00
Modify  | 0          | 0          | 0          |   0.0 |  0.00
Other   |            | 1.04e-06   |            |       |100.00

Nlocal:            216 ave         216 max         216 min
Histogram: 1 0 0 0 0 0 0 0 0 0
Nghost:            790 ave         790 max         790 min
Histogram: 1 0 0 0 0 0 0 0 0 0
Neighs:              0 ave           0 max           0 min
Histogram: 1 0 0 0 0 0 0 0 0 0
FullNghs:         7378 ave        7378 max        7378 min
Histogram: 1 0 0 0 0 0 0 0 0 0

Total # of neighbors = 7378
Ave neighs/atom = 34.157407
Neighbor list builds = 0
Dangerous builds = 0
next i
jump SELF loop_struct
clear
  using 1 OpenMP thread(s) per MPI task
log energies.log append
units metal
boundary p p p
atom_style atomic
read_data Si333_${i}.in
read_data Si333_247.in
Reading data file ...
  orthogonal box = (0 0 0) to (16.331106 16.331106 16.331106)
  1 by 1 by 1 MPI processor grid
  reading atoms ...
  216 atoms
  reading velocities ...
  216 velocities
  read_data CPU = 0.001 seconds
mass 1 28.085
pair_style sw
pair_coeff * * Si.sw Si
Reading sw potential file Si.sw with DATE: 2007-06-11
run 0
Neighbor list info ...
  update: every = 1 steps, delay = 0 steps, check = yes
  max neighbors/atom: 2000, page size: 100000
  master list distance cutoff = 5.77118
  ghost atom cutoff = 5.77118
  binsize = 2.88559, bins = 6 6 6
  1 neighbor lists, perpetual/occasional/extra = 1 0 0
  (1) pair sw, perpetual
      attributes: full, newton on
      pair build: full/bin/atomonly
      stencil: full/bin/3d
      bin: standard
Per MPI rank memory allocation (min/avg/max) = 3.087 | 3.087 | 3.087 Mbytes
   Step          Temp          E_pair         E_mol          TotEng         Press     
WARNING: Too many warnings: 247 vs 100. All future warnings will be suppressed (src/thermo.cpp:478)
         0   0             -935.35061      0             -935.35061     -6698.2776    
Loop time of 1.04e-06 on 1 procs for 0 steps with 216 atoms

0.0% CPU use with 1 MPI tasks x 1 OpenMP threads

MPI task timing breakdown:
Section |  min time  |  avg time  |  max time  |%varavg| %total
---------------------------------------------------------------
Pair    | 0          | 0          | 0          |   0.0 |  0.00
Neigh   | 0          | 0          | 0          |   0.0 |  0.00
Comm    | 0          | 0          | 0          |   0.0 |  0.00
Output  | 0          | 0          | 0          |   0.0 |  0.00
Modify  | 0          | 0          | 0          |   0.0 |  0.00
Other   |            | 1.04e-06   |            |       |100.00

Nlocal:            216 ave         216 max         216 min
Histogram: 1 0 0 0 0 0 0 0 0 0
Nghost:            889 ave         889 max         889 min
Histogram: 1 0 0 0 0 0 0 0 0 0
Neighs:              0 ave           0 max           0 min
Histogram: 1 0 0 0 0 0 0 0 0 0
FullNghs:         7344 ave        7344 max        7344 min
Histogram: 1 0 0 0 0 0 0 0 0 0

Total # of neighbors = 7344
Ave neighs/atom = 34
Neighbor list builds = 0
Dangerous builds = 0
next i
jump SELF loop_struct
clear
  using 1 OpenMP thread(s) per MPI task
log energies.log append
units metal
boundary p p p
atom_style atomic
read_data Si333_${i}.in
read_data Si333_248.in
Reading data file ...
  orthogonal box = (0 0 0) to (16.331106 16.331106 16.331106)
  1 by 1 by 1 MPI processor grid
  reading atoms ...
  216 atoms
  reading velocities ...
  216 velocities
  read_data CPU = 0.001 seconds
mass 1 28.085
pair_style sw
pair_coeff * * Si.sw Si
Reading sw potential file Si.sw with DATE: 2007-06-11
run 0
Neighbor list info ...
  update: every = 1 steps, delay = 0 steps, check = yes
  max neighbors/atom: 2000, page size: 100000
  master list distance cutoff = 5.77118
  ghost atom cutoff = 5.77118
  binsize = 2.88559, bins = 6 6 6
  1 neighbor lists, perpetual/occasional/extra = 1 0 0
  (1) pair sw, perpetual
      attributes: full, newton on
      pair build: full/bin/atomonly
      stencil: full/bin/3d
      bin: standard
Per MPI rank memory allocation (min/avg/max) = 3.092 | 3.092 | 3.092 Mbytes
   Step          Temp          E_pair         E_mol          TotEng         Press     
WARNING: Too many warnings: 248 vs 100. All future warnings will be suppressed (src/thermo.cpp:478)
         0   0             -908.24532      0             -908.24532      10060.924    
Loop time of 1.05e-06 on 1 procs for 0 steps with 216 atoms

0.0% CPU use with 1 MPI tasks x 1 OpenMP threads

MPI task timing breakdown:
Section |  min time  |  avg time  |  max time  |%varavg| %total
---------------------------------------------------------------
Pair    | 0          | 0          | 0          |   0.0 |  0.00
Neigh   | 0          | 0          | 0          |   0.0 |  0.00
Comm    | 0          | 0          | 0          |   0.0 |  0.00
Output  | 0          | 0          | 0          |   0.0 |  0.00
Modify  | 0          | 0          | 0          |   0.0 |  0.00
Other   |            | 1.05e-06   |            |       |100.00

Nlocal:            216 ave         216 max         216 min
Histogram: 1 0 0 0 0 0 0 0 0 0
Nghost:            943 ave         943 max         943 min
Histogram: 1 0 0 0 0 0 0 0 0 0
Neighs:              0 ave           0 max           0 min
Histogram: 1 0 0 0 0 0 0 0 0 0
FullNghs:         7356 ave        7356 max        7356 min
Histogram: 1 0 0 0 0 0 0 0 0 0

Total # of neighbors = 7356
Ave neighs/atom = 34.055556
Neighbor list builds = 0
Dangerous builds = 0
next i
jump SELF loop_struct
clear
  using 1 OpenMP thread(s) per MPI task
log energies.log append
units metal
boundary p p p
atom_style atomic
read_data Si333_${i}.in
read_data Si333_249.in
Reading data file ...
  orthogonal box = (0 0 0) to (16.331106 16.331106 16.331106)
  1 by 1 by 1 MPI processor grid
  reading atoms ...
  216 atoms
  reading velocities ...
  216 velocities
  read_data CPU = 0.001 seconds
mass 1 28.085
pair_style sw
pair_coeff * * Si.sw Si
Reading sw potential file Si.sw with DATE: 2007-06-11
run 0
Neighbor list info ...
  update: every = 1 steps, delay = 0 steps, check = yes
  max neighbors/atom: 2000, page size: 100000
  master list distance cutoff = 5.77118
  ghost atom cutoff = 5.77118
  binsize = 2.88559, bins = 6 6 6
  1 neighbor lists, perpetual/occasional/extra = 1 0 0
  (1) pair sw, perpetual
      attributes: full, newton on
      pair build: full/bin/atomonly
      stencil: full/bin/3d
      bin: standard
Per MPI rank memory allocation (min/avg/max) = 3.089 | 3.089 | 3.089 Mbytes
   Step          Temp          E_pair         E_mol          TotEng         Press     
WARNING: Too many warnings: 249 vs 100. All future warnings will be suppressed (src/thermo.cpp:478)
         0   0             -935.21441      0             -935.21441     -6668.3153    
Loop time of 1.11e-06 on 1 procs for 0 steps with 216 atoms

180.2% CPU use with 1 MPI tasks x 1 OpenMP threads

MPI task timing breakdown:
Section |  min time  |  avg time  |  max time  |%varavg| %total
---------------------------------------------------------------
Pair    | 0          | 0          | 0          |   0.0 |  0.00
Neigh   | 0          | 0          | 0          |   0.0 |  0.00
Comm    | 0          | 0          | 0          |   0.0 |  0.00
Output  | 0          | 0          | 0          |   0.0 |  0.00
Modify  | 0          | 0          | 0          |   0.0 |  0.00
Other   |            | 1.11e-06   |            |       |100.00

Nlocal:            216 ave         216 max         216 min
Histogram: 1 0 0 0 0 0 0 0 0 0
Nghost:            949 ave         949 max         949 min
Histogram: 1 0 0 0 0 0 0 0 0 0
Neighs:              0 ave           0 max           0 min
Histogram: 1 0 0 0 0 0 0 0 0 0
FullNghs:         7344 ave        7344 max        7344 min
Histogram: 1 0 0 0 0 0 0 0 0 0

Total # of neighbors = 7344
Ave neighs/atom = 34
Neighbor list builds = 0
Dangerous builds = 0
next i
jump SELF loop_struct
clear
  using 1 OpenMP thread(s) per MPI task
log energies.log append
units metal
boundary p p p
atom_style atomic
read_data Si333_${i}.in
read_data Si333_250.in
Reading data file ...
  orthogonal box = (0 0 0) to (16.331106 16.331106 16.331106)
  1 by 1 by 1 MPI processor grid
  reading atoms ...
  216 atoms
  reading velocities ...
  216 velocities
  read_data CPU = 0.001 seconds
mass 1 28.085
pair_style sw
pair_coeff * * Si.sw Si
Reading sw potential file Si.sw with DATE: 2007-06-11
run 0
Neighbor list info ...
  update: every = 1 steps, delay = 0 steps, check = yes
  max neighbors/atom: 2000, page size: 100000
  master list distance cutoff = 5.77118
  ghost atom cutoff = 5.77118
  binsize = 2.88559, bins = 6 6 6
  1 neighbor lists, perpetual/occasional/extra = 1 0 0
  (1) pair sw, perpetual
      attributes: full, newton on
      pair build: full/bin/atomonly
      stencil: full/bin/3d
      bin: standard
Per MPI rank memory allocation (min/avg/max) = 3.086 | 3.086 | 3.086 Mbytes
   Step          Temp          E_pair         E_mol          TotEng         Press     
WARNING: Too many warnings: 250 vs 100. All future warnings will be suppressed (src/thermo.cpp:478)
         0   0             -908.04255      0             -908.04255      12000.227    
Loop time of 1.03e-06 on 1 procs for 0 steps with 216 atoms

97.1% CPU use with 1 MPI tasks x 1 OpenMP threads

MPI task timing breakdown:
Section |  min time  |  avg time  |  max time  |%varavg| %total
---------------------------------------------------------------
Pair    | 0          | 0          | 0          |   0.0 |  0.00
Neigh   | 0          | 0          | 0          |   0.0 |  0.00
Comm    | 0          | 0          | 0          |   0.0 |  0.00
Output  | 0          | 0          | 0          |   0.0 |  0.00
Modify  | 0          | 0          | 0          |   0.0 |  0.00
Other   |            | 1.03e-06   |            |       |100.00

Nlocal:            216 ave         216 max         216 min
Histogram: 1 0 0 0 0 0 0 0 0 0
Nghost:            893 ave         893 max         893 min
Histogram: 1 0 0 0 0 0 0 0 0 0
Neighs:              0 ave           0 max           0 min
Histogram: 1 0 0 0 0 0 0 0 0 0
FullNghs:         7380 ave        7380 max        7380 min
Histogram: 1 0 0 0 0 0 0 0 0 0

Total # of neighbors = 7380
Ave neighs/atom = 34.166667
Neighbor list builds = 0
Dangerous builds = 0
next i
jump SELF loop_struct
clear
  using 1 OpenMP thread(s) per MPI task
log energies.log append
units metal
boundary p p p
atom_style atomic
read_data Si333_${i}.in
read_data Si333_251.in
Reading data file ...
  orthogonal box = (0 0 0) to (16.331106 16.331106 16.331106)
  1 by 1 by 1 MPI processor grid
  reading atoms ...
  216 atoms
  reading velocities ...
  216 velocities
  read_data CPU = 0.001 seconds
mass 1 28.085
pair_style sw
pair_coeff * * Si.sw Si
Reading sw potential file Si.sw with DATE: 2007-06-11
run 0
Neighbor list info ...
  update: every = 1 steps, delay = 0 steps, check = yes
  max neighbors/atom: 2000, page size: 100000
  master list distance cutoff = 5.77118
  ghost atom cutoff = 5.77118
  binsize = 2.88559, bins = 6 6 6
  1 neighbor lists, perpetual/occasional/extra = 1 0 0
  (1) pair sw, perpetual
      attributes: full, newton on
      pair build: full/bin/atomonly
      stencil: full/bin/3d
      bin: standard
Per MPI rank memory allocation (min/avg/max) = 3.088 | 3.088 | 3.088 Mbytes
   Step          Temp          E_pair         E_mol          TotEng         Press     
WARNING: Too many warnings: 251 vs 100. All future warnings will be suppressed (src/thermo.cpp:478)
         0   0             -935.34391      0             -935.34391     -6698.4515    
Loop time of 1.25e-06 on 1 procs for 0 steps with 216 atoms

80.0% CPU use with 1 MPI tasks x 1 OpenMP threads

MPI task timing breakdown:
Section |  min time  |  avg time  |  max time  |%varavg| %total
---------------------------------------------------------------
Pair    | 0          | 0          | 0          |   0.0 |  0.00
Neigh   | 0          | 0          | 0          |   0.0 |  0.00
Comm    | 0          | 0          | 0          |   0.0 |  0.00
Output  | 0          | 0          | 0          |   0.0 |  0.00
Modify  | 0          | 0          | 0          |   0.0 |  0.00
Other   |            | 1.25e-06   |            |       |100.00

Nlocal:            216 ave         216 max         216 min
Histogram: 1 0 0 0 0 0 0 0 0 0
Nghost:            834 ave         834 max         834 min
Histogram: 1 0 0 0 0 0 0 0 0 0
Neighs:              0 ave           0 max           0 min
Histogram: 1 0 0 0 0 0 0 0 0 0
FullNghs:         7344 ave        7344 max        7344 min
Histogram: 1 0 0 0 0 0 0 0 0 0

Total # of neighbors = 7344
Ave neighs/atom = 34
Neighbor list builds = 0
Dangerous builds = 0
next i
jump SELF loop_struct
clear
  using 1 OpenMP thread(s) per MPI task
log energies.log append
units metal
boundary p p p
atom_style atomic
read_data Si333_${i}.in
read_data Si333_252.in
Reading data file ...
  orthogonal box = (0 0 0) to (16.331106 16.331106 16.331106)
  1 by 1 by 1 MPI processor grid
  reading atoms ...
  216 atoms
  reading velocities ...
  216 velocities
  read_data CPU = 0.001 seconds
mass 1 28.085
pair_style sw
pair_coeff * * Si.sw Si
Reading sw potential file Si.sw with DATE: 2007-06-11
run 0
Neighbor list info ...
  update: every = 1 steps, delay = 0 steps, check = yes
  max neighbors/atom: 2000, page size: 100000
  master list distance cutoff = 5.77118
  ghost atom cutoff = 5.77118
  binsize = 2.88559, bins = 6 6 6
  1 neighbor lists, perpetual/occasional/extra = 1 0 0
  (1) pair sw, perpetual
      attributes: full, newton on
      pair build: full/bin/atomonly
      stencil: full/bin/3d
      bin: standard
Per MPI rank memory allocation (min/avg/max) = 3.084 | 3.084 | 3.084 Mbytes
   Step          Temp          E_pair         E_mol          TotEng         Press     
WARNING: Too many warnings: 252 vs 100. All future warnings will be suppressed (src/thermo.cpp:478)
         0   0             -935.30409      0             -935.30409     -6688.992     
Loop time of 1.06e-06 on 1 procs for 0 steps with 216 atoms

94.3% CPU use with 1 MPI tasks x 1 OpenMP threads

MPI task timing breakdown:
Section |  min time  |  avg time  |  max time  |%varavg| %total
---------------------------------------------------------------
Pair    | 0          | 0          | 0          |   0.0 |  0.00
Neigh   | 0          | 0          | 0          |   0.0 |  0.00
Comm    | 0          | 0          | 0          |   0.0 |  0.00
Output  | 0          | 0          | 0          |   0.0 |  0.00
Modify  | 0          | 0          | 0          |   0.0 |  0.00
Other   |            | 1.06e-06   |            |       |100.00

Nlocal:            216 ave         216 max         216 min
Histogram: 1 0 0 0 0 0 0 0 0 0
Nghost:            821 ave         821 max         821 min
Histogram: 1 0 0 0 0 0 0 0 0 0
Neighs:              0 ave           0 max           0 min
Histogram: 1 0 0 0 0 0 0 0 0 0
FullNghs:         7344 ave        7344 max        7344 min
Histogram: 1 0 0 0 0 0 0 0 0 0

Total # of neighbors = 7344
Ave neighs/atom = 34
Neighbor list builds = 0
Dangerous builds = 0
next i
jump SELF loop_struct
clear
  using 1 OpenMP thread(s) per MPI task
log energies.log append
units metal
boundary p p p
atom_style atomic
read_data Si333_${i}.in
read_data Si333_253.in
Reading data file ...
  orthogonal box = (0 0 0) to (16.331106 16.331106 16.331106)
  1 by 1 by 1 MPI processor grid
  reading atoms ...
  216 atoms
  reading velocities ...
  216 velocities
  read_data CPU = 0.001 seconds
mass 1 28.085
pair_style sw
pair_coeff * * Si.sw Si
Reading sw potential file Si.sw with DATE: 2007-06-11
run 0
Neighbor list info ...
  update: every = 1 steps, delay = 0 steps, check = yes
  max neighbors/atom: 2000, page size: 100000
  master list distance cutoff = 5.77118
  ghost atom cutoff = 5.77118
  binsize = 2.88559, bins = 6 6 6
  1 neighbor lists, perpetual/occasional/extra = 1 0 0
  (1) pair sw, perpetual
      attributes: full, newton on
      pair build: full/bin/atomonly
      stencil: full/bin/3d
      bin: standard
Per MPI rank memory allocation (min/avg/max) = 3.083 | 3.083 | 3.083 Mbytes
   Step          Temp          E_pair         E_mol          TotEng         Press     
WARNING: Too many warnings: 253 vs 100. All future warnings will be suppressed (src/thermo.cpp:478)
         0   0             -935.25667      0             -935.25667     -6661.5061    
Loop time of 1.05e-06 on 1 procs for 0 steps with 216 atoms

95.2% CPU use with 1 MPI tasks x 1 OpenMP threads

MPI task timing breakdown:
Section |  min time  |  avg time  |  max time  |%varavg| %total
---------------------------------------------------------------
Pair    | 0          | 0          | 0          |   0.0 |  0.00
Neigh   | 0          | 0          | 0          |   0.0 |  0.00
Comm    | 0          | 0          | 0          |   0.0 |  0.00
Output  | 0          | 0          | 0          |   0.0 |  0.00
Modify  | 0          | 0          | 0          |   0.0 |  0.00
Other   |            | 1.05e-06   |            |       |100.00

Nlocal:            216 ave         216 max         216 min
Histogram: 1 0 0 0 0 0 0 0 0 0
Nghost:            834 ave         834 max         834 min
Histogram: 1 0 0 0 0 0 0 0 0 0
Neighs:              0 ave           0 max           0 min
Histogram: 1 0 0 0 0 0 0 0 0 0
FullNghs:         7344 ave        7344 max        7344 min
Histogram: 1 0 0 0 0 0 0 0 0 0

Total # of neighbors = 7344
Ave neighs/atom = 34
Neighbor list builds = 0
Dangerous builds = 0
next i
jump SELF loop_struct
clear
  using 1 OpenMP thread(s) per MPI task
log energies.log append
units metal
boundary p p p
atom_style atomic
read_data Si333_${i}.in
read_data Si333_254.in
Reading data file ...
  orthogonal box = (0 0 0) to (16.331106 16.331106 16.331106)
  1 by 1 by 1 MPI processor grid
  reading atoms ...
  216 atoms
  reading velocities ...
  216 velocities
  read_data CPU = 0.001 seconds
mass 1 28.085
pair_style sw
pair_coeff * * Si.sw Si
Reading sw potential file Si.sw with DATE: 2007-06-11
run 0
Neighbor list info ...
  update: every = 1 steps, delay = 0 steps, check = yes
  max neighbors/atom: 2000, page size: 100000
  master list distance cutoff = 5.77118
  ghost atom cutoff = 5.77118
  binsize = 2.88559, bins = 6 6 6
  1 neighbor lists, perpetual/occasional/extra = 1 0 0
  (1) pair sw, perpetual
      attributes: full, newton on
      pair build: full/bin/atomonly
      stencil: full/bin/3d
      bin: standard
Per MPI rank memory allocation (min/avg/max) = 3.088 | 3.088 | 3.088 Mbytes
   Step          Temp          E_pair         E_mol          TotEng         Press     
WARNING: Too many warnings: 254 vs 100. All future warnings will be suppressed (src/thermo.cpp:478)
         0   0             -935.26766      0             -935.26766     -6667.7005    
Loop time of 1.07e-06 on 1 procs for 0 steps with 216 atoms

0.0% CPU use with 1 MPI tasks x 1 OpenMP threads

MPI task timing breakdown:
Section |  min time  |  avg time  |  max time  |%varavg| %total
---------------------------------------------------------------
Pair    | 0          | 0          | 0          |   0.0 |  0.00
Neigh   | 0          | 0          | 0          |   0.0 |  0.00
Comm    | 0          | 0          | 0          |   0.0 |  0.00
Output  | 0          | 0          | 0          |   0.0 |  0.00
Modify  | 0          | 0          | 0          |   0.0 |  0.00
Other   |            | 1.07e-06   |            |       |100.00

Nlocal:            216 ave         216 max         216 min
Histogram: 1 0 0 0 0 0 0 0 0 0
Nghost:            835 ave         835 max         835 min
Histogram: 1 0 0 0 0 0 0 0 0 0
Neighs:              0 ave           0 max           0 min
Histogram: 1 0 0 0 0 0 0 0 0 0
FullNghs:         7344 ave        7344 max        7344 min
Histogram: 1 0 0 0 0 0 0 0 0 0

Total # of neighbors = 7344
Ave neighs/atom = 34
Neighbor list builds = 0
Dangerous builds = 0
next i
jump SELF loop_struct
clear
  using 1 OpenMP thread(s) per MPI task
log energies.log append
units metal
boundary p p p
atom_style atomic
read_data Si333_${i}.in
read_data Si333_255.in
Reading data file ...
  orthogonal box = (0 0 0) to (16.331106 16.331106 16.331106)
  1 by 1 by 1 MPI processor grid
  reading atoms ...
  216 atoms
  reading velocities ...
  216 velocities
  read_data CPU = 0.001 seconds
mass 1 28.085
pair_style sw
pair_coeff * * Si.sw Si
Reading sw potential file Si.sw with DATE: 2007-06-11
run 0
Neighbor list info ...
  update: every = 1 steps, delay = 0 steps, check = yes
  max neighbors/atom: 2000, page size: 100000
  master list distance cutoff = 5.77118
  ghost atom cutoff = 5.77118
  binsize = 2.88559, bins = 6 6 6
  1 neighbor lists, perpetual/occasional/extra = 1 0 0
  (1) pair sw, perpetual
      attributes: full, newton on
      pair build: full/bin/atomonly
      stencil: full/bin/3d
      bin: standard
Per MPI rank memory allocation (min/avg/max) = 3.082 | 3.082 | 3.082 Mbytes
   Step          Temp          E_pair         E_mol          TotEng         Press     
WARNING: Too many warnings: 255 vs 100. All future warnings will be suppressed (src/thermo.cpp:478)
         0   0             -935.40184      0             -935.40184     -6739.3768    
Loop time of 1.03e-06 on 1 procs for 0 steps with 216 atoms

97.1% CPU use with 1 MPI tasks x 1 OpenMP threads

MPI task timing breakdown:
Section |  min time  |  avg time  |  max time  |%varavg| %total
---------------------------------------------------------------
Pair    | 0          | 0          | 0          |   0.0 |  0.00
Neigh   | 0          | 0          | 0          |   0.0 |  0.00
Comm    | 0          | 0          | 0          |   0.0 |  0.00
Output  | 0          | 0          | 0          |   0.0 |  0.00
Modify  | 0          | 0          | 0          |   0.0 |  0.00
Other   |            | 1.03e-06   |            |       |100.00

Nlocal:            216 ave         216 max         216 min
Histogram: 1 0 0 0 0 0 0 0 0 0
Nghost:            831 ave         831 max         831 min
Histogram: 1 0 0 0 0 0 0 0 0 0
Neighs:              0 ave           0 max           0 min
Histogram: 1 0 0 0 0 0 0 0 0 0
FullNghs:         7344 ave        7344 max        7344 min
Histogram: 1 0 0 0 0 0 0 0 0 0

Total # of neighbors = 7344
Ave neighs/atom = 34
Neighbor list builds = 0
Dangerous builds = 0
next i
jump SELF loop_struct
clear
  using 1 OpenMP thread(s) per MPI task
log energies.log append
units metal
boundary p p p
atom_style atomic
read_data Si333_${i}.in
read_data Si333_256.in
Reading data file ...
  orthogonal box = (0 0 0) to (16.331106 16.331106 16.331106)
  1 by 1 by 1 MPI processor grid
  reading atoms ...
  216 atoms
  reading velocities ...
  216 velocities
  read_data CPU = 0.001 seconds
mass 1 28.085
pair_style sw
pair_coeff * * Si.sw Si
Reading sw potential file Si.sw with DATE: 2007-06-11
run 0
Neighbor list info ...
  update: every = 1 steps, delay = 0 steps, check = yes
  max neighbors/atom: 2000, page size: 100000
  master list distance cutoff = 5.77118
  ghost atom cutoff = 5.77118
  binsize = 2.88559, bins = 6 6 6
  1 neighbor lists, perpetual/occasional/extra = 1 0 0
  (1) pair sw, perpetual
      attributes: full, newton on
      pair build: full/bin/atomonly
      stencil: full/bin/3d
      bin: standard
Per MPI rank memory allocation (min/avg/max) = 3.083 | 3.083 | 3.083 Mbytes
   Step          Temp          E_pair         E_mol          TotEng         Press     
WARNING: Too many warnings: 256 vs 100. All future warnings will be suppressed (src/thermo.cpp:478)
         0   0             -935.29885      0             -935.29885     -6676.9753    
Loop time of 1.33e-06 on 1 procs for 0 steps with 216 atoms

75.2% CPU use with 1 MPI tasks x 1 OpenMP threads

MPI task timing breakdown:
Section |  min time  |  avg time  |  max time  |%varavg| %total
---------------------------------------------------------------
Pair    | 0          | 0          | 0          |   0.0 |  0.00
Neigh   | 0          | 0          | 0          |   0.0 |  0.00
Comm    | 0          | 0          | 0          |   0.0 |  0.00
Output  | 0          | 0          | 0          |   0.0 |  0.00
Modify  | 0          | 0          | 0          |   0.0 |  0.00
Other   |            | 1.33e-06   |            |       |100.00

Nlocal:            216 ave         216 max         216 min
Histogram: 1 0 0 0 0 0 0 0 0 0
Nghost:            834 ave         834 max         834 min
Histogram: 1 0 0 0 0 0 0 0 0 0
Neighs:              0 ave           0 max           0 min
Histogram: 1 0 0 0 0 0 0 0 0 0
FullNghs:         7344 ave        7344 max        7344 min
Histogram: 1 0 0 0 0 0 0 0 0 0

Total # of neighbors = 7344
Ave neighs/atom = 34
Neighbor list builds = 0
Dangerous builds = 0
next i
jump SELF loop_struct
Total wall time: 0:00:00
