units metal
boundary p p p
atom_style atomic
read_data Si111_${i}.in
read_data Si111_1.in
Reading data file ...
  orthogonal box = (0 0 0) to (5.4437022 5.4437022 5.4437022)
  1 by 1 by 1 MPI processor grid
  reading atoms ...
  8 atoms
  reading velocities ...
  8 velocities
  read_data CPU = 0.003 seconds
mass 1 28.085
pair_style sw
pair_coeff * * Si.sw Si
Reading sw potential file Si.sw with DATE: 2007-06-11
run 0

CITE-CITE-CITE-CITE-CITE-CITE-CITE-CITE-CITE-CITE-CITE-CITE-CITE

Your simulation uses code contributions which should be cited:

- Type Label Framework: https://doi.org/10.1021/acs.jpcb.3c08419

@Article{Gissinger24,
 author = {Jacob R. Gissinger, Ilia Nikiforov, Yaser Afshar, Brendon Waters, Moon-ki Choi, Daniel S. Karls, Alexander Stukowski, Wonpil Im, Hendrik Heinz, Axel Kohlmeyer, and Ellad B. Tadmor},
 title = {Type Label Framework for Bonded Force Fields in LAMMPS},
 journal = {J. Phys. Chem. B},
 year =    2024,
 volume =  128,
 number =  13,
 pages =   {3282–-3297}
}

CITE-CITE-CITE-CITE-CITE-CITE-CITE-CITE-CITE-CITE-CITE-CITE-CITE

WARNING: No fixes with time integration, atoms won't move (src/verlet.cpp:60)
Neighbor list info ...
  update: every = 1 steps, delay = 0 steps, check = yes
  max neighbors/atom: 2000, page size: 100000
  master list distance cutoff = 5.77118
  ghost atom cutoff = 5.77118
  binsize = 2.88559, bins = 2 2 2
  1 neighbor lists, perpetual/occasional/extra = 1 0 0
  (1) pair sw, perpetual
      attributes: full, newton on
      pair build: full/bin/atomonly
      stencil: full/bin/3d
      bin: standard
Per MPI rank memory allocation (min/avg/max) = 2.958 | 2.958 | 2.958 Mbytes
   Step          Temp          E_pair         E_mol          TotEng         Press     
         0   0              226.65663      0              226.65663      3720713      
Loop time of 1.35e-06 on 1 procs for 0 steps with 8 atoms

74.1% CPU use with 1 MPI tasks x 1 OpenMP threads

MPI task timing breakdown:
Section |  min time  |  avg time  |  max time  |%varavg| %total
---------------------------------------------------------------
Pair    | 0          | 0          | 0          |   0.0 |  0.00
Neigh   | 0          | 0          | 0          |   0.0 |  0.00
Comm    | 0          | 0          | 0          |   0.0 |  0.00
Output  | 0          | 0          | 0          |   0.0 |  0.00
Modify  | 0          | 0          | 0          |   0.0 |  0.00
Other   |            | 1.35e-06   |            |       |100.00

Nlocal:              8 ave           8 max           8 min
Histogram: 1 0 0 0 0 0 0 0 0 0
Nghost:            217 ave         217 max         217 min
Histogram: 1 0 0 0 0 0 0 0 0 0
Neighs:              0 ave           0 max           0 min
Histogram: 1 0 0 0 0 0 0 0 0 0
FullNghs:          306 ave         306 max         306 min
Histogram: 1 0 0 0 0 0 0 0 0 0

Total # of neighbors = 306
Ave neighs/atom = 38.25
Neighbor list builds = 0
Dangerous builds = 0
next i
jump SELF loop_struct
clear
  using 1 OpenMP thread(s) per MPI task
log energies.log append
units metal
boundary p p p
atom_style atomic
read_data Si111_${i}.in
read_data Si111_2.in
Reading data file ...
  orthogonal box = (0 0 0) to (5.4437022 5.4437022 5.4437022)
  1 by 1 by 1 MPI processor grid
  reading atoms ...
  8 atoms
  reading velocities ...
  8 velocities
  read_data CPU = 0.001 seconds
mass 1 28.085
pair_style sw
pair_coeff * * Si.sw Si
Reading sw potential file Si.sw with DATE: 2007-06-11
run 0
WARNING: No fixes with time integration, atoms won't move (src/verlet.cpp:60)
Neighbor list info ...
  update: every = 1 steps, delay = 0 steps, check = yes
  max neighbors/atom: 2000, page size: 100000
  master list distance cutoff = 5.77118
  ghost atom cutoff = 5.77118
  binsize = 2.88559, bins = 2 2 2
  1 neighbor lists, perpetual/occasional/extra = 1 0 0
  (1) pair sw, perpetual
      attributes: full, newton on
      pair build: full/bin/atomonly
      stencil: full/bin/3d
      bin: standard
Per MPI rank memory allocation (min/avg/max) = 2.958 | 2.958 | 2.958 Mbytes
   Step          Temp          E_pair         E_mol          TotEng         Press     
         0   0              101.20155      0              101.20155      1991133.3    
Loop time of 1.07e-06 on 1 procs for 0 steps with 8 atoms

93.5% CPU use with 1 MPI tasks x 1 OpenMP threads

MPI task timing breakdown:
Section |  min time  |  avg time  |  max time  |%varavg| %total
---------------------------------------------------------------
Pair    | 0          | 0          | 0          |   0.0 |  0.00
Neigh   | 0          | 0          | 0          |   0.0 |  0.00
Comm    | 0          | 0          | 0          |   0.0 |  0.00
Output  | 0          | 0          | 0          |   0.0 |  0.00
Modify  | 0          | 0          | 0          |   0.0 |  0.00
Other   |            | 1.07e-06   |            |       |100.00

Nlocal:              8 ave           8 max           8 min
Histogram: 1 0 0 0 0 0 0 0 0 0
Nghost:            217 ave         217 max         217 min
Histogram: 1 0 0 0 0 0 0 0 0 0
Neighs:              0 ave           0 max           0 min
Histogram: 1 0 0 0 0 0 0 0 0 0
FullNghs:          304 ave         304 max         304 min
Histogram: 1 0 0 0 0 0 0 0 0 0

Total # of neighbors = 304
Ave neighs/atom = 38
Neighbor list builds = 0
Dangerous builds = 0
next i
jump SELF loop_struct
clear
  using 1 OpenMP thread(s) per MPI task
log energies.log append
units metal
boundary p p p
atom_style atomic
read_data Si111_${i}.in
read_data Si111_3.in
Reading data file ...
  orthogonal box = (0 0 0) to (5.4437022 5.4437022 5.4437022)
  1 by 1 by 1 MPI processor grid
  reading atoms ...
  8 atoms
  reading velocities ...
  8 velocities
  read_data CPU = 0.000 seconds
mass 1 28.085
pair_style sw
pair_coeff * * Si.sw Si
Reading sw potential file Si.sw with DATE: 2007-06-11
run 0
WARNING: No fixes with time integration, atoms won't move (src/verlet.cpp:60)
Neighbor list info ...
  update: every = 1 steps, delay = 0 steps, check = yes
  max neighbors/atom: 2000, page size: 100000
  master list distance cutoff = 5.77118
  ghost atom cutoff = 5.77118
  binsize = 2.88559, bins = 2 2 2
  1 neighbor lists, perpetual/occasional/extra = 1 0 0
  (1) pair sw, perpetual
      attributes: full, newton on
      pair build: full/bin/atomonly
      stencil: full/bin/3d
      bin: standard
Per MPI rank memory allocation (min/avg/max) = 2.958 | 2.958 | 2.958 Mbytes
   Step          Temp          E_pair         E_mol          TotEng         Press     
         0   0              23.998681      0              23.998681      1051172.2    
Loop time of 1.06e-06 on 1 procs for 0 steps with 8 atoms

0.0% CPU use with 1 MPI tasks x 1 OpenMP threads

MPI task timing breakdown:
Section |  min time  |  avg time  |  max time  |%varavg| %total
---------------------------------------------------------------
Pair    | 0          | 0          | 0          |   0.0 |  0.00
Neigh   | 0          | 0          | 0          |   0.0 |  0.00
Comm    | 0          | 0          | 0          |   0.0 |  0.00
Output  | 0          | 0          | 0          |   0.0 |  0.00
Modify  | 0          | 0          | 0          |   0.0 |  0.00
Other   |            | 1.06e-06   |            |       |100.00

Nlocal:              8 ave           8 max           8 min
Histogram: 1 0 0 0 0 0 0 0 0 0
Nghost:            238 ave         238 max         238 min
Histogram: 1 0 0 0 0 0 0 0 0 0
Neighs:              0 ave           0 max           0 min
Histogram: 1 0 0 0 0 0 0 0 0 0
FullNghs:          306 ave         306 max         306 min
Histogram: 1 0 0 0 0 0 0 0 0 0

Total # of neighbors = 306
Ave neighs/atom = 38.25
Neighbor list builds = 0
Dangerous builds = 0
next i
jump SELF loop_struct
clear
  using 1 OpenMP thread(s) per MPI task
log energies.log append
units metal
boundary p p p
atom_style atomic
read_data Si111_${i}.in
read_data Si111_4.in
Reading data file ...
  orthogonal box = (0 0 0) to (5.4437022 5.4437022 5.4437022)
  1 by 1 by 1 MPI processor grid
  reading atoms ...
  8 atoms
  reading velocities ...
  8 velocities
  read_data CPU = 0.001 seconds
mass 1 28.085
pair_style sw
pair_coeff * * Si.sw Si
Reading sw potential file Si.sw with DATE: 2007-06-11
run 0
WARNING: No fixes with time integration, atoms won't move (src/verlet.cpp:60)
Neighbor list info ...
  update: every = 1 steps, delay = 0 steps, check = yes
  max neighbors/atom: 2000, page size: 100000
  master list distance cutoff = 5.77118
  ghost atom cutoff = 5.77118
  binsize = 2.88559, bins = 2 2 2
  1 neighbor lists, perpetual/occasional/extra = 1 0 0
  (1) pair sw, perpetual
      attributes: full, newton on
      pair build: full/bin/atomonly
      stencil: full/bin/3d
      bin: standard
Per MPI rank memory allocation (min/avg/max) = 2.958 | 2.958 | 2.958 Mbytes
   Step          Temp          E_pair         E_mol          TotEng         Press     
         0   0              4.9246133      0              4.9246133      808097.27    
Loop time of 1.07e-06 on 1 procs for 0 steps with 8 atoms

93.5% CPU use with 1 MPI tasks x 1 OpenMP threads

MPI task timing breakdown:
Section |  min time  |  avg time  |  max time  |%varavg| %total
---------------------------------------------------------------
Pair    | 0          | 0          | 0          |   0.0 |  0.00
Neigh   | 0          | 0          | 0          |   0.0 |  0.00
Comm    | 0          | 0          | 0          |   0.0 |  0.00
Output  | 0          | 0          | 0          |   0.0 |  0.00
Modify  | 0          | 0          | 0          |   0.0 |  0.00
Other   |            | 1.07e-06   |            |       |100.00

Nlocal:              8 ave           8 max           8 min
Histogram: 1 0 0 0 0 0 0 0 0 0
Nghost:            217 ave         217 max         217 min
Histogram: 1 0 0 0 0 0 0 0 0 0
Neighs:              0 ave           0 max           0 min
Histogram: 1 0 0 0 0 0 0 0 0 0
FullNghs:          316 ave         316 max         316 min
Histogram: 1 0 0 0 0 0 0 0 0 0

Total # of neighbors = 316
Ave neighs/atom = 39.5
Neighbor list builds = 0
Dangerous builds = 0
next i
jump SELF loop_struct
clear
  using 1 OpenMP thread(s) per MPI task
log energies.log append
units metal
boundary p p p
atom_style atomic
read_data Si111_${i}.in
read_data Si111_5.in
Reading data file ...
  orthogonal box = (0 0 0) to (5.4437022 5.4437022 5.4437022)
  1 by 1 by 1 MPI processor grid
  reading atoms ...
  8 atoms
  reading velocities ...
  8 velocities
  read_data CPU = 0.001 seconds
mass 1 28.085
pair_style sw
pair_coeff * * Si.sw Si
Reading sw potential file Si.sw with DATE: 2007-06-11
run 0
WARNING: No fixes with time integration, atoms won't move (src/verlet.cpp:60)
Neighbor list info ...
  update: every = 1 steps, delay = 0 steps, check = yes
  max neighbors/atom: 2000, page size: 100000
  master list distance cutoff = 5.77118
  ghost atom cutoff = 5.77118
  binsize = 2.88559, bins = 2 2 2
  1 neighbor lists, perpetual/occasional/extra = 1 0 0
  (1) pair sw, perpetual
      attributes: full, newton on
      pair build: full/bin/atomonly
      stencil: full/bin/3d
      bin: standard
Per MPI rank memory allocation (min/avg/max) = 2.958 | 2.958 | 2.958 Mbytes
   Step          Temp          E_pair         E_mol          TotEng         Press     
         0   0             -nan            0             -nan           -nan          
Loop time of 1.05e-06 on 1 procs for 0 steps with 8 atoms

95.2% CPU use with 1 MPI tasks x 1 OpenMP threads

MPI task timing breakdown:
Section |  min time  |  avg time  |  max time  |%varavg| %total
---------------------------------------------------------------
Pair    | 0          | 0          | 0          |   0.0 |  0.00
Neigh   | 0          | 0          | 0          |   0.0 |  0.00
Comm    | 0          | 0          | 0          |   0.0 |  0.00
Output  | 0          | 0          | 0          |   0.0 |  0.00
Modify  | 0          | 0          | 0          |   0.0 |  0.00
Other   |            | 1.05e-06   |            |       |100.00

Nlocal:              8 ave           8 max           8 min
Histogram: 1 0 0 0 0 0 0 0 0 0
Nghost:            303 ave         303 max         303 min
Histogram: 1 0 0 0 0 0 0 0 0 0
Neighs:              0 ave           0 max           0 min
Histogram: 1 0 0 0 0 0 0 0 0 0
FullNghs:          310 ave         310 max         310 min
Histogram: 1 0 0 0 0 0 0 0 0 0

Total # of neighbors = 310
Ave neighs/atom = 38.75
Neighbor list builds = 0
Dangerous builds = 0
next i
jump SELF loop_struct
clear
  using 1 OpenMP thread(s) per MPI task
log energies.log append
units metal
boundary p p p
atom_style atomic
read_data Si111_${i}.in
read_data Si111_6.in
Reading data file ...
  orthogonal box = (0 0 0) to (5.4437022 5.4437022 5.4437022)
  1 by 1 by 1 MPI processor grid
  reading atoms ...
  8 atoms
  reading velocities ...
  8 velocities
  read_data CPU = 0.000 seconds
mass 1 28.085
pair_style sw
pair_coeff * * Si.sw Si
Reading sw potential file Si.sw with DATE: 2007-06-11
run 0
WARNING: No fixes with time integration, atoms won't move (src/verlet.cpp:60)
Neighbor list info ...
  update: every = 1 steps, delay = 0 steps, check = yes
  max neighbors/atom: 2000, page size: 100000
  master list distance cutoff = 5.77118
  ghost atom cutoff = 5.77118
  binsize = 2.88559, bins = 2 2 2
  1 neighbor lists, perpetual/occasional/extra = 1 0 0
  (1) pair sw, perpetual
      attributes: full, newton on
      pair build: full/bin/atomonly
      stencil: full/bin/3d
      bin: standard
Per MPI rank memory allocation (min/avg/max) = 2.958 | 2.958 | 2.958 Mbytes
   Step          Temp          E_pair         E_mol          TotEng         Press     
         0   0              92.087595      0              92.087595      2063087.1    
Loop time of 1.06e-06 on 1 procs for 0 steps with 8 atoms

94.3% CPU use with 1 MPI tasks x 1 OpenMP threads

MPI task timing breakdown:
Section |  min time  |  avg time  |  max time  |%varavg| %total
---------------------------------------------------------------
Pair    | 0          | 0          | 0          |   0.0 |  0.00
Neigh   | 0          | 0          | 0          |   0.0 |  0.00
Comm    | 0          | 0          | 0          |   0.0 |  0.00
Output  | 0          | 0          | 0          |   0.0 |  0.00
Modify  | 0          | 0          | 0          |   0.0 |  0.00
Other   |            | 1.06e-06   |            |       |100.00

Nlocal:              8 ave           8 max           8 min
Histogram: 1 0 0 0 0 0 0 0 0 0
Nghost:            217 ave         217 max         217 min
Histogram: 1 0 0 0 0 0 0 0 0 0
Neighs:              0 ave           0 max           0 min
Histogram: 1 0 0 0 0 0 0 0 0 0
FullNghs:          298 ave         298 max         298 min
Histogram: 1 0 0 0 0 0 0 0 0 0

Total # of neighbors = 298
Ave neighs/atom = 37.25
Neighbor list builds = 0
Dangerous builds = 0
next i
jump SELF loop_struct
clear
  using 1 OpenMP thread(s) per MPI task
log energies.log append
units metal
boundary p p p
atom_style atomic
read_data Si111_${i}.in
read_data Si111_7.in
Reading data file ...
  orthogonal box = (0 0 0) to (5.4437022 5.4437022 5.4437022)
  1 by 1 by 1 MPI processor grid
  reading atoms ...
  8 atoms
  reading velocities ...
  8 velocities
  read_data CPU = 0.000 seconds
mass 1 28.085
pair_style sw
pair_coeff * * Si.sw Si
Reading sw potential file Si.sw with DATE: 2007-06-11
run 0
WARNING: No fixes with time integration, atoms won't move (src/verlet.cpp:60)
Neighbor list info ...
  update: every = 1 steps, delay = 0 steps, check = yes
  max neighbors/atom: 2000, page size: 100000
  master list distance cutoff = 5.77118
  ghost atom cutoff = 5.77118
  binsize = 2.88559, bins = 2 2 2
  1 neighbor lists, perpetual/occasional/extra = 1 0 0
  (1) pair sw, perpetual
      attributes: full, newton on
      pair build: full/bin/atomonly
      stencil: full/bin/3d
      bin: standard
Per MPI rank memory allocation (min/avg/max) = 2.958 | 2.958 | 2.958 Mbytes
   Step          Temp          E_pair         E_mol          TotEng         Press     
         0   0              336.54         0              336.54         5225650.3    
Loop time of 1.05e-06 on 1 procs for 0 steps with 8 atoms

95.2% CPU use with 1 MPI tasks x 1 OpenMP threads

MPI task timing breakdown:
Section |  min time  |  avg time  |  max time  |%varavg| %total
---------------------------------------------------------------
Pair    | 0          | 0          | 0          |   0.0 |  0.00
Neigh   | 0          | 0          | 0          |   0.0 |  0.00
Comm    | 0          | 0          | 0          |   0.0 |  0.00
Output  | 0          | 0          | 0          |   0.0 |  0.00
Modify  | 0          | 0          | 0          |   0.0 |  0.00
Other   |            | 1.05e-06   |            |       |100.00

Nlocal:              8 ave           8 max           8 min
Histogram: 1 0 0 0 0 0 0 0 0 0
Nghost:            217 ave         217 max         217 min
Histogram: 1 0 0 0 0 0 0 0 0 0
Neighs:              0 ave           0 max           0 min
Histogram: 1 0 0 0 0 0 0 0 0 0
FullNghs:          306 ave         306 max         306 min
Histogram: 1 0 0 0 0 0 0 0 0 0

Total # of neighbors = 306
Ave neighs/atom = 38.25
Neighbor list builds = 0
Dangerous builds = 0
next i
jump SELF loop_struct
clear
  using 1 OpenMP thread(s) per MPI task
log energies.log append
units metal
boundary p p p
atom_style atomic
read_data Si111_${i}.in
read_data Si111_8.in
Reading data file ...
  orthogonal box = (0 0 0) to (5.4437022 5.4437022 5.4437022)
  1 by 1 by 1 MPI processor grid
  reading atoms ...
  8 atoms
  reading velocities ...
  8 velocities
  read_data CPU = 0.000 seconds
mass 1 28.085
pair_style sw
pair_coeff * * Si.sw Si
Reading sw potential file Si.sw with DATE: 2007-06-11
run 0
WARNING: No fixes with time integration, atoms won't move (src/verlet.cpp:60)
Neighbor list info ...
  update: every = 1 steps, delay = 0 steps, check = yes
  max neighbors/atom: 2000, page size: 100000
  master list distance cutoff = 5.77118
  ghost atom cutoff = 5.77118
  binsize = 2.88559, bins = 2 2 2
  1 neighbor lists, perpetual/occasional/extra = 1 0 0
  (1) pair sw, perpetual
      attributes: full, newton on
      pair build: full/bin/atomonly
      stencil: full/bin/3d
      bin: standard
Per MPI rank memory allocation (min/avg/max) = 2.958 | 2.958 | 2.958 Mbytes
   Step          Temp          E_pair         E_mol          TotEng         Press     
         0   0              23.028889      0              23.028889      947309.33    
Loop time of 1.04e-06 on 1 procs for 0 steps with 8 atoms

96.2% CPU use with 1 MPI tasks x 1 OpenMP threads

MPI task timing breakdown:
Section |  min time  |  avg time  |  max time  |%varavg| %total
---------------------------------------------------------------
Pair    | 0          | 0          | 0          |   0.0 |  0.00
Neigh   | 0          | 0          | 0          |   0.0 |  0.00
Comm    | 0          | 0          | 0          |   0.0 |  0.00
Output  | 0          | 0          | 0          |   0.0 |  0.00
Modify  | 0          | 0          | 0          |   0.0 |  0.00
Other   |            | 1.04e-06   |            |       |100.00

Nlocal:              8 ave           8 max           8 min
Histogram: 1 0 0 0 0 0 0 0 0 0
Nghost:            217 ave         217 max         217 min
Histogram: 1 0 0 0 0 0 0 0 0 0
Neighs:              0 ave           0 max           0 min
Histogram: 1 0 0 0 0 0 0 0 0 0
FullNghs:          320 ave         320 max         320 min
Histogram: 1 0 0 0 0 0 0 0 0 0

Total # of neighbors = 320
Ave neighs/atom = 40
Neighbor list builds = 0
Dangerous builds = 0
next i
jump SELF loop_struct
clear
  using 1 OpenMP thread(s) per MPI task
log energies.log append
units metal
boundary p p p
atom_style atomic
read_data Si111_${i}.in
read_data Si111_9.in
Reading data file ...
  orthogonal box = (0 0 0) to (5.4437022 5.4437022 5.4437022)
  1 by 1 by 1 MPI processor grid
  reading atoms ...
  8 atoms
  reading velocities ...
  8 velocities
  read_data CPU = 0.001 seconds
mass 1 28.085
pair_style sw
pair_coeff * * Si.sw Si
Reading sw potential file Si.sw with DATE: 2007-06-11
run 0
WARNING: No fixes with time integration, atoms won't move (src/verlet.cpp:60)
Neighbor list info ...
  update: every = 1 steps, delay = 0 steps, check = yes
  max neighbors/atom: 2000, page size: 100000
  master list distance cutoff = 5.77118
  ghost atom cutoff = 5.77118
  binsize = 2.88559, bins = 2 2 2
  1 neighbor lists, perpetual/occasional/extra = 1 0 0
  (1) pair sw, perpetual
      attributes: full, newton on
      pair build: full/bin/atomonly
      stencil: full/bin/3d
      bin: standard
Per MPI rank memory allocation (min/avg/max) = 2.958 | 2.958 | 2.958 Mbytes
   Step          Temp          E_pair         E_mol          TotEng         Press     
         0   0              15.96684       0              15.96684       1046608.1    
Loop time of 1.06e-06 on 1 procs for 0 steps with 8 atoms

94.3% CPU use with 1 MPI tasks x 1 OpenMP threads

MPI task timing breakdown:
Section |  min time  |  avg time  |  max time  |%varavg| %total
---------------------------------------------------------------
Pair    | 0          | 0          | 0          |   0.0 |  0.00
Neigh   | 0          | 0          | 0          |   0.0 |  0.00
Comm    | 0          | 0          | 0          |   0.0 |  0.00
Output  | 0          | 0          | 0          |   0.0 |  0.00
Modify  | 0          | 0          | 0          |   0.0 |  0.00
Other   |            | 1.06e-06   |            |       |100.00

Nlocal:              8 ave           8 max           8 min
Histogram: 1 0 0 0 0 0 0 0 0 0
Nghost:            226 ave         226 max         226 min
Histogram: 1 0 0 0 0 0 0 0 0 0
Neighs:              0 ave           0 max           0 min
Histogram: 1 0 0 0 0 0 0 0 0 0
FullNghs:          310 ave         310 max         310 min
Histogram: 1 0 0 0 0 0 0 0 0 0

Total # of neighbors = 310
Ave neighs/atom = 38.75
Neighbor list builds = 0
Dangerous builds = 0
next i
jump SELF loop_struct
clear
  using 1 OpenMP thread(s) per MPI task
log energies.log append
units metal
boundary p p p
atom_style atomic
read_data Si111_${i}.in
read_data Si111_10.in
Reading data file ...
  orthogonal box = (0 0 0) to (5.4437022 5.4437022 5.4437022)
  1 by 1 by 1 MPI processor grid
  reading atoms ...
  8 atoms
  reading velocities ...
  8 velocities
  read_data CPU = 0.000 seconds
mass 1 28.085
pair_style sw
pair_coeff * * Si.sw Si
Reading sw potential file Si.sw with DATE: 2007-06-11
run 0
WARNING: No fixes with time integration, atoms won't move (src/verlet.cpp:60)
Neighbor list info ...
  update: every = 1 steps, delay = 0 steps, check = yes
  max neighbors/atom: 2000, page size: 100000
  master list distance cutoff = 5.77118
  ghost atom cutoff = 5.77118
  binsize = 2.88559, bins = 2 2 2
  1 neighbor lists, perpetual/occasional/extra = 1 0 0
  (1) pair sw, perpetual
      attributes: full, newton on
      pair build: full/bin/atomonly
      stencil: full/bin/3d
      bin: standard
Per MPI rank memory allocation (min/avg/max) = 2.958 | 2.958 | 2.958 Mbytes
   Step          Temp          E_pair         E_mol          TotEng         Press     
         0   0              666.02349      0              666.02349      9852365.6    
Loop time of 1.07e-06 on 1 procs for 0 steps with 8 atoms

0.0% CPU use with 1 MPI tasks x 1 OpenMP threads

MPI task timing breakdown:
Section |  min time  |  avg time  |  max time  |%varavg| %total
---------------------------------------------------------------
Pair    | 0          | 0          | 0          |   0.0 |  0.00
Neigh   | 0          | 0          | 0          |   0.0 |  0.00
Comm    | 0          | 0          | 0          |   0.0 |  0.00
Output  | 0          | 0          | 0          |   0.0 |  0.00
Modify  | 0          | 0          | 0          |   0.0 |  0.00
Other   |            | 1.07e-06   |            |       |100.00

Nlocal:              8 ave           8 max           8 min
Histogram: 1 0 0 0 0 0 0 0 0 0
Nghost:            208 ave         208 max         208 min
Histogram: 1 0 0 0 0 0 0 0 0 0
Neighs:              0 ave           0 max           0 min
Histogram: 1 0 0 0 0 0 0 0 0 0
FullNghs:          300 ave         300 max         300 min
Histogram: 1 0 0 0 0 0 0 0 0 0

Total # of neighbors = 300
Ave neighs/atom = 37.5
Neighbor list builds = 0
Dangerous builds = 0
next i
jump SELF loop_struct
clear
  using 1 OpenMP thread(s) per MPI task
log energies.log append
units metal
boundary p p p
atom_style atomic
read_data Si111_${i}.in
read_data Si111_11.in
Reading data file ...
  orthogonal box = (0 0 0) to (5.4437022 5.4437022 5.4437022)
  1 by 1 by 1 MPI processor grid
  reading atoms ...
  8 atoms
  reading velocities ...
  8 velocities
  read_data CPU = 0.000 seconds
mass 1 28.085
pair_style sw
pair_coeff * * Si.sw Si
Reading sw potential file Si.sw with DATE: 2007-06-11
run 0
WARNING: No fixes with time integration, atoms won't move (src/verlet.cpp:60)
Neighbor list info ...
  update: every = 1 steps, delay = 0 steps, check = yes
  max neighbors/atom: 2000, page size: 100000
  master list distance cutoff = 5.77118
  ghost atom cutoff = 5.77118
  binsize = 2.88559, bins = 2 2 2
  1 neighbor lists, perpetual/occasional/extra = 1 0 0
  (1) pair sw, perpetual
      attributes: full, newton on
      pair build: full/bin/atomonly
      stencil: full/bin/3d
      bin: standard
Per MPI rank memory allocation (min/avg/max) = 2.958 | 2.958 | 2.958 Mbytes
   Step          Temp          E_pair         E_mol          TotEng         Press     
         0   0              25.736098      0              25.736098      960378.85    
Loop time of 1.25e-06 on 1 procs for 0 steps with 8 atoms

80.0% CPU use with 1 MPI tasks x 1 OpenMP threads

MPI task timing breakdown:
Section |  min time  |  avg time  |  max time  |%varavg| %total
---------------------------------------------------------------
Pair    | 0          | 0          | 0          |   0.0 |  0.00
Neigh   | 0          | 0          | 0          |   0.0 |  0.00
Comm    | 0          | 0          | 0          |   0.0 |  0.00
Output  | 0          | 0          | 0          |   0.0 |  0.00
Modify  | 0          | 0          | 0          |   0.0 |  0.00
Other   |            | 1.25e-06   |            |       |100.00

Nlocal:              8 ave           8 max           8 min
Histogram: 1 0 0 0 0 0 0 0 0 0
Nghost:            217 ave         217 max         217 min
Histogram: 1 0 0 0 0 0 0 0 0 0
Neighs:              0 ave           0 max           0 min
Histogram: 1 0 0 0 0 0 0 0 0 0
FullNghs:          322 ave         322 max         322 min
Histogram: 1 0 0 0 0 0 0 0 0 0

Total # of neighbors = 322
Ave neighs/atom = 40.25
Neighbor list builds = 0
Dangerous builds = 0
next i
jump SELF loop_struct
clear
  using 1 OpenMP thread(s) per MPI task
log energies.log append
units metal
boundary p p p
atom_style atomic
read_data Si111_${i}.in
read_data Si111_12.in
Reading data file ...
  orthogonal box = (0 0 0) to (5.4437022 5.4437022 5.4437022)
  1 by 1 by 1 MPI processor grid
  reading atoms ...
  8 atoms
  reading velocities ...
  8 velocities
  read_data CPU = 0.000 seconds
mass 1 28.085
pair_style sw
pair_coeff * * Si.sw Si
Reading sw potential file Si.sw with DATE: 2007-06-11
run 0
WARNING: No fixes with time integration, atoms won't move (src/verlet.cpp:60)
Neighbor list info ...
  update: every = 1 steps, delay = 0 steps, check = yes
  max neighbors/atom: 2000, page size: 100000
  master list distance cutoff = 5.77118
  ghost atom cutoff = 5.77118
  binsize = 2.88559, bins = 2 2 2
  1 neighbor lists, perpetual/occasional/extra = 1 0 0
  (1) pair sw, perpetual
      attributes: full, newton on
      pair build: full/bin/atomonly
      stencil: full/bin/3d
      bin: standard
Per MPI rank memory allocation (min/avg/max) = 2.958 | 2.958 | 2.958 Mbytes
   Step          Temp          E_pair         E_mol          TotEng         Press     
         0   0              134.19052      0              134.19052      2470916.5    
Loop time of 1.05e-06 on 1 procs for 0 steps with 8 atoms

190.5% CPU use with 1 MPI tasks x 1 OpenMP threads

MPI task timing breakdown:
Section |  min time  |  avg time  |  max time  |%varavg| %total
---------------------------------------------------------------
Pair    | 0          | 0          | 0          |   0.0 |  0.00
Neigh   | 0          | 0          | 0          |   0.0 |  0.00
Comm    | 0          | 0          | 0          |   0.0 |  0.00
Output  | 0          | 0          | 0          |   0.0 |  0.00
Modify  | 0          | 0          | 0          |   0.0 |  0.00
Other   |            | 1.05e-06   |            |       |100.00

Nlocal:              8 ave           8 max           8 min
Histogram: 1 0 0 0 0 0 0 0 0 0
Nghost:            217 ave         217 max         217 min
Histogram: 1 0 0 0 0 0 0 0 0 0
Neighs:              0 ave           0 max           0 min
Histogram: 1 0 0 0 0 0 0 0 0 0
FullNghs:          306 ave         306 max         306 min
Histogram: 1 0 0 0 0 0 0 0 0 0

Total # of neighbors = 306
Ave neighs/atom = 38.25
Neighbor list builds = 0
Dangerous builds = 0
next i
jump SELF loop_struct
clear
  using 1 OpenMP thread(s) per MPI task
log energies.log append
units metal
boundary p p p
atom_style atomic
read_data Si111_${i}.in
read_data Si111_13.in
Reading data file ...
  orthogonal box = (0 0 0) to (5.4437022 5.4437022 5.4437022)
  1 by 1 by 1 MPI processor grid
  reading atoms ...
  8 atoms
  reading velocities ...
  8 velocities
  read_data CPU = 0.001 seconds
mass 1 28.085
pair_style sw
pair_coeff * * Si.sw Si
Reading sw potential file Si.sw with DATE: 2007-06-11
run 0
WARNING: No fixes with time integration, atoms won't move (src/verlet.cpp:60)
Neighbor list info ...
  update: every = 1 steps, delay = 0 steps, check = yes
  max neighbors/atom: 2000, page size: 100000
  master list distance cutoff = 5.77118
  ghost atom cutoff = 5.77118
  binsize = 2.88559, bins = 2 2 2
  1 neighbor lists, perpetual/occasional/extra = 1 0 0
  (1) pair sw, perpetual
      attributes: full, newton on
      pair build: full/bin/atomonly
      stencil: full/bin/3d
      bin: standard
Per MPI rank memory allocation (min/avg/max) = 2.958 | 2.958 | 2.958 Mbytes
   Step          Temp          E_pair         E_mol          TotEng         Press     
         0   0              4981.771       0              4981.771       67901948     
Loop time of 1.07e-06 on 1 procs for 0 steps with 8 atoms

0.0% CPU use with 1 MPI tasks x 1 OpenMP threads

MPI task timing breakdown:
Section |  min time  |  avg time  |  max time  |%varavg| %total
---------------------------------------------------------------
Pair    | 0          | 0          | 0          |   0.0 |  0.00
Neigh   | 0          | 0          | 0          |   0.0 |  0.00
Comm    | 0          | 0          | 0          |   0.0 |  0.00
Output  | 0          | 0          | 0          |   0.0 |  0.00
Modify  | 0          | 0          | 0          |   0.0 |  0.00
Other   |            | 1.07e-06   |            |       |100.00

Nlocal:              8 ave           8 max           8 min
Histogram: 1 0 0 0 0 0 0 0 0 0
Nghost:            208 ave         208 max         208 min
Histogram: 1 0 0 0 0 0 0 0 0 0
Neighs:              0 ave           0 max           0 min
Histogram: 1 0 0 0 0 0 0 0 0 0
FullNghs:          298 ave         298 max         298 min
Histogram: 1 0 0 0 0 0 0 0 0 0

Total # of neighbors = 298
Ave neighs/atom = 37.25
Neighbor list builds = 0
Dangerous builds = 0
next i
jump SELF loop_struct
clear
  using 1 OpenMP thread(s) per MPI task
log energies.log append
units metal
boundary p p p
atom_style atomic
read_data Si111_${i}.in
read_data Si111_14.in
Reading data file ...
  orthogonal box = (0 0 0) to (5.4437022 5.4437022 5.4437022)
  1 by 1 by 1 MPI processor grid
  reading atoms ...
  8 atoms
  reading velocities ...
  8 velocities
  read_data CPU = 0.000 seconds
mass 1 28.085
pair_style sw
pair_coeff * * Si.sw Si
Reading sw potential file Si.sw with DATE: 2007-06-11
run 0
WARNING: No fixes with time integration, atoms won't move (src/verlet.cpp:60)
Neighbor list info ...
  update: every = 1 steps, delay = 0 steps, check = yes
  max neighbors/atom: 2000, page size: 100000
  master list distance cutoff = 5.77118
  ghost atom cutoff = 5.77118
  binsize = 2.88559, bins = 2 2 2
  1 neighbor lists, perpetual/occasional/extra = 1 0 0
  (1) pair sw, perpetual
      attributes: full, newton on
      pair build: full/bin/atomonly
      stencil: full/bin/3d
      bin: standard
Per MPI rank memory allocation (min/avg/max) = 2.958 | 2.958 | 2.958 Mbytes
   Step          Temp          E_pair         E_mol          TotEng         Press     
         0   0              38.84537       0              38.84537       1298256.4    
Loop time of 1.07e-06 on 1 procs for 0 steps with 8 atoms

93.5% CPU use with 1 MPI tasks x 1 OpenMP threads

MPI task timing breakdown:
Section |  min time  |  avg time  |  max time  |%varavg| %total
---------------------------------------------------------------
Pair    | 0          | 0          | 0          |   0.0 |  0.00
Neigh   | 0          | 0          | 0          |   0.0 |  0.00
Comm    | 0          | 0          | 0          |   0.0 |  0.00
Output  | 0          | 0          | 0          |   0.0 |  0.00
Modify  | 0          | 0          | 0          |   0.0 |  0.00
Other   |            | 1.07e-06   |            |       |100.00

Nlocal:              8 ave           8 max           8 min
Histogram: 1 0 0 0 0 0 0 0 0 0
Nghost:            217 ave         217 max         217 min
Histogram: 1 0 0 0 0 0 0 0 0 0
Neighs:              0 ave           0 max           0 min
Histogram: 1 0 0 0 0 0 0 0 0 0
FullNghs:          314 ave         314 max         314 min
Histogram: 1 0 0 0 0 0 0 0 0 0

Total # of neighbors = 314
Ave neighs/atom = 39.25
Neighbor list builds = 0
Dangerous builds = 0
next i
jump SELF loop_struct
clear
  using 1 OpenMP thread(s) per MPI task
log energies.log append
units metal
boundary p p p
atom_style atomic
read_data Si111_${i}.in
read_data Si111_15.in
Reading data file ...
  orthogonal box = (0 0 0) to (5.4437022 5.4437022 5.4437022)
  1 by 1 by 1 MPI processor grid
  reading atoms ...
  8 atoms
  reading velocities ...
  8 velocities
  read_data CPU = 0.000 seconds
mass 1 28.085
pair_style sw
pair_coeff * * Si.sw Si
Reading sw potential file Si.sw with DATE: 2007-06-11
run 0
WARNING: No fixes with time integration, atoms won't move (src/verlet.cpp:60)
Neighbor list info ...
  update: every = 1 steps, delay = 0 steps, check = yes
  max neighbors/atom: 2000, page size: 100000
  master list distance cutoff = 5.77118
  ghost atom cutoff = 5.77118
  binsize = 2.88559, bins = 2 2 2
  1 neighbor lists, perpetual/occasional/extra = 1 0 0
  (1) pair sw, perpetual
      attributes: full, newton on
      pair build: full/bin/atomonly
      stencil: full/bin/3d
      bin: standard
Per MPI rank memory allocation (min/avg/max) = 2.958 | 2.958 | 2.958 Mbytes
   Step          Temp          E_pair         E_mol          TotEng         Press     
         0   0              31.1258        0              31.1258        1104036.7    
Loop time of 1.07e-06 on 1 procs for 0 steps with 8 atoms

0.0% CPU use with 1 MPI tasks x 1 OpenMP threads

MPI task timing breakdown:
Section |  min time  |  avg time  |  max time  |%varavg| %total
---------------------------------------------------------------
Pair    | 0          | 0          | 0          |   0.0 |  0.00
Neigh   | 0          | 0          | 0          |   0.0 |  0.00
Comm    | 0          | 0          | 0          |   0.0 |  0.00
Output  | 0          | 0          | 0          |   0.0 |  0.00
Modify  | 0          | 0          | 0          |   0.0 |  0.00
Other   |            | 1.07e-06   |            |       |100.00

Nlocal:              8 ave           8 max           8 min
Histogram: 1 0 0 0 0 0 0 0 0 0
Nghost:            217 ave         217 max         217 min
Histogram: 1 0 0 0 0 0 0 0 0 0
Neighs:              0 ave           0 max           0 min
Histogram: 1 0 0 0 0 0 0 0 0 0
FullNghs:          310 ave         310 max         310 min
Histogram: 1 0 0 0 0 0 0 0 0 0

Total # of neighbors = 310
Ave neighs/atom = 38.75
Neighbor list builds = 0
Dangerous builds = 0
next i
jump SELF loop_struct
clear
  using 1 OpenMP thread(s) per MPI task
log energies.log append
units metal
boundary p p p
atom_style atomic
read_data Si111_${i}.in
read_data Si111_16.in
Reading data file ...
  orthogonal box = (0 0 0) to (5.4437022 5.4437022 5.4437022)
  1 by 1 by 1 MPI processor grid
  reading atoms ...
  8 atoms
  reading velocities ...
  8 velocities
  read_data CPU = 0.000 seconds
mass 1 28.085
pair_style sw
pair_coeff * * Si.sw Si
Reading sw potential file Si.sw with DATE: 2007-06-11
run 0
WARNING: No fixes with time integration, atoms won't move (src/verlet.cpp:60)
Neighbor list info ...
  update: every = 1 steps, delay = 0 steps, check = yes
  max neighbors/atom: 2000, page size: 100000
  master list distance cutoff = 5.77118
  ghost atom cutoff = 5.77118
  binsize = 2.88559, bins = 2 2 2
  1 neighbor lists, perpetual/occasional/extra = 1 0 0
  (1) pair sw, perpetual
      attributes: full, newton on
      pair build: full/bin/atomonly
      stencil: full/bin/3d
      bin: standard
Per MPI rank memory allocation (min/avg/max) = 2.958 | 2.958 | 2.958 Mbytes
   Step          Temp          E_pair         E_mol          TotEng         Press     
         0   0              73.930688      0              73.930688      2086085.7    
Loop time of 1.06e-06 on 1 procs for 0 steps with 8 atoms

188.7% CPU use with 1 MPI tasks x 1 OpenMP threads

MPI task timing breakdown:
Section |  min time  |  avg time  |  max time  |%varavg| %total
---------------------------------------------------------------
Pair    | 0          | 0          | 0          |   0.0 |  0.00
Neigh   | 0          | 0          | 0          |   0.0 |  0.00
Comm    | 0          | 0          | 0          |   0.0 |  0.00
Output  | 0          | 0          | 0          |   0.0 |  0.00
Modify  | 0          | 0          | 0          |   0.0 |  0.00
Other   |            | 1.06e-06   |            |       |100.00

Nlocal:              8 ave           8 max           8 min
Histogram: 1 0 0 0 0 0 0 0 0 0
Nghost:            217 ave         217 max         217 min
Histogram: 1 0 0 0 0 0 0 0 0 0
Neighs:              0 ave           0 max           0 min
Histogram: 1 0 0 0 0 0 0 0 0 0
FullNghs:          312 ave         312 max         312 min
Histogram: 1 0 0 0 0 0 0 0 0 0

Total # of neighbors = 312
Ave neighs/atom = 39
Neighbor list builds = 0
Dangerous builds = 0
next i
jump SELF loop_struct
clear
  using 1 OpenMP thread(s) per MPI task
log energies.log append
units metal
boundary p p p
atom_style atomic
read_data Si111_${i}.in
read_data Si111_17.in
Reading data file ...
  orthogonal box = (0 0 0) to (5.4437022 5.4437022 5.4437022)
  1 by 1 by 1 MPI processor grid
  reading atoms ...
  8 atoms
  reading velocities ...
  8 velocities
  read_data CPU = 0.001 seconds
mass 1 28.085
pair_style sw
pair_coeff * * Si.sw Si
Reading sw potential file Si.sw with DATE: 2007-06-11
run 0
WARNING: No fixes with time integration, atoms won't move (src/verlet.cpp:60)
Neighbor list info ...
  update: every = 1 steps, delay = 0 steps, check = yes
  max neighbors/atom: 2000, page size: 100000
  master list distance cutoff = 5.77118
  ghost atom cutoff = 5.77118
  binsize = 2.88559, bins = 2 2 2
  1 neighbor lists, perpetual/occasional/extra = 1 0 0
  (1) pair sw, perpetual
      attributes: full, newton on
      pair build: full/bin/atomonly
      stencil: full/bin/3d
      bin: standard
Per MPI rank memory allocation (min/avg/max) = 2.958 | 2.958 | 2.958 Mbytes
   Step          Temp          E_pair         E_mol          TotEng         Press     
         0   0              519.61206      0              519.61206      7755886.6    
Loop time of 1.06e-06 on 1 procs for 0 steps with 8 atoms

0.0% CPU use with 1 MPI tasks x 1 OpenMP threads

MPI task timing breakdown:
Section |  min time  |  avg time  |  max time  |%varavg| %total
---------------------------------------------------------------
Pair    | 0          | 0          | 0          |   0.0 |  0.00
Neigh   | 0          | 0          | 0          |   0.0 |  0.00
Comm    | 0          | 0          | 0          |   0.0 |  0.00
Output  | 0          | 0          | 0          |   0.0 |  0.00
Modify  | 0          | 0          | 0          |   0.0 |  0.00
Other   |            | 1.06e-06   |            |       |100.00

Nlocal:              8 ave           8 max           8 min
Histogram: 1 0 0 0 0 0 0 0 0 0
Nghost:            208 ave         208 max         208 min
Histogram: 1 0 0 0 0 0 0 0 0 0
Neighs:              0 ave           0 max           0 min
Histogram: 1 0 0 0 0 0 0 0 0 0
FullNghs:          306 ave         306 max         306 min
Histogram: 1 0 0 0 0 0 0 0 0 0

Total # of neighbors = 306
Ave neighs/atom = 38.25
Neighbor list builds = 0
Dangerous builds = 0
next i
jump SELF loop_struct
clear
  using 1 OpenMP thread(s) per MPI task
log energies.log append
units metal
boundary p p p
atom_style atomic
read_data Si111_${i}.in
read_data Si111_18.in
Reading data file ...
  orthogonal box = (0 0 0) to (5.4437022 5.4437022 5.4437022)
  1 by 1 by 1 MPI processor grid
  reading atoms ...
  8 atoms
  reading velocities ...
  8 velocities
  read_data CPU = 0.000 seconds
mass 1 28.085
pair_style sw
pair_coeff * * Si.sw Si
Reading sw potential file Si.sw with DATE: 2007-06-11
run 0
WARNING: No fixes with time integration, atoms won't move (src/verlet.cpp:60)
Neighbor list info ...
  update: every = 1 steps, delay = 0 steps, check = yes
  max neighbors/atom: 2000, page size: 100000
  master list distance cutoff = 5.77118
  ghost atom cutoff = 5.77118
  binsize = 2.88559, bins = 2 2 2
  1 neighbor lists, perpetual/occasional/extra = 1 0 0
  (1) pair sw, perpetual
      attributes: full, newton on
      pair build: full/bin/atomonly
      stencil: full/bin/3d
      bin: standard
Per MPI rank memory allocation (min/avg/max) = 2.958 | 2.958 | 2.958 Mbytes
   Step          Temp          E_pair         E_mol          TotEng         Press     
         0   0              557.90157      0              557.90157      8148992.2    
Loop time of 1.07e-06 on 1 procs for 0 steps with 8 atoms

93.5% CPU use with 1 MPI tasks x 1 OpenMP threads

MPI task timing breakdown:
Section |  min time  |  avg time  |  max time  |%varavg| %total
---------------------------------------------------------------
Pair    | 0          | 0          | 0          |   0.0 |  0.00
Neigh   | 0          | 0          | 0          |   0.0 |  0.00
Comm    | 0          | 0          | 0          |   0.0 |  0.00
Output  | 0          | 0          | 0          |   0.0 |  0.00
Modify  | 0          | 0          | 0          |   0.0 |  0.00
Other   |            | 1.07e-06   |            |       |100.00

Nlocal:              8 ave           8 max           8 min
Histogram: 1 0 0 0 0 0 0 0 0 0
Nghost:            238 ave         238 max         238 min
Histogram: 1 0 0 0 0 0 0 0 0 0
Neighs:              0 ave           0 max           0 min
Histogram: 1 0 0 0 0 0 0 0 0 0
FullNghs:          302 ave         302 max         302 min
Histogram: 1 0 0 0 0 0 0 0 0 0

Total # of neighbors = 302
Ave neighs/atom = 37.75
Neighbor list builds = 0
Dangerous builds = 0
next i
jump SELF loop_struct
clear
  using 1 OpenMP thread(s) per MPI task
log energies.log append
units metal
boundary p p p
atom_style atomic
read_data Si111_${i}.in
read_data Si111_19.in
Reading data file ...
  orthogonal box = (0 0 0) to (5.4437022 5.4437022 5.4437022)
  1 by 1 by 1 MPI processor grid
  reading atoms ...
  8 atoms
  reading velocities ...
  8 velocities
  read_data CPU = 0.000 seconds
mass 1 28.085
pair_style sw
pair_coeff * * Si.sw Si
Reading sw potential file Si.sw with DATE: 2007-06-11
run 0
WARNING: No fixes with time integration, atoms won't move (src/verlet.cpp:60)
Neighbor list info ...
  update: every = 1 steps, delay = 0 steps, check = yes
  max neighbors/atom: 2000, page size: 100000
  master list distance cutoff = 5.77118
  ghost atom cutoff = 5.77118
  binsize = 2.88559, bins = 2 2 2
  1 neighbor lists, perpetual/occasional/extra = 1 0 0
  (1) pair sw, perpetual
      attributes: full, newton on
      pair build: full/bin/atomonly
      stencil: full/bin/3d
      bin: standard
Per MPI rank memory allocation (min/avg/max) = 2.958 | 2.958 | 2.958 Mbytes
   Step          Temp          E_pair         E_mol          TotEng         Press     
         0   0              228.55009      0              228.55009      3823940.6    
Loop time of 1.07e-06 on 1 procs for 0 steps with 8 atoms

93.5% CPU use with 1 MPI tasks x 1 OpenMP threads

MPI task timing breakdown:
Section |  min time  |  avg time  |  max time  |%varavg| %total
---------------------------------------------------------------
Pair    | 0          | 0          | 0          |   0.0 |  0.00
Neigh   | 0          | 0          | 0          |   0.0 |  0.00
Comm    | 0          | 0          | 0          |   0.0 |  0.00
Output  | 0          | 0          | 0          |   0.0 |  0.00
Modify  | 0          | 0          | 0          |   0.0 |  0.00
Other   |            | 1.07e-06   |            |       |100.00

Nlocal:              8 ave           8 max           8 min
Histogram: 1 0 0 0 0 0 0 0 0 0
Nghost:            226 ave         226 max         226 min
Histogram: 1 0 0 0 0 0 0 0 0 0
Neighs:              0 ave           0 max           0 min
Histogram: 1 0 0 0 0 0 0 0 0 0
FullNghs:          306 ave         306 max         306 min
Histogram: 1 0 0 0 0 0 0 0 0 0

Total # of neighbors = 306
Ave neighs/atom = 38.25
Neighbor list builds = 0
Dangerous builds = 0
next i
jump SELF loop_struct
clear
  using 1 OpenMP thread(s) per MPI task
log energies.log append
units metal
boundary p p p
atom_style atomic
read_data Si111_${i}.in
read_data Si111_20.in
Reading data file ...
  orthogonal box = (0 0 0) to (5.4437022 5.4437022 5.4437022)
  1 by 1 by 1 MPI processor grid
  reading atoms ...
  8 atoms
  reading velocities ...
  8 velocities
  read_data CPU = 0.000 seconds
mass 1 28.085
pair_style sw
pair_coeff * * Si.sw Si
Reading sw potential file Si.sw with DATE: 2007-06-11
run 0
WARNING: No fixes with time integration, atoms won't move (src/verlet.cpp:60)
Neighbor list info ...
  update: every = 1 steps, delay = 0 steps, check = yes
  max neighbors/atom: 2000, page size: 100000
  master list distance cutoff = 5.77118
  ghost atom cutoff = 5.77118
  binsize = 2.88559, bins = 2 2 2
  1 neighbor lists, perpetual/occasional/extra = 1 0 0
  (1) pair sw, perpetual
      attributes: full, newton on
      pair build: full/bin/atomonly
      stencil: full/bin/3d
      bin: standard
Per MPI rank memory allocation (min/avg/max) = 2.958 | 2.958 | 2.958 Mbytes
   Step          Temp          E_pair         E_mol          TotEng         Press     
         0   0              77.141236      0              77.141236      1612707.5    
Loop time of 1.05e-06 on 1 procs for 0 steps with 8 atoms

0.0% CPU use with 1 MPI tasks x 1 OpenMP threads

MPI task timing breakdown:
Section |  min time  |  avg time  |  max time  |%varavg| %total
---------------------------------------------------------------
Pair    | 0          | 0          | 0          |   0.0 |  0.00
Neigh   | 0          | 0          | 0          |   0.0 |  0.00
Comm    | 0          | 0          | 0          |   0.0 |  0.00
Output  | 0          | 0          | 0          |   0.0 |  0.00
Modify  | 0          | 0          | 0          |   0.0 |  0.00
Other   |            | 1.05e-06   |            |       |100.00

Nlocal:              8 ave           8 max           8 min
Histogram: 1 0 0 0 0 0 0 0 0 0
Nghost:            217 ave         217 max         217 min
Histogram: 1 0 0 0 0 0 0 0 0 0
Neighs:              0 ave           0 max           0 min
Histogram: 1 0 0 0 0 0 0 0 0 0
FullNghs:          308 ave         308 max         308 min
Histogram: 1 0 0 0 0 0 0 0 0 0

Total # of neighbors = 308
Ave neighs/atom = 38.5
Neighbor list builds = 0
Dangerous builds = 0
next i
jump SELF loop_struct
clear
  using 1 OpenMP thread(s) per MPI task
log energies.log append
units metal
boundary p p p
atom_style atomic
read_data Si111_${i}.in
read_data Si111_21.in
Reading data file ...
  orthogonal box = (0 0 0) to (5.4437022 5.4437022 5.4437022)
  1 by 1 by 1 MPI processor grid
  reading atoms ...
  8 atoms
  reading velocities ...
  8 velocities
  read_data CPU = 0.000 seconds
mass 1 28.085
pair_style sw
pair_coeff * * Si.sw Si
Reading sw potential file Si.sw with DATE: 2007-06-11
run 0
WARNING: No fixes with time integration, atoms won't move (src/verlet.cpp:60)
Neighbor list info ...
  update: every = 1 steps, delay = 0 steps, check = yes
  max neighbors/atom: 2000, page size: 100000
  master list distance cutoff = 5.77118
  ghost atom cutoff = 5.77118
  binsize = 2.88559, bins = 2 2 2
  1 neighbor lists, perpetual/occasional/extra = 1 0 0
  (1) pair sw, perpetual
      attributes: full, newton on
      pair build: full/bin/atomonly
      stencil: full/bin/3d
      bin: standard
Per MPI rank memory allocation (min/avg/max) = 2.958 | 2.958 | 2.958 Mbytes
   Step          Temp          E_pair         E_mol          TotEng         Press     
         0   0              41.749393      0              41.749393      1324451.7    
Loop time of 1.4e-06 on 1 procs for 0 steps with 8 atoms

0.0% CPU use with 1 MPI tasks x 1 OpenMP threads

MPI task timing breakdown:
Section |  min time  |  avg time  |  max time  |%varavg| %total
---------------------------------------------------------------
Pair    | 0          | 0          | 0          |   0.0 |  0.00
Neigh   | 0          | 0          | 0          |   0.0 |  0.00
Comm    | 0          | 0          | 0          |   0.0 |  0.00
Output  | 0          | 0          | 0          |   0.0 |  0.00
Modify  | 0          | 0          | 0          |   0.0 |  0.00
Other   |            | 1.4e-06    |            |       |100.00

Nlocal:              8 ave           8 max           8 min
Histogram: 1 0 0 0 0 0 0 0 0 0
Nghost:            235 ave         235 max         235 min
Histogram: 1 0 0 0 0 0 0 0 0 0
Neighs:              0 ave           0 max           0 min
Histogram: 1 0 0 0 0 0 0 0 0 0
FullNghs:          308 ave         308 max         308 min
Histogram: 1 0 0 0 0 0 0 0 0 0

Total # of neighbors = 308
Ave neighs/atom = 38.5
Neighbor list builds = 0
Dangerous builds = 0
next i
jump SELF loop_struct
clear
  using 1 OpenMP thread(s) per MPI task
log energies.log append
units metal
boundary p p p
atom_style atomic
read_data Si111_${i}.in
read_data Si111_22.in
Reading data file ...
  orthogonal box = (0 0 0) to (5.4437022 5.4437022 5.4437022)
  1 by 1 by 1 MPI processor grid
  reading atoms ...
  8 atoms
  reading velocities ...
  8 velocities
  read_data CPU = 0.000 seconds
mass 1 28.085
pair_style sw
pair_coeff * * Si.sw Si
Reading sw potential file Si.sw with DATE: 2007-06-11
run 0
WARNING: No fixes with time integration, atoms won't move (src/verlet.cpp:60)
Neighbor list info ...
  update: every = 1 steps, delay = 0 steps, check = yes
  max neighbors/atom: 2000, page size: 100000
  master list distance cutoff = 5.77118
  ghost atom cutoff = 5.77118
  binsize = 2.88559, bins = 2 2 2
  1 neighbor lists, perpetual/occasional/extra = 1 0 0
  (1) pair sw, perpetual
      attributes: full, newton on
      pair build: full/bin/atomonly
      stencil: full/bin/3d
      bin: standard
Per MPI rank memory allocation (min/avg/max) = 2.958 | 2.958 | 2.958 Mbytes
   Step          Temp          E_pair         E_mol          TotEng         Press     
         0   0              96.300822      0              96.300822      1954491.8    
Loop time of 1.16e-06 on 1 procs for 0 steps with 8 atoms

0.0% CPU use with 1 MPI tasks x 1 OpenMP threads

MPI task timing breakdown:
Section |  min time  |  avg time  |  max time  |%varavg| %total
---------------------------------------------------------------
Pair    | 0          | 0          | 0          |   0.0 |  0.00
Neigh   | 0          | 0          | 0          |   0.0 |  0.00
Comm    | 0          | 0          | 0          |   0.0 |  0.00
Output  | 0          | 0          | 0          |   0.0 |  0.00
Modify  | 0          | 0          | 0          |   0.0 |  0.00
Other   |            | 1.16e-06   |            |       |100.00

Nlocal:              8 ave           8 max           8 min
Histogram: 1 0 0 0 0 0 0 0 0 0
Nghost:            229 ave         229 max         229 min
Histogram: 1 0 0 0 0 0 0 0 0 0
Neighs:              0 ave           0 max           0 min
Histogram: 1 0 0 0 0 0 0 0 0 0
FullNghs:          312 ave         312 max         312 min
Histogram: 1 0 0 0 0 0 0 0 0 0

Total # of neighbors = 312
Ave neighs/atom = 39
Neighbor list builds = 0
Dangerous builds = 0
next i
jump SELF loop_struct
clear
  using 1 OpenMP thread(s) per MPI task
log energies.log append
units metal
boundary p p p
atom_style atomic
read_data Si111_${i}.in
read_data Si111_23.in
Reading data file ...
  orthogonal box = (0 0 0) to (5.4437022 5.4437022 5.4437022)
  1 by 1 by 1 MPI processor grid
  reading atoms ...
  8 atoms
  reading velocities ...
  8 velocities
  read_data CPU = 0.000 seconds
mass 1 28.085
pair_style sw
pair_coeff * * Si.sw Si
Reading sw potential file Si.sw with DATE: 2007-06-11
run 0
WARNING: No fixes with time integration, atoms won't move (src/verlet.cpp:60)
Neighbor list info ...
  update: every = 1 steps, delay = 0 steps, check = yes
  max neighbors/atom: 2000, page size: 100000
  master list distance cutoff = 5.77118
  ghost atom cutoff = 5.77118
  binsize = 2.88559, bins = 2 2 2
  1 neighbor lists, perpetual/occasional/extra = 1 0 0
  (1) pair sw, perpetual
      attributes: full, newton on
      pair build: full/bin/atomonly
      stencil: full/bin/3d
      bin: standard
Per MPI rank memory allocation (min/avg/max) = 2.958 | 2.958 | 2.958 Mbytes
   Step          Temp          E_pair         E_mol          TotEng         Press     
         0   0              51.141916      0              51.141916      1522106      
Loop time of 1.07e-06 on 1 procs for 0 steps with 8 atoms

186.9% CPU use with 1 MPI tasks x 1 OpenMP threads

MPI task timing breakdown:
Section |  min time  |  avg time  |  max time  |%varavg| %total
---------------------------------------------------------------
Pair    | 0          | 0          | 0          |   0.0 |  0.00
Neigh   | 0          | 0          | 0          |   0.0 |  0.00
Comm    | 0          | 0          | 0          |   0.0 |  0.00
Output  | 0          | 0          | 0          |   0.0 |  0.00
Modify  | 0          | 0          | 0          |   0.0 |  0.00
Other   |            | 1.07e-06   |            |       |100.00

Nlocal:              8 ave           8 max           8 min
Histogram: 1 0 0 0 0 0 0 0 0 0
Nghost:            217 ave         217 max         217 min
Histogram: 1 0 0 0 0 0 0 0 0 0
Neighs:              0 ave           0 max           0 min
Histogram: 1 0 0 0 0 0 0 0 0 0
FullNghs:          316 ave         316 max         316 min
Histogram: 1 0 0 0 0 0 0 0 0 0

Total # of neighbors = 316
Ave neighs/atom = 39.5
Neighbor list builds = 0
Dangerous builds = 0
next i
jump SELF loop_struct
clear
  using 1 OpenMP thread(s) per MPI task
log energies.log append
units metal
boundary p p p
atom_style atomic
read_data Si111_${i}.in
read_data Si111_24.in
Reading data file ...
  orthogonal box = (0 0 0) to (5.4437022 5.4437022 5.4437022)
  1 by 1 by 1 MPI processor grid
  reading atoms ...
  8 atoms
  reading velocities ...
  8 velocities
  read_data CPU = 0.001 seconds
mass 1 28.085
pair_style sw
pair_coeff * * Si.sw Si
Reading sw potential file Si.sw with DATE: 2007-06-11
run 0
WARNING: No fixes with time integration, atoms won't move (src/verlet.cpp:60)
Neighbor list info ...
  update: every = 1 steps, delay = 0 steps, check = yes
  max neighbors/atom: 2000, page size: 100000
  master list distance cutoff = 5.77118
  ghost atom cutoff = 5.77118
  binsize = 2.88559, bins = 2 2 2
  1 neighbor lists, perpetual/occasional/extra = 1 0 0
  (1) pair sw, perpetual
      attributes: full, newton on
      pair build: full/bin/atomonly
      stencil: full/bin/3d
      bin: standard
Per MPI rank memory allocation (min/avg/max) = 2.958 | 2.958 | 2.958 Mbytes
   Step          Temp          E_pair         E_mol          TotEng         Press     
         0   0              515.75935      0              515.75935      7645561.7    
Loop time of 1.07e-06 on 1 procs for 0 steps with 8 atoms

0.0% CPU use with 1 MPI tasks x 1 OpenMP threads

MPI task timing breakdown:
Section |  min time  |  avg time  |  max time  |%varavg| %total
---------------------------------------------------------------
Pair    | 0          | 0          | 0          |   0.0 |  0.00
Neigh   | 0          | 0          | 0          |   0.0 |  0.00
Comm    | 0          | 0          | 0          |   0.0 |  0.00
Output  | 0          | 0          | 0          |   0.0 |  0.00
Modify  | 0          | 0          | 0          |   0.0 |  0.00
Other   |            | 1.07e-06   |            |       |100.00

Nlocal:              8 ave           8 max           8 min
Histogram: 1 0 0 0 0 0 0 0 0 0
Nghost:            208 ave         208 max         208 min
Histogram: 1 0 0 0 0 0 0 0 0 0
Neighs:              0 ave           0 max           0 min
Histogram: 1 0 0 0 0 0 0 0 0 0
FullNghs:          312 ave         312 max         312 min
Histogram: 1 0 0 0 0 0 0 0 0 0

Total # of neighbors = 312
Ave neighs/atom = 39
Neighbor list builds = 0
Dangerous builds = 0
next i
jump SELF loop_struct
clear
  using 1 OpenMP thread(s) per MPI task
log energies.log append
units metal
boundary p p p
atom_style atomic
read_data Si111_${i}.in
read_data Si111_25.in
Reading data file ...
  orthogonal box = (0 0 0) to (5.4437022 5.4437022 5.4437022)
  1 by 1 by 1 MPI processor grid
  reading atoms ...
  8 atoms
  reading velocities ...
  8 velocities
  read_data CPU = 0.000 seconds
mass 1 28.085
pair_style sw
pair_coeff * * Si.sw Si
Reading sw potential file Si.sw with DATE: 2007-06-11
run 0
WARNING: No fixes with time integration, atoms won't move (src/verlet.cpp:60)
Neighbor list info ...
  update: every = 1 steps, delay = 0 steps, check = yes
  max neighbors/atom: 2000, page size: 100000
  master list distance cutoff = 5.77118
  ghost atom cutoff = 5.77118
  binsize = 2.88559, bins = 2 2 2
  1 neighbor lists, perpetual/occasional/extra = 1 0 0
  (1) pair sw, perpetual
      attributes: full, newton on
      pair build: full/bin/atomonly
      stencil: full/bin/3d
      bin: standard
Per MPI rank memory allocation (min/avg/max) = 2.958 | 2.958 | 2.958 Mbytes
   Step          Temp          E_pair         E_mol          TotEng         Press     
         0   0              93.157661      0              93.157661      2127009.3    
Loop time of 1.09e-06 on 1 procs for 0 steps with 8 atoms

0.0% CPU use with 1 MPI tasks x 1 OpenMP threads

MPI task timing breakdown:
Section |  min time  |  avg time  |  max time  |%varavg| %total
---------------------------------------------------------------
Pair    | 0          | 0          | 0          |   0.0 |  0.00
Neigh   | 0          | 0          | 0          |   0.0 |  0.00
Comm    | 0          | 0          | 0          |   0.0 |  0.00
Output  | 0          | 0          | 0          |   0.0 |  0.00
Modify  | 0          | 0          | 0          |   0.0 |  0.00
Other   |            | 1.09e-06   |            |       |100.00

Nlocal:              8 ave           8 max           8 min
Histogram: 1 0 0 0 0 0 0 0 0 0
Nghost:            217 ave         217 max         217 min
Histogram: 1 0 0 0 0 0 0 0 0 0
Neighs:              0 ave           0 max           0 min
Histogram: 1 0 0 0 0 0 0 0 0 0
FullNghs:          298 ave         298 max         298 min
Histogram: 1 0 0 0 0 0 0 0 0 0

Total # of neighbors = 298
Ave neighs/atom = 37.25
Neighbor list builds = 0
Dangerous builds = 0
next i
jump SELF loop_struct
clear
  using 1 OpenMP thread(s) per MPI task
log energies.log append
units metal
boundary p p p
atom_style atomic
read_data Si111_${i}.in
read_data Si111_26.in
Reading data file ...
  orthogonal box = (0 0 0) to (5.4437022 5.4437022 5.4437022)
  1 by 1 by 1 MPI processor grid
  reading atoms ...
  8 atoms
  reading velocities ...
  8 velocities
  read_data CPU = 0.000 seconds
mass 1 28.085
pair_style sw
pair_coeff * * Si.sw Si
Reading sw potential file Si.sw with DATE: 2007-06-11
run 0
WARNING: No fixes with time integration, atoms won't move (src/verlet.cpp:60)
Neighbor list info ...
  update: every = 1 steps, delay = 0 steps, check = yes
  max neighbors/atom: 2000, page size: 100000
  master list distance cutoff = 5.77118
  ghost atom cutoff = 5.77118
  binsize = 2.88559, bins = 2 2 2
  1 neighbor lists, perpetual/occasional/extra = 1 0 0
  (1) pair sw, perpetual
      attributes: full, newton on
      pair build: full/bin/atomonly
      stencil: full/bin/3d
      bin: standard
Per MPI rank memory allocation (min/avg/max) = 2.958 | 2.958 | 2.958 Mbytes
   Step          Temp          E_pair         E_mol          TotEng         Press     
         0   0              1891.4366      0              1891.4366      26359278     
Loop time of 1.07e-06 on 1 procs for 0 steps with 8 atoms

0.0% CPU use with 1 MPI tasks x 1 OpenMP threads

MPI task timing breakdown:
Section |  min time  |  avg time  |  max time  |%varavg| %total
---------------------------------------------------------------
Pair    | 0          | 0          | 0          |   0.0 |  0.00
Neigh   | 0          | 0          | 0          |   0.0 |  0.00
Comm    | 0          | 0          | 0          |   0.0 |  0.00
Output  | 0          | 0          | 0          |   0.0 |  0.00
Modify  | 0          | 0          | 0          |   0.0 |  0.00
Other   |            | 1.07e-06   |            |       |100.00

Nlocal:              8 ave           8 max           8 min
Histogram: 1 0 0 0 0 0 0 0 0 0
Nghost:            208 ave         208 max         208 min
Histogram: 1 0 0 0 0 0 0 0 0 0
Neighs:              0 ave           0 max           0 min
Histogram: 1 0 0 0 0 0 0 0 0 0
FullNghs:          300 ave         300 max         300 min
Histogram: 1 0 0 0 0 0 0 0 0 0

Total # of neighbors = 300
Ave neighs/atom = 37.5
Neighbor list builds = 0
Dangerous builds = 0
next i
jump SELF loop_struct
clear
  using 1 OpenMP thread(s) per MPI task
log energies.log append
units metal
boundary p p p
atom_style atomic
read_data Si111_${i}.in
read_data Si111_27.in
Reading data file ...
  orthogonal box = (0 0 0) to (5.4437022 5.4437022 5.4437022)
  1 by 1 by 1 MPI processor grid
  reading atoms ...
  8 atoms
  reading velocities ...
  8 velocities
  read_data CPU = 0.000 seconds
mass 1 28.085
pair_style sw
pair_coeff * * Si.sw Si
Reading sw potential file Si.sw with DATE: 2007-06-11
run 0
WARNING: No fixes with time integration, atoms won't move (src/verlet.cpp:60)
Neighbor list info ...
  update: every = 1 steps, delay = 0 steps, check = yes
  max neighbors/atom: 2000, page size: 100000
  master list distance cutoff = 5.77118
  ghost atom cutoff = 5.77118
  binsize = 2.88559, bins = 2 2 2
  1 neighbor lists, perpetual/occasional/extra = 1 0 0
  (1) pair sw, perpetual
      attributes: full, newton on
      pair build: full/bin/atomonly
      stencil: full/bin/3d
      bin: standard
Per MPI rank memory allocation (min/avg/max) = 2.958 | 2.958 | 2.958 Mbytes
   Step          Temp          E_pair         E_mol          TotEng         Press     
         0   0              765.39557      0              765.39557      11124777     
Loop time of 1.05e-06 on 1 procs for 0 steps with 8 atoms

0.0% CPU use with 1 MPI tasks x 1 OpenMP threads

MPI task timing breakdown:
Section |  min time  |  avg time  |  max time  |%varavg| %total
---------------------------------------------------------------
Pair    | 0          | 0          | 0          |   0.0 |  0.00
Neigh   | 0          | 0          | 0          |   0.0 |  0.00
Comm    | 0          | 0          | 0          |   0.0 |  0.00
Output  | 0          | 0          | 0          |   0.0 |  0.00
Modify  | 0          | 0          | 0          |   0.0 |  0.00
Other   |            | 1.05e-06   |            |       |100.00

Nlocal:              8 ave           8 max           8 min
Histogram: 1 0 0 0 0 0 0 0 0 0
Nghost:            208 ave         208 max         208 min
Histogram: 1 0 0 0 0 0 0 0 0 0
Neighs:              0 ave           0 max           0 min
Histogram: 1 0 0 0 0 0 0 0 0 0
FullNghs:          302 ave         302 max         302 min
Histogram: 1 0 0 0 0 0 0 0 0 0

Total # of neighbors = 302
Ave neighs/atom = 37.75
Neighbor list builds = 0
Dangerous builds = 0
next i
jump SELF loop_struct
clear
  using 1 OpenMP thread(s) per MPI task
log energies.log append
units metal
boundary p p p
atom_style atomic
read_data Si111_${i}.in
read_data Si111_28.in
Reading data file ...
  orthogonal box = (0 0 0) to (5.4437022 5.4437022 5.4437022)
  1 by 1 by 1 MPI processor grid
  reading atoms ...
  8 atoms
  reading velocities ...
  8 velocities
  read_data CPU = 0.001 seconds
mass 1 28.085
pair_style sw
pair_coeff * * Si.sw Si
Reading sw potential file Si.sw with DATE: 2007-06-11
run 0
WARNING: No fixes with time integration, atoms won't move (src/verlet.cpp:60)
Neighbor list info ...
  update: every = 1 steps, delay = 0 steps, check = yes
  max neighbors/atom: 2000, page size: 100000
  master list distance cutoff = 5.77118
  ghost atom cutoff = 5.77118
  binsize = 2.88559, bins = 2 2 2
  1 neighbor lists, perpetual/occasional/extra = 1 0 0
  (1) pair sw, perpetual
      attributes: full, newton on
      pair build: full/bin/atomonly
      stencil: full/bin/3d
      bin: standard
Per MPI rank memory allocation (min/avg/max) = 2.958 | 2.958 | 2.958 Mbytes
   Step          Temp          E_pair         E_mol          TotEng         Press     
         0   0              25.827793      0              25.827793      974118.54    
Loop time of 1.05e-06 on 1 procs for 0 steps with 8 atoms

0.0% CPU use with 1 MPI tasks x 1 OpenMP threads

MPI task timing breakdown:
Section |  min time  |  avg time  |  max time  |%varavg| %total
---------------------------------------------------------------
Pair    | 0          | 0          | 0          |   0.0 |  0.00
Neigh   | 0          | 0          | 0          |   0.0 |  0.00
Comm    | 0          | 0          | 0          |   0.0 |  0.00
Output  | 0          | 0          | 0          |   0.0 |  0.00
Modify  | 0          | 0          | 0          |   0.0 |  0.00
Other   |            | 1.05e-06   |            |       |100.00

Nlocal:              8 ave           8 max           8 min
Histogram: 1 0 0 0 0 0 0 0 0 0
Nghost:            247 ave         247 max         247 min
Histogram: 1 0 0 0 0 0 0 0 0 0
Neighs:              0 ave           0 max           0 min
Histogram: 1 0 0 0 0 0 0 0 0 0
FullNghs:          312 ave         312 max         312 min
Histogram: 1 0 0 0 0 0 0 0 0 0

Total # of neighbors = 312
Ave neighs/atom = 39
Neighbor list builds = 0
Dangerous builds = 0
next i
jump SELF loop_struct
clear
  using 1 OpenMP thread(s) per MPI task
log energies.log append
units metal
boundary p p p
atom_style atomic
read_data Si111_${i}.in
read_data Si111_29.in
Reading data file ...
  orthogonal box = (0 0 0) to (5.4437022 5.4437022 5.4437022)
  1 by 1 by 1 MPI processor grid
  reading atoms ...
  8 atoms
  reading velocities ...
  8 velocities
  read_data CPU = 0.000 seconds
mass 1 28.085
pair_style sw
pair_coeff * * Si.sw Si
Reading sw potential file Si.sw with DATE: 2007-06-11
run 0
WARNING: No fixes with time integration, atoms won't move (src/verlet.cpp:60)
Neighbor list info ...
  update: every = 1 steps, delay = 0 steps, check = yes
  max neighbors/atom: 2000, page size: 100000
  master list distance cutoff = 5.77118
  ghost atom cutoff = 5.77118
  binsize = 2.88559, bins = 2 2 2
  1 neighbor lists, perpetual/occasional/extra = 1 0 0
  (1) pair sw, perpetual
      attributes: full, newton on
      pair build: full/bin/atomonly
      stencil: full/bin/3d
      bin: standard
Per MPI rank memory allocation (min/avg/max) = 2.958 | 2.958 | 2.958 Mbytes
   Step          Temp          E_pair         E_mol          TotEng         Press     
         0   0              10.853971      0              10.853971      992871.21    
Loop time of 1.18e-06 on 1 procs for 0 steps with 8 atoms

0.0% CPU use with 1 MPI tasks x 1 OpenMP threads

MPI task timing breakdown:
Section |  min time  |  avg time  |  max time  |%varavg| %total
---------------------------------------------------------------
Pair    | 0          | 0          | 0          |   0.0 |  0.00
Neigh   | 0          | 0          | 0          |   0.0 |  0.00
Comm    | 0          | 0          | 0          |   0.0 |  0.00
Output  | 0          | 0          | 0          |   0.0 |  0.00
Modify  | 0          | 0          | 0          |   0.0 |  0.00
Other   |            | 1.18e-06   |            |       |100.00

Nlocal:              8 ave           8 max           8 min
Histogram: 1 0 0 0 0 0 0 0 0 0
Nghost:            208 ave         208 max         208 min
Histogram: 1 0 0 0 0 0 0 0 0 0
Neighs:              0 ave           0 max           0 min
Histogram: 1 0 0 0 0 0 0 0 0 0
FullNghs:          304 ave         304 max         304 min
Histogram: 1 0 0 0 0 0 0 0 0 0

Total # of neighbors = 304
Ave neighs/atom = 38
Neighbor list builds = 0
Dangerous builds = 0
next i
jump SELF loop_struct
clear
  using 1 OpenMP thread(s) per MPI task
log energies.log append
units metal
boundary p p p
atom_style atomic
read_data Si111_${i}.in
read_data Si111_30.in
Reading data file ...
  orthogonal box = (0 0 0) to (5.4437022 5.4437022 5.4437022)
  1 by 1 by 1 MPI processor grid
  reading atoms ...
  8 atoms
  reading velocities ...
  8 velocities
  read_data CPU = 0.001 seconds
mass 1 28.085
pair_style sw
pair_coeff * * Si.sw Si
Reading sw potential file Si.sw with DATE: 2007-06-11
run 0
WARNING: No fixes with time integration, atoms won't move (src/verlet.cpp:60)
Neighbor list info ...
  update: every = 1 steps, delay = 0 steps, check = yes
  max neighbors/atom: 2000, page size: 100000
  master list distance cutoff = 5.77118
  ghost atom cutoff = 5.77118
  binsize = 2.88559, bins = 2 2 2
  1 neighbor lists, perpetual/occasional/extra = 1 0 0
  (1) pair sw, perpetual
      attributes: full, newton on
      pair build: full/bin/atomonly
      stencil: full/bin/3d
      bin: standard
Per MPI rank memory allocation (min/avg/max) = 2.958 | 2.958 | 2.958 Mbytes
   Step          Temp          E_pair         E_mol          TotEng         Press     
         0   0              9.7598594      0              9.7598594      837058.2     
Loop time of 1.06e-06 on 1 procs for 0 steps with 8 atoms

0.0% CPU use with 1 MPI tasks x 1 OpenMP threads

MPI task timing breakdown:
Section |  min time  |  avg time  |  max time  |%varavg| %total
---------------------------------------------------------------
Pair    | 0          | 0          | 0          |   0.0 |  0.00
Neigh   | 0          | 0          | 0          |   0.0 |  0.00
Comm    | 0          | 0          | 0          |   0.0 |  0.00
Output  | 0          | 0          | 0          |   0.0 |  0.00
Modify  | 0          | 0          | 0          |   0.0 |  0.00
Other   |            | 1.06e-06   |            |       |100.00

Nlocal:              8 ave           8 max           8 min
Histogram: 1 0 0 0 0 0 0 0 0 0
Nghost:            208 ave         208 max         208 min
Histogram: 1 0 0 0 0 0 0 0 0 0
Neighs:              0 ave           0 max           0 min
Histogram: 1 0 0 0 0 0 0 0 0 0
FullNghs:          308 ave         308 max         308 min
Histogram: 1 0 0 0 0 0 0 0 0 0

Total # of neighbors = 308
Ave neighs/atom = 38.5
Neighbor list builds = 0
Dangerous builds = 0
next i
jump SELF loop_struct
clear
  using 1 OpenMP thread(s) per MPI task
log energies.log append
units metal
boundary p p p
atom_style atomic
read_data Si111_${i}.in
read_data Si111_31.in
Reading data file ...
  orthogonal box = (0 0 0) to (5.4437022 5.4437022 5.4437022)
  1 by 1 by 1 MPI processor grid
  reading atoms ...
  8 atoms
  reading velocities ...
  8 velocities
  read_data CPU = 0.001 seconds
mass 1 28.085
pair_style sw
pair_coeff * * Si.sw Si
Reading sw potential file Si.sw with DATE: 2007-06-11
run 0
WARNING: No fixes with time integration, atoms won't move (src/verlet.cpp:60)
Neighbor list info ...
  update: every = 1 steps, delay = 0 steps, check = yes
  max neighbors/atom: 2000, page size: 100000
  master list distance cutoff = 5.77118
  ghost atom cutoff = 5.77118
  binsize = 2.88559, bins = 2 2 2
  1 neighbor lists, perpetual/occasional/extra = 1 0 0
  (1) pair sw, perpetual
      attributes: full, newton on
      pair build: full/bin/atomonly
      stencil: full/bin/3d
      bin: standard
Per MPI rank memory allocation (min/avg/max) = 2.958 | 2.958 | 2.958 Mbytes
   Step          Temp          E_pair         E_mol          TotEng         Press     
         0   0              54.894927      0              54.894927      1434162      
Loop time of 1.07e-06 on 1 procs for 0 steps with 8 atoms

0.0% CPU use with 1 MPI tasks x 1 OpenMP threads

MPI task timing breakdown:
Section |  min time  |  avg time  |  max time  |%varavg| %total
---------------------------------------------------------------
Pair    | 0          | 0          | 0          |   0.0 |  0.00
Neigh   | 0          | 0          | 0          |   0.0 |  0.00
Comm    | 0          | 0          | 0          |   0.0 |  0.00
Output  | 0          | 0          | 0          |   0.0 |  0.00
Modify  | 0          | 0          | 0          |   0.0 |  0.00
Other   |            | 1.07e-06   |            |       |100.00

Nlocal:              8 ave           8 max           8 min
Histogram: 1 0 0 0 0 0 0 0 0 0
Nghost:            226 ave         226 max         226 min
Histogram: 1 0 0 0 0 0 0 0 0 0
Neighs:              0 ave           0 max           0 min
Histogram: 1 0 0 0 0 0 0 0 0 0
FullNghs:          314 ave         314 max         314 min
Histogram: 1 0 0 0 0 0 0 0 0 0

Total # of neighbors = 314
Ave neighs/atom = 39.25
Neighbor list builds = 0
Dangerous builds = 0
next i
jump SELF loop_struct
clear
  using 1 OpenMP thread(s) per MPI task
log energies.log append
units metal
boundary p p p
atom_style atomic
read_data Si111_${i}.in
read_data Si111_32.in
Reading data file ...
  orthogonal box = (0 0 0) to (5.4437022 5.4437022 5.4437022)
  1 by 1 by 1 MPI processor grid
  reading atoms ...
  8 atoms
  reading velocities ...
  8 velocities
  read_data CPU = 0.000 seconds
mass 1 28.085
pair_style sw
pair_coeff * * Si.sw Si
Reading sw potential file Si.sw with DATE: 2007-06-11
run 0
WARNING: No fixes with time integration, atoms won't move (src/verlet.cpp:60)
Neighbor list info ...
  update: every = 1 steps, delay = 0 steps, check = yes
  max neighbors/atom: 2000, page size: 100000
  master list distance cutoff = 5.77118
  ghost atom cutoff = 5.77118
  binsize = 2.88559, bins = 2 2 2
  1 neighbor lists, perpetual/occasional/extra = 1 0 0
  (1) pair sw, perpetual
      attributes: full, newton on
      pair build: full/bin/atomonly
      stencil: full/bin/3d
      bin: standard
Per MPI rank memory allocation (min/avg/max) = 2.958 | 2.958 | 2.958 Mbytes
   Step          Temp          E_pair         E_mol          TotEng         Press     
         0   0              50108125       0              50108125       6.646882e+11 
Loop time of 1.081e-06 on 1 procs for 0 steps with 8 atoms

0.0% CPU use with 1 MPI tasks x 1 OpenMP threads

MPI task timing breakdown:
Section |  min time  |  avg time  |  max time  |%varavg| %total
---------------------------------------------------------------
Pair    | 0          | 0          | 0          |   0.0 |  0.00
Neigh   | 0          | 0          | 0          |   0.0 |  0.00
Comm    | 0          | 0          | 0          |   0.0 |  0.00
Output  | 0          | 0          | 0          |   0.0 |  0.00
Modify  | 0          | 0          | 0          |   0.0 |  0.00
Other   |            | 1.081e-06  |            |       |100.00

Nlocal:              8 ave           8 max           8 min
Histogram: 1 0 0 0 0 0 0 0 0 0
Nghost:            319 ave         319 max         319 min
Histogram: 1 0 0 0 0 0 0 0 0 0
Neighs:              0 ave           0 max           0 min
Histogram: 1 0 0 0 0 0 0 0 0 0
FullNghs:          314 ave         314 max         314 min
Histogram: 1 0 0 0 0 0 0 0 0 0

Total # of neighbors = 314
Ave neighs/atom = 39.25
Neighbor list builds = 0
Dangerous builds = 0
next i
jump SELF loop_struct
clear
  using 1 OpenMP thread(s) per MPI task
log energies.log append
units metal
boundary p p p
atom_style atomic
read_data Si111_${i}.in
read_data Si111_33.in
Reading data file ...
  orthogonal box = (0 0 0) to (5.4437022 5.4437022 5.4437022)
  1 by 1 by 1 MPI processor grid
  reading atoms ...
  8 atoms
  reading velocities ...
  8 velocities
  read_data CPU = 0.000 seconds
mass 1 28.085
pair_style sw
pair_coeff * * Si.sw Si
Reading sw potential file Si.sw with DATE: 2007-06-11
run 0
WARNING: No fixes with time integration, atoms won't move (src/verlet.cpp:60)
Neighbor list info ...
  update: every = 1 steps, delay = 0 steps, check = yes
  max neighbors/atom: 2000, page size: 100000
  master list distance cutoff = 5.77118
  ghost atom cutoff = 5.77118
  binsize = 2.88559, bins = 2 2 2
  1 neighbor lists, perpetual/occasional/extra = 1 0 0
  (1) pair sw, perpetual
      attributes: full, newton on
      pair build: full/bin/atomonly
      stencil: full/bin/3d
      bin: standard
Per MPI rank memory allocation (min/avg/max) = 2.958 | 2.958 | 2.958 Mbytes
   Step          Temp          E_pair         E_mol          TotEng         Press     
         0   0             -nan            0             -nan           -nan          
Loop time of 1.07e-06 on 1 procs for 0 steps with 8 atoms

0.0% CPU use with 1 MPI tasks x 1 OpenMP threads

MPI task timing breakdown:
Section |  min time  |  avg time  |  max time  |%varavg| %total
---------------------------------------------------------------
Pair    | 0          | 0          | 0          |   0.0 |  0.00
Neigh   | 0          | 0          | 0          |   0.0 |  0.00
Comm    | 0          | 0          | 0          |   0.0 |  0.00
Output  | 0          | 0          | 0          |   0.0 |  0.00
Modify  | 0          | 0          | 0          |   0.0 |  0.00
Other   |            | 1.07e-06   |            |       |100.00

Nlocal:              8 ave           8 max           8 min
Histogram: 1 0 0 0 0 0 0 0 0 0
Nghost:            319 ave         319 max         319 min
Histogram: 1 0 0 0 0 0 0 0 0 0
Neighs:              0 ave           0 max           0 min
Histogram: 1 0 0 0 0 0 0 0 0 0
FullNghs:          314 ave         314 max         314 min
Histogram: 1 0 0 0 0 0 0 0 0 0

Total # of neighbors = 314
Ave neighs/atom = 39.25
Neighbor list builds = 0
Dangerous builds = 0
next i
jump SELF loop_struct
clear
  using 1 OpenMP thread(s) per MPI task
log energies.log append
units metal
boundary p p p
atom_style atomic
read_data Si111_${i}.in
read_data Si111_34.in
Reading data file ...
  orthogonal box = (0 0 0) to (5.4437022 5.4437022 5.4437022)
  1 by 1 by 1 MPI processor grid
  reading atoms ...
  8 atoms
  reading velocities ...
  8 velocities
  read_data CPU = 0.001 seconds
mass 1 28.085
pair_style sw
pair_coeff * * Si.sw Si
Reading sw potential file Si.sw with DATE: 2007-06-11
run 0
WARNING: No fixes with time integration, atoms won't move (src/verlet.cpp:60)
Neighbor list info ...
  update: every = 1 steps, delay = 0 steps, check = yes
  max neighbors/atom: 2000, page size: 100000
  master list distance cutoff = 5.77118
  ghost atom cutoff = 5.77118
  binsize = 2.88559, bins = 2 2 2
  1 neighbor lists, perpetual/occasional/extra = 1 0 0
  (1) pair sw, perpetual
      attributes: full, newton on
      pair build: full/bin/atomonly
      stencil: full/bin/3d
      bin: standard
Per MPI rank memory allocation (min/avg/max) = 2.958 | 2.958 | 2.958 Mbytes
   Step          Temp          E_pair         E_mol          TotEng         Press     
         0   0              25.816172      0              25.816172      918625.7     
Loop time of 1.06e-06 on 1 procs for 0 steps with 8 atoms

0.0% CPU use with 1 MPI tasks x 1 OpenMP threads

MPI task timing breakdown:
Section |  min time  |  avg time  |  max time  |%varavg| %total
---------------------------------------------------------------
Pair    | 0          | 0          | 0          |   0.0 |  0.00
Neigh   | 0          | 0          | 0          |   0.0 |  0.00
Comm    | 0          | 0          | 0          |   0.0 |  0.00
Output  | 0          | 0          | 0          |   0.0 |  0.00
Modify  | 0          | 0          | 0          |   0.0 |  0.00
Other   |            | 1.06e-06   |            |       |100.00

Nlocal:              8 ave           8 max           8 min
Histogram: 1 0 0 0 0 0 0 0 0 0
Nghost:            226 ave         226 max         226 min
Histogram: 1 0 0 0 0 0 0 0 0 0
Neighs:              0 ave           0 max           0 min
Histogram: 1 0 0 0 0 0 0 0 0 0
FullNghs:          308 ave         308 max         308 min
Histogram: 1 0 0 0 0 0 0 0 0 0

Total # of neighbors = 308
Ave neighs/atom = 38.5
Neighbor list builds = 0
Dangerous builds = 0
next i
jump SELF loop_struct
clear
  using 1 OpenMP thread(s) per MPI task
log energies.log append
units metal
boundary p p p
atom_style atomic
read_data Si111_${i}.in
read_data Si111_35.in
Reading data file ...
  orthogonal box = (0 0 0) to (5.4437022 5.4437022 5.4437022)
  1 by 1 by 1 MPI processor grid
  reading atoms ...
  8 atoms
  reading velocities ...
  8 velocities
  read_data CPU = 0.000 seconds
mass 1 28.085
pair_style sw
pair_coeff * * Si.sw Si
Reading sw potential file Si.sw with DATE: 2007-06-11
run 0
WARNING: No fixes with time integration, atoms won't move (src/verlet.cpp:60)
Neighbor list info ...
  update: every = 1 steps, delay = 0 steps, check = yes
  max neighbors/atom: 2000, page size: 100000
  master list distance cutoff = 5.77118
  ghost atom cutoff = 5.77118
  binsize = 2.88559, bins = 2 2 2
  1 neighbor lists, perpetual/occasional/extra = 1 0 0
  (1) pair sw, perpetual
      attributes: full, newton on
      pair build: full/bin/atomonly
      stencil: full/bin/3d
      bin: standard
Per MPI rank memory allocation (min/avg/max) = 2.958 | 2.958 | 2.958 Mbytes
   Step          Temp          E_pair         E_mol          TotEng         Press     
         0   0              170.64402      0              170.64402      3224881.1    
Loop time of 1.07e-06 on 1 procs for 0 steps with 8 atoms

0.0% CPU use with 1 MPI tasks x 1 OpenMP threads

MPI task timing breakdown:
Section |  min time  |  avg time  |  max time  |%varavg| %total
---------------------------------------------------------------
Pair    | 0          | 0          | 0          |   0.0 |  0.00
Neigh   | 0          | 0          | 0          |   0.0 |  0.00
Comm    | 0          | 0          | 0          |   0.0 |  0.00
Output  | 0          | 0          | 0          |   0.0 |  0.00
Modify  | 0          | 0          | 0          |   0.0 |  0.00
Other   |            | 1.07e-06   |            |       |100.00

Nlocal:              8 ave           8 max           8 min
Histogram: 1 0 0 0 0 0 0 0 0 0
Nghost:            217 ave         217 max         217 min
Histogram: 1 0 0 0 0 0 0 0 0 0
Neighs:              0 ave           0 max           0 min
Histogram: 1 0 0 0 0 0 0 0 0 0
FullNghs:          302 ave         302 max         302 min
Histogram: 1 0 0 0 0 0 0 0 0 0

Total # of neighbors = 302
Ave neighs/atom = 37.75
Neighbor list builds = 0
Dangerous builds = 0
next i
jump SELF loop_struct
clear
  using 1 OpenMP thread(s) per MPI task
log energies.log append
units metal
boundary p p p
atom_style atomic
read_data Si111_${i}.in
read_data Si111_36.in
Reading data file ...
  orthogonal box = (0 0 0) to (5.4437022 5.4437022 5.4437022)
  1 by 1 by 1 MPI processor grid
  reading atoms ...
  8 atoms
  reading velocities ...
  8 velocities
  read_data CPU = 0.000 seconds
mass 1 28.085
pair_style sw
pair_coeff * * Si.sw Si
Reading sw potential file Si.sw with DATE: 2007-06-11
run 0
WARNING: No fixes with time integration, atoms won't move (src/verlet.cpp:60)
Neighbor list info ...
  update: every = 1 steps, delay = 0 steps, check = yes
  max neighbors/atom: 2000, page size: 100000
  master list distance cutoff = 5.77118
  ghost atom cutoff = 5.77118
  binsize = 2.88559, bins = 2 2 2
  1 neighbor lists, perpetual/occasional/extra = 1 0 0
  (1) pair sw, perpetual
      attributes: full, newton on
      pair build: full/bin/atomonly
      stencil: full/bin/3d
      bin: standard
Per MPI rank memory allocation (min/avg/max) = 2.958 | 2.958 | 2.958 Mbytes
   Step          Temp          E_pair         E_mol          TotEng         Press     
         0   0              226.73011      0              226.73011      4022773.5    
Loop time of 1.08e-06 on 1 procs for 0 steps with 8 atoms

0.0% CPU use with 1 MPI tasks x 1 OpenMP threads

MPI task timing breakdown:
Section |  min time  |  avg time  |  max time  |%varavg| %total
---------------------------------------------------------------
Pair    | 0          | 0          | 0          |   0.0 |  0.00
Neigh   | 0          | 0          | 0          |   0.0 |  0.00
Comm    | 0          | 0          | 0          |   0.0 |  0.00
Output  | 0          | 0          | 0          |   0.0 |  0.00
Modify  | 0          | 0          | 0          |   0.0 |  0.00
Other   |            | 1.08e-06   |            |       |100.00

Nlocal:              8 ave           8 max           8 min
Histogram: 1 0 0 0 0 0 0 0 0 0
Nghost:            208 ave         208 max         208 min
Histogram: 1 0 0 0 0 0 0 0 0 0
Neighs:              0 ave           0 max           0 min
Histogram: 1 0 0 0 0 0 0 0 0 0
FullNghs:          302 ave         302 max         302 min
Histogram: 1 0 0 0 0 0 0 0 0 0

Total # of neighbors = 302
Ave neighs/atom = 37.75
Neighbor list builds = 0
Dangerous builds = 0
next i
jump SELF loop_struct
clear
  using 1 OpenMP thread(s) per MPI task
log energies.log append
units metal
boundary p p p
atom_style atomic
read_data Si111_${i}.in
read_data Si111_37.in
Reading data file ...
  orthogonal box = (0 0 0) to (5.4437022 5.4437022 5.4437022)
  1 by 1 by 1 MPI processor grid
  reading atoms ...
  8 atoms
  reading velocities ...
  8 velocities
  read_data CPU = 0.000 seconds
mass 1 28.085
pair_style sw
pair_coeff * * Si.sw Si
Reading sw potential file Si.sw with DATE: 2007-06-11
run 0
WARNING: No fixes with time integration, atoms won't move (src/verlet.cpp:60)
Neighbor list info ...
  update: every = 1 steps, delay = 0 steps, check = yes
  max neighbors/atom: 2000, page size: 100000
  master list distance cutoff = 5.77118
  ghost atom cutoff = 5.77118
  binsize = 2.88559, bins = 2 2 2
  1 neighbor lists, perpetual/occasional/extra = 1 0 0
  (1) pair sw, perpetual
      attributes: full, newton on
      pair build: full/bin/atomonly
      stencil: full/bin/3d
      bin: standard
Per MPI rank memory allocation (min/avg/max) = 2.958 | 2.958 | 2.958 Mbytes
   Step          Temp          E_pair         E_mol          TotEng         Press     
         0   0              40.243653      0              40.243653      1324073      
Loop time of 1.05e-06 on 1 procs for 0 steps with 8 atoms

95.2% CPU use with 1 MPI tasks x 1 OpenMP threads

MPI task timing breakdown:
Section |  min time  |  avg time  |  max time  |%varavg| %total
---------------------------------------------------------------
Pair    | 0          | 0          | 0          |   0.0 |  0.00
Neigh   | 0          | 0          | 0          |   0.0 |  0.00
Comm    | 0          | 0          | 0          |   0.0 |  0.00
Output  | 0          | 0          | 0          |   0.0 |  0.00
Modify  | 0          | 0          | 0          |   0.0 |  0.00
Other   |            | 1.05e-06   |            |       |100.00

Nlocal:              8 ave           8 max           8 min
Histogram: 1 0 0 0 0 0 0 0 0 0
Nghost:            235 ave         235 max         235 min
Histogram: 1 0 0 0 0 0 0 0 0 0
Neighs:              0 ave           0 max           0 min
Histogram: 1 0 0 0 0 0 0 0 0 0
FullNghs:          296 ave         296 max         296 min
Histogram: 1 0 0 0 0 0 0 0 0 0

Total # of neighbors = 296
Ave neighs/atom = 37
Neighbor list builds = 0
Dangerous builds = 0
next i
jump SELF loop_struct
clear
  using 1 OpenMP thread(s) per MPI task
log energies.log append
units metal
boundary p p p
atom_style atomic
read_data Si111_${i}.in
read_data Si111_38.in
Reading data file ...
  orthogonal box = (0 0 0) to (5.4437022 5.4437022 5.4437022)
  1 by 1 by 1 MPI processor grid
  reading atoms ...
  8 atoms
  reading velocities ...
  8 velocities
  read_data CPU = 0.000 seconds
mass 1 28.085
pair_style sw
pair_coeff * * Si.sw Si
Reading sw potential file Si.sw with DATE: 2007-06-11
run 0
WARNING: No fixes with time integration, atoms won't move (src/verlet.cpp:60)
Neighbor list info ...
  update: every = 1 steps, delay = 0 steps, check = yes
  max neighbors/atom: 2000, page size: 100000
  master list distance cutoff = 5.77118
  ghost atom cutoff = 5.77118
  binsize = 2.88559, bins = 2 2 2
  1 neighbor lists, perpetual/occasional/extra = 1 0 0
  (1) pair sw, perpetual
      attributes: full, newton on
      pair build: full/bin/atomonly
      stencil: full/bin/3d
      bin: standard
Per MPI rank memory allocation (min/avg/max) = 2.958 | 2.958 | 2.958 Mbytes
   Step          Temp          E_pair         E_mol          TotEng         Press     
         0   0              136.36957      0              136.36957      2635619.1    
Loop time of 1.09e-06 on 1 procs for 0 steps with 8 atoms

0.0% CPU use with 1 MPI tasks x 1 OpenMP threads

MPI task timing breakdown:
Section |  min time  |  avg time  |  max time  |%varavg| %total
---------------------------------------------------------------
Pair    | 0          | 0          | 0          |   0.0 |  0.00
Neigh   | 0          | 0          | 0          |   0.0 |  0.00
Comm    | 0          | 0          | 0          |   0.0 |  0.00
Output  | 0          | 0          | 0          |   0.0 |  0.00
Modify  | 0          | 0          | 0          |   0.0 |  0.00
Other   |            | 1.09e-06   |            |       |100.00

Nlocal:              8 ave           8 max           8 min
Histogram: 1 0 0 0 0 0 0 0 0 0
Nghost:            247 ave         247 max         247 min
Histogram: 1 0 0 0 0 0 0 0 0 0
Neighs:              0 ave           0 max           0 min
Histogram: 1 0 0 0 0 0 0 0 0 0
FullNghs:          306 ave         306 max         306 min
Histogram: 1 0 0 0 0 0 0 0 0 0

Total # of neighbors = 306
Ave neighs/atom = 38.25
Neighbor list builds = 0
Dangerous builds = 0
next i
jump SELF loop_struct
clear
  using 1 OpenMP thread(s) per MPI task
log energies.log append
units metal
boundary p p p
atom_style atomic
read_data Si111_${i}.in
read_data Si111_39.in
Reading data file ...
  orthogonal box = (0 0 0) to (5.4437022 5.4437022 5.4437022)
  1 by 1 by 1 MPI processor grid
  reading atoms ...
  8 atoms
  reading velocities ...
  8 velocities
  read_data CPU = 0.000 seconds
mass 1 28.085
pair_style sw
pair_coeff * * Si.sw Si
Reading sw potential file Si.sw with DATE: 2007-06-11
run 0
WARNING: No fixes with time integration, atoms won't move (src/verlet.cpp:60)
Neighbor list info ...
  update: every = 1 steps, delay = 0 steps, check = yes
  max neighbors/atom: 2000, page size: 100000
  master list distance cutoff = 5.77118
  ghost atom cutoff = 5.77118
  binsize = 2.88559, bins = 2 2 2
  1 neighbor lists, perpetual/occasional/extra = 1 0 0
  (1) pair sw, perpetual
      attributes: full, newton on
      pair build: full/bin/atomonly
      stencil: full/bin/3d
      bin: standard
Per MPI rank memory allocation (min/avg/max) = 2.958 | 2.958 | 2.958 Mbytes
   Step          Temp          E_pair         E_mol          TotEng         Press     
         0   0              213.53322      0              213.53322      3660007      
Loop time of 1.08e-06 on 1 procs for 0 steps with 8 atoms

0.0% CPU use with 1 MPI tasks x 1 OpenMP threads

MPI task timing breakdown:
Section |  min time  |  avg time  |  max time  |%varavg| %total
---------------------------------------------------------------
Pair    | 0          | 0          | 0          |   0.0 |  0.00
Neigh   | 0          | 0          | 0          |   0.0 |  0.00
Comm    | 0          | 0          | 0          |   0.0 |  0.00
Output  | 0          | 0          | 0          |   0.0 |  0.00
Modify  | 0          | 0          | 0          |   0.0 |  0.00
Other   |            | 1.08e-06   |            |       |100.00

Nlocal:              8 ave           8 max           8 min
Histogram: 1 0 0 0 0 0 0 0 0 0
Nghost:            208 ave         208 max         208 min
Histogram: 1 0 0 0 0 0 0 0 0 0
Neighs:              0 ave           0 max           0 min
Histogram: 1 0 0 0 0 0 0 0 0 0
FullNghs:          292 ave         292 max         292 min
Histogram: 1 0 0 0 0 0 0 0 0 0

Total # of neighbors = 292
Ave neighs/atom = 36.5
Neighbor list builds = 0
Dangerous builds = 0
next i
jump SELF loop_struct
clear
  using 1 OpenMP thread(s) per MPI task
log energies.log append
units metal
boundary p p p
atom_style atomic
read_data Si111_${i}.in
read_data Si111_40.in
Reading data file ...
  orthogonal box = (0 0 0) to (5.4437022 5.4437022 5.4437022)
  1 by 1 by 1 MPI processor grid
  reading atoms ...
  8 atoms
  reading velocities ...
  8 velocities
  read_data CPU = 0.000 seconds
mass 1 28.085
pair_style sw
pair_coeff * * Si.sw Si
Reading sw potential file Si.sw with DATE: 2007-06-11
run 0
WARNING: No fixes with time integration, atoms won't move (src/verlet.cpp:60)
Neighbor list info ...
  update: every = 1 steps, delay = 0 steps, check = yes
  max neighbors/atom: 2000, page size: 100000
  master list distance cutoff = 5.77118
  ghost atom cutoff = 5.77118
  binsize = 2.88559, bins = 2 2 2
  1 neighbor lists, perpetual/occasional/extra = 1 0 0
  (1) pair sw, perpetual
      attributes: full, newton on
      pair build: full/bin/atomonly
      stencil: full/bin/3d
      bin: standard
Per MPI rank memory allocation (min/avg/max) = 2.958 | 2.958 | 2.958 Mbytes
   Step          Temp          E_pair         E_mol          TotEng         Press     
         0   0              4504.6573      0              4504.6573      61654065     
Loop time of 1.1e-06 on 1 procs for 0 steps with 8 atoms

90.9% CPU use with 1 MPI tasks x 1 OpenMP threads

MPI task timing breakdown:
Section |  min time  |  avg time  |  max time  |%varavg| %total
---------------------------------------------------------------
Pair    | 0          | 0          | 0          |   0.0 |  0.00
Neigh   | 0          | 0          | 0          |   0.0 |  0.00
Comm    | 0          | 0          | 0          |   0.0 |  0.00
Output  | 0          | 0          | 0          |   0.0 |  0.00
Modify  | 0          | 0          | 0          |   0.0 |  0.00
Other   |            | 1.1e-06    |            |       |100.00

Nlocal:              8 ave           8 max           8 min
Histogram: 1 0 0 0 0 0 0 0 0 0
Nghost:            217 ave         217 max         217 min
Histogram: 1 0 0 0 0 0 0 0 0 0
Neighs:              0 ave           0 max           0 min
Histogram: 1 0 0 0 0 0 0 0 0 0
FullNghs:          326 ave         326 max         326 min
Histogram: 1 0 0 0 0 0 0 0 0 0

Total # of neighbors = 326
Ave neighs/atom = 40.75
Neighbor list builds = 0
Dangerous builds = 0
next i
jump SELF loop_struct
clear
  using 1 OpenMP thread(s) per MPI task
log energies.log append
units metal
boundary p p p
atom_style atomic
read_data Si111_${i}.in
read_data Si111_41.in
Reading data file ...
  orthogonal box = (0 0 0) to (5.4437022 5.4437022 5.4437022)
  1 by 1 by 1 MPI processor grid
  reading atoms ...
  8 atoms
  reading velocities ...
  8 velocities
  read_data CPU = 0.000 seconds
mass 1 28.085
pair_style sw
pair_coeff * * Si.sw Si
Reading sw potential file Si.sw with DATE: 2007-06-11
run 0
WARNING: No fixes with time integration, atoms won't move (src/verlet.cpp:60)
Neighbor list info ...
  update: every = 1 steps, delay = 0 steps, check = yes
  max neighbors/atom: 2000, page size: 100000
  master list distance cutoff = 5.77118
  ghost atom cutoff = 5.77118
  binsize = 2.88559, bins = 2 2 2
  1 neighbor lists, perpetual/occasional/extra = 1 0 0
  (1) pair sw, perpetual
      attributes: full, newton on
      pair build: full/bin/atomonly
      stencil: full/bin/3d
      bin: standard
Per MPI rank memory allocation (min/avg/max) = 2.958 | 2.958 | 2.958 Mbytes
   Step          Temp          E_pair         E_mol          TotEng         Press     
         0   0              742.17387      0              742.17387      10865841     
Loop time of 1.06e-06 on 1 procs for 0 steps with 8 atoms

94.3% CPU use with 1 MPI tasks x 1 OpenMP threads

MPI task timing breakdown:
Section |  min time  |  avg time  |  max time  |%varavg| %total
---------------------------------------------------------------
Pair    | 0          | 0          | 0          |   0.0 |  0.00
Neigh   | 0          | 0          | 0          |   0.0 |  0.00
Comm    | 0          | 0          | 0          |   0.0 |  0.00
Output  | 0          | 0          | 0          |   0.0 |  0.00
Modify  | 0          | 0          | 0          |   0.0 |  0.00
Other   |            | 1.06e-06   |            |       |100.00

Nlocal:              8 ave           8 max           8 min
Histogram: 1 0 0 0 0 0 0 0 0 0
Nghost:            217 ave         217 max         217 min
Histogram: 1 0 0 0 0 0 0 0 0 0
Neighs:              0 ave           0 max           0 min
Histogram: 1 0 0 0 0 0 0 0 0 0
FullNghs:          302 ave         302 max         302 min
Histogram: 1 0 0 0 0 0 0 0 0 0

Total # of neighbors = 302
Ave neighs/atom = 37.75
Neighbor list builds = 0
Dangerous builds = 0
next i
jump SELF loop_struct
clear
  using 1 OpenMP thread(s) per MPI task
log energies.log append
units metal
boundary p p p
atom_style atomic
read_data Si111_${i}.in
read_data Si111_42.in
Reading data file ...
  orthogonal box = (0 0 0) to (5.4437022 5.4437022 5.4437022)
  1 by 1 by 1 MPI processor grid
  reading atoms ...
  8 atoms
  reading velocities ...
  8 velocities
  read_data CPU = 0.000 seconds
mass 1 28.085
pair_style sw
pair_coeff * * Si.sw Si
Reading sw potential file Si.sw with DATE: 2007-06-11
run 0
WARNING: No fixes with time integration, atoms won't move (src/verlet.cpp:60)
Neighbor list info ...
  update: every = 1 steps, delay = 0 steps, check = yes
  max neighbors/atom: 2000, page size: 100000
  master list distance cutoff = 5.77118
  ghost atom cutoff = 5.77118
  binsize = 2.88559, bins = 2 2 2
  1 neighbor lists, perpetual/occasional/extra = 1 0 0
  (1) pair sw, perpetual
      attributes: full, newton on
      pair build: full/bin/atomonly
      stencil: full/bin/3d
      bin: standard
Per MPI rank memory allocation (min/avg/max) = 2.958 | 2.958 | 2.958 Mbytes
   Step          Temp          E_pair         E_mol          TotEng         Press     
         0   0              18.936698      0              18.936698      929025.91    
Loop time of 1.06e-06 on 1 procs for 0 steps with 8 atoms

94.3% CPU use with 1 MPI tasks x 1 OpenMP threads

MPI task timing breakdown:
Section |  min time  |  avg time  |  max time  |%varavg| %total
---------------------------------------------------------------
Pair    | 0          | 0          | 0          |   0.0 |  0.00
Neigh   | 0          | 0          | 0          |   0.0 |  0.00
Comm    | 0          | 0          | 0          |   0.0 |  0.00
Output  | 0          | 0          | 0          |   0.0 |  0.00
Modify  | 0          | 0          | 0          |   0.0 |  0.00
Other   |            | 1.06e-06   |            |       |100.00

Nlocal:              8 ave           8 max           8 min
Histogram: 1 0 0 0 0 0 0 0 0 0
Nghost:            217 ave         217 max         217 min
Histogram: 1 0 0 0 0 0 0 0 0 0
Neighs:              0 ave           0 max           0 min
Histogram: 1 0 0 0 0 0 0 0 0 0
FullNghs:          302 ave         302 max         302 min
Histogram: 1 0 0 0 0 0 0 0 0 0

Total # of neighbors = 302
Ave neighs/atom = 37.75
Neighbor list builds = 0
Dangerous builds = 0
next i
jump SELF loop_struct
clear
  using 1 OpenMP thread(s) per MPI task
log energies.log append
units metal
boundary p p p
atom_style atomic
read_data Si111_${i}.in
read_data Si111_43.in
Reading data file ...
  orthogonal box = (0 0 0) to (5.4437022 5.4437022 5.4437022)
  1 by 1 by 1 MPI processor grid
  reading atoms ...
  8 atoms
  reading velocities ...
  8 velocities
  read_data CPU = 0.001 seconds
mass 1 28.085
pair_style sw
pair_coeff * * Si.sw Si
Reading sw potential file Si.sw with DATE: 2007-06-11
run 0
WARNING: No fixes with time integration, atoms won't move (src/verlet.cpp:60)
Neighbor list info ...
  update: every = 1 steps, delay = 0 steps, check = yes
  max neighbors/atom: 2000, page size: 100000
  master list distance cutoff = 5.77118
  ghost atom cutoff = 5.77118
  binsize = 2.88559, bins = 2 2 2
  1 neighbor lists, perpetual/occasional/extra = 1 0 0
  (1) pair sw, perpetual
      attributes: full, newton on
      pair build: full/bin/atomonly
      stencil: full/bin/3d
      bin: standard
Per MPI rank memory allocation (min/avg/max) = 2.958 | 2.958 | 2.958 Mbytes
   Step          Temp          E_pair         E_mol          TotEng         Press     
         0   0              36.097131      0              36.097131      1170148      
Loop time of 1.07e-06 on 1 procs for 0 steps with 8 atoms

0.0% CPU use with 1 MPI tasks x 1 OpenMP threads

MPI task timing breakdown:
Section |  min time  |  avg time  |  max time  |%varavg| %total
---------------------------------------------------------------
Pair    | 0          | 0          | 0          |   0.0 |  0.00
Neigh   | 0          | 0          | 0          |   0.0 |  0.00
Comm    | 0          | 0          | 0          |   0.0 |  0.00
Output  | 0          | 0          | 0          |   0.0 |  0.00
Modify  | 0          | 0          | 0          |   0.0 |  0.00
Other   |            | 1.07e-06   |            |       |100.00

Nlocal:              8 ave           8 max           8 min
Histogram: 1 0 0 0 0 0 0 0 0 0
Nghost:            208 ave         208 max         208 min
Histogram: 1 0 0 0 0 0 0 0 0 0
Neighs:              0 ave           0 max           0 min
Histogram: 1 0 0 0 0 0 0 0 0 0
FullNghs:          310 ave         310 max         310 min
Histogram: 1 0 0 0 0 0 0 0 0 0

Total # of neighbors = 310
Ave neighs/atom = 38.75
Neighbor list builds = 0
Dangerous builds = 0
next i
jump SELF loop_struct
clear
  using 1 OpenMP thread(s) per MPI task
log energies.log append
units metal
boundary p p p
atom_style atomic
read_data Si111_${i}.in
read_data Si111_44.in
Reading data file ...
  orthogonal box = (0 0 0) to (5.4437022 5.4437022 5.4437022)
  1 by 1 by 1 MPI processor grid
  reading atoms ...
  8 atoms
  reading velocities ...
  8 velocities
  read_data CPU = 0.000 seconds
mass 1 28.085
pair_style sw
pair_coeff * * Si.sw Si
Reading sw potential file Si.sw with DATE: 2007-06-11
run 0
WARNING: No fixes with time integration, atoms won't move (src/verlet.cpp:60)
Neighbor list info ...
  update: every = 1 steps, delay = 0 steps, check = yes
  max neighbors/atom: 2000, page size: 100000
  master list distance cutoff = 5.77118
  ghost atom cutoff = 5.77118
  binsize = 2.88559, bins = 2 2 2
  1 neighbor lists, perpetual/occasional/extra = 1 0 0
  (1) pair sw, perpetual
      attributes: full, newton on
      pair build: full/bin/atomonly
      stencil: full/bin/3d
      bin: standard
Per MPI rank memory allocation (min/avg/max) = 2.958 | 2.958 | 2.958 Mbytes
   Step          Temp          E_pair         E_mol          TotEng         Press     
         0   0              73.298792      0              73.298792      1651565.9    
Loop time of 1.081e-06 on 1 procs for 0 steps with 8 atoms

0.0% CPU use with 1 MPI tasks x 1 OpenMP threads

MPI task timing breakdown:
Section |  min time  |  avg time  |  max time  |%varavg| %total
---------------------------------------------------------------
Pair    | 0          | 0          | 0          |   0.0 |  0.00
Neigh   | 0          | 0          | 0          |   0.0 |  0.00
Comm    | 0          | 0          | 0          |   0.0 |  0.00
Output  | 0          | 0          | 0          |   0.0 |  0.00
Modify  | 0          | 0          | 0          |   0.0 |  0.00
Other   |            | 1.081e-06  |            |       |100.00

Nlocal:              8 ave           8 max           8 min
Histogram: 1 0 0 0 0 0 0 0 0 0
Nghost:            208 ave         208 max         208 min
Histogram: 1 0 0 0 0 0 0 0 0 0
Neighs:              0 ave           0 max           0 min
Histogram: 1 0 0 0 0 0 0 0 0 0
FullNghs:          302 ave         302 max         302 min
Histogram: 1 0 0 0 0 0 0 0 0 0

Total # of neighbors = 302
Ave neighs/atom = 37.75
Neighbor list builds = 0
Dangerous builds = 0
next i
jump SELF loop_struct
clear
  using 1 OpenMP thread(s) per MPI task
log energies.log append
units metal
boundary p p p
atom_style atomic
read_data Si111_${i}.in
read_data Si111_45.in
Reading data file ...
  orthogonal box = (0 0 0) to (5.4437022 5.4437022 5.4437022)
  1 by 1 by 1 MPI processor grid
  reading atoms ...
  8 atoms
  reading velocities ...
  8 velocities
  read_data CPU = 0.000 seconds
mass 1 28.085
pair_style sw
pair_coeff * * Si.sw Si
Reading sw potential file Si.sw with DATE: 2007-06-11
run 0
WARNING: No fixes with time integration, atoms won't move (src/verlet.cpp:60)
Neighbor list info ...
  update: every = 1 steps, delay = 0 steps, check = yes
  max neighbors/atom: 2000, page size: 100000
  master list distance cutoff = 5.77118
  ghost atom cutoff = 5.77118
  binsize = 2.88559, bins = 2 2 2
  1 neighbor lists, perpetual/occasional/extra = 1 0 0
  (1) pair sw, perpetual
      attributes: full, newton on
      pair build: full/bin/atomonly
      stencil: full/bin/3d
      bin: standard
Per MPI rank memory allocation (min/avg/max) = 2.958 | 2.958 | 2.958 Mbytes
   Step          Temp          E_pair         E_mol          TotEng         Press     
         0   0              647.57041      0              647.57041      9593679.1    
Loop time of 1.06e-06 on 1 procs for 0 steps with 8 atoms

94.3% CPU use with 1 MPI tasks x 1 OpenMP threads

MPI task timing breakdown:
Section |  min time  |  avg time  |  max time  |%varavg| %total
---------------------------------------------------------------
Pair    | 0          | 0          | 0          |   0.0 |  0.00
Neigh   | 0          | 0          | 0          |   0.0 |  0.00
Comm    | 0          | 0          | 0          |   0.0 |  0.00
Output  | 0          | 0          | 0          |   0.0 |  0.00
Modify  | 0          | 0          | 0          |   0.0 |  0.00
Other   |            | 1.06e-06   |            |       |100.00

Nlocal:              8 ave           8 max           8 min
Histogram: 1 0 0 0 0 0 0 0 0 0
Nghost:            208 ave         208 max         208 min
Histogram: 1 0 0 0 0 0 0 0 0 0
Neighs:              0 ave           0 max           0 min
Histogram: 1 0 0 0 0 0 0 0 0 0
FullNghs:          292 ave         292 max         292 min
Histogram: 1 0 0 0 0 0 0 0 0 0

Total # of neighbors = 292
Ave neighs/atom = 36.5
Neighbor list builds = 0
Dangerous builds = 0
next i
jump SELF loop_struct
clear
  using 1 OpenMP thread(s) per MPI task
log energies.log append
units metal
boundary p p p
atom_style atomic
read_data Si111_${i}.in
read_data Si111_46.in
Reading data file ...
  orthogonal box = (0 0 0) to (5.4437022 5.4437022 5.4437022)
  1 by 1 by 1 MPI processor grid
  reading atoms ...
  8 atoms
  reading velocities ...
  8 velocities
  read_data CPU = 0.000 seconds
mass 1 28.085
pair_style sw
pair_coeff * * Si.sw Si
Reading sw potential file Si.sw with DATE: 2007-06-11
run 0
WARNING: No fixes with time integration, atoms won't move (src/verlet.cpp:60)
Neighbor list info ...
  update: every = 1 steps, delay = 0 steps, check = yes
  max neighbors/atom: 2000, page size: 100000
  master list distance cutoff = 5.77118
  ghost atom cutoff = 5.77118
  binsize = 2.88559, bins = 2 2 2
  1 neighbor lists, perpetual/occasional/extra = 1 0 0
  (1) pair sw, perpetual
      attributes: full, newton on
      pair build: full/bin/atomonly
      stencil: full/bin/3d
      bin: standard
Per MPI rank memory allocation (min/avg/max) = 2.958 | 2.958 | 2.958 Mbytes
   Step          Temp          E_pair         E_mol          TotEng         Press     
         0   0             -13.933726      0             -13.933726      370388.29    
Loop time of 1.06e-06 on 1 procs for 0 steps with 8 atoms

94.3% CPU use with 1 MPI tasks x 1 OpenMP threads

MPI task timing breakdown:
Section |  min time  |  avg time  |  max time  |%varavg| %total
---------------------------------------------------------------
Pair    | 0          | 0          | 0          |   0.0 |  0.00
Neigh   | 0          | 0          | 0          |   0.0 |  0.00
Comm    | 0          | 0          | 0          |   0.0 |  0.00
Output  | 0          | 0          | 0          |   0.0 |  0.00
Modify  | 0          | 0          | 0          |   0.0 |  0.00
Other   |            | 1.06e-06   |            |       |100.00

Nlocal:              8 ave           8 max           8 min
Histogram: 1 0 0 0 0 0 0 0 0 0
Nghost:            217 ave         217 max         217 min
Histogram: 1 0 0 0 0 0 0 0 0 0
Neighs:              0 ave           0 max           0 min
Histogram: 1 0 0 0 0 0 0 0 0 0
FullNghs:          314 ave         314 max         314 min
Histogram: 1 0 0 0 0 0 0 0 0 0

Total # of neighbors = 314
Ave neighs/atom = 39.25
Neighbor list builds = 0
Dangerous builds = 0
next i
jump SELF loop_struct
clear
  using 1 OpenMP thread(s) per MPI task
log energies.log append
units metal
boundary p p p
atom_style atomic
read_data Si111_${i}.in
read_data Si111_47.in
Reading data file ...
  orthogonal box = (0 0 0) to (5.4437022 5.4437022 5.4437022)
  1 by 1 by 1 MPI processor grid
  reading atoms ...
  8 atoms
  reading velocities ...
  8 velocities
  read_data CPU = 0.000 seconds
mass 1 28.085
pair_style sw
pair_coeff * * Si.sw Si
Reading sw potential file Si.sw with DATE: 2007-06-11
run 0
WARNING: No fixes with time integration, atoms won't move (src/verlet.cpp:60)
Neighbor list info ...
  update: every = 1 steps, delay = 0 steps, check = yes
  max neighbors/atom: 2000, page size: 100000
  master list distance cutoff = 5.77118
  ghost atom cutoff = 5.77118
  binsize = 2.88559, bins = 2 2 2
  1 neighbor lists, perpetual/occasional/extra = 1 0 0
  (1) pair sw, perpetual
      attributes: full, newton on
      pair build: full/bin/atomonly
      stencil: full/bin/3d
      bin: standard
Per MPI rank memory allocation (min/avg/max) = 2.958 | 2.958 | 2.958 Mbytes
   Step          Temp          E_pair         E_mol          TotEng         Press     
         0   0              24.715804      0              24.715804      1135658.6    
Loop time of 1.21e-06 on 1 procs for 0 steps with 8 atoms

0.0% CPU use with 1 MPI tasks x 1 OpenMP threads

MPI task timing breakdown:
Section |  min time  |  avg time  |  max time  |%varavg| %total
---------------------------------------------------------------
Pair    | 0          | 0          | 0          |   0.0 |  0.00
Neigh   | 0          | 0          | 0          |   0.0 |  0.00
Comm    | 0          | 0          | 0          |   0.0 |  0.00
Output  | 0          | 0          | 0          |   0.0 |  0.00
Modify  | 0          | 0          | 0          |   0.0 |  0.00
Other   |            | 1.21e-06   |            |       |100.00

Nlocal:              8 ave           8 max           8 min
Histogram: 1 0 0 0 0 0 0 0 0 0
Nghost:            217 ave         217 max         217 min
Histogram: 1 0 0 0 0 0 0 0 0 0
Neighs:              0 ave           0 max           0 min
Histogram: 1 0 0 0 0 0 0 0 0 0
FullNghs:          316 ave         316 max         316 min
Histogram: 1 0 0 0 0 0 0 0 0 0

Total # of neighbors = 316
Ave neighs/atom = 39.5
Neighbor list builds = 0
Dangerous builds = 0
next i
jump SELF loop_struct
clear
  using 1 OpenMP thread(s) per MPI task
log energies.log append
units metal
boundary p p p
atom_style atomic
read_data Si111_${i}.in
read_data Si111_48.in
Reading data file ...
  orthogonal box = (0 0 0) to (5.4437022 5.4437022 5.4437022)
  1 by 1 by 1 MPI processor grid
  reading atoms ...
  8 atoms
  reading velocities ...
  8 velocities
  read_data CPU = 0.000 seconds
mass 1 28.085
pair_style sw
pair_coeff * * Si.sw Si
Reading sw potential file Si.sw with DATE: 2007-06-11
run 0
WARNING: No fixes with time integration, atoms won't move (src/verlet.cpp:60)
Neighbor list info ...
  update: every = 1 steps, delay = 0 steps, check = yes
  max neighbors/atom: 2000, page size: 100000
  master list distance cutoff = 5.77118
  ghost atom cutoff = 5.77118
  binsize = 2.88559, bins = 2 2 2
  1 neighbor lists, perpetual/occasional/extra = 1 0 0
  (1) pair sw, perpetual
      attributes: full, newton on
      pair build: full/bin/atomonly
      stencil: full/bin/3d
      bin: standard
Per MPI rank memory allocation (min/avg/max) = 2.958 | 2.958 | 2.958 Mbytes
   Step          Temp          E_pair         E_mol          TotEng         Press     
         0   0              79.573801      0              79.573801      1856985.8    
Loop time of 1.07e-06 on 1 procs for 0 steps with 8 atoms

0.0% CPU use with 1 MPI tasks x 1 OpenMP threads

MPI task timing breakdown:
Section |  min time  |  avg time  |  max time  |%varavg| %total
---------------------------------------------------------------
Pair    | 0          | 0          | 0          |   0.0 |  0.00
Neigh   | 0          | 0          | 0          |   0.0 |  0.00
Comm    | 0          | 0          | 0          |   0.0 |  0.00
Output  | 0          | 0          | 0          |   0.0 |  0.00
Modify  | 0          | 0          | 0          |   0.0 |  0.00
Other   |            | 1.07e-06   |            |       |100.00

Nlocal:              8 ave           8 max           8 min
Histogram: 1 0 0 0 0 0 0 0 0 0
Nghost:            217 ave         217 max         217 min
Histogram: 1 0 0 0 0 0 0 0 0 0
Neighs:              0 ave           0 max           0 min
Histogram: 1 0 0 0 0 0 0 0 0 0
FullNghs:          310 ave         310 max         310 min
Histogram: 1 0 0 0 0 0 0 0 0 0

Total # of neighbors = 310
Ave neighs/atom = 38.75
Neighbor list builds = 0
Dangerous builds = 0
next i
jump SELF loop_struct
clear
  using 1 OpenMP thread(s) per MPI task
log energies.log append
units metal
boundary p p p
atom_style atomic
read_data Si111_${i}.in
read_data Si111_49.in
Reading data file ...
  orthogonal box = (0 0 0) to (5.4437022 5.4437022 5.4437022)
  1 by 1 by 1 MPI processor grid
  reading atoms ...
  8 atoms
  reading velocities ...
  8 velocities
  read_data CPU = 0.000 seconds
mass 1 28.085
pair_style sw
pair_coeff * * Si.sw Si
Reading sw potential file Si.sw with DATE: 2007-06-11
run 0
WARNING: No fixes with time integration, atoms won't move (src/verlet.cpp:60)
Neighbor list info ...
  update: every = 1 steps, delay = 0 steps, check = yes
  max neighbors/atom: 2000, page size: 100000
  master list distance cutoff = 5.77118
  ghost atom cutoff = 5.77118
  binsize = 2.88559, bins = 2 2 2
  1 neighbor lists, perpetual/occasional/extra = 1 0 0
  (1) pair sw, perpetual
      attributes: full, newton on
      pair build: full/bin/atomonly
      stencil: full/bin/3d
      bin: standard
Per MPI rank memory allocation (min/avg/max) = 2.958 | 2.958 | 2.958 Mbytes
   Step          Temp          E_pair         E_mol          TotEng         Press     
         0   0              89.932574      0              89.932574      1907364.5    
Loop time of 1.06e-06 on 1 procs for 0 steps with 8 atoms

0.0% CPU use with 1 MPI tasks x 1 OpenMP threads

MPI task timing breakdown:
Section |  min time  |  avg time  |  max time  |%varavg| %total
---------------------------------------------------------------
Pair    | 0          | 0          | 0          |   0.0 |  0.00
Neigh   | 0          | 0          | 0          |   0.0 |  0.00
Comm    | 0          | 0          | 0          |   0.0 |  0.00
Output  | 0          | 0          | 0          |   0.0 |  0.00
Modify  | 0          | 0          | 0          |   0.0 |  0.00
Other   |            | 1.06e-06   |            |       |100.00

Nlocal:              8 ave           8 max           8 min
Histogram: 1 0 0 0 0 0 0 0 0 0
Nghost:            229 ave         229 max         229 min
Histogram: 1 0 0 0 0 0 0 0 0 0
Neighs:              0 ave           0 max           0 min
Histogram: 1 0 0 0 0 0 0 0 0 0
FullNghs:          308 ave         308 max         308 min
Histogram: 1 0 0 0 0 0 0 0 0 0

Total # of neighbors = 308
Ave neighs/atom = 38.5
Neighbor list builds = 0
Dangerous builds = 0
next i
jump SELF loop_struct
clear
  using 1 OpenMP thread(s) per MPI task
log energies.log append
units metal
boundary p p p
atom_style atomic
read_data Si111_${i}.in
read_data Si111_50.in
Reading data file ...
  orthogonal box = (0 0 0) to (5.4437022 5.4437022 5.4437022)
  1 by 1 by 1 MPI processor grid
  reading atoms ...
  8 atoms
  reading velocities ...
  8 velocities
  read_data CPU = 0.000 seconds
mass 1 28.085
pair_style sw
pair_coeff * * Si.sw Si
Reading sw potential file Si.sw with DATE: 2007-06-11
run 0
WARNING: No fixes with time integration, atoms won't move (src/verlet.cpp:60)
Neighbor list info ...
  update: every = 1 steps, delay = 0 steps, check = yes
  max neighbors/atom: 2000, page size: 100000
  master list distance cutoff = 5.77118
  ghost atom cutoff = 5.77118
  binsize = 2.88559, bins = 2 2 2
  1 neighbor lists, perpetual/occasional/extra = 1 0 0
  (1) pair sw, perpetual
      attributes: full, newton on
      pair build: full/bin/atomonly
      stencil: full/bin/3d
      bin: standard
Per MPI rank memory allocation (min/avg/max) = 2.958 | 2.958 | 2.958 Mbytes
   Step          Temp          E_pair         E_mol          TotEng         Press     
         0   0              45.420554      0              45.420554      1469743.4    
Loop time of 1.06e-06 on 1 procs for 0 steps with 8 atoms

0.0% CPU use with 1 MPI tasks x 1 OpenMP threads

MPI task timing breakdown:
Section |  min time  |  avg time  |  max time  |%varavg| %total
---------------------------------------------------------------
Pair    | 0          | 0          | 0          |   0.0 |  0.00
Neigh   | 0          | 0          | 0          |   0.0 |  0.00
Comm    | 0          | 0          | 0          |   0.0 |  0.00
Output  | 0          | 0          | 0          |   0.0 |  0.00
Modify  | 0          | 0          | 0          |   0.0 |  0.00
Other   |            | 1.06e-06   |            |       |100.00

Nlocal:              8 ave           8 max           8 min
Histogram: 1 0 0 0 0 0 0 0 0 0
Nghost:            217 ave         217 max         217 min
Histogram: 1 0 0 0 0 0 0 0 0 0
Neighs:              0 ave           0 max           0 min
Histogram: 1 0 0 0 0 0 0 0 0 0
FullNghs:          308 ave         308 max         308 min
Histogram: 1 0 0 0 0 0 0 0 0 0

Total # of neighbors = 308
Ave neighs/atom = 38.5
Neighbor list builds = 0
Dangerous builds = 0
next i
jump SELF loop_struct
clear
  using 1 OpenMP thread(s) per MPI task
log energies.log append
units metal
boundary p p p
atom_style atomic
read_data Si111_${i}.in
read_data Si111_51.in
Reading data file ...
  orthogonal box = (0 0 0) to (5.4437022 5.4437022 5.4437022)
  1 by 1 by 1 MPI processor grid
  reading atoms ...
  8 atoms
  reading velocities ...
  8 velocities
  read_data CPU = 0.000 seconds
mass 1 28.085
pair_style sw
pair_coeff * * Si.sw Si
Reading sw potential file Si.sw with DATE: 2007-06-11
run 0
WARNING: No fixes with time integration, atoms won't move (src/verlet.cpp:60)
Neighbor list info ...
  update: every = 1 steps, delay = 0 steps, check = yes
  max neighbors/atom: 2000, page size: 100000
  master list distance cutoff = 5.77118
  ghost atom cutoff = 5.77118
  binsize = 2.88559, bins = 2 2 2
  1 neighbor lists, perpetual/occasional/extra = 1 0 0
  (1) pair sw, perpetual
      attributes: full, newton on
      pair build: full/bin/atomonly
      stencil: full/bin/3d
      bin: standard
Per MPI rank memory allocation (min/avg/max) = 2.958 | 2.958 | 2.958 Mbytes
   Step          Temp          E_pair         E_mol          TotEng         Press     
         0   0              15.592963      0              15.592963      1019320      
Loop time of 1.05e-06 on 1 procs for 0 steps with 8 atoms

95.2% CPU use with 1 MPI tasks x 1 OpenMP threads

MPI task timing breakdown:
Section |  min time  |  avg time  |  max time  |%varavg| %total
---------------------------------------------------------------
Pair    | 0          | 0          | 0          |   0.0 |  0.00
Neigh   | 0          | 0          | 0          |   0.0 |  0.00
Comm    | 0          | 0          | 0          |   0.0 |  0.00
Output  | 0          | 0          | 0          |   0.0 |  0.00
Modify  | 0          | 0          | 0          |   0.0 |  0.00
Other   |            | 1.05e-06   |            |       |100.00

Nlocal:              8 ave           8 max           8 min
Histogram: 1 0 0 0 0 0 0 0 0 0
Nghost:            208 ave         208 max         208 min
Histogram: 1 0 0 0 0 0 0 0 0 0
Neighs:              0 ave           0 max           0 min
Histogram: 1 0 0 0 0 0 0 0 0 0
FullNghs:          298 ave         298 max         298 min
Histogram: 1 0 0 0 0 0 0 0 0 0

Total # of neighbors = 298
Ave neighs/atom = 37.25
Neighbor list builds = 0
Dangerous builds = 0
next i
jump SELF loop_struct
clear
  using 1 OpenMP thread(s) per MPI task
log energies.log append
units metal
boundary p p p
atom_style atomic
read_data Si111_${i}.in
read_data Si111_52.in
Reading data file ...
  orthogonal box = (0 0 0) to (5.4437022 5.4437022 5.4437022)
  1 by 1 by 1 MPI processor grid
  reading atoms ...
  8 atoms
  reading velocities ...
  8 velocities
  read_data CPU = 0.000 seconds
mass 1 28.085
pair_style sw
pair_coeff * * Si.sw Si
Reading sw potential file Si.sw with DATE: 2007-06-11
run 0
WARNING: No fixes with time integration, atoms won't move (src/verlet.cpp:60)
Neighbor list info ...
  update: every = 1 steps, delay = 0 steps, check = yes
  max neighbors/atom: 2000, page size: 100000
  master list distance cutoff = 5.77118
  ghost atom cutoff = 5.77118
  binsize = 2.88559, bins = 2 2 2
  1 neighbor lists, perpetual/occasional/extra = 1 0 0
  (1) pair sw, perpetual
      attributes: full, newton on
      pair build: full/bin/atomonly
      stencil: full/bin/3d
      bin: standard
Per MPI rank memory allocation (min/avg/max) = 2.958 | 2.958 | 2.958 Mbytes
   Step          Temp          E_pair         E_mol          TotEng         Press     
         0   0             -8.1799154      0             -8.1799154      461638.29    
Loop time of 1.06e-06 on 1 procs for 0 steps with 8 atoms

0.0% CPU use with 1 MPI tasks x 1 OpenMP threads

MPI task timing breakdown:
Section |  min time  |  avg time  |  max time  |%varavg| %total
---------------------------------------------------------------
Pair    | 0          | 0          | 0          |   0.0 |  0.00
Neigh   | 0          | 0          | 0          |   0.0 |  0.00
Comm    | 0          | 0          | 0          |   0.0 |  0.00
Output  | 0          | 0          | 0          |   0.0 |  0.00
Modify  | 0          | 0          | 0          |   0.0 |  0.00
Other   |            | 1.06e-06   |            |       |100.00

Nlocal:              8 ave           8 max           8 min
Histogram: 1 0 0 0 0 0 0 0 0 0
Nghost:            217 ave         217 max         217 min
Histogram: 1 0 0 0 0 0 0 0 0 0
Neighs:              0 ave           0 max           0 min
Histogram: 1 0 0 0 0 0 0 0 0 0
FullNghs:          304 ave         304 max         304 min
Histogram: 1 0 0 0 0 0 0 0 0 0

Total # of neighbors = 304
Ave neighs/atom = 38
Neighbor list builds = 0
Dangerous builds = 0
next i
jump SELF loop_struct
clear
  using 1 OpenMP thread(s) per MPI task
log energies.log append
units metal
boundary p p p
atom_style atomic
read_data Si111_${i}.in
read_data Si111_53.in
Reading data file ...
  orthogonal box = (0 0 0) to (5.4437022 5.4437022 5.4437022)
  1 by 1 by 1 MPI processor grid
  reading atoms ...
  8 atoms
  reading velocities ...
  8 velocities
  read_data CPU = 0.000 seconds
mass 1 28.085
pair_style sw
pair_coeff * * Si.sw Si
Reading sw potential file Si.sw with DATE: 2007-06-11
run 0
WARNING: No fixes with time integration, atoms won't move (src/verlet.cpp:60)
Neighbor list info ...
  update: every = 1 steps, delay = 0 steps, check = yes
  max neighbors/atom: 2000, page size: 100000
  master list distance cutoff = 5.77118
  ghost atom cutoff = 5.77118
  binsize = 2.88559, bins = 2 2 2
  1 neighbor lists, perpetual/occasional/extra = 1 0 0
  (1) pair sw, perpetual
      attributes: full, newton on
      pair build: full/bin/atomonly
      stencil: full/bin/3d
      bin: standard
Per MPI rank memory allocation (min/avg/max) = 2.958 | 2.958 | 2.958 Mbytes
   Step          Temp          E_pair         E_mol          TotEng         Press     
         0   0              41.990904      0              41.990904      1119868.9    
Loop time of 1.06e-06 on 1 procs for 0 steps with 8 atoms

0.0% CPU use with 1 MPI tasks x 1 OpenMP threads

MPI task timing breakdown:
Section |  min time  |  avg time  |  max time  |%varavg| %total
---------------------------------------------------------------
Pair    | 0          | 0          | 0          |   0.0 |  0.00
Neigh   | 0          | 0          | 0          |   0.0 |  0.00
Comm    | 0          | 0          | 0          |   0.0 |  0.00
Output  | 0          | 0          | 0          |   0.0 |  0.00
Modify  | 0          | 0          | 0          |   0.0 |  0.00
Other   |            | 1.06e-06   |            |       |100.00

Nlocal:              8 ave           8 max           8 min
Histogram: 1 0 0 0 0 0 0 0 0 0
Nghost:            226 ave         226 max         226 min
Histogram: 1 0 0 0 0 0 0 0 0 0
Neighs:              0 ave           0 max           0 min
Histogram: 1 0 0 0 0 0 0 0 0 0
FullNghs:          316 ave         316 max         316 min
Histogram: 1 0 0 0 0 0 0 0 0 0

Total # of neighbors = 316
Ave neighs/atom = 39.5
Neighbor list builds = 0
Dangerous builds = 0
next i
jump SELF loop_struct
clear
  using 1 OpenMP thread(s) per MPI task
log energies.log append
units metal
boundary p p p
atom_style atomic
read_data Si111_${i}.in
read_data Si111_54.in
Reading data file ...
  orthogonal box = (0 0 0) to (5.4437022 5.4437022 5.4437022)
  1 by 1 by 1 MPI processor grid
  reading atoms ...
  8 atoms
  reading velocities ...
  8 velocities
  read_data CPU = 0.000 seconds
mass 1 28.085
pair_style sw
pair_coeff * * Si.sw Si
Reading sw potential file Si.sw with DATE: 2007-06-11
run 0
WARNING: No fixes with time integration, atoms won't move (src/verlet.cpp:60)
Neighbor list info ...
  update: every = 1 steps, delay = 0 steps, check = yes
  max neighbors/atom: 2000, page size: 100000
  master list distance cutoff = 5.77118
  ghost atom cutoff = 5.77118
  binsize = 2.88559, bins = 2 2 2
  1 neighbor lists, perpetual/occasional/extra = 1 0 0
  (1) pair sw, perpetual
      attributes: full, newton on
      pair build: full/bin/atomonly
      stencil: full/bin/3d
      bin: standard
Per MPI rank memory allocation (min/avg/max) = 2.958 | 2.958 | 2.958 Mbytes
   Step          Temp          E_pair         E_mol          TotEng         Press     
         0   0              77.277876      0              77.277876      1729845.1    
Loop time of 1.05e-06 on 1 procs for 0 steps with 8 atoms

95.2% CPU use with 1 MPI tasks x 1 OpenMP threads

MPI task timing breakdown:
Section |  min time  |  avg time  |  max time  |%varavg| %total
---------------------------------------------------------------
Pair    | 0          | 0          | 0          |   0.0 |  0.00
Neigh   | 0          | 0          | 0          |   0.0 |  0.00
Comm    | 0          | 0          | 0          |   0.0 |  0.00
Output  | 0          | 0          | 0          |   0.0 |  0.00
Modify  | 0          | 0          | 0          |   0.0 |  0.00
Other   |            | 1.05e-06   |            |       |100.00

Nlocal:              8 ave           8 max           8 min
Histogram: 1 0 0 0 0 0 0 0 0 0
Nghost:            208 ave         208 max         208 min
Histogram: 1 0 0 0 0 0 0 0 0 0
Neighs:              0 ave           0 max           0 min
Histogram: 1 0 0 0 0 0 0 0 0 0
FullNghs:          308 ave         308 max         308 min
Histogram: 1 0 0 0 0 0 0 0 0 0

Total # of neighbors = 308
Ave neighs/atom = 38.5
Neighbor list builds = 0
Dangerous builds = 0
next i
jump SELF loop_struct
clear
  using 1 OpenMP thread(s) per MPI task
log energies.log append
units metal
boundary p p p
atom_style atomic
read_data Si111_${i}.in
read_data Si111_55.in
Reading data file ...
  orthogonal box = (0 0 0) to (5.4437022 5.4437022 5.4437022)
  1 by 1 by 1 MPI processor grid
  reading atoms ...
  8 atoms
  reading velocities ...
  8 velocities
  read_data CPU = 0.000 seconds
mass 1 28.085
pair_style sw
pair_coeff * * Si.sw Si
Reading sw potential file Si.sw with DATE: 2007-06-11
run 0
WARNING: No fixes with time integration, atoms won't move (src/verlet.cpp:60)
Neighbor list info ...
  update: every = 1 steps, delay = 0 steps, check = yes
  max neighbors/atom: 2000, page size: 100000
  master list distance cutoff = 5.77118
  ghost atom cutoff = 5.77118
  binsize = 2.88559, bins = 2 2 2
  1 neighbor lists, perpetual/occasional/extra = 1 0 0
  (1) pair sw, perpetual
      attributes: full, newton on
      pair build: full/bin/atomonly
      stencil: full/bin/3d
      bin: standard
Per MPI rank memory allocation (min/avg/max) = 2.958 | 2.958 | 2.958 Mbytes
   Step          Temp          E_pair         E_mol          TotEng         Press     
         0   0              28.430252      0              28.430252      863681.92    
Loop time of 1.08e-06 on 1 procs for 0 steps with 8 atoms

0.0% CPU use with 1 MPI tasks x 1 OpenMP threads

MPI task timing breakdown:
Section |  min time  |  avg time  |  max time  |%varavg| %total
---------------------------------------------------------------
Pair    | 0          | 0          | 0          |   0.0 |  0.00
Neigh   | 0          | 0          | 0          |   0.0 |  0.00
Comm    | 0          | 0          | 0          |   0.0 |  0.00
Output  | 0          | 0          | 0          |   0.0 |  0.00
Modify  | 0          | 0          | 0          |   0.0 |  0.00
Other   |            | 1.08e-06   |            |       |100.00

Nlocal:              8 ave           8 max           8 min
Histogram: 1 0 0 0 0 0 0 0 0 0
Nghost:            217 ave         217 max         217 min
Histogram: 1 0 0 0 0 0 0 0 0 0
Neighs:              0 ave           0 max           0 min
Histogram: 1 0 0 0 0 0 0 0 0 0
FullNghs:          322 ave         322 max         322 min
Histogram: 1 0 0 0 0 0 0 0 0 0

Total # of neighbors = 322
Ave neighs/atom = 40.25
Neighbor list builds = 0
Dangerous builds = 0
next i
jump SELF loop_struct
clear
  using 1 OpenMP thread(s) per MPI task
log energies.log append
units metal
boundary p p p
atom_style atomic
read_data Si111_${i}.in
read_data Si111_56.in
Reading data file ...
  orthogonal box = (0 0 0) to (5.4437022 5.4437022 5.4437022)
  1 by 1 by 1 MPI processor grid
  reading atoms ...
  8 atoms
  reading velocities ...
  8 velocities
  read_data CPU = 0.000 seconds
mass 1 28.085
pair_style sw
pair_coeff * * Si.sw Si
Reading sw potential file Si.sw with DATE: 2007-06-11
run 0
WARNING: No fixes with time integration, atoms won't move (src/verlet.cpp:60)
Neighbor list info ...
  update: every = 1 steps, delay = 0 steps, check = yes
  max neighbors/atom: 2000, page size: 100000
  master list distance cutoff = 5.77118
  ghost atom cutoff = 5.77118
  binsize = 2.88559, bins = 2 2 2
  1 neighbor lists, perpetual/occasional/extra = 1 0 0
  (1) pair sw, perpetual
      attributes: full, newton on
      pair build: full/bin/atomonly
      stencil: full/bin/3d
      bin: standard
Per MPI rank memory allocation (min/avg/max) = 2.958 | 2.958 | 2.958 Mbytes
   Step          Temp          E_pair         E_mol          TotEng         Press     
         0   0              180.0244       0              180.0244       3086451.5    
Loop time of 1.08e-06 on 1 procs for 0 steps with 8 atoms

0.0% CPU use with 1 MPI tasks x 1 OpenMP threads

MPI task timing breakdown:
Section |  min time  |  avg time  |  max time  |%varavg| %total
---------------------------------------------------------------
Pair    | 0          | 0          | 0          |   0.0 |  0.00
Neigh   | 0          | 0          | 0          |   0.0 |  0.00
Comm    | 0          | 0          | 0          |   0.0 |  0.00
Output  | 0          | 0          | 0          |   0.0 |  0.00
Modify  | 0          | 0          | 0          |   0.0 |  0.00
Other   |            | 1.08e-06   |            |       |100.00

Nlocal:              8 ave           8 max           8 min
Histogram: 1 0 0 0 0 0 0 0 0 0
Nghost:            208 ave         208 max         208 min
Histogram: 1 0 0 0 0 0 0 0 0 0
Neighs:              0 ave           0 max           0 min
Histogram: 1 0 0 0 0 0 0 0 0 0
FullNghs:          308 ave         308 max         308 min
Histogram: 1 0 0 0 0 0 0 0 0 0

Total # of neighbors = 308
Ave neighs/atom = 38.5
Neighbor list builds = 0
Dangerous builds = 0
next i
jump SELF loop_struct
clear
  using 1 OpenMP thread(s) per MPI task
log energies.log append
units metal
boundary p p p
atom_style atomic
read_data Si111_${i}.in
read_data Si111_57.in
Reading data file ...
  orthogonal box = (0 0 0) to (5.4437022 5.4437022 5.4437022)
  1 by 1 by 1 MPI processor grid
  reading atoms ...
  8 atoms
  reading velocities ...
  8 velocities
  read_data CPU = 0.000 seconds
mass 1 28.085
pair_style sw
pair_coeff * * Si.sw Si
Reading sw potential file Si.sw with DATE: 2007-06-11
run 0
WARNING: No fixes with time integration, atoms won't move (src/verlet.cpp:60)
Neighbor list info ...
  update: every = 1 steps, delay = 0 steps, check = yes
  max neighbors/atom: 2000, page size: 100000
  master list distance cutoff = 5.77118
  ghost atom cutoff = 5.77118
  binsize = 2.88559, bins = 2 2 2
  1 neighbor lists, perpetual/occasional/extra = 1 0 0
  (1) pair sw, perpetual
      attributes: full, newton on
      pair build: full/bin/atomonly
      stencil: full/bin/3d
      bin: standard
Per MPI rank memory allocation (min/avg/max) = 2.958 | 2.958 | 2.958 Mbytes
   Step          Temp          E_pair         E_mol          TotEng         Press     
         0   0              114.42048      0              114.42048      2100654.3    
Loop time of 1.06e-06 on 1 procs for 0 steps with 8 atoms

94.3% CPU use with 1 MPI tasks x 1 OpenMP threads

MPI task timing breakdown:
Section |  min time  |  avg time  |  max time  |%varavg| %total
---------------------------------------------------------------
Pair    | 0          | 0          | 0          |   0.0 |  0.00
Neigh   | 0          | 0          | 0          |   0.0 |  0.00
Comm    | 0          | 0          | 0          |   0.0 |  0.00
Output  | 0          | 0          | 0          |   0.0 |  0.00
Modify  | 0          | 0          | 0          |   0.0 |  0.00
Other   |            | 1.06e-06   |            |       |100.00

Nlocal:              8 ave           8 max           8 min
Histogram: 1 0 0 0 0 0 0 0 0 0
Nghost:            217 ave         217 max         217 min
Histogram: 1 0 0 0 0 0 0 0 0 0
Neighs:              0 ave           0 max           0 min
Histogram: 1 0 0 0 0 0 0 0 0 0
FullNghs:          310 ave         310 max         310 min
Histogram: 1 0 0 0 0 0 0 0 0 0

Total # of neighbors = 310
Ave neighs/atom = 38.75
Neighbor list builds = 0
Dangerous builds = 0
next i
jump SELF loop_struct
clear
  using 1 OpenMP thread(s) per MPI task
log energies.log append
units metal
boundary p p p
atom_style atomic
read_data Si111_${i}.in
read_data Si111_58.in
Reading data file ...
  orthogonal box = (0 0 0) to (5.4437022 5.4437022 5.4437022)
  1 by 1 by 1 MPI processor grid
  reading atoms ...
  8 atoms
  reading velocities ...
  8 velocities
  read_data CPU = 0.000 seconds
mass 1 28.085
pair_style sw
pair_coeff * * Si.sw Si
Reading sw potential file Si.sw with DATE: 2007-06-11
run 0
WARNING: No fixes with time integration, atoms won't move (src/verlet.cpp:60)
Neighbor list info ...
  update: every = 1 steps, delay = 0 steps, check = yes
  max neighbors/atom: 2000, page size: 100000
  master list distance cutoff = 5.77118
  ghost atom cutoff = 5.77118
  binsize = 2.88559, bins = 2 2 2
  1 neighbor lists, perpetual/occasional/extra = 1 0 0
  (1) pair sw, perpetual
      attributes: full, newton on
      pair build: full/bin/atomonly
      stencil: full/bin/3d
      bin: standard
Per MPI rank memory allocation (min/avg/max) = 2.958 | 2.958 | 2.958 Mbytes
   Step          Temp          E_pair         E_mol          TotEng         Press     
         0   0              30.041414      0              30.041414      1136628.4    
Loop time of 1.05e-06 on 1 procs for 0 steps with 8 atoms

0.0% CPU use with 1 MPI tasks x 1 OpenMP threads

MPI task timing breakdown:
Section |  min time  |  avg time  |  max time  |%varavg| %total
---------------------------------------------------------------
Pair    | 0          | 0          | 0          |   0.0 |  0.00
Neigh   | 0          | 0          | 0          |   0.0 |  0.00
Comm    | 0          | 0          | 0          |   0.0 |  0.00
Output  | 0          | 0          | 0          |   0.0 |  0.00
Modify  | 0          | 0          | 0          |   0.0 |  0.00
Other   |            | 1.05e-06   |            |       |100.00

Nlocal:              8 ave           8 max           8 min
Histogram: 1 0 0 0 0 0 0 0 0 0
Nghost:            226 ave         226 max         226 min
Histogram: 1 0 0 0 0 0 0 0 0 0
Neighs:              0 ave           0 max           0 min
Histogram: 1 0 0 0 0 0 0 0 0 0
FullNghs:          310 ave         310 max         310 min
Histogram: 1 0 0 0 0 0 0 0 0 0

Total # of neighbors = 310
Ave neighs/atom = 38.75
Neighbor list builds = 0
Dangerous builds = 0
next i
jump SELF loop_struct
clear
  using 1 OpenMP thread(s) per MPI task
log energies.log append
units metal
boundary p p p
atom_style atomic
read_data Si111_${i}.in
read_data Si111_59.in
Reading data file ...
  orthogonal box = (0 0 0) to (5.4437022 5.4437022 5.4437022)
  1 by 1 by 1 MPI processor grid
  reading atoms ...
  8 atoms
  reading velocities ...
  8 velocities
  read_data CPU = 0.000 seconds
mass 1 28.085
pair_style sw
pair_coeff * * Si.sw Si
Reading sw potential file Si.sw with DATE: 2007-06-11
run 0
WARNING: No fixes with time integration, atoms won't move (src/verlet.cpp:60)
Neighbor list info ...
  update: every = 1 steps, delay = 0 steps, check = yes
  max neighbors/atom: 2000, page size: 100000
  master list distance cutoff = 5.77118
  ghost atom cutoff = 5.77118
  binsize = 2.88559, bins = 2 2 2
  1 neighbor lists, perpetual/occasional/extra = 1 0 0
  (1) pair sw, perpetual
      attributes: full, newton on
      pair build: full/bin/atomonly
      stencil: full/bin/3d
      bin: standard
Per MPI rank memory allocation (min/avg/max) = 2.958 | 2.958 | 2.958 Mbytes
   Step          Temp          E_pair         E_mol          TotEng         Press     
         0   0              8.9193376      0              8.9193376      871772.88    
Loop time of 1.06e-06 on 1 procs for 0 steps with 8 atoms

0.0% CPU use with 1 MPI tasks x 1 OpenMP threads

MPI task timing breakdown:
Section |  min time  |  avg time  |  max time  |%varavg| %total
---------------------------------------------------------------
Pair    | 0          | 0          | 0          |   0.0 |  0.00
Neigh   | 0          | 0          | 0          |   0.0 |  0.00
Comm    | 0          | 0          | 0          |   0.0 |  0.00
Output  | 0          | 0          | 0          |   0.0 |  0.00
Modify  | 0          | 0          | 0          |   0.0 |  0.00
Other   |            | 1.06e-06   |            |       |100.00

Nlocal:              8 ave           8 max           8 min
Histogram: 1 0 0 0 0 0 0 0 0 0
Nghost:            217 ave         217 max         217 min
Histogram: 1 0 0 0 0 0 0 0 0 0
Neighs:              0 ave           0 max           0 min
Histogram: 1 0 0 0 0 0 0 0 0 0
FullNghs:          306 ave         306 max         306 min
Histogram: 1 0 0 0 0 0 0 0 0 0

Total # of neighbors = 306
Ave neighs/atom = 38.25
Neighbor list builds = 0
Dangerous builds = 0
next i
jump SELF loop_struct
clear
  using 1 OpenMP thread(s) per MPI task
log energies.log append
units metal
boundary p p p
atom_style atomic
read_data Si111_${i}.in
read_data Si111_60.in
Reading data file ...
  orthogonal box = (0 0 0) to (5.4437022 5.4437022 5.4437022)
  1 by 1 by 1 MPI processor grid
  reading atoms ...
  8 atoms
  reading velocities ...
  8 velocities
  read_data CPU = 0.000 seconds
mass 1 28.085
pair_style sw
pair_coeff * * Si.sw Si
Reading sw potential file Si.sw with DATE: 2007-06-11
run 0
WARNING: No fixes with time integration, atoms won't move (src/verlet.cpp:60)
Neighbor list info ...
  update: every = 1 steps, delay = 0 steps, check = yes
  max neighbors/atom: 2000, page size: 100000
  master list distance cutoff = 5.77118
  ghost atom cutoff = 5.77118
  binsize = 2.88559, bins = 2 2 2
  1 neighbor lists, perpetual/occasional/extra = 1 0 0
  (1) pair sw, perpetual
      attributes: full, newton on
      pair build: full/bin/atomonly
      stencil: full/bin/3d
      bin: standard
Per MPI rank memory allocation (min/avg/max) = 2.958 | 2.958 | 2.958 Mbytes
   Step          Temp          E_pair         E_mol          TotEng         Press     
         0   0              82.134422      0              82.134422      2029603.1    
Loop time of 1.05e-06 on 1 procs for 0 steps with 8 atoms

0.0% CPU use with 1 MPI tasks x 1 OpenMP threads

MPI task timing breakdown:
Section |  min time  |  avg time  |  max time  |%varavg| %total
---------------------------------------------------------------
Pair    | 0          | 0          | 0          |   0.0 |  0.00
Neigh   | 0          | 0          | 0          |   0.0 |  0.00
Comm    | 0          | 0          | 0          |   0.0 |  0.00
Output  | 0          | 0          | 0          |   0.0 |  0.00
Modify  | 0          | 0          | 0          |   0.0 |  0.00
Other   |            | 1.05e-06   |            |       |100.00

Nlocal:              8 ave           8 max           8 min
Histogram: 1 0 0 0 0 0 0 0 0 0
Nghost:            217 ave         217 max         217 min
Histogram: 1 0 0 0 0 0 0 0 0 0
Neighs:              0 ave           0 max           0 min
Histogram: 1 0 0 0 0 0 0 0 0 0
FullNghs:          310 ave         310 max         310 min
Histogram: 1 0 0 0 0 0 0 0 0 0

Total # of neighbors = 310
Ave neighs/atom = 38.75
Neighbor list builds = 0
Dangerous builds = 0
next i
jump SELF loop_struct
clear
  using 1 OpenMP thread(s) per MPI task
log energies.log append
units metal
boundary p p p
atom_style atomic
read_data Si111_${i}.in
read_data Si111_61.in
Reading data file ...
  orthogonal box = (0 0 0) to (5.4437022 5.4437022 5.4437022)
  1 by 1 by 1 MPI processor grid
  reading atoms ...
  8 atoms
  reading velocities ...
  8 velocities
  read_data CPU = 0.000 seconds
mass 1 28.085
pair_style sw
pair_coeff * * Si.sw Si
Reading sw potential file Si.sw with DATE: 2007-06-11
run 0
WARNING: No fixes with time integration, atoms won't move (src/verlet.cpp:60)
Neighbor list info ...
  update: every = 1 steps, delay = 0 steps, check = yes
  max neighbors/atom: 2000, page size: 100000
  master list distance cutoff = 5.77118
  ghost atom cutoff = 5.77118
  binsize = 2.88559, bins = 2 2 2
  1 neighbor lists, perpetual/occasional/extra = 1 0 0
  (1) pair sw, perpetual
      attributes: full, newton on
      pair build: full/bin/atomonly
      stencil: full/bin/3d
      bin: standard
Per MPI rank memory allocation (min/avg/max) = 2.958 | 2.958 | 2.958 Mbytes
   Step          Temp          E_pair         E_mol          TotEng         Press     
         0   0              392.14857      0              392.14857      6036082.5    
Loop time of 1.07e-06 on 1 procs for 0 steps with 8 atoms

93.5% CPU use with 1 MPI tasks x 1 OpenMP threads

MPI task timing breakdown:
Section |  min time  |  avg time  |  max time  |%varavg| %total
---------------------------------------------------------------
Pair    | 0          | 0          | 0          |   0.0 |  0.00
Neigh   | 0          | 0          | 0          |   0.0 |  0.00
Comm    | 0          | 0          | 0          |   0.0 |  0.00
Output  | 0          | 0          | 0          |   0.0 |  0.00
Modify  | 0          | 0          | 0          |   0.0 |  0.00
Other   |            | 1.07e-06   |            |       |100.00

Nlocal:              8 ave           8 max           8 min
Histogram: 1 0 0 0 0 0 0 0 0 0
Nghost:            226 ave         226 max         226 min
Histogram: 1 0 0 0 0 0 0 0 0 0
Neighs:              0 ave           0 max           0 min
Histogram: 1 0 0 0 0 0 0 0 0 0
FullNghs:          310 ave         310 max         310 min
Histogram: 1 0 0 0 0 0 0 0 0 0

Total # of neighbors = 310
Ave neighs/atom = 38.75
Neighbor list builds = 0
Dangerous builds = 0
next i
jump SELF loop_struct
clear
  using 1 OpenMP thread(s) per MPI task
log energies.log append
units metal
boundary p p p
atom_style atomic
read_data Si111_${i}.in
read_data Si111_62.in
Reading data file ...
  orthogonal box = (0 0 0) to (5.4437022 5.4437022 5.4437022)
  1 by 1 by 1 MPI processor grid
  reading atoms ...
  8 atoms
  reading velocities ...
  8 velocities
  read_data CPU = 0.000 seconds
mass 1 28.085
pair_style sw
pair_coeff * * Si.sw Si
Reading sw potential file Si.sw with DATE: 2007-06-11
run 0
WARNING: No fixes with time integration, atoms won't move (src/verlet.cpp:60)
Neighbor list info ...
  update: every = 1 steps, delay = 0 steps, check = yes
  max neighbors/atom: 2000, page size: 100000
  master list distance cutoff = 5.77118
  ghost atom cutoff = 5.77118
  binsize = 2.88559, bins = 2 2 2
  1 neighbor lists, perpetual/occasional/extra = 1 0 0
  (1) pair sw, perpetual
      attributes: full, newton on
      pair build: full/bin/atomonly
      stencil: full/bin/3d
      bin: standard
Per MPI rank memory allocation (min/avg/max) = 2.958 | 2.958 | 2.958 Mbytes
   Step          Temp          E_pair         E_mol          TotEng         Press     
         0   0              12738.849      0              12738.849      1.7134538e+08
Loop time of 1.05e-06 on 1 procs for 0 steps with 8 atoms

0.0% CPU use with 1 MPI tasks x 1 OpenMP threads

MPI task timing breakdown:
Section |  min time  |  avg time  |  max time  |%varavg| %total
---------------------------------------------------------------
Pair    | 0          | 0          | 0          |   0.0 |  0.00
Neigh   | 0          | 0          | 0          |   0.0 |  0.00
Comm    | 0          | 0          | 0          |   0.0 |  0.00
Output  | 0          | 0          | 0          |   0.0 |  0.00
Modify  | 0          | 0          | 0          |   0.0 |  0.00
Other   |            | 1.05e-06   |            |       |100.00

Nlocal:              8 ave           8 max           8 min
Histogram: 1 0 0 0 0 0 0 0 0 0
Nghost:            217 ave         217 max         217 min
Histogram: 1 0 0 0 0 0 0 0 0 0
Neighs:              0 ave           0 max           0 min
Histogram: 1 0 0 0 0 0 0 0 0 0
FullNghs:          302 ave         302 max         302 min
Histogram: 1 0 0 0 0 0 0 0 0 0

Total # of neighbors = 302
Ave neighs/atom = 37.75
Neighbor list builds = 0
Dangerous builds = 0
next i
jump SELF loop_struct
clear
  using 1 OpenMP thread(s) per MPI task
log energies.log append
units metal
boundary p p p
atom_style atomic
read_data Si111_${i}.in
read_data Si111_63.in
Reading data file ...
  orthogonal box = (0 0 0) to (5.4437022 5.4437022 5.4437022)
  1 by 1 by 1 MPI processor grid
  reading atoms ...
  8 atoms
  reading velocities ...
  8 velocities
  read_data CPU = 0.000 seconds
mass 1 28.085
pair_style sw
pair_coeff * * Si.sw Si
Reading sw potential file Si.sw with DATE: 2007-06-11
run 0
WARNING: No fixes with time integration, atoms won't move (src/verlet.cpp:60)
Neighbor list info ...
  update: every = 1 steps, delay = 0 steps, check = yes
  max neighbors/atom: 2000, page size: 100000
  master list distance cutoff = 5.77118
  ghost atom cutoff = 5.77118
  binsize = 2.88559, bins = 2 2 2
  1 neighbor lists, perpetual/occasional/extra = 1 0 0
  (1) pair sw, perpetual
      attributes: full, newton on
      pair build: full/bin/atomonly
      stencil: full/bin/3d
      bin: standard
Per MPI rank memory allocation (min/avg/max) = 2.958 | 2.958 | 2.958 Mbytes
   Step          Temp          E_pair         E_mol          TotEng         Press     
         0   0              444.20971      0              444.20971      6571729.3    
Loop time of 1.09e-06 on 1 procs for 0 steps with 8 atoms

0.0% CPU use with 1 MPI tasks x 1 OpenMP threads

MPI task timing breakdown:
Section |  min time  |  avg time  |  max time  |%varavg| %total
---------------------------------------------------------------
Pair    | 0          | 0          | 0          |   0.0 |  0.00
Neigh   | 0          | 0          | 0          |   0.0 |  0.00
Comm    | 0          | 0          | 0          |   0.0 |  0.00
Output  | 0          | 0          | 0          |   0.0 |  0.00
Modify  | 0          | 0          | 0          |   0.0 |  0.00
Other   |            | 1.09e-06   |            |       |100.00

Nlocal:              8 ave           8 max           8 min
Histogram: 1 0 0 0 0 0 0 0 0 0
Nghost:            226 ave         226 max         226 min
Histogram: 1 0 0 0 0 0 0 0 0 0
Neighs:              0 ave           0 max           0 min
Histogram: 1 0 0 0 0 0 0 0 0 0
FullNghs:          312 ave         312 max         312 min
Histogram: 1 0 0 0 0 0 0 0 0 0

Total # of neighbors = 312
Ave neighs/atom = 39
Neighbor list builds = 0
Dangerous builds = 0
next i
jump SELF loop_struct
clear
  using 1 OpenMP thread(s) per MPI task
log energies.log append
units metal
boundary p p p
atom_style atomic
read_data Si111_${i}.in
read_data Si111_64.in
Reading data file ...
  orthogonal box = (0 0 0) to (5.4437022 5.4437022 5.4437022)
  1 by 1 by 1 MPI processor grid
  reading atoms ...
  8 atoms
  reading velocities ...
  8 velocities
  read_data CPU = 0.001 seconds
mass 1 28.085
pair_style sw
pair_coeff * * Si.sw Si
Reading sw potential file Si.sw with DATE: 2007-06-11
run 0
WARNING: No fixes with time integration, atoms won't move (src/verlet.cpp:60)
Neighbor list info ...
  update: every = 1 steps, delay = 0 steps, check = yes
  max neighbors/atom: 2000, page size: 100000
  master list distance cutoff = 5.77118
  ghost atom cutoff = 5.77118
  binsize = 2.88559, bins = 2 2 2
  1 neighbor lists, perpetual/occasional/extra = 1 0 0
  (1) pair sw, perpetual
      attributes: full, newton on
      pair build: full/bin/atomonly
      stencil: full/bin/3d
      bin: standard
Per MPI rank memory allocation (min/avg/max) = 2.958 | 2.958 | 2.958 Mbytes
   Step          Temp          E_pair         E_mol          TotEng         Press     
         0   0              39.815548      0              39.815548      1372273.7    
Loop time of 1.06e-06 on 1 procs for 0 steps with 8 atoms

0.0% CPU use with 1 MPI tasks x 1 OpenMP threads

MPI task timing breakdown:
Section |  min time  |  avg time  |  max time  |%varavg| %total
---------------------------------------------------------------
Pair    | 0          | 0          | 0          |   0.0 |  0.00
Neigh   | 0          | 0          | 0          |   0.0 |  0.00
Comm    | 0          | 0          | 0          |   0.0 |  0.00
Output  | 0          | 0          | 0          |   0.0 |  0.00
Modify  | 0          | 0          | 0          |   0.0 |  0.00
Other   |            | 1.06e-06   |            |       |100.00

Nlocal:              8 ave           8 max           8 min
Histogram: 1 0 0 0 0 0 0 0 0 0
Nghost:            229 ave         229 max         229 min
Histogram: 1 0 0 0 0 0 0 0 0 0
Neighs:              0 ave           0 max           0 min
Histogram: 1 0 0 0 0 0 0 0 0 0
FullNghs:          312 ave         312 max         312 min
Histogram: 1 0 0 0 0 0 0 0 0 0

Total # of neighbors = 312
Ave neighs/atom = 39
Neighbor list builds = 0
Dangerous builds = 0
next i
jump SELF loop_struct
clear
  using 1 OpenMP thread(s) per MPI task
log energies.log append
units metal
boundary p p p
atom_style atomic
read_data Si111_${i}.in
read_data Si111_65.in
Reading data file ...
  orthogonal box = (0 0 0) to (5.4437022 5.4437022 5.4437022)
  1 by 1 by 1 MPI processor grid
  reading atoms ...
  8 atoms
  reading velocities ...
  8 velocities
  read_data CPU = 0.000 seconds
mass 1 28.085
pair_style sw
pair_coeff * * Si.sw Si
Reading sw potential file Si.sw with DATE: 2007-06-11
run 0
WARNING: No fixes with time integration, atoms won't move (src/verlet.cpp:60)
Neighbor list info ...
  update: every = 1 steps, delay = 0 steps, check = yes
  max neighbors/atom: 2000, page size: 100000
  master list distance cutoff = 5.77118
  ghost atom cutoff = 5.77118
  binsize = 2.88559, bins = 2 2 2
  1 neighbor lists, perpetual/occasional/extra = 1 0 0
  (1) pair sw, perpetual
      attributes: full, newton on
      pair build: full/bin/atomonly
      stencil: full/bin/3d
      bin: standard
Per MPI rank memory allocation (min/avg/max) = 2.958 | 2.958 | 2.958 Mbytes
   Step          Temp          E_pair         E_mol          TotEng         Press     
         0   0              868.60082      0              868.60082      12366515     
Loop time of 1.05e-06 on 1 procs for 0 steps with 8 atoms

95.2% CPU use with 1 MPI tasks x 1 OpenMP threads

MPI task timing breakdown:
Section |  min time  |  avg time  |  max time  |%varavg| %total
---------------------------------------------------------------
Pair    | 0          | 0          | 0          |   0.0 |  0.00
Neigh   | 0          | 0          | 0          |   0.0 |  0.00
Comm    | 0          | 0          | 0          |   0.0 |  0.00
Output  | 0          | 0          | 0          |   0.0 |  0.00
Modify  | 0          | 0          | 0          |   0.0 |  0.00
Other   |            | 1.05e-06   |            |       |100.00

Nlocal:              8 ave           8 max           8 min
Histogram: 1 0 0 0 0 0 0 0 0 0
Nghost:            229 ave         229 max         229 min
Histogram: 1 0 0 0 0 0 0 0 0 0
Neighs:              0 ave           0 max           0 min
Histogram: 1 0 0 0 0 0 0 0 0 0
FullNghs:          300 ave         300 max         300 min
Histogram: 1 0 0 0 0 0 0 0 0 0

Total # of neighbors = 300
Ave neighs/atom = 37.5
Neighbor list builds = 0
Dangerous builds = 0
next i
jump SELF loop_struct
clear
  using 1 OpenMP thread(s) per MPI task
log energies.log append
units metal
boundary p p p
atom_style atomic
read_data Si111_${i}.in
read_data Si111_66.in
Reading data file ...
  orthogonal box = (0 0 0) to (5.4437022 5.4437022 5.4437022)
  1 by 1 by 1 MPI processor grid
  reading atoms ...
  8 atoms
  reading velocities ...
  8 velocities
  read_data CPU = 0.000 seconds
mass 1 28.085
pair_style sw
pair_coeff * * Si.sw Si
Reading sw potential file Si.sw with DATE: 2007-06-11
run 0
WARNING: No fixes with time integration, atoms won't move (src/verlet.cpp:60)
Neighbor list info ...
  update: every = 1 steps, delay = 0 steps, check = yes
  max neighbors/atom: 2000, page size: 100000
  master list distance cutoff = 5.77118
  ghost atom cutoff = 5.77118
  binsize = 2.88559, bins = 2 2 2
  1 neighbor lists, perpetual/occasional/extra = 1 0 0
  (1) pair sw, perpetual
      attributes: full, newton on
      pair build: full/bin/atomonly
      stencil: full/bin/3d
      bin: standard
Per MPI rank memory allocation (min/avg/max) = 2.958 | 2.958 | 2.958 Mbytes
   Step          Temp          E_pair         E_mol          TotEng         Press     
         0   0              14.977689      0              14.977689      837039.26    
Loop time of 1.06e-06 on 1 procs for 0 steps with 8 atoms

0.0% CPU use with 1 MPI tasks x 1 OpenMP threads

MPI task timing breakdown:
Section |  min time  |  avg time  |  max time  |%varavg| %total
---------------------------------------------------------------
Pair    | 0          | 0          | 0          |   0.0 |  0.00
Neigh   | 0          | 0          | 0          |   0.0 |  0.00
Comm    | 0          | 0          | 0          |   0.0 |  0.00
Output  | 0          | 0          | 0          |   0.0 |  0.00
Modify  | 0          | 0          | 0          |   0.0 |  0.00
Other   |            | 1.06e-06   |            |       |100.00

Nlocal:              8 ave           8 max           8 min
Histogram: 1 0 0 0 0 0 0 0 0 0
Nghost:            217 ave         217 max         217 min
Histogram: 1 0 0 0 0 0 0 0 0 0
Neighs:              0 ave           0 max           0 min
Histogram: 1 0 0 0 0 0 0 0 0 0
FullNghs:          316 ave         316 max         316 min
Histogram: 1 0 0 0 0 0 0 0 0 0

Total # of neighbors = 316
Ave neighs/atom = 39.5
Neighbor list builds = 0
Dangerous builds = 0
next i
jump SELF loop_struct
clear
  using 1 OpenMP thread(s) per MPI task
log energies.log append
units metal
boundary p p p
atom_style atomic
read_data Si111_${i}.in
read_data Si111_67.in
Reading data file ...
  orthogonal box = (0 0 0) to (5.4437022 5.4437022 5.4437022)
  1 by 1 by 1 MPI processor grid
  reading atoms ...
  8 atoms
  reading velocities ...
  8 velocities
  read_data CPU = 0.001 seconds
mass 1 28.085
pair_style sw
pair_coeff * * Si.sw Si
Reading sw potential file Si.sw with DATE: 2007-06-11
run 0
WARNING: No fixes with time integration, atoms won't move (src/verlet.cpp:60)
Neighbor list info ...
  update: every = 1 steps, delay = 0 steps, check = yes
  max neighbors/atom: 2000, page size: 100000
  master list distance cutoff = 5.77118
  ghost atom cutoff = 5.77118
  binsize = 2.88559, bins = 2 2 2
  1 neighbor lists, perpetual/occasional/extra = 1 0 0
  (1) pair sw, perpetual
      attributes: full, newton on
      pair build: full/bin/atomonly
      stencil: full/bin/3d
      bin: standard
Per MPI rank memory allocation (min/avg/max) = 2.958 | 2.958 | 2.958 Mbytes
   Step          Temp          E_pair         E_mol          TotEng         Press     
         0   0              143.81951      0              143.81951      2643679      
Loop time of 1.09e-06 on 1 procs for 0 steps with 8 atoms

0.0% CPU use with 1 MPI tasks x 1 OpenMP threads

MPI task timing breakdown:
Section |  min time  |  avg time  |  max time  |%varavg| %total
---------------------------------------------------------------
Pair    | 0          | 0          | 0          |   0.0 |  0.00
Neigh   | 0          | 0          | 0          |   0.0 |  0.00
Comm    | 0          | 0          | 0          |   0.0 |  0.00
Output  | 0          | 0          | 0          |   0.0 |  0.00
Modify  | 0          | 0          | 0          |   0.0 |  0.00
Other   |            | 1.09e-06   |            |       |100.00

Nlocal:              8 ave           8 max           8 min
Histogram: 1 0 0 0 0 0 0 0 0 0
Nghost:            208 ave         208 max         208 min
Histogram: 1 0 0 0 0 0 0 0 0 0
Neighs:              0 ave           0 max           0 min
Histogram: 1 0 0 0 0 0 0 0 0 0
FullNghs:          302 ave         302 max         302 min
Histogram: 1 0 0 0 0 0 0 0 0 0

Total # of neighbors = 302
Ave neighs/atom = 37.75
Neighbor list builds = 0
Dangerous builds = 0
next i
jump SELF loop_struct
clear
  using 1 OpenMP thread(s) per MPI task
log energies.log append
units metal
boundary p p p
atom_style atomic
read_data Si111_${i}.in
read_data Si111_68.in
Reading data file ...
  orthogonal box = (0 0 0) to (5.4437022 5.4437022 5.4437022)
  1 by 1 by 1 MPI processor grid
  reading atoms ...
  8 atoms
  reading velocities ...
  8 velocities
  read_data CPU = 0.000 seconds
mass 1 28.085
pair_style sw
pair_coeff * * Si.sw Si
Reading sw potential file Si.sw with DATE: 2007-06-11
run 0
WARNING: No fixes with time integration, atoms won't move (src/verlet.cpp:60)
Neighbor list info ...
  update: every = 1 steps, delay = 0 steps, check = yes
  max neighbors/atom: 2000, page size: 100000
  master list distance cutoff = 5.77118
  ghost atom cutoff = 5.77118
  binsize = 2.88559, bins = 2 2 2
  1 neighbor lists, perpetual/occasional/extra = 1 0 0
  (1) pair sw, perpetual
      attributes: full, newton on
      pair build: full/bin/atomonly
      stencil: full/bin/3d
      bin: standard
Per MPI rank memory allocation (min/avg/max) = 2.958 | 2.958 | 2.958 Mbytes
   Step          Temp          E_pair         E_mol          TotEng         Press     
         0   0             -15.116096      0             -15.116096      424194.89    
Loop time of 1.06e-06 on 1 procs for 0 steps with 8 atoms

0.0% CPU use with 1 MPI tasks x 1 OpenMP threads

MPI task timing breakdown:
Section |  min time  |  avg time  |  max time  |%varavg| %total
---------------------------------------------------------------
Pair    | 0          | 0          | 0          |   0.0 |  0.00
Neigh   | 0          | 0          | 0          |   0.0 |  0.00
Comm    | 0          | 0          | 0          |   0.0 |  0.00
Output  | 0          | 0          | 0          |   0.0 |  0.00
Modify  | 0          | 0          | 0          |   0.0 |  0.00
Other   |            | 1.06e-06   |            |       |100.00

Nlocal:              8 ave           8 max           8 min
Histogram: 1 0 0 0 0 0 0 0 0 0
Nghost:            226 ave         226 max         226 min
Histogram: 1 0 0 0 0 0 0 0 0 0
Neighs:              0 ave           0 max           0 min
Histogram: 1 0 0 0 0 0 0 0 0 0
FullNghs:          310 ave         310 max         310 min
Histogram: 1 0 0 0 0 0 0 0 0 0

Total # of neighbors = 310
Ave neighs/atom = 38.75
Neighbor list builds = 0
Dangerous builds = 0
next i
jump SELF loop_struct
clear
  using 1 OpenMP thread(s) per MPI task
log energies.log append
units metal
boundary p p p
atom_style atomic
read_data Si111_${i}.in
read_data Si111_69.in
Reading data file ...
  orthogonal box = (0 0 0) to (5.4437022 5.4437022 5.4437022)
  1 by 1 by 1 MPI processor grid
  reading atoms ...
  8 atoms
  reading velocities ...
  8 velocities
  read_data CPU = 0.001 seconds
mass 1 28.085
pair_style sw
pair_coeff * * Si.sw Si
Reading sw potential file Si.sw with DATE: 2007-06-11
run 0
WARNING: No fixes with time integration, atoms won't move (src/verlet.cpp:60)
Neighbor list info ...
  update: every = 1 steps, delay = 0 steps, check = yes
  max neighbors/atom: 2000, page size: 100000
  master list distance cutoff = 5.77118
  ghost atom cutoff = 5.77118
  binsize = 2.88559, bins = 2 2 2
  1 neighbor lists, perpetual/occasional/extra = 1 0 0
  (1) pair sw, perpetual
      attributes: full, newton on
      pair build: full/bin/atomonly
      stencil: full/bin/3d
      bin: standard
Per MPI rank memory allocation (min/avg/max) = 2.958 | 2.958 | 2.958 Mbytes
   Step          Temp          E_pair         E_mol          TotEng         Press     
         0   0              34.958615      0              34.958615      1242830.1    
Loop time of 1.05e-06 on 1 procs for 0 steps with 8 atoms

0.0% CPU use with 1 MPI tasks x 1 OpenMP threads

MPI task timing breakdown:
Section |  min time  |  avg time  |  max time  |%varavg| %total
---------------------------------------------------------------
Pair    | 0          | 0          | 0          |   0.0 |  0.00
Neigh   | 0          | 0          | 0          |   0.0 |  0.00
Comm    | 0          | 0          | 0          |   0.0 |  0.00
Output  | 0          | 0          | 0          |   0.0 |  0.00
Modify  | 0          | 0          | 0          |   0.0 |  0.00
Other   |            | 1.05e-06   |            |       |100.00

Nlocal:              8 ave           8 max           8 min
Histogram: 1 0 0 0 0 0 0 0 0 0
Nghost:            226 ave         226 max         226 min
Histogram: 1 0 0 0 0 0 0 0 0 0
Neighs:              0 ave           0 max           0 min
Histogram: 1 0 0 0 0 0 0 0 0 0
FullNghs:          306 ave         306 max         306 min
Histogram: 1 0 0 0 0 0 0 0 0 0

Total # of neighbors = 306
Ave neighs/atom = 38.25
Neighbor list builds = 0
Dangerous builds = 0
next i
jump SELF loop_struct
clear
  using 1 OpenMP thread(s) per MPI task
log energies.log append
units metal
boundary p p p
atom_style atomic
read_data Si111_${i}.in
read_data Si111_70.in
Reading data file ...
  orthogonal box = (0 0 0) to (5.4437022 5.4437022 5.4437022)
  1 by 1 by 1 MPI processor grid
  reading atoms ...
  8 atoms
  reading velocities ...
  8 velocities
  read_data CPU = 0.000 seconds
mass 1 28.085
pair_style sw
pair_coeff * * Si.sw Si
Reading sw potential file Si.sw with DATE: 2007-06-11
run 0
WARNING: No fixes with time integration, atoms won't move (src/verlet.cpp:60)
Neighbor list info ...
  update: every = 1 steps, delay = 0 steps, check = yes
  max neighbors/atom: 2000, page size: 100000
  master list distance cutoff = 5.77118
  ghost atom cutoff = 5.77118
  binsize = 2.88559, bins = 2 2 2
  1 neighbor lists, perpetual/occasional/extra = 1 0 0
  (1) pair sw, perpetual
      attributes: full, newton on
      pair build: full/bin/atomonly
      stencil: full/bin/3d
      bin: standard
Per MPI rank memory allocation (min/avg/max) = 2.958 | 2.958 | 2.958 Mbytes
   Step          Temp          E_pair         E_mol          TotEng         Press     
         0   0             -22.202682      0             -22.202682      304277.01    
Loop time of 1.04e-06 on 1 procs for 0 steps with 8 atoms

96.2% CPU use with 1 MPI tasks x 1 OpenMP threads

MPI task timing breakdown:
Section |  min time  |  avg time  |  max time  |%varavg| %total
---------------------------------------------------------------
Pair    | 0          | 0          | 0          |   0.0 |  0.00
Neigh   | 0          | 0          | 0          |   0.0 |  0.00
Comm    | 0          | 0          | 0          |   0.0 |  0.00
Output  | 0          | 0          | 0          |   0.0 |  0.00
Modify  | 0          | 0          | 0          |   0.0 |  0.00
Other   |            | 1.04e-06   |            |       |100.00

Nlocal:              8 ave           8 max           8 min
Histogram: 1 0 0 0 0 0 0 0 0 0
Nghost:            229 ave         229 max         229 min
Histogram: 1 0 0 0 0 0 0 0 0 0
Neighs:              0 ave           0 max           0 min
Histogram: 1 0 0 0 0 0 0 0 0 0
FullNghs:          310 ave         310 max         310 min
Histogram: 1 0 0 0 0 0 0 0 0 0

Total # of neighbors = 310
Ave neighs/atom = 38.75
Neighbor list builds = 0
Dangerous builds = 0
next i
jump SELF loop_struct
clear
  using 1 OpenMP thread(s) per MPI task
log energies.log append
units metal
boundary p p p
atom_style atomic
read_data Si111_${i}.in
read_data Si111_71.in
Reading data file ...
  orthogonal box = (0 0 0) to (5.4437022 5.4437022 5.4437022)
  1 by 1 by 1 MPI processor grid
  reading atoms ...
  8 atoms
  reading velocities ...
  8 velocities
  read_data CPU = 0.000 seconds
mass 1 28.085
pair_style sw
pair_coeff * * Si.sw Si
Reading sw potential file Si.sw with DATE: 2007-06-11
run 0
WARNING: No fixes with time integration, atoms won't move (src/verlet.cpp:60)
Neighbor list info ...
  update: every = 1 steps, delay = 0 steps, check = yes
  max neighbors/atom: 2000, page size: 100000
  master list distance cutoff = 5.77118
  ghost atom cutoff = 5.77118
  binsize = 2.88559, bins = 2 2 2
  1 neighbor lists, perpetual/occasional/extra = 1 0 0
  (1) pair sw, perpetual
      attributes: full, newton on
      pair build: full/bin/atomonly
      stencil: full/bin/3d
      bin: standard
Per MPI rank memory allocation (min/avg/max) = 2.958 | 2.958 | 2.958 Mbytes
   Step          Temp          E_pair         E_mol          TotEng         Press     
         0   0              109.38905      0              109.38905      2369583.8    
Loop time of 1.08e-06 on 1 procs for 0 steps with 8 atoms

92.6% CPU use with 1 MPI tasks x 1 OpenMP threads

MPI task timing breakdown:
Section |  min time  |  avg time  |  max time  |%varavg| %total
---------------------------------------------------------------
Pair    | 0          | 0          | 0          |   0.0 |  0.00
Neigh   | 0          | 0          | 0          |   0.0 |  0.00
Comm    | 0          | 0          | 0          |   0.0 |  0.00
Output  | 0          | 0          | 0          |   0.0 |  0.00
Modify  | 0          | 0          | 0          |   0.0 |  0.00
Other   |            | 1.08e-06   |            |       |100.00

Nlocal:              8 ave           8 max           8 min
Histogram: 1 0 0 0 0 0 0 0 0 0
Nghost:            208 ave         208 max         208 min
Histogram: 1 0 0 0 0 0 0 0 0 0
Neighs:              0 ave           0 max           0 min
Histogram: 1 0 0 0 0 0 0 0 0 0
FullNghs:          296 ave         296 max         296 min
Histogram: 1 0 0 0 0 0 0 0 0 0

Total # of neighbors = 296
Ave neighs/atom = 37
Neighbor list builds = 0
Dangerous builds = 0
next i
jump SELF loop_struct
clear
  using 1 OpenMP thread(s) per MPI task
log energies.log append
units metal
boundary p p p
atom_style atomic
read_data Si111_${i}.in
read_data Si111_72.in
Reading data file ...
  orthogonal box = (0 0 0) to (5.4437022 5.4437022 5.4437022)
  1 by 1 by 1 MPI processor grid
  reading atoms ...
  8 atoms
  reading velocities ...
  8 velocities
  read_data CPU = 0.000 seconds
mass 1 28.085
pair_style sw
pair_coeff * * Si.sw Si
Reading sw potential file Si.sw with DATE: 2007-06-11
run 0
WARNING: No fixes with time integration, atoms won't move (src/verlet.cpp:60)
Neighbor list info ...
  update: every = 1 steps, delay = 0 steps, check = yes
  max neighbors/atom: 2000, page size: 100000
  master list distance cutoff = 5.77118
  ghost atom cutoff = 5.77118
  binsize = 2.88559, bins = 2 2 2
  1 neighbor lists, perpetual/occasional/extra = 1 0 0
  (1) pair sw, perpetual
      attributes: full, newton on
      pair build: full/bin/atomonly
      stencil: full/bin/3d
      bin: standard
Per MPI rank memory allocation (min/avg/max) = 2.958 | 2.958 | 2.958 Mbytes
   Step          Temp          E_pair         E_mol          TotEng         Press     
         0   0              2232.5413      0              2232.5413      30800820     
Loop time of 1.06e-06 on 1 procs for 0 steps with 8 atoms

0.0% CPU use with 1 MPI tasks x 1 OpenMP threads

MPI task timing breakdown:
Section |  min time  |  avg time  |  max time  |%varavg| %total
---------------------------------------------------------------
Pair    | 0          | 0          | 0          |   0.0 |  0.00
Neigh   | 0          | 0          | 0          |   0.0 |  0.00
Comm    | 0          | 0          | 0          |   0.0 |  0.00
Output  | 0          | 0          | 0          |   0.0 |  0.00
Modify  | 0          | 0          | 0          |   0.0 |  0.00
Other   |            | 1.06e-06   |            |       |100.00

Nlocal:              8 ave           8 max           8 min
Histogram: 1 0 0 0 0 0 0 0 0 0
Nghost:            208 ave         208 max         208 min
Histogram: 1 0 0 0 0 0 0 0 0 0
Neighs:              0 ave           0 max           0 min
Histogram: 1 0 0 0 0 0 0 0 0 0
FullNghs:          298 ave         298 max         298 min
Histogram: 1 0 0 0 0 0 0 0 0 0

Total # of neighbors = 298
Ave neighs/atom = 37.25
Neighbor list builds = 0
Dangerous builds = 0
next i
jump SELF loop_struct
clear
  using 1 OpenMP thread(s) per MPI task
log energies.log append
units metal
boundary p p p
atom_style atomic
read_data Si111_${i}.in
read_data Si111_73.in
Reading data file ...
  orthogonal box = (0 0 0) to (5.4437022 5.4437022 5.4437022)
  1 by 1 by 1 MPI processor grid
  reading atoms ...
  8 atoms
  reading velocities ...
  8 velocities
  read_data CPU = 0.000 seconds
mass 1 28.085
pair_style sw
pair_coeff * * Si.sw Si
Reading sw potential file Si.sw with DATE: 2007-06-11
run 0
WARNING: No fixes with time integration, atoms won't move (src/verlet.cpp:60)
Neighbor list info ...
  update: every = 1 steps, delay = 0 steps, check = yes
  max neighbors/atom: 2000, page size: 100000
  master list distance cutoff = 5.77118
  ghost atom cutoff = 5.77118
  binsize = 2.88559, bins = 2 2 2
  1 neighbor lists, perpetual/occasional/extra = 1 0 0
  (1) pair sw, perpetual
      attributes: full, newton on
      pair build: full/bin/atomonly
      stencil: full/bin/3d
      bin: standard
Per MPI rank memory allocation (min/avg/max) = 2.958 | 2.958 | 2.958 Mbytes
   Step          Temp          E_pair         E_mol          TotEng         Press     
         0   0             -nan            0             -nan           -nan          
Loop time of 1.07e-06 on 1 procs for 0 steps with 8 atoms

0.0% CPU use with 1 MPI tasks x 1 OpenMP threads

MPI task timing breakdown:
Section |  min time  |  avg time  |  max time  |%varavg| %total
---------------------------------------------------------------
Pair    | 0          | 0          | 0          |   0.0 |  0.00
Neigh   | 0          | 0          | 0          |   0.0 |  0.00
Comm    | 0          | 0          | 0          |   0.0 |  0.00
Output  | 0          | 0          | 0          |   0.0 |  0.00
Modify  | 0          | 0          | 0          |   0.0 |  0.00
Other   |            | 1.07e-06   |            |       |100.00

Nlocal:              8 ave           8 max           8 min
Histogram: 1 0 0 0 0 0 0 0 0 0
Nghost:            319 ave         319 max         319 min
Histogram: 1 0 0 0 0 0 0 0 0 0
Neighs:              0 ave           0 max           0 min
Histogram: 1 0 0 0 0 0 0 0 0 0
FullNghs:          314 ave         314 max         314 min
Histogram: 1 0 0 0 0 0 0 0 0 0

Total # of neighbors = 314
Ave neighs/atom = 39.25
Neighbor list builds = 0
Dangerous builds = 0
next i
jump SELF loop_struct
clear
  using 1 OpenMP thread(s) per MPI task
log energies.log append
units metal
boundary p p p
atom_style atomic
read_data Si111_${i}.in
read_data Si111_74.in
Reading data file ...
  orthogonal box = (0 0 0) to (5.4437022 5.4437022 5.4437022)
  1 by 1 by 1 MPI processor grid
  reading atoms ...
  8 atoms
  reading velocities ...
  8 velocities
  read_data CPU = 0.000 seconds
mass 1 28.085
pair_style sw
pair_coeff * * Si.sw Si
Reading sw potential file Si.sw with DATE: 2007-06-11
run 0
WARNING: No fixes with time integration, atoms won't move (src/verlet.cpp:60)
Neighbor list info ...
  update: every = 1 steps, delay = 0 steps, check = yes
  max neighbors/atom: 2000, page size: 100000
  master list distance cutoff = 5.77118
  ghost atom cutoff = 5.77118
  binsize = 2.88559, bins = 2 2 2
  1 neighbor lists, perpetual/occasional/extra = 1 0 0
  (1) pair sw, perpetual
      attributes: full, newton on
      pair build: full/bin/atomonly
      stencil: full/bin/3d
      bin: standard
Per MPI rank memory allocation (min/avg/max) = 2.958 | 2.958 | 2.958 Mbytes
   Step          Temp          E_pair         E_mol          TotEng         Press     
         0   0              173.72041      0              173.72041      3178247.3    
Loop time of 1.05e-06 on 1 procs for 0 steps with 8 atoms

0.0% CPU use with 1 MPI tasks x 1 OpenMP threads

MPI task timing breakdown:
Section |  min time  |  avg time  |  max time  |%varavg| %total
---------------------------------------------------------------
Pair    | 0          | 0          | 0          |   0.0 |  0.00
Neigh   | 0          | 0          | 0          |   0.0 |  0.00
Comm    | 0          | 0          | 0          |   0.0 |  0.00
Output  | 0          | 0          | 0          |   0.0 |  0.00
Modify  | 0          | 0          | 0          |   0.0 |  0.00
Other   |            | 1.05e-06   |            |       |100.00

Nlocal:              8 ave           8 max           8 min
Histogram: 1 0 0 0 0 0 0 0 0 0
Nghost:            217 ave         217 max         217 min
Histogram: 1 0 0 0 0 0 0 0 0 0
Neighs:              0 ave           0 max           0 min
Histogram: 1 0 0 0 0 0 0 0 0 0
FullNghs:          300 ave         300 max         300 min
Histogram: 1 0 0 0 0 0 0 0 0 0

Total # of neighbors = 300
Ave neighs/atom = 37.5
Neighbor list builds = 0
Dangerous builds = 0
next i
jump SELF loop_struct
clear
  using 1 OpenMP thread(s) per MPI task
log energies.log append
units metal
boundary p p p
atom_style atomic
read_data Si111_${i}.in
read_data Si111_75.in
Reading data file ...
  orthogonal box = (0 0 0) to (5.4437022 5.4437022 5.4437022)
  1 by 1 by 1 MPI processor grid
  reading atoms ...
  8 atoms
  reading velocities ...
  8 velocities
  read_data CPU = 0.000 seconds
mass 1 28.085
pair_style sw
pair_coeff * * Si.sw Si
Reading sw potential file Si.sw with DATE: 2007-06-11
run 0
WARNING: No fixes with time integration, atoms won't move (src/verlet.cpp:60)
Neighbor list info ...
  update: every = 1 steps, delay = 0 steps, check = yes
  max neighbors/atom: 2000, page size: 100000
  master list distance cutoff = 5.77118
  ghost atom cutoff = 5.77118
  binsize = 2.88559, bins = 2 2 2
  1 neighbor lists, perpetual/occasional/extra = 1 0 0
  (1) pair sw, perpetual
      attributes: full, newton on
      pair build: full/bin/atomonly
      stencil: full/bin/3d
      bin: standard
Per MPI rank memory allocation (min/avg/max) = 2.958 | 2.958 | 2.958 Mbytes
   Step          Temp          E_pair         E_mol          TotEng         Press     
         0   0             -12.799547      0             -12.799547      543243.47    
Loop time of 1.071e-06 on 1 procs for 0 steps with 8 atoms

0.0% CPU use with 1 MPI tasks x 1 OpenMP threads

MPI task timing breakdown:
Section |  min time  |  avg time  |  max time  |%varavg| %total
---------------------------------------------------------------
Pair    | 0          | 0          | 0          |   0.0 |  0.00
Neigh   | 0          | 0          | 0          |   0.0 |  0.00
Comm    | 0          | 0          | 0          |   0.0 |  0.00
Output  | 0          | 0          | 0          |   0.0 |  0.00
Modify  | 0          | 0          | 0          |   0.0 |  0.00
Other   |            | 1.071e-06  |            |       |100.00

Nlocal:              8 ave           8 max           8 min
Histogram: 1 0 0 0 0 0 0 0 0 0
Nghost:            217 ave         217 max         217 min
Histogram: 1 0 0 0 0 0 0 0 0 0
Neighs:              0 ave           0 max           0 min
Histogram: 1 0 0 0 0 0 0 0 0 0
FullNghs:          304 ave         304 max         304 min
Histogram: 1 0 0 0 0 0 0 0 0 0

Total # of neighbors = 304
Ave neighs/atom = 38
Neighbor list builds = 0
Dangerous builds = 0
next i
jump SELF loop_struct
clear
  using 1 OpenMP thread(s) per MPI task
log energies.log append
units metal
boundary p p p
atom_style atomic
read_data Si111_${i}.in
read_data Si111_76.in
Reading data file ...
  orthogonal box = (0 0 0) to (5.4437022 5.4437022 5.4437022)
  1 by 1 by 1 MPI processor grid
  reading atoms ...
  8 atoms
  reading velocities ...
  8 velocities
  read_data CPU = 0.001 seconds
mass 1 28.085
pair_style sw
pair_coeff * * Si.sw Si
Reading sw potential file Si.sw with DATE: 2007-06-11
run 0
WARNING: No fixes with time integration, atoms won't move (src/verlet.cpp:60)
Neighbor list info ...
  update: every = 1 steps, delay = 0 steps, check = yes
  max neighbors/atom: 2000, page size: 100000
  master list distance cutoff = 5.77118
  ghost atom cutoff = 5.77118
  binsize = 2.88559, bins = 2 2 2
  1 neighbor lists, perpetual/occasional/extra = 1 0 0
  (1) pair sw, perpetual
      attributes: full, newton on
      pair build: full/bin/atomonly
      stencil: full/bin/3d
      bin: standard
Per MPI rank memory allocation (min/avg/max) = 2.958 | 2.958 | 2.958 Mbytes
   Step          Temp          E_pair         E_mol          TotEng         Press     
         0   0              92.442116      0              92.442116      1900361.1    
Loop time of 1.06e-06 on 1 procs for 0 steps with 8 atoms

0.0% CPU use with 1 MPI tasks x 1 OpenMP threads

MPI task timing breakdown:
Section |  min time  |  avg time  |  max time  |%varavg| %total
---------------------------------------------------------------
Pair    | 0          | 0          | 0          |   0.0 |  0.00
Neigh   | 0          | 0          | 0          |   0.0 |  0.00
Comm    | 0          | 0          | 0          |   0.0 |  0.00
Output  | 0          | 0          | 0          |   0.0 |  0.00
Modify  | 0          | 0          | 0          |   0.0 |  0.00
Other   |            | 1.06e-06   |            |       |100.00

Nlocal:              8 ave           8 max           8 min
Histogram: 1 0 0 0 0 0 0 0 0 0
Nghost:            217 ave         217 max         217 min
Histogram: 1 0 0 0 0 0 0 0 0 0
Neighs:              0 ave           0 max           0 min
Histogram: 1 0 0 0 0 0 0 0 0 0
FullNghs:          310 ave         310 max         310 min
Histogram: 1 0 0 0 0 0 0 0 0 0

Total # of neighbors = 310
Ave neighs/atom = 38.75
Neighbor list builds = 0
Dangerous builds = 0
next i
jump SELF loop_struct
clear
  using 1 OpenMP thread(s) per MPI task
log energies.log append
units metal
boundary p p p
atom_style atomic
read_data Si111_${i}.in
read_data Si111_77.in
Reading data file ...
  orthogonal box = (0 0 0) to (5.4437022 5.4437022 5.4437022)
  1 by 1 by 1 MPI processor grid
  reading atoms ...
  8 atoms
  reading velocities ...
  8 velocities
  read_data CPU = 0.000 seconds
mass 1 28.085
pair_style sw
pair_coeff * * Si.sw Si
Reading sw potential file Si.sw with DATE: 2007-06-11
run 0
WARNING: No fixes with time integration, atoms won't move (src/verlet.cpp:60)
Neighbor list info ...
  update: every = 1 steps, delay = 0 steps, check = yes
  max neighbors/atom: 2000, page size: 100000
  master list distance cutoff = 5.77118
  ghost atom cutoff = 5.77118
  binsize = 2.88559, bins = 2 2 2
  1 neighbor lists, perpetual/occasional/extra = 1 0 0
  (1) pair sw, perpetual
      attributes: full, newton on
      pair build: full/bin/atomonly
      stencil: full/bin/3d
      bin: standard
Per MPI rank memory allocation (min/avg/max) = 2.958 | 2.958 | 2.958 Mbytes
   Step          Temp          E_pair         E_mol          TotEng         Press     
         0   0              45.364534      0              45.364534      1455208.2    
Loop time of 1.07e-06 on 1 procs for 0 steps with 8 atoms

93.5% CPU use with 1 MPI tasks x 1 OpenMP threads

MPI task timing breakdown:
Section |  min time  |  avg time  |  max time  |%varavg| %total
---------------------------------------------------------------
Pair    | 0          | 0          | 0          |   0.0 |  0.00
Neigh   | 0          | 0          | 0          |   0.0 |  0.00
Comm    | 0          | 0          | 0          |   0.0 |  0.00
Output  | 0          | 0          | 0          |   0.0 |  0.00
Modify  | 0          | 0          | 0          |   0.0 |  0.00
Other   |            | 1.07e-06   |            |       |100.00

Nlocal:              8 ave           8 max           8 min
Histogram: 1 0 0 0 0 0 0 0 0 0
Nghost:            217 ave         217 max         217 min
Histogram: 1 0 0 0 0 0 0 0 0 0
Neighs:              0 ave           0 max           0 min
Histogram: 1 0 0 0 0 0 0 0 0 0
FullNghs:          302 ave         302 max         302 min
Histogram: 1 0 0 0 0 0 0 0 0 0

Total # of neighbors = 302
Ave neighs/atom = 37.75
Neighbor list builds = 0
Dangerous builds = 0
next i
jump SELF loop_struct
clear
  using 1 OpenMP thread(s) per MPI task
log energies.log append
units metal
boundary p p p
atom_style atomic
read_data Si111_${i}.in
read_data Si111_78.in
Reading data file ...
  orthogonal box = (0 0 0) to (5.4437022 5.4437022 5.4437022)
  1 by 1 by 1 MPI processor grid
  reading atoms ...
  8 atoms
  reading velocities ...
  8 velocities
  read_data CPU = 0.000 seconds
mass 1 28.085
pair_style sw
pair_coeff * * Si.sw Si
Reading sw potential file Si.sw with DATE: 2007-06-11
run 0
WARNING: No fixes with time integration, atoms won't move (src/verlet.cpp:60)
Neighbor list info ...
  update: every = 1 steps, delay = 0 steps, check = yes
  max neighbors/atom: 2000, page size: 100000
  master list distance cutoff = 5.77118
  ghost atom cutoff = 5.77118
  binsize = 2.88559, bins = 2 2 2
  1 neighbor lists, perpetual/occasional/extra = 1 0 0
  (1) pair sw, perpetual
      attributes: full, newton on
      pair build: full/bin/atomonly
      stencil: full/bin/3d
      bin: standard
Per MPI rank memory allocation (min/avg/max) = 2.958 | 2.958 | 2.958 Mbytes
   Step          Temp          E_pair         E_mol          TotEng         Press     
         0   0             -7.0428861      0             -7.0428861      508749.5     
Loop time of 1.06e-06 on 1 procs for 0 steps with 8 atoms

0.0% CPU use with 1 MPI tasks x 1 OpenMP threads

MPI task timing breakdown:
Section |  min time  |  avg time  |  max time  |%varavg| %total
---------------------------------------------------------------
Pair    | 0          | 0          | 0          |   0.0 |  0.00
Neigh   | 0          | 0          | 0          |   0.0 |  0.00
Comm    | 0          | 0          | 0          |   0.0 |  0.00
Output  | 0          | 0          | 0          |   0.0 |  0.00
Modify  | 0          | 0          | 0          |   0.0 |  0.00
Other   |            | 1.06e-06   |            |       |100.00

Nlocal:              8 ave           8 max           8 min
Histogram: 1 0 0 0 0 0 0 0 0 0
Nghost:            226 ave         226 max         226 min
Histogram: 1 0 0 0 0 0 0 0 0 0
Neighs:              0 ave           0 max           0 min
Histogram: 1 0 0 0 0 0 0 0 0 0
FullNghs:          318 ave         318 max         318 min
Histogram: 1 0 0 0 0 0 0 0 0 0

Total # of neighbors = 318
Ave neighs/atom = 39.75
Neighbor list builds = 0
Dangerous builds = 0
next i
jump SELF loop_struct
clear
  using 1 OpenMP thread(s) per MPI task
log energies.log append
units metal
boundary p p p
atom_style atomic
read_data Si111_${i}.in
read_data Si111_79.in
Reading data file ...
  orthogonal box = (0 0 0) to (5.4437022 5.4437022 5.4437022)
  1 by 1 by 1 MPI processor grid
  reading atoms ...
  8 atoms
  reading velocities ...
  8 velocities
  read_data CPU = 0.000 seconds
mass 1 28.085
pair_style sw
pair_coeff * * Si.sw Si
Reading sw potential file Si.sw with DATE: 2007-06-11
run 0
WARNING: No fixes with time integration, atoms won't move (src/verlet.cpp:60)
Neighbor list info ...
  update: every = 1 steps, delay = 0 steps, check = yes
  max neighbors/atom: 2000, page size: 100000
  master list distance cutoff = 5.77118
  ghost atom cutoff = 5.77118
  binsize = 2.88559, bins = 2 2 2
  1 neighbor lists, perpetual/occasional/extra = 1 0 0
  (1) pair sw, perpetual
      attributes: full, newton on
      pair build: full/bin/atomonly
      stencil: full/bin/3d
      bin: standard
Per MPI rank memory allocation (min/avg/max) = 2.958 | 2.958 | 2.958 Mbytes
   Step          Temp          E_pair         E_mol          TotEng         Press     
         0   0             -1.6748784      0             -1.6748784      629183.75    
Loop time of 1.06e-06 on 1 procs for 0 steps with 8 atoms

0.0% CPU use with 1 MPI tasks x 1 OpenMP threads

MPI task timing breakdown:
Section |  min time  |  avg time  |  max time  |%varavg| %total
---------------------------------------------------------------
Pair    | 0          | 0          | 0          |   0.0 |  0.00
Neigh   | 0          | 0          | 0          |   0.0 |  0.00
Comm    | 0          | 0          | 0          |   0.0 |  0.00
Output  | 0          | 0          | 0          |   0.0 |  0.00
Modify  | 0          | 0          | 0          |   0.0 |  0.00
Other   |            | 1.06e-06   |            |       |100.00

Nlocal:              8 ave           8 max           8 min
Histogram: 1 0 0 0 0 0 0 0 0 0
Nghost:            226 ave         226 max         226 min
Histogram: 1 0 0 0 0 0 0 0 0 0
Neighs:              0 ave           0 max           0 min
Histogram: 1 0 0 0 0 0 0 0 0 0
FullNghs:          308 ave         308 max         308 min
Histogram: 1 0 0 0 0 0 0 0 0 0

Total # of neighbors = 308
Ave neighs/atom = 38.5
Neighbor list builds = 0
Dangerous builds = 0
next i
jump SELF loop_struct
clear
  using 1 OpenMP thread(s) per MPI task
log energies.log append
units metal
boundary p p p
atom_style atomic
read_data Si111_${i}.in
read_data Si111_80.in
Reading data file ...
  orthogonal box = (0 0 0) to (5.4437022 5.4437022 5.4437022)
  1 by 1 by 1 MPI processor grid
  reading atoms ...
  8 atoms
  reading velocities ...
  8 velocities
  read_data CPU = 0.000 seconds
mass 1 28.085
pair_style sw
pair_coeff * * Si.sw Si
Reading sw potential file Si.sw with DATE: 2007-06-11
run 0
WARNING: No fixes with time integration, atoms won't move (src/verlet.cpp:60)
Neighbor list info ...
  update: every = 1 steps, delay = 0 steps, check = yes
  max neighbors/atom: 2000, page size: 100000
  master list distance cutoff = 5.77118
  ghost atom cutoff = 5.77118
  binsize = 2.88559, bins = 2 2 2
  1 neighbor lists, perpetual/occasional/extra = 1 0 0
  (1) pair sw, perpetual
      attributes: full, newton on
      pair build: full/bin/atomonly
      stencil: full/bin/3d
      bin: standard
Per MPI rank memory allocation (min/avg/max) = 2.958 | 2.958 | 2.958 Mbytes
   Step          Temp          E_pair         E_mol          TotEng         Press     
         0   0              112.71764      0              112.71764      2402049.6    
Loop time of 1.05e-06 on 1 procs for 0 steps with 8 atoms

190.5% CPU use with 1 MPI tasks x 1 OpenMP threads

MPI task timing breakdown:
Section |  min time  |  avg time  |  max time  |%varavg| %total
---------------------------------------------------------------
Pair    | 0          | 0          | 0          |   0.0 |  0.00
Neigh   | 0          | 0          | 0          |   0.0 |  0.00
Comm    | 0          | 0          | 0          |   0.0 |  0.00
Output  | 0          | 0          | 0          |   0.0 |  0.00
Modify  | 0          | 0          | 0          |   0.0 |  0.00
Other   |            | 1.05e-06   |            |       |100.00

Nlocal:              8 ave           8 max           8 min
Histogram: 1 0 0 0 0 0 0 0 0 0
Nghost:            208 ave         208 max         208 min
Histogram: 1 0 0 0 0 0 0 0 0 0
Neighs:              0 ave           0 max           0 min
Histogram: 1 0 0 0 0 0 0 0 0 0
FullNghs:          298 ave         298 max         298 min
Histogram: 1 0 0 0 0 0 0 0 0 0

Total # of neighbors = 298
Ave neighs/atom = 37.25
Neighbor list builds = 0
Dangerous builds = 0
next i
jump SELF loop_struct
clear
  using 1 OpenMP thread(s) per MPI task
log energies.log append
units metal
boundary p p p
atom_style atomic
read_data Si111_${i}.in
read_data Si111_81.in
Reading data file ...
  orthogonal box = (0 0 0) to (5.4437022 5.4437022 5.4437022)
  1 by 1 by 1 MPI processor grid
  reading atoms ...
  8 atoms
  reading velocities ...
  8 velocities
  read_data CPU = 0.000 seconds
mass 1 28.085
pair_style sw
pair_coeff * * Si.sw Si
Reading sw potential file Si.sw with DATE: 2007-06-11
run 0
WARNING: No fixes with time integration, atoms won't move (src/verlet.cpp:60)
Neighbor list info ...
  update: every = 1 steps, delay = 0 steps, check = yes
  max neighbors/atom: 2000, page size: 100000
  master list distance cutoff = 5.77118
  ghost atom cutoff = 5.77118
  binsize = 2.88559, bins = 2 2 2
  1 neighbor lists, perpetual/occasional/extra = 1 0 0
  (1) pair sw, perpetual
      attributes: full, newton on
      pair build: full/bin/atomonly
      stencil: full/bin/3d
      bin: standard
Per MPI rank memory allocation (min/avg/max) = 2.958 | 2.958 | 2.958 Mbytes
   Step          Temp          E_pair         E_mol          TotEng         Press     
         0   0              75.630586      0              75.630586      1746517.3    
Loop time of 1.07e-06 on 1 procs for 0 steps with 8 atoms

93.5% CPU use with 1 MPI tasks x 1 OpenMP threads

MPI task timing breakdown:
Section |  min time  |  avg time  |  max time  |%varavg| %total
---------------------------------------------------------------
Pair    | 0          | 0          | 0          |   0.0 |  0.00
Neigh   | 0          | 0          | 0          |   0.0 |  0.00
Comm    | 0          | 0          | 0          |   0.0 |  0.00
Output  | 0          | 0          | 0          |   0.0 |  0.00
Modify  | 0          | 0          | 0          |   0.0 |  0.00
Other   |            | 1.07e-06   |            |       |100.00

Nlocal:              8 ave           8 max           8 min
Histogram: 1 0 0 0 0 0 0 0 0 0
Nghost:            208 ave         208 max         208 min
Histogram: 1 0 0 0 0 0 0 0 0 0
Neighs:              0 ave           0 max           0 min
Histogram: 1 0 0 0 0 0 0 0 0 0
FullNghs:          314 ave         314 max         314 min
Histogram: 1 0 0 0 0 0 0 0 0 0

Total # of neighbors = 314
Ave neighs/atom = 39.25
Neighbor list builds = 0
Dangerous builds = 0
next i
jump SELF loop_struct
clear
  using 1 OpenMP thread(s) per MPI task
log energies.log append
units metal
boundary p p p
atom_style atomic
read_data Si111_${i}.in
read_data Si111_82.in
Reading data file ...
  orthogonal box = (0 0 0) to (5.4437022 5.4437022 5.4437022)
  1 by 1 by 1 MPI processor grid
  reading atoms ...
  8 atoms
  reading velocities ...
  8 velocities
  read_data CPU = 0.000 seconds
mass 1 28.085
pair_style sw
pair_coeff * * Si.sw Si
Reading sw potential file Si.sw with DATE: 2007-06-11
run 0
WARNING: No fixes with time integration, atoms won't move (src/verlet.cpp:60)
Neighbor list info ...
  update: every = 1 steps, delay = 0 steps, check = yes
  max neighbors/atom: 2000, page size: 100000
  master list distance cutoff = 5.77118
  ghost atom cutoff = 5.77118
  binsize = 2.88559, bins = 2 2 2
  1 neighbor lists, perpetual/occasional/extra = 1 0 0
  (1) pair sw, perpetual
      attributes: full, newton on
      pair build: full/bin/atomonly
      stencil: full/bin/3d
      bin: standard
Per MPI rank memory allocation (min/avg/max) = 2.958 | 2.958 | 2.958 Mbytes
   Step          Temp          E_pair         E_mol          TotEng         Press     
         0   0              508.71888      0              508.71888      7829900.4    
Loop time of 1.15e-06 on 1 procs for 0 steps with 8 atoms

0.0% CPU use with 1 MPI tasks x 1 OpenMP threads

MPI task timing breakdown:
Section |  min time  |  avg time  |  max time  |%varavg| %total
---------------------------------------------------------------
Pair    | 0          | 0          | 0          |   0.0 |  0.00
Neigh   | 0          | 0          | 0          |   0.0 |  0.00
Comm    | 0          | 0          | 0          |   0.0 |  0.00
Output  | 0          | 0          | 0          |   0.0 |  0.00
Modify  | 0          | 0          | 0          |   0.0 |  0.00
Other   |            | 1.15e-06   |            |       |100.00

Nlocal:              8 ave           8 max           8 min
Histogram: 1 0 0 0 0 0 0 0 0 0
Nghost:            208 ave         208 max         208 min
Histogram: 1 0 0 0 0 0 0 0 0 0
Neighs:              0 ave           0 max           0 min
Histogram: 1 0 0 0 0 0 0 0 0 0
FullNghs:          314 ave         314 max         314 min
Histogram: 1 0 0 0 0 0 0 0 0 0

Total # of neighbors = 314
Ave neighs/atom = 39.25
Neighbor list builds = 0
Dangerous builds = 0
next i
jump SELF loop_struct
clear
  using 1 OpenMP thread(s) per MPI task
log energies.log append
units metal
boundary p p p
atom_style atomic
read_data Si111_${i}.in
read_data Si111_83.in
Reading data file ...
  orthogonal box = (0 0 0) to (5.4437022 5.4437022 5.4437022)
  1 by 1 by 1 MPI processor grid
  reading atoms ...
  8 atoms
  reading velocities ...
  8 velocities
  read_data CPU = 0.001 seconds
mass 1 28.085
pair_style sw
pair_coeff * * Si.sw Si
Reading sw potential file Si.sw with DATE: 2007-06-11
run 0
WARNING: No fixes with time integration, atoms won't move (src/verlet.cpp:60)
Neighbor list info ...
  update: every = 1 steps, delay = 0 steps, check = yes
  max neighbors/atom: 2000, page size: 100000
  master list distance cutoff = 5.77118
  ghost atom cutoff = 5.77118
  binsize = 2.88559, bins = 2 2 2
  1 neighbor lists, perpetual/occasional/extra = 1 0 0
  (1) pair sw, perpetual
      attributes: full, newton on
      pair build: full/bin/atomonly
      stencil: full/bin/3d
      bin: standard
Per MPI rank memory allocation (min/avg/max) = 2.958 | 2.958 | 2.958 Mbytes
   Step          Temp          E_pair         E_mol          TotEng         Press     
         0   0              137.41761      0              137.41761      2360803.7    
Loop time of 1.13e-06 on 1 procs for 0 steps with 8 atoms

0.0% CPU use with 1 MPI tasks x 1 OpenMP threads

MPI task timing breakdown:
Section |  min time  |  avg time  |  max time  |%varavg| %total
---------------------------------------------------------------
Pair    | 0          | 0          | 0          |   0.0 |  0.00
Neigh   | 0          | 0          | 0          |   0.0 |  0.00
Comm    | 0          | 0          | 0          |   0.0 |  0.00
Output  | 0          | 0          | 0          |   0.0 |  0.00
Modify  | 0          | 0          | 0          |   0.0 |  0.00
Other   |            | 1.13e-06   |            |       |100.00

Nlocal:              8 ave           8 max           8 min
Histogram: 1 0 0 0 0 0 0 0 0 0
Nghost:            226 ave         226 max         226 min
Histogram: 1 0 0 0 0 0 0 0 0 0
Neighs:              0 ave           0 max           0 min
Histogram: 1 0 0 0 0 0 0 0 0 0
FullNghs:          300 ave         300 max         300 min
Histogram: 1 0 0 0 0 0 0 0 0 0

Total # of neighbors = 300
Ave neighs/atom = 37.5
Neighbor list builds = 0
Dangerous builds = 0
next i
jump SELF loop_struct
clear
  using 1 OpenMP thread(s) per MPI task
log energies.log append
units metal
boundary p p p
atom_style atomic
read_data Si111_${i}.in
read_data Si111_84.in
Reading data file ...
  orthogonal box = (0 0 0) to (5.4437022 5.4437022 5.4437022)
  1 by 1 by 1 MPI processor grid
  reading atoms ...
  8 atoms
  reading velocities ...
  8 velocities
  read_data CPU = 0.001 seconds
mass 1 28.085
pair_style sw
pair_coeff * * Si.sw Si
Reading sw potential file Si.sw with DATE: 2007-06-11
run 0
WARNING: No fixes with time integration, atoms won't move (src/verlet.cpp:60)
Neighbor list info ...
  update: every = 1 steps, delay = 0 steps, check = yes
  max neighbors/atom: 2000, page size: 100000
  master list distance cutoff = 5.77118
  ghost atom cutoff = 5.77118
  binsize = 2.88559, bins = 2 2 2
  1 neighbor lists, perpetual/occasional/extra = 1 0 0
  (1) pair sw, perpetual
      attributes: full, newton on
      pair build: full/bin/atomonly
      stencil: full/bin/3d
      bin: standard
Per MPI rank memory allocation (min/avg/max) = 2.958 | 2.958 | 2.958 Mbytes
   Step          Temp          E_pair         E_mol          TotEng         Press     
         0   0              35.486706      0              35.486706      1146814      
Loop time of 1.05e-06 on 1 procs for 0 steps with 8 atoms

0.0% CPU use with 1 MPI tasks x 1 OpenMP threads

MPI task timing breakdown:
Section |  min time  |  avg time  |  max time  |%varavg| %total
---------------------------------------------------------------
Pair    | 0          | 0          | 0          |   0.0 |  0.00
Neigh   | 0          | 0          | 0          |   0.0 |  0.00
Comm    | 0          | 0          | 0          |   0.0 |  0.00
Output  | 0          | 0          | 0          |   0.0 |  0.00
Modify  | 0          | 0          | 0          |   0.0 |  0.00
Other   |            | 1.05e-06   |            |       |100.00

Nlocal:              8 ave           8 max           8 min
Histogram: 1 0 0 0 0 0 0 0 0 0
Nghost:            226 ave         226 max         226 min
Histogram: 1 0 0 0 0 0 0 0 0 0
Neighs:              0 ave           0 max           0 min
Histogram: 1 0 0 0 0 0 0 0 0 0
FullNghs:          314 ave         314 max         314 min
Histogram: 1 0 0 0 0 0 0 0 0 0

Total # of neighbors = 314
Ave neighs/atom = 39.25
Neighbor list builds = 0
Dangerous builds = 0
next i
jump SELF loop_struct
clear
  using 1 OpenMP thread(s) per MPI task
log energies.log append
units metal
boundary p p p
atom_style atomic
read_data Si111_${i}.in
read_data Si111_85.in
Reading data file ...
  orthogonal box = (0 0 0) to (5.4437022 5.4437022 5.4437022)
  1 by 1 by 1 MPI processor grid
  reading atoms ...
  8 atoms
  reading velocities ...
  8 velocities
  read_data CPU = 0.000 seconds
mass 1 28.085
pair_style sw
pair_coeff * * Si.sw Si
Reading sw potential file Si.sw with DATE: 2007-06-11
run 0
WARNING: No fixes with time integration, atoms won't move (src/verlet.cpp:60)
Neighbor list info ...
  update: every = 1 steps, delay = 0 steps, check = yes
  max neighbors/atom: 2000, page size: 100000
  master list distance cutoff = 5.77118
  ghost atom cutoff = 5.77118
  binsize = 2.88559, bins = 2 2 2
  1 neighbor lists, perpetual/occasional/extra = 1 0 0
  (1) pair sw, perpetual
      attributes: full, newton on
      pair build: full/bin/atomonly
      stencil: full/bin/3d
      bin: standard
Per MPI rank memory allocation (min/avg/max) = 2.958 | 2.958 | 2.958 Mbytes
   Step          Temp          E_pair         E_mol          TotEng         Press     
         0   0              146.41841      0              146.41841      2730295.3    
Loop time of 1.08e-06 on 1 procs for 0 steps with 8 atoms

0.0% CPU use with 1 MPI tasks x 1 OpenMP threads

MPI task timing breakdown:
Section |  min time  |  avg time  |  max time  |%varavg| %total
---------------------------------------------------------------
Pair    | 0          | 0          | 0          |   0.0 |  0.00
Neigh   | 0          | 0          | 0          |   0.0 |  0.00
Comm    | 0          | 0          | 0          |   0.0 |  0.00
Output  | 0          | 0          | 0          |   0.0 |  0.00
Modify  | 0          | 0          | 0          |   0.0 |  0.00
Other   |            | 1.08e-06   |            |       |100.00

Nlocal:              8 ave           8 max           8 min
Histogram: 1 0 0 0 0 0 0 0 0 0
Nghost:            226 ave         226 max         226 min
Histogram: 1 0 0 0 0 0 0 0 0 0
Neighs:              0 ave           0 max           0 min
Histogram: 1 0 0 0 0 0 0 0 0 0
FullNghs:          316 ave         316 max         316 min
Histogram: 1 0 0 0 0 0 0 0 0 0

Total # of neighbors = 316
Ave neighs/atom = 39.5
Neighbor list builds = 0
Dangerous builds = 0
next i
jump SELF loop_struct
clear
  using 1 OpenMP thread(s) per MPI task
log energies.log append
units metal
boundary p p p
atom_style atomic
read_data Si111_${i}.in
read_data Si111_86.in
Reading data file ...
  orthogonal box = (0 0 0) to (5.4437022 5.4437022 5.4437022)
  1 by 1 by 1 MPI processor grid
  reading atoms ...
  8 atoms
  reading velocities ...
  8 velocities
  read_data CPU = 0.000 seconds
mass 1 28.085
pair_style sw
pair_coeff * * Si.sw Si
Reading sw potential file Si.sw with DATE: 2007-06-11
run 0
WARNING: No fixes with time integration, atoms won't move (src/verlet.cpp:60)
Neighbor list info ...
  update: every = 1 steps, delay = 0 steps, check = yes
  max neighbors/atom: 2000, page size: 100000
  master list distance cutoff = 5.77118
  ghost atom cutoff = 5.77118
  binsize = 2.88559, bins = 2 2 2
  1 neighbor lists, perpetual/occasional/extra = 1 0 0
  (1) pair sw, perpetual
      attributes: full, newton on
      pair build: full/bin/atomonly
      stencil: full/bin/3d
      bin: standard
Per MPI rank memory allocation (min/avg/max) = 2.958 | 2.958 | 2.958 Mbytes
   Step          Temp          E_pair         E_mol          TotEng         Press     
         0   0              4.8578184      0              4.8578184      810296.69    
Loop time of 1.07e-06 on 1 procs for 0 steps with 8 atoms

0.0% CPU use with 1 MPI tasks x 1 OpenMP threads

MPI task timing breakdown:
Section |  min time  |  avg time  |  max time  |%varavg| %total
---------------------------------------------------------------
Pair    | 0          | 0          | 0          |   0.0 |  0.00
Neigh   | 0          | 0          | 0          |   0.0 |  0.00
Comm    | 0          | 0          | 0          |   0.0 |  0.00
Output  | 0          | 0          | 0          |   0.0 |  0.00
Modify  | 0          | 0          | 0          |   0.0 |  0.00
Other   |            | 1.07e-06   |            |       |100.00

Nlocal:              8 ave           8 max           8 min
Histogram: 1 0 0 0 0 0 0 0 0 0
Nghost:            238 ave         238 max         238 min
Histogram: 1 0 0 0 0 0 0 0 0 0
Neighs:              0 ave           0 max           0 min
Histogram: 1 0 0 0 0 0 0 0 0 0
FullNghs:          304 ave         304 max         304 min
Histogram: 1 0 0 0 0 0 0 0 0 0

Total # of neighbors = 304
Ave neighs/atom = 38
Neighbor list builds = 0
Dangerous builds = 0
next i
jump SELF loop_struct
clear
  using 1 OpenMP thread(s) per MPI task
log energies.log append
units metal
boundary p p p
atom_style atomic
read_data Si111_${i}.in
read_data Si111_87.in
Reading data file ...
  orthogonal box = (0 0 0) to (5.4437022 5.4437022 5.4437022)
  1 by 1 by 1 MPI processor grid
  reading atoms ...
  8 atoms
  reading velocities ...
  8 velocities
  read_data CPU = 0.001 seconds
mass 1 28.085
pair_style sw
pair_coeff * * Si.sw Si
Reading sw potential file Si.sw with DATE: 2007-06-11
run 0
WARNING: No fixes with time integration, atoms won't move (src/verlet.cpp:60)
Neighbor list info ...
  update: every = 1 steps, delay = 0 steps, check = yes
  max neighbors/atom: 2000, page size: 100000
  master list distance cutoff = 5.77118
  ghost atom cutoff = 5.77118
  binsize = 2.88559, bins = 2 2 2
  1 neighbor lists, perpetual/occasional/extra = 1 0 0
  (1) pair sw, perpetual
      attributes: full, newton on
      pair build: full/bin/atomonly
      stencil: full/bin/3d
      bin: standard
Per MPI rank memory allocation (min/avg/max) = 2.958 | 2.958 | 2.958 Mbytes
   Step          Temp          E_pair         E_mol          TotEng         Press     
         0   0              12.421973      0              12.421973      891606.27    
Loop time of 1.08e-06 on 1 procs for 0 steps with 8 atoms

0.0% CPU use with 1 MPI tasks x 1 OpenMP threads

MPI task timing breakdown:
Section |  min time  |  avg time  |  max time  |%varavg| %total
---------------------------------------------------------------
Pair    | 0          | 0          | 0          |   0.0 |  0.00
Neigh   | 0          | 0          | 0          |   0.0 |  0.00
Comm    | 0          | 0          | 0          |   0.0 |  0.00
Output  | 0          | 0          | 0          |   0.0 |  0.00
Modify  | 0          | 0          | 0          |   0.0 |  0.00
Other   |            | 1.08e-06   |            |       |100.00

Nlocal:              8 ave           8 max           8 min
Histogram: 1 0 0 0 0 0 0 0 0 0
Nghost:            217 ave         217 max         217 min
Histogram: 1 0 0 0 0 0 0 0 0 0
Neighs:              0 ave           0 max           0 min
Histogram: 1 0 0 0 0 0 0 0 0 0
FullNghs:          306 ave         306 max         306 min
Histogram: 1 0 0 0 0 0 0 0 0 0

Total # of neighbors = 306
Ave neighs/atom = 38.25
Neighbor list builds = 0
Dangerous builds = 0
next i
jump SELF loop_struct
clear
  using 1 OpenMP thread(s) per MPI task
log energies.log append
units metal
boundary p p p
atom_style atomic
read_data Si111_${i}.in
read_data Si111_88.in
Reading data file ...
  orthogonal box = (0 0 0) to (5.4437022 5.4437022 5.4437022)
  1 by 1 by 1 MPI processor grid
  reading atoms ...
  8 atoms
  reading velocities ...
  8 velocities
  read_data CPU = 0.000 seconds
mass 1 28.085
pair_style sw
pair_coeff * * Si.sw Si
Reading sw potential file Si.sw with DATE: 2007-06-11
run 0
WARNING: No fixes with time integration, atoms won't move (src/verlet.cpp:60)
Neighbor list info ...
  update: every = 1 steps, delay = 0 steps, check = yes
  max neighbors/atom: 2000, page size: 100000
  master list distance cutoff = 5.77118
  ghost atom cutoff = 5.77118
  binsize = 2.88559, bins = 2 2 2
  1 neighbor lists, perpetual/occasional/extra = 1 0 0
  (1) pair sw, perpetual
      attributes: full, newton on
      pair build: full/bin/atomonly
      stencil: full/bin/3d
      bin: standard
Per MPI rank memory allocation (min/avg/max) = 2.958 | 2.958 | 2.958 Mbytes
   Step          Temp          E_pair         E_mol          TotEng         Press     
         0   0              118.86281      0              118.86281      2666858.8    
Loop time of 1.07e-06 on 1 procs for 0 steps with 8 atoms

186.9% CPU use with 1 MPI tasks x 1 OpenMP threads

MPI task timing breakdown:
Section |  min time  |  avg time  |  max time  |%varavg| %total
---------------------------------------------------------------
Pair    | 0          | 0          | 0          |   0.0 |  0.00
Neigh   | 0          | 0          | 0          |   0.0 |  0.00
Comm    | 0          | 0          | 0          |   0.0 |  0.00
Output  | 0          | 0          | 0          |   0.0 |  0.00
Modify  | 0          | 0          | 0          |   0.0 |  0.00
Other   |            | 1.07e-06   |            |       |100.00

Nlocal:              8 ave           8 max           8 min
Histogram: 1 0 0 0 0 0 0 0 0 0
Nghost:            208 ave         208 max         208 min
Histogram: 1 0 0 0 0 0 0 0 0 0
Neighs:              0 ave           0 max           0 min
Histogram: 1 0 0 0 0 0 0 0 0 0
FullNghs:          302 ave         302 max         302 min
Histogram: 1 0 0 0 0 0 0 0 0 0

Total # of neighbors = 302
Ave neighs/atom = 37.75
Neighbor list builds = 0
Dangerous builds = 0
next i
jump SELF loop_struct
clear
  using 1 OpenMP thread(s) per MPI task
log energies.log append
units metal
boundary p p p
atom_style atomic
read_data Si111_${i}.in
read_data Si111_89.in
Reading data file ...
  orthogonal box = (0 0 0) to (5.4437022 5.4437022 5.4437022)
  1 by 1 by 1 MPI processor grid
  reading atoms ...
  8 atoms
  reading velocities ...
  8 velocities
  read_data CPU = 0.000 seconds
mass 1 28.085
pair_style sw
pair_coeff * * Si.sw Si
Reading sw potential file Si.sw with DATE: 2007-06-11
run 0
WARNING: No fixes with time integration, atoms won't move (src/verlet.cpp:60)
Neighbor list info ...
  update: every = 1 steps, delay = 0 steps, check = yes
  max neighbors/atom: 2000, page size: 100000
  master list distance cutoff = 5.77118
  ghost atom cutoff = 5.77118
  binsize = 2.88559, bins = 2 2 2
  1 neighbor lists, perpetual/occasional/extra = 1 0 0
  (1) pair sw, perpetual
      attributes: full, newton on
      pair build: full/bin/atomonly
      stencil: full/bin/3d
      bin: standard
Per MPI rank memory allocation (min/avg/max) = 2.958 | 2.958 | 2.958 Mbytes
   Step          Temp          E_pair         E_mol          TotEng         Press     
         0   0              156.46235      0              156.46235      2916477.9    
Loop time of 1.05e-06 on 1 procs for 0 steps with 8 atoms

190.5% CPU use with 1 MPI tasks x 1 OpenMP threads

MPI task timing breakdown:
Section |  min time  |  avg time  |  max time  |%varavg| %total
---------------------------------------------------------------
Pair    | 0          | 0          | 0          |   0.0 |  0.00
Neigh   | 0          | 0          | 0          |   0.0 |  0.00
Comm    | 0          | 0          | 0          |   0.0 |  0.00
Output  | 0          | 0          | 0          |   0.0 |  0.00
Modify  | 0          | 0          | 0          |   0.0 |  0.00
Other   |            | 1.05e-06   |            |       |100.00

Nlocal:              8 ave           8 max           8 min
Histogram: 1 0 0 0 0 0 0 0 0 0
Nghost:            229 ave         229 max         229 min
Histogram: 1 0 0 0 0 0 0 0 0 0
Neighs:              0 ave           0 max           0 min
Histogram: 1 0 0 0 0 0 0 0 0 0
FullNghs:          296 ave         296 max         296 min
Histogram: 1 0 0 0 0 0 0 0 0 0

Total # of neighbors = 296
Ave neighs/atom = 37
Neighbor list builds = 0
Dangerous builds = 0
next i
jump SELF loop_struct
clear
  using 1 OpenMP thread(s) per MPI task
log energies.log append
units metal
boundary p p p
atom_style atomic
read_data Si111_${i}.in
read_data Si111_90.in
Reading data file ...
  orthogonal box = (0 0 0) to (5.4437022 5.4437022 5.4437022)
  1 by 1 by 1 MPI processor grid
  reading atoms ...
  8 atoms
  reading velocities ...
  8 velocities
  read_data CPU = 0.000 seconds
mass 1 28.085
pair_style sw
pair_coeff * * Si.sw Si
Reading sw potential file Si.sw with DATE: 2007-06-11
run 0
WARNING: No fixes with time integration, atoms won't move (src/verlet.cpp:60)
Neighbor list info ...
  update: every = 1 steps, delay = 0 steps, check = yes
  max neighbors/atom: 2000, page size: 100000
  master list distance cutoff = 5.77118
  ghost atom cutoff = 5.77118
  binsize = 2.88559, bins = 2 2 2
  1 neighbor lists, perpetual/occasional/extra = 1 0 0
  (1) pair sw, perpetual
      attributes: full, newton on
      pair build: full/bin/atomonly
      stencil: full/bin/3d
      bin: standard
Per MPI rank memory allocation (min/avg/max) = 2.958 | 2.958 | 2.958 Mbytes
   Step          Temp          E_pair         E_mol          TotEng         Press     
         0   0              1648.434       0              1648.434       23137856     
Loop time of 1.04e-06 on 1 procs for 0 steps with 8 atoms

96.2% CPU use with 1 MPI tasks x 1 OpenMP threads

MPI task timing breakdown:
Section |  min time  |  avg time  |  max time  |%varavg| %total
---------------------------------------------------------------
Pair    | 0          | 0          | 0          |   0.0 |  0.00
Neigh   | 0          | 0          | 0          |   0.0 |  0.00
Comm    | 0          | 0          | 0          |   0.0 |  0.00
Output  | 0          | 0          | 0          |   0.0 |  0.00
Modify  | 0          | 0          | 0          |   0.0 |  0.00
Other   |            | 1.04e-06   |            |       |100.00

Nlocal:              8 ave           8 max           8 min
Histogram: 1 0 0 0 0 0 0 0 0 0
Nghost:            208 ave         208 max         208 min
Histogram: 1 0 0 0 0 0 0 0 0 0
Neighs:              0 ave           0 max           0 min
Histogram: 1 0 0 0 0 0 0 0 0 0
FullNghs:          302 ave         302 max         302 min
Histogram: 1 0 0 0 0 0 0 0 0 0

Total # of neighbors = 302
Ave neighs/atom = 37.75
Neighbor list builds = 0
Dangerous builds = 0
next i
jump SELF loop_struct
clear
  using 1 OpenMP thread(s) per MPI task
log energies.log append
units metal
boundary p p p
atom_style atomic
read_data Si111_${i}.in
read_data Si111_91.in
Reading data file ...
  orthogonal box = (0 0 0) to (5.4437022 5.4437022 5.4437022)
  1 by 1 by 1 MPI processor grid
  reading atoms ...
  8 atoms
  reading velocities ...
  8 velocities
  read_data CPU = 0.000 seconds
mass 1 28.085
pair_style sw
pair_coeff * * Si.sw Si
Reading sw potential file Si.sw with DATE: 2007-06-11
run 0
WARNING: No fixes with time integration, atoms won't move (src/verlet.cpp:60)
Neighbor list info ...
  update: every = 1 steps, delay = 0 steps, check = yes
  max neighbors/atom: 2000, page size: 100000
  master list distance cutoff = 5.77118
  ghost atom cutoff = 5.77118
  binsize = 2.88559, bins = 2 2 2
  1 neighbor lists, perpetual/occasional/extra = 1 0 0
  (1) pair sw, perpetual
      attributes: full, newton on
      pair build: full/bin/atomonly
      stencil: full/bin/3d
      bin: standard
Per MPI rank memory allocation (min/avg/max) = 2.958 | 2.958 | 2.958 Mbytes
   Step          Temp          E_pair         E_mol          TotEng         Press     
         0   0              24.87113       0              24.87113       1004906.6    
Loop time of 1.04e-06 on 1 procs for 0 steps with 8 atoms

192.3% CPU use with 1 MPI tasks x 1 OpenMP threads

MPI task timing breakdown:
Section |  min time  |  avg time  |  max time  |%varavg| %total
---------------------------------------------------------------
Pair    | 0          | 0          | 0          |   0.0 |  0.00
Neigh   | 0          | 0          | 0          |   0.0 |  0.00
Comm    | 0          | 0          | 0          |   0.0 |  0.00
Output  | 0          | 0          | 0          |   0.0 |  0.00
Modify  | 0          | 0          | 0          |   0.0 |  0.00
Other   |            | 1.04e-06   |            |       |100.00

Nlocal:              8 ave           8 max           8 min
Histogram: 1 0 0 0 0 0 0 0 0 0
Nghost:            238 ave         238 max         238 min
Histogram: 1 0 0 0 0 0 0 0 0 0
Neighs:              0 ave           0 max           0 min
Histogram: 1 0 0 0 0 0 0 0 0 0
FullNghs:          328 ave         328 max         328 min
Histogram: 1 0 0 0 0 0 0 0 0 0

Total # of neighbors = 328
Ave neighs/atom = 41
Neighbor list builds = 0
Dangerous builds = 0
next i
jump SELF loop_struct
clear
  using 1 OpenMP thread(s) per MPI task
log energies.log append
units metal
boundary p p p
atom_style atomic
read_data Si111_${i}.in
read_data Si111_92.in
Reading data file ...
  orthogonal box = (0 0 0) to (5.4437022 5.4437022 5.4437022)
  1 by 1 by 1 MPI processor grid
  reading atoms ...
  8 atoms
  reading velocities ...
  8 velocities
  read_data CPU = 0.000 seconds
mass 1 28.085
pair_style sw
pair_coeff * * Si.sw Si
Reading sw potential file Si.sw with DATE: 2007-06-11
run 0
WARNING: No fixes with time integration, atoms won't move (src/verlet.cpp:60)
Neighbor list info ...
  update: every = 1 steps, delay = 0 steps, check = yes
  max neighbors/atom: 2000, page size: 100000
  master list distance cutoff = 5.77118
  ghost atom cutoff = 5.77118
  binsize = 2.88559, bins = 2 2 2
  1 neighbor lists, perpetual/occasional/extra = 1 0 0
  (1) pair sw, perpetual
      attributes: full, newton on
      pair build: full/bin/atomonly
      stencil: full/bin/3d
      bin: standard
Per MPI rank memory allocation (min/avg/max) = 2.958 | 2.958 | 2.958 Mbytes
   Step          Temp          E_pair         E_mol          TotEng         Press     
         0   0              3.8370099      0              3.8370099      894127.7     
Loop time of 1.08e-06 on 1 procs for 0 steps with 8 atoms

0.0% CPU use with 1 MPI tasks x 1 OpenMP threads

MPI task timing breakdown:
Section |  min time  |  avg time  |  max time  |%varavg| %total
---------------------------------------------------------------
Pair    | 0          | 0          | 0          |   0.0 |  0.00
Neigh   | 0          | 0          | 0          |   0.0 |  0.00
Comm    | 0          | 0          | 0          |   0.0 |  0.00
Output  | 0          | 0          | 0          |   0.0 |  0.00
Modify  | 0          | 0          | 0          |   0.0 |  0.00
Other   |            | 1.08e-06   |            |       |100.00

Nlocal:              8 ave           8 max           8 min
Histogram: 1 0 0 0 0 0 0 0 0 0
Nghost:            208 ave         208 max         208 min
Histogram: 1 0 0 0 0 0 0 0 0 0
Neighs:              0 ave           0 max           0 min
Histogram: 1 0 0 0 0 0 0 0 0 0
FullNghs:          314 ave         314 max         314 min
Histogram: 1 0 0 0 0 0 0 0 0 0

Total # of neighbors = 314
Ave neighs/atom = 39.25
Neighbor list builds = 0
Dangerous builds = 0
next i
jump SELF loop_struct
clear
  using 1 OpenMP thread(s) per MPI task
log energies.log append
units metal
boundary p p p
atom_style atomic
read_data Si111_${i}.in
read_data Si111_93.in
Reading data file ...
  orthogonal box = (0 0 0) to (5.4437022 5.4437022 5.4437022)
  1 by 1 by 1 MPI processor grid
  reading atoms ...
  8 atoms
  reading velocities ...
  8 velocities
  read_data CPU = 0.000 seconds
mass 1 28.085
pair_style sw
pair_coeff * * Si.sw Si
Reading sw potential file Si.sw with DATE: 2007-06-11
run 0
WARNING: No fixes with time integration, atoms won't move (src/verlet.cpp:60)
Neighbor list info ...
  update: every = 1 steps, delay = 0 steps, check = yes
  max neighbors/atom: 2000, page size: 100000
  master list distance cutoff = 5.77118
  ghost atom cutoff = 5.77118
  binsize = 2.88559, bins = 2 2 2
  1 neighbor lists, perpetual/occasional/extra = 1 0 0
  (1) pair sw, perpetual
      attributes: full, newton on
      pair build: full/bin/atomonly
      stencil: full/bin/3d
      bin: standard
Per MPI rank memory allocation (min/avg/max) = 2.958 | 2.958 | 2.958 Mbytes
   Step          Temp          E_pair         E_mol          TotEng         Press     
         0   0              34.300613      0              34.300613      1275691.9    
Loop time of 1.04e-06 on 1 procs for 0 steps with 8 atoms

96.2% CPU use with 1 MPI tasks x 1 OpenMP threads

MPI task timing breakdown:
Section |  min time  |  avg time  |  max time  |%varavg| %total
---------------------------------------------------------------
Pair    | 0          | 0          | 0          |   0.0 |  0.00
Neigh   | 0          | 0          | 0          |   0.0 |  0.00
Comm    | 0          | 0          | 0          |   0.0 |  0.00
Output  | 0          | 0          | 0          |   0.0 |  0.00
Modify  | 0          | 0          | 0          |   0.0 |  0.00
Other   |            | 1.04e-06   |            |       |100.00

Nlocal:              8 ave           8 max           8 min
Histogram: 1 0 0 0 0 0 0 0 0 0
Nghost:            226 ave         226 max         226 min
Histogram: 1 0 0 0 0 0 0 0 0 0
Neighs:              0 ave           0 max           0 min
Histogram: 1 0 0 0 0 0 0 0 0 0
FullNghs:          308 ave         308 max         308 min
Histogram: 1 0 0 0 0 0 0 0 0 0

Total # of neighbors = 308
Ave neighs/atom = 38.5
Neighbor list builds = 0
Dangerous builds = 0
next i
jump SELF loop_struct
clear
  using 1 OpenMP thread(s) per MPI task
log energies.log append
units metal
boundary p p p
atom_style atomic
read_data Si111_${i}.in
read_data Si111_94.in
Reading data file ...
  orthogonal box = (0 0 0) to (5.4437022 5.4437022 5.4437022)
  1 by 1 by 1 MPI processor grid
  reading atoms ...
  8 atoms
  reading velocities ...
  8 velocities
  read_data CPU = 0.001 seconds
mass 1 28.085
pair_style sw
pair_coeff * * Si.sw Si
Reading sw potential file Si.sw with DATE: 2007-06-11
run 0
WARNING: No fixes with time integration, atoms won't move (src/verlet.cpp:60)
Neighbor list info ...
  update: every = 1 steps, delay = 0 steps, check = yes
  max neighbors/atom: 2000, page size: 100000
  master list distance cutoff = 5.77118
  ghost atom cutoff = 5.77118
  binsize = 2.88559, bins = 2 2 2
  1 neighbor lists, perpetual/occasional/extra = 1 0 0
  (1) pair sw, perpetual
      attributes: full, newton on
      pair build: full/bin/atomonly
      stencil: full/bin/3d
      bin: standard
Per MPI rank memory allocation (min/avg/max) = 2.958 | 2.958 | 2.958 Mbytes
   Step          Temp          E_pair         E_mol          TotEng         Press     
         0   0              419.76372      0              419.76372      6352167.9    
Loop time of 1.06e-06 on 1 procs for 0 steps with 8 atoms

94.3% CPU use with 1 MPI tasks x 1 OpenMP threads

MPI task timing breakdown:
Section |  min time  |  avg time  |  max time  |%varavg| %total
---------------------------------------------------------------
Pair    | 0          | 0          | 0          |   0.0 |  0.00
Neigh   | 0          | 0          | 0          |   0.0 |  0.00
Comm    | 0          | 0          | 0          |   0.0 |  0.00
Output  | 0          | 0          | 0          |   0.0 |  0.00
Modify  | 0          | 0          | 0          |   0.0 |  0.00
Other   |            | 1.06e-06   |            |       |100.00

Nlocal:              8 ave           8 max           8 min
Histogram: 1 0 0 0 0 0 0 0 0 0
Nghost:            217 ave         217 max         217 min
Histogram: 1 0 0 0 0 0 0 0 0 0
Neighs:              0 ave           0 max           0 min
Histogram: 1 0 0 0 0 0 0 0 0 0
FullNghs:          312 ave         312 max         312 min
Histogram: 1 0 0 0 0 0 0 0 0 0

Total # of neighbors = 312
Ave neighs/atom = 39
Neighbor list builds = 0
Dangerous builds = 0
next i
jump SELF loop_struct
clear
  using 1 OpenMP thread(s) per MPI task
log energies.log append
units metal
boundary p p p
atom_style atomic
read_data Si111_${i}.in
read_data Si111_95.in
Reading data file ...
  orthogonal box = (0 0 0) to (5.4437022 5.4437022 5.4437022)
  1 by 1 by 1 MPI processor grid
  reading atoms ...
  8 atoms
  reading velocities ...
  8 velocities
  read_data CPU = 0.001 seconds
mass 1 28.085
pair_style sw
pair_coeff * * Si.sw Si
Reading sw potential file Si.sw with DATE: 2007-06-11
run 0
WARNING: No fixes with time integration, atoms won't move (src/verlet.cpp:60)
Neighbor list info ...
  update: every = 1 steps, delay = 0 steps, check = yes
  max neighbors/atom: 2000, page size: 100000
  master list distance cutoff = 5.77118
  ghost atom cutoff = 5.77118
  binsize = 2.88559, bins = 2 2 2
  1 neighbor lists, perpetual/occasional/extra = 1 0 0
  (1) pair sw, perpetual
      attributes: full, newton on
      pair build: full/bin/atomonly
      stencil: full/bin/3d
      bin: standard
Per MPI rank memory allocation (min/avg/max) = 2.958 | 2.958 | 2.958 Mbytes
   Step          Temp          E_pair         E_mol          TotEng         Press     
         0   0             -9.1567846      0             -9.1567846      467621.39    
Loop time of 1.08e-06 on 1 procs for 0 steps with 8 atoms

0.0% CPU use with 1 MPI tasks x 1 OpenMP threads

MPI task timing breakdown:
Section |  min time  |  avg time  |  max time  |%varavg| %total
---------------------------------------------------------------
Pair    | 0          | 0          | 0          |   0.0 |  0.00
Neigh   | 0          | 0          | 0          |   0.0 |  0.00
Comm    | 0          | 0          | 0          |   0.0 |  0.00
Output  | 0          | 0          | 0          |   0.0 |  0.00
Modify  | 0          | 0          | 0          |   0.0 |  0.00
Other   |            | 1.08e-06   |            |       |100.00

Nlocal:              8 ave           8 max           8 min
Histogram: 1 0 0 0 0 0 0 0 0 0
Nghost:            217 ave         217 max         217 min
Histogram: 1 0 0 0 0 0 0 0 0 0
Neighs:              0 ave           0 max           0 min
Histogram: 1 0 0 0 0 0 0 0 0 0
FullNghs:          312 ave         312 max         312 min
Histogram: 1 0 0 0 0 0 0 0 0 0

Total # of neighbors = 312
Ave neighs/atom = 39
Neighbor list builds = 0
Dangerous builds = 0
next i
jump SELF loop_struct
clear
  using 1 OpenMP thread(s) per MPI task
log energies.log append
units metal
boundary p p p
atom_style atomic
read_data Si111_${i}.in
read_data Si111_96.in
Reading data file ...
  orthogonal box = (0 0 0) to (5.4437022 5.4437022 5.4437022)
  1 by 1 by 1 MPI processor grid
  reading atoms ...
  8 atoms
  reading velocities ...
  8 velocities
  read_data CPU = 0.000 seconds
mass 1 28.085
pair_style sw
pair_coeff * * Si.sw Si
Reading sw potential file Si.sw with DATE: 2007-06-11
run 0
WARNING: No fixes with time integration, atoms won't move (src/verlet.cpp:60)
Neighbor list info ...
  update: every = 1 steps, delay = 0 steps, check = yes
  max neighbors/atom: 2000, page size: 100000
  master list distance cutoff = 5.77118
  ghost atom cutoff = 5.77118
  binsize = 2.88559, bins = 2 2 2
  1 neighbor lists, perpetual/occasional/extra = 1 0 0
  (1) pair sw, perpetual
      attributes: full, newton on
      pair build: full/bin/atomonly
      stencil: full/bin/3d
      bin: standard
Per MPI rank memory allocation (min/avg/max) = 2.958 | 2.958 | 2.958 Mbytes
   Step          Temp          E_pair         E_mol          TotEng         Press     
         0   0             -1.6616349      0             -1.6616349      562029.55    
Loop time of 1.07e-06 on 1 procs for 0 steps with 8 atoms

0.0% CPU use with 1 MPI tasks x 1 OpenMP threads

MPI task timing breakdown:
Section |  min time  |  avg time  |  max time  |%varavg| %total
---------------------------------------------------------------
Pair    | 0          | 0          | 0          |   0.0 |  0.00
Neigh   | 0          | 0          | 0          |   0.0 |  0.00
Comm    | 0          | 0          | 0          |   0.0 |  0.00
Output  | 0          | 0          | 0          |   0.0 |  0.00
Modify  | 0          | 0          | 0          |   0.0 |  0.00
Other   |            | 1.07e-06   |            |       |100.00

Nlocal:              8 ave           8 max           8 min
Histogram: 1 0 0 0 0 0 0 0 0 0
Nghost:            226 ave         226 max         226 min
Histogram: 1 0 0 0 0 0 0 0 0 0
Neighs:              0 ave           0 max           0 min
Histogram: 1 0 0 0 0 0 0 0 0 0
FullNghs:          322 ave         322 max         322 min
Histogram: 1 0 0 0 0 0 0 0 0 0

Total # of neighbors = 322
Ave neighs/atom = 40.25
Neighbor list builds = 0
Dangerous builds = 0
next i
jump SELF loop_struct
clear
  using 1 OpenMP thread(s) per MPI task
log energies.log append
units metal
boundary p p p
atom_style atomic
read_data Si111_${i}.in
read_data Si111_97.in
Reading data file ...
  orthogonal box = (0 0 0) to (5.4437022 5.4437022 5.4437022)
  1 by 1 by 1 MPI processor grid
  reading atoms ...
  8 atoms
  reading velocities ...
  8 velocities
  read_data CPU = 0.000 seconds
mass 1 28.085
pair_style sw
pair_coeff * * Si.sw Si
Reading sw potential file Si.sw with DATE: 2007-06-11
run 0
WARNING: No fixes with time integration, atoms won't move (src/verlet.cpp:60)
Neighbor list info ...
  update: every = 1 steps, delay = 0 steps, check = yes
  max neighbors/atom: 2000, page size: 100000
  master list distance cutoff = 5.77118
  ghost atom cutoff = 5.77118
  binsize = 2.88559, bins = 2 2 2
  1 neighbor lists, perpetual/occasional/extra = 1 0 0
  (1) pair sw, perpetual
      attributes: full, newton on
      pair build: full/bin/atomonly
      stencil: full/bin/3d
      bin: standard
Per MPI rank memory allocation (min/avg/max) = 2.958 | 2.958 | 2.958 Mbytes
   Step          Temp          E_pair         E_mol          TotEng         Press     
         0   0             -2.6151979      0             -2.6151979      741095.98    
Loop time of 1.06e-06 on 1 procs for 0 steps with 8 atoms

0.0% CPU use with 1 MPI tasks x 1 OpenMP threads

MPI task timing breakdown:
Section |  min time  |  avg time  |  max time  |%varavg| %total
---------------------------------------------------------------
Pair    | 0          | 0          | 0          |   0.0 |  0.00
Neigh   | 0          | 0          | 0          |   0.0 |  0.00
Comm    | 0          | 0          | 0          |   0.0 |  0.00
Output  | 0          | 0          | 0          |   0.0 |  0.00
Modify  | 0          | 0          | 0          |   0.0 |  0.00
Other   |            | 1.06e-06   |            |       |100.00

Nlocal:              8 ave           8 max           8 min
Histogram: 1 0 0 0 0 0 0 0 0 0
Nghost:            226 ave         226 max         226 min
Histogram: 1 0 0 0 0 0 0 0 0 0
Neighs:              0 ave           0 max           0 min
Histogram: 1 0 0 0 0 0 0 0 0 0
FullNghs:          308 ave         308 max         308 min
Histogram: 1 0 0 0 0 0 0 0 0 0

Total # of neighbors = 308
Ave neighs/atom = 38.5
Neighbor list builds = 0
Dangerous builds = 0
next i
jump SELF loop_struct
clear
  using 1 OpenMP thread(s) per MPI task
log energies.log append
units metal
boundary p p p
atom_style atomic
read_data Si111_${i}.in
read_data Si111_98.in
Reading data file ...
  orthogonal box = (0 0 0) to (5.4437022 5.4437022 5.4437022)
  1 by 1 by 1 MPI processor grid
  reading atoms ...
  8 atoms
  reading velocities ...
  8 velocities
  read_data CPU = 0.001 seconds
mass 1 28.085
pair_style sw
pair_coeff * * Si.sw Si
Reading sw potential file Si.sw with DATE: 2007-06-11
run 0
WARNING: No fixes with time integration, atoms won't move (src/verlet.cpp:60)
Neighbor list info ...
  update: every = 1 steps, delay = 0 steps, check = yes
  max neighbors/atom: 2000, page size: 100000
  master list distance cutoff = 5.77118
  ghost atom cutoff = 5.77118
  binsize = 2.88559, bins = 2 2 2
  1 neighbor lists, perpetual/occasional/extra = 1 0 0
  (1) pair sw, perpetual
      attributes: full, newton on
      pair build: full/bin/atomonly
      stencil: full/bin/3d
      bin: standard
Per MPI rank memory allocation (min/avg/max) = 2.958 | 2.958 | 2.958 Mbytes
   Step          Temp          E_pair         E_mol          TotEng         Press     
         0   0              1006.4246      0              1006.4246      14280905     
Loop time of 1.08e-06 on 1 procs for 0 steps with 8 atoms

0.0% CPU use with 1 MPI tasks x 1 OpenMP threads

MPI task timing breakdown:
Section |  min time  |  avg time  |  max time  |%varavg| %total
---------------------------------------------------------------
Pair    | 0          | 0          | 0          |   0.0 |  0.00
Neigh   | 0          | 0          | 0          |   0.0 |  0.00
Comm    | 0          | 0          | 0          |   0.0 |  0.00
Output  | 0          | 0          | 0          |   0.0 |  0.00
Modify  | 0          | 0          | 0          |   0.0 |  0.00
Other   |            | 1.08e-06   |            |       |100.00

Nlocal:              8 ave           8 max           8 min
Histogram: 1 0 0 0 0 0 0 0 0 0
Nghost:            208 ave         208 max         208 min
Histogram: 1 0 0 0 0 0 0 0 0 0
Neighs:              0 ave           0 max           0 min
Histogram: 1 0 0 0 0 0 0 0 0 0
FullNghs:          298 ave         298 max         298 min
Histogram: 1 0 0 0 0 0 0 0 0 0

Total # of neighbors = 298
Ave neighs/atom = 37.25
Neighbor list builds = 0
Dangerous builds = 0
next i
jump SELF loop_struct
clear
  using 1 OpenMP thread(s) per MPI task
log energies.log append
units metal
boundary p p p
atom_style atomic
read_data Si111_${i}.in
read_data Si111_99.in
Reading data file ...
  orthogonal box = (0 0 0) to (5.4437022 5.4437022 5.4437022)
  1 by 1 by 1 MPI processor grid
  reading atoms ...
  8 atoms
  reading velocities ...
  8 velocities
  read_data CPU = 0.000 seconds
mass 1 28.085
pair_style sw
pair_coeff * * Si.sw Si
Reading sw potential file Si.sw with DATE: 2007-06-11
run 0
WARNING: No fixes with time integration, atoms won't move (src/verlet.cpp:60)
Neighbor list info ...
  update: every = 1 steps, delay = 0 steps, check = yes
  max neighbors/atom: 2000, page size: 100000
  master list distance cutoff = 5.77118
  ghost atom cutoff = 5.77118
  binsize = 2.88559, bins = 2 2 2
  1 neighbor lists, perpetual/occasional/extra = 1 0 0
  (1) pair sw, perpetual
      attributes: full, newton on
      pair build: full/bin/atomonly
      stencil: full/bin/3d
      bin: standard
Per MPI rank memory allocation (min/avg/max) = 2.958 | 2.958 | 2.958 Mbytes
   Step          Temp          E_pair         E_mol          TotEng         Press     
         0   0             -2.6081125      0             -2.6081125      545694.94    
Loop time of 1.06e-06 on 1 procs for 0 steps with 8 atoms

94.3% CPU use with 1 MPI tasks x 1 OpenMP threads

MPI task timing breakdown:
Section |  min time  |  avg time  |  max time  |%varavg| %total
---------------------------------------------------------------
Pair    | 0          | 0          | 0          |   0.0 |  0.00
Neigh   | 0          | 0          | 0          |   0.0 |  0.00
Comm    | 0          | 0          | 0          |   0.0 |  0.00
Output  | 0          | 0          | 0          |   0.0 |  0.00
Modify  | 0          | 0          | 0          |   0.0 |  0.00
Other   |            | 1.06e-06   |            |       |100.00

Nlocal:              8 ave           8 max           8 min
Histogram: 1 0 0 0 0 0 0 0 0 0
Nghost:            250 ave         250 max         250 min
Histogram: 1 0 0 0 0 0 0 0 0 0
Neighs:              0 ave           0 max           0 min
Histogram: 1 0 0 0 0 0 0 0 0 0
FullNghs:          310 ave         310 max         310 min
Histogram: 1 0 0 0 0 0 0 0 0 0

Total # of neighbors = 310
Ave neighs/atom = 38.75
Neighbor list builds = 0
Dangerous builds = 0
next i
jump SELF loop_struct
clear
  using 1 OpenMP thread(s) per MPI task
log energies.log append
units metal
boundary p p p
atom_style atomic
read_data Si111_${i}.in
read_data Si111_100.in
Reading data file ...
  orthogonal box = (0 0 0) to (5.4437022 5.4437022 5.4437022)
  1 by 1 by 1 MPI processor grid
  reading atoms ...
  8 atoms
  reading velocities ...
  8 velocities
  read_data CPU = 0.000 seconds
mass 1 28.085
pair_style sw
pair_coeff * * Si.sw Si
Reading sw potential file Si.sw with DATE: 2007-06-11
run 0
WARNING: No fixes with time integration, atoms won't move (src/verlet.cpp:60)
Neighbor list info ...
  update: every = 1 steps, delay = 0 steps, check = yes
  max neighbors/atom: 2000, page size: 100000
  master list distance cutoff = 5.77118
  ghost atom cutoff = 5.77118
  binsize = 2.88559, bins = 2 2 2
  1 neighbor lists, perpetual/occasional/extra = 1 0 0
  (1) pair sw, perpetual
      attributes: full, newton on
      pair build: full/bin/atomonly
      stencil: full/bin/3d
      bin: standard
Per MPI rank memory allocation (min/avg/max) = 2.958 | 2.958 | 2.958 Mbytes
   Step          Temp          E_pair         E_mol          TotEng         Press     
         0   0              18.235135      0              18.235135      1045375.2    
Loop time of 1.06e-06 on 1 procs for 0 steps with 8 atoms

0.0% CPU use with 1 MPI tasks x 1 OpenMP threads

MPI task timing breakdown:
Section |  min time  |  avg time  |  max time  |%varavg| %total
---------------------------------------------------------------
Pair    | 0          | 0          | 0          |   0.0 |  0.00
Neigh   | 0          | 0          | 0          |   0.0 |  0.00
Comm    | 0          | 0          | 0          |   0.0 |  0.00
Output  | 0          | 0          | 0          |   0.0 |  0.00
Modify  | 0          | 0          | 0          |   0.0 |  0.00
Other   |            | 1.06e-06   |            |       |100.00

Nlocal:              8 ave           8 max           8 min
Histogram: 1 0 0 0 0 0 0 0 0 0
Nghost:            217 ave         217 max         217 min
Histogram: 1 0 0 0 0 0 0 0 0 0
Neighs:              0 ave           0 max           0 min
Histogram: 1 0 0 0 0 0 0 0 0 0
FullNghs:          316 ave         316 max         316 min
Histogram: 1 0 0 0 0 0 0 0 0 0

Total # of neighbors = 316
Ave neighs/atom = 39.5
Neighbor list builds = 0
Dangerous builds = 0
next i
jump SELF loop_struct
clear
  using 1 OpenMP thread(s) per MPI task
log energies.log append
units metal
boundary p p p
atom_style atomic
read_data Si111_${i}.in
read_data Si111_101.in
Reading data file ...
  orthogonal box = (0 0 0) to (5.4437022 5.4437022 5.4437022)
  1 by 1 by 1 MPI processor grid
  reading atoms ...
  8 atoms
  reading velocities ...
  8 velocities
  read_data CPU = 0.000 seconds
mass 1 28.085
pair_style sw
pair_coeff * * Si.sw Si
Reading sw potential file Si.sw with DATE: 2007-06-11
run 0
Neighbor list info ...
  update: every = 1 steps, delay = 0 steps, check = yes
  max neighbors/atom: 2000, page size: 100000
  master list distance cutoff = 5.77118
  ghost atom cutoff = 5.77118
  binsize = 2.88559, bins = 2 2 2
  1 neighbor lists, perpetual/occasional/extra = 1 0 0
  (1) pair sw, perpetual
      attributes: full, newton on
      pair build: full/bin/atomonly
      stencil: full/bin/3d
      bin: standard
Per MPI rank memory allocation (min/avg/max) = 2.958 | 2.958 | 2.958 Mbytes
   Step          Temp          E_pair         E_mol          TotEng         Press     
WARNING: Too many warnings: 101 vs 100. All future warnings will be suppressed (src/thermo.cpp:478)
         0   0              7.8900852      0              7.8900852      1061125.3    
Loop time of 1.08e-06 on 1 procs for 0 steps with 8 atoms

0.0% CPU use with 1 MPI tasks x 1 OpenMP threads

MPI task timing breakdown:
Section |  min time  |  avg time  |  max time  |%varavg| %total
---------------------------------------------------------------
Pair    | 0          | 0          | 0          |   0.0 |  0.00
Neigh   | 0          | 0          | 0          |   0.0 |  0.00
Comm    | 0          | 0          | 0          |   0.0 |  0.00
Output  | 0          | 0          | 0          |   0.0 |  0.00
Modify  | 0          | 0          | 0          |   0.0 |  0.00
Other   |            | 1.08e-06   |            |       |100.00

Nlocal:              8 ave           8 max           8 min
Histogram: 1 0 0 0 0 0 0 0 0 0
Nghost:            217 ave         217 max         217 min
Histogram: 1 0 0 0 0 0 0 0 0 0
Neighs:              0 ave           0 max           0 min
Histogram: 1 0 0 0 0 0 0 0 0 0
FullNghs:          314 ave         314 max         314 min
Histogram: 1 0 0 0 0 0 0 0 0 0

Total # of neighbors = 314
Ave neighs/atom = 39.25
Neighbor list builds = 0
Dangerous builds = 0
next i
jump SELF loop_struct
clear
  using 1 OpenMP thread(s) per MPI task
log energies.log append
units metal
boundary p p p
atom_style atomic
read_data Si111_${i}.in
read_data Si111_102.in
Reading data file ...
  orthogonal box = (0 0 0) to (5.4437022 5.4437022 5.4437022)
  1 by 1 by 1 MPI processor grid
  reading atoms ...
  8 atoms
  reading velocities ...
  8 velocities
  read_data CPU = 0.000 seconds
mass 1 28.085
pair_style sw
pair_coeff * * Si.sw Si
Reading sw potential file Si.sw with DATE: 2007-06-11
run 0
Neighbor list info ...
  update: every = 1 steps, delay = 0 steps, check = yes
  max neighbors/atom: 2000, page size: 100000
  master list distance cutoff = 5.77118
  ghost atom cutoff = 5.77118
  binsize = 2.88559, bins = 2 2 2
  1 neighbor lists, perpetual/occasional/extra = 1 0 0
  (1) pair sw, perpetual
      attributes: full, newton on
      pair build: full/bin/atomonly
      stencil: full/bin/3d
      bin: standard
Per MPI rank memory allocation (min/avg/max) = 2.958 | 2.958 | 2.958 Mbytes
   Step          Temp          E_pair         E_mol          TotEng         Press     
WARNING: Too many warnings: 102 vs 100. All future warnings will be suppressed (src/thermo.cpp:478)
         0   0              288.57097      0              288.57097      4696672.3    
Loop time of 1.07e-06 on 1 procs for 0 steps with 8 atoms

0.0% CPU use with 1 MPI tasks x 1 OpenMP threads

MPI task timing breakdown:
Section |  min time  |  avg time  |  max time  |%varavg| %total
---------------------------------------------------------------
Pair    | 0          | 0          | 0          |   0.0 |  0.00
Neigh   | 0          | 0          | 0          |   0.0 |  0.00
Comm    | 0          | 0          | 0          |   0.0 |  0.00
Output  | 0          | 0          | 0          |   0.0 |  0.00
Modify  | 0          | 0          | 0          |   0.0 |  0.00
Other   |            | 1.07e-06   |            |       |100.00

Nlocal:              8 ave           8 max           8 min
Histogram: 1 0 0 0 0 0 0 0 0 0
Nghost:            226 ave         226 max         226 min
Histogram: 1 0 0 0 0 0 0 0 0 0
Neighs:              0 ave           0 max           0 min
Histogram: 1 0 0 0 0 0 0 0 0 0
FullNghs:          308 ave         308 max         308 min
Histogram: 1 0 0 0 0 0 0 0 0 0

Total # of neighbors = 308
Ave neighs/atom = 38.5
Neighbor list builds = 0
Dangerous builds = 0
next i
jump SELF loop_struct
clear
  using 1 OpenMP thread(s) per MPI task
log energies.log append
units metal
boundary p p p
atom_style atomic
read_data Si111_${i}.in
read_data Si111_103.in
Reading data file ...
  orthogonal box = (0 0 0) to (5.4437022 5.4437022 5.4437022)
  1 by 1 by 1 MPI processor grid
  reading atoms ...
  8 atoms
  reading velocities ...
  8 velocities
  read_data CPU = 0.000 seconds
mass 1 28.085
pair_style sw
pair_coeff * * Si.sw Si
Reading sw potential file Si.sw with DATE: 2007-06-11
run 0
Neighbor list info ...
  update: every = 1 steps, delay = 0 steps, check = yes
  max neighbors/atom: 2000, page size: 100000
  master list distance cutoff = 5.77118
  ghost atom cutoff = 5.77118
  binsize = 2.88559, bins = 2 2 2
  1 neighbor lists, perpetual/occasional/extra = 1 0 0
  (1) pair sw, perpetual
      attributes: full, newton on
      pair build: full/bin/atomonly
      stencil: full/bin/3d
      bin: standard
Per MPI rank memory allocation (min/avg/max) = 2.958 | 2.958 | 2.958 Mbytes
   Step          Temp          E_pair         E_mol          TotEng         Press     
WARNING: Too many warnings: 103 vs 100. All future warnings will be suppressed (src/thermo.cpp:478)
         0   0              813.26745      0              813.26745      11716224     
Loop time of 1.06e-06 on 1 procs for 0 steps with 8 atoms

94.3% CPU use with 1 MPI tasks x 1 OpenMP threads

MPI task timing breakdown:
Section |  min time  |  avg time  |  max time  |%varavg| %total
---------------------------------------------------------------
Pair    | 0          | 0          | 0          |   0.0 |  0.00
Neigh   | 0          | 0          | 0          |   0.0 |  0.00
Comm    | 0          | 0          | 0          |   0.0 |  0.00
Output  | 0          | 0          | 0          |   0.0 |  0.00
Modify  | 0          | 0          | 0          |   0.0 |  0.00
Other   |            | 1.06e-06   |            |       |100.00

Nlocal:              8 ave           8 max           8 min
Histogram: 1 0 0 0 0 0 0 0 0 0
Nghost:            217 ave         217 max         217 min
Histogram: 1 0 0 0 0 0 0 0 0 0
Neighs:              0 ave           0 max           0 min
Histogram: 1 0 0 0 0 0 0 0 0 0
FullNghs:          302 ave         302 max         302 min
Histogram: 1 0 0 0 0 0 0 0 0 0

Total # of neighbors = 302
Ave neighs/atom = 37.75
Neighbor list builds = 0
Dangerous builds = 0
next i
jump SELF loop_struct
clear
  using 1 OpenMP thread(s) per MPI task
log energies.log append
units metal
boundary p p p
atom_style atomic
read_data Si111_${i}.in
read_data Si111_104.in
Reading data file ...
  orthogonal box = (0 0 0) to (5.4437022 5.4437022 5.4437022)
  1 by 1 by 1 MPI processor grid
  reading atoms ...
  8 atoms
  reading velocities ...
  8 velocities
  read_data CPU = 0.000 seconds
mass 1 28.085
pair_style sw
pair_coeff * * Si.sw Si
Reading sw potential file Si.sw with DATE: 2007-06-11
run 0
Neighbor list info ...
  update: every = 1 steps, delay = 0 steps, check = yes
  max neighbors/atom: 2000, page size: 100000
  master list distance cutoff = 5.77118
  ghost atom cutoff = 5.77118
  binsize = 2.88559, bins = 2 2 2
  1 neighbor lists, perpetual/occasional/extra = 1 0 0
  (1) pair sw, perpetual
      attributes: full, newton on
      pair build: full/bin/atomonly
      stencil: full/bin/3d
      bin: standard
Per MPI rank memory allocation (min/avg/max) = 2.958 | 2.958 | 2.958 Mbytes
   Step          Temp          E_pair         E_mol          TotEng         Press     
WARNING: Too many warnings: 104 vs 100. All future warnings will be suppressed (src/thermo.cpp:478)
         0   0             -0.0018365209   0             -0.0018365209   652618.98    
Loop time of 1.07e-06 on 1 procs for 0 steps with 8 atoms

186.9% CPU use with 1 MPI tasks x 1 OpenMP threads

MPI task timing breakdown:
Section |  min time  |  avg time  |  max time  |%varavg| %total
---------------------------------------------------------------
Pair    | 0          | 0          | 0          |   0.0 |  0.00
Neigh   | 0          | 0          | 0          |   0.0 |  0.00
Comm    | 0          | 0          | 0          |   0.0 |  0.00
Output  | 0          | 0          | 0          |   0.0 |  0.00
Modify  | 0          | 0          | 0          |   0.0 |  0.00
Other   |            | 1.07e-06   |            |       |100.00

Nlocal:              8 ave           8 max           8 min
Histogram: 1 0 0 0 0 0 0 0 0 0
Nghost:            217 ave         217 max         217 min
Histogram: 1 0 0 0 0 0 0 0 0 0
Neighs:              0 ave           0 max           0 min
Histogram: 1 0 0 0 0 0 0 0 0 0
FullNghs:          310 ave         310 max         310 min
Histogram: 1 0 0 0 0 0 0 0 0 0

Total # of neighbors = 310
Ave neighs/atom = 38.75
Neighbor list builds = 0
Dangerous builds = 0
next i
jump SELF loop_struct
clear
  using 1 OpenMP thread(s) per MPI task
log energies.log append
units metal
boundary p p p
atom_style atomic
read_data Si111_${i}.in
read_data Si111_105.in
Reading data file ...
  orthogonal box = (0 0 0) to (5.4437022 5.4437022 5.4437022)
  1 by 1 by 1 MPI processor grid
  reading atoms ...
  8 atoms
  reading velocities ...
  8 velocities
  read_data CPU = 0.000 seconds
mass 1 28.085
pair_style sw
pair_coeff * * Si.sw Si
Reading sw potential file Si.sw with DATE: 2007-06-11
run 0
Neighbor list info ...
  update: every = 1 steps, delay = 0 steps, check = yes
  max neighbors/atom: 2000, page size: 100000
  master list distance cutoff = 5.77118
  ghost atom cutoff = 5.77118
  binsize = 2.88559, bins = 2 2 2
  1 neighbor lists, perpetual/occasional/extra = 1 0 0
  (1) pair sw, perpetual
      attributes: full, newton on
      pair build: full/bin/atomonly
      stencil: full/bin/3d
      bin: standard
Per MPI rank memory allocation (min/avg/max) = 2.958 | 2.958 | 2.958 Mbytes
   Step          Temp          E_pair         E_mol          TotEng         Press     
WARNING: Too many warnings: 105 vs 100. All future warnings will be suppressed (src/thermo.cpp:478)
         0   0              9.5035086      0              9.5035086      788172.21    
Loop time of 1.05e-06 on 1 procs for 0 steps with 8 atoms

95.2% CPU use with 1 MPI tasks x 1 OpenMP threads

MPI task timing breakdown:
Section |  min time  |  avg time  |  max time  |%varavg| %total
---------------------------------------------------------------
Pair    | 0          | 0          | 0          |   0.0 |  0.00
Neigh   | 0          | 0          | 0          |   0.0 |  0.00
Comm    | 0          | 0          | 0          |   0.0 |  0.00
Output  | 0          | 0          | 0          |   0.0 |  0.00
Modify  | 0          | 0          | 0          |   0.0 |  0.00
Other   |            | 1.05e-06   |            |       |100.00

Nlocal:              8 ave           8 max           8 min
Histogram: 1 0 0 0 0 0 0 0 0 0
Nghost:            208 ave         208 max         208 min
Histogram: 1 0 0 0 0 0 0 0 0 0
Neighs:              0 ave           0 max           0 min
Histogram: 1 0 0 0 0 0 0 0 0 0
FullNghs:          312 ave         312 max         312 min
Histogram: 1 0 0 0 0 0 0 0 0 0

Total # of neighbors = 312
Ave neighs/atom = 39
Neighbor list builds = 0
Dangerous builds = 0
next i
jump SELF loop_struct
clear
  using 1 OpenMP thread(s) per MPI task
log energies.log append
units metal
boundary p p p
atom_style atomic
read_data Si111_${i}.in
read_data Si111_106.in
Reading data file ...
  orthogonal box = (0 0 0) to (5.4437022 5.4437022 5.4437022)
  1 by 1 by 1 MPI processor grid
  reading atoms ...
  8 atoms
  reading velocities ...
  8 velocities
  read_data CPU = 0.000 seconds
mass 1 28.085
pair_style sw
pair_coeff * * Si.sw Si
Reading sw potential file Si.sw with DATE: 2007-06-11
run 0
Neighbor list info ...
  update: every = 1 steps, delay = 0 steps, check = yes
  max neighbors/atom: 2000, page size: 100000
  master list distance cutoff = 5.77118
  ghost atom cutoff = 5.77118
  binsize = 2.88559, bins = 2 2 2
  1 neighbor lists, perpetual/occasional/extra = 1 0 0
  (1) pair sw, perpetual
      attributes: full, newton on
      pair build: full/bin/atomonly
      stencil: full/bin/3d
      bin: standard
Per MPI rank memory allocation (min/avg/max) = 2.958 | 2.958 | 2.958 Mbytes
   Step          Temp          E_pair         E_mol          TotEng         Press     
WARNING: Too many warnings: 106 vs 100. All future warnings will be suppressed (src/thermo.cpp:478)
         0   0              44.522687      0              44.522687      1162684.4    
Loop time of 1.09e-06 on 1 procs for 0 steps with 8 atoms

0.0% CPU use with 1 MPI tasks x 1 OpenMP threads

MPI task timing breakdown:
Section |  min time  |  avg time  |  max time  |%varavg| %total
---------------------------------------------------------------
Pair    | 0          | 0          | 0          |   0.0 |  0.00
Neigh   | 0          | 0          | 0          |   0.0 |  0.00
Comm    | 0          | 0          | 0          |   0.0 |  0.00
Output  | 0          | 0          | 0          |   0.0 |  0.00
Modify  | 0          | 0          | 0          |   0.0 |  0.00
Other   |            | 1.09e-06   |            |       |100.00

Nlocal:              8 ave           8 max           8 min
Histogram: 1 0 0 0 0 0 0 0 0 0
Nghost:            217 ave         217 max         217 min
Histogram: 1 0 0 0 0 0 0 0 0 0
Neighs:              0 ave           0 max           0 min
Histogram: 1 0 0 0 0 0 0 0 0 0
FullNghs:          308 ave         308 max         308 min
Histogram: 1 0 0 0 0 0 0 0 0 0

Total # of neighbors = 308
Ave neighs/atom = 38.5
Neighbor list builds = 0
Dangerous builds = 0
next i
jump SELF loop_struct
clear
  using 1 OpenMP thread(s) per MPI task
log energies.log append
units metal
boundary p p p
atom_style atomic
read_data Si111_${i}.in
read_data Si111_107.in
Reading data file ...
  orthogonal box = (0 0 0) to (5.4437022 5.4437022 5.4437022)
  1 by 1 by 1 MPI processor grid
  reading atoms ...
  8 atoms
  reading velocities ...
  8 velocities
  read_data CPU = 0.000 seconds
mass 1 28.085
pair_style sw
pair_coeff * * Si.sw Si
Reading sw potential file Si.sw with DATE: 2007-06-11
run 0
Neighbor list info ...
  update: every = 1 steps, delay = 0 steps, check = yes
  max neighbors/atom: 2000, page size: 100000
  master list distance cutoff = 5.77118
  ghost atom cutoff = 5.77118
  binsize = 2.88559, bins = 2 2 2
  1 neighbor lists, perpetual/occasional/extra = 1 0 0
  (1) pair sw, perpetual
      attributes: full, newton on
      pair build: full/bin/atomonly
      stencil: full/bin/3d
      bin: standard
Per MPI rank memory allocation (min/avg/max) = 2.958 | 2.958 | 2.958 Mbytes
   Step          Temp          E_pair         E_mol          TotEng         Press     
WARNING: Too many warnings: 107 vs 100. All future warnings will be suppressed (src/thermo.cpp:478)
         0   0              38.297742      0              38.297742      1340009.9    
Loop time of 1.05e-06 on 1 procs for 0 steps with 8 atoms

0.0% CPU use with 1 MPI tasks x 1 OpenMP threads

MPI task timing breakdown:
Section |  min time  |  avg time  |  max time  |%varavg| %total
---------------------------------------------------------------
Pair    | 0          | 0          | 0          |   0.0 |  0.00
Neigh   | 0          | 0          | 0          |   0.0 |  0.00
Comm    | 0          | 0          | 0          |   0.0 |  0.00
Output  | 0          | 0          | 0          |   0.0 |  0.00
Modify  | 0          | 0          | 0          |   0.0 |  0.00
Other   |            | 1.05e-06   |            |       |100.00

Nlocal:              8 ave           8 max           8 min
Histogram: 1 0 0 0 0 0 0 0 0 0
Nghost:            217 ave         217 max         217 min
Histogram: 1 0 0 0 0 0 0 0 0 0
Neighs:              0 ave           0 max           0 min
Histogram: 1 0 0 0 0 0 0 0 0 0
FullNghs:          314 ave         314 max         314 min
Histogram: 1 0 0 0 0 0 0 0 0 0

Total # of neighbors = 314
Ave neighs/atom = 39.25
Neighbor list builds = 0
Dangerous builds = 0
next i
jump SELF loop_struct
clear
  using 1 OpenMP thread(s) per MPI task
log energies.log append
units metal
boundary p p p
atom_style atomic
read_data Si111_${i}.in
read_data Si111_108.in
Reading data file ...
  orthogonal box = (0 0 0) to (5.4437022 5.4437022 5.4437022)
  1 by 1 by 1 MPI processor grid
  reading atoms ...
  8 atoms
  reading velocities ...
  8 velocities
  read_data CPU = 0.000 seconds
mass 1 28.085
pair_style sw
pair_coeff * * Si.sw Si
Reading sw potential file Si.sw with DATE: 2007-06-11
run 0
Neighbor list info ...
  update: every = 1 steps, delay = 0 steps, check = yes
  max neighbors/atom: 2000, page size: 100000
  master list distance cutoff = 5.77118
  ghost atom cutoff = 5.77118
  binsize = 2.88559, bins = 2 2 2
  1 neighbor lists, perpetual/occasional/extra = 1 0 0
  (1) pair sw, perpetual
      attributes: full, newton on
      pair build: full/bin/atomonly
      stencil: full/bin/3d
      bin: standard
Per MPI rank memory allocation (min/avg/max) = 2.958 | 2.958 | 2.958 Mbytes
   Step          Temp          E_pair         E_mol          TotEng         Press     
WARNING: Too many warnings: 108 vs 100. All future warnings will be suppressed (src/thermo.cpp:478)
         0   0              119.58643      0              119.58643      2348160.5    
Loop time of 1.071e-06 on 1 procs for 0 steps with 8 atoms

186.7% CPU use with 1 MPI tasks x 1 OpenMP threads

MPI task timing breakdown:
Section |  min time  |  avg time  |  max time  |%varavg| %total
---------------------------------------------------------------
Pair    | 0          | 0          | 0          |   0.0 |  0.00
Neigh   | 0          | 0          | 0          |   0.0 |  0.00
Comm    | 0          | 0          | 0          |   0.0 |  0.00
Output  | 0          | 0          | 0          |   0.0 |  0.00
Modify  | 0          | 0          | 0          |   0.0 |  0.00
Other   |            | 1.071e-06  |            |       |100.00

Nlocal:              8 ave           8 max           8 min
Histogram: 1 0 0 0 0 0 0 0 0 0
Nghost:            217 ave         217 max         217 min
Histogram: 1 0 0 0 0 0 0 0 0 0
Neighs:              0 ave           0 max           0 min
Histogram: 1 0 0 0 0 0 0 0 0 0
FullNghs:          318 ave         318 max         318 min
Histogram: 1 0 0 0 0 0 0 0 0 0

Total # of neighbors = 318
Ave neighs/atom = 39.75
Neighbor list builds = 0
Dangerous builds = 0
next i
jump SELF loop_struct
clear
  using 1 OpenMP thread(s) per MPI task
log energies.log append
units metal
boundary p p p
atom_style atomic
read_data Si111_${i}.in
read_data Si111_109.in
Reading data file ...
  orthogonal box = (0 0 0) to (5.4437022 5.4437022 5.4437022)
  1 by 1 by 1 MPI processor grid
  reading atoms ...
  8 atoms
  reading velocities ...
  8 velocities
  read_data CPU = 0.000 seconds
mass 1 28.085
pair_style sw
pair_coeff * * Si.sw Si
Reading sw potential file Si.sw with DATE: 2007-06-11
run 0
Neighbor list info ...
  update: every = 1 steps, delay = 0 steps, check = yes
  max neighbors/atom: 2000, page size: 100000
  master list distance cutoff = 5.77118
  ghost atom cutoff = 5.77118
  binsize = 2.88559, bins = 2 2 2
  1 neighbor lists, perpetual/occasional/extra = 1 0 0
  (1) pair sw, perpetual
      attributes: full, newton on
      pair build: full/bin/atomonly
      stencil: full/bin/3d
      bin: standard
Per MPI rank memory allocation (min/avg/max) = 2.958 | 2.958 | 2.958 Mbytes
   Step          Temp          E_pair         E_mol          TotEng         Press     
WARNING: Too many warnings: 109 vs 100. All future warnings will be suppressed (src/thermo.cpp:478)
         0   0             -5.9714055      0             -5.9714055      503642.55    
Loop time of 1.05e-06 on 1 procs for 0 steps with 8 atoms

95.2% CPU use with 1 MPI tasks x 1 OpenMP threads

MPI task timing breakdown:
Section |  min time  |  avg time  |  max time  |%varavg| %total
---------------------------------------------------------------
Pair    | 0          | 0          | 0          |   0.0 |  0.00
Neigh   | 0          | 0          | 0          |   0.0 |  0.00
Comm    | 0          | 0          | 0          |   0.0 |  0.00
Output  | 0          | 0          | 0          |   0.0 |  0.00
Modify  | 0          | 0          | 0          |   0.0 |  0.00
Other   |            | 1.05e-06   |            |       |100.00

Nlocal:              8 ave           8 max           8 min
Histogram: 1 0 0 0 0 0 0 0 0 0
Nghost:            238 ave         238 max         238 min
Histogram: 1 0 0 0 0 0 0 0 0 0
Neighs:              0 ave           0 max           0 min
Histogram: 1 0 0 0 0 0 0 0 0 0
FullNghs:          308 ave         308 max         308 min
Histogram: 1 0 0 0 0 0 0 0 0 0

Total # of neighbors = 308
Ave neighs/atom = 38.5
Neighbor list builds = 0
Dangerous builds = 0
next i
jump SELF loop_struct
clear
  using 1 OpenMP thread(s) per MPI task
log energies.log append
units metal
boundary p p p
atom_style atomic
read_data Si111_${i}.in
read_data Si111_110.in
Reading data file ...
  orthogonal box = (0 0 0) to (5.4437022 5.4437022 5.4437022)
  1 by 1 by 1 MPI processor grid
  reading atoms ...
  8 atoms
  reading velocities ...
  8 velocities
  read_data CPU = 0.000 seconds
mass 1 28.085
pair_style sw
pair_coeff * * Si.sw Si
Reading sw potential file Si.sw with DATE: 2007-06-11
run 0
Neighbor list info ...
  update: every = 1 steps, delay = 0 steps, check = yes
  max neighbors/atom: 2000, page size: 100000
  master list distance cutoff = 5.77118
  ghost atom cutoff = 5.77118
  binsize = 2.88559, bins = 2 2 2
  1 neighbor lists, perpetual/occasional/extra = 1 0 0
  (1) pair sw, perpetual
      attributes: full, newton on
      pair build: full/bin/atomonly
      stencil: full/bin/3d
      bin: standard
Per MPI rank memory allocation (min/avg/max) = 2.958 | 2.958 | 2.958 Mbytes
   Step          Temp          E_pair         E_mol          TotEng         Press     
WARNING: Too many warnings: 110 vs 100. All future warnings will be suppressed (src/thermo.cpp:478)
         0   0              100.52423      0              100.52423      1951525.1    
Loop time of 1.07e-06 on 1 procs for 0 steps with 8 atoms

0.0% CPU use with 1 MPI tasks x 1 OpenMP threads

MPI task timing breakdown:
Section |  min time  |  avg time  |  max time  |%varavg| %total
---------------------------------------------------------------
Pair    | 0          | 0          | 0          |   0.0 |  0.00
Neigh   | 0          | 0          | 0          |   0.0 |  0.00
Comm    | 0          | 0          | 0          |   0.0 |  0.00
Output  | 0          | 0          | 0          |   0.0 |  0.00
Modify  | 0          | 0          | 0          |   0.0 |  0.00
Other   |            | 1.07e-06   |            |       |100.00

Nlocal:              8 ave           8 max           8 min
Histogram: 1 0 0 0 0 0 0 0 0 0
Nghost:            217 ave         217 max         217 min
Histogram: 1 0 0 0 0 0 0 0 0 0
Neighs:              0 ave           0 max           0 min
Histogram: 1 0 0 0 0 0 0 0 0 0
FullNghs:          302 ave         302 max         302 min
Histogram: 1 0 0 0 0 0 0 0 0 0

Total # of neighbors = 302
Ave neighs/atom = 37.75
Neighbor list builds = 0
Dangerous builds = 0
next i
jump SELF loop_struct
clear
  using 1 OpenMP thread(s) per MPI task
log energies.log append
units metal
boundary p p p
atom_style atomic
read_data Si111_${i}.in
read_data Si111_111.in
Reading data file ...
  orthogonal box = (0 0 0) to (5.4437022 5.4437022 5.4437022)
  1 by 1 by 1 MPI processor grid
  reading atoms ...
  8 atoms
  reading velocities ...
  8 velocities
  read_data CPU = 0.000 seconds
mass 1 28.085
pair_style sw
pair_coeff * * Si.sw Si
Reading sw potential file Si.sw with DATE: 2007-06-11
run 0
Neighbor list info ...
  update: every = 1 steps, delay = 0 steps, check = yes
  max neighbors/atom: 2000, page size: 100000
  master list distance cutoff = 5.77118
  ghost atom cutoff = 5.77118
  binsize = 2.88559, bins = 2 2 2
  1 neighbor lists, perpetual/occasional/extra = 1 0 0
  (1) pair sw, perpetual
      attributes: full, newton on
      pair build: full/bin/atomonly
      stencil: full/bin/3d
      bin: standard
Per MPI rank memory allocation (min/avg/max) = 2.958 | 2.958 | 2.958 Mbytes
   Step          Temp          E_pair         E_mol          TotEng         Press     
WARNING: Too many warnings: 111 vs 100. All future warnings will be suppressed (src/thermo.cpp:478)
         0   0              64.979663      0              64.979663      1466438.7    
Loop time of 1.06e-06 on 1 procs for 0 steps with 8 atoms

94.3% CPU use with 1 MPI tasks x 1 OpenMP threads

MPI task timing breakdown:
Section |  min time  |  avg time  |  max time  |%varavg| %total
---------------------------------------------------------------
Pair    | 0          | 0          | 0          |   0.0 |  0.00
Neigh   | 0          | 0          | 0          |   0.0 |  0.00
Comm    | 0          | 0          | 0          |   0.0 |  0.00
Output  | 0          | 0          | 0          |   0.0 |  0.00
Modify  | 0          | 0          | 0          |   0.0 |  0.00
Other   |            | 1.06e-06   |            |       |100.00

Nlocal:              8 ave           8 max           8 min
Histogram: 1 0 0 0 0 0 0 0 0 0
Nghost:            217 ave         217 max         217 min
Histogram: 1 0 0 0 0 0 0 0 0 0
Neighs:              0 ave           0 max           0 min
Histogram: 1 0 0 0 0 0 0 0 0 0
FullNghs:          310 ave         310 max         310 min
Histogram: 1 0 0 0 0 0 0 0 0 0

Total # of neighbors = 310
Ave neighs/atom = 38.75
Neighbor list builds = 0
Dangerous builds = 0
next i
jump SELF loop_struct
clear
  using 1 OpenMP thread(s) per MPI task
log energies.log append
units metal
boundary p p p
atom_style atomic
read_data Si111_${i}.in
read_data Si111_112.in
Reading data file ...
  orthogonal box = (0 0 0) to (5.4437022 5.4437022 5.4437022)
  1 by 1 by 1 MPI processor grid
  reading atoms ...
  8 atoms
  reading velocities ...
  8 velocities
  read_data CPU = 0.000 seconds
mass 1 28.085
pair_style sw
pair_coeff * * Si.sw Si
Reading sw potential file Si.sw with DATE: 2007-06-11
run 0
Neighbor list info ...
  update: every = 1 steps, delay = 0 steps, check = yes
  max neighbors/atom: 2000, page size: 100000
  master list distance cutoff = 5.77118
  ghost atom cutoff = 5.77118
  binsize = 2.88559, bins = 2 2 2
  1 neighbor lists, perpetual/occasional/extra = 1 0 0
  (1) pair sw, perpetual
      attributes: full, newton on
      pair build: full/bin/atomonly
      stencil: full/bin/3d
      bin: standard
Per MPI rank memory allocation (min/avg/max) = 2.958 | 2.958 | 2.958 Mbytes
   Step          Temp          E_pair         E_mol          TotEng         Press     
WARNING: Too many warnings: 112 vs 100. All future warnings will be suppressed (src/thermo.cpp:478)
         0   0             -1.4731507      0             -1.4731507      719166.14    
Loop time of 1.06e-06 on 1 procs for 0 steps with 8 atoms

94.3% CPU use with 1 MPI tasks x 1 OpenMP threads

MPI task timing breakdown:
Section |  min time  |  avg time  |  max time  |%varavg| %total
---------------------------------------------------------------
Pair    | 0          | 0          | 0          |   0.0 |  0.00
Neigh   | 0          | 0          | 0          |   0.0 |  0.00
Comm    | 0          | 0          | 0          |   0.0 |  0.00
Output  | 0          | 0          | 0          |   0.0 |  0.00
Modify  | 0          | 0          | 0          |   0.0 |  0.00
Other   |            | 1.06e-06   |            |       |100.00

Nlocal:              8 ave           8 max           8 min
Histogram: 1 0 0 0 0 0 0 0 0 0
Nghost:            235 ave         235 max         235 min
Histogram: 1 0 0 0 0 0 0 0 0 0
Neighs:              0 ave           0 max           0 min
Histogram: 1 0 0 0 0 0 0 0 0 0
FullNghs:          314 ave         314 max         314 min
Histogram: 1 0 0 0 0 0 0 0 0 0

Total # of neighbors = 314
Ave neighs/atom = 39.25
Neighbor list builds = 0
Dangerous builds = 0
next i
jump SELF loop_struct
clear
  using 1 OpenMP thread(s) per MPI task
log energies.log append
units metal
boundary p p p
atom_style atomic
read_data Si111_${i}.in
read_data Si111_113.in
Reading data file ...
  orthogonal box = (0 0 0) to (5.4437022 5.4437022 5.4437022)
  1 by 1 by 1 MPI processor grid
  reading atoms ...
  8 atoms
  reading velocities ...
  8 velocities
  read_data CPU = 0.000 seconds
mass 1 28.085
pair_style sw
pair_coeff * * Si.sw Si
Reading sw potential file Si.sw with DATE: 2007-06-11
run 0
Neighbor list info ...
  update: every = 1 steps, delay = 0 steps, check = yes
  max neighbors/atom: 2000, page size: 100000
  master list distance cutoff = 5.77118
  ghost atom cutoff = 5.77118
  binsize = 2.88559, bins = 2 2 2
  1 neighbor lists, perpetual/occasional/extra = 1 0 0
  (1) pair sw, perpetual
      attributes: full, newton on
      pair build: full/bin/atomonly
      stencil: full/bin/3d
      bin: standard
Per MPI rank memory allocation (min/avg/max) = 2.958 | 2.958 | 2.958 Mbytes
   Step          Temp          E_pair         E_mol          TotEng         Press     
WARNING: Too many warnings: 113 vs 100. All future warnings will be suppressed (src/thermo.cpp:478)
         0   0              228.62625      0              228.62625      3863302.2    
Loop time of 1.06e-06 on 1 procs for 0 steps with 8 atoms

0.0% CPU use with 1 MPI tasks x 1 OpenMP threads

MPI task timing breakdown:
Section |  min time  |  avg time  |  max time  |%varavg| %total
---------------------------------------------------------------
Pair    | 0          | 0          | 0          |   0.0 |  0.00
Neigh   | 0          | 0          | 0          |   0.0 |  0.00
Comm    | 0          | 0          | 0          |   0.0 |  0.00
Output  | 0          | 0          | 0          |   0.0 |  0.00
Modify  | 0          | 0          | 0          |   0.0 |  0.00
Other   |            | 1.06e-06   |            |       |100.00

Nlocal:              8 ave           8 max           8 min
Histogram: 1 0 0 0 0 0 0 0 0 0
Nghost:            208 ave         208 max         208 min
Histogram: 1 0 0 0 0 0 0 0 0 0
Neighs:              0 ave           0 max           0 min
Histogram: 1 0 0 0 0 0 0 0 0 0
FullNghs:          298 ave         298 max         298 min
Histogram: 1 0 0 0 0 0 0 0 0 0

Total # of neighbors = 298
Ave neighs/atom = 37.25
Neighbor list builds = 0
Dangerous builds = 0
next i
jump SELF loop_struct
clear
  using 1 OpenMP thread(s) per MPI task
log energies.log append
units metal
boundary p p p
atom_style atomic
read_data Si111_${i}.in
read_data Si111_114.in
Reading data file ...
  orthogonal box = (0 0 0) to (5.4437022 5.4437022 5.4437022)
  1 by 1 by 1 MPI processor grid
  reading atoms ...
  8 atoms
  reading velocities ...
  8 velocities
  read_data CPU = 0.000 seconds
mass 1 28.085
pair_style sw
pair_coeff * * Si.sw Si
Reading sw potential file Si.sw with DATE: 2007-06-11
run 0
Neighbor list info ...
  update: every = 1 steps, delay = 0 steps, check = yes
  max neighbors/atom: 2000, page size: 100000
  master list distance cutoff = 5.77118
  ghost atom cutoff = 5.77118
  binsize = 2.88559, bins = 2 2 2
  1 neighbor lists, perpetual/occasional/extra = 1 0 0
  (1) pair sw, perpetual
      attributes: full, newton on
      pair build: full/bin/atomonly
      stencil: full/bin/3d
      bin: standard
Per MPI rank memory allocation (min/avg/max) = 2.958 | 2.958 | 2.958 Mbytes
   Step          Temp          E_pair         E_mol          TotEng         Press     
WARNING: Too many warnings: 114 vs 100. All future warnings will be suppressed (src/thermo.cpp:478)
         0   0              195.61187      0              195.61187      3519891.4    
Loop time of 1.07e-06 on 1 procs for 0 steps with 8 atoms

93.5% CPU use with 1 MPI tasks x 1 OpenMP threads

MPI task timing breakdown:
Section |  min time  |  avg time  |  max time  |%varavg| %total
---------------------------------------------------------------
Pair    | 0          | 0          | 0          |   0.0 |  0.00
Neigh   | 0          | 0          | 0          |   0.0 |  0.00
Comm    | 0          | 0          | 0          |   0.0 |  0.00
Output  | 0          | 0          | 0          |   0.0 |  0.00
Modify  | 0          | 0          | 0          |   0.0 |  0.00
Other   |            | 1.07e-06   |            |       |100.00

Nlocal:              8 ave           8 max           8 min
Histogram: 1 0 0 0 0 0 0 0 0 0
Nghost:            208 ave         208 max         208 min
Histogram: 1 0 0 0 0 0 0 0 0 0
Neighs:              0 ave           0 max           0 min
Histogram: 1 0 0 0 0 0 0 0 0 0
FullNghs:          308 ave         308 max         308 min
Histogram: 1 0 0 0 0 0 0 0 0 0

Total # of neighbors = 308
Ave neighs/atom = 38.5
Neighbor list builds = 0
Dangerous builds = 0
next i
jump SELF loop_struct
clear
  using 1 OpenMP thread(s) per MPI task
log energies.log append
units metal
boundary p p p
atom_style atomic
read_data Si111_${i}.in
read_data Si111_115.in
Reading data file ...
  orthogonal box = (0 0 0) to (5.4437022 5.4437022 5.4437022)
  1 by 1 by 1 MPI processor grid
  reading atoms ...
  8 atoms
  reading velocities ...
  8 velocities
  read_data CPU = 0.000 seconds
mass 1 28.085
pair_style sw
pair_coeff * * Si.sw Si
Reading sw potential file Si.sw with DATE: 2007-06-11
run 0
Neighbor list info ...
  update: every = 1 steps, delay = 0 steps, check = yes
  max neighbors/atom: 2000, page size: 100000
  master list distance cutoff = 5.77118
  ghost atom cutoff = 5.77118
  binsize = 2.88559, bins = 2 2 2
  1 neighbor lists, perpetual/occasional/extra = 1 0 0
  (1) pair sw, perpetual
      attributes: full, newton on
      pair build: full/bin/atomonly
      stencil: full/bin/3d
      bin: standard
Per MPI rank memory allocation (min/avg/max) = 2.958 | 2.958 | 2.958 Mbytes
   Step          Temp          E_pair         E_mol          TotEng         Press     
WARNING: Too many warnings: 115 vs 100. All future warnings will be suppressed (src/thermo.cpp:478)
         0   0              1458.5755      0              1458.5755      20248869     
Loop time of 1.05e-06 on 1 procs for 0 steps with 8 atoms

95.2% CPU use with 1 MPI tasks x 1 OpenMP threads

MPI task timing breakdown:
Section |  min time  |  avg time  |  max time  |%varavg| %total
---------------------------------------------------------------
Pair    | 0          | 0          | 0          |   0.0 |  0.00
Neigh   | 0          | 0          | 0          |   0.0 |  0.00
Comm    | 0          | 0          | 0          |   0.0 |  0.00
Output  | 0          | 0          | 0          |   0.0 |  0.00
Modify  | 0          | 0          | 0          |   0.0 |  0.00
Other   |            | 1.05e-06   |            |       |100.00

Nlocal:              8 ave           8 max           8 min
Histogram: 1 0 0 0 0 0 0 0 0 0
Nghost:            208 ave         208 max         208 min
Histogram: 1 0 0 0 0 0 0 0 0 0
Neighs:              0 ave           0 max           0 min
Histogram: 1 0 0 0 0 0 0 0 0 0
FullNghs:          298 ave         298 max         298 min
Histogram: 1 0 0 0 0 0 0 0 0 0

Total # of neighbors = 298
Ave neighs/atom = 37.25
Neighbor list builds = 0
Dangerous builds = 0
next i
jump SELF loop_struct
clear
  using 1 OpenMP thread(s) per MPI task
log energies.log append
units metal
boundary p p p
atom_style atomic
read_data Si111_${i}.in
read_data Si111_116.in
Reading data file ...
  orthogonal box = (0 0 0) to (5.4437022 5.4437022 5.4437022)
  1 by 1 by 1 MPI processor grid
  reading atoms ...
  8 atoms
  reading velocities ...
  8 velocities
  read_data CPU = 0.000 seconds
mass 1 28.085
pair_style sw
pair_coeff * * Si.sw Si
Reading sw potential file Si.sw with DATE: 2007-06-11
run 0
Neighbor list info ...
  update: every = 1 steps, delay = 0 steps, check = yes
  max neighbors/atom: 2000, page size: 100000
  master list distance cutoff = 5.77118
  ghost atom cutoff = 5.77118
  binsize = 2.88559, bins = 2 2 2
  1 neighbor lists, perpetual/occasional/extra = 1 0 0
  (1) pair sw, perpetual
      attributes: full, newton on
      pair build: full/bin/atomonly
      stencil: full/bin/3d
      bin: standard
Per MPI rank memory allocation (min/avg/max) = 2.958 | 2.958 | 2.958 Mbytes
   Step          Temp          E_pair         E_mol          TotEng         Press     
WARNING: Too many warnings: 116 vs 100. All future warnings will be suppressed (src/thermo.cpp:478)
         0   0              7.8979967      0              7.8979967      797725.72    
Loop time of 1.08e-06 on 1 procs for 0 steps with 8 atoms

0.0% CPU use with 1 MPI tasks x 1 OpenMP threads

MPI task timing breakdown:
Section |  min time  |  avg time  |  max time  |%varavg| %total
---------------------------------------------------------------
Pair    | 0          | 0          | 0          |   0.0 |  0.00
Neigh   | 0          | 0          | 0          |   0.0 |  0.00
Comm    | 0          | 0          | 0          |   0.0 |  0.00
Output  | 0          | 0          | 0          |   0.0 |  0.00
Modify  | 0          | 0          | 0          |   0.0 |  0.00
Other   |            | 1.08e-06   |            |       |100.00

Nlocal:              8 ave           8 max           8 min
Histogram: 1 0 0 0 0 0 0 0 0 0
Nghost:            217 ave         217 max         217 min
Histogram: 1 0 0 0 0 0 0 0 0 0
Neighs:              0 ave           0 max           0 min
Histogram: 1 0 0 0 0 0 0 0 0 0
FullNghs:          312 ave         312 max         312 min
Histogram: 1 0 0 0 0 0 0 0 0 0

Total # of neighbors = 312
Ave neighs/atom = 39
Neighbor list builds = 0
Dangerous builds = 0
next i
jump SELF loop_struct
clear
  using 1 OpenMP thread(s) per MPI task
log energies.log append
units metal
boundary p p p
atom_style atomic
read_data Si111_${i}.in
read_data Si111_117.in
Reading data file ...
  orthogonal box = (0 0 0) to (5.4437022 5.4437022 5.4437022)
  1 by 1 by 1 MPI processor grid
  reading atoms ...
  8 atoms
  reading velocities ...
  8 velocities
  read_data CPU = 0.000 seconds
mass 1 28.085
pair_style sw
pair_coeff * * Si.sw Si
Reading sw potential file Si.sw with DATE: 2007-06-11
run 0
Neighbor list info ...
  update: every = 1 steps, delay = 0 steps, check = yes
  max neighbors/atom: 2000, page size: 100000
  master list distance cutoff = 5.77118
  ghost atom cutoff = 5.77118
  binsize = 2.88559, bins = 2 2 2
  1 neighbor lists, perpetual/occasional/extra = 1 0 0
  (1) pair sw, perpetual
      attributes: full, newton on
      pair build: full/bin/atomonly
      stencil: full/bin/3d
      bin: standard
Per MPI rank memory allocation (min/avg/max) = 2.958 | 2.958 | 2.958 Mbytes
   Step          Temp          E_pair         E_mol          TotEng         Press     
WARNING: Too many warnings: 117 vs 100. All future warnings will be suppressed (src/thermo.cpp:478)
         0   0              10.202521      0              10.202521      865155.8     
Loop time of 1.05e-06 on 1 procs for 0 steps with 8 atoms

0.0% CPU use with 1 MPI tasks x 1 OpenMP threads

MPI task timing breakdown:
Section |  min time  |  avg time  |  max time  |%varavg| %total
---------------------------------------------------------------
Pair    | 0          | 0          | 0          |   0.0 |  0.00
Neigh   | 0          | 0          | 0          |   0.0 |  0.00
Comm    | 0          | 0          | 0          |   0.0 |  0.00
Output  | 0          | 0          | 0          |   0.0 |  0.00
Modify  | 0          | 0          | 0          |   0.0 |  0.00
Other   |            | 1.05e-06   |            |       |100.00

Nlocal:              8 ave           8 max           8 min
Histogram: 1 0 0 0 0 0 0 0 0 0
Nghost:            238 ave         238 max         238 min
Histogram: 1 0 0 0 0 0 0 0 0 0
Neighs:              0 ave           0 max           0 min
Histogram: 1 0 0 0 0 0 0 0 0 0
FullNghs:          306 ave         306 max         306 min
Histogram: 1 0 0 0 0 0 0 0 0 0

Total # of neighbors = 306
Ave neighs/atom = 38.25
Neighbor list builds = 0
Dangerous builds = 0
next i
jump SELF loop_struct
clear
  using 1 OpenMP thread(s) per MPI task
log energies.log append
units metal
boundary p p p
atom_style atomic
read_data Si111_${i}.in
read_data Si111_118.in
Reading data file ...
  orthogonal box = (0 0 0) to (5.4437022 5.4437022 5.4437022)
  1 by 1 by 1 MPI processor grid
  reading atoms ...
  8 atoms
  reading velocities ...
  8 velocities
  read_data CPU = 0.000 seconds
mass 1 28.085
pair_style sw
pair_coeff * * Si.sw Si
Reading sw potential file Si.sw with DATE: 2007-06-11
run 0
Neighbor list info ...
  update: every = 1 steps, delay = 0 steps, check = yes
  max neighbors/atom: 2000, page size: 100000
  master list distance cutoff = 5.77118
  ghost atom cutoff = 5.77118
  binsize = 2.88559, bins = 2 2 2
  1 neighbor lists, perpetual/occasional/extra = 1 0 0
  (1) pair sw, perpetual
      attributes: full, newton on
      pair build: full/bin/atomonly
      stencil: full/bin/3d
      bin: standard
Per MPI rank memory allocation (min/avg/max) = 2.958 | 2.958 | 2.958 Mbytes
   Step          Temp          E_pair         E_mol          TotEng         Press     
WARNING: Too many warnings: 118 vs 100. All future warnings will be suppressed (src/thermo.cpp:478)
         0   0              26.109902      0              26.109902      1274059.2    
Loop time of 1.11e-06 on 1 procs for 0 steps with 8 atoms

0.0% CPU use with 1 MPI tasks x 1 OpenMP threads

MPI task timing breakdown:
Section |  min time  |  avg time  |  max time  |%varavg| %total
---------------------------------------------------------------
Pair    | 0          | 0          | 0          |   0.0 |  0.00
Neigh   | 0          | 0          | 0          |   0.0 |  0.00
Comm    | 0          | 0          | 0          |   0.0 |  0.00
Output  | 0          | 0          | 0          |   0.0 |  0.00
Modify  | 0          | 0          | 0          |   0.0 |  0.00
Other   |            | 1.11e-06   |            |       |100.00

Nlocal:              8 ave           8 max           8 min
Histogram: 1 0 0 0 0 0 0 0 0 0
Nghost:            208 ave         208 max         208 min
Histogram: 1 0 0 0 0 0 0 0 0 0
Neighs:              0 ave           0 max           0 min
Histogram: 1 0 0 0 0 0 0 0 0 0
FullNghs:          302 ave         302 max         302 min
Histogram: 1 0 0 0 0 0 0 0 0 0

Total # of neighbors = 302
Ave neighs/atom = 37.75
Neighbor list builds = 0
Dangerous builds = 0
next i
jump SELF loop_struct
clear
  using 1 OpenMP thread(s) per MPI task
log energies.log append
units metal
boundary p p p
atom_style atomic
read_data Si111_${i}.in
read_data Si111_119.in
Reading data file ...
  orthogonal box = (0 0 0) to (5.4437022 5.4437022 5.4437022)
  1 by 1 by 1 MPI processor grid
  reading atoms ...
  8 atoms
  reading velocities ...
  8 velocities
  read_data CPU = 0.000 seconds
mass 1 28.085
pair_style sw
pair_coeff * * Si.sw Si
Reading sw potential file Si.sw with DATE: 2007-06-11
run 0
Neighbor list info ...
  update: every = 1 steps, delay = 0 steps, check = yes
  max neighbors/atom: 2000, page size: 100000
  master list distance cutoff = 5.77118
  ghost atom cutoff = 5.77118
  binsize = 2.88559, bins = 2 2 2
  1 neighbor lists, perpetual/occasional/extra = 1 0 0
  (1) pair sw, perpetual
      attributes: full, newton on
      pair build: full/bin/atomonly
      stencil: full/bin/3d
      bin: standard
Per MPI rank memory allocation (min/avg/max) = 2.958 | 2.958 | 2.958 Mbytes
   Step          Temp          E_pair         E_mol          TotEng         Press     
WARNING: Too many warnings: 119 vs 100. All future warnings will be suppressed (src/thermo.cpp:478)
         0   0              603.36449      0              603.36449      8971544.6    
Loop time of 1.07e-06 on 1 procs for 0 steps with 8 atoms

0.0% CPU use with 1 MPI tasks x 1 OpenMP threads

MPI task timing breakdown:
Section |  min time  |  avg time  |  max time  |%varavg| %total
---------------------------------------------------------------
Pair    | 0          | 0          | 0          |   0.0 |  0.00
Neigh   | 0          | 0          | 0          |   0.0 |  0.00
Comm    | 0          | 0          | 0          |   0.0 |  0.00
Output  | 0          | 0          | 0          |   0.0 |  0.00
Modify  | 0          | 0          | 0          |   0.0 |  0.00
Other   |            | 1.07e-06   |            |       |100.00

Nlocal:              8 ave           8 max           8 min
Histogram: 1 0 0 0 0 0 0 0 0 0
Nghost:            208 ave         208 max         208 min
Histogram: 1 0 0 0 0 0 0 0 0 0
Neighs:              0 ave           0 max           0 min
Histogram: 1 0 0 0 0 0 0 0 0 0
FullNghs:          324 ave         324 max         324 min
Histogram: 1 0 0 0 0 0 0 0 0 0

Total # of neighbors = 324
Ave neighs/atom = 40.5
Neighbor list builds = 0
Dangerous builds = 0
next i
jump SELF loop_struct
clear
  using 1 OpenMP thread(s) per MPI task
log energies.log append
units metal
boundary p p p
atom_style atomic
read_data Si111_${i}.in
read_data Si111_120.in
Reading data file ...
  orthogonal box = (0 0 0) to (5.4437022 5.4437022 5.4437022)
  1 by 1 by 1 MPI processor grid
  reading atoms ...
  8 atoms
  reading velocities ...
  8 velocities
  read_data CPU = 0.000 seconds
mass 1 28.085
pair_style sw
pair_coeff * * Si.sw Si
Reading sw potential file Si.sw with DATE: 2007-06-11
run 0
Neighbor list info ...
  update: every = 1 steps, delay = 0 steps, check = yes
  max neighbors/atom: 2000, page size: 100000
  master list distance cutoff = 5.77118
  ghost atom cutoff = 5.77118
  binsize = 2.88559, bins = 2 2 2
  1 neighbor lists, perpetual/occasional/extra = 1 0 0
  (1) pair sw, perpetual
      attributes: full, newton on
      pair build: full/bin/atomonly
      stencil: full/bin/3d
      bin: standard
Per MPI rank memory allocation (min/avg/max) = 2.958 | 2.958 | 2.958 Mbytes
   Step          Temp          E_pair         E_mol          TotEng         Press     
WARNING: Too many warnings: 120 vs 100. All future warnings will be suppressed (src/thermo.cpp:478)
         0   0              1693.7869      0              1693.7869      23838928     
Loop time of 1.05e-06 on 1 procs for 0 steps with 8 atoms

0.0% CPU use with 1 MPI tasks x 1 OpenMP threads

MPI task timing breakdown:
Section |  min time  |  avg time  |  max time  |%varavg| %total
---------------------------------------------------------------
Pair    | 0          | 0          | 0          |   0.0 |  0.00
Neigh   | 0          | 0          | 0          |   0.0 |  0.00
Comm    | 0          | 0          | 0          |   0.0 |  0.00
Output  | 0          | 0          | 0          |   0.0 |  0.00
Modify  | 0          | 0          | 0          |   0.0 |  0.00
Other   |            | 1.05e-06   |            |       |100.00

Nlocal:              8 ave           8 max           8 min
Histogram: 1 0 0 0 0 0 0 0 0 0
Nghost:            208 ave         208 max         208 min
Histogram: 1 0 0 0 0 0 0 0 0 0
Neighs:              0 ave           0 max           0 min
Histogram: 1 0 0 0 0 0 0 0 0 0
FullNghs:          306 ave         306 max         306 min
Histogram: 1 0 0 0 0 0 0 0 0 0

Total # of neighbors = 306
Ave neighs/atom = 38.25
Neighbor list builds = 0
Dangerous builds = 0
next i
jump SELF loop_struct
clear
  using 1 OpenMP thread(s) per MPI task
log energies.log append
units metal
boundary p p p
atom_style atomic
read_data Si111_${i}.in
read_data Si111_121.in
Reading data file ...
  orthogonal box = (0 0 0) to (5.4437022 5.4437022 5.4437022)
  1 by 1 by 1 MPI processor grid
  reading atoms ...
  8 atoms
  reading velocities ...
  8 velocities
  read_data CPU = 0.000 seconds
mass 1 28.085
pair_style sw
pair_coeff * * Si.sw Si
Reading sw potential file Si.sw with DATE: 2007-06-11
run 0
Neighbor list info ...
  update: every = 1 steps, delay = 0 steps, check = yes
  max neighbors/atom: 2000, page size: 100000
  master list distance cutoff = 5.77118
  ghost atom cutoff = 5.77118
  binsize = 2.88559, bins = 2 2 2
  1 neighbor lists, perpetual/occasional/extra = 1 0 0
  (1) pair sw, perpetual
      attributes: full, newton on
      pair build: full/bin/atomonly
      stencil: full/bin/3d
      bin: standard
Per MPI rank memory allocation (min/avg/max) = 2.958 | 2.958 | 2.958 Mbytes
   Step          Temp          E_pair         E_mol          TotEng         Press     
WARNING: Too many warnings: 121 vs 100. All future warnings will be suppressed (src/thermo.cpp:478)
         0   0              62.555708      0              62.555708      1433835.4    
Loop time of 1.06e-06 on 1 procs for 0 steps with 8 atoms

0.0% CPU use with 1 MPI tasks x 1 OpenMP threads

MPI task timing breakdown:
Section |  min time  |  avg time  |  max time  |%varavg| %total
---------------------------------------------------------------
Pair    | 0          | 0          | 0          |   0.0 |  0.00
Neigh   | 0          | 0          | 0          |   0.0 |  0.00
Comm    | 0          | 0          | 0          |   0.0 |  0.00
Output  | 0          | 0          | 0          |   0.0 |  0.00
Modify  | 0          | 0          | 0          |   0.0 |  0.00
Other   |            | 1.06e-06   |            |       |100.00

Nlocal:              8 ave           8 max           8 min
Histogram: 1 0 0 0 0 0 0 0 0 0
Nghost:            217 ave         217 max         217 min
Histogram: 1 0 0 0 0 0 0 0 0 0
Neighs:              0 ave           0 max           0 min
Histogram: 1 0 0 0 0 0 0 0 0 0
FullNghs:          314 ave         314 max         314 min
Histogram: 1 0 0 0 0 0 0 0 0 0

Total # of neighbors = 314
Ave neighs/atom = 39.25
Neighbor list builds = 0
Dangerous builds = 0
next i
jump SELF loop_struct
clear
  using 1 OpenMP thread(s) per MPI task
log energies.log append
units metal
boundary p p p
atom_style atomic
read_data Si111_${i}.in
read_data Si111_122.in
Reading data file ...
  orthogonal box = (0 0 0) to (5.4437022 5.4437022 5.4437022)
  1 by 1 by 1 MPI processor grid
  reading atoms ...
  8 atoms
  reading velocities ...
  8 velocities
  read_data CPU = 0.000 seconds
mass 1 28.085
pair_style sw
pair_coeff * * Si.sw Si
Reading sw potential file Si.sw with DATE: 2007-06-11
run 0
Neighbor list info ...
  update: every = 1 steps, delay = 0 steps, check = yes
  max neighbors/atom: 2000, page size: 100000
  master list distance cutoff = 5.77118
  ghost atom cutoff = 5.77118
  binsize = 2.88559, bins = 2 2 2
  1 neighbor lists, perpetual/occasional/extra = 1 0 0
  (1) pair sw, perpetual
      attributes: full, newton on
      pair build: full/bin/atomonly
      stencil: full/bin/3d
      bin: standard
Per MPI rank memory allocation (min/avg/max) = 2.958 | 2.958 | 2.958 Mbytes
   Step          Temp          E_pair         E_mol          TotEng         Press     
WARNING: Too many warnings: 122 vs 100. All future warnings will be suppressed (src/thermo.cpp:478)
         0   0             -1.6793952      0             -1.6793952      681110.66    
Loop time of 1.06e-06 on 1 procs for 0 steps with 8 atoms

0.0% CPU use with 1 MPI tasks x 1 OpenMP threads

MPI task timing breakdown:
Section |  min time  |  avg time  |  max time  |%varavg| %total
---------------------------------------------------------------
Pair    | 0          | 0          | 0          |   0.0 |  0.00
Neigh   | 0          | 0          | 0          |   0.0 |  0.00
Comm    | 0          | 0          | 0          |   0.0 |  0.00
Output  | 0          | 0          | 0          |   0.0 |  0.00
Modify  | 0          | 0          | 0          |   0.0 |  0.00
Other   |            | 1.06e-06   |            |       |100.00

Nlocal:              8 ave           8 max           8 min
Histogram: 1 0 0 0 0 0 0 0 0 0
Nghost:            226 ave         226 max         226 min
Histogram: 1 0 0 0 0 0 0 0 0 0
Neighs:              0 ave           0 max           0 min
Histogram: 1 0 0 0 0 0 0 0 0 0
FullNghs:          312 ave         312 max         312 min
Histogram: 1 0 0 0 0 0 0 0 0 0

Total # of neighbors = 312
Ave neighs/atom = 39
Neighbor list builds = 0
Dangerous builds = 0
next i
jump SELF loop_struct
clear
  using 1 OpenMP thread(s) per MPI task
log energies.log append
units metal
boundary p p p
atom_style atomic
read_data Si111_${i}.in
read_data Si111_123.in
Reading data file ...
  orthogonal box = (0 0 0) to (5.4437022 5.4437022 5.4437022)
  1 by 1 by 1 MPI processor grid
  reading atoms ...
  8 atoms
  reading velocities ...
  8 velocities
  read_data CPU = 0.000 seconds
mass 1 28.085
pair_style sw
pair_coeff * * Si.sw Si
Reading sw potential file Si.sw with DATE: 2007-06-11
run 0
Neighbor list info ...
  update: every = 1 steps, delay = 0 steps, check = yes
  max neighbors/atom: 2000, page size: 100000
  master list distance cutoff = 5.77118
  ghost atom cutoff = 5.77118
  binsize = 2.88559, bins = 2 2 2
  1 neighbor lists, perpetual/occasional/extra = 1 0 0
  (1) pair sw, perpetual
      attributes: full, newton on
      pair build: full/bin/atomonly
      stencil: full/bin/3d
      bin: standard
Per MPI rank memory allocation (min/avg/max) = 2.958 | 2.958 | 2.958 Mbytes
   Step          Temp          E_pair         E_mol          TotEng         Press     
WARNING: Too many warnings: 123 vs 100. All future warnings will be suppressed (src/thermo.cpp:478)
         0   0              61.251418      0              61.251418      1460384.7    
Loop time of 1.06e-06 on 1 procs for 0 steps with 8 atoms

0.0% CPU use with 1 MPI tasks x 1 OpenMP threads

MPI task timing breakdown:
Section |  min time  |  avg time  |  max time  |%varavg| %total
---------------------------------------------------------------
Pair    | 0          | 0          | 0          |   0.0 |  0.00
Neigh   | 0          | 0          | 0          |   0.0 |  0.00
Comm    | 0          | 0          | 0          |   0.0 |  0.00
Output  | 0          | 0          | 0          |   0.0 |  0.00
Modify  | 0          | 0          | 0          |   0.0 |  0.00
Other   |            | 1.06e-06   |            |       |100.00

Nlocal:              8 ave           8 max           8 min
Histogram: 1 0 0 0 0 0 0 0 0 0
Nghost:            217 ave         217 max         217 min
Histogram: 1 0 0 0 0 0 0 0 0 0
Neighs:              0 ave           0 max           0 min
Histogram: 1 0 0 0 0 0 0 0 0 0
FullNghs:          320 ave         320 max         320 min
Histogram: 1 0 0 0 0 0 0 0 0 0

Total # of neighbors = 320
Ave neighs/atom = 40
Neighbor list builds = 0
Dangerous builds = 0
next i
jump SELF loop_struct
clear
  using 1 OpenMP thread(s) per MPI task
log energies.log append
units metal
boundary p p p
atom_style atomic
read_data Si111_${i}.in
read_data Si111_124.in
Reading data file ...
  orthogonal box = (0 0 0) to (5.4437022 5.4437022 5.4437022)
  1 by 1 by 1 MPI processor grid
  reading atoms ...
  8 atoms
  reading velocities ...
  8 velocities
  read_data CPU = 0.000 seconds
mass 1 28.085
pair_style sw
pair_coeff * * Si.sw Si
Reading sw potential file Si.sw with DATE: 2007-06-11
run 0
Neighbor list info ...
  update: every = 1 steps, delay = 0 steps, check = yes
  max neighbors/atom: 2000, page size: 100000
  master list distance cutoff = 5.77118
  ghost atom cutoff = 5.77118
  binsize = 2.88559, bins = 2 2 2
  1 neighbor lists, perpetual/occasional/extra = 1 0 0
  (1) pair sw, perpetual
      attributes: full, newton on
      pair build: full/bin/atomonly
      stencil: full/bin/3d
      bin: standard
Per MPI rank memory allocation (min/avg/max) = 2.958 | 2.958 | 2.958 Mbytes
   Step          Temp          E_pair         E_mol          TotEng         Press     
WARNING: Too many warnings: 124 vs 100. All future warnings will be suppressed (src/thermo.cpp:478)
         0   0              731.08336      0              731.08336      10602021     
Loop time of 1.07e-06 on 1 procs for 0 steps with 8 atoms

0.0% CPU use with 1 MPI tasks x 1 OpenMP threads

MPI task timing breakdown:
Section |  min time  |  avg time  |  max time  |%varavg| %total
---------------------------------------------------------------
Pair    | 0          | 0          | 0          |   0.0 |  0.00
Neigh   | 0          | 0          | 0          |   0.0 |  0.00
Comm    | 0          | 0          | 0          |   0.0 |  0.00
Output  | 0          | 0          | 0          |   0.0 |  0.00
Modify  | 0          | 0          | 0          |   0.0 |  0.00
Other   |            | 1.07e-06   |            |       |100.00

Nlocal:              8 ave           8 max           8 min
Histogram: 1 0 0 0 0 0 0 0 0 0
Nghost:            208 ave         208 max         208 min
Histogram: 1 0 0 0 0 0 0 0 0 0
Neighs:              0 ave           0 max           0 min
Histogram: 1 0 0 0 0 0 0 0 0 0
FullNghs:          294 ave         294 max         294 min
Histogram: 1 0 0 0 0 0 0 0 0 0

Total # of neighbors = 294
Ave neighs/atom = 36.75
Neighbor list builds = 0
Dangerous builds = 0
next i
jump SELF loop_struct
clear
  using 1 OpenMP thread(s) per MPI task
log energies.log append
units metal
boundary p p p
atom_style atomic
read_data Si111_${i}.in
read_data Si111_125.in
Reading data file ...
  orthogonal box = (0 0 0) to (5.4437022 5.4437022 5.4437022)
  1 by 1 by 1 MPI processor grid
  reading atoms ...
  8 atoms
  reading velocities ...
  8 velocities
  read_data CPU = 0.000 seconds
mass 1 28.085
pair_style sw
pair_coeff * * Si.sw Si
Reading sw potential file Si.sw with DATE: 2007-06-11
run 0
Neighbor list info ...
  update: every = 1 steps, delay = 0 steps, check = yes
  max neighbors/atom: 2000, page size: 100000
  master list distance cutoff = 5.77118
  ghost atom cutoff = 5.77118
  binsize = 2.88559, bins = 2 2 2
  1 neighbor lists, perpetual/occasional/extra = 1 0 0
  (1) pair sw, perpetual
      attributes: full, newton on
      pair build: full/bin/atomonly
      stencil: full/bin/3d
      bin: standard
Per MPI rank memory allocation (min/avg/max) = 2.958 | 2.958 | 2.958 Mbytes
   Step          Temp          E_pair         E_mol          TotEng         Press     
WARNING: Too many warnings: 125 vs 100. All future warnings will be suppressed (src/thermo.cpp:478)
         0   0              404.18546      0              404.18546      6599459.5    
Loop time of 1.07e-06 on 1 procs for 0 steps with 8 atoms

93.5% CPU use with 1 MPI tasks x 1 OpenMP threads

MPI task timing breakdown:
Section |  min time  |  avg time  |  max time  |%varavg| %total
---------------------------------------------------------------
Pair    | 0          | 0          | 0          |   0.0 |  0.00
Neigh   | 0          | 0          | 0          |   0.0 |  0.00
Comm    | 0          | 0          | 0          |   0.0 |  0.00
Output  | 0          | 0          | 0          |   0.0 |  0.00
Modify  | 0          | 0          | 0          |   0.0 |  0.00
Other   |            | 1.07e-06   |            |       |100.00

Nlocal:              8 ave           8 max           8 min
Histogram: 1 0 0 0 0 0 0 0 0 0
Nghost:            208 ave         208 max         208 min
Histogram: 1 0 0 0 0 0 0 0 0 0
Neighs:              0 ave           0 max           0 min
Histogram: 1 0 0 0 0 0 0 0 0 0
FullNghs:          302 ave         302 max         302 min
Histogram: 1 0 0 0 0 0 0 0 0 0

Total # of neighbors = 302
Ave neighs/atom = 37.75
Neighbor list builds = 0
Dangerous builds = 0
next i
jump SELF loop_struct
clear
  using 1 OpenMP thread(s) per MPI task
log energies.log append
units metal
boundary p p p
atom_style atomic
read_data Si111_${i}.in
read_data Si111_126.in
Reading data file ...
  orthogonal box = (0 0 0) to (5.4437022 5.4437022 5.4437022)
  1 by 1 by 1 MPI processor grid
  reading atoms ...
  8 atoms
  reading velocities ...
  8 velocities
  read_data CPU = 0.000 seconds
mass 1 28.085
pair_style sw
pair_coeff * * Si.sw Si
Reading sw potential file Si.sw with DATE: 2007-06-11
run 0
Neighbor list info ...
  update: every = 1 steps, delay = 0 steps, check = yes
  max neighbors/atom: 2000, page size: 100000
  master list distance cutoff = 5.77118
  ghost atom cutoff = 5.77118
  binsize = 2.88559, bins = 2 2 2
  1 neighbor lists, perpetual/occasional/extra = 1 0 0
  (1) pair sw, perpetual
      attributes: full, newton on
      pair build: full/bin/atomonly
      stencil: full/bin/3d
      bin: standard
Per MPI rank memory allocation (min/avg/max) = 2.958 | 2.958 | 2.958 Mbytes
   Step          Temp          E_pair         E_mol          TotEng         Press     
WARNING: Too many warnings: 126 vs 100. All future warnings will be suppressed (src/thermo.cpp:478)
         0   0             -1.7517194      0             -1.7517194      606999.52    
Loop time of 1.19e-06 on 1 procs for 0 steps with 8 atoms

84.0% CPU use with 1 MPI tasks x 1 OpenMP threads

MPI task timing breakdown:
Section |  min time  |  avg time  |  max time  |%varavg| %total
---------------------------------------------------------------
Pair    | 0          | 0          | 0          |   0.0 |  0.00
Neigh   | 0          | 0          | 0          |   0.0 |  0.00
Comm    | 0          | 0          | 0          |   0.0 |  0.00
Output  | 0          | 0          | 0          |   0.0 |  0.00
Modify  | 0          | 0          | 0          |   0.0 |  0.00
Other   |            | 1.19e-06   |            |       |100.00

Nlocal:              8 ave           8 max           8 min
Histogram: 1 0 0 0 0 0 0 0 0 0
Nghost:            238 ave         238 max         238 min
Histogram: 1 0 0 0 0 0 0 0 0 0
Neighs:              0 ave           0 max           0 min
Histogram: 1 0 0 0 0 0 0 0 0 0
FullNghs:          304 ave         304 max         304 min
Histogram: 1 0 0 0 0 0 0 0 0 0

Total # of neighbors = 304
Ave neighs/atom = 38
Neighbor list builds = 0
Dangerous builds = 0
next i
jump SELF loop_struct
clear
  using 1 OpenMP thread(s) per MPI task
log energies.log append
units metal
boundary p p p
atom_style atomic
read_data Si111_${i}.in
read_data Si111_127.in
Reading data file ...
  orthogonal box = (0 0 0) to (5.4437022 5.4437022 5.4437022)
  1 by 1 by 1 MPI processor grid
  reading atoms ...
  8 atoms
  reading velocities ...
  8 velocities
  read_data CPU = 0.000 seconds
mass 1 28.085
pair_style sw
pair_coeff * * Si.sw Si
Reading sw potential file Si.sw with DATE: 2007-06-11
run 0
Neighbor list info ...
  update: every = 1 steps, delay = 0 steps, check = yes
  max neighbors/atom: 2000, page size: 100000
  master list distance cutoff = 5.77118
  ghost atom cutoff = 5.77118
  binsize = 2.88559, bins = 2 2 2
  1 neighbor lists, perpetual/occasional/extra = 1 0 0
  (1) pair sw, perpetual
      attributes: full, newton on
      pair build: full/bin/atomonly
      stencil: full/bin/3d
      bin: standard
Per MPI rank memory allocation (min/avg/max) = 2.958 | 2.958 | 2.958 Mbytes
   Step          Temp          E_pair         E_mol          TotEng         Press     
WARNING: Too many warnings: 127 vs 100. All future warnings will be suppressed (src/thermo.cpp:478)
         0   0              115.28775      0              115.28775      2307214.7    
Loop time of 1.06e-06 on 1 procs for 0 steps with 8 atoms

0.0% CPU use with 1 MPI tasks x 1 OpenMP threads

MPI task timing breakdown:
Section |  min time  |  avg time  |  max time  |%varavg| %total
---------------------------------------------------------------
Pair    | 0          | 0          | 0          |   0.0 |  0.00
Neigh   | 0          | 0          | 0          |   0.0 |  0.00
Comm    | 0          | 0          | 0          |   0.0 |  0.00
Output  | 0          | 0          | 0          |   0.0 |  0.00
Modify  | 0          | 0          | 0          |   0.0 |  0.00
Other   |            | 1.06e-06   |            |       |100.00

Nlocal:              8 ave           8 max           8 min
Histogram: 1 0 0 0 0 0 0 0 0 0
Nghost:            208 ave         208 max         208 min
Histogram: 1 0 0 0 0 0 0 0 0 0
Neighs:              0 ave           0 max           0 min
Histogram: 1 0 0 0 0 0 0 0 0 0
FullNghs:          298 ave         298 max         298 min
Histogram: 1 0 0 0 0 0 0 0 0 0

Total # of neighbors = 298
Ave neighs/atom = 37.25
Neighbor list builds = 0
Dangerous builds = 0
next i
jump SELF loop_struct
clear
  using 1 OpenMP thread(s) per MPI task
log energies.log append
units metal
boundary p p p
atom_style atomic
read_data Si111_${i}.in
read_data Si111_128.in
Reading data file ...
  orthogonal box = (0 0 0) to (5.4437022 5.4437022 5.4437022)
  1 by 1 by 1 MPI processor grid
  reading atoms ...
  8 atoms
  reading velocities ...
  8 velocities
  read_data CPU = 0.000 seconds
mass 1 28.085
pair_style sw
pair_coeff * * Si.sw Si
Reading sw potential file Si.sw with DATE: 2007-06-11
run 0
Neighbor list info ...
  update: every = 1 steps, delay = 0 steps, check = yes
  max neighbors/atom: 2000, page size: 100000
  master list distance cutoff = 5.77118
  ghost atom cutoff = 5.77118
  binsize = 2.88559, bins = 2 2 2
  1 neighbor lists, perpetual/occasional/extra = 1 0 0
  (1) pair sw, perpetual
      attributes: full, newton on
      pair build: full/bin/atomonly
      stencil: full/bin/3d
      bin: standard
Per MPI rank memory allocation (min/avg/max) = 2.958 | 2.958 | 2.958 Mbytes
   Step          Temp          E_pair         E_mol          TotEng         Press     
WARNING: Too many warnings: 128 vs 100. All future warnings will be suppressed (src/thermo.cpp:478)
         0   0              30.050999      0              30.050999      1069541.8    
Loop time of 1.07e-06 on 1 procs for 0 steps with 8 atoms

93.5% CPU use with 1 MPI tasks x 1 OpenMP threads

MPI task timing breakdown:
Section |  min time  |  avg time  |  max time  |%varavg| %total
---------------------------------------------------------------
Pair    | 0          | 0          | 0          |   0.0 |  0.00
Neigh   | 0          | 0          | 0          |   0.0 |  0.00
Comm    | 0          | 0          | 0          |   0.0 |  0.00
Output  | 0          | 0          | 0          |   0.0 |  0.00
Modify  | 0          | 0          | 0          |   0.0 |  0.00
Other   |            | 1.07e-06   |            |       |100.00

Nlocal:              8 ave           8 max           8 min
Histogram: 1 0 0 0 0 0 0 0 0 0
Nghost:            226 ave         226 max         226 min
Histogram: 1 0 0 0 0 0 0 0 0 0
Neighs:              0 ave           0 max           0 min
Histogram: 1 0 0 0 0 0 0 0 0 0
FullNghs:          316 ave         316 max         316 min
Histogram: 1 0 0 0 0 0 0 0 0 0

Total # of neighbors = 316
Ave neighs/atom = 39.5
Neighbor list builds = 0
Dangerous builds = 0
next i
jump SELF loop_struct
clear
  using 1 OpenMP thread(s) per MPI task
log energies.log append
units metal
boundary p p p
atom_style atomic
read_data Si111_${i}.in
read_data Si111_129.in
Reading data file ...
  orthogonal box = (0 0 0) to (5.4437022 5.4437022 5.4437022)
  1 by 1 by 1 MPI processor grid
  reading atoms ...
  8 atoms
  reading velocities ...
  8 velocities
  read_data CPU = 0.000 seconds
mass 1 28.085
pair_style sw
pair_coeff * * Si.sw Si
Reading sw potential file Si.sw with DATE: 2007-06-11
run 0
Neighbor list info ...
  update: every = 1 steps, delay = 0 steps, check = yes
  max neighbors/atom: 2000, page size: 100000
  master list distance cutoff = 5.77118
  ghost atom cutoff = 5.77118
  binsize = 2.88559, bins = 2 2 2
  1 neighbor lists, perpetual/occasional/extra = 1 0 0
  (1) pair sw, perpetual
      attributes: full, newton on
      pair build: full/bin/atomonly
      stencil: full/bin/3d
      bin: standard
Per MPI rank memory allocation (min/avg/max) = 2.958 | 2.958 | 2.958 Mbytes
   Step          Temp          E_pair         E_mol          TotEng         Press     
WARNING: Too many warnings: 129 vs 100. All future warnings will be suppressed (src/thermo.cpp:478)
         0   0              105.85339      0              105.85339      2264872.9    
Loop time of 1.13e-06 on 1 procs for 0 steps with 8 atoms

0.0% CPU use with 1 MPI tasks x 1 OpenMP threads

MPI task timing breakdown:
Section |  min time  |  avg time  |  max time  |%varavg| %total
---------------------------------------------------------------
Pair    | 0          | 0          | 0          |   0.0 |  0.00
Neigh   | 0          | 0          | 0          |   0.0 |  0.00
Comm    | 0          | 0          | 0          |   0.0 |  0.00
Output  | 0          | 0          | 0          |   0.0 |  0.00
Modify  | 0          | 0          | 0          |   0.0 |  0.00
Other   |            | 1.13e-06   |            |       |100.00

Nlocal:              8 ave           8 max           8 min
Histogram: 1 0 0 0 0 0 0 0 0 0
Nghost:            217 ave         217 max         217 min
Histogram: 1 0 0 0 0 0 0 0 0 0
Neighs:              0 ave           0 max           0 min
Histogram: 1 0 0 0 0 0 0 0 0 0
FullNghs:          298 ave         298 max         298 min
Histogram: 1 0 0 0 0 0 0 0 0 0

Total # of neighbors = 298
Ave neighs/atom = 37.25
Neighbor list builds = 0
Dangerous builds = 0
next i
jump SELF loop_struct
clear
  using 1 OpenMP thread(s) per MPI task
log energies.log append
units metal
boundary p p p
atom_style atomic
read_data Si111_${i}.in
read_data Si111_130.in
Reading data file ...
  orthogonal box = (0 0 0) to (5.4437022 5.4437022 5.4437022)
  1 by 1 by 1 MPI processor grid
  reading atoms ...
  8 atoms
  reading velocities ...
  8 velocities
  read_data CPU = 0.000 seconds
mass 1 28.085
pair_style sw
pair_coeff * * Si.sw Si
Reading sw potential file Si.sw with DATE: 2007-06-11
run 0
Neighbor list info ...
  update: every = 1 steps, delay = 0 steps, check = yes
  max neighbors/atom: 2000, page size: 100000
  master list distance cutoff = 5.77118
  ghost atom cutoff = 5.77118
  binsize = 2.88559, bins = 2 2 2
  1 neighbor lists, perpetual/occasional/extra = 1 0 0
  (1) pair sw, perpetual
      attributes: full, newton on
      pair build: full/bin/atomonly
      stencil: full/bin/3d
      bin: standard
Per MPI rank memory allocation (min/avg/max) = 2.958 | 2.958 | 2.958 Mbytes
   Step          Temp          E_pair         E_mol          TotEng         Press     
WARNING: Too many warnings: 130 vs 100. All future warnings will be suppressed (src/thermo.cpp:478)
         0   0              73.582457      0              73.582457      1620821.2    
Loop time of 1.05e-06 on 1 procs for 0 steps with 8 atoms

0.0% CPU use with 1 MPI tasks x 1 OpenMP threads

MPI task timing breakdown:
Section |  min time  |  avg time  |  max time  |%varavg| %total
---------------------------------------------------------------
Pair    | 0          | 0          | 0          |   0.0 |  0.00
Neigh   | 0          | 0          | 0          |   0.0 |  0.00
Comm    | 0          | 0          | 0          |   0.0 |  0.00
Output  | 0          | 0          | 0          |   0.0 |  0.00
Modify  | 0          | 0          | 0          |   0.0 |  0.00
Other   |            | 1.05e-06   |            |       |100.00

Nlocal:              8 ave           8 max           8 min
Histogram: 1 0 0 0 0 0 0 0 0 0
Nghost:            217 ave         217 max         217 min
Histogram: 1 0 0 0 0 0 0 0 0 0
Neighs:              0 ave           0 max           0 min
Histogram: 1 0 0 0 0 0 0 0 0 0
FullNghs:          310 ave         310 max         310 min
Histogram: 1 0 0 0 0 0 0 0 0 0

Total # of neighbors = 310
Ave neighs/atom = 38.75
Neighbor list builds = 0
Dangerous builds = 0
next i
jump SELF loop_struct
clear
  using 1 OpenMP thread(s) per MPI task
log energies.log append
units metal
boundary p p p
atom_style atomic
read_data Si111_${i}.in
read_data Si111_131.in
Reading data file ...
  orthogonal box = (0 0 0) to (5.4437022 5.4437022 5.4437022)
  1 by 1 by 1 MPI processor grid
  reading atoms ...
  8 atoms
  reading velocities ...
  8 velocities
  read_data CPU = 0.000 seconds
mass 1 28.085
pair_style sw
pair_coeff * * Si.sw Si
Reading sw potential file Si.sw with DATE: 2007-06-11
run 0
Neighbor list info ...
  update: every = 1 steps, delay = 0 steps, check = yes
  max neighbors/atom: 2000, page size: 100000
  master list distance cutoff = 5.77118
  ghost atom cutoff = 5.77118
  binsize = 2.88559, bins = 2 2 2
  1 neighbor lists, perpetual/occasional/extra = 1 0 0
  (1) pair sw, perpetual
      attributes: full, newton on
      pair build: full/bin/atomonly
      stencil: full/bin/3d
      bin: standard
Per MPI rank memory allocation (min/avg/max) = 2.958 | 2.958 | 2.958 Mbytes
   Step          Temp          E_pair         E_mol          TotEng         Press     
WARNING: Too many warnings: 131 vs 100. All future warnings will be suppressed (src/thermo.cpp:478)
         0   0              68.057861      0              68.057861      1657879.6    
Loop time of 1.08e-06 on 1 procs for 0 steps with 8 atoms

0.0% CPU use with 1 MPI tasks x 1 OpenMP threads

MPI task timing breakdown:
Section |  min time  |  avg time  |  max time  |%varavg| %total
---------------------------------------------------------------
Pair    | 0          | 0          | 0          |   0.0 |  0.00
Neigh   | 0          | 0          | 0          |   0.0 |  0.00
Comm    | 0          | 0          | 0          |   0.0 |  0.00
Output  | 0          | 0          | 0          |   0.0 |  0.00
Modify  | 0          | 0          | 0          |   0.0 |  0.00
Other   |            | 1.08e-06   |            |       |100.00

Nlocal:              8 ave           8 max           8 min
Histogram: 1 0 0 0 0 0 0 0 0 0
Nghost:            226 ave         226 max         226 min
Histogram: 1 0 0 0 0 0 0 0 0 0
Neighs:              0 ave           0 max           0 min
Histogram: 1 0 0 0 0 0 0 0 0 0
FullNghs:          312 ave         312 max         312 min
Histogram: 1 0 0 0 0 0 0 0 0 0

Total # of neighbors = 312
Ave neighs/atom = 39
Neighbor list builds = 0
Dangerous builds = 0
next i
jump SELF loop_struct
clear
  using 1 OpenMP thread(s) per MPI task
log energies.log append
units metal
boundary p p p
atom_style atomic
read_data Si111_${i}.in
read_data Si111_132.in
Reading data file ...
  orthogonal box = (0 0 0) to (5.4437022 5.4437022 5.4437022)
  1 by 1 by 1 MPI processor grid
  reading atoms ...
  8 atoms
  reading velocities ...
  8 velocities
  read_data CPU = 0.000 seconds
mass 1 28.085
pair_style sw
pair_coeff * * Si.sw Si
Reading sw potential file Si.sw with DATE: 2007-06-11
run 0
Neighbor list info ...
  update: every = 1 steps, delay = 0 steps, check = yes
  max neighbors/atom: 2000, page size: 100000
  master list distance cutoff = 5.77118
  ghost atom cutoff = 5.77118
  binsize = 2.88559, bins = 2 2 2
  1 neighbor lists, perpetual/occasional/extra = 1 0 0
  (1) pair sw, perpetual
      attributes: full, newton on
      pair build: full/bin/atomonly
      stencil: full/bin/3d
      bin: standard
Per MPI rank memory allocation (min/avg/max) = 2.958 | 2.958 | 2.958 Mbytes
   Step          Temp          E_pair         E_mol          TotEng         Press     
WARNING: Too many warnings: 132 vs 100. All future warnings will be suppressed (src/thermo.cpp:478)
         0   0              46.114112      0              46.114112      1334718.8    
Loop time of 1.07e-06 on 1 procs for 0 steps with 8 atoms

0.0% CPU use with 1 MPI tasks x 1 OpenMP threads

MPI task timing breakdown:
Section |  min time  |  avg time  |  max time  |%varavg| %total
---------------------------------------------------------------
Pair    | 0          | 0          | 0          |   0.0 |  0.00
Neigh   | 0          | 0          | 0          |   0.0 |  0.00
Comm    | 0          | 0          | 0          |   0.0 |  0.00
Output  | 0          | 0          | 0          |   0.0 |  0.00
Modify  | 0          | 0          | 0          |   0.0 |  0.00
Other   |            | 1.07e-06   |            |       |100.00

Nlocal:              8 ave           8 max           8 min
Histogram: 1 0 0 0 0 0 0 0 0 0
Nghost:            226 ave         226 max         226 min
Histogram: 1 0 0 0 0 0 0 0 0 0
Neighs:              0 ave           0 max           0 min
Histogram: 1 0 0 0 0 0 0 0 0 0
FullNghs:          298 ave         298 max         298 min
Histogram: 1 0 0 0 0 0 0 0 0 0

Total # of neighbors = 298
Ave neighs/atom = 37.25
Neighbor list builds = 0
Dangerous builds = 0
next i
jump SELF loop_struct
clear
  using 1 OpenMP thread(s) per MPI task
log energies.log append
units metal
boundary p p p
atom_style atomic
read_data Si111_${i}.in
read_data Si111_133.in
Reading data file ...
  orthogonal box = (0 0 0) to (5.4437022 5.4437022 5.4437022)
  1 by 1 by 1 MPI processor grid
  reading atoms ...
  8 atoms
  reading velocities ...
  8 velocities
  read_data CPU = 0.000 seconds
mass 1 28.085
pair_style sw
pair_coeff * * Si.sw Si
Reading sw potential file Si.sw with DATE: 2007-06-11
run 0
Neighbor list info ...
  update: every = 1 steps, delay = 0 steps, check = yes
  max neighbors/atom: 2000, page size: 100000
  master list distance cutoff = 5.77118
  ghost atom cutoff = 5.77118
  binsize = 2.88559, bins = 2 2 2
  1 neighbor lists, perpetual/occasional/extra = 1 0 0
  (1) pair sw, perpetual
      attributes: full, newton on
      pair build: full/bin/atomonly
      stencil: full/bin/3d
      bin: standard
Per MPI rank memory allocation (min/avg/max) = 2.958 | 2.958 | 2.958 Mbytes
   Step          Temp          E_pair         E_mol          TotEng         Press     
WARNING: Too many warnings: 133 vs 100. All future warnings will be suppressed (src/thermo.cpp:478)
         0   0              1.916287       0              1.916287       618404.74    
Loop time of 1.09e-06 on 1 procs for 0 steps with 8 atoms

0.0% CPU use with 1 MPI tasks x 1 OpenMP threads

MPI task timing breakdown:
Section |  min time  |  avg time  |  max time  |%varavg| %total
---------------------------------------------------------------
Pair    | 0          | 0          | 0          |   0.0 |  0.00
Neigh   | 0          | 0          | 0          |   0.0 |  0.00
Comm    | 0          | 0          | 0          |   0.0 |  0.00
Output  | 0          | 0          | 0          |   0.0 |  0.00
Modify  | 0          | 0          | 0          |   0.0 |  0.00
Other   |            | 1.09e-06   |            |       |100.00

Nlocal:              8 ave           8 max           8 min
Histogram: 1 0 0 0 0 0 0 0 0 0
Nghost:            208 ave         208 max         208 min
Histogram: 1 0 0 0 0 0 0 0 0 0
Neighs:              0 ave           0 max           0 min
Histogram: 1 0 0 0 0 0 0 0 0 0
FullNghs:          310 ave         310 max         310 min
Histogram: 1 0 0 0 0 0 0 0 0 0

Total # of neighbors = 310
Ave neighs/atom = 38.75
Neighbor list builds = 0
Dangerous builds = 0
next i
jump SELF loop_struct
clear
  using 1 OpenMP thread(s) per MPI task
log energies.log append
units metal
boundary p p p
atom_style atomic
read_data Si111_${i}.in
read_data Si111_134.in
Reading data file ...
  orthogonal box = (0 0 0) to (5.4437022 5.4437022 5.4437022)
  1 by 1 by 1 MPI processor grid
  reading atoms ...
  8 atoms
  reading velocities ...
  8 velocities
  read_data CPU = 0.000 seconds
mass 1 28.085
pair_style sw
pair_coeff * * Si.sw Si
Reading sw potential file Si.sw with DATE: 2007-06-11
run 0
Neighbor list info ...
  update: every = 1 steps, delay = 0 steps, check = yes
  max neighbors/atom: 2000, page size: 100000
  master list distance cutoff = 5.77118
  ghost atom cutoff = 5.77118
  binsize = 2.88559, bins = 2 2 2
  1 neighbor lists, perpetual/occasional/extra = 1 0 0
  (1) pair sw, perpetual
      attributes: full, newton on
      pair build: full/bin/atomonly
      stencil: full/bin/3d
      bin: standard
Per MPI rank memory allocation (min/avg/max) = 2.958 | 2.958 | 2.958 Mbytes
   Step          Temp          E_pair         E_mol          TotEng         Press     
WARNING: Too many warnings: 134 vs 100. All future warnings will be suppressed (src/thermo.cpp:478)
         0   0              121.87056      0              121.87056      2324178.5    
Loop time of 1.06e-06 on 1 procs for 0 steps with 8 atoms

0.0% CPU use with 1 MPI tasks x 1 OpenMP threads

MPI task timing breakdown:
Section |  min time  |  avg time  |  max time  |%varavg| %total
---------------------------------------------------------------
Pair    | 0          | 0          | 0          |   0.0 |  0.00
Neigh   | 0          | 0          | 0          |   0.0 |  0.00
Comm    | 0          | 0          | 0          |   0.0 |  0.00
Output  | 0          | 0          | 0          |   0.0 |  0.00
Modify  | 0          | 0          | 0          |   0.0 |  0.00
Other   |            | 1.06e-06   |            |       |100.00

Nlocal:              8 ave           8 max           8 min
Histogram: 1 0 0 0 0 0 0 0 0 0
Nghost:            217 ave         217 max         217 min
Histogram: 1 0 0 0 0 0 0 0 0 0
Neighs:              0 ave           0 max           0 min
Histogram: 1 0 0 0 0 0 0 0 0 0
FullNghs:          308 ave         308 max         308 min
Histogram: 1 0 0 0 0 0 0 0 0 0

Total # of neighbors = 308
Ave neighs/atom = 38.5
Neighbor list builds = 0
Dangerous builds = 0
next i
jump SELF loop_struct
clear
  using 1 OpenMP thread(s) per MPI task
log energies.log append
units metal
boundary p p p
atom_style atomic
read_data Si111_${i}.in
read_data Si111_135.in
Reading data file ...
  orthogonal box = (0 0 0) to (5.4437022 5.4437022 5.4437022)
  1 by 1 by 1 MPI processor grid
  reading atoms ...
  8 atoms
  reading velocities ...
  8 velocities
  read_data CPU = 0.000 seconds
mass 1 28.085
pair_style sw
pair_coeff * * Si.sw Si
Reading sw potential file Si.sw with DATE: 2007-06-11
run 0
Neighbor list info ...
  update: every = 1 steps, delay = 0 steps, check = yes
  max neighbors/atom: 2000, page size: 100000
  master list distance cutoff = 5.77118
  ghost atom cutoff = 5.77118
  binsize = 2.88559, bins = 2 2 2
  1 neighbor lists, perpetual/occasional/extra = 1 0 0
  (1) pair sw, perpetual
      attributes: full, newton on
      pair build: full/bin/atomonly
      stencil: full/bin/3d
      bin: standard
Per MPI rank memory allocation (min/avg/max) = 2.958 | 2.958 | 2.958 Mbytes
   Step          Temp          E_pair         E_mol          TotEng         Press     
WARNING: Too many warnings: 135 vs 100. All future warnings will be suppressed (src/thermo.cpp:478)
         0   0              101.57082      0              101.57082      2175556.9    
Loop time of 1.08e-06 on 1 procs for 0 steps with 8 atoms

0.0% CPU use with 1 MPI tasks x 1 OpenMP threads

MPI task timing breakdown:
Section |  min time  |  avg time  |  max time  |%varavg| %total
---------------------------------------------------------------
Pair    | 0          | 0          | 0          |   0.0 |  0.00
Neigh   | 0          | 0          | 0          |   0.0 |  0.00
Comm    | 0          | 0          | 0          |   0.0 |  0.00
Output  | 0          | 0          | 0          |   0.0 |  0.00
Modify  | 0          | 0          | 0          |   0.0 |  0.00
Other   |            | 1.08e-06   |            |       |100.00

Nlocal:              8 ave           8 max           8 min
Histogram: 1 0 0 0 0 0 0 0 0 0
Nghost:            217 ave         217 max         217 min
Histogram: 1 0 0 0 0 0 0 0 0 0
Neighs:              0 ave           0 max           0 min
Histogram: 1 0 0 0 0 0 0 0 0 0
FullNghs:          314 ave         314 max         314 min
Histogram: 1 0 0 0 0 0 0 0 0 0

Total # of neighbors = 314
Ave neighs/atom = 39.25
Neighbor list builds = 0
Dangerous builds = 0
next i
jump SELF loop_struct
clear
  using 1 OpenMP thread(s) per MPI task
log energies.log append
units metal
boundary p p p
atom_style atomic
read_data Si111_${i}.in
read_data Si111_136.in
Reading data file ...
  orthogonal box = (0 0 0) to (5.4437022 5.4437022 5.4437022)
  1 by 1 by 1 MPI processor grid
  reading atoms ...
  8 atoms
  reading velocities ...
  8 velocities
  read_data CPU = 0.000 seconds
mass 1 28.085
pair_style sw
pair_coeff * * Si.sw Si
Reading sw potential file Si.sw with DATE: 2007-06-11
run 0
Neighbor list info ...
  update: every = 1 steps, delay = 0 steps, check = yes
  max neighbors/atom: 2000, page size: 100000
  master list distance cutoff = 5.77118
  ghost atom cutoff = 5.77118
  binsize = 2.88559, bins = 2 2 2
  1 neighbor lists, perpetual/occasional/extra = 1 0 0
  (1) pair sw, perpetual
      attributes: full, newton on
      pair build: full/bin/atomonly
      stencil: full/bin/3d
      bin: standard
Per MPI rank memory allocation (min/avg/max) = 2.958 | 2.958 | 2.958 Mbytes
   Step          Temp          E_pair         E_mol          TotEng         Press     
WARNING: Too many warnings: 136 vs 100. All future warnings will be suppressed (src/thermo.cpp:478)
         0   0              1.0045979      0              1.0045979      583676.88    
Loop time of 1.04e-06 on 1 procs for 0 steps with 8 atoms

96.2% CPU use with 1 MPI tasks x 1 OpenMP threads

MPI task timing breakdown:
Section |  min time  |  avg time  |  max time  |%varavg| %total
---------------------------------------------------------------
Pair    | 0          | 0          | 0          |   0.0 |  0.00
Neigh   | 0          | 0          | 0          |   0.0 |  0.00
Comm    | 0          | 0          | 0          |   0.0 |  0.00
Output  | 0          | 0          | 0          |   0.0 |  0.00
Modify  | 0          | 0          | 0          |   0.0 |  0.00
Other   |            | 1.04e-06   |            |       |100.00

Nlocal:              8 ave           8 max           8 min
Histogram: 1 0 0 0 0 0 0 0 0 0
Nghost:            217 ave         217 max         217 min
Histogram: 1 0 0 0 0 0 0 0 0 0
Neighs:              0 ave           0 max           0 min
Histogram: 1 0 0 0 0 0 0 0 0 0
FullNghs:          308 ave         308 max         308 min
Histogram: 1 0 0 0 0 0 0 0 0 0

Total # of neighbors = 308
Ave neighs/atom = 38.5
Neighbor list builds = 0
Dangerous builds = 0
next i
jump SELF loop_struct
clear
  using 1 OpenMP thread(s) per MPI task
log energies.log append
units metal
boundary p p p
atom_style atomic
read_data Si111_${i}.in
read_data Si111_137.in
Reading data file ...
  orthogonal box = (0 0 0) to (5.4437022 5.4437022 5.4437022)
  1 by 1 by 1 MPI processor grid
  reading atoms ...
  8 atoms
  reading velocities ...
  8 velocities
  read_data CPU = 0.000 seconds
mass 1 28.085
pair_style sw
pair_coeff * * Si.sw Si
Reading sw potential file Si.sw with DATE: 2007-06-11
run 0
Neighbor list info ...
  update: every = 1 steps, delay = 0 steps, check = yes
  max neighbors/atom: 2000, page size: 100000
  master list distance cutoff = 5.77118
  ghost atom cutoff = 5.77118
  binsize = 2.88559, bins = 2 2 2
  1 neighbor lists, perpetual/occasional/extra = 1 0 0
  (1) pair sw, perpetual
      attributes: full, newton on
      pair build: full/bin/atomonly
      stencil: full/bin/3d
      bin: standard
Per MPI rank memory allocation (min/avg/max) = 2.958 | 2.958 | 2.958 Mbytes
   Step          Temp          E_pair         E_mol          TotEng         Press     
WARNING: Too many warnings: 137 vs 100. All future warnings will be suppressed (src/thermo.cpp:478)
         0   0              29.253795      0              29.253795      1084629.9    
Loop time of 1.09e-06 on 1 procs for 0 steps with 8 atoms

91.7% CPU use with 1 MPI tasks x 1 OpenMP threads

MPI task timing breakdown:
Section |  min time  |  avg time  |  max time  |%varavg| %total
---------------------------------------------------------------
Pair    | 0          | 0          | 0          |   0.0 |  0.00
Neigh   | 0          | 0          | 0          |   0.0 |  0.00
Comm    | 0          | 0          | 0          |   0.0 |  0.00
Output  | 0          | 0          | 0          |   0.0 |  0.00
Modify  | 0          | 0          | 0          |   0.0 |  0.00
Other   |            | 1.09e-06   |            |       |100.00

Nlocal:              8 ave           8 max           8 min
Histogram: 1 0 0 0 0 0 0 0 0 0
Nghost:            208 ave         208 max         208 min
Histogram: 1 0 0 0 0 0 0 0 0 0
Neighs:              0 ave           0 max           0 min
Histogram: 1 0 0 0 0 0 0 0 0 0
FullNghs:          316 ave         316 max         316 min
Histogram: 1 0 0 0 0 0 0 0 0 0

Total # of neighbors = 316
Ave neighs/atom = 39.5
Neighbor list builds = 0
Dangerous builds = 0
next i
jump SELF loop_struct
clear
  using 1 OpenMP thread(s) per MPI task
log energies.log append
units metal
boundary p p p
atom_style atomic
read_data Si111_${i}.in
read_data Si111_138.in
Reading data file ...
  orthogonal box = (0 0 0) to (5.4437022 5.4437022 5.4437022)
  1 by 1 by 1 MPI processor grid
  reading atoms ...
  8 atoms
  reading velocities ...
  8 velocities
  read_data CPU = 0.000 seconds
mass 1 28.085
pair_style sw
pair_coeff * * Si.sw Si
Reading sw potential file Si.sw with DATE: 2007-06-11
run 0
Neighbor list info ...
  update: every = 1 steps, delay = 0 steps, check = yes
  max neighbors/atom: 2000, page size: 100000
  master list distance cutoff = 5.77118
  ghost atom cutoff = 5.77118
  binsize = 2.88559, bins = 2 2 2
  1 neighbor lists, perpetual/occasional/extra = 1 0 0
  (1) pair sw, perpetual
      attributes: full, newton on
      pair build: full/bin/atomonly
      stencil: full/bin/3d
      bin: standard
Per MPI rank memory allocation (min/avg/max) = 2.958 | 2.958 | 2.958 Mbytes
   Step          Temp          E_pair         E_mol          TotEng         Press     
WARNING: Too many warnings: 138 vs 100. All future warnings will be suppressed (src/thermo.cpp:478)
         0   0              742.51999      0              742.51999      11061569     
Loop time of 1.06e-06 on 1 procs for 0 steps with 8 atoms

0.0% CPU use with 1 MPI tasks x 1 OpenMP threads

MPI task timing breakdown:
Section |  min time  |  avg time  |  max time  |%varavg| %total
---------------------------------------------------------------
Pair    | 0          | 0          | 0          |   0.0 |  0.00
Neigh   | 0          | 0          | 0          |   0.0 |  0.00
Comm    | 0          | 0          | 0          |   0.0 |  0.00
Output  | 0          | 0          | 0          |   0.0 |  0.00
Modify  | 0          | 0          | 0          |   0.0 |  0.00
Other   |            | 1.06e-06   |            |       |100.00

Nlocal:              8 ave           8 max           8 min
Histogram: 1 0 0 0 0 0 0 0 0 0
Nghost:            217 ave         217 max         217 min
Histogram: 1 0 0 0 0 0 0 0 0 0
Neighs:              0 ave           0 max           0 min
Histogram: 1 0 0 0 0 0 0 0 0 0
FullNghs:          306 ave         306 max         306 min
Histogram: 1 0 0 0 0 0 0 0 0 0

Total # of neighbors = 306
Ave neighs/atom = 38.25
Neighbor list builds = 0
Dangerous builds = 0
next i
jump SELF loop_struct
clear
  using 1 OpenMP thread(s) per MPI task
log energies.log append
units metal
boundary p p p
atom_style atomic
read_data Si111_${i}.in
read_data Si111_139.in
Reading data file ...
  orthogonal box = (0 0 0) to (5.4437022 5.4437022 5.4437022)
  1 by 1 by 1 MPI processor grid
  reading atoms ...
  8 atoms
  reading velocities ...
  8 velocities
  read_data CPU = 0.000 seconds
mass 1 28.085
pair_style sw
pair_coeff * * Si.sw Si
Reading sw potential file Si.sw with DATE: 2007-06-11
run 0
Neighbor list info ...
  update: every = 1 steps, delay = 0 steps, check = yes
  max neighbors/atom: 2000, page size: 100000
  master list distance cutoff = 5.77118
  ghost atom cutoff = 5.77118
  binsize = 2.88559, bins = 2 2 2
  1 neighbor lists, perpetual/occasional/extra = 1 0 0
  (1) pair sw, perpetual
      attributes: full, newton on
      pair build: full/bin/atomonly
      stencil: full/bin/3d
      bin: standard
Per MPI rank memory allocation (min/avg/max) = 2.958 | 2.958 | 2.958 Mbytes
   Step          Temp          E_pair         E_mol          TotEng         Press     
WARNING: Too many warnings: 139 vs 100. All future warnings will be suppressed (src/thermo.cpp:478)
         0   0              3581.675       0              3581.675       49226518     
Loop time of 1.08e-06 on 1 procs for 0 steps with 8 atoms

0.0% CPU use with 1 MPI tasks x 1 OpenMP threads

MPI task timing breakdown:
Section |  min time  |  avg time  |  max time  |%varavg| %total
---------------------------------------------------------------
Pair    | 0          | 0          | 0          |   0.0 |  0.00
Neigh   | 0          | 0          | 0          |   0.0 |  0.00
Comm    | 0          | 0          | 0          |   0.0 |  0.00
Output  | 0          | 0          | 0          |   0.0 |  0.00
Modify  | 0          | 0          | 0          |   0.0 |  0.00
Other   |            | 1.08e-06   |            |       |100.00

Nlocal:              8 ave           8 max           8 min
Histogram: 1 0 0 0 0 0 0 0 0 0
Nghost:            217 ave         217 max         217 min
Histogram: 1 0 0 0 0 0 0 0 0 0
Neighs:              0 ave           0 max           0 min
Histogram: 1 0 0 0 0 0 0 0 0 0
FullNghs:          314 ave         314 max         314 min
Histogram: 1 0 0 0 0 0 0 0 0 0

Total # of neighbors = 314
Ave neighs/atom = 39.25
Neighbor list builds = 0
Dangerous builds = 0
next i
jump SELF loop_struct
clear
  using 1 OpenMP thread(s) per MPI task
log energies.log append
units metal
boundary p p p
atom_style atomic
read_data Si111_${i}.in
read_data Si111_140.in
Reading data file ...
  orthogonal box = (0 0 0) to (5.4437022 5.4437022 5.4437022)
  1 by 1 by 1 MPI processor grid
  reading atoms ...
  8 atoms
  reading velocities ...
  8 velocities
  read_data CPU = 0.000 seconds
mass 1 28.085
pair_style sw
pair_coeff * * Si.sw Si
Reading sw potential file Si.sw with DATE: 2007-06-11
run 0
Neighbor list info ...
  update: every = 1 steps, delay = 0 steps, check = yes
  max neighbors/atom: 2000, page size: 100000
  master list distance cutoff = 5.77118
  ghost atom cutoff = 5.77118
  binsize = 2.88559, bins = 2 2 2
  1 neighbor lists, perpetual/occasional/extra = 1 0 0
  (1) pair sw, perpetual
      attributes: full, newton on
      pair build: full/bin/atomonly
      stencil: full/bin/3d
      bin: standard
Per MPI rank memory allocation (min/avg/max) = 2.958 | 2.958 | 2.958 Mbytes
   Step          Temp          E_pair         E_mol          TotEng         Press     
WARNING: Too many warnings: 140 vs 100. All future warnings will be suppressed (src/thermo.cpp:478)
         0   0              87.654428      0              87.654428      1768193.7    
Loop time of 1.27e-06 on 1 procs for 0 steps with 8 atoms

0.0% CPU use with 1 MPI tasks x 1 OpenMP threads

MPI task timing breakdown:
Section |  min time  |  avg time  |  max time  |%varavg| %total
---------------------------------------------------------------
Pair    | 0          | 0          | 0          |   0.0 |  0.00
Neigh   | 0          | 0          | 0          |   0.0 |  0.00
Comm    | 0          | 0          | 0          |   0.0 |  0.00
Output  | 0          | 0          | 0          |   0.0 |  0.00
Modify  | 0          | 0          | 0          |   0.0 |  0.00
Other   |            | 1.27e-06   |            |       |100.00

Nlocal:              8 ave           8 max           8 min
Histogram: 1 0 0 0 0 0 0 0 0 0
Nghost:            217 ave         217 max         217 min
Histogram: 1 0 0 0 0 0 0 0 0 0
Neighs:              0 ave           0 max           0 min
Histogram: 1 0 0 0 0 0 0 0 0 0
FullNghs:          316 ave         316 max         316 min
Histogram: 1 0 0 0 0 0 0 0 0 0

Total # of neighbors = 316
Ave neighs/atom = 39.5
Neighbor list builds = 0
Dangerous builds = 0
next i
jump SELF loop_struct
clear
  using 1 OpenMP thread(s) per MPI task
log energies.log append
units metal
boundary p p p
atom_style atomic
read_data Si111_${i}.in
read_data Si111_141.in
Reading data file ...
  orthogonal box = (0 0 0) to (5.4437022 5.4437022 5.4437022)
  1 by 1 by 1 MPI processor grid
  reading atoms ...
  8 atoms
  reading velocities ...
  8 velocities
  read_data CPU = 0.000 seconds
mass 1 28.085
pair_style sw
pair_coeff * * Si.sw Si
Reading sw potential file Si.sw with DATE: 2007-06-11
run 0
Neighbor list info ...
  update: every = 1 steps, delay = 0 steps, check = yes
  max neighbors/atom: 2000, page size: 100000
  master list distance cutoff = 5.77118
  ghost atom cutoff = 5.77118
  binsize = 2.88559, bins = 2 2 2
  1 neighbor lists, perpetual/occasional/extra = 1 0 0
  (1) pair sw, perpetual
      attributes: full, newton on
      pair build: full/bin/atomonly
      stencil: full/bin/3d
      bin: standard
Per MPI rank memory allocation (min/avg/max) = 2.958 | 2.958 | 2.958 Mbytes
   Step          Temp          E_pair         E_mol          TotEng         Press     
WARNING: Too many warnings: 141 vs 100. All future warnings will be suppressed (src/thermo.cpp:478)
         0   0              17.059022      0              17.059022      923010.46    
Loop time of 1.05e-06 on 1 procs for 0 steps with 8 atoms

0.0% CPU use with 1 MPI tasks x 1 OpenMP threads

MPI task timing breakdown:
Section |  min time  |  avg time  |  max time  |%varavg| %total
---------------------------------------------------------------
Pair    | 0          | 0          | 0          |   0.0 |  0.00
Neigh   | 0          | 0          | 0          |   0.0 |  0.00
Comm    | 0          | 0          | 0          |   0.0 |  0.00
Output  | 0          | 0          | 0          |   0.0 |  0.00
Modify  | 0          | 0          | 0          |   0.0 |  0.00
Other   |            | 1.05e-06   |            |       |100.00

Nlocal:              8 ave           8 max           8 min
Histogram: 1 0 0 0 0 0 0 0 0 0
Nghost:            217 ave         217 max         217 min
Histogram: 1 0 0 0 0 0 0 0 0 0
Neighs:              0 ave           0 max           0 min
Histogram: 1 0 0 0 0 0 0 0 0 0
FullNghs:          316 ave         316 max         316 min
Histogram: 1 0 0 0 0 0 0 0 0 0

Total # of neighbors = 316
Ave neighs/atom = 39.5
Neighbor list builds = 0
Dangerous builds = 0
next i
jump SELF loop_struct
clear
  using 1 OpenMP thread(s) per MPI task
log energies.log append
units metal
boundary p p p
atom_style atomic
read_data Si111_${i}.in
read_data Si111_142.in
Reading data file ...
  orthogonal box = (0 0 0) to (5.4437022 5.4437022 5.4437022)
  1 by 1 by 1 MPI processor grid
  reading atoms ...
  8 atoms
  reading velocities ...
  8 velocities
  read_data CPU = 0.000 seconds
mass 1 28.085
pair_style sw
pair_coeff * * Si.sw Si
Reading sw potential file Si.sw with DATE: 2007-06-11
run 0
Neighbor list info ...
  update: every = 1 steps, delay = 0 steps, check = yes
  max neighbors/atom: 2000, page size: 100000
  master list distance cutoff = 5.77118
  ghost atom cutoff = 5.77118
  binsize = 2.88559, bins = 2 2 2
  1 neighbor lists, perpetual/occasional/extra = 1 0 0
  (1) pair sw, perpetual
      attributes: full, newton on
      pair build: full/bin/atomonly
      stencil: full/bin/3d
      bin: standard
Per MPI rank memory allocation (min/avg/max) = 2.958 | 2.958 | 2.958 Mbytes
   Step          Temp          E_pair         E_mol          TotEng         Press     
WARNING: Too many warnings: 142 vs 100. All future warnings will be suppressed (src/thermo.cpp:478)
         0   0             -3.6285509      0             -3.6285509      612580.2     
Loop time of 1.07e-06 on 1 procs for 0 steps with 8 atoms

0.0% CPU use with 1 MPI tasks x 1 OpenMP threads

MPI task timing breakdown:
Section |  min time  |  avg time  |  max time  |%varavg| %total
---------------------------------------------------------------
Pair    | 0          | 0          | 0          |   0.0 |  0.00
Neigh   | 0          | 0          | 0          |   0.0 |  0.00
Comm    | 0          | 0          | 0          |   0.0 |  0.00
Output  | 0          | 0          | 0          |   0.0 |  0.00
Modify  | 0          | 0          | 0          |   0.0 |  0.00
Other   |            | 1.07e-06   |            |       |100.00

Nlocal:              8 ave           8 max           8 min
Histogram: 1 0 0 0 0 0 0 0 0 0
Nghost:            235 ave         235 max         235 min
Histogram: 1 0 0 0 0 0 0 0 0 0
Neighs:              0 ave           0 max           0 min
Histogram: 1 0 0 0 0 0 0 0 0 0
FullNghs:          300 ave         300 max         300 min
Histogram: 1 0 0 0 0 0 0 0 0 0

Total # of neighbors = 300
Ave neighs/atom = 37.5
Neighbor list builds = 0
Dangerous builds = 0
next i
jump SELF loop_struct
clear
  using 1 OpenMP thread(s) per MPI task
log energies.log append
units metal
boundary p p p
atom_style atomic
read_data Si111_${i}.in
read_data Si111_143.in
Reading data file ...
  orthogonal box = (0 0 0) to (5.4437022 5.4437022 5.4437022)
  1 by 1 by 1 MPI processor grid
  reading atoms ...
  8 atoms
  reading velocities ...
  8 velocities
  read_data CPU = 0.001 seconds
mass 1 28.085
pair_style sw
pair_coeff * * Si.sw Si
Reading sw potential file Si.sw with DATE: 2007-06-11
run 0
Neighbor list info ...
  update: every = 1 steps, delay = 0 steps, check = yes
  max neighbors/atom: 2000, page size: 100000
  master list distance cutoff = 5.77118
  ghost atom cutoff = 5.77118
  binsize = 2.88559, bins = 2 2 2
  1 neighbor lists, perpetual/occasional/extra = 1 0 0
  (1) pair sw, perpetual
      attributes: full, newton on
      pair build: full/bin/atomonly
      stencil: full/bin/3d
      bin: standard
Per MPI rank memory allocation (min/avg/max) = 2.958 | 2.958 | 2.958 Mbytes
   Step          Temp          E_pair         E_mol          TotEng         Press     
WARNING: Too many warnings: 143 vs 100. All future warnings will be suppressed (src/thermo.cpp:478)
         0   0              442.78247      0              442.78247      6593921      
Loop time of 1.12e-06 on 1 procs for 0 steps with 8 atoms

89.3% CPU use with 1 MPI tasks x 1 OpenMP threads

MPI task timing breakdown:
Section |  min time  |  avg time  |  max time  |%varavg| %total
---------------------------------------------------------------
Pair    | 0          | 0          | 0          |   0.0 |  0.00
Neigh   | 0          | 0          | 0          |   0.0 |  0.00
Comm    | 0          | 0          | 0          |   0.0 |  0.00
Output  | 0          | 0          | 0          |   0.0 |  0.00
Modify  | 0          | 0          | 0          |   0.0 |  0.00
Other   |            | 1.12e-06   |            |       |100.00

Nlocal:              8 ave           8 max           8 min
Histogram: 1 0 0 0 0 0 0 0 0 0
Nghost:            226 ave         226 max         226 min
Histogram: 1 0 0 0 0 0 0 0 0 0
Neighs:              0 ave           0 max           0 min
Histogram: 1 0 0 0 0 0 0 0 0 0
FullNghs:          308 ave         308 max         308 min
Histogram: 1 0 0 0 0 0 0 0 0 0

Total # of neighbors = 308
Ave neighs/atom = 38.5
Neighbor list builds = 0
Dangerous builds = 0
next i
jump SELF loop_struct
clear
  using 1 OpenMP thread(s) per MPI task
log energies.log append
units metal
boundary p p p
atom_style atomic
read_data Si111_${i}.in
read_data Si111_144.in
Reading data file ...
  orthogonal box = (0 0 0) to (5.4437022 5.4437022 5.4437022)
  1 by 1 by 1 MPI processor grid
  reading atoms ...
  8 atoms
  reading velocities ...
  8 velocities
  read_data CPU = 0.000 seconds
mass 1 28.085
pair_style sw
pair_coeff * * Si.sw Si
Reading sw potential file Si.sw with DATE: 2007-06-11
run 0
Neighbor list info ...
  update: every = 1 steps, delay = 0 steps, check = yes
  max neighbors/atom: 2000, page size: 100000
  master list distance cutoff = 5.77118
  ghost atom cutoff = 5.77118
  binsize = 2.88559, bins = 2 2 2
  1 neighbor lists, perpetual/occasional/extra = 1 0 0
  (1) pair sw, perpetual
      attributes: full, newton on
      pair build: full/bin/atomonly
      stencil: full/bin/3d
      bin: standard
Per MPI rank memory allocation (min/avg/max) = 2.958 | 2.958 | 2.958 Mbytes
   Step          Temp          E_pair         E_mol          TotEng         Press     
WARNING: Too many warnings: 144 vs 100. All future warnings will be suppressed (src/thermo.cpp:478)
         0   0              317.07625      0              317.07625      4983557.1    
Loop time of 1.06e-06 on 1 procs for 0 steps with 8 atoms

0.0% CPU use with 1 MPI tasks x 1 OpenMP threads

MPI task timing breakdown:
Section |  min time  |  avg time  |  max time  |%varavg| %total
---------------------------------------------------------------
Pair    | 0          | 0          | 0          |   0.0 |  0.00
Neigh   | 0          | 0          | 0          |   0.0 |  0.00
Comm    | 0          | 0          | 0          |   0.0 |  0.00
Output  | 0          | 0          | 0          |   0.0 |  0.00
Modify  | 0          | 0          | 0          |   0.0 |  0.00
Other   |            | 1.06e-06   |            |       |100.00

Nlocal:              8 ave           8 max           8 min
Histogram: 1 0 0 0 0 0 0 0 0 0
Nghost:            217 ave         217 max         217 min
Histogram: 1 0 0 0 0 0 0 0 0 0
Neighs:              0 ave           0 max           0 min
Histogram: 1 0 0 0 0 0 0 0 0 0
FullNghs:          310 ave         310 max         310 min
Histogram: 1 0 0 0 0 0 0 0 0 0

Total # of neighbors = 310
Ave neighs/atom = 38.75
Neighbor list builds = 0
Dangerous builds = 0
next i
jump SELF loop_struct
clear
  using 1 OpenMP thread(s) per MPI task
log energies.log append
units metal
boundary p p p
atom_style atomic
read_data Si111_${i}.in
read_data Si111_145.in
Reading data file ...
  orthogonal box = (0 0 0) to (5.4437022 5.4437022 5.4437022)
  1 by 1 by 1 MPI processor grid
  reading atoms ...
  8 atoms
  reading velocities ...
  8 velocities
  read_data CPU = 0.001 seconds
mass 1 28.085
pair_style sw
pair_coeff * * Si.sw Si
Reading sw potential file Si.sw with DATE: 2007-06-11
run 0
Neighbor list info ...
  update: every = 1 steps, delay = 0 steps, check = yes
  max neighbors/atom: 2000, page size: 100000
  master list distance cutoff = 5.77118
  ghost atom cutoff = 5.77118
  binsize = 2.88559, bins = 2 2 2
  1 neighbor lists, perpetual/occasional/extra = 1 0 0
  (1) pair sw, perpetual
      attributes: full, newton on
      pair build: full/bin/atomonly
      stencil: full/bin/3d
      bin: standard
Per MPI rank memory allocation (min/avg/max) = 2.958 | 2.958 | 2.958 Mbytes
   Step          Temp          E_pair         E_mol          TotEng         Press     
WARNING: Too many warnings: 145 vs 100. All future warnings will be suppressed (src/thermo.cpp:478)
         0   0              372.8779       0              372.8779       5926838.7    
Loop time of 1.07e-06 on 1 procs for 0 steps with 8 atoms

0.0% CPU use with 1 MPI tasks x 1 OpenMP threads

MPI task timing breakdown:
Section |  min time  |  avg time  |  max time  |%varavg| %total
---------------------------------------------------------------
Pair    | 0          | 0          | 0          |   0.0 |  0.00
Neigh   | 0          | 0          | 0          |   0.0 |  0.00
Comm    | 0          | 0          | 0          |   0.0 |  0.00
Output  | 0          | 0          | 0          |   0.0 |  0.00
Modify  | 0          | 0          | 0          |   0.0 |  0.00
Other   |            | 1.07e-06   |            |       |100.00

Nlocal:              8 ave           8 max           8 min
Histogram: 1 0 0 0 0 0 0 0 0 0
Nghost:            217 ave         217 max         217 min
Histogram: 1 0 0 0 0 0 0 0 0 0
Neighs:              0 ave           0 max           0 min
Histogram: 1 0 0 0 0 0 0 0 0 0
FullNghs:          302 ave         302 max         302 min
Histogram: 1 0 0 0 0 0 0 0 0 0

Total # of neighbors = 302
Ave neighs/atom = 37.75
Neighbor list builds = 0
Dangerous builds = 0
next i
jump SELF loop_struct
clear
  using 1 OpenMP thread(s) per MPI task
log energies.log append
units metal
boundary p p p
atom_style atomic
read_data Si111_${i}.in
read_data Si111_146.in
Reading data file ...
  orthogonal box = (0 0 0) to (5.4437022 5.4437022 5.4437022)
  1 by 1 by 1 MPI processor grid
  reading atoms ...
  8 atoms
  reading velocities ...
  8 velocities
  read_data CPU = 0.000 seconds
mass 1 28.085
pair_style sw
pair_coeff * * Si.sw Si
Reading sw potential file Si.sw with DATE: 2007-06-11
run 0
Neighbor list info ...
  update: every = 1 steps, delay = 0 steps, check = yes
  max neighbors/atom: 2000, page size: 100000
  master list distance cutoff = 5.77118
  ghost atom cutoff = 5.77118
  binsize = 2.88559, bins = 2 2 2
  1 neighbor lists, perpetual/occasional/extra = 1 0 0
  (1) pair sw, perpetual
      attributes: full, newton on
      pair build: full/bin/atomonly
      stencil: full/bin/3d
      bin: standard
Per MPI rank memory allocation (min/avg/max) = 2.958 | 2.958 | 2.958 Mbytes
   Step          Temp          E_pair         E_mol          TotEng         Press     
WARNING: Too many warnings: 146 vs 100. All future warnings will be suppressed (src/thermo.cpp:478)
         0   0              7.9598535      0              7.9598535      848985.73    
Loop time of 1.09e-06 on 1 procs for 0 steps with 8 atoms

91.7% CPU use with 1 MPI tasks x 1 OpenMP threads

MPI task timing breakdown:
Section |  min time  |  avg time  |  max time  |%varavg| %total
---------------------------------------------------------------
Pair    | 0          | 0          | 0          |   0.0 |  0.00
Neigh   | 0          | 0          | 0          |   0.0 |  0.00
Comm    | 0          | 0          | 0          |   0.0 |  0.00
Output  | 0          | 0          | 0          |   0.0 |  0.00
Modify  | 0          | 0          | 0          |   0.0 |  0.00
Other   |            | 1.09e-06   |            |       |100.00

Nlocal:              8 ave           8 max           8 min
Histogram: 1 0 0 0 0 0 0 0 0 0
Nghost:            229 ave         229 max         229 min
Histogram: 1 0 0 0 0 0 0 0 0 0
Neighs:              0 ave           0 max           0 min
Histogram: 1 0 0 0 0 0 0 0 0 0
FullNghs:          316 ave         316 max         316 min
Histogram: 1 0 0 0 0 0 0 0 0 0

Total # of neighbors = 316
Ave neighs/atom = 39.5
Neighbor list builds = 0
Dangerous builds = 0
next i
jump SELF loop_struct
clear
  using 1 OpenMP thread(s) per MPI task
log energies.log append
units metal
boundary p p p
atom_style atomic
read_data Si111_${i}.in
read_data Si111_147.in
Reading data file ...
  orthogonal box = (0 0 0) to (5.4437022 5.4437022 5.4437022)
  1 by 1 by 1 MPI processor grid
  reading atoms ...
  8 atoms
  reading velocities ...
  8 velocities
  read_data CPU = 0.000 seconds
mass 1 28.085
pair_style sw
pair_coeff * * Si.sw Si
Reading sw potential file Si.sw with DATE: 2007-06-11
run 0
Neighbor list info ...
  update: every = 1 steps, delay = 0 steps, check = yes
  max neighbors/atom: 2000, page size: 100000
  master list distance cutoff = 5.77118
  ghost atom cutoff = 5.77118
  binsize = 2.88559, bins = 2 2 2
  1 neighbor lists, perpetual/occasional/extra = 1 0 0
  (1) pair sw, perpetual
      attributes: full, newton on
      pair build: full/bin/atomonly
      stencil: full/bin/3d
      bin: standard
Per MPI rank memory allocation (min/avg/max) = 2.958 | 2.958 | 2.958 Mbytes
   Step          Temp          E_pair         E_mol          TotEng         Press     
WARNING: Too many warnings: 147 vs 100. All future warnings will be suppressed (src/thermo.cpp:478)
         0   0              73.285796      0              73.285796      1772014.2    
Loop time of 1.06e-06 on 1 procs for 0 steps with 8 atoms

94.3% CPU use with 1 MPI tasks x 1 OpenMP threads

MPI task timing breakdown:
Section |  min time  |  avg time  |  max time  |%varavg| %total
---------------------------------------------------------------
Pair    | 0          | 0          | 0          |   0.0 |  0.00
Neigh   | 0          | 0          | 0          |   0.0 |  0.00
Comm    | 0          | 0          | 0          |   0.0 |  0.00
Output  | 0          | 0          | 0          |   0.0 |  0.00
Modify  | 0          | 0          | 0          |   0.0 |  0.00
Other   |            | 1.06e-06   |            |       |100.00

Nlocal:              8 ave           8 max           8 min
Histogram: 1 0 0 0 0 0 0 0 0 0
Nghost:            217 ave         217 max         217 min
Histogram: 1 0 0 0 0 0 0 0 0 0
Neighs:              0 ave           0 max           0 min
Histogram: 1 0 0 0 0 0 0 0 0 0
FullNghs:          308 ave         308 max         308 min
Histogram: 1 0 0 0 0 0 0 0 0 0

Total # of neighbors = 308
Ave neighs/atom = 38.5
Neighbor list builds = 0
Dangerous builds = 0
next i
jump SELF loop_struct
clear
  using 1 OpenMP thread(s) per MPI task
log energies.log append
units metal
boundary p p p
atom_style atomic
read_data Si111_${i}.in
read_data Si111_148.in
Reading data file ...
  orthogonal box = (0 0 0) to (5.4437022 5.4437022 5.4437022)
  1 by 1 by 1 MPI processor grid
  reading atoms ...
  8 atoms
  reading velocities ...
  8 velocities
  read_data CPU = 0.000 seconds
mass 1 28.085
pair_style sw
pair_coeff * * Si.sw Si
Reading sw potential file Si.sw with DATE: 2007-06-11
run 0
Neighbor list info ...
  update: every = 1 steps, delay = 0 steps, check = yes
  max neighbors/atom: 2000, page size: 100000
  master list distance cutoff = 5.77118
  ghost atom cutoff = 5.77118
  binsize = 2.88559, bins = 2 2 2
  1 neighbor lists, perpetual/occasional/extra = 1 0 0
  (1) pair sw, perpetual
      attributes: full, newton on
      pair build: full/bin/atomonly
      stencil: full/bin/3d
      bin: standard
Per MPI rank memory allocation (min/avg/max) = 2.958 | 2.958 | 2.958 Mbytes
   Step          Temp          E_pair         E_mol          TotEng         Press     
WARNING: Too many warnings: 148 vs 100. All future warnings will be suppressed (src/thermo.cpp:478)
         0   0              36.292494      0              36.292494      1118637      
Loop time of 1.05e-06 on 1 procs for 0 steps with 8 atoms

0.0% CPU use with 1 MPI tasks x 1 OpenMP threads

MPI task timing breakdown:
Section |  min time  |  avg time  |  max time  |%varavg| %total
---------------------------------------------------------------
Pair    | 0          | 0          | 0          |   0.0 |  0.00
Neigh   | 0          | 0          | 0          |   0.0 |  0.00
Comm    | 0          | 0          | 0          |   0.0 |  0.00
Output  | 0          | 0          | 0          |   0.0 |  0.00
Modify  | 0          | 0          | 0          |   0.0 |  0.00
Other   |            | 1.05e-06   |            |       |100.00

Nlocal:              8 ave           8 max           8 min
Histogram: 1 0 0 0 0 0 0 0 0 0
Nghost:            217 ave         217 max         217 min
Histogram: 1 0 0 0 0 0 0 0 0 0
Neighs:              0 ave           0 max           0 min
Histogram: 1 0 0 0 0 0 0 0 0 0
FullNghs:          322 ave         322 max         322 min
Histogram: 1 0 0 0 0 0 0 0 0 0

Total # of neighbors = 322
Ave neighs/atom = 40.25
Neighbor list builds = 0
Dangerous builds = 0
next i
jump SELF loop_struct
clear
  using 1 OpenMP thread(s) per MPI task
log energies.log append
units metal
boundary p p p
atom_style atomic
read_data Si111_${i}.in
read_data Si111_149.in
Reading data file ...
  orthogonal box = (0 0 0) to (5.4437022 5.4437022 5.4437022)
  1 by 1 by 1 MPI processor grid
  reading atoms ...
  8 atoms
  reading velocities ...
  8 velocities
  read_data CPU = 0.000 seconds
mass 1 28.085
pair_style sw
pair_coeff * * Si.sw Si
Reading sw potential file Si.sw with DATE: 2007-06-11
run 0
Neighbor list info ...
  update: every = 1 steps, delay = 0 steps, check = yes
  max neighbors/atom: 2000, page size: 100000
  master list distance cutoff = 5.77118
  ghost atom cutoff = 5.77118
  binsize = 2.88559, bins = 2 2 2
  1 neighbor lists, perpetual/occasional/extra = 1 0 0
  (1) pair sw, perpetual
      attributes: full, newton on
      pair build: full/bin/atomonly
      stencil: full/bin/3d
      bin: standard
Per MPI rank memory allocation (min/avg/max) = 2.958 | 2.958 | 2.958 Mbytes
   Step          Temp          E_pair         E_mol          TotEng         Press     
WARNING: Too many warnings: 149 vs 100. All future warnings will be suppressed (src/thermo.cpp:478)
         0   0              15.853427      0              15.853427      974084.3     
Loop time of 1.07e-06 on 1 procs for 0 steps with 8 atoms

0.0% CPU use with 1 MPI tasks x 1 OpenMP threads

MPI task timing breakdown:
Section |  min time  |  avg time  |  max time  |%varavg| %total
---------------------------------------------------------------
Pair    | 0          | 0          | 0          |   0.0 |  0.00
Neigh   | 0          | 0          | 0          |   0.0 |  0.00
Comm    | 0          | 0          | 0          |   0.0 |  0.00
Output  | 0          | 0          | 0          |   0.0 |  0.00
Modify  | 0          | 0          | 0          |   0.0 |  0.00
Other   |            | 1.07e-06   |            |       |100.00

Nlocal:              8 ave           8 max           8 min
Histogram: 1 0 0 0 0 0 0 0 0 0
Nghost:            247 ave         247 max         247 min
Histogram: 1 0 0 0 0 0 0 0 0 0
Neighs:              0 ave           0 max           0 min
Histogram: 1 0 0 0 0 0 0 0 0 0
FullNghs:          312 ave         312 max         312 min
Histogram: 1 0 0 0 0 0 0 0 0 0

Total # of neighbors = 312
Ave neighs/atom = 39
Neighbor list builds = 0
Dangerous builds = 0
next i
jump SELF loop_struct
clear
  using 1 OpenMP thread(s) per MPI task
log energies.log append
units metal
boundary p p p
atom_style atomic
read_data Si111_${i}.in
read_data Si111_150.in
Reading data file ...
  orthogonal box = (0 0 0) to (5.4437022 5.4437022 5.4437022)
  1 by 1 by 1 MPI processor grid
  reading atoms ...
  8 atoms
  reading velocities ...
  8 velocities
  read_data CPU = 0.000 seconds
mass 1 28.085
pair_style sw
pair_coeff * * Si.sw Si
Reading sw potential file Si.sw with DATE: 2007-06-11
run 0
Neighbor list info ...
  update: every = 1 steps, delay = 0 steps, check = yes
  max neighbors/atom: 2000, page size: 100000
  master list distance cutoff = 5.77118
  ghost atom cutoff = 5.77118
  binsize = 2.88559, bins = 2 2 2
  1 neighbor lists, perpetual/occasional/extra = 1 0 0
  (1) pair sw, perpetual
      attributes: full, newton on
      pair build: full/bin/atomonly
      stencil: full/bin/3d
      bin: standard
Per MPI rank memory allocation (min/avg/max) = 2.958 | 2.958 | 2.958 Mbytes
   Step          Temp          E_pair         E_mol          TotEng         Press     
WARNING: Too many warnings: 150 vs 100. All future warnings will be suppressed (src/thermo.cpp:478)
         0   0              3.1982882      0              3.1982882      613687.17    
Loop time of 1.24e-06 on 1 procs for 0 steps with 8 atoms

0.0% CPU use with 1 MPI tasks x 1 OpenMP threads

MPI task timing breakdown:
Section |  min time  |  avg time  |  max time  |%varavg| %total
---------------------------------------------------------------
Pair    | 0          | 0          | 0          |   0.0 |  0.00
Neigh   | 0          | 0          | 0          |   0.0 |  0.00
Comm    | 0          | 0          | 0          |   0.0 |  0.00
Output  | 0          | 0          | 0          |   0.0 |  0.00
Modify  | 0          | 0          | 0          |   0.0 |  0.00
Other   |            | 1.24e-06   |            |       |100.00

Nlocal:              8 ave           8 max           8 min
Histogram: 1 0 0 0 0 0 0 0 0 0
Nghost:            217 ave         217 max         217 min
Histogram: 1 0 0 0 0 0 0 0 0 0
Neighs:              0 ave           0 max           0 min
Histogram: 1 0 0 0 0 0 0 0 0 0
FullNghs:          312 ave         312 max         312 min
Histogram: 1 0 0 0 0 0 0 0 0 0

Total # of neighbors = 312
Ave neighs/atom = 39
Neighbor list builds = 0
Dangerous builds = 0
next i
jump SELF loop_struct
clear
  using 1 OpenMP thread(s) per MPI task
log energies.log append
units metal
boundary p p p
atom_style atomic
read_data Si111_${i}.in
read_data Si111_151.in
Reading data file ...
  orthogonal box = (0 0 0) to (5.4437022 5.4437022 5.4437022)
  1 by 1 by 1 MPI processor grid
  reading atoms ...
  8 atoms
  reading velocities ...
  8 velocities
  read_data CPU = 0.000 seconds
mass 1 28.085
pair_style sw
pair_coeff * * Si.sw Si
Reading sw potential file Si.sw with DATE: 2007-06-11
run 0
Neighbor list info ...
  update: every = 1 steps, delay = 0 steps, check = yes
  max neighbors/atom: 2000, page size: 100000
  master list distance cutoff = 5.77118
  ghost atom cutoff = 5.77118
  binsize = 2.88559, bins = 2 2 2
  1 neighbor lists, perpetual/occasional/extra = 1 0 0
  (1) pair sw, perpetual
      attributes: full, newton on
      pair build: full/bin/atomonly
      stencil: full/bin/3d
      bin: standard
Per MPI rank memory allocation (min/avg/max) = 2.958 | 2.958 | 2.958 Mbytes
   Step          Temp          E_pair         E_mol          TotEng         Press     
WARNING: Too many warnings: 151 vs 100. All future warnings will be suppressed (src/thermo.cpp:478)
         0   0              472.10605      0              472.10605      7354946.2    
Loop time of 1.06e-06 on 1 procs for 0 steps with 8 atoms

0.0% CPU use with 1 MPI tasks x 1 OpenMP threads

MPI task timing breakdown:
Section |  min time  |  avg time  |  max time  |%varavg| %total
---------------------------------------------------------------
Pair    | 0          | 0          | 0          |   0.0 |  0.00
Neigh   | 0          | 0          | 0          |   0.0 |  0.00
Comm    | 0          | 0          | 0          |   0.0 |  0.00
Output  | 0          | 0          | 0          |   0.0 |  0.00
Modify  | 0          | 0          | 0          |   0.0 |  0.00
Other   |            | 1.06e-06   |            |       |100.00

Nlocal:              8 ave           8 max           8 min
Histogram: 1 0 0 0 0 0 0 0 0 0
Nghost:            208 ave         208 max         208 min
Histogram: 1 0 0 0 0 0 0 0 0 0
Neighs:              0 ave           0 max           0 min
Histogram: 1 0 0 0 0 0 0 0 0 0
FullNghs:          298 ave         298 max         298 min
Histogram: 1 0 0 0 0 0 0 0 0 0

Total # of neighbors = 298
Ave neighs/atom = 37.25
Neighbor list builds = 0
Dangerous builds = 0
next i
jump SELF loop_struct
clear
  using 1 OpenMP thread(s) per MPI task
log energies.log append
units metal
boundary p p p
atom_style atomic
read_data Si111_${i}.in
read_data Si111_152.in
Reading data file ...
  orthogonal box = (0 0 0) to (5.4437022 5.4437022 5.4437022)
  1 by 1 by 1 MPI processor grid
  reading atoms ...
  8 atoms
  reading velocities ...
  8 velocities
  read_data CPU = 0.000 seconds
mass 1 28.085
pair_style sw
pair_coeff * * Si.sw Si
Reading sw potential file Si.sw with DATE: 2007-06-11
run 0
Neighbor list info ...
  update: every = 1 steps, delay = 0 steps, check = yes
  max neighbors/atom: 2000, page size: 100000
  master list distance cutoff = 5.77118
  ghost atom cutoff = 5.77118
  binsize = 2.88559, bins = 2 2 2
  1 neighbor lists, perpetual/occasional/extra = 1 0 0
  (1) pair sw, perpetual
      attributes: full, newton on
      pair build: full/bin/atomonly
      stencil: full/bin/3d
      bin: standard
Per MPI rank memory allocation (min/avg/max) = 2.958 | 2.958 | 2.958 Mbytes
   Step          Temp          E_pair         E_mol          TotEng         Press     
WARNING: Too many warnings: 152 vs 100. All future warnings will be suppressed (src/thermo.cpp:478)
         0   0              231.15633      0              231.15633      4092388.4    
Loop time of 1.07e-06 on 1 procs for 0 steps with 8 atoms

0.0% CPU use with 1 MPI tasks x 1 OpenMP threads

MPI task timing breakdown:
Section |  min time  |  avg time  |  max time  |%varavg| %total
---------------------------------------------------------------
Pair    | 0          | 0          | 0          |   0.0 |  0.00
Neigh   | 0          | 0          | 0          |   0.0 |  0.00
Comm    | 0          | 0          | 0          |   0.0 |  0.00
Output  | 0          | 0          | 0          |   0.0 |  0.00
Modify  | 0          | 0          | 0          |   0.0 |  0.00
Other   |            | 1.07e-06   |            |       |100.00

Nlocal:              8 ave           8 max           8 min
Histogram: 1 0 0 0 0 0 0 0 0 0
Nghost:            208 ave         208 max         208 min
Histogram: 1 0 0 0 0 0 0 0 0 0
Neighs:              0 ave           0 max           0 min
Histogram: 1 0 0 0 0 0 0 0 0 0
FullNghs:          298 ave         298 max         298 min
Histogram: 1 0 0 0 0 0 0 0 0 0

Total # of neighbors = 298
Ave neighs/atom = 37.25
Neighbor list builds = 0
Dangerous builds = 0
next i
jump SELF loop_struct
clear
  using 1 OpenMP thread(s) per MPI task
log energies.log append
units metal
boundary p p p
atom_style atomic
read_data Si111_${i}.in
read_data Si111_153.in
Reading data file ...
  orthogonal box = (0 0 0) to (5.4437022 5.4437022 5.4437022)
  1 by 1 by 1 MPI processor grid
  reading atoms ...
  8 atoms
  reading velocities ...
  8 velocities
  read_data CPU = 0.000 seconds
mass 1 28.085
pair_style sw
pair_coeff * * Si.sw Si
Reading sw potential file Si.sw with DATE: 2007-06-11
run 0
Neighbor list info ...
  update: every = 1 steps, delay = 0 steps, check = yes
  max neighbors/atom: 2000, page size: 100000
  master list distance cutoff = 5.77118
  ghost atom cutoff = 5.77118
  binsize = 2.88559, bins = 2 2 2
  1 neighbor lists, perpetual/occasional/extra = 1 0 0
  (1) pair sw, perpetual
      attributes: full, newton on
      pair build: full/bin/atomonly
      stencil: full/bin/3d
      bin: standard
Per MPI rank memory allocation (min/avg/max) = 2.958 | 2.958 | 2.958 Mbytes
   Step          Temp          E_pair         E_mol          TotEng         Press     
WARNING: Too many warnings: 153 vs 100. All future warnings will be suppressed (src/thermo.cpp:478)
         0   0              89.415564      0              89.415564      1893033.5    
Loop time of 1.05e-06 on 1 procs for 0 steps with 8 atoms

95.2% CPU use with 1 MPI tasks x 1 OpenMP threads

MPI task timing breakdown:
Section |  min time  |  avg time  |  max time  |%varavg| %total
---------------------------------------------------------------
Pair    | 0          | 0          | 0          |   0.0 |  0.00
Neigh   | 0          | 0          | 0          |   0.0 |  0.00
Comm    | 0          | 0          | 0          |   0.0 |  0.00
Output  | 0          | 0          | 0          |   0.0 |  0.00
Modify  | 0          | 0          | 0          |   0.0 |  0.00
Other   |            | 1.05e-06   |            |       |100.00

Nlocal:              8 ave           8 max           8 min
Histogram: 1 0 0 0 0 0 0 0 0 0
Nghost:            226 ave         226 max         226 min
Histogram: 1 0 0 0 0 0 0 0 0 0
Neighs:              0 ave           0 max           0 min
Histogram: 1 0 0 0 0 0 0 0 0 0
FullNghs:          314 ave         314 max         314 min
Histogram: 1 0 0 0 0 0 0 0 0 0

Total # of neighbors = 314
Ave neighs/atom = 39.25
Neighbor list builds = 0
Dangerous builds = 0
next i
jump SELF loop_struct
clear
  using 1 OpenMP thread(s) per MPI task
log energies.log append
units metal
boundary p p p
atom_style atomic
read_data Si111_${i}.in
read_data Si111_154.in
Reading data file ...
  orthogonal box = (0 0 0) to (5.4437022 5.4437022 5.4437022)
  1 by 1 by 1 MPI processor grid
  reading atoms ...
  8 atoms
  reading velocities ...
  8 velocities
  read_data CPU = 0.000 seconds
mass 1 28.085
pair_style sw
pair_coeff * * Si.sw Si
Reading sw potential file Si.sw with DATE: 2007-06-11
run 0
Neighbor list info ...
  update: every = 1 steps, delay = 0 steps, check = yes
  max neighbors/atom: 2000, page size: 100000
  master list distance cutoff = 5.77118
  ghost atom cutoff = 5.77118
  binsize = 2.88559, bins = 2 2 2
  1 neighbor lists, perpetual/occasional/extra = 1 0 0
  (1) pair sw, perpetual
      attributes: full, newton on
      pair build: full/bin/atomonly
      stencil: full/bin/3d
      bin: standard
Per MPI rank memory allocation (min/avg/max) = 2.958 | 2.958 | 2.958 Mbytes
   Step          Temp          E_pair         E_mol          TotEng         Press     
WARNING: Too many warnings: 154 vs 100. All future warnings will be suppressed (src/thermo.cpp:478)
         0   0              334.84518      0              334.84518      5541211      
Loop time of 1.07e-06 on 1 procs for 0 steps with 8 atoms

0.0% CPU use with 1 MPI tasks x 1 OpenMP threads

MPI task timing breakdown:
Section |  min time  |  avg time  |  max time  |%varavg| %total
---------------------------------------------------------------
Pair    | 0          | 0          | 0          |   0.0 |  0.00
Neigh   | 0          | 0          | 0          |   0.0 |  0.00
Comm    | 0          | 0          | 0          |   0.0 |  0.00
Output  | 0          | 0          | 0          |   0.0 |  0.00
Modify  | 0          | 0          | 0          |   0.0 |  0.00
Other   |            | 1.07e-06   |            |       |100.00

Nlocal:              8 ave           8 max           8 min
Histogram: 1 0 0 0 0 0 0 0 0 0
Nghost:            208 ave         208 max         208 min
Histogram: 1 0 0 0 0 0 0 0 0 0
Neighs:              0 ave           0 max           0 min
Histogram: 1 0 0 0 0 0 0 0 0 0
FullNghs:          310 ave         310 max         310 min
Histogram: 1 0 0 0 0 0 0 0 0 0

Total # of neighbors = 310
Ave neighs/atom = 38.75
Neighbor list builds = 0
Dangerous builds = 0
next i
jump SELF loop_struct
clear
  using 1 OpenMP thread(s) per MPI task
log energies.log append
units metal
boundary p p p
atom_style atomic
read_data Si111_${i}.in
read_data Si111_155.in
Reading data file ...
  orthogonal box = (0 0 0) to (5.4437022 5.4437022 5.4437022)
  1 by 1 by 1 MPI processor grid
  reading atoms ...
  8 atoms
  reading velocities ...
  8 velocities
  read_data CPU = 0.000 seconds
mass 1 28.085
pair_style sw
pair_coeff * * Si.sw Si
Reading sw potential file Si.sw with DATE: 2007-06-11
run 0
Neighbor list info ...
  update: every = 1 steps, delay = 0 steps, check = yes
  max neighbors/atom: 2000, page size: 100000
  master list distance cutoff = 5.77118
  ghost atom cutoff = 5.77118
  binsize = 2.88559, bins = 2 2 2
  1 neighbor lists, perpetual/occasional/extra = 1 0 0
  (1) pair sw, perpetual
      attributes: full, newton on
      pair build: full/bin/atomonly
      stencil: full/bin/3d
      bin: standard
Per MPI rank memory allocation (min/avg/max) = 2.958 | 2.958 | 2.958 Mbytes
   Step          Temp          E_pair         E_mol          TotEng         Press     
WARNING: Too many warnings: 155 vs 100. All future warnings will be suppressed (src/thermo.cpp:478)
         0   0              11.191961      0              11.191961      737962.33    
Loop time of 1.06e-06 on 1 procs for 0 steps with 8 atoms

0.0% CPU use with 1 MPI tasks x 1 OpenMP threads

MPI task timing breakdown:
Section |  min time  |  avg time  |  max time  |%varavg| %total
---------------------------------------------------------------
Pair    | 0          | 0          | 0          |   0.0 |  0.00
Neigh   | 0          | 0          | 0          |   0.0 |  0.00
Comm    | 0          | 0          | 0          |   0.0 |  0.00
Output  | 0          | 0          | 0          |   0.0 |  0.00
Modify  | 0          | 0          | 0          |   0.0 |  0.00
Other   |            | 1.06e-06   |            |       |100.00

Nlocal:              8 ave           8 max           8 min
Histogram: 1 0 0 0 0 0 0 0 0 0
Nghost:            226 ave         226 max         226 min
Histogram: 1 0 0 0 0 0 0 0 0 0
Neighs:              0 ave           0 max           0 min
Histogram: 1 0 0 0 0 0 0 0 0 0
FullNghs:          310 ave         310 max         310 min
Histogram: 1 0 0 0 0 0 0 0 0 0

Total # of neighbors = 310
Ave neighs/atom = 38.75
Neighbor list builds = 0
Dangerous builds = 0
next i
jump SELF loop_struct
clear
  using 1 OpenMP thread(s) per MPI task
log energies.log append
units metal
boundary p p p
atom_style atomic
read_data Si111_${i}.in
read_data Si111_156.in
Reading data file ...
  orthogonal box = (0 0 0) to (5.4437022 5.4437022 5.4437022)
  1 by 1 by 1 MPI processor grid
  reading atoms ...
  8 atoms
  reading velocities ...
  8 velocities
  read_data CPU = 0.000 seconds
mass 1 28.085
pair_style sw
pair_coeff * * Si.sw Si
Reading sw potential file Si.sw with DATE: 2007-06-11
run 0
Neighbor list info ...
  update: every = 1 steps, delay = 0 steps, check = yes
  max neighbors/atom: 2000, page size: 100000
  master list distance cutoff = 5.77118
  ghost atom cutoff = 5.77118
  binsize = 2.88559, bins = 2 2 2
  1 neighbor lists, perpetual/occasional/extra = 1 0 0
  (1) pair sw, perpetual
      attributes: full, newton on
      pair build: full/bin/atomonly
      stencil: full/bin/3d
      bin: standard
Per MPI rank memory allocation (min/avg/max) = 2.958 | 2.958 | 2.958 Mbytes
   Step          Temp          E_pair         E_mol          TotEng         Press     
WARNING: Too many warnings: 156 vs 100. All future warnings will be suppressed (src/thermo.cpp:478)
         0   0              2.2956946      0              2.2956946      781635.81    
Loop time of 1.15e-06 on 1 procs for 0 steps with 8 atoms

87.0% CPU use with 1 MPI tasks x 1 OpenMP threads

MPI task timing breakdown:
Section |  min time  |  avg time  |  max time  |%varavg| %total
---------------------------------------------------------------
Pair    | 0          | 0          | 0          |   0.0 |  0.00
Neigh   | 0          | 0          | 0          |   0.0 |  0.00
Comm    | 0          | 0          | 0          |   0.0 |  0.00
Output  | 0          | 0          | 0          |   0.0 |  0.00
Modify  | 0          | 0          | 0          |   0.0 |  0.00
Other   |            | 1.15e-06   |            |       |100.00

Nlocal:              8 ave           8 max           8 min
Histogram: 1 0 0 0 0 0 0 0 0 0
Nghost:            217 ave         217 max         217 min
Histogram: 1 0 0 0 0 0 0 0 0 0
Neighs:              0 ave           0 max           0 min
Histogram: 1 0 0 0 0 0 0 0 0 0
FullNghs:          304 ave         304 max         304 min
Histogram: 1 0 0 0 0 0 0 0 0 0

Total # of neighbors = 304
Ave neighs/atom = 38
Neighbor list builds = 0
Dangerous builds = 0
next i
jump SELF loop_struct
clear
  using 1 OpenMP thread(s) per MPI task
log energies.log append
units metal
boundary p p p
atom_style atomic
read_data Si111_${i}.in
read_data Si111_157.in
Reading data file ...
  orthogonal box = (0 0 0) to (5.4437022 5.4437022 5.4437022)
  1 by 1 by 1 MPI processor grid
  reading atoms ...
  8 atoms
  reading velocities ...
  8 velocities
  read_data CPU = 0.000 seconds
mass 1 28.085
pair_style sw
pair_coeff * * Si.sw Si
Reading sw potential file Si.sw with DATE: 2007-06-11
run 0
Neighbor list info ...
  update: every = 1 steps, delay = 0 steps, check = yes
  max neighbors/atom: 2000, page size: 100000
  master list distance cutoff = 5.77118
  ghost atom cutoff = 5.77118
  binsize = 2.88559, bins = 2 2 2
  1 neighbor lists, perpetual/occasional/extra = 1 0 0
  (1) pair sw, perpetual
      attributes: full, newton on
      pair build: full/bin/atomonly
      stencil: full/bin/3d
      bin: standard
Per MPI rank memory allocation (min/avg/max) = 2.958 | 2.958 | 2.958 Mbytes
   Step          Temp          E_pair         E_mol          TotEng         Press     
WARNING: Too many warnings: 157 vs 100. All future warnings will be suppressed (src/thermo.cpp:478)
         0   0              35.931881      0              35.931881      1147332.6    
Loop time of 1.06e-06 on 1 procs for 0 steps with 8 atoms

0.0% CPU use with 1 MPI tasks x 1 OpenMP threads

MPI task timing breakdown:
Section |  min time  |  avg time  |  max time  |%varavg| %total
---------------------------------------------------------------
Pair    | 0          | 0          | 0          |   0.0 |  0.00
Neigh   | 0          | 0          | 0          |   0.0 |  0.00
Comm    | 0          | 0          | 0          |   0.0 |  0.00
Output  | 0          | 0          | 0          |   0.0 |  0.00
Modify  | 0          | 0          | 0          |   0.0 |  0.00
Other   |            | 1.06e-06   |            |       |100.00

Nlocal:              8 ave           8 max           8 min
Histogram: 1 0 0 0 0 0 0 0 0 0
Nghost:            226 ave         226 max         226 min
Histogram: 1 0 0 0 0 0 0 0 0 0
Neighs:              0 ave           0 max           0 min
Histogram: 1 0 0 0 0 0 0 0 0 0
FullNghs:          306 ave         306 max         306 min
Histogram: 1 0 0 0 0 0 0 0 0 0

Total # of neighbors = 306
Ave neighs/atom = 38.25
Neighbor list builds = 0
Dangerous builds = 0
next i
jump SELF loop_struct
clear
  using 1 OpenMP thread(s) per MPI task
log energies.log append
units metal
boundary p p p
atom_style atomic
read_data Si111_${i}.in
read_data Si111_158.in
Reading data file ...
  orthogonal box = (0 0 0) to (5.4437022 5.4437022 5.4437022)
  1 by 1 by 1 MPI processor grid
  reading atoms ...
  8 atoms
  reading velocities ...
  8 velocities
  read_data CPU = 0.000 seconds
mass 1 28.085
pair_style sw
pair_coeff * * Si.sw Si
Reading sw potential file Si.sw with DATE: 2007-06-11
run 0
Neighbor list info ...
  update: every = 1 steps, delay = 0 steps, check = yes
  max neighbors/atom: 2000, page size: 100000
  master list distance cutoff = 5.77118
  ghost atom cutoff = 5.77118
  binsize = 2.88559, bins = 2 2 2
  1 neighbor lists, perpetual/occasional/extra = 1 0 0
  (1) pair sw, perpetual
      attributes: full, newton on
      pair build: full/bin/atomonly
      stencil: full/bin/3d
      bin: standard
Per MPI rank memory allocation (min/avg/max) = 2.958 | 2.958 | 2.958 Mbytes
   Step          Temp          E_pair         E_mol          TotEng         Press     
WARNING: Too many warnings: 158 vs 100. All future warnings will be suppressed (src/thermo.cpp:478)
         0   0              31.604525      0              31.604525      1293135.8    
Loop time of 1.09e-06 on 1 procs for 0 steps with 8 atoms

0.0% CPU use with 1 MPI tasks x 1 OpenMP threads

MPI task timing breakdown:
Section |  min time  |  avg time  |  max time  |%varavg| %total
---------------------------------------------------------------
Pair    | 0          | 0          | 0          |   0.0 |  0.00
Neigh   | 0          | 0          | 0          |   0.0 |  0.00
Comm    | 0          | 0          | 0          |   0.0 |  0.00
Output  | 0          | 0          | 0          |   0.0 |  0.00
Modify  | 0          | 0          | 0          |   0.0 |  0.00
Other   |            | 1.09e-06   |            |       |100.00

Nlocal:              8 ave           8 max           8 min
Histogram: 1 0 0 0 0 0 0 0 0 0
Nghost:            208 ave         208 max         208 min
Histogram: 1 0 0 0 0 0 0 0 0 0
Neighs:              0 ave           0 max           0 min
Histogram: 1 0 0 0 0 0 0 0 0 0
FullNghs:          300 ave         300 max         300 min
Histogram: 1 0 0 0 0 0 0 0 0 0

Total # of neighbors = 300
Ave neighs/atom = 37.5
Neighbor list builds = 0
Dangerous builds = 0
next i
jump SELF loop_struct
clear
  using 1 OpenMP thread(s) per MPI task
log energies.log append
units metal
boundary p p p
atom_style atomic
read_data Si111_${i}.in
read_data Si111_159.in
Reading data file ...
  orthogonal box = (0 0 0) to (5.4437022 5.4437022 5.4437022)
  1 by 1 by 1 MPI processor grid
  reading atoms ...
  8 atoms
  reading velocities ...
  8 velocities
  read_data CPU = 0.000 seconds
mass 1 28.085
pair_style sw
pair_coeff * * Si.sw Si
Reading sw potential file Si.sw with DATE: 2007-06-11
run 0
Neighbor list info ...
  update: every = 1 steps, delay = 0 steps, check = yes
  max neighbors/atom: 2000, page size: 100000
  master list distance cutoff = 5.77118
  ghost atom cutoff = 5.77118
  binsize = 2.88559, bins = 2 2 2
  1 neighbor lists, perpetual/occasional/extra = 1 0 0
  (1) pair sw, perpetual
      attributes: full, newton on
      pair build: full/bin/atomonly
      stencil: full/bin/3d
      bin: standard
Per MPI rank memory allocation (min/avg/max) = 2.958 | 2.958 | 2.958 Mbytes
   Step          Temp          E_pair         E_mol          TotEng         Press     
WARNING: Too many warnings: 159 vs 100. All future warnings will be suppressed (src/thermo.cpp:478)
         0   0              329.45661      0              329.45661      5518614      
Loop time of 1.07e-06 on 1 procs for 0 steps with 8 atoms

0.0% CPU use with 1 MPI tasks x 1 OpenMP threads

MPI task timing breakdown:
Section |  min time  |  avg time  |  max time  |%varavg| %total
---------------------------------------------------------------
Pair    | 0          | 0          | 0          |   0.0 |  0.00
Neigh   | 0          | 0          | 0          |   0.0 |  0.00
Comm    | 0          | 0          | 0          |   0.0 |  0.00
Output  | 0          | 0          | 0          |   0.0 |  0.00
Modify  | 0          | 0          | 0          |   0.0 |  0.00
Other   |            | 1.07e-06   |            |       |100.00

Nlocal:              8 ave           8 max           8 min
Histogram: 1 0 0 0 0 0 0 0 0 0
Nghost:            208 ave         208 max         208 min
Histogram: 1 0 0 0 0 0 0 0 0 0
Neighs:              0 ave           0 max           0 min
Histogram: 1 0 0 0 0 0 0 0 0 0
FullNghs:          294 ave         294 max         294 min
Histogram: 1 0 0 0 0 0 0 0 0 0

Total # of neighbors = 294
Ave neighs/atom = 36.75
Neighbor list builds = 0
Dangerous builds = 0
next i
jump SELF loop_struct
clear
  using 1 OpenMP thread(s) per MPI task
log energies.log append
units metal
boundary p p p
atom_style atomic
read_data Si111_${i}.in
read_data Si111_160.in
Reading data file ...
  orthogonal box = (0 0 0) to (5.4437022 5.4437022 5.4437022)
  1 by 1 by 1 MPI processor grid
  reading atoms ...
  8 atoms
  reading velocities ...
  8 velocities
  read_data CPU = 0.001 seconds
mass 1 28.085
pair_style sw
pair_coeff * * Si.sw Si
Reading sw potential file Si.sw with DATE: 2007-06-11
run 0
Neighbor list info ...
  update: every = 1 steps, delay = 0 steps, check = yes
  max neighbors/atom: 2000, page size: 100000
  master list distance cutoff = 5.77118
  ghost atom cutoff = 5.77118
  binsize = 2.88559, bins = 2 2 2
  1 neighbor lists, perpetual/occasional/extra = 1 0 0
  (1) pair sw, perpetual
      attributes: full, newton on
      pair build: full/bin/atomonly
      stencil: full/bin/3d
      bin: standard
Per MPI rank memory allocation (min/avg/max) = 2.958 | 2.958 | 2.958 Mbytes
   Step          Temp          E_pair         E_mol          TotEng         Press     
WARNING: Too many warnings: 160 vs 100. All future warnings will be suppressed (src/thermo.cpp:478)
         0   0              9.7408873      0              9.7408873      759334.95    
Loop time of 1.06e-06 on 1 procs for 0 steps with 8 atoms

188.7% CPU use with 1 MPI tasks x 1 OpenMP threads

MPI task timing breakdown:
Section |  min time  |  avg time  |  max time  |%varavg| %total
---------------------------------------------------------------
Pair    | 0          | 0          | 0          |   0.0 |  0.00
Neigh   | 0          | 0          | 0          |   0.0 |  0.00
Comm    | 0          | 0          | 0          |   0.0 |  0.00
Output  | 0          | 0          | 0          |   0.0 |  0.00
Modify  | 0          | 0          | 0          |   0.0 |  0.00
Other   |            | 1.06e-06   |            |       |100.00

Nlocal:              8 ave           8 max           8 min
Histogram: 1 0 0 0 0 0 0 0 0 0
Nghost:            235 ave         235 max         235 min
Histogram: 1 0 0 0 0 0 0 0 0 0
Neighs:              0 ave           0 max           0 min
Histogram: 1 0 0 0 0 0 0 0 0 0
FullNghs:          322 ave         322 max         322 min
Histogram: 1 0 0 0 0 0 0 0 0 0

Total # of neighbors = 322
Ave neighs/atom = 40.25
Neighbor list builds = 0
Dangerous builds = 0
next i
jump SELF loop_struct
clear
  using 1 OpenMP thread(s) per MPI task
log energies.log append
units metal
boundary p p p
atom_style atomic
read_data Si111_${i}.in
read_data Si111_161.in
Reading data file ...
  orthogonal box = (0 0 0) to (5.4437022 5.4437022 5.4437022)
  1 by 1 by 1 MPI processor grid
  reading atoms ...
  8 atoms
  reading velocities ...
  8 velocities
  read_data CPU = 0.000 seconds
mass 1 28.085
pair_style sw
pair_coeff * * Si.sw Si
Reading sw potential file Si.sw with DATE: 2007-06-11
run 0
Neighbor list info ...
  update: every = 1 steps, delay = 0 steps, check = yes
  max neighbors/atom: 2000, page size: 100000
  master list distance cutoff = 5.77118
  ghost atom cutoff = 5.77118
  binsize = 2.88559, bins = 2 2 2
  1 neighbor lists, perpetual/occasional/extra = 1 0 0
  (1) pair sw, perpetual
      attributes: full, newton on
      pair build: full/bin/atomonly
      stencil: full/bin/3d
      bin: standard
Per MPI rank memory allocation (min/avg/max) = 2.958 | 2.958 | 2.958 Mbytes
   Step          Temp          E_pair         E_mol          TotEng         Press     
WARNING: Too many warnings: 161 vs 100. All future warnings will be suppressed (src/thermo.cpp:478)
         0   0              829.75789      0              829.75789      11969574     
Loop time of 1.05e-06 on 1 procs for 0 steps with 8 atoms

95.2% CPU use with 1 MPI tasks x 1 OpenMP threads

MPI task timing breakdown:
Section |  min time  |  avg time  |  max time  |%varavg| %total
---------------------------------------------------------------
Pair    | 0          | 0          | 0          |   0.0 |  0.00
Neigh   | 0          | 0          | 0          |   0.0 |  0.00
Comm    | 0          | 0          | 0          |   0.0 |  0.00
Output  | 0          | 0          | 0          |   0.0 |  0.00
Modify  | 0          | 0          | 0          |   0.0 |  0.00
Other   |            | 1.05e-06   |            |       |100.00

Nlocal:              8 ave           8 max           8 min
Histogram: 1 0 0 0 0 0 0 0 0 0
Nghost:            208 ave         208 max         208 min
Histogram: 1 0 0 0 0 0 0 0 0 0
Neighs:              0 ave           0 max           0 min
Histogram: 1 0 0 0 0 0 0 0 0 0
FullNghs:          302 ave         302 max         302 min
Histogram: 1 0 0 0 0 0 0 0 0 0

Total # of neighbors = 302
Ave neighs/atom = 37.75
Neighbor list builds = 0
Dangerous builds = 0
next i
jump SELF loop_struct
clear
  using 1 OpenMP thread(s) per MPI task
log energies.log append
units metal
boundary p p p
atom_style atomic
read_data Si111_${i}.in
read_data Si111_162.in
Reading data file ...
  orthogonal box = (0 0 0) to (5.4437022 5.4437022 5.4437022)
  1 by 1 by 1 MPI processor grid
  reading atoms ...
  8 atoms
  reading velocities ...
  8 velocities
  read_data CPU = 0.000 seconds
mass 1 28.085
pair_style sw
pair_coeff * * Si.sw Si
Reading sw potential file Si.sw with DATE: 2007-06-11
run 0
Neighbor list info ...
  update: every = 1 steps, delay = 0 steps, check = yes
  max neighbors/atom: 2000, page size: 100000
  master list distance cutoff = 5.77118
  ghost atom cutoff = 5.77118
  binsize = 2.88559, bins = 2 2 2
  1 neighbor lists, perpetual/occasional/extra = 1 0 0
  (1) pair sw, perpetual
      attributes: full, newton on
      pair build: full/bin/atomonly
      stencil: full/bin/3d
      bin: standard
Per MPI rank memory allocation (min/avg/max) = 2.958 | 2.958 | 2.958 Mbytes
   Step          Temp          E_pair         E_mol          TotEng         Press     
WARNING: Too many warnings: 162 vs 100. All future warnings will be suppressed (src/thermo.cpp:478)
         0   0              2006.7595      0              2006.7595      27899280     
Loop time of 1.05e-06 on 1 procs for 0 steps with 8 atoms

0.0% CPU use with 1 MPI tasks x 1 OpenMP threads

MPI task timing breakdown:
Section |  min time  |  avg time  |  max time  |%varavg| %total
---------------------------------------------------------------
Pair    | 0          | 0          | 0          |   0.0 |  0.00
Neigh   | 0          | 0          | 0          |   0.0 |  0.00
Comm    | 0          | 0          | 0          |   0.0 |  0.00
Output  | 0          | 0          | 0          |   0.0 |  0.00
Modify  | 0          | 0          | 0          |   0.0 |  0.00
Other   |            | 1.05e-06   |            |       |100.00

Nlocal:              8 ave           8 max           8 min
Histogram: 1 0 0 0 0 0 0 0 0 0
Nghost:            208 ave         208 max         208 min
Histogram: 1 0 0 0 0 0 0 0 0 0
Neighs:              0 ave           0 max           0 min
Histogram: 1 0 0 0 0 0 0 0 0 0
FullNghs:          294 ave         294 max         294 min
Histogram: 1 0 0 0 0 0 0 0 0 0

Total # of neighbors = 294
Ave neighs/atom = 36.75
Neighbor list builds = 0
Dangerous builds = 0
next i
jump SELF loop_struct
clear
  using 1 OpenMP thread(s) per MPI task
log energies.log append
units metal
boundary p p p
atom_style atomic
read_data Si111_${i}.in
read_data Si111_163.in
Reading data file ...
  orthogonal box = (0 0 0) to (5.4437022 5.4437022 5.4437022)
  1 by 1 by 1 MPI processor grid
  reading atoms ...
  8 atoms
  reading velocities ...
  8 velocities
  read_data CPU = 0.000 seconds
mass 1 28.085
pair_style sw
pair_coeff * * Si.sw Si
Reading sw potential file Si.sw with DATE: 2007-06-11
run 0
Neighbor list info ...
  update: every = 1 steps, delay = 0 steps, check = yes
  max neighbors/atom: 2000, page size: 100000
  master list distance cutoff = 5.77118
  ghost atom cutoff = 5.77118
  binsize = 2.88559, bins = 2 2 2
  1 neighbor lists, perpetual/occasional/extra = 1 0 0
  (1) pair sw, perpetual
      attributes: full, newton on
      pair build: full/bin/atomonly
      stencil: full/bin/3d
      bin: standard
Per MPI rank memory allocation (min/avg/max) = 2.958 | 2.958 | 2.958 Mbytes
   Step          Temp          E_pair         E_mol          TotEng         Press     
WARNING: Too many warnings: 163 vs 100. All future warnings will be suppressed (src/thermo.cpp:478)
         0   0              5121.5019      0              5121.5019      69657171     
Loop time of 1.05e-06 on 1 procs for 0 steps with 8 atoms

0.0% CPU use with 1 MPI tasks x 1 OpenMP threads

MPI task timing breakdown:
Section |  min time  |  avg time  |  max time  |%varavg| %total
---------------------------------------------------------------
Pair    | 0          | 0          | 0          |   0.0 |  0.00
Neigh   | 0          | 0          | 0          |   0.0 |  0.00
Comm    | 0          | 0          | 0          |   0.0 |  0.00
Output  | 0          | 0          | 0          |   0.0 |  0.00
Modify  | 0          | 0          | 0          |   0.0 |  0.00
Other   |            | 1.05e-06   |            |       |100.00

Nlocal:              8 ave           8 max           8 min
Histogram: 1 0 0 0 0 0 0 0 0 0
Nghost:            208 ave         208 max         208 min
Histogram: 1 0 0 0 0 0 0 0 0 0
Neighs:              0 ave           0 max           0 min
Histogram: 1 0 0 0 0 0 0 0 0 0
FullNghs:          304 ave         304 max         304 min
Histogram: 1 0 0 0 0 0 0 0 0 0

Total # of neighbors = 304
Ave neighs/atom = 38
Neighbor list builds = 0
Dangerous builds = 0
next i
jump SELF loop_struct
clear
  using 1 OpenMP thread(s) per MPI task
log energies.log append
units metal
boundary p p p
atom_style atomic
read_data Si111_${i}.in
read_data Si111_164.in
Reading data file ...
  orthogonal box = (0 0 0) to (5.4437022 5.4437022 5.4437022)
  1 by 1 by 1 MPI processor grid
  reading atoms ...
  8 atoms
  reading velocities ...
  8 velocities
  read_data CPU = 0.001 seconds
mass 1 28.085
pair_style sw
pair_coeff * * Si.sw Si
Reading sw potential file Si.sw with DATE: 2007-06-11
run 0
Neighbor list info ...
  update: every = 1 steps, delay = 0 steps, check = yes
  max neighbors/atom: 2000, page size: 100000
  master list distance cutoff = 5.77118
  ghost atom cutoff = 5.77118
  binsize = 2.88559, bins = 2 2 2
  1 neighbor lists, perpetual/occasional/extra = 1 0 0
  (1) pair sw, perpetual
      attributes: full, newton on
      pair build: full/bin/atomonly
      stencil: full/bin/3d
      bin: standard
Per MPI rank memory allocation (min/avg/max) = 2.958 | 2.958 | 2.958 Mbytes
   Step          Temp          E_pair         E_mol          TotEng         Press     
WARNING: Too many warnings: 164 vs 100. All future warnings will be suppressed (src/thermo.cpp:478)
         0   0              48.141321      0              48.141321      1463089.3    
Loop time of 1.08e-06 on 1 procs for 0 steps with 8 atoms

0.0% CPU use with 1 MPI tasks x 1 OpenMP threads

MPI task timing breakdown:
Section |  min time  |  avg time  |  max time  |%varavg| %total
---------------------------------------------------------------
Pair    | 0          | 0          | 0          |   0.0 |  0.00
Neigh   | 0          | 0          | 0          |   0.0 |  0.00
Comm    | 0          | 0          | 0          |   0.0 |  0.00
Output  | 0          | 0          | 0          |   0.0 |  0.00
Modify  | 0          | 0          | 0          |   0.0 |  0.00
Other   |            | 1.08e-06   |            |       |100.00

Nlocal:              8 ave           8 max           8 min
Histogram: 1 0 0 0 0 0 0 0 0 0
Nghost:            208 ave         208 max         208 min
Histogram: 1 0 0 0 0 0 0 0 0 0
Neighs:              0 ave           0 max           0 min
Histogram: 1 0 0 0 0 0 0 0 0 0
FullNghs:          296 ave         296 max         296 min
Histogram: 1 0 0 0 0 0 0 0 0 0

Total # of neighbors = 296
Ave neighs/atom = 37
Neighbor list builds = 0
Dangerous builds = 0
next i
jump SELF loop_struct
clear
  using 1 OpenMP thread(s) per MPI task
log energies.log append
units metal
boundary p p p
atom_style atomic
read_data Si111_${i}.in
read_data Si111_165.in
Reading data file ...
  orthogonal box = (0 0 0) to (5.4437022 5.4437022 5.4437022)
  1 by 1 by 1 MPI processor grid
  reading atoms ...
  8 atoms
  reading velocities ...
  8 velocities
  read_data CPU = 0.001 seconds
mass 1 28.085
pair_style sw
pair_coeff * * Si.sw Si
Reading sw potential file Si.sw with DATE: 2007-06-11
run 0
Neighbor list info ...
  update: every = 1 steps, delay = 0 steps, check = yes
  max neighbors/atom: 2000, page size: 100000
  master list distance cutoff = 5.77118
  ghost atom cutoff = 5.77118
  binsize = 2.88559, bins = 2 2 2
  1 neighbor lists, perpetual/occasional/extra = 1 0 0
  (1) pair sw, perpetual
      attributes: full, newton on
      pair build: full/bin/atomonly
      stencil: full/bin/3d
      bin: standard
Per MPI rank memory allocation (min/avg/max) = 2.958 | 2.958 | 2.958 Mbytes
   Step          Temp          E_pair         E_mol          TotEng         Press     
WARNING: Too many warnings: 165 vs 100. All future warnings will be suppressed (src/thermo.cpp:478)
         0   0              1497.8608      0              1497.8608      21122951     
Loop time of 1.11e-06 on 1 procs for 0 steps with 8 atoms

90.1% CPU use with 1 MPI tasks x 1 OpenMP threads

MPI task timing breakdown:
Section |  min time  |  avg time  |  max time  |%varavg| %total
---------------------------------------------------------------
Pair    | 0          | 0          | 0          |   0.0 |  0.00
Neigh   | 0          | 0          | 0          |   0.0 |  0.00
Comm    | 0          | 0          | 0          |   0.0 |  0.00
Output  | 0          | 0          | 0          |   0.0 |  0.00
Modify  | 0          | 0          | 0          |   0.0 |  0.00
Other   |            | 1.11e-06   |            |       |100.00

Nlocal:              8 ave           8 max           8 min
Histogram: 1 0 0 0 0 0 0 0 0 0
Nghost:            208 ave         208 max         208 min
Histogram: 1 0 0 0 0 0 0 0 0 0
Neighs:              0 ave           0 max           0 min
Histogram: 1 0 0 0 0 0 0 0 0 0
FullNghs:          310 ave         310 max         310 min
Histogram: 1 0 0 0 0 0 0 0 0 0

Total # of neighbors = 310
Ave neighs/atom = 38.75
Neighbor list builds = 0
Dangerous builds = 0
next i
jump SELF loop_struct
clear
  using 1 OpenMP thread(s) per MPI task
log energies.log append
units metal
boundary p p p
atom_style atomic
read_data Si111_${i}.in
read_data Si111_166.in
Reading data file ...
  orthogonal box = (0 0 0) to (5.4437022 5.4437022 5.4437022)
  1 by 1 by 1 MPI processor grid
  reading atoms ...
  8 atoms
  reading velocities ...
  8 velocities
  read_data CPU = 0.000 seconds
mass 1 28.085
pair_style sw
pair_coeff * * Si.sw Si
Reading sw potential file Si.sw with DATE: 2007-06-11
run 0
Neighbor list info ...
  update: every = 1 steps, delay = 0 steps, check = yes
  max neighbors/atom: 2000, page size: 100000
  master list distance cutoff = 5.77118
  ghost atom cutoff = 5.77118
  binsize = 2.88559, bins = 2 2 2
  1 neighbor lists, perpetual/occasional/extra = 1 0 0
  (1) pair sw, perpetual
      attributes: full, newton on
      pair build: full/bin/atomonly
      stencil: full/bin/3d
      bin: standard
Per MPI rank memory allocation (min/avg/max) = 2.958 | 2.958 | 2.958 Mbytes
   Step          Temp          E_pair         E_mol          TotEng         Press     
WARNING: Too many warnings: 166 vs 100. All future warnings will be suppressed (src/thermo.cpp:478)
         0   0              331.65018      0              331.65018      5344733.3    
Loop time of 1.06e-06 on 1 procs for 0 steps with 8 atoms

94.3% CPU use with 1 MPI tasks x 1 OpenMP threads

MPI task timing breakdown:
Section |  min time  |  avg time  |  max time  |%varavg| %total
---------------------------------------------------------------
Pair    | 0          | 0          | 0          |   0.0 |  0.00
Neigh   | 0          | 0          | 0          |   0.0 |  0.00
Comm    | 0          | 0          | 0          |   0.0 |  0.00
Output  | 0          | 0          | 0          |   0.0 |  0.00
Modify  | 0          | 0          | 0          |   0.0 |  0.00
Other   |            | 1.06e-06   |            |       |100.00

Nlocal:              8 ave           8 max           8 min
Histogram: 1 0 0 0 0 0 0 0 0 0
Nghost:            229 ave         229 max         229 min
Histogram: 1 0 0 0 0 0 0 0 0 0
Neighs:              0 ave           0 max           0 min
Histogram: 1 0 0 0 0 0 0 0 0 0
FullNghs:          308 ave         308 max         308 min
Histogram: 1 0 0 0 0 0 0 0 0 0

Total # of neighbors = 308
Ave neighs/atom = 38.5
Neighbor list builds = 0
Dangerous builds = 0
next i
jump SELF loop_struct
clear
  using 1 OpenMP thread(s) per MPI task
log energies.log append
units metal
boundary p p p
atom_style atomic
read_data Si111_${i}.in
read_data Si111_167.in
Reading data file ...
  orthogonal box = (0 0 0) to (5.4437022 5.4437022 5.4437022)
  1 by 1 by 1 MPI processor grid
  reading atoms ...
  8 atoms
  reading velocities ...
  8 velocities
  read_data CPU = 0.000 seconds
mass 1 28.085
pair_style sw
pair_coeff * * Si.sw Si
Reading sw potential file Si.sw with DATE: 2007-06-11
run 0
Neighbor list info ...
  update: every = 1 steps, delay = 0 steps, check = yes
  max neighbors/atom: 2000, page size: 100000
  master list distance cutoff = 5.77118
  ghost atom cutoff = 5.77118
  binsize = 2.88559, bins = 2 2 2
  1 neighbor lists, perpetual/occasional/extra = 1 0 0
  (1) pair sw, perpetual
      attributes: full, newton on
      pair build: full/bin/atomonly
      stencil: full/bin/3d
      bin: standard
Per MPI rank memory allocation (min/avg/max) = 2.958 | 2.958 | 2.958 Mbytes
   Step          Temp          E_pair         E_mol          TotEng         Press     
WARNING: Too many warnings: 167 vs 100. All future warnings will be suppressed (src/thermo.cpp:478)
         0   0              35.252539      0              35.252539      1098402.8    
Loop time of 1.06e-06 on 1 procs for 0 steps with 8 atoms

94.3% CPU use with 1 MPI tasks x 1 OpenMP threads

MPI task timing breakdown:
Section |  min time  |  avg time  |  max time  |%varavg| %total
---------------------------------------------------------------
Pair    | 0          | 0          | 0          |   0.0 |  0.00
Neigh   | 0          | 0          | 0          |   0.0 |  0.00
Comm    | 0          | 0          | 0          |   0.0 |  0.00
Output  | 0          | 0          | 0          |   0.0 |  0.00
Modify  | 0          | 0          | 0          |   0.0 |  0.00
Other   |            | 1.06e-06   |            |       |100.00

Nlocal:              8 ave           8 max           8 min
Histogram: 1 0 0 0 0 0 0 0 0 0
Nghost:            217 ave         217 max         217 min
Histogram: 1 0 0 0 0 0 0 0 0 0
Neighs:              0 ave           0 max           0 min
Histogram: 1 0 0 0 0 0 0 0 0 0
FullNghs:          306 ave         306 max         306 min
Histogram: 1 0 0 0 0 0 0 0 0 0

Total # of neighbors = 306
Ave neighs/atom = 38.25
Neighbor list builds = 0
Dangerous builds = 0
next i
jump SELF loop_struct
clear
  using 1 OpenMP thread(s) per MPI task
log energies.log append
units metal
boundary p p p
atom_style atomic
read_data Si111_${i}.in
read_data Si111_168.in
Reading data file ...
  orthogonal box = (0 0 0) to (5.4437022 5.4437022 5.4437022)
  1 by 1 by 1 MPI processor grid
  reading atoms ...
  8 atoms
  reading velocities ...
  8 velocities
  read_data CPU = 0.000 seconds
mass 1 28.085
pair_style sw
pair_coeff * * Si.sw Si
Reading sw potential file Si.sw with DATE: 2007-06-11
run 0
Neighbor list info ...
  update: every = 1 steps, delay = 0 steps, check = yes
  max neighbors/atom: 2000, page size: 100000
  master list distance cutoff = 5.77118
  ghost atom cutoff = 5.77118
  binsize = 2.88559, bins = 2 2 2
  1 neighbor lists, perpetual/occasional/extra = 1 0 0
  (1) pair sw, perpetual
      attributes: full, newton on
      pair build: full/bin/atomonly
      stencil: full/bin/3d
      bin: standard
Per MPI rank memory allocation (min/avg/max) = 2.958 | 2.958 | 2.958 Mbytes
   Step          Temp          E_pair         E_mol          TotEng         Press     
WARNING: Too many warnings: 168 vs 100. All future warnings will be suppressed (src/thermo.cpp:478)
         0   0              390.35944      0              390.35944      6225018.9    
Loop time of 1.07e-06 on 1 procs for 0 steps with 8 atoms

0.0% CPU use with 1 MPI tasks x 1 OpenMP threads

MPI task timing breakdown:
Section |  min time  |  avg time  |  max time  |%varavg| %total
---------------------------------------------------------------
Pair    | 0          | 0          | 0          |   0.0 |  0.00
Neigh   | 0          | 0          | 0          |   0.0 |  0.00
Comm    | 0          | 0          | 0          |   0.0 |  0.00
Output  | 0          | 0          | 0          |   0.0 |  0.00
Modify  | 0          | 0          | 0          |   0.0 |  0.00
Other   |            | 1.07e-06   |            |       |100.00

Nlocal:              8 ave           8 max           8 min
Histogram: 1 0 0 0 0 0 0 0 0 0
Nghost:            217 ave         217 max         217 min
Histogram: 1 0 0 0 0 0 0 0 0 0
Neighs:              0 ave           0 max           0 min
Histogram: 1 0 0 0 0 0 0 0 0 0
FullNghs:          304 ave         304 max         304 min
Histogram: 1 0 0 0 0 0 0 0 0 0

Total # of neighbors = 304
Ave neighs/atom = 38
Neighbor list builds = 0
Dangerous builds = 0
next i
jump SELF loop_struct
clear
  using 1 OpenMP thread(s) per MPI task
log energies.log append
units metal
boundary p p p
atom_style atomic
read_data Si111_${i}.in
read_data Si111_169.in
Reading data file ...
  orthogonal box = (0 0 0) to (5.4437022 5.4437022 5.4437022)
  1 by 1 by 1 MPI processor grid
  reading atoms ...
  8 atoms
  reading velocities ...
  8 velocities
  read_data CPU = 0.000 seconds
mass 1 28.085
pair_style sw
pair_coeff * * Si.sw Si
Reading sw potential file Si.sw with DATE: 2007-06-11
run 0
Neighbor list info ...
  update: every = 1 steps, delay = 0 steps, check = yes
  max neighbors/atom: 2000, page size: 100000
  master list distance cutoff = 5.77118
  ghost atom cutoff = 5.77118
  binsize = 2.88559, bins = 2 2 2
  1 neighbor lists, perpetual/occasional/extra = 1 0 0
  (1) pair sw, perpetual
      attributes: full, newton on
      pair build: full/bin/atomonly
      stencil: full/bin/3d
      bin: standard
Per MPI rank memory allocation (min/avg/max) = 2.958 | 2.958 | 2.958 Mbytes
   Step          Temp          E_pair         E_mol          TotEng         Press     
WARNING: Too many warnings: 169 vs 100. All future warnings will be suppressed (src/thermo.cpp:478)
         0   0              2647.9088      0              2647.9088      36948385     
Loop time of 1.17e-06 on 1 procs for 0 steps with 8 atoms

0.0% CPU use with 1 MPI tasks x 1 OpenMP threads

MPI task timing breakdown:
Section |  min time  |  avg time  |  max time  |%varavg| %total
---------------------------------------------------------------
Pair    | 0          | 0          | 0          |   0.0 |  0.00
Neigh   | 0          | 0          | 0          |   0.0 |  0.00
Comm    | 0          | 0          | 0          |   0.0 |  0.00
Output  | 0          | 0          | 0          |   0.0 |  0.00
Modify  | 0          | 0          | 0          |   0.0 |  0.00
Other   |            | 1.17e-06   |            |       |100.00

Nlocal:              8 ave           8 max           8 min
Histogram: 1 0 0 0 0 0 0 0 0 0
Nghost:            208 ave         208 max         208 min
Histogram: 1 0 0 0 0 0 0 0 0 0
Neighs:              0 ave           0 max           0 min
Histogram: 1 0 0 0 0 0 0 0 0 0
FullNghs:          300 ave         300 max         300 min
Histogram: 1 0 0 0 0 0 0 0 0 0

Total # of neighbors = 300
Ave neighs/atom = 37.5
Neighbor list builds = 0
Dangerous builds = 0
next i
jump SELF loop_struct
clear
  using 1 OpenMP thread(s) per MPI task
log energies.log append
units metal
boundary p p p
atom_style atomic
read_data Si111_${i}.in
read_data Si111_170.in
Reading data file ...
  orthogonal box = (0 0 0) to (5.4437022 5.4437022 5.4437022)
  1 by 1 by 1 MPI processor grid
  reading atoms ...
  8 atoms
  reading velocities ...
  8 velocities
  read_data CPU = 0.000 seconds
mass 1 28.085
pair_style sw
pair_coeff * * Si.sw Si
Reading sw potential file Si.sw with DATE: 2007-06-11
run 0
Neighbor list info ...
  update: every = 1 steps, delay = 0 steps, check = yes
  max neighbors/atom: 2000, page size: 100000
  master list distance cutoff = 5.77118
  ghost atom cutoff = 5.77118
  binsize = 2.88559, bins = 2 2 2
  1 neighbor lists, perpetual/occasional/extra = 1 0 0
  (1) pair sw, perpetual
      attributes: full, newton on
      pair build: full/bin/atomonly
      stencil: full/bin/3d
      bin: standard
Per MPI rank memory allocation (min/avg/max) = 2.958 | 2.958 | 2.958 Mbytes
   Step          Temp          E_pair         E_mol          TotEng         Press     
WARNING: Too many warnings: 170 vs 100. All future warnings will be suppressed (src/thermo.cpp:478)
         0   0              13.025054      0              13.025054      800110.28    
Loop time of 1.07e-06 on 1 procs for 0 steps with 8 atoms

0.0% CPU use with 1 MPI tasks x 1 OpenMP threads

MPI task timing breakdown:
Section |  min time  |  avg time  |  max time  |%varavg| %total
---------------------------------------------------------------
Pair    | 0          | 0          | 0          |   0.0 |  0.00
Neigh   | 0          | 0          | 0          |   0.0 |  0.00
Comm    | 0          | 0          | 0          |   0.0 |  0.00
Output  | 0          | 0          | 0          |   0.0 |  0.00
Modify  | 0          | 0          | 0          |   0.0 |  0.00
Other   |            | 1.07e-06   |            |       |100.00

Nlocal:              8 ave           8 max           8 min
Histogram: 1 0 0 0 0 0 0 0 0 0
Nghost:            226 ave         226 max         226 min
Histogram: 1 0 0 0 0 0 0 0 0 0
Neighs:              0 ave           0 max           0 min
Histogram: 1 0 0 0 0 0 0 0 0 0
FullNghs:          308 ave         308 max         308 min
Histogram: 1 0 0 0 0 0 0 0 0 0

Total # of neighbors = 308
Ave neighs/atom = 38.5
Neighbor list builds = 0
Dangerous builds = 0
next i
jump SELF loop_struct
clear
  using 1 OpenMP thread(s) per MPI task
log energies.log append
units metal
boundary p p p
atom_style atomic
read_data Si111_${i}.in
read_data Si111_171.in
Reading data file ...
  orthogonal box = (0 0 0) to (5.4437022 5.4437022 5.4437022)
  1 by 1 by 1 MPI processor grid
  reading atoms ...
  8 atoms
  reading velocities ...
  8 velocities
  read_data CPU = 0.000 seconds
mass 1 28.085
pair_style sw
pair_coeff * * Si.sw Si
Reading sw potential file Si.sw with DATE: 2007-06-11
run 0
Neighbor list info ...
  update: every = 1 steps, delay = 0 steps, check = yes
  max neighbors/atom: 2000, page size: 100000
  master list distance cutoff = 5.77118
  ghost atom cutoff = 5.77118
  binsize = 2.88559, bins = 2 2 2
  1 neighbor lists, perpetual/occasional/extra = 1 0 0
  (1) pair sw, perpetual
      attributes: full, newton on
      pair build: full/bin/atomonly
      stencil: full/bin/3d
      bin: standard
Per MPI rank memory allocation (min/avg/max) = 2.958 | 2.958 | 2.958 Mbytes
   Step          Temp          E_pair         E_mol          TotEng         Press     
WARNING: Too many warnings: 171 vs 100. All future warnings will be suppressed (src/thermo.cpp:478)
         0   0              176.66217      0              176.66217      3192526.5    
Loop time of 1.73e-06 on 1 procs for 0 steps with 8 atoms

115.6% CPU use with 1 MPI tasks x 1 OpenMP threads

MPI task timing breakdown:
Section |  min time  |  avg time  |  max time  |%varavg| %total
---------------------------------------------------------------
Pair    | 0          | 0          | 0          |   0.0 |  0.00
Neigh   | 0          | 0          | 0          |   0.0 |  0.00
Comm    | 0          | 0          | 0          |   0.0 |  0.00
Output  | 0          | 0          | 0          |   0.0 |  0.00
Modify  | 0          | 0          | 0          |   0.0 |  0.00
Other   |            | 1.73e-06   |            |       |100.00

Nlocal:              8 ave           8 max           8 min
Histogram: 1 0 0 0 0 0 0 0 0 0
Nghost:            217 ave         217 max         217 min
Histogram: 1 0 0 0 0 0 0 0 0 0
Neighs:              0 ave           0 max           0 min
Histogram: 1 0 0 0 0 0 0 0 0 0
FullNghs:          306 ave         306 max         306 min
Histogram: 1 0 0 0 0 0 0 0 0 0

Total # of neighbors = 306
Ave neighs/atom = 38.25
Neighbor list builds = 0
Dangerous builds = 0
next i
jump SELF loop_struct
clear
  using 1 OpenMP thread(s) per MPI task
log energies.log append
units metal
boundary p p p
atom_style atomic
read_data Si111_${i}.in
read_data Si111_172.in
Reading data file ...
  orthogonal box = (0 0 0) to (5.4437022 5.4437022 5.4437022)
  1 by 1 by 1 MPI processor grid
  reading atoms ...
  8 atoms
  reading velocities ...
  8 velocities
  read_data CPU = 0.000 seconds
mass 1 28.085
pair_style sw
pair_coeff * * Si.sw Si
Reading sw potential file Si.sw with DATE: 2007-06-11
run 0
Neighbor list info ...
  update: every = 1 steps, delay = 0 steps, check = yes
  max neighbors/atom: 2000, page size: 100000
  master list distance cutoff = 5.77118
  ghost atom cutoff = 5.77118
  binsize = 2.88559, bins = 2 2 2
  1 neighbor lists, perpetual/occasional/extra = 1 0 0
  (1) pair sw, perpetual
      attributes: full, newton on
      pair build: full/bin/atomonly
      stencil: full/bin/3d
      bin: standard
Per MPI rank memory allocation (min/avg/max) = 2.958 | 2.958 | 2.958 Mbytes
   Step          Temp          E_pair         E_mol          TotEng         Press     
WARNING: Too many warnings: 172 vs 100. All future warnings will be suppressed (src/thermo.cpp:478)
         0   0             -6.4816672      0             -6.4816672      584020.79    
Loop time of 1.06e-06 on 1 procs for 0 steps with 8 atoms

0.0% CPU use with 1 MPI tasks x 1 OpenMP threads

MPI task timing breakdown:
Section |  min time  |  avg time  |  max time  |%varavg| %total
---------------------------------------------------------------
Pair    | 0          | 0          | 0          |   0.0 |  0.00
Neigh   | 0          | 0          | 0          |   0.0 |  0.00
Comm    | 0          | 0          | 0          |   0.0 |  0.00
Output  | 0          | 0          | 0          |   0.0 |  0.00
Modify  | 0          | 0          | 0          |   0.0 |  0.00
Other   |            | 1.06e-06   |            |       |100.00

Nlocal:              8 ave           8 max           8 min
Histogram: 1 0 0 0 0 0 0 0 0 0
Nghost:            238 ave         238 max         238 min
Histogram: 1 0 0 0 0 0 0 0 0 0
Neighs:              0 ave           0 max           0 min
Histogram: 1 0 0 0 0 0 0 0 0 0
FullNghs:          314 ave         314 max         314 min
Histogram: 1 0 0 0 0 0 0 0 0 0

Total # of neighbors = 314
Ave neighs/atom = 39.25
Neighbor list builds = 0
Dangerous builds = 0
next i
jump SELF loop_struct
clear
  using 1 OpenMP thread(s) per MPI task
log energies.log append
units metal
boundary p p p
atom_style atomic
read_data Si111_${i}.in
read_data Si111_173.in
Reading data file ...
  orthogonal box = (0 0 0) to (5.4437022 5.4437022 5.4437022)
  1 by 1 by 1 MPI processor grid
  reading atoms ...
  8 atoms
  reading velocities ...
  8 velocities
  read_data CPU = 0.000 seconds
mass 1 28.085
pair_style sw
pair_coeff * * Si.sw Si
Reading sw potential file Si.sw with DATE: 2007-06-11
run 0
Neighbor list info ...
  update: every = 1 steps, delay = 0 steps, check = yes
  max neighbors/atom: 2000, page size: 100000
  master list distance cutoff = 5.77118
  ghost atom cutoff = 5.77118
  binsize = 2.88559, bins = 2 2 2
  1 neighbor lists, perpetual/occasional/extra = 1 0 0
  (1) pair sw, perpetual
      attributes: full, newton on
      pair build: full/bin/atomonly
      stencil: full/bin/3d
      bin: standard
Per MPI rank memory allocation (min/avg/max) = 2.958 | 2.958 | 2.958 Mbytes
   Step          Temp          E_pair         E_mol          TotEng         Press     
WARNING: Too many warnings: 173 vs 100. All future warnings will be suppressed (src/thermo.cpp:478)
         0   0              136.55263      0              136.55263      2688378.1    
Loop time of 1.05e-06 on 1 procs for 0 steps with 8 atoms

0.0% CPU use with 1 MPI tasks x 1 OpenMP threads

MPI task timing breakdown:
Section |  min time  |  avg time  |  max time  |%varavg| %total
---------------------------------------------------------------
Pair    | 0          | 0          | 0          |   0.0 |  0.00
Neigh   | 0          | 0          | 0          |   0.0 |  0.00
Comm    | 0          | 0          | 0          |   0.0 |  0.00
Output  | 0          | 0          | 0          |   0.0 |  0.00
Modify  | 0          | 0          | 0          |   0.0 |  0.00
Other   |            | 1.05e-06   |            |       |100.00

Nlocal:              8 ave           8 max           8 min
Histogram: 1 0 0 0 0 0 0 0 0 0
Nghost:            226 ave         226 max         226 min
Histogram: 1 0 0 0 0 0 0 0 0 0
Neighs:              0 ave           0 max           0 min
Histogram: 1 0 0 0 0 0 0 0 0 0
FullNghs:          320 ave         320 max         320 min
Histogram: 1 0 0 0 0 0 0 0 0 0

Total # of neighbors = 320
Ave neighs/atom = 40
Neighbor list builds = 0
Dangerous builds = 0
next i
jump SELF loop_struct
clear
  using 1 OpenMP thread(s) per MPI task
log energies.log append
units metal
boundary p p p
atom_style atomic
read_data Si111_${i}.in
read_data Si111_174.in
Reading data file ...
  orthogonal box = (0 0 0) to (5.4437022 5.4437022 5.4437022)
  1 by 1 by 1 MPI processor grid
  reading atoms ...
  8 atoms
  reading velocities ...
  8 velocities
  read_data CPU = 0.000 seconds
mass 1 28.085
pair_style sw
pair_coeff * * Si.sw Si
Reading sw potential file Si.sw with DATE: 2007-06-11
run 0
Neighbor list info ...
  update: every = 1 steps, delay = 0 steps, check = yes
  max neighbors/atom: 2000, page size: 100000
  master list distance cutoff = 5.77118
  ghost atom cutoff = 5.77118
  binsize = 2.88559, bins = 2 2 2
  1 neighbor lists, perpetual/occasional/extra = 1 0 0
  (1) pair sw, perpetual
      attributes: full, newton on
      pair build: full/bin/atomonly
      stencil: full/bin/3d
      bin: standard
Per MPI rank memory allocation (min/avg/max) = 2.958 | 2.958 | 2.958 Mbytes
   Step          Temp          E_pair         E_mol          TotEng         Press     
WARNING: Too many warnings: 174 vs 100. All future warnings will be suppressed (src/thermo.cpp:478)
         0   0              416.25363      0              416.25363      6373375.9    
Loop time of 1.08e-06 on 1 procs for 0 steps with 8 atoms

92.6% CPU use with 1 MPI tasks x 1 OpenMP threads

MPI task timing breakdown:
Section |  min time  |  avg time  |  max time  |%varavg| %total
---------------------------------------------------------------
Pair    | 0          | 0          | 0          |   0.0 |  0.00
Neigh   | 0          | 0          | 0          |   0.0 |  0.00
Comm    | 0          | 0          | 0          |   0.0 |  0.00
Output  | 0          | 0          | 0          |   0.0 |  0.00
Modify  | 0          | 0          | 0          |   0.0 |  0.00
Other   |            | 1.08e-06   |            |       |100.00

Nlocal:              8 ave           8 max           8 min
Histogram: 1 0 0 0 0 0 0 0 0 0
Nghost:            208 ave         208 max         208 min
Histogram: 1 0 0 0 0 0 0 0 0 0
Neighs:              0 ave           0 max           0 min
Histogram: 1 0 0 0 0 0 0 0 0 0
FullNghs:          300 ave         300 max         300 min
Histogram: 1 0 0 0 0 0 0 0 0 0

Total # of neighbors = 300
Ave neighs/atom = 37.5
Neighbor list builds = 0
Dangerous builds = 0
next i
jump SELF loop_struct
clear
  using 1 OpenMP thread(s) per MPI task
log energies.log append
units metal
boundary p p p
atom_style atomic
read_data Si111_${i}.in
read_data Si111_175.in
Reading data file ...
  orthogonal box = (0 0 0) to (5.4437022 5.4437022 5.4437022)
  1 by 1 by 1 MPI processor grid
  reading atoms ...
  8 atoms
  reading velocities ...
  8 velocities
  read_data CPU = 0.000 seconds
mass 1 28.085
pair_style sw
pair_coeff * * Si.sw Si
Reading sw potential file Si.sw with DATE: 2007-06-11
run 0
Neighbor list info ...
  update: every = 1 steps, delay = 0 steps, check = yes
  max neighbors/atom: 2000, page size: 100000
  master list distance cutoff = 5.77118
  ghost atom cutoff = 5.77118
  binsize = 2.88559, bins = 2 2 2
  1 neighbor lists, perpetual/occasional/extra = 1 0 0
  (1) pair sw, perpetual
      attributes: full, newton on
      pair build: full/bin/atomonly
      stencil: full/bin/3d
      bin: standard
Per MPI rank memory allocation (min/avg/max) = 2.958 | 2.958 | 2.958 Mbytes
   Step          Temp          E_pair         E_mol          TotEng         Press     
WARNING: Too many warnings: 175 vs 100. All future warnings will be suppressed (src/thermo.cpp:478)
         0   0              26060.727      0              26060.727      3.4948365e+08
Loop time of 1.05e-06 on 1 procs for 0 steps with 8 atoms

95.2% CPU use with 1 MPI tasks x 1 OpenMP threads

MPI task timing breakdown:
Section |  min time  |  avg time  |  max time  |%varavg| %total
---------------------------------------------------------------
Pair    | 0          | 0          | 0          |   0.0 |  0.00
Neigh   | 0          | 0          | 0          |   0.0 |  0.00
Comm    | 0          | 0          | 0          |   0.0 |  0.00
Output  | 0          | 0          | 0          |   0.0 |  0.00
Modify  | 0          | 0          | 0          |   0.0 |  0.00
Other   |            | 1.05e-06   |            |       |100.00

Nlocal:              8 ave           8 max           8 min
Histogram: 1 0 0 0 0 0 0 0 0 0
Nghost:            208 ave         208 max         208 min
Histogram: 1 0 0 0 0 0 0 0 0 0
Neighs:              0 ave           0 max           0 min
Histogram: 1 0 0 0 0 0 0 0 0 0
FullNghs:          304 ave         304 max         304 min
Histogram: 1 0 0 0 0 0 0 0 0 0

Total # of neighbors = 304
Ave neighs/atom = 38
Neighbor list builds = 0
Dangerous builds = 0
next i
jump SELF loop_struct
clear
  using 1 OpenMP thread(s) per MPI task
log energies.log append
units metal
boundary p p p
atom_style atomic
read_data Si111_${i}.in
read_data Si111_176.in
Reading data file ...
  orthogonal box = (0 0 0) to (5.4437022 5.4437022 5.4437022)
  1 by 1 by 1 MPI processor grid
  reading atoms ...
  8 atoms
  reading velocities ...
  8 velocities
  read_data CPU = 0.000 seconds
mass 1 28.085
pair_style sw
pair_coeff * * Si.sw Si
Reading sw potential file Si.sw with DATE: 2007-06-11
run 0
Neighbor list info ...
  update: every = 1 steps, delay = 0 steps, check = yes
  max neighbors/atom: 2000, page size: 100000
  master list distance cutoff = 5.77118
  ghost atom cutoff = 5.77118
  binsize = 2.88559, bins = 2 2 2
  1 neighbor lists, perpetual/occasional/extra = 1 0 0
  (1) pair sw, perpetual
      attributes: full, newton on
      pair build: full/bin/atomonly
      stencil: full/bin/3d
      bin: standard
Per MPI rank memory allocation (min/avg/max) = 2.958 | 2.958 | 2.958 Mbytes
   Step          Temp          E_pair         E_mol          TotEng         Press     
WARNING: Too many warnings: 176 vs 100. All future warnings will be suppressed (src/thermo.cpp:478)
         0   0              64.81647       0              64.81647       1662640.7    
Loop time of 1.16e-06 on 1 procs for 0 steps with 8 atoms

172.4% CPU use with 1 MPI tasks x 1 OpenMP threads

MPI task timing breakdown:
Section |  min time  |  avg time  |  max time  |%varavg| %total
---------------------------------------------------------------
Pair    | 0          | 0          | 0          |   0.0 |  0.00
Neigh   | 0          | 0          | 0          |   0.0 |  0.00
Comm    | 0          | 0          | 0          |   0.0 |  0.00
Output  | 0          | 0          | 0          |   0.0 |  0.00
Modify  | 0          | 0          | 0          |   0.0 |  0.00
Other   |            | 1.16e-06   |            |       |100.00

Nlocal:              8 ave           8 max           8 min
Histogram: 1 0 0 0 0 0 0 0 0 0
Nghost:            217 ave         217 max         217 min
Histogram: 1 0 0 0 0 0 0 0 0 0
Neighs:              0 ave           0 max           0 min
Histogram: 1 0 0 0 0 0 0 0 0 0
FullNghs:          306 ave         306 max         306 min
Histogram: 1 0 0 0 0 0 0 0 0 0

Total # of neighbors = 306
Ave neighs/atom = 38.25
Neighbor list builds = 0
Dangerous builds = 0
next i
jump SELF loop_struct
clear
  using 1 OpenMP thread(s) per MPI task
log energies.log append
units metal
boundary p p p
atom_style atomic
read_data Si111_${i}.in
read_data Si111_177.in
Reading data file ...
  orthogonal box = (0 0 0) to (5.4437022 5.4437022 5.4437022)
  1 by 1 by 1 MPI processor grid
  reading atoms ...
  8 atoms
  reading velocities ...
  8 velocities
  read_data CPU = 0.000 seconds
mass 1 28.085
pair_style sw
pair_coeff * * Si.sw Si
Reading sw potential file Si.sw with DATE: 2007-06-11
run 0
Neighbor list info ...
  update: every = 1 steps, delay = 0 steps, check = yes
  max neighbors/atom: 2000, page size: 100000
  master list distance cutoff = 5.77118
  ghost atom cutoff = 5.77118
  binsize = 2.88559, bins = 2 2 2
  1 neighbor lists, perpetual/occasional/extra = 1 0 0
  (1) pair sw, perpetual
      attributes: full, newton on
      pair build: full/bin/atomonly
      stencil: full/bin/3d
      bin: standard
Per MPI rank memory allocation (min/avg/max) = 2.958 | 2.958 | 2.958 Mbytes
   Step          Temp          E_pair         E_mol          TotEng         Press     
WARNING: Too many warnings: 177 vs 100. All future warnings will be suppressed (src/thermo.cpp:478)
         0   0              128.02997      0              128.02997      2705768.5    
Loop time of 1.09e-06 on 1 procs for 0 steps with 8 atoms

91.7% CPU use with 1 MPI tasks x 1 OpenMP threads

MPI task timing breakdown:
Section |  min time  |  avg time  |  max time  |%varavg| %total
---------------------------------------------------------------
Pair    | 0          | 0          | 0          |   0.0 |  0.00
Neigh   | 0          | 0          | 0          |   0.0 |  0.00
Comm    | 0          | 0          | 0          |   0.0 |  0.00
Output  | 0          | 0          | 0          |   0.0 |  0.00
Modify  | 0          | 0          | 0          |   0.0 |  0.00
Other   |            | 1.09e-06   |            |       |100.00

Nlocal:              8 ave           8 max           8 min
Histogram: 1 0 0 0 0 0 0 0 0 0
Nghost:            208 ave         208 max         208 min
Histogram: 1 0 0 0 0 0 0 0 0 0
Neighs:              0 ave           0 max           0 min
Histogram: 1 0 0 0 0 0 0 0 0 0
FullNghs:          306 ave         306 max         306 min
Histogram: 1 0 0 0 0 0 0 0 0 0

Total # of neighbors = 306
Ave neighs/atom = 38.25
Neighbor list builds = 0
Dangerous builds = 0
next i
jump SELF loop_struct
clear
  using 1 OpenMP thread(s) per MPI task
log energies.log append
units metal
boundary p p p
atom_style atomic
read_data Si111_${i}.in
read_data Si111_178.in
Reading data file ...
  orthogonal box = (0 0 0) to (5.4437022 5.4437022 5.4437022)
  1 by 1 by 1 MPI processor grid
  reading atoms ...
  8 atoms
  reading velocities ...
  8 velocities
  read_data CPU = 0.000 seconds
mass 1 28.085
pair_style sw
pair_coeff * * Si.sw Si
Reading sw potential file Si.sw with DATE: 2007-06-11
run 0
Neighbor list info ...
  update: every = 1 steps, delay = 0 steps, check = yes
  max neighbors/atom: 2000, page size: 100000
  master list distance cutoff = 5.77118
  ghost atom cutoff = 5.77118
  binsize = 2.88559, bins = 2 2 2
  1 neighbor lists, perpetual/occasional/extra = 1 0 0
  (1) pair sw, perpetual
      attributes: full, newton on
      pair build: full/bin/atomonly
      stencil: full/bin/3d
      bin: standard
Per MPI rank memory allocation (min/avg/max) = 2.958 | 2.958 | 2.958 Mbytes
   Step          Temp          E_pair         E_mol          TotEng         Press     
WARNING: Too many warnings: 178 vs 100. All future warnings will be suppressed (src/thermo.cpp:478)
         0   0              353.47057      0              353.47057      5529697.2    
Loop time of 1.06e-06 on 1 procs for 0 steps with 8 atoms

94.3% CPU use with 1 MPI tasks x 1 OpenMP threads

MPI task timing breakdown:
Section |  min time  |  avg time  |  max time  |%varavg| %total
---------------------------------------------------------------
Pair    | 0          | 0          | 0          |   0.0 |  0.00
Neigh   | 0          | 0          | 0          |   0.0 |  0.00
Comm    | 0          | 0          | 0          |   0.0 |  0.00
Output  | 0          | 0          | 0          |   0.0 |  0.00
Modify  | 0          | 0          | 0          |   0.0 |  0.00
Other   |            | 1.06e-06   |            |       |100.00

Nlocal:              8 ave           8 max           8 min
Histogram: 1 0 0 0 0 0 0 0 0 0
Nghost:            217 ave         217 max         217 min
Histogram: 1 0 0 0 0 0 0 0 0 0
Neighs:              0 ave           0 max           0 min
Histogram: 1 0 0 0 0 0 0 0 0 0
FullNghs:          306 ave         306 max         306 min
Histogram: 1 0 0 0 0 0 0 0 0 0

Total # of neighbors = 306
Ave neighs/atom = 38.25
Neighbor list builds = 0
Dangerous builds = 0
next i
jump SELF loop_struct
clear
  using 1 OpenMP thread(s) per MPI task
log energies.log append
units metal
boundary p p p
atom_style atomic
read_data Si111_${i}.in
read_data Si111_179.in
Reading data file ...
  orthogonal box = (0 0 0) to (5.4437022 5.4437022 5.4437022)
  1 by 1 by 1 MPI processor grid
  reading atoms ...
  8 atoms
  reading velocities ...
  8 velocities
  read_data CPU = 0.000 seconds
mass 1 28.085
pair_style sw
pair_coeff * * Si.sw Si
Reading sw potential file Si.sw with DATE: 2007-06-11
run 0
Neighbor list info ...
  update: every = 1 steps, delay = 0 steps, check = yes
  max neighbors/atom: 2000, page size: 100000
  master list distance cutoff = 5.77118
  ghost atom cutoff = 5.77118
  binsize = 2.88559, bins = 2 2 2
  1 neighbor lists, perpetual/occasional/extra = 1 0 0
  (1) pair sw, perpetual
      attributes: full, newton on
      pair build: full/bin/atomonly
      stencil: full/bin/3d
      bin: standard
Per MPI rank memory allocation (min/avg/max) = 2.958 | 2.958 | 2.958 Mbytes
   Step          Temp          E_pair         E_mol          TotEng         Press     
WARNING: Too many warnings: 179 vs 100. All future warnings will be suppressed (src/thermo.cpp:478)
         0   0              16.145751      0              16.145751      970617.89    
Loop time of 1.07e-06 on 1 procs for 0 steps with 8 atoms

93.5% CPU use with 1 MPI tasks x 1 OpenMP threads

MPI task timing breakdown:
Section |  min time  |  avg time  |  max time  |%varavg| %total
---------------------------------------------------------------
Pair    | 0          | 0          | 0          |   0.0 |  0.00
Neigh   | 0          | 0          | 0          |   0.0 |  0.00
Comm    | 0          | 0          | 0          |   0.0 |  0.00
Output  | 0          | 0          | 0          |   0.0 |  0.00
Modify  | 0          | 0          | 0          |   0.0 |  0.00
Other   |            | 1.07e-06   |            |       |100.00

Nlocal:              8 ave           8 max           8 min
Histogram: 1 0 0 0 0 0 0 0 0 0
Nghost:            217 ave         217 max         217 min
Histogram: 1 0 0 0 0 0 0 0 0 0
Neighs:              0 ave           0 max           0 min
Histogram: 1 0 0 0 0 0 0 0 0 0
FullNghs:          318 ave         318 max         318 min
Histogram: 1 0 0 0 0 0 0 0 0 0

Total # of neighbors = 318
Ave neighs/atom = 39.75
Neighbor list builds = 0
Dangerous builds = 0
next i
jump SELF loop_struct
clear
  using 1 OpenMP thread(s) per MPI task
log energies.log append
units metal
boundary p p p
atom_style atomic
read_data Si111_${i}.in
read_data Si111_180.in
Reading data file ...
  orthogonal box = (0 0 0) to (5.4437022 5.4437022 5.4437022)
  1 by 1 by 1 MPI processor grid
  reading atoms ...
  8 atoms
  reading velocities ...
  8 velocities
  read_data CPU = 0.000 seconds
mass 1 28.085
pair_style sw
pair_coeff * * Si.sw Si
Reading sw potential file Si.sw with DATE: 2007-06-11
run 0
Neighbor list info ...
  update: every = 1 steps, delay = 0 steps, check = yes
  max neighbors/atom: 2000, page size: 100000
  master list distance cutoff = 5.77118
  ghost atom cutoff = 5.77118
  binsize = 2.88559, bins = 2 2 2
  1 neighbor lists, perpetual/occasional/extra = 1 0 0
  (1) pair sw, perpetual
      attributes: full, newton on
      pair build: full/bin/atomonly
      stencil: full/bin/3d
      bin: standard
Per MPI rank memory allocation (min/avg/max) = 2.958 | 2.958 | 2.958 Mbytes
   Step          Temp          E_pair         E_mol          TotEng         Press     
WARNING: Too many warnings: 180 vs 100. All future warnings will be suppressed (src/thermo.cpp:478)
         0   0              25.859269      0              25.859269      1040765.6    
Loop time of 1.06e-06 on 1 procs for 0 steps with 8 atoms

0.0% CPU use with 1 MPI tasks x 1 OpenMP threads

MPI task timing breakdown:
Section |  min time  |  avg time  |  max time  |%varavg| %total
---------------------------------------------------------------
Pair    | 0          | 0          | 0          |   0.0 |  0.00
Neigh   | 0          | 0          | 0          |   0.0 |  0.00
Comm    | 0          | 0          | 0          |   0.0 |  0.00
Output  | 0          | 0          | 0          |   0.0 |  0.00
Modify  | 0          | 0          | 0          |   0.0 |  0.00
Other   |            | 1.06e-06   |            |       |100.00

Nlocal:              8 ave           8 max           8 min
Histogram: 1 0 0 0 0 0 0 0 0 0
Nghost:            226 ave         226 max         226 min
Histogram: 1 0 0 0 0 0 0 0 0 0
Neighs:              0 ave           0 max           0 min
Histogram: 1 0 0 0 0 0 0 0 0 0
FullNghs:          310 ave         310 max         310 min
Histogram: 1 0 0 0 0 0 0 0 0 0

Total # of neighbors = 310
Ave neighs/atom = 38.75
Neighbor list builds = 0
Dangerous builds = 0
next i
jump SELF loop_struct
clear
  using 1 OpenMP thread(s) per MPI task
log energies.log append
units metal
boundary p p p
atom_style atomic
read_data Si111_${i}.in
read_data Si111_181.in
Reading data file ...
  orthogonal box = (0 0 0) to (5.4437022 5.4437022 5.4437022)
  1 by 1 by 1 MPI processor grid
  reading atoms ...
  8 atoms
  reading velocities ...
  8 velocities
  read_data CPU = 0.000 seconds
mass 1 28.085
pair_style sw
pair_coeff * * Si.sw Si
Reading sw potential file Si.sw with DATE: 2007-06-11
run 0
Neighbor list info ...
  update: every = 1 steps, delay = 0 steps, check = yes
  max neighbors/atom: 2000, page size: 100000
  master list distance cutoff = 5.77118
  ghost atom cutoff = 5.77118
  binsize = 2.88559, bins = 2 2 2
  1 neighbor lists, perpetual/occasional/extra = 1 0 0
  (1) pair sw, perpetual
      attributes: full, newton on
      pair build: full/bin/atomonly
      stencil: full/bin/3d
      bin: standard
Per MPI rank memory allocation (min/avg/max) = 2.958 | 2.958 | 2.958 Mbytes
   Step          Temp          E_pair         E_mol          TotEng         Press     
WARNING: Too many warnings: 181 vs 100. All future warnings will be suppressed (src/thermo.cpp:478)
         0   0              41.009481      0              41.009481      1260086.4    
Loop time of 1.04e-06 on 1 procs for 0 steps with 8 atoms

0.0% CPU use with 1 MPI tasks x 1 OpenMP threads

MPI task timing breakdown:
Section |  min time  |  avg time  |  max time  |%varavg| %total
---------------------------------------------------------------
Pair    | 0          | 0          | 0          |   0.0 |  0.00
Neigh   | 0          | 0          | 0          |   0.0 |  0.00
Comm    | 0          | 0          | 0          |   0.0 |  0.00
Output  | 0          | 0          | 0          |   0.0 |  0.00
Modify  | 0          | 0          | 0          |   0.0 |  0.00
Other   |            | 1.04e-06   |            |       |100.00

Nlocal:              8 ave           8 max           8 min
Histogram: 1 0 0 0 0 0 0 0 0 0
Nghost:            217 ave         217 max         217 min
Histogram: 1 0 0 0 0 0 0 0 0 0
Neighs:              0 ave           0 max           0 min
Histogram: 1 0 0 0 0 0 0 0 0 0
FullNghs:          316 ave         316 max         316 min
Histogram: 1 0 0 0 0 0 0 0 0 0

Total # of neighbors = 316
Ave neighs/atom = 39.5
Neighbor list builds = 0
Dangerous builds = 0
next i
jump SELF loop_struct
clear
  using 1 OpenMP thread(s) per MPI task
log energies.log append
units metal
boundary p p p
atom_style atomic
read_data Si111_${i}.in
read_data Si111_182.in
Reading data file ...
  orthogonal box = (0 0 0) to (5.4437022 5.4437022 5.4437022)
  1 by 1 by 1 MPI processor grid
  reading atoms ...
  8 atoms
  reading velocities ...
  8 velocities
  read_data CPU = 0.000 seconds
mass 1 28.085
pair_style sw
pair_coeff * * Si.sw Si
Reading sw potential file Si.sw with DATE: 2007-06-11
run 0
Neighbor list info ...
  update: every = 1 steps, delay = 0 steps, check = yes
  max neighbors/atom: 2000, page size: 100000
  master list distance cutoff = 5.77118
  ghost atom cutoff = 5.77118
  binsize = 2.88559, bins = 2 2 2
  1 neighbor lists, perpetual/occasional/extra = 1 0 0
  (1) pair sw, perpetual
      attributes: full, newton on
      pair build: full/bin/atomonly
      stencil: full/bin/3d
      bin: standard
Per MPI rank memory allocation (min/avg/max) = 2.958 | 2.958 | 2.958 Mbytes
   Step          Temp          E_pair         E_mol          TotEng         Press     
WARNING: Too many warnings: 182 vs 100. All future warnings will be suppressed (src/thermo.cpp:478)
         0   0              209.58259      0              209.58259      3538730.2    
Loop time of 1.07e-06 on 1 procs for 0 steps with 8 atoms

0.0% CPU use with 1 MPI tasks x 1 OpenMP threads

MPI task timing breakdown:
Section |  min time  |  avg time  |  max time  |%varavg| %total
---------------------------------------------------------------
Pair    | 0          | 0          | 0          |   0.0 |  0.00
Neigh   | 0          | 0          | 0          |   0.0 |  0.00
Comm    | 0          | 0          | 0          |   0.0 |  0.00
Output  | 0          | 0          | 0          |   0.0 |  0.00
Modify  | 0          | 0          | 0          |   0.0 |  0.00
Other   |            | 1.07e-06   |            |       |100.00

Nlocal:              8 ave           8 max           8 min
Histogram: 1 0 0 0 0 0 0 0 0 0
Nghost:            238 ave         238 max         238 min
Histogram: 1 0 0 0 0 0 0 0 0 0
Neighs:              0 ave           0 max           0 min
Histogram: 1 0 0 0 0 0 0 0 0 0
FullNghs:          328 ave         328 max         328 min
Histogram: 1 0 0 0 0 0 0 0 0 0

Total # of neighbors = 328
Ave neighs/atom = 41
Neighbor list builds = 0
Dangerous builds = 0
next i
jump SELF loop_struct
clear
  using 1 OpenMP thread(s) per MPI task
log energies.log append
units metal
boundary p p p
atom_style atomic
read_data Si111_${i}.in
read_data Si111_183.in
Reading data file ...
  orthogonal box = (0 0 0) to (5.4437022 5.4437022 5.4437022)
  1 by 1 by 1 MPI processor grid
  reading atoms ...
  8 atoms
  reading velocities ...
  8 velocities
  read_data CPU = 0.000 seconds
mass 1 28.085
pair_style sw
pair_coeff * * Si.sw Si
Reading sw potential file Si.sw with DATE: 2007-06-11
run 0
Neighbor list info ...
  update: every = 1 steps, delay = 0 steps, check = yes
  max neighbors/atom: 2000, page size: 100000
  master list distance cutoff = 5.77118
  ghost atom cutoff = 5.77118
  binsize = 2.88559, bins = 2 2 2
  1 neighbor lists, perpetual/occasional/extra = 1 0 0
  (1) pair sw, perpetual
      attributes: full, newton on
      pair build: full/bin/atomonly
      stencil: full/bin/3d
      bin: standard
Per MPI rank memory allocation (min/avg/max) = 2.958 | 2.958 | 2.958 Mbytes
   Step          Temp          E_pair         E_mol          TotEng         Press     
WARNING: Too many warnings: 183 vs 100. All future warnings will be suppressed (src/thermo.cpp:478)
         0   0              73.045504      0              73.045504      1542914.4    
Loop time of 1.07e-06 on 1 procs for 0 steps with 8 atoms

93.5% CPU use with 1 MPI tasks x 1 OpenMP threads

MPI task timing breakdown:
Section |  min time  |  avg time  |  max time  |%varavg| %total
---------------------------------------------------------------
Pair    | 0          | 0          | 0          |   0.0 |  0.00
Neigh   | 0          | 0          | 0          |   0.0 |  0.00
Comm    | 0          | 0          | 0          |   0.0 |  0.00
Output  | 0          | 0          | 0          |   0.0 |  0.00
Modify  | 0          | 0          | 0          |   0.0 |  0.00
Other   |            | 1.07e-06   |            |       |100.00

Nlocal:              8 ave           8 max           8 min
Histogram: 1 0 0 0 0 0 0 0 0 0
Nghost:            217 ave         217 max         217 min
Histogram: 1 0 0 0 0 0 0 0 0 0
Neighs:              0 ave           0 max           0 min
Histogram: 1 0 0 0 0 0 0 0 0 0
FullNghs:          308 ave         308 max         308 min
Histogram: 1 0 0 0 0 0 0 0 0 0

Total # of neighbors = 308
Ave neighs/atom = 38.5
Neighbor list builds = 0
Dangerous builds = 0
next i
jump SELF loop_struct
clear
  using 1 OpenMP thread(s) per MPI task
log energies.log append
units metal
boundary p p p
atom_style atomic
read_data Si111_${i}.in
read_data Si111_184.in
Reading data file ...
  orthogonal box = (0 0 0) to (5.4437022 5.4437022 5.4437022)
  1 by 1 by 1 MPI processor grid
  reading atoms ...
  8 atoms
  reading velocities ...
  8 velocities
  read_data CPU = 0.000 seconds
mass 1 28.085
pair_style sw
pair_coeff * * Si.sw Si
Reading sw potential file Si.sw with DATE: 2007-06-11
run 0
Neighbor list info ...
  update: every = 1 steps, delay = 0 steps, check = yes
  max neighbors/atom: 2000, page size: 100000
  master list distance cutoff = 5.77118
  ghost atom cutoff = 5.77118
  binsize = 2.88559, bins = 2 2 2
  1 neighbor lists, perpetual/occasional/extra = 1 0 0
  (1) pair sw, perpetual
      attributes: full, newton on
      pair build: full/bin/atomonly
      stencil: full/bin/3d
      bin: standard
Per MPI rank memory allocation (min/avg/max) = 2.958 | 2.958 | 2.958 Mbytes
   Step          Temp          E_pair         E_mol          TotEng         Press     
WARNING: Too many warnings: 184 vs 100. All future warnings will be suppressed (src/thermo.cpp:478)
         0   0              61.21813       0              61.21813       1386124.6    
Loop time of 1.17e-06 on 1 procs for 0 steps with 8 atoms

0.0% CPU use with 1 MPI tasks x 1 OpenMP threads

MPI task timing breakdown:
Section |  min time  |  avg time  |  max time  |%varavg| %total
---------------------------------------------------------------
Pair    | 0          | 0          | 0          |   0.0 |  0.00
Neigh   | 0          | 0          | 0          |   0.0 |  0.00
Comm    | 0          | 0          | 0          |   0.0 |  0.00
Output  | 0          | 0          | 0          |   0.0 |  0.00
Modify  | 0          | 0          | 0          |   0.0 |  0.00
Other   |            | 1.17e-06   |            |       |100.00

Nlocal:              8 ave           8 max           8 min
Histogram: 1 0 0 0 0 0 0 0 0 0
Nghost:            229 ave         229 max         229 min
Histogram: 1 0 0 0 0 0 0 0 0 0
Neighs:              0 ave           0 max           0 min
Histogram: 1 0 0 0 0 0 0 0 0 0
FullNghs:          306 ave         306 max         306 min
Histogram: 1 0 0 0 0 0 0 0 0 0

Total # of neighbors = 306
Ave neighs/atom = 38.25
Neighbor list builds = 0
Dangerous builds = 0
next i
jump SELF loop_struct
clear
  using 1 OpenMP thread(s) per MPI task
log energies.log append
units metal
boundary p p p
atom_style atomic
read_data Si111_${i}.in
read_data Si111_185.in
Reading data file ...
  orthogonal box = (0 0 0) to (5.4437022 5.4437022 5.4437022)
  1 by 1 by 1 MPI processor grid
  reading atoms ...
  8 atoms
  reading velocities ...
  8 velocities
  read_data CPU = 0.000 seconds
mass 1 28.085
pair_style sw
pair_coeff * * Si.sw Si
Reading sw potential file Si.sw with DATE: 2007-06-11
run 0
Neighbor list info ...
  update: every = 1 steps, delay = 0 steps, check = yes
  max neighbors/atom: 2000, page size: 100000
  master list distance cutoff = 5.77118
  ghost atom cutoff = 5.77118
  binsize = 2.88559, bins = 2 2 2
  1 neighbor lists, perpetual/occasional/extra = 1 0 0
  (1) pair sw, perpetual
      attributes: full, newton on
      pair build: full/bin/atomonly
      stencil: full/bin/3d
      bin: standard
Per MPI rank memory allocation (min/avg/max) = 2.958 | 2.958 | 2.958 Mbytes
   Step          Temp          E_pair         E_mol          TotEng         Press     
WARNING: Too many warnings: 185 vs 100. All future warnings will be suppressed (src/thermo.cpp:478)
         0   0              49.55231       0              49.55231       1405091.3    
Loop time of 1.1e-06 on 1 procs for 0 steps with 8 atoms

0.0% CPU use with 1 MPI tasks x 1 OpenMP threads

MPI task timing breakdown:
Section |  min time  |  avg time  |  max time  |%varavg| %total
---------------------------------------------------------------
Pair    | 0          | 0          | 0          |   0.0 |  0.00
Neigh   | 0          | 0          | 0          |   0.0 |  0.00
Comm    | 0          | 0          | 0          |   0.0 |  0.00
Output  | 0          | 0          | 0          |   0.0 |  0.00
Modify  | 0          | 0          | 0          |   0.0 |  0.00
Other   |            | 1.1e-06    |            |       |100.00

Nlocal:              8 ave           8 max           8 min
Histogram: 1 0 0 0 0 0 0 0 0 0
Nghost:            226 ave         226 max         226 min
Histogram: 1 0 0 0 0 0 0 0 0 0
Neighs:              0 ave           0 max           0 min
Histogram: 1 0 0 0 0 0 0 0 0 0
FullNghs:          310 ave         310 max         310 min
Histogram: 1 0 0 0 0 0 0 0 0 0

Total # of neighbors = 310
Ave neighs/atom = 38.75
Neighbor list builds = 0
Dangerous builds = 0
next i
jump SELF loop_struct
clear
  using 1 OpenMP thread(s) per MPI task
log energies.log append
units metal
boundary p p p
atom_style atomic
read_data Si111_${i}.in
read_data Si111_186.in
Reading data file ...
  orthogonal box = (0 0 0) to (5.4437022 5.4437022 5.4437022)
  1 by 1 by 1 MPI processor grid
  reading atoms ...
  8 atoms
  reading velocities ...
  8 velocities
  read_data CPU = 0.000 seconds
mass 1 28.085
pair_style sw
pair_coeff * * Si.sw Si
Reading sw potential file Si.sw with DATE: 2007-06-11
run 0
Neighbor list info ...
  update: every = 1 steps, delay = 0 steps, check = yes
  max neighbors/atom: 2000, page size: 100000
  master list distance cutoff = 5.77118
  ghost atom cutoff = 5.77118
  binsize = 2.88559, bins = 2 2 2
  1 neighbor lists, perpetual/occasional/extra = 1 0 0
  (1) pair sw, perpetual
      attributes: full, newton on
      pair build: full/bin/atomonly
      stencil: full/bin/3d
      bin: standard
Per MPI rank memory allocation (min/avg/max) = 2.958 | 2.958 | 2.958 Mbytes
   Step          Temp          E_pair         E_mol          TotEng         Press     
WARNING: Too many warnings: 186 vs 100. All future warnings will be suppressed (src/thermo.cpp:478)
         0   0              6.4221431      0              6.4221431      821575.45    
Loop time of 1.04e-06 on 1 procs for 0 steps with 8 atoms

0.0% CPU use with 1 MPI tasks x 1 OpenMP threads

MPI task timing breakdown:
Section |  min time  |  avg time  |  max time  |%varavg| %total
---------------------------------------------------------------
Pair    | 0          | 0          | 0          |   0.0 |  0.00
Neigh   | 0          | 0          | 0          |   0.0 |  0.00
Comm    | 0          | 0          | 0          |   0.0 |  0.00
Output  | 0          | 0          | 0          |   0.0 |  0.00
Modify  | 0          | 0          | 0          |   0.0 |  0.00
Other   |            | 1.04e-06   |            |       |100.00

Nlocal:              8 ave           8 max           8 min
Histogram: 1 0 0 0 0 0 0 0 0 0
Nghost:            235 ave         235 max         235 min
Histogram: 1 0 0 0 0 0 0 0 0 0
Neighs:              0 ave           0 max           0 min
Histogram: 1 0 0 0 0 0 0 0 0 0
FullNghs:          316 ave         316 max         316 min
Histogram: 1 0 0 0 0 0 0 0 0 0

Total # of neighbors = 316
Ave neighs/atom = 39.5
Neighbor list builds = 0
Dangerous builds = 0
next i
jump SELF loop_struct
clear
  using 1 OpenMP thread(s) per MPI task
log energies.log append
units metal
boundary p p p
atom_style atomic
read_data Si111_${i}.in
read_data Si111_187.in
Reading data file ...
  orthogonal box = (0 0 0) to (5.4437022 5.4437022 5.4437022)
  1 by 1 by 1 MPI processor grid
  reading atoms ...
  8 atoms
  reading velocities ...
  8 velocities
  read_data CPU = 0.000 seconds
mass 1 28.085
pair_style sw
pair_coeff * * Si.sw Si
Reading sw potential file Si.sw with DATE: 2007-06-11
run 0
Neighbor list info ...
  update: every = 1 steps, delay = 0 steps, check = yes
  max neighbors/atom: 2000, page size: 100000
  master list distance cutoff = 5.77118
  ghost atom cutoff = 5.77118
  binsize = 2.88559, bins = 2 2 2
  1 neighbor lists, perpetual/occasional/extra = 1 0 0
  (1) pair sw, perpetual
      attributes: full, newton on
      pair build: full/bin/atomonly
      stencil: full/bin/3d
      bin: standard
Per MPI rank memory allocation (min/avg/max) = 2.958 | 2.958 | 2.958 Mbytes
   Step          Temp          E_pair         E_mol          TotEng         Press     
WARNING: Too many warnings: 187 vs 100. All future warnings will be suppressed (src/thermo.cpp:478)
         0   0              3.4835462      0              3.4835462      764149.07    
Loop time of 1.07e-06 on 1 procs for 0 steps with 8 atoms

0.0% CPU use with 1 MPI tasks x 1 OpenMP threads

MPI task timing breakdown:
Section |  min time  |  avg time  |  max time  |%varavg| %total
---------------------------------------------------------------
Pair    | 0          | 0          | 0          |   0.0 |  0.00
Neigh   | 0          | 0          | 0          |   0.0 |  0.00
Comm    | 0          | 0          | 0          |   0.0 |  0.00
Output  | 0          | 0          | 0          |   0.0 |  0.00
Modify  | 0          | 0          | 0          |   0.0 |  0.00
Other   |            | 1.07e-06   |            |       |100.00

Nlocal:              8 ave           8 max           8 min
Histogram: 1 0 0 0 0 0 0 0 0 0
Nghost:            217 ave         217 max         217 min
Histogram: 1 0 0 0 0 0 0 0 0 0
Neighs:              0 ave           0 max           0 min
Histogram: 1 0 0 0 0 0 0 0 0 0
FullNghs:          310 ave         310 max         310 min
Histogram: 1 0 0 0 0 0 0 0 0 0

Total # of neighbors = 310
Ave neighs/atom = 38.75
Neighbor list builds = 0
Dangerous builds = 0
next i
jump SELF loop_struct
clear
  using 1 OpenMP thread(s) per MPI task
log energies.log append
units metal
boundary p p p
atom_style atomic
read_data Si111_${i}.in
read_data Si111_188.in
Reading data file ...
  orthogonal box = (0 0 0) to (5.4437022 5.4437022 5.4437022)
  1 by 1 by 1 MPI processor grid
  reading atoms ...
  8 atoms
  reading velocities ...
  8 velocities
  read_data CPU = 0.001 seconds
mass 1 28.085
pair_style sw
pair_coeff * * Si.sw Si
Reading sw potential file Si.sw with DATE: 2007-06-11
run 0
Neighbor list info ...
  update: every = 1 steps, delay = 0 steps, check = yes
  max neighbors/atom: 2000, page size: 100000
  master list distance cutoff = 5.77118
  ghost atom cutoff = 5.77118
  binsize = 2.88559, bins = 2 2 2
  1 neighbor lists, perpetual/occasional/extra = 1 0 0
  (1) pair sw, perpetual
      attributes: full, newton on
      pair build: full/bin/atomonly
      stencil: full/bin/3d
      bin: standard
Per MPI rank memory allocation (min/avg/max) = 2.958 | 2.958 | 2.958 Mbytes
   Step          Temp          E_pair         E_mol          TotEng         Press     
WARNING: Too many warnings: 188 vs 100. All future warnings will be suppressed (src/thermo.cpp:478)
         0   0             -0.82307648     0             -0.82307648     669640.98    
Loop time of 1.06e-06 on 1 procs for 0 steps with 8 atoms

94.3% CPU use with 1 MPI tasks x 1 OpenMP threads

MPI task timing breakdown:
Section |  min time  |  avg time  |  max time  |%varavg| %total
---------------------------------------------------------------
Pair    | 0          | 0          | 0          |   0.0 |  0.00
Neigh   | 0          | 0          | 0          |   0.0 |  0.00
Comm    | 0          | 0          | 0          |   0.0 |  0.00
Output  | 0          | 0          | 0          |   0.0 |  0.00
Modify  | 0          | 0          | 0          |   0.0 |  0.00
Other   |            | 1.06e-06   |            |       |100.00

Nlocal:              8 ave           8 max           8 min
Histogram: 1 0 0 0 0 0 0 0 0 0
Nghost:            229 ave         229 max         229 min
Histogram: 1 0 0 0 0 0 0 0 0 0
Neighs:              0 ave           0 max           0 min
Histogram: 1 0 0 0 0 0 0 0 0 0
FullNghs:          314 ave         314 max         314 min
Histogram: 1 0 0 0 0 0 0 0 0 0

Total # of neighbors = 314
Ave neighs/atom = 39.25
Neighbor list builds = 0
Dangerous builds = 0
next i
jump SELF loop_struct
clear
  using 1 OpenMP thread(s) per MPI task
log energies.log append
units metal
boundary p p p
atom_style atomic
read_data Si111_${i}.in
read_data Si111_189.in
Reading data file ...
  orthogonal box = (0 0 0) to (5.4437022 5.4437022 5.4437022)
  1 by 1 by 1 MPI processor grid
  reading atoms ...
  8 atoms
  reading velocities ...
  8 velocities
  read_data CPU = 0.000 seconds
mass 1 28.085
pair_style sw
pair_coeff * * Si.sw Si
Reading sw potential file Si.sw with DATE: 2007-06-11
run 0
Neighbor list info ...
  update: every = 1 steps, delay = 0 steps, check = yes
  max neighbors/atom: 2000, page size: 100000
  master list distance cutoff = 5.77118
  ghost atom cutoff = 5.77118
  binsize = 2.88559, bins = 2 2 2
  1 neighbor lists, perpetual/occasional/extra = 1 0 0
  (1) pair sw, perpetual
      attributes: full, newton on
      pair build: full/bin/atomonly
      stencil: full/bin/3d
      bin: standard
Per MPI rank memory allocation (min/avg/max) = 2.958 | 2.958 | 2.958 Mbytes
   Step          Temp          E_pair         E_mol          TotEng         Press     
WARNING: Too many warnings: 189 vs 100. All future warnings will be suppressed (src/thermo.cpp:478)
         0   0              561.02344      0              561.02344      8461149.1    
Loop time of 1.06e-06 on 1 procs for 0 steps with 8 atoms

0.0% CPU use with 1 MPI tasks x 1 OpenMP threads

MPI task timing breakdown:
Section |  min time  |  avg time  |  max time  |%varavg| %total
---------------------------------------------------------------
Pair    | 0          | 0          | 0          |   0.0 |  0.00
Neigh   | 0          | 0          | 0          |   0.0 |  0.00
Comm    | 0          | 0          | 0          |   0.0 |  0.00
Output  | 0          | 0          | 0          |   0.0 |  0.00
Modify  | 0          | 0          | 0          |   0.0 |  0.00
Other   |            | 1.06e-06   |            |       |100.00

Nlocal:              8 ave           8 max           8 min
Histogram: 1 0 0 0 0 0 0 0 0 0
Nghost:            217 ave         217 max         217 min
Histogram: 1 0 0 0 0 0 0 0 0 0
Neighs:              0 ave           0 max           0 min
Histogram: 1 0 0 0 0 0 0 0 0 0
FullNghs:          302 ave         302 max         302 min
Histogram: 1 0 0 0 0 0 0 0 0 0

Total # of neighbors = 302
Ave neighs/atom = 37.75
Neighbor list builds = 0
Dangerous builds = 0
next i
jump SELF loop_struct
clear
  using 1 OpenMP thread(s) per MPI task
log energies.log append
units metal
boundary p p p
atom_style atomic
read_data Si111_${i}.in
read_data Si111_190.in
Reading data file ...
  orthogonal box = (0 0 0) to (5.4437022 5.4437022 5.4437022)
  1 by 1 by 1 MPI processor grid
  reading atoms ...
  8 atoms
  reading velocities ...
  8 velocities
  read_data CPU = 0.000 seconds
mass 1 28.085
pair_style sw
pair_coeff * * Si.sw Si
Reading sw potential file Si.sw with DATE: 2007-06-11
run 0
Neighbor list info ...
  update: every = 1 steps, delay = 0 steps, check = yes
  max neighbors/atom: 2000, page size: 100000
  master list distance cutoff = 5.77118
  ghost atom cutoff = 5.77118
  binsize = 2.88559, bins = 2 2 2
  1 neighbor lists, perpetual/occasional/extra = 1 0 0
  (1) pair sw, perpetual
      attributes: full, newton on
      pair build: full/bin/atomonly
      stencil: full/bin/3d
      bin: standard
Per MPI rank memory allocation (min/avg/max) = 2.958 | 2.958 | 2.958 Mbytes
   Step          Temp          E_pair         E_mol          TotEng         Press     
WARNING: Too many warnings: 190 vs 100. All future warnings will be suppressed (src/thermo.cpp:478)
         0   0              79.18352       0              79.18352       1888152.8    
Loop time of 1.07e-06 on 1 procs for 0 steps with 8 atoms

93.5% CPU use with 1 MPI tasks x 1 OpenMP threads

MPI task timing breakdown:
Section |  min time  |  avg time  |  max time  |%varavg| %total
---------------------------------------------------------------
Pair    | 0          | 0          | 0          |   0.0 |  0.00
Neigh   | 0          | 0          | 0          |   0.0 |  0.00
Comm    | 0          | 0          | 0          |   0.0 |  0.00
Output  | 0          | 0          | 0          |   0.0 |  0.00
Modify  | 0          | 0          | 0          |   0.0 |  0.00
Other   |            | 1.07e-06   |            |       |100.00

Nlocal:              8 ave           8 max           8 min
Histogram: 1 0 0 0 0 0 0 0 0 0
Nghost:            226 ave         226 max         226 min
Histogram: 1 0 0 0 0 0 0 0 0 0
Neighs:              0 ave           0 max           0 min
Histogram: 1 0 0 0 0 0 0 0 0 0
FullNghs:          302 ave         302 max         302 min
Histogram: 1 0 0 0 0 0 0 0 0 0

Total # of neighbors = 302
Ave neighs/atom = 37.75
Neighbor list builds = 0
Dangerous builds = 0
next i
jump SELF loop_struct
clear
  using 1 OpenMP thread(s) per MPI task
log energies.log append
units metal
boundary p p p
atom_style atomic
read_data Si111_${i}.in
read_data Si111_191.in
Reading data file ...
  orthogonal box = (0 0 0) to (5.4437022 5.4437022 5.4437022)
  1 by 1 by 1 MPI processor grid
  reading atoms ...
  8 atoms
  reading velocities ...
  8 velocities
  read_data CPU = 0.000 seconds
mass 1 28.085
pair_style sw
pair_coeff * * Si.sw Si
Reading sw potential file Si.sw with DATE: 2007-06-11
run 0
Neighbor list info ...
  update: every = 1 steps, delay = 0 steps, check = yes
  max neighbors/atom: 2000, page size: 100000
  master list distance cutoff = 5.77118
  ghost atom cutoff = 5.77118
  binsize = 2.88559, bins = 2 2 2
  1 neighbor lists, perpetual/occasional/extra = 1 0 0
  (1) pair sw, perpetual
      attributes: full, newton on
      pair build: full/bin/atomonly
      stencil: full/bin/3d
      bin: standard
Per MPI rank memory allocation (min/avg/max) = 2.958 | 2.958 | 2.958 Mbytes
   Step          Temp          E_pair         E_mol          TotEng         Press     
WARNING: Too many warnings: 191 vs 100. All future warnings will be suppressed (src/thermo.cpp:478)
         0   0              66.244896      0              66.244896      1531216.2    
Loop time of 1.06e-06 on 1 procs for 0 steps with 8 atoms

94.3% CPU use with 1 MPI tasks x 1 OpenMP threads

MPI task timing breakdown:
Section |  min time  |  avg time  |  max time  |%varavg| %total
---------------------------------------------------------------
Pair    | 0          | 0          | 0          |   0.0 |  0.00
Neigh   | 0          | 0          | 0          |   0.0 |  0.00
Comm    | 0          | 0          | 0          |   0.0 |  0.00
Output  | 0          | 0          | 0          |   0.0 |  0.00
Modify  | 0          | 0          | 0          |   0.0 |  0.00
Other   |            | 1.06e-06   |            |       |100.00

Nlocal:              8 ave           8 max           8 min
Histogram: 1 0 0 0 0 0 0 0 0 0
Nghost:            226 ave         226 max         226 min
Histogram: 1 0 0 0 0 0 0 0 0 0
Neighs:              0 ave           0 max           0 min
Histogram: 1 0 0 0 0 0 0 0 0 0
FullNghs:          312 ave         312 max         312 min
Histogram: 1 0 0 0 0 0 0 0 0 0

Total # of neighbors = 312
Ave neighs/atom = 39
Neighbor list builds = 0
Dangerous builds = 0
next i
jump SELF loop_struct
clear
  using 1 OpenMP thread(s) per MPI task
log energies.log append
units metal
boundary p p p
atom_style atomic
read_data Si111_${i}.in
read_data Si111_192.in
Reading data file ...
  orthogonal box = (0 0 0) to (5.4437022 5.4437022 5.4437022)
  1 by 1 by 1 MPI processor grid
  reading atoms ...
  8 atoms
  reading velocities ...
  8 velocities
  read_data CPU = 0.001 seconds
mass 1 28.085
pair_style sw
pair_coeff * * Si.sw Si
Reading sw potential file Si.sw with DATE: 2007-06-11
run 0
Neighbor list info ...
  update: every = 1 steps, delay = 0 steps, check = yes
  max neighbors/atom: 2000, page size: 100000
  master list distance cutoff = 5.77118
  ghost atom cutoff = 5.77118
  binsize = 2.88559, bins = 2 2 2
  1 neighbor lists, perpetual/occasional/extra = 1 0 0
  (1) pair sw, perpetual
      attributes: full, newton on
      pair build: full/bin/atomonly
      stencil: full/bin/3d
      bin: standard
Per MPI rank memory allocation (min/avg/max) = 2.958 | 2.958 | 2.958 Mbytes
   Step          Temp          E_pair         E_mol          TotEng         Press     
WARNING: Too many warnings: 192 vs 100. All future warnings will be suppressed (src/thermo.cpp:478)
         0   0              21.896225      0              21.896225      1037022.2    
Loop time of 1.06e-06 on 1 procs for 0 steps with 8 atoms

0.0% CPU use with 1 MPI tasks x 1 OpenMP threads

MPI task timing breakdown:
Section |  min time  |  avg time  |  max time  |%varavg| %total
---------------------------------------------------------------
Pair    | 0          | 0          | 0          |   0.0 |  0.00
Neigh   | 0          | 0          | 0          |   0.0 |  0.00
Comm    | 0          | 0          | 0          |   0.0 |  0.00
Output  | 0          | 0          | 0          |   0.0 |  0.00
Modify  | 0          | 0          | 0          |   0.0 |  0.00
Other   |            | 1.06e-06   |            |       |100.00

Nlocal:              8 ave           8 max           8 min
Histogram: 1 0 0 0 0 0 0 0 0 0
Nghost:            208 ave         208 max         208 min
Histogram: 1 0 0 0 0 0 0 0 0 0
Neighs:              0 ave           0 max           0 min
Histogram: 1 0 0 0 0 0 0 0 0 0
FullNghs:          306 ave         306 max         306 min
Histogram: 1 0 0 0 0 0 0 0 0 0

Total # of neighbors = 306
Ave neighs/atom = 38.25
Neighbor list builds = 0
Dangerous builds = 0
next i
jump SELF loop_struct
clear
  using 1 OpenMP thread(s) per MPI task
log energies.log append
units metal
boundary p p p
atom_style atomic
read_data Si111_${i}.in
read_data Si111_193.in
Reading data file ...
  orthogonal box = (0 0 0) to (5.4437022 5.4437022 5.4437022)
  1 by 1 by 1 MPI processor grid
  reading atoms ...
  8 atoms
  reading velocities ...
  8 velocities
  read_data CPU = 0.000 seconds
mass 1 28.085
pair_style sw
pair_coeff * * Si.sw Si
Reading sw potential file Si.sw with DATE: 2007-06-11
run 0
Neighbor list info ...
  update: every = 1 steps, delay = 0 steps, check = yes
  max neighbors/atom: 2000, page size: 100000
  master list distance cutoff = 5.77118
  ghost atom cutoff = 5.77118
  binsize = 2.88559, bins = 2 2 2
  1 neighbor lists, perpetual/occasional/extra = 1 0 0
  (1) pair sw, perpetual
      attributes: full, newton on
      pair build: full/bin/atomonly
      stencil: full/bin/3d
      bin: standard
Per MPI rank memory allocation (min/avg/max) = 2.958 | 2.958 | 2.958 Mbytes
   Step          Temp          E_pair         E_mol          TotEng         Press     
WARNING: Too many warnings: 193 vs 100. All future warnings will be suppressed (src/thermo.cpp:478)
         0   0              192.00042      0              192.00042      3404921.8    
Loop time of 1.07e-06 on 1 procs for 0 steps with 8 atoms

0.0% CPU use with 1 MPI tasks x 1 OpenMP threads

MPI task timing breakdown:
Section |  min time  |  avg time  |  max time  |%varavg| %total
---------------------------------------------------------------
Pair    | 0          | 0          | 0          |   0.0 |  0.00
Neigh   | 0          | 0          | 0          |   0.0 |  0.00
Comm    | 0          | 0          | 0          |   0.0 |  0.00
Output  | 0          | 0          | 0          |   0.0 |  0.00
Modify  | 0          | 0          | 0          |   0.0 |  0.00
Other   |            | 1.07e-06   |            |       |100.00

Nlocal:              8 ave           8 max           8 min
Histogram: 1 0 0 0 0 0 0 0 0 0
Nghost:            208 ave         208 max         208 min
Histogram: 1 0 0 0 0 0 0 0 0 0
Neighs:              0 ave           0 max           0 min
Histogram: 1 0 0 0 0 0 0 0 0 0
FullNghs:          316 ave         316 max         316 min
Histogram: 1 0 0 0 0 0 0 0 0 0

Total # of neighbors = 316
Ave neighs/atom = 39.5
Neighbor list builds = 0
Dangerous builds = 0
next i
jump SELF loop_struct
clear
  using 1 OpenMP thread(s) per MPI task
log energies.log append
units metal
boundary p p p
atom_style atomic
read_data Si111_${i}.in
read_data Si111_194.in
Reading data file ...
  orthogonal box = (0 0 0) to (5.4437022 5.4437022 5.4437022)
  1 by 1 by 1 MPI processor grid
  reading atoms ...
  8 atoms
  reading velocities ...
  8 velocities
  read_data CPU = 0.000 seconds
mass 1 28.085
pair_style sw
pair_coeff * * Si.sw Si
Reading sw potential file Si.sw with DATE: 2007-06-11
run 0
Neighbor list info ...
  update: every = 1 steps, delay = 0 steps, check = yes
  max neighbors/atom: 2000, page size: 100000
  master list distance cutoff = 5.77118
  ghost atom cutoff = 5.77118
  binsize = 2.88559, bins = 2 2 2
  1 neighbor lists, perpetual/occasional/extra = 1 0 0
  (1) pair sw, perpetual
      attributes: full, newton on
      pair build: full/bin/atomonly
      stencil: full/bin/3d
      bin: standard
Per MPI rank memory allocation (min/avg/max) = 2.958 | 2.958 | 2.958 Mbytes
   Step          Temp          E_pair         E_mol          TotEng         Press     
WARNING: Too many warnings: 194 vs 100. All future warnings will be suppressed (src/thermo.cpp:478)
         0   0             -1.0088848      0             -1.0088848      746189.91    
Loop time of 1.08e-06 on 1 procs for 0 steps with 8 atoms

92.6% CPU use with 1 MPI tasks x 1 OpenMP threads

MPI task timing breakdown:
Section |  min time  |  avg time  |  max time  |%varavg| %total
---------------------------------------------------------------
Pair    | 0          | 0          | 0          |   0.0 |  0.00
Neigh   | 0          | 0          | 0          |   0.0 |  0.00
Comm    | 0          | 0          | 0          |   0.0 |  0.00
Output  | 0          | 0          | 0          |   0.0 |  0.00
Modify  | 0          | 0          | 0          |   0.0 |  0.00
Other   |            | 1.08e-06   |            |       |100.00

Nlocal:              8 ave           8 max           8 min
Histogram: 1 0 0 0 0 0 0 0 0 0
Nghost:            226 ave         226 max         226 min
Histogram: 1 0 0 0 0 0 0 0 0 0
Neighs:              0 ave           0 max           0 min
Histogram: 1 0 0 0 0 0 0 0 0 0
FullNghs:          314 ave         314 max         314 min
Histogram: 1 0 0 0 0 0 0 0 0 0

Total # of neighbors = 314
Ave neighs/atom = 39.25
Neighbor list builds = 0
Dangerous builds = 0
next i
jump SELF loop_struct
clear
  using 1 OpenMP thread(s) per MPI task
log energies.log append
units metal
boundary p p p
atom_style atomic
read_data Si111_${i}.in
read_data Si111_195.in
Reading data file ...
  orthogonal box = (0 0 0) to (5.4437022 5.4437022 5.4437022)
  1 by 1 by 1 MPI processor grid
  reading atoms ...
  8 atoms
  reading velocities ...
  8 velocities
  read_data CPU = 0.000 seconds
mass 1 28.085
pair_style sw
pair_coeff * * Si.sw Si
Reading sw potential file Si.sw with DATE: 2007-06-11
run 0
Neighbor list info ...
  update: every = 1 steps, delay = 0 steps, check = yes
  max neighbors/atom: 2000, page size: 100000
  master list distance cutoff = 5.77118
  ghost atom cutoff = 5.77118
  binsize = 2.88559, bins = 2 2 2
  1 neighbor lists, perpetual/occasional/extra = 1 0 0
  (1) pair sw, perpetual
      attributes: full, newton on
      pair build: full/bin/atomonly
      stencil: full/bin/3d
      bin: standard
Per MPI rank memory allocation (min/avg/max) = 2.958 | 2.958 | 2.958 Mbytes
   Step          Temp          E_pair         E_mol          TotEng         Press     
WARNING: Too many warnings: 195 vs 100. All future warnings will be suppressed (src/thermo.cpp:478)
         0   0              746.41369      0              746.41369      10801741     
Loop time of 1.06e-06 on 1 procs for 0 steps with 8 atoms

0.0% CPU use with 1 MPI tasks x 1 OpenMP threads

MPI task timing breakdown:
Section |  min time  |  avg time  |  max time  |%varavg| %total
---------------------------------------------------------------
Pair    | 0          | 0          | 0          |   0.0 |  0.00
Neigh   | 0          | 0          | 0          |   0.0 |  0.00
Comm    | 0          | 0          | 0          |   0.0 |  0.00
Output  | 0          | 0          | 0          |   0.0 |  0.00
Modify  | 0          | 0          | 0          |   0.0 |  0.00
Other   |            | 1.06e-06   |            |       |100.00

Nlocal:              8 ave           8 max           8 min
Histogram: 1 0 0 0 0 0 0 0 0 0
Nghost:            217 ave         217 max         217 min
Histogram: 1 0 0 0 0 0 0 0 0 0
Neighs:              0 ave           0 max           0 min
Histogram: 1 0 0 0 0 0 0 0 0 0
FullNghs:          292 ave         292 max         292 min
Histogram: 1 0 0 0 0 0 0 0 0 0

Total # of neighbors = 292
Ave neighs/atom = 36.5
Neighbor list builds = 0
Dangerous builds = 0
next i
jump SELF loop_struct
clear
  using 1 OpenMP thread(s) per MPI task
log energies.log append
units metal
boundary p p p
atom_style atomic
read_data Si111_${i}.in
read_data Si111_196.in
Reading data file ...
  orthogonal box = (0 0 0) to (5.4437022 5.4437022 5.4437022)
  1 by 1 by 1 MPI processor grid
  reading atoms ...
  8 atoms
  reading velocities ...
  8 velocities
  read_data CPU = 0.000 seconds
mass 1 28.085
pair_style sw
pair_coeff * * Si.sw Si
Reading sw potential file Si.sw with DATE: 2007-06-11
run 0
Neighbor list info ...
  update: every = 1 steps, delay = 0 steps, check = yes
  max neighbors/atom: 2000, page size: 100000
  master list distance cutoff = 5.77118
  ghost atom cutoff = 5.77118
  binsize = 2.88559, bins = 2 2 2
  1 neighbor lists, perpetual/occasional/extra = 1 0 0
  (1) pair sw, perpetual
      attributes: full, newton on
      pair build: full/bin/atomonly
      stencil: full/bin/3d
      bin: standard
Per MPI rank memory allocation (min/avg/max) = 2.958 | 2.958 | 2.958 Mbytes
   Step          Temp          E_pair         E_mol          TotEng         Press     
WARNING: Too many warnings: 196 vs 100. All future warnings will be suppressed (src/thermo.cpp:478)
         0   0              27.272385      0              27.272385      1025796.8    
Loop time of 1.06e-06 on 1 procs for 0 steps with 8 atoms

94.3% CPU use with 1 MPI tasks x 1 OpenMP threads

MPI task timing breakdown:
Section |  min time  |  avg time  |  max time  |%varavg| %total
---------------------------------------------------------------
Pair    | 0          | 0          | 0          |   0.0 |  0.00
Neigh   | 0          | 0          | 0          |   0.0 |  0.00
Comm    | 0          | 0          | 0          |   0.0 |  0.00
Output  | 0          | 0          | 0          |   0.0 |  0.00
Modify  | 0          | 0          | 0          |   0.0 |  0.00
Other   |            | 1.06e-06   |            |       |100.00

Nlocal:              8 ave           8 max           8 min
Histogram: 1 0 0 0 0 0 0 0 0 0
Nghost:            226 ave         226 max         226 min
Histogram: 1 0 0 0 0 0 0 0 0 0
Neighs:              0 ave           0 max           0 min
Histogram: 1 0 0 0 0 0 0 0 0 0
FullNghs:          314 ave         314 max         314 min
Histogram: 1 0 0 0 0 0 0 0 0 0

Total # of neighbors = 314
Ave neighs/atom = 39.25
Neighbor list builds = 0
Dangerous builds = 0
next i
jump SELF loop_struct
clear
  using 1 OpenMP thread(s) per MPI task
log energies.log append
units metal
boundary p p p
atom_style atomic
read_data Si111_${i}.in
read_data Si111_197.in
Reading data file ...
  orthogonal box = (0 0 0) to (5.4437022 5.4437022 5.4437022)
  1 by 1 by 1 MPI processor grid
  reading atoms ...
  8 atoms
  reading velocities ...
  8 velocities
  read_data CPU = 0.000 seconds
mass 1 28.085
pair_style sw
pair_coeff * * Si.sw Si
Reading sw potential file Si.sw with DATE: 2007-06-11
run 0
Neighbor list info ...
  update: every = 1 steps, delay = 0 steps, check = yes
  max neighbors/atom: 2000, page size: 100000
  master list distance cutoff = 5.77118
  ghost atom cutoff = 5.77118
  binsize = 2.88559, bins = 2 2 2
  1 neighbor lists, perpetual/occasional/extra = 1 0 0
  (1) pair sw, perpetual
      attributes: full, newton on
      pair build: full/bin/atomonly
      stencil: full/bin/3d
      bin: standard
Per MPI rank memory allocation (min/avg/max) = 2.958 | 2.958 | 2.958 Mbytes
   Step          Temp          E_pair         E_mol          TotEng         Press     
WARNING: Too many warnings: 197 vs 100. All future warnings will be suppressed (src/thermo.cpp:478)
         0   0              409.72314      0              409.72314      6301096      
Loop time of 1.07e-06 on 1 procs for 0 steps with 8 atoms

0.0% CPU use with 1 MPI tasks x 1 OpenMP threads

MPI task timing breakdown:
Section |  min time  |  avg time  |  max time  |%varavg| %total
---------------------------------------------------------------
Pair    | 0          | 0          | 0          |   0.0 |  0.00
Neigh   | 0          | 0          | 0          |   0.0 |  0.00
Comm    | 0          | 0          | 0          |   0.0 |  0.00
Output  | 0          | 0          | 0          |   0.0 |  0.00
Modify  | 0          | 0          | 0          |   0.0 |  0.00
Other   |            | 1.07e-06   |            |       |100.00

Nlocal:              8 ave           8 max           8 min
Histogram: 1 0 0 0 0 0 0 0 0 0
Nghost:            217 ave         217 max         217 min
Histogram: 1 0 0 0 0 0 0 0 0 0
Neighs:              0 ave           0 max           0 min
Histogram: 1 0 0 0 0 0 0 0 0 0
FullNghs:          310 ave         310 max         310 min
Histogram: 1 0 0 0 0 0 0 0 0 0

Total # of neighbors = 310
Ave neighs/atom = 38.75
Neighbor list builds = 0
Dangerous builds = 0
next i
jump SELF loop_struct
clear
  using 1 OpenMP thread(s) per MPI task
log energies.log append
units metal
boundary p p p
atom_style atomic
read_data Si111_${i}.in
read_data Si111_198.in
Reading data file ...
  orthogonal box = (0 0 0) to (5.4437022 5.4437022 5.4437022)
  1 by 1 by 1 MPI processor grid
  reading atoms ...
  8 atoms
  reading velocities ...
  8 velocities
  read_data CPU = 0.000 seconds
mass 1 28.085
pair_style sw
pair_coeff * * Si.sw Si
Reading sw potential file Si.sw with DATE: 2007-06-11
run 0
Neighbor list info ...
  update: every = 1 steps, delay = 0 steps, check = yes
  max neighbors/atom: 2000, page size: 100000
  master list distance cutoff = 5.77118
  ghost atom cutoff = 5.77118
  binsize = 2.88559, bins = 2 2 2
  1 neighbor lists, perpetual/occasional/extra = 1 0 0
  (1) pair sw, perpetual
      attributes: full, newton on
      pair build: full/bin/atomonly
      stencil: full/bin/3d
      bin: standard
Per MPI rank memory allocation (min/avg/max) = 2.958 | 2.958 | 2.958 Mbytes
   Step          Temp          E_pair         E_mol          TotEng         Press     
WARNING: Too many warnings: 198 vs 100. All future warnings will be suppressed (src/thermo.cpp:478)
         0   0              505.83598      0              505.83598      7825496.8    
Loop time of 1.09e-06 on 1 procs for 0 steps with 8 atoms

91.7% CPU use with 1 MPI tasks x 1 OpenMP threads

MPI task timing breakdown:
Section |  min time  |  avg time  |  max time  |%varavg| %total
---------------------------------------------------------------
Pair    | 0          | 0          | 0          |   0.0 |  0.00
Neigh   | 0          | 0          | 0          |   0.0 |  0.00
Comm    | 0          | 0          | 0          |   0.0 |  0.00
Output  | 0          | 0          | 0          |   0.0 |  0.00
Modify  | 0          | 0          | 0          |   0.0 |  0.00
Other   |            | 1.09e-06   |            |       |100.00

Nlocal:              8 ave           8 max           8 min
Histogram: 1 0 0 0 0 0 0 0 0 0
Nghost:            208 ave         208 max         208 min
Histogram: 1 0 0 0 0 0 0 0 0 0
Neighs:              0 ave           0 max           0 min
Histogram: 1 0 0 0 0 0 0 0 0 0
FullNghs:          306 ave         306 max         306 min
Histogram: 1 0 0 0 0 0 0 0 0 0

Total # of neighbors = 306
Ave neighs/atom = 38.25
Neighbor list builds = 0
Dangerous builds = 0
next i
jump SELF loop_struct
clear
  using 1 OpenMP thread(s) per MPI task
log energies.log append
units metal
boundary p p p
atom_style atomic
read_data Si111_${i}.in
read_data Si111_199.in
Reading data file ...
  orthogonal box = (0 0 0) to (5.4437022 5.4437022 5.4437022)
  1 by 1 by 1 MPI processor grid
  reading atoms ...
  8 atoms
  reading velocities ...
  8 velocities
  read_data CPU = 0.000 seconds
mass 1 28.085
pair_style sw
pair_coeff * * Si.sw Si
Reading sw potential file Si.sw with DATE: 2007-06-11
run 0
Neighbor list info ...
  update: every = 1 steps, delay = 0 steps, check = yes
  max neighbors/atom: 2000, page size: 100000
  master list distance cutoff = 5.77118
  ghost atom cutoff = 5.77118
  binsize = 2.88559, bins = 2 2 2
  1 neighbor lists, perpetual/occasional/extra = 1 0 0
  (1) pair sw, perpetual
      attributes: full, newton on
      pair build: full/bin/atomonly
      stencil: full/bin/3d
      bin: standard
Per MPI rank memory allocation (min/avg/max) = 2.958 | 2.958 | 2.958 Mbytes
   Step          Temp          E_pair         E_mol          TotEng         Press     
WARNING: Too many warnings: 199 vs 100. All future warnings will be suppressed (src/thermo.cpp:478)
         0   0              17.260419      0              17.260419      987914.05    
Loop time of 1.07e-06 on 1 procs for 0 steps with 8 atoms

0.0% CPU use with 1 MPI tasks x 1 OpenMP threads

MPI task timing breakdown:
Section |  min time  |  avg time  |  max time  |%varavg| %total
---------------------------------------------------------------
Pair    | 0          | 0          | 0          |   0.0 |  0.00
Neigh   | 0          | 0          | 0          |   0.0 |  0.00
Comm    | 0          | 0          | 0          |   0.0 |  0.00
Output  | 0          | 0          | 0          |   0.0 |  0.00
Modify  | 0          | 0          | 0          |   0.0 |  0.00
Other   |            | 1.07e-06   |            |       |100.00

Nlocal:              8 ave           8 max           8 min
Histogram: 1 0 0 0 0 0 0 0 0 0
Nghost:            217 ave         217 max         217 min
Histogram: 1 0 0 0 0 0 0 0 0 0
Neighs:              0 ave           0 max           0 min
Histogram: 1 0 0 0 0 0 0 0 0 0
FullNghs:          316 ave         316 max         316 min
Histogram: 1 0 0 0 0 0 0 0 0 0

Total # of neighbors = 316
Ave neighs/atom = 39.5
Neighbor list builds = 0
Dangerous builds = 0
next i
jump SELF loop_struct
clear
  using 1 OpenMP thread(s) per MPI task
log energies.log append
units metal
boundary p p p
atom_style atomic
read_data Si111_${i}.in
read_data Si111_200.in
Reading data file ...
  orthogonal box = (0 0 0) to (5.4437022 5.4437022 5.4437022)
  1 by 1 by 1 MPI processor grid
  reading atoms ...
  8 atoms
  reading velocities ...
  8 velocities
  read_data CPU = 0.000 seconds
mass 1 28.085
pair_style sw
pair_coeff * * Si.sw Si
Reading sw potential file Si.sw with DATE: 2007-06-11
run 0
Neighbor list info ...
  update: every = 1 steps, delay = 0 steps, check = yes
  max neighbors/atom: 2000, page size: 100000
  master list distance cutoff = 5.77118
  ghost atom cutoff = 5.77118
  binsize = 2.88559, bins = 2 2 2
  1 neighbor lists, perpetual/occasional/extra = 1 0 0
  (1) pair sw, perpetual
      attributes: full, newton on
      pair build: full/bin/atomonly
      stencil: full/bin/3d
      bin: standard
Per MPI rank memory allocation (min/avg/max) = 2.958 | 2.958 | 2.958 Mbytes
   Step          Temp          E_pair         E_mol          TotEng         Press     
WARNING: Too many warnings: 200 vs 100. All future warnings will be suppressed (src/thermo.cpp:478)
         0   0             -4.404089       0             -4.404089       588608.24    
Loop time of 1.07e-06 on 1 procs for 0 steps with 8 atoms

0.0% CPU use with 1 MPI tasks x 1 OpenMP threads

MPI task timing breakdown:
Section |  min time  |  avg time  |  max time  |%varavg| %total
---------------------------------------------------------------
Pair    | 0          | 0          | 0          |   0.0 |  0.00
Neigh   | 0          | 0          | 0          |   0.0 |  0.00
Comm    | 0          | 0          | 0          |   0.0 |  0.00
Output  | 0          | 0          | 0          |   0.0 |  0.00
Modify  | 0          | 0          | 0          |   0.0 |  0.00
Other   |            | 1.07e-06   |            |       |100.00

Nlocal:              8 ave           8 max           8 min
Histogram: 1 0 0 0 0 0 0 0 0 0
Nghost:            229 ave         229 max         229 min
Histogram: 1 0 0 0 0 0 0 0 0 0
Neighs:              0 ave           0 max           0 min
Histogram: 1 0 0 0 0 0 0 0 0 0
FullNghs:          296 ave         296 max         296 min
Histogram: 1 0 0 0 0 0 0 0 0 0

Total # of neighbors = 296
Ave neighs/atom = 37
Neighbor list builds = 0
Dangerous builds = 0
next i
jump SELF loop_struct
clear
  using 1 OpenMP thread(s) per MPI task
log energies.log append
units metal
boundary p p p
atom_style atomic
read_data Si111_${i}.in
read_data Si111_201.in
Reading data file ...
  orthogonal box = (0 0 0) to (5.4437022 5.4437022 5.4437022)
  1 by 1 by 1 MPI processor grid
  reading atoms ...
  8 atoms
  reading velocities ...
  8 velocities
  read_data CPU = 0.000 seconds
mass 1 28.085
pair_style sw
pair_coeff * * Si.sw Si
Reading sw potential file Si.sw with DATE: 2007-06-11
run 0
Neighbor list info ...
  update: every = 1 steps, delay = 0 steps, check = yes
  max neighbors/atom: 2000, page size: 100000
  master list distance cutoff = 5.77118
  ghost atom cutoff = 5.77118
  binsize = 2.88559, bins = 2 2 2
  1 neighbor lists, perpetual/occasional/extra = 1 0 0
  (1) pair sw, perpetual
      attributes: full, newton on
      pair build: full/bin/atomonly
      stencil: full/bin/3d
      bin: standard
Per MPI rank memory allocation (min/avg/max) = 2.958 | 2.958 | 2.958 Mbytes
   Step          Temp          E_pair         E_mol          TotEng         Press     
WARNING: Too many warnings: 201 vs 100. All future warnings will be suppressed (src/thermo.cpp:478)
         0   0              746.19938      0              746.19938      11209276     
Loop time of 1.05e-06 on 1 procs for 0 steps with 8 atoms

0.0% CPU use with 1 MPI tasks x 1 OpenMP threads

MPI task timing breakdown:
Section |  min time  |  avg time  |  max time  |%varavg| %total
---------------------------------------------------------------
Pair    | 0          | 0          | 0          |   0.0 |  0.00
Neigh   | 0          | 0          | 0          |   0.0 |  0.00
Comm    | 0          | 0          | 0          |   0.0 |  0.00
Output  | 0          | 0          | 0          |   0.0 |  0.00
Modify  | 0          | 0          | 0          |   0.0 |  0.00
Other   |            | 1.05e-06   |            |       |100.00

Nlocal:              8 ave           8 max           8 min
Histogram: 1 0 0 0 0 0 0 0 0 0
Nghost:            208 ave         208 max         208 min
Histogram: 1 0 0 0 0 0 0 0 0 0
Neighs:              0 ave           0 max           0 min
Histogram: 1 0 0 0 0 0 0 0 0 0
FullNghs:          306 ave         306 max         306 min
Histogram: 1 0 0 0 0 0 0 0 0 0

Total # of neighbors = 306
Ave neighs/atom = 38.25
Neighbor list builds = 0
Dangerous builds = 0
next i
jump SELF loop_struct
clear
  using 1 OpenMP thread(s) per MPI task
log energies.log append
units metal
boundary p p p
atom_style atomic
read_data Si111_${i}.in
read_data Si111_202.in
Reading data file ...
  orthogonal box = (0 0 0) to (5.4437022 5.4437022 5.4437022)
  1 by 1 by 1 MPI processor grid
  reading atoms ...
  8 atoms
  reading velocities ...
  8 velocities
  read_data CPU = 0.000 seconds
mass 1 28.085
pair_style sw
pair_coeff * * Si.sw Si
Reading sw potential file Si.sw with DATE: 2007-06-11
run 0
Neighbor list info ...
  update: every = 1 steps, delay = 0 steps, check = yes
  max neighbors/atom: 2000, page size: 100000
  master list distance cutoff = 5.77118
  ghost atom cutoff = 5.77118
  binsize = 2.88559, bins = 2 2 2
  1 neighbor lists, perpetual/occasional/extra = 1 0 0
  (1) pair sw, perpetual
      attributes: full, newton on
      pair build: full/bin/atomonly
      stencil: full/bin/3d
      bin: standard
Per MPI rank memory allocation (min/avg/max) = 2.958 | 2.958 | 2.958 Mbytes
   Step          Temp          E_pair         E_mol          TotEng         Press     
WARNING: Too many warnings: 202 vs 100. All future warnings will be suppressed (src/thermo.cpp:478)
         0   0              123.82622      0              123.82622      2526909      
Loop time of 1.06e-06 on 1 procs for 0 steps with 8 atoms

0.0% CPU use with 1 MPI tasks x 1 OpenMP threads

MPI task timing breakdown:
Section |  min time  |  avg time  |  max time  |%varavg| %total
---------------------------------------------------------------
Pair    | 0          | 0          | 0          |   0.0 |  0.00
Neigh   | 0          | 0          | 0          |   0.0 |  0.00
Comm    | 0          | 0          | 0          |   0.0 |  0.00
Output  | 0          | 0          | 0          |   0.0 |  0.00
Modify  | 0          | 0          | 0          |   0.0 |  0.00
Other   |            | 1.06e-06   |            |       |100.00

Nlocal:              8 ave           8 max           8 min
Histogram: 1 0 0 0 0 0 0 0 0 0
Nghost:            217 ave         217 max         217 min
Histogram: 1 0 0 0 0 0 0 0 0 0
Neighs:              0 ave           0 max           0 min
Histogram: 1 0 0 0 0 0 0 0 0 0
FullNghs:          312 ave         312 max         312 min
Histogram: 1 0 0 0 0 0 0 0 0 0

Total # of neighbors = 312
Ave neighs/atom = 39
Neighbor list builds = 0
Dangerous builds = 0
next i
jump SELF loop_struct
clear
  using 1 OpenMP thread(s) per MPI task
log energies.log append
units metal
boundary p p p
atom_style atomic
read_data Si111_${i}.in
read_data Si111_203.in
Reading data file ...
  orthogonal box = (0 0 0) to (5.4437022 5.4437022 5.4437022)
  1 by 1 by 1 MPI processor grid
  reading atoms ...
  8 atoms
  reading velocities ...
  8 velocities
  read_data CPU = 0.000 seconds
mass 1 28.085
pair_style sw
pair_coeff * * Si.sw Si
Reading sw potential file Si.sw with DATE: 2007-06-11
run 0
Neighbor list info ...
  update: every = 1 steps, delay = 0 steps, check = yes
  max neighbors/atom: 2000, page size: 100000
  master list distance cutoff = 5.77118
  ghost atom cutoff = 5.77118
  binsize = 2.88559, bins = 2 2 2
  1 neighbor lists, perpetual/occasional/extra = 1 0 0
  (1) pair sw, perpetual
      attributes: full, newton on
      pair build: full/bin/atomonly
      stencil: full/bin/3d
      bin: standard
Per MPI rank memory allocation (min/avg/max) = 2.958 | 2.958 | 2.958 Mbytes
   Step          Temp          E_pair         E_mol          TotEng         Press     
WARNING: Too many warnings: 203 vs 100. All future warnings will be suppressed (src/thermo.cpp:478)
         0   0              24.771799      0              24.771799      954172.2     
Loop time of 1.06e-06 on 1 procs for 0 steps with 8 atoms

0.0% CPU use with 1 MPI tasks x 1 OpenMP threads

MPI task timing breakdown:
Section |  min time  |  avg time  |  max time  |%varavg| %total
---------------------------------------------------------------
Pair    | 0          | 0          | 0          |   0.0 |  0.00
Neigh   | 0          | 0          | 0          |   0.0 |  0.00
Comm    | 0          | 0          | 0          |   0.0 |  0.00
Output  | 0          | 0          | 0          |   0.0 |  0.00
Modify  | 0          | 0          | 0          |   0.0 |  0.00
Other   |            | 1.06e-06   |            |       |100.00

Nlocal:              8 ave           8 max           8 min
Histogram: 1 0 0 0 0 0 0 0 0 0
Nghost:            238 ave         238 max         238 min
Histogram: 1 0 0 0 0 0 0 0 0 0
Neighs:              0 ave           0 max           0 min
Histogram: 1 0 0 0 0 0 0 0 0 0
FullNghs:          312 ave         312 max         312 min
Histogram: 1 0 0 0 0 0 0 0 0 0

Total # of neighbors = 312
Ave neighs/atom = 39
Neighbor list builds = 0
Dangerous builds = 0
next i
jump SELF loop_struct
clear
  using 1 OpenMP thread(s) per MPI task
log energies.log append
units metal
boundary p p p
atom_style atomic
read_data Si111_${i}.in
read_data Si111_204.in
Reading data file ...
  orthogonal box = (0 0 0) to (5.4437022 5.4437022 5.4437022)
  1 by 1 by 1 MPI processor grid
  reading atoms ...
  8 atoms
  reading velocities ...
  8 velocities
  read_data CPU = 0.000 seconds
mass 1 28.085
pair_style sw
pair_coeff * * Si.sw Si
Reading sw potential file Si.sw with DATE: 2007-06-11
run 0
Neighbor list info ...
  update: every = 1 steps, delay = 0 steps, check = yes
  max neighbors/atom: 2000, page size: 100000
  master list distance cutoff = 5.77118
  ghost atom cutoff = 5.77118
  binsize = 2.88559, bins = 2 2 2
  1 neighbor lists, perpetual/occasional/extra = 1 0 0
  (1) pair sw, perpetual
      attributes: full, newton on
      pair build: full/bin/atomonly
      stencil: full/bin/3d
      bin: standard
Per MPI rank memory allocation (min/avg/max) = 2.958 | 2.958 | 2.958 Mbytes
   Step          Temp          E_pair         E_mol          TotEng         Press     
WARNING: Too many warnings: 204 vs 100. All future warnings will be suppressed (src/thermo.cpp:478)
         0   0              112.41326      0              112.41326      2347724.1    
Loop time of 1.06e-06 on 1 procs for 0 steps with 8 atoms

94.3% CPU use with 1 MPI tasks x 1 OpenMP threads

MPI task timing breakdown:
Section |  min time  |  avg time  |  max time  |%varavg| %total
---------------------------------------------------------------
Pair    | 0          | 0          | 0          |   0.0 |  0.00
Neigh   | 0          | 0          | 0          |   0.0 |  0.00
Comm    | 0          | 0          | 0          |   0.0 |  0.00
Output  | 0          | 0          | 0          |   0.0 |  0.00
Modify  | 0          | 0          | 0          |   0.0 |  0.00
Other   |            | 1.06e-06   |            |       |100.00

Nlocal:              8 ave           8 max           8 min
Histogram: 1 0 0 0 0 0 0 0 0 0
Nghost:            217 ave         217 max         217 min
Histogram: 1 0 0 0 0 0 0 0 0 0
Neighs:              0 ave           0 max           0 min
Histogram: 1 0 0 0 0 0 0 0 0 0
FullNghs:          300 ave         300 max         300 min
Histogram: 1 0 0 0 0 0 0 0 0 0

Total # of neighbors = 300
Ave neighs/atom = 37.5
Neighbor list builds = 0
Dangerous builds = 0
next i
jump SELF loop_struct
clear
  using 1 OpenMP thread(s) per MPI task
log energies.log append
units metal
boundary p p p
atom_style atomic
read_data Si111_${i}.in
read_data Si111_205.in
Reading data file ...
  orthogonal box = (0 0 0) to (5.4437022 5.4437022 5.4437022)
  1 by 1 by 1 MPI processor grid
  reading atoms ...
  8 atoms
  reading velocities ...
  8 velocities
  read_data CPU = 0.001 seconds
mass 1 28.085
pair_style sw
pair_coeff * * Si.sw Si
Reading sw potential file Si.sw with DATE: 2007-06-11
run 0
Neighbor list info ...
  update: every = 1 steps, delay = 0 steps, check = yes
  max neighbors/atom: 2000, page size: 100000
  master list distance cutoff = 5.77118
  ghost atom cutoff = 5.77118
  binsize = 2.88559, bins = 2 2 2
  1 neighbor lists, perpetual/occasional/extra = 1 0 0
  (1) pair sw, perpetual
      attributes: full, newton on
      pair build: full/bin/atomonly
      stencil: full/bin/3d
      bin: standard
Per MPI rank memory allocation (min/avg/max) = 2.958 | 2.958 | 2.958 Mbytes
   Step          Temp          E_pair         E_mol          TotEng         Press     
WARNING: Too many warnings: 205 vs 100. All future warnings will be suppressed (src/thermo.cpp:478)
         0   0             -1.9218347      0             -1.9218347      577397.18    
Loop time of 1.08e-06 on 1 procs for 0 steps with 8 atoms

0.0% CPU use with 1 MPI tasks x 1 OpenMP threads

MPI task timing breakdown:
Section |  min time  |  avg time  |  max time  |%varavg| %total
---------------------------------------------------------------
Pair    | 0          | 0          | 0          |   0.0 |  0.00
Neigh   | 0          | 0          | 0          |   0.0 |  0.00
Comm    | 0          | 0          | 0          |   0.0 |  0.00
Output  | 0          | 0          | 0          |   0.0 |  0.00
Modify  | 0          | 0          | 0          |   0.0 |  0.00
Other   |            | 1.08e-06   |            |       |100.00

Nlocal:              8 ave           8 max           8 min
Histogram: 1 0 0 0 0 0 0 0 0 0
Nghost:            217 ave         217 max         217 min
Histogram: 1 0 0 0 0 0 0 0 0 0
Neighs:              0 ave           0 max           0 min
Histogram: 1 0 0 0 0 0 0 0 0 0
FullNghs:          304 ave         304 max         304 min
Histogram: 1 0 0 0 0 0 0 0 0 0

Total # of neighbors = 304
Ave neighs/atom = 38
Neighbor list builds = 0
Dangerous builds = 0
next i
jump SELF loop_struct
clear
  using 1 OpenMP thread(s) per MPI task
log energies.log append
units metal
boundary p p p
atom_style atomic
read_data Si111_${i}.in
read_data Si111_206.in
Reading data file ...
  orthogonal box = (0 0 0) to (5.4437022 5.4437022 5.4437022)
  1 by 1 by 1 MPI processor grid
  reading atoms ...
  8 atoms
  reading velocities ...
  8 velocities
  read_data CPU = 0.000 seconds
mass 1 28.085
pair_style sw
pair_coeff * * Si.sw Si
Reading sw potential file Si.sw with DATE: 2007-06-11
run 0
Neighbor list info ...
  update: every = 1 steps, delay = 0 steps, check = yes
  max neighbors/atom: 2000, page size: 100000
  master list distance cutoff = 5.77118
  ghost atom cutoff = 5.77118
  binsize = 2.88559, bins = 2 2 2
  1 neighbor lists, perpetual/occasional/extra = 1 0 0
  (1) pair sw, perpetual
      attributes: full, newton on
      pair build: full/bin/atomonly
      stencil: full/bin/3d
      bin: standard
Per MPI rank memory allocation (min/avg/max) = 2.958 | 2.958 | 2.958 Mbytes
   Step          Temp          E_pair         E_mol          TotEng         Press     
WARNING: Too many warnings: 206 vs 100. All future warnings will be suppressed (src/thermo.cpp:478)
         0   0              78.494778      0              78.494778      1968873.5    
Loop time of 1.05e-06 on 1 procs for 0 steps with 8 atoms

95.2% CPU use with 1 MPI tasks x 1 OpenMP threads

MPI task timing breakdown:
Section |  min time  |  avg time  |  max time  |%varavg| %total
---------------------------------------------------------------
Pair    | 0          | 0          | 0          |   0.0 |  0.00
Neigh   | 0          | 0          | 0          |   0.0 |  0.00
Comm    | 0          | 0          | 0          |   0.0 |  0.00
Output  | 0          | 0          | 0          |   0.0 |  0.00
Modify  | 0          | 0          | 0          |   0.0 |  0.00
Other   |            | 1.05e-06   |            |       |100.00

Nlocal:              8 ave           8 max           8 min
Histogram: 1 0 0 0 0 0 0 0 0 0
Nghost:            217 ave         217 max         217 min
Histogram: 1 0 0 0 0 0 0 0 0 0
Neighs:              0 ave           0 max           0 min
Histogram: 1 0 0 0 0 0 0 0 0 0
FullNghs:          312 ave         312 max         312 min
Histogram: 1 0 0 0 0 0 0 0 0 0

Total # of neighbors = 312
Ave neighs/atom = 39
Neighbor list builds = 0
Dangerous builds = 0
next i
jump SELF loop_struct
clear
  using 1 OpenMP thread(s) per MPI task
log energies.log append
units metal
boundary p p p
atom_style atomic
read_data Si111_${i}.in
read_data Si111_207.in
Reading data file ...
  orthogonal box = (0 0 0) to (5.4437022 5.4437022 5.4437022)
  1 by 1 by 1 MPI processor grid
  reading atoms ...
  8 atoms
  reading velocities ...
  8 velocities
  read_data CPU = 0.000 seconds
mass 1 28.085
pair_style sw
pair_coeff * * Si.sw Si
Reading sw potential file Si.sw with DATE: 2007-06-11
run 0
Neighbor list info ...
  update: every = 1 steps, delay = 0 steps, check = yes
  max neighbors/atom: 2000, page size: 100000
  master list distance cutoff = 5.77118
  ghost atom cutoff = 5.77118
  binsize = 2.88559, bins = 2 2 2
  1 neighbor lists, perpetual/occasional/extra = 1 0 0
  (1) pair sw, perpetual
      attributes: full, newton on
      pair build: full/bin/atomonly
      stencil: full/bin/3d
      bin: standard
Per MPI rank memory allocation (min/avg/max) = 2.958 | 2.958 | 2.958 Mbytes
   Step          Temp          E_pair         E_mol          TotEng         Press     
WARNING: Too many warnings: 207 vs 100. All future warnings will be suppressed (src/thermo.cpp:478)
         0   0              205.719        0              205.719        3552735.2    
Loop time of 1.05e-06 on 1 procs for 0 steps with 8 atoms

95.2% CPU use with 1 MPI tasks x 1 OpenMP threads

MPI task timing breakdown:
Section |  min time  |  avg time  |  max time  |%varavg| %total
---------------------------------------------------------------
Pair    | 0          | 0          | 0          |   0.0 |  0.00
Neigh   | 0          | 0          | 0          |   0.0 |  0.00
Comm    | 0          | 0          | 0          |   0.0 |  0.00
Output  | 0          | 0          | 0          |   0.0 |  0.00
Modify  | 0          | 0          | 0          |   0.0 |  0.00
Other   |            | 1.05e-06   |            |       |100.00

Nlocal:              8 ave           8 max           8 min
Histogram: 1 0 0 0 0 0 0 0 0 0
Nghost:            238 ave         238 max         238 min
Histogram: 1 0 0 0 0 0 0 0 0 0
Neighs:              0 ave           0 max           0 min
Histogram: 1 0 0 0 0 0 0 0 0 0
FullNghs:          314 ave         314 max         314 min
Histogram: 1 0 0 0 0 0 0 0 0 0

Total # of neighbors = 314
Ave neighs/atom = 39.25
Neighbor list builds = 0
Dangerous builds = 0
next i
jump SELF loop_struct
clear
  using 1 OpenMP thread(s) per MPI task
log energies.log append
units metal
boundary p p p
atom_style atomic
read_data Si111_${i}.in
read_data Si111_208.in
Reading data file ...
  orthogonal box = (0 0 0) to (5.4437022 5.4437022 5.4437022)
  1 by 1 by 1 MPI processor grid
  reading atoms ...
  8 atoms
  reading velocities ...
  8 velocities
  read_data CPU = 0.000 seconds
mass 1 28.085
pair_style sw
pair_coeff * * Si.sw Si
Reading sw potential file Si.sw with DATE: 2007-06-11
run 0
Neighbor list info ...
  update: every = 1 steps, delay = 0 steps, check = yes
  max neighbors/atom: 2000, page size: 100000
  master list distance cutoff = 5.77118
  ghost atom cutoff = 5.77118
  binsize = 2.88559, bins = 2 2 2
  1 neighbor lists, perpetual/occasional/extra = 1 0 0
  (1) pair sw, perpetual
      attributes: full, newton on
      pair build: full/bin/atomonly
      stencil: full/bin/3d
      bin: standard
Per MPI rank memory allocation (min/avg/max) = 2.958 | 2.958 | 2.958 Mbytes
   Step          Temp          E_pair         E_mol          TotEng         Press     
WARNING: Too many warnings: 208 vs 100. All future warnings will be suppressed (src/thermo.cpp:478)
         0   0              27.167601      0              27.167601      980953.87    
Loop time of 1.06e-06 on 1 procs for 0 steps with 8 atoms

94.3% CPU use with 1 MPI tasks x 1 OpenMP threads

MPI task timing breakdown:
Section |  min time  |  avg time  |  max time  |%varavg| %total
---------------------------------------------------------------
Pair    | 0          | 0          | 0          |   0.0 |  0.00
Neigh   | 0          | 0          | 0          |   0.0 |  0.00
Comm    | 0          | 0          | 0          |   0.0 |  0.00
Output  | 0          | 0          | 0          |   0.0 |  0.00
Modify  | 0          | 0          | 0          |   0.0 |  0.00
Other   |            | 1.06e-06   |            |       |100.00

Nlocal:              8 ave           8 max           8 min
Histogram: 1 0 0 0 0 0 0 0 0 0
Nghost:            226 ave         226 max         226 min
Histogram: 1 0 0 0 0 0 0 0 0 0
Neighs:              0 ave           0 max           0 min
Histogram: 1 0 0 0 0 0 0 0 0 0
FullNghs:          300 ave         300 max         300 min
Histogram: 1 0 0 0 0 0 0 0 0 0

Total # of neighbors = 300
Ave neighs/atom = 37.5
Neighbor list builds = 0
Dangerous builds = 0
next i
jump SELF loop_struct
clear
  using 1 OpenMP thread(s) per MPI task
log energies.log append
units metal
boundary p p p
atom_style atomic
read_data Si111_${i}.in
read_data Si111_209.in
Reading data file ...
  orthogonal box = (0 0 0) to (5.4437022 5.4437022 5.4437022)
  1 by 1 by 1 MPI processor grid
  reading atoms ...
  8 atoms
  reading velocities ...
  8 velocities
  read_data CPU = 0.000 seconds
mass 1 28.085
pair_style sw
pair_coeff * * Si.sw Si
Reading sw potential file Si.sw with DATE: 2007-06-11
run 0
Neighbor list info ...
  update: every = 1 steps, delay = 0 steps, check = yes
  max neighbors/atom: 2000, page size: 100000
  master list distance cutoff = 5.77118
  ghost atom cutoff = 5.77118
  binsize = 2.88559, bins = 2 2 2
  1 neighbor lists, perpetual/occasional/extra = 1 0 0
  (1) pair sw, perpetual
      attributes: full, newton on
      pair build: full/bin/atomonly
      stencil: full/bin/3d
      bin: standard
Per MPI rank memory allocation (min/avg/max) = 2.958 | 2.958 | 2.958 Mbytes
   Step          Temp          E_pair         E_mol          TotEng         Press     
WARNING: Too many warnings: 209 vs 100. All future warnings will be suppressed (src/thermo.cpp:478)
         0   0              86.844906      0              86.844906      1776591.9    
Loop time of 1.08e-06 on 1 procs for 0 steps with 8 atoms

185.2% CPU use with 1 MPI tasks x 1 OpenMP threads

MPI task timing breakdown:
Section |  min time  |  avg time  |  max time  |%varavg| %total
---------------------------------------------------------------
Pair    | 0          | 0          | 0          |   0.0 |  0.00
Neigh   | 0          | 0          | 0          |   0.0 |  0.00
Comm    | 0          | 0          | 0          |   0.0 |  0.00
Output  | 0          | 0          | 0          |   0.0 |  0.00
Modify  | 0          | 0          | 0          |   0.0 |  0.00
Other   |            | 1.08e-06   |            |       |100.00

Nlocal:              8 ave           8 max           8 min
Histogram: 1 0 0 0 0 0 0 0 0 0
Nghost:            226 ave         226 max         226 min
Histogram: 1 0 0 0 0 0 0 0 0 0
Neighs:              0 ave           0 max           0 min
Histogram: 1 0 0 0 0 0 0 0 0 0
FullNghs:          310 ave         310 max         310 min
Histogram: 1 0 0 0 0 0 0 0 0 0

Total # of neighbors = 310
Ave neighs/atom = 38.75
Neighbor list builds = 0
Dangerous builds = 0
next i
jump SELF loop_struct
clear
  using 1 OpenMP thread(s) per MPI task
log energies.log append
units metal
boundary p p p
atom_style atomic
read_data Si111_${i}.in
read_data Si111_210.in
Reading data file ...
  orthogonal box = (0 0 0) to (5.4437022 5.4437022 5.4437022)
  1 by 1 by 1 MPI processor grid
  reading atoms ...
  8 atoms
  reading velocities ...
  8 velocities
  read_data CPU = 0.000 seconds
mass 1 28.085
pair_style sw
pair_coeff * * Si.sw Si
Reading sw potential file Si.sw with DATE: 2007-06-11
run 0
Neighbor list info ...
  update: every = 1 steps, delay = 0 steps, check = yes
  max neighbors/atom: 2000, page size: 100000
  master list distance cutoff = 5.77118
  ghost atom cutoff = 5.77118
  binsize = 2.88559, bins = 2 2 2
  1 neighbor lists, perpetual/occasional/extra = 1 0 0
  (1) pair sw, perpetual
      attributes: full, newton on
      pair build: full/bin/atomonly
      stencil: full/bin/3d
      bin: standard
Per MPI rank memory allocation (min/avg/max) = 2.958 | 2.958 | 2.958 Mbytes
   Step          Temp          E_pair         E_mol          TotEng         Press     
WARNING: Too many warnings: 210 vs 100. All future warnings will be suppressed (src/thermo.cpp:478)
         0   0              229.00756      0              229.00756      4171266.8    
Loop time of 1.07e-06 on 1 procs for 0 steps with 8 atoms

0.0% CPU use with 1 MPI tasks x 1 OpenMP threads

MPI task timing breakdown:
Section |  min time  |  avg time  |  max time  |%varavg| %total
---------------------------------------------------------------
Pair    | 0          | 0          | 0          |   0.0 |  0.00
Neigh   | 0          | 0          | 0          |   0.0 |  0.00
Comm    | 0          | 0          | 0          |   0.0 |  0.00
Output  | 0          | 0          | 0          |   0.0 |  0.00
Modify  | 0          | 0          | 0          |   0.0 |  0.00
Other   |            | 1.07e-06   |            |       |100.00

Nlocal:              8 ave           8 max           8 min
Histogram: 1 0 0 0 0 0 0 0 0 0
Nghost:            217 ave         217 max         217 min
Histogram: 1 0 0 0 0 0 0 0 0 0
Neighs:              0 ave           0 max           0 min
Histogram: 1 0 0 0 0 0 0 0 0 0
FullNghs:          302 ave         302 max         302 min
Histogram: 1 0 0 0 0 0 0 0 0 0

Total # of neighbors = 302
Ave neighs/atom = 37.75
Neighbor list builds = 0
Dangerous builds = 0
next i
jump SELF loop_struct
clear
  using 1 OpenMP thread(s) per MPI task
log energies.log append
units metal
boundary p p p
atom_style atomic
read_data Si111_${i}.in
read_data Si111_211.in
Reading data file ...
  orthogonal box = (0 0 0) to (5.4437022 5.4437022 5.4437022)
  1 by 1 by 1 MPI processor grid
  reading atoms ...
  8 atoms
  reading velocities ...
  8 velocities
  read_data CPU = 0.001 seconds
mass 1 28.085
pair_style sw
pair_coeff * * Si.sw Si
Reading sw potential file Si.sw with DATE: 2007-06-11
run 0
Neighbor list info ...
  update: every = 1 steps, delay = 0 steps, check = yes
  max neighbors/atom: 2000, page size: 100000
  master list distance cutoff = 5.77118
  ghost atom cutoff = 5.77118
  binsize = 2.88559, bins = 2 2 2
  1 neighbor lists, perpetual/occasional/extra = 1 0 0
  (1) pair sw, perpetual
      attributes: full, newton on
      pair build: full/bin/atomonly
      stencil: full/bin/3d
      bin: standard
Per MPI rank memory allocation (min/avg/max) = 2.958 | 2.958 | 2.958 Mbytes
   Step          Temp          E_pair         E_mol          TotEng         Press     
WARNING: Too many warnings: 211 vs 100. All future warnings will be suppressed (src/thermo.cpp:478)
         0   0              57.197735      0              57.197735      1644271.1    
Loop time of 1.08e-06 on 1 procs for 0 steps with 8 atoms

0.0% CPU use with 1 MPI tasks x 1 OpenMP threads

MPI task timing breakdown:
Section |  min time  |  avg time  |  max time  |%varavg| %total
---------------------------------------------------------------
Pair    | 0          | 0          | 0          |   0.0 |  0.00
Neigh   | 0          | 0          | 0          |   0.0 |  0.00
Comm    | 0          | 0          | 0          |   0.0 |  0.00
Output  | 0          | 0          | 0          |   0.0 |  0.00
Modify  | 0          | 0          | 0          |   0.0 |  0.00
Other   |            | 1.08e-06   |            |       |100.00

Nlocal:              8 ave           8 max           8 min
Histogram: 1 0 0 0 0 0 0 0 0 0
Nghost:            226 ave         226 max         226 min
Histogram: 1 0 0 0 0 0 0 0 0 0
Neighs:              0 ave           0 max           0 min
Histogram: 1 0 0 0 0 0 0 0 0 0
FullNghs:          306 ave         306 max         306 min
Histogram: 1 0 0 0 0 0 0 0 0 0

Total # of neighbors = 306
Ave neighs/atom = 38.25
Neighbor list builds = 0
Dangerous builds = 0
next i
jump SELF loop_struct
clear
  using 1 OpenMP thread(s) per MPI task
log energies.log append
units metal
boundary p p p
atom_style atomic
read_data Si111_${i}.in
read_data Si111_212.in
Reading data file ...
  orthogonal box = (0 0 0) to (5.4437022 5.4437022 5.4437022)
  1 by 1 by 1 MPI processor grid
  reading atoms ...
  8 atoms
  reading velocities ...
  8 velocities
  read_data CPU = 0.000 seconds
mass 1 28.085
pair_style sw
pair_coeff * * Si.sw Si
Reading sw potential file Si.sw with DATE: 2007-06-11
run 0
Neighbor list info ...
  update: every = 1 steps, delay = 0 steps, check = yes
  max neighbors/atom: 2000, page size: 100000
  master list distance cutoff = 5.77118
  ghost atom cutoff = 5.77118
  binsize = 2.88559, bins = 2 2 2
  1 neighbor lists, perpetual/occasional/extra = 1 0 0
  (1) pair sw, perpetual
      attributes: full, newton on
      pair build: full/bin/atomonly
      stencil: full/bin/3d
      bin: standard
Per MPI rank memory allocation (min/avg/max) = 2.958 | 2.958 | 2.958 Mbytes
   Step          Temp          E_pair         E_mol          TotEng         Press     
WARNING: Too many warnings: 212 vs 100. All future warnings will be suppressed (src/thermo.cpp:478)
         0   0              110.01184      0              110.01184      2529255.7    
Loop time of 1.08e-06 on 1 procs for 0 steps with 8 atoms

0.0% CPU use with 1 MPI tasks x 1 OpenMP threads

MPI task timing breakdown:
Section |  min time  |  avg time  |  max time  |%varavg| %total
---------------------------------------------------------------
Pair    | 0          | 0          | 0          |   0.0 |  0.00
Neigh   | 0          | 0          | 0          |   0.0 |  0.00
Comm    | 0          | 0          | 0          |   0.0 |  0.00
Output  | 0          | 0          | 0          |   0.0 |  0.00
Modify  | 0          | 0          | 0          |   0.0 |  0.00
Other   |            | 1.08e-06   |            |       |100.00

Nlocal:              8 ave           8 max           8 min
Histogram: 1 0 0 0 0 0 0 0 0 0
Nghost:            217 ave         217 max         217 min
Histogram: 1 0 0 0 0 0 0 0 0 0
Neighs:              0 ave           0 max           0 min
Histogram: 1 0 0 0 0 0 0 0 0 0
FullNghs:          306 ave         306 max         306 min
Histogram: 1 0 0 0 0 0 0 0 0 0

Total # of neighbors = 306
Ave neighs/atom = 38.25
Neighbor list builds = 0
Dangerous builds = 0
next i
jump SELF loop_struct
clear
  using 1 OpenMP thread(s) per MPI task
log energies.log append
units metal
boundary p p p
atom_style atomic
read_data Si111_${i}.in
read_data Si111_213.in
Reading data file ...
  orthogonal box = (0 0 0) to (5.4437022 5.4437022 5.4437022)
  1 by 1 by 1 MPI processor grid
  reading atoms ...
  8 atoms
  reading velocities ...
  8 velocities
  read_data CPU = 0.000 seconds
mass 1 28.085
pair_style sw
pair_coeff * * Si.sw Si
Reading sw potential file Si.sw with DATE: 2007-06-11
run 0
Neighbor list info ...
  update: every = 1 steps, delay = 0 steps, check = yes
  max neighbors/atom: 2000, page size: 100000
  master list distance cutoff = 5.77118
  ghost atom cutoff = 5.77118
  binsize = 2.88559, bins = 2 2 2
  1 neighbor lists, perpetual/occasional/extra = 1 0 0
  (1) pair sw, perpetual
      attributes: full, newton on
      pair build: full/bin/atomonly
      stencil: full/bin/3d
      bin: standard
Per MPI rank memory allocation (min/avg/max) = 2.958 | 2.958 | 2.958 Mbytes
   Step          Temp          E_pair         E_mol          TotEng         Press     
WARNING: Too many warnings: 213 vs 100. All future warnings will be suppressed (src/thermo.cpp:478)
         0   0              679.81725      0              679.81725      9910547.5    
Loop time of 1.04e-06 on 1 procs for 0 steps with 8 atoms

0.0% CPU use with 1 MPI tasks x 1 OpenMP threads

MPI task timing breakdown:
Section |  min time  |  avg time  |  max time  |%varavg| %total
---------------------------------------------------------------
Pair    | 0          | 0          | 0          |   0.0 |  0.00
Neigh   | 0          | 0          | 0          |   0.0 |  0.00
Comm    | 0          | 0          | 0          |   0.0 |  0.00
Output  | 0          | 0          | 0          |   0.0 |  0.00
Modify  | 0          | 0          | 0          |   0.0 |  0.00
Other   |            | 1.04e-06   |            |       |100.00

Nlocal:              8 ave           8 max           8 min
Histogram: 1 0 0 0 0 0 0 0 0 0
Nghost:            245 ave         245 max         245 min
Histogram: 1 0 0 0 0 0 0 0 0 0
Neighs:              0 ave           0 max           0 min
Histogram: 1 0 0 0 0 0 0 0 0 0
FullNghs:          304 ave         304 max         304 min
Histogram: 1 0 0 0 0 0 0 0 0 0

Total # of neighbors = 304
Ave neighs/atom = 38
Neighbor list builds = 0
Dangerous builds = 0
next i
jump SELF loop_struct
clear
  using 1 OpenMP thread(s) per MPI task
log energies.log append
units metal
boundary p p p
atom_style atomic
read_data Si111_${i}.in
read_data Si111_214.in
Reading data file ...
  orthogonal box = (0 0 0) to (5.4437022 5.4437022 5.4437022)
  1 by 1 by 1 MPI processor grid
  reading atoms ...
  8 atoms
  reading velocities ...
  8 velocities
  read_data CPU = 0.000 seconds
mass 1 28.085
pair_style sw
pair_coeff * * Si.sw Si
Reading sw potential file Si.sw with DATE: 2007-06-11
run 0
Neighbor list info ...
  update: every = 1 steps, delay = 0 steps, check = yes
  max neighbors/atom: 2000, page size: 100000
  master list distance cutoff = 5.77118
  ghost atom cutoff = 5.77118
  binsize = 2.88559, bins = 2 2 2
  1 neighbor lists, perpetual/occasional/extra = 1 0 0
  (1) pair sw, perpetual
      attributes: full, newton on
      pair build: full/bin/atomonly
      stencil: full/bin/3d
      bin: standard
Per MPI rank memory allocation (min/avg/max) = 2.958 | 2.958 | 2.958 Mbytes
   Step          Temp          E_pair         E_mol          TotEng         Press     
WARNING: Too many warnings: 214 vs 100. All future warnings will be suppressed (src/thermo.cpp:478)
         0   0              54.511052      0              54.511052      1544627.2    
Loop time of 1.15e-06 on 1 procs for 0 steps with 8 atoms

87.0% CPU use with 1 MPI tasks x 1 OpenMP threads

MPI task timing breakdown:
Section |  min time  |  avg time  |  max time  |%varavg| %total
---------------------------------------------------------------
Pair    | 0          | 0          | 0          |   0.0 |  0.00
Neigh   | 0          | 0          | 0          |   0.0 |  0.00
Comm    | 0          | 0          | 0          |   0.0 |  0.00
Output  | 0          | 0          | 0          |   0.0 |  0.00
Modify  | 0          | 0          | 0          |   0.0 |  0.00
Other   |            | 1.15e-06   |            |       |100.00

Nlocal:              8 ave           8 max           8 min
Histogram: 1 0 0 0 0 0 0 0 0 0
Nghost:            217 ave         217 max         217 min
Histogram: 1 0 0 0 0 0 0 0 0 0
Neighs:              0 ave           0 max           0 min
Histogram: 1 0 0 0 0 0 0 0 0 0
FullNghs:          312 ave         312 max         312 min
Histogram: 1 0 0 0 0 0 0 0 0 0

Total # of neighbors = 312
Ave neighs/atom = 39
Neighbor list builds = 0
Dangerous builds = 0
next i
jump SELF loop_struct
clear
  using 1 OpenMP thread(s) per MPI task
log energies.log append
units metal
boundary p p p
atom_style atomic
read_data Si111_${i}.in
read_data Si111_215.in
Reading data file ...
  orthogonal box = (0 0 0) to (5.4437022 5.4437022 5.4437022)
  1 by 1 by 1 MPI processor grid
  reading atoms ...
  8 atoms
  reading velocities ...
  8 velocities
  read_data CPU = 0.000 seconds
mass 1 28.085
pair_style sw
pair_coeff * * Si.sw Si
Reading sw potential file Si.sw with DATE: 2007-06-11
run 0
Neighbor list info ...
  update: every = 1 steps, delay = 0 steps, check = yes
  max neighbors/atom: 2000, page size: 100000
  master list distance cutoff = 5.77118
  ghost atom cutoff = 5.77118
  binsize = 2.88559, bins = 2 2 2
  1 neighbor lists, perpetual/occasional/extra = 1 0 0
  (1) pair sw, perpetual
      attributes: full, newton on
      pair build: full/bin/atomonly
      stencil: full/bin/3d
      bin: standard
Per MPI rank memory allocation (min/avg/max) = 2.958 | 2.958 | 2.958 Mbytes
   Step          Temp          E_pair         E_mol          TotEng         Press     
WARNING: Too many warnings: 215 vs 100. All future warnings will be suppressed (src/thermo.cpp:478)
         0   0              28.217822      0              28.217822      1058149.6    
Loop time of 1.07e-06 on 1 procs for 0 steps with 8 atoms

0.0% CPU use with 1 MPI tasks x 1 OpenMP threads

MPI task timing breakdown:
Section |  min time  |  avg time  |  max time  |%varavg| %total
---------------------------------------------------------------
Pair    | 0          | 0          | 0          |   0.0 |  0.00
Neigh   | 0          | 0          | 0          |   0.0 |  0.00
Comm    | 0          | 0          | 0          |   0.0 |  0.00
Output  | 0          | 0          | 0          |   0.0 |  0.00
Modify  | 0          | 0          | 0          |   0.0 |  0.00
Other   |            | 1.07e-06   |            |       |100.00

Nlocal:              8 ave           8 max           8 min
Histogram: 1 0 0 0 0 0 0 0 0 0
Nghost:            226 ave         226 max         226 min
Histogram: 1 0 0 0 0 0 0 0 0 0
Neighs:              0 ave           0 max           0 min
Histogram: 1 0 0 0 0 0 0 0 0 0
FullNghs:          310 ave         310 max         310 min
Histogram: 1 0 0 0 0 0 0 0 0 0

Total # of neighbors = 310
Ave neighs/atom = 38.75
Neighbor list builds = 0
Dangerous builds = 0
next i
jump SELF loop_struct
clear
  using 1 OpenMP thread(s) per MPI task
log energies.log append
units metal
boundary p p p
atom_style atomic
read_data Si111_${i}.in
read_data Si111_216.in
Reading data file ...
  orthogonal box = (0 0 0) to (5.4437022 5.4437022 5.4437022)
  1 by 1 by 1 MPI processor grid
  reading atoms ...
  8 atoms
  reading velocities ...
  8 velocities
  read_data CPU = 0.000 seconds
mass 1 28.085
pair_style sw
pair_coeff * * Si.sw Si
Reading sw potential file Si.sw with DATE: 2007-06-11
run 0
Neighbor list info ...
  update: every = 1 steps, delay = 0 steps, check = yes
  max neighbors/atom: 2000, page size: 100000
  master list distance cutoff = 5.77118
  ghost atom cutoff = 5.77118
  binsize = 2.88559, bins = 2 2 2
  1 neighbor lists, perpetual/occasional/extra = 1 0 0
  (1) pair sw, perpetual
      attributes: full, newton on
      pair build: full/bin/atomonly
      stencil: full/bin/3d
      bin: standard
Per MPI rank memory allocation (min/avg/max) = 2.958 | 2.958 | 2.958 Mbytes
   Step          Temp          E_pair         E_mol          TotEng         Press     
WARNING: Too many warnings: 216 vs 100. All future warnings will be suppressed (src/thermo.cpp:478)
         0   0              13.525687      0              13.525687      922986.33    
Loop time of 1.06e-06 on 1 procs for 0 steps with 8 atoms

0.0% CPU use with 1 MPI tasks x 1 OpenMP threads

MPI task timing breakdown:
Section |  min time  |  avg time  |  max time  |%varavg| %total
---------------------------------------------------------------
Pair    | 0          | 0          | 0          |   0.0 |  0.00
Neigh   | 0          | 0          | 0          |   0.0 |  0.00
Comm    | 0          | 0          | 0          |   0.0 |  0.00
Output  | 0          | 0          | 0          |   0.0 |  0.00
Modify  | 0          | 0          | 0          |   0.0 |  0.00
Other   |            | 1.06e-06   |            |       |100.00

Nlocal:              8 ave           8 max           8 min
Histogram: 1 0 0 0 0 0 0 0 0 0
Nghost:            208 ave         208 max         208 min
Histogram: 1 0 0 0 0 0 0 0 0 0
Neighs:              0 ave           0 max           0 min
Histogram: 1 0 0 0 0 0 0 0 0 0
FullNghs:          302 ave         302 max         302 min
Histogram: 1 0 0 0 0 0 0 0 0 0

Total # of neighbors = 302
Ave neighs/atom = 37.75
Neighbor list builds = 0
Dangerous builds = 0
next i
jump SELF loop_struct
clear
  using 1 OpenMP thread(s) per MPI task
log energies.log append
units metal
boundary p p p
atom_style atomic
read_data Si111_${i}.in
read_data Si111_217.in
Reading data file ...
  orthogonal box = (0 0 0) to (5.4437022 5.4437022 5.4437022)
  1 by 1 by 1 MPI processor grid
  reading atoms ...
  8 atoms
  reading velocities ...
  8 velocities
  read_data CPU = 0.000 seconds
mass 1 28.085
pair_style sw
pair_coeff * * Si.sw Si
Reading sw potential file Si.sw with DATE: 2007-06-11
run 0
Neighbor list info ...
  update: every = 1 steps, delay = 0 steps, check = yes
  max neighbors/atom: 2000, page size: 100000
  master list distance cutoff = 5.77118
  ghost atom cutoff = 5.77118
  binsize = 2.88559, bins = 2 2 2
  1 neighbor lists, perpetual/occasional/extra = 1 0 0
  (1) pair sw, perpetual
      attributes: full, newton on
      pair build: full/bin/atomonly
      stencil: full/bin/3d
      bin: standard
Per MPI rank memory allocation (min/avg/max) = 2.958 | 2.958 | 2.958 Mbytes
   Step          Temp          E_pair         E_mol          TotEng         Press     
WARNING: Too many warnings: 217 vs 100. All future warnings will be suppressed (src/thermo.cpp:478)
         0   0              8231.6536      0              8231.6536      1.1106971e+08
Loop time of 1.06e-06 on 1 procs for 0 steps with 8 atoms

0.0% CPU use with 1 MPI tasks x 1 OpenMP threads

MPI task timing breakdown:
Section |  min time  |  avg time  |  max time  |%varavg| %total
---------------------------------------------------------------
Pair    | 0          | 0          | 0          |   0.0 |  0.00
Neigh   | 0          | 0          | 0          |   0.0 |  0.00
Comm    | 0          | 0          | 0          |   0.0 |  0.00
Output  | 0          | 0          | 0          |   0.0 |  0.00
Modify  | 0          | 0          | 0          |   0.0 |  0.00
Other   |            | 1.06e-06   |            |       |100.00

Nlocal:              8 ave           8 max           8 min
Histogram: 1 0 0 0 0 0 0 0 0 0
Nghost:            208 ave         208 max         208 min
Histogram: 1 0 0 0 0 0 0 0 0 0
Neighs:              0 ave           0 max           0 min
Histogram: 1 0 0 0 0 0 0 0 0 0
FullNghs:          316 ave         316 max         316 min
Histogram: 1 0 0 0 0 0 0 0 0 0

Total # of neighbors = 316
Ave neighs/atom = 39.5
Neighbor list builds = 0
Dangerous builds = 0
next i
jump SELF loop_struct
clear
  using 1 OpenMP thread(s) per MPI task
log energies.log append
units metal
boundary p p p
atom_style atomic
read_data Si111_${i}.in
read_data Si111_218.in
Reading data file ...
  orthogonal box = (0 0 0) to (5.4437022 5.4437022 5.4437022)
  1 by 1 by 1 MPI processor grid
  reading atoms ...
  8 atoms
  reading velocities ...
  8 velocities
  read_data CPU = 0.000 seconds
mass 1 28.085
pair_style sw
pair_coeff * * Si.sw Si
Reading sw potential file Si.sw with DATE: 2007-06-11
run 0
Neighbor list info ...
  update: every = 1 steps, delay = 0 steps, check = yes
  max neighbors/atom: 2000, page size: 100000
  master list distance cutoff = 5.77118
  ghost atom cutoff = 5.77118
  binsize = 2.88559, bins = 2 2 2
  1 neighbor lists, perpetual/occasional/extra = 1 0 0
  (1) pair sw, perpetual
      attributes: full, newton on
      pair build: full/bin/atomonly
      stencil: full/bin/3d
      bin: standard
Per MPI rank memory allocation (min/avg/max) = 2.958 | 2.958 | 2.958 Mbytes
   Step          Temp          E_pair         E_mol          TotEng         Press     
WARNING: Too many warnings: 218 vs 100. All future warnings will be suppressed (src/thermo.cpp:478)
         0   0              1526.4262      0              1526.4262      21513245     
Loop time of 1.06e-06 on 1 procs for 0 steps with 8 atoms

94.3% CPU use with 1 MPI tasks x 1 OpenMP threads

MPI task timing breakdown:
Section |  min time  |  avg time  |  max time  |%varavg| %total
---------------------------------------------------------------
Pair    | 0          | 0          | 0          |   0.0 |  0.00
Neigh   | 0          | 0          | 0          |   0.0 |  0.00
Comm    | 0          | 0          | 0          |   0.0 |  0.00
Output  | 0          | 0          | 0          |   0.0 |  0.00
Modify  | 0          | 0          | 0          |   0.0 |  0.00
Other   |            | 1.06e-06   |            |       |100.00

Nlocal:              8 ave           8 max           8 min
Histogram: 1 0 0 0 0 0 0 0 0 0
Nghost:            208 ave         208 max         208 min
Histogram: 1 0 0 0 0 0 0 0 0 0
Neighs:              0 ave           0 max           0 min
Histogram: 1 0 0 0 0 0 0 0 0 0
FullNghs:          314 ave         314 max         314 min
Histogram: 1 0 0 0 0 0 0 0 0 0

Total # of neighbors = 314
Ave neighs/atom = 39.25
Neighbor list builds = 0
Dangerous builds = 0
next i
jump SELF loop_struct
clear
  using 1 OpenMP thread(s) per MPI task
log energies.log append
units metal
boundary p p p
atom_style atomic
read_data Si111_${i}.in
read_data Si111_219.in
Reading data file ...
  orthogonal box = (0 0 0) to (5.4437022 5.4437022 5.4437022)
  1 by 1 by 1 MPI processor grid
  reading atoms ...
  8 atoms
  reading velocities ...
  8 velocities
  read_data CPU = 0.000 seconds
mass 1 28.085
pair_style sw
pair_coeff * * Si.sw Si
Reading sw potential file Si.sw with DATE: 2007-06-11
run 0
Neighbor list info ...
  update: every = 1 steps, delay = 0 steps, check = yes
  max neighbors/atom: 2000, page size: 100000
  master list distance cutoff = 5.77118
  ghost atom cutoff = 5.77118
  binsize = 2.88559, bins = 2 2 2
  1 neighbor lists, perpetual/occasional/extra = 1 0 0
  (1) pair sw, perpetual
      attributes: full, newton on
      pair build: full/bin/atomonly
      stencil: full/bin/3d
      bin: standard
Per MPI rank memory allocation (min/avg/max) = 2.958 | 2.958 | 2.958 Mbytes
   Step          Temp          E_pair         E_mol          TotEng         Press     
WARNING: Too many warnings: 219 vs 100. All future warnings will be suppressed (src/thermo.cpp:478)
         0   0              8.9243701      0              8.9243701      796777.03    
Loop time of 1.08e-06 on 1 procs for 0 steps with 8 atoms

0.0% CPU use with 1 MPI tasks x 1 OpenMP threads

MPI task timing breakdown:
Section |  min time  |  avg time  |  max time  |%varavg| %total
---------------------------------------------------------------
Pair    | 0          | 0          | 0          |   0.0 |  0.00
Neigh   | 0          | 0          | 0          |   0.0 |  0.00
Comm    | 0          | 0          | 0          |   0.0 |  0.00
Output  | 0          | 0          | 0          |   0.0 |  0.00
Modify  | 0          | 0          | 0          |   0.0 |  0.00
Other   |            | 1.08e-06   |            |       |100.00

Nlocal:              8 ave           8 max           8 min
Histogram: 1 0 0 0 0 0 0 0 0 0
Nghost:            208 ave         208 max         208 min
Histogram: 1 0 0 0 0 0 0 0 0 0
Neighs:              0 ave           0 max           0 min
Histogram: 1 0 0 0 0 0 0 0 0 0
FullNghs:          314 ave         314 max         314 min
Histogram: 1 0 0 0 0 0 0 0 0 0

Total # of neighbors = 314
Ave neighs/atom = 39.25
Neighbor list builds = 0
Dangerous builds = 0
next i
jump SELF loop_struct
clear
  using 1 OpenMP thread(s) per MPI task
log energies.log append
units metal
boundary p p p
atom_style atomic
read_data Si111_${i}.in
read_data Si111_220.in
Reading data file ...
  orthogonal box = (0 0 0) to (5.4437022 5.4437022 5.4437022)
  1 by 1 by 1 MPI processor grid
  reading atoms ...
  8 atoms
  reading velocities ...
  8 velocities
  read_data CPU = 0.000 seconds
mass 1 28.085
pair_style sw
pair_coeff * * Si.sw Si
Reading sw potential file Si.sw with DATE: 2007-06-11
run 0
Neighbor list info ...
  update: every = 1 steps, delay = 0 steps, check = yes
  max neighbors/atom: 2000, page size: 100000
  master list distance cutoff = 5.77118
  ghost atom cutoff = 5.77118
  binsize = 2.88559, bins = 2 2 2
  1 neighbor lists, perpetual/occasional/extra = 1 0 0
  (1) pair sw, perpetual
      attributes: full, newton on
      pair build: full/bin/atomonly
      stencil: full/bin/3d
      bin: standard
Per MPI rank memory allocation (min/avg/max) = 2.958 | 2.958 | 2.958 Mbytes
   Step          Temp          E_pair         E_mol          TotEng         Press     
WARNING: Too many warnings: 220 vs 100. All future warnings will be suppressed (src/thermo.cpp:478)
         0   0              52.688936      0              52.688936      1396887.7    
Loop time of 1.05e-06 on 1 procs for 0 steps with 8 atoms

0.0% CPU use with 1 MPI tasks x 1 OpenMP threads

MPI task timing breakdown:
Section |  min time  |  avg time  |  max time  |%varavg| %total
---------------------------------------------------------------
Pair    | 0          | 0          | 0          |   0.0 |  0.00
Neigh   | 0          | 0          | 0          |   0.0 |  0.00
Comm    | 0          | 0          | 0          |   0.0 |  0.00
Output  | 0          | 0          | 0          |   0.0 |  0.00
Modify  | 0          | 0          | 0          |   0.0 |  0.00
Other   |            | 1.05e-06   |            |       |100.00

Nlocal:              8 ave           8 max           8 min
Histogram: 1 0 0 0 0 0 0 0 0 0
Nghost:            208 ave         208 max         208 min
Histogram: 1 0 0 0 0 0 0 0 0 0
Neighs:              0 ave           0 max           0 min
Histogram: 1 0 0 0 0 0 0 0 0 0
FullNghs:          322 ave         322 max         322 min
Histogram: 1 0 0 0 0 0 0 0 0 0

Total # of neighbors = 322
Ave neighs/atom = 40.25
Neighbor list builds = 0
Dangerous builds = 0
next i
jump SELF loop_struct
clear
  using 1 OpenMP thread(s) per MPI task
log energies.log append
units metal
boundary p p p
atom_style atomic
read_data Si111_${i}.in
read_data Si111_221.in
Reading data file ...
  orthogonal box = (0 0 0) to (5.4437022 5.4437022 5.4437022)
  1 by 1 by 1 MPI processor grid
  reading atoms ...
  8 atoms
  reading velocities ...
  8 velocities
  read_data CPU = 0.000 seconds
mass 1 28.085
pair_style sw
pair_coeff * * Si.sw Si
Reading sw potential file Si.sw with DATE: 2007-06-11
run 0
Neighbor list info ...
  update: every = 1 steps, delay = 0 steps, check = yes
  max neighbors/atom: 2000, page size: 100000
  master list distance cutoff = 5.77118
  ghost atom cutoff = 5.77118
  binsize = 2.88559, bins = 2 2 2
  1 neighbor lists, perpetual/occasional/extra = 1 0 0
  (1) pair sw, perpetual
      attributes: full, newton on
      pair build: full/bin/atomonly
      stencil: full/bin/3d
      bin: standard
Per MPI rank memory allocation (min/avg/max) = 2.958 | 2.958 | 2.958 Mbytes
   Step          Temp          E_pair         E_mol          TotEng         Press     
WARNING: Too many warnings: 221 vs 100. All future warnings will be suppressed (src/thermo.cpp:478)
         0   0              228608.76      0              228608.76      3.0455444e+09
Loop time of 1.08e-06 on 1 procs for 0 steps with 8 atoms

92.6% CPU use with 1 MPI tasks x 1 OpenMP threads

MPI task timing breakdown:
Section |  min time  |  avg time  |  max time  |%varavg| %total
---------------------------------------------------------------
Pair    | 0          | 0          | 0          |   0.0 |  0.00
Neigh   | 0          | 0          | 0          |   0.0 |  0.00
Comm    | 0          | 0          | 0          |   0.0 |  0.00
Output  | 0          | 0          | 0          |   0.0 |  0.00
Modify  | 0          | 0          | 0          |   0.0 |  0.00
Other   |            | 1.08e-06   |            |       |100.00

Nlocal:              8 ave           8 max           8 min
Histogram: 1 0 0 0 0 0 0 0 0 0
Nghost:            217 ave         217 max         217 min
Histogram: 1 0 0 0 0 0 0 0 0 0
Neighs:              0 ave           0 max           0 min
Histogram: 1 0 0 0 0 0 0 0 0 0
FullNghs:          302 ave         302 max         302 min
Histogram: 1 0 0 0 0 0 0 0 0 0

Total # of neighbors = 302
Ave neighs/atom = 37.75
Neighbor list builds = 0
Dangerous builds = 0
next i
jump SELF loop_struct
clear
  using 1 OpenMP thread(s) per MPI task
log energies.log append
units metal
boundary p p p
atom_style atomic
read_data Si111_${i}.in
read_data Si111_222.in
Reading data file ...
  orthogonal box = (0 0 0) to (5.4437022 5.4437022 5.4437022)
  1 by 1 by 1 MPI processor grid
  reading atoms ...
  8 atoms
  reading velocities ...
  8 velocities
  read_data CPU = 0.000 seconds
mass 1 28.085
pair_style sw
pair_coeff * * Si.sw Si
Reading sw potential file Si.sw with DATE: 2007-06-11
run 0
Neighbor list info ...
  update: every = 1 steps, delay = 0 steps, check = yes
  max neighbors/atom: 2000, page size: 100000
  master list distance cutoff = 5.77118
  ghost atom cutoff = 5.77118
  binsize = 2.88559, bins = 2 2 2
  1 neighbor lists, perpetual/occasional/extra = 1 0 0
  (1) pair sw, perpetual
      attributes: full, newton on
      pair build: full/bin/atomonly
      stencil: full/bin/3d
      bin: standard
Per MPI rank memory allocation (min/avg/max) = 2.958 | 2.958 | 2.958 Mbytes
   Step          Temp          E_pair         E_mol          TotEng         Press     
WARNING: Too many warnings: 222 vs 100. All future warnings will be suppressed (src/thermo.cpp:478)
         0   0              74.626582      0              74.626582      1867659.4    
Loop time of 1.05e-06 on 1 procs for 0 steps with 8 atoms

0.0% CPU use with 1 MPI tasks x 1 OpenMP threads

MPI task timing breakdown:
Section |  min time  |  avg time  |  max time  |%varavg| %total
---------------------------------------------------------------
Pair    | 0          | 0          | 0          |   0.0 |  0.00
Neigh   | 0          | 0          | 0          |   0.0 |  0.00
Comm    | 0          | 0          | 0          |   0.0 |  0.00
Output  | 0          | 0          | 0          |   0.0 |  0.00
Modify  | 0          | 0          | 0          |   0.0 |  0.00
Other   |            | 1.05e-06   |            |       |100.00

Nlocal:              8 ave           8 max           8 min
Histogram: 1 0 0 0 0 0 0 0 0 0
Nghost:            217 ave         217 max         217 min
Histogram: 1 0 0 0 0 0 0 0 0 0
Neighs:              0 ave           0 max           0 min
Histogram: 1 0 0 0 0 0 0 0 0 0
FullNghs:          308 ave         308 max         308 min
Histogram: 1 0 0 0 0 0 0 0 0 0

Total # of neighbors = 308
Ave neighs/atom = 38.5
Neighbor list builds = 0
Dangerous builds = 0
next i
jump SELF loop_struct
clear
  using 1 OpenMP thread(s) per MPI task
log energies.log append
units metal
boundary p p p
atom_style atomic
read_data Si111_${i}.in
read_data Si111_223.in
Reading data file ...
  orthogonal box = (0 0 0) to (5.4437022 5.4437022 5.4437022)
  1 by 1 by 1 MPI processor grid
  reading atoms ...
  8 atoms
  reading velocities ...
  8 velocities
  read_data CPU = 0.001 seconds
mass 1 28.085
pair_style sw
pair_coeff * * Si.sw Si
Reading sw potential file Si.sw with DATE: 2007-06-11
run 0
Neighbor list info ...
  update: every = 1 steps, delay = 0 steps, check = yes
  max neighbors/atom: 2000, page size: 100000
  master list distance cutoff = 5.77118
  ghost atom cutoff = 5.77118
  binsize = 2.88559, bins = 2 2 2
  1 neighbor lists, perpetual/occasional/extra = 1 0 0
  (1) pair sw, perpetual
      attributes: full, newton on
      pair build: full/bin/atomonly
      stencil: full/bin/3d
      bin: standard
Per MPI rank memory allocation (min/avg/max) = 2.958 | 2.958 | 2.958 Mbytes
   Step          Temp          E_pair         E_mol          TotEng         Press     
WARNING: Too many warnings: 223 vs 100. All future warnings will be suppressed (src/thermo.cpp:478)
         0   0              29.953255      0              29.953255      1057411.7    
Loop time of 1.1e-06 on 1 procs for 0 steps with 8 atoms

0.0% CPU use with 1 MPI tasks x 1 OpenMP threads

MPI task timing breakdown:
Section |  min time  |  avg time  |  max time  |%varavg| %total
---------------------------------------------------------------
Pair    | 0          | 0          | 0          |   0.0 |  0.00
Neigh   | 0          | 0          | 0          |   0.0 |  0.00
Comm    | 0          | 0          | 0          |   0.0 |  0.00
Output  | 0          | 0          | 0          |   0.0 |  0.00
Modify  | 0          | 0          | 0          |   0.0 |  0.00
Other   |            | 1.1e-06    |            |       |100.00

Nlocal:              8 ave           8 max           8 min
Histogram: 1 0 0 0 0 0 0 0 0 0
Nghost:            208 ave         208 max         208 min
Histogram: 1 0 0 0 0 0 0 0 0 0
Neighs:              0 ave           0 max           0 min
Histogram: 1 0 0 0 0 0 0 0 0 0
FullNghs:          302 ave         302 max         302 min
Histogram: 1 0 0 0 0 0 0 0 0 0

Total # of neighbors = 302
Ave neighs/atom = 37.75
Neighbor list builds = 0
Dangerous builds = 0
next i
jump SELF loop_struct
clear
  using 1 OpenMP thread(s) per MPI task
log energies.log append
units metal
boundary p p p
atom_style atomic
read_data Si111_${i}.in
read_data Si111_224.in
Reading data file ...
  orthogonal box = (0 0 0) to (5.4437022 5.4437022 5.4437022)
  1 by 1 by 1 MPI processor grid
  reading atoms ...
  8 atoms
  reading velocities ...
  8 velocities
  read_data CPU = 0.000 seconds
mass 1 28.085
pair_style sw
pair_coeff * * Si.sw Si
Reading sw potential file Si.sw with DATE: 2007-06-11
run 0
Neighbor list info ...
  update: every = 1 steps, delay = 0 steps, check = yes
  max neighbors/atom: 2000, page size: 100000
  master list distance cutoff = 5.77118
  ghost atom cutoff = 5.77118
  binsize = 2.88559, bins = 2 2 2
  1 neighbor lists, perpetual/occasional/extra = 1 0 0
  (1) pair sw, perpetual
      attributes: full, newton on
      pair build: full/bin/atomonly
      stencil: full/bin/3d
      bin: standard
Per MPI rank memory allocation (min/avg/max) = 2.958 | 2.958 | 2.958 Mbytes
   Step          Temp          E_pair         E_mol          TotEng         Press     
WARNING: Too many warnings: 224 vs 100. All future warnings will be suppressed (src/thermo.cpp:478)
         0   0              245.05826      0              245.05826      4044296.6    
Loop time of 1.16e-06 on 1 procs for 0 steps with 8 atoms

86.2% CPU use with 1 MPI tasks x 1 OpenMP threads

MPI task timing breakdown:
Section |  min time  |  avg time  |  max time  |%varavg| %total
---------------------------------------------------------------
Pair    | 0          | 0          | 0          |   0.0 |  0.00
Neigh   | 0          | 0          | 0          |   0.0 |  0.00
Comm    | 0          | 0          | 0          |   0.0 |  0.00
Output  | 0          | 0          | 0          |   0.0 |  0.00
Modify  | 0          | 0          | 0          |   0.0 |  0.00
Other   |            | 1.16e-06   |            |       |100.00

Nlocal:              8 ave           8 max           8 min
Histogram: 1 0 0 0 0 0 0 0 0 0
Nghost:            217 ave         217 max         217 min
Histogram: 1 0 0 0 0 0 0 0 0 0
Neighs:              0 ave           0 max           0 min
Histogram: 1 0 0 0 0 0 0 0 0 0
FullNghs:          304 ave         304 max         304 min
Histogram: 1 0 0 0 0 0 0 0 0 0

Total # of neighbors = 304
Ave neighs/atom = 38
Neighbor list builds = 0
Dangerous builds = 0
next i
jump SELF loop_struct
clear
  using 1 OpenMP thread(s) per MPI task
log energies.log append
units metal
boundary p p p
atom_style atomic
read_data Si111_${i}.in
read_data Si111_225.in
Reading data file ...
  orthogonal box = (0 0 0) to (5.4437022 5.4437022 5.4437022)
  1 by 1 by 1 MPI processor grid
  reading atoms ...
  8 atoms
  reading velocities ...
  8 velocities
  read_data CPU = 0.000 seconds
mass 1 28.085
pair_style sw
pair_coeff * * Si.sw Si
Reading sw potential file Si.sw with DATE: 2007-06-11
run 0
Neighbor list info ...
  update: every = 1 steps, delay = 0 steps, check = yes
  max neighbors/atom: 2000, page size: 100000
  master list distance cutoff = 5.77118
  ghost atom cutoff = 5.77118
  binsize = 2.88559, bins = 2 2 2
  1 neighbor lists, perpetual/occasional/extra = 1 0 0
  (1) pair sw, perpetual
      attributes: full, newton on
      pair build: full/bin/atomonly
      stencil: full/bin/3d
      bin: standard
Per MPI rank memory allocation (min/avg/max) = 2.958 | 2.958 | 2.958 Mbytes
   Step          Temp          E_pair         E_mol          TotEng         Press     
WARNING: Too many warnings: 225 vs 100. All future warnings will be suppressed (src/thermo.cpp:478)
         0   0              26.535083      0              26.535083      945006.73    
Loop time of 1.08e-06 on 1 procs for 0 steps with 8 atoms

92.6% CPU use with 1 MPI tasks x 1 OpenMP threads

MPI task timing breakdown:
Section |  min time  |  avg time  |  max time  |%varavg| %total
---------------------------------------------------------------
Pair    | 0          | 0          | 0          |   0.0 |  0.00
Neigh   | 0          | 0          | 0          |   0.0 |  0.00
Comm    | 0          | 0          | 0          |   0.0 |  0.00
Output  | 0          | 0          | 0          |   0.0 |  0.00
Modify  | 0          | 0          | 0          |   0.0 |  0.00
Other   |            | 1.08e-06   |            |       |100.00

Nlocal:              8 ave           8 max           8 min
Histogram: 1 0 0 0 0 0 0 0 0 0
Nghost:            226 ave         226 max         226 min
Histogram: 1 0 0 0 0 0 0 0 0 0
Neighs:              0 ave           0 max           0 min
Histogram: 1 0 0 0 0 0 0 0 0 0
FullNghs:          318 ave         318 max         318 min
Histogram: 1 0 0 0 0 0 0 0 0 0

Total # of neighbors = 318
Ave neighs/atom = 39.75
Neighbor list builds = 0
Dangerous builds = 0
next i
jump SELF loop_struct
clear
  using 1 OpenMP thread(s) per MPI task
log energies.log append
units metal
boundary p p p
atom_style atomic
read_data Si111_${i}.in
read_data Si111_226.in
Reading data file ...
  orthogonal box = (0 0 0) to (5.4437022 5.4437022 5.4437022)
  1 by 1 by 1 MPI processor grid
  reading atoms ...
  8 atoms
  reading velocities ...
  8 velocities
  read_data CPU = 0.000 seconds
mass 1 28.085
pair_style sw
pair_coeff * * Si.sw Si
Reading sw potential file Si.sw with DATE: 2007-06-11
run 0
Neighbor list info ...
  update: every = 1 steps, delay = 0 steps, check = yes
  max neighbors/atom: 2000, page size: 100000
  master list distance cutoff = 5.77118
  ghost atom cutoff = 5.77118
  binsize = 2.88559, bins = 2 2 2
  1 neighbor lists, perpetual/occasional/extra = 1 0 0
  (1) pair sw, perpetual
      attributes: full, newton on
      pair build: full/bin/atomonly
      stencil: full/bin/3d
      bin: standard
Per MPI rank memory allocation (min/avg/max) = 2.958 | 2.958 | 2.958 Mbytes
   Step          Temp          E_pair         E_mol          TotEng         Press     
WARNING: Too many warnings: 226 vs 100. All future warnings will be suppressed (src/thermo.cpp:478)
         0   0             -4.2645997      0             -4.2645997      476847.76    
Loop time of 1.09e-06 on 1 procs for 0 steps with 8 atoms

183.5% CPU use with 1 MPI tasks x 1 OpenMP threads

MPI task timing breakdown:
Section |  min time  |  avg time  |  max time  |%varavg| %total
---------------------------------------------------------------
Pair    | 0          | 0          | 0          |   0.0 |  0.00
Neigh   | 0          | 0          | 0          |   0.0 |  0.00
Comm    | 0          | 0          | 0          |   0.0 |  0.00
Output  | 0          | 0          | 0          |   0.0 |  0.00
Modify  | 0          | 0          | 0          |   0.0 |  0.00
Other   |            | 1.09e-06   |            |       |100.00

Nlocal:              8 ave           8 max           8 min
Histogram: 1 0 0 0 0 0 0 0 0 0
Nghost:            247 ave         247 max         247 min
Histogram: 1 0 0 0 0 0 0 0 0 0
Neighs:              0 ave           0 max           0 min
Histogram: 1 0 0 0 0 0 0 0 0 0
FullNghs:          312 ave         312 max         312 min
Histogram: 1 0 0 0 0 0 0 0 0 0

Total # of neighbors = 312
Ave neighs/atom = 39
Neighbor list builds = 0
Dangerous builds = 0
next i
jump SELF loop_struct
clear
  using 1 OpenMP thread(s) per MPI task
log energies.log append
units metal
boundary p p p
atom_style atomic
read_data Si111_${i}.in
read_data Si111_227.in
Reading data file ...
  orthogonal box = (0 0 0) to (5.4437022 5.4437022 5.4437022)
  1 by 1 by 1 MPI processor grid
  reading atoms ...
  8 atoms
  reading velocities ...
  8 velocities
  read_data CPU = 0.000 seconds
mass 1 28.085
pair_style sw
pair_coeff * * Si.sw Si
Reading sw potential file Si.sw with DATE: 2007-06-11
run 0
Neighbor list info ...
  update: every = 1 steps, delay = 0 steps, check = yes
  max neighbors/atom: 2000, page size: 100000
  master list distance cutoff = 5.77118
  ghost atom cutoff = 5.77118
  binsize = 2.88559, bins = 2 2 2
  1 neighbor lists, perpetual/occasional/extra = 1 0 0
  (1) pair sw, perpetual
      attributes: full, newton on
      pair build: full/bin/atomonly
      stencil: full/bin/3d
      bin: standard
Per MPI rank memory allocation (min/avg/max) = 2.958 | 2.958 | 2.958 Mbytes
   Step          Temp          E_pair         E_mol          TotEng         Press     
WARNING: Too many warnings: 227 vs 100. All future warnings will be suppressed (src/thermo.cpp:478)
         0   0              71.927516      0              71.927516      1736990.7    
Loop time of 1.07e-06 on 1 procs for 0 steps with 8 atoms

93.5% CPU use with 1 MPI tasks x 1 OpenMP threads

MPI task timing breakdown:
Section |  min time  |  avg time  |  max time  |%varavg| %total
---------------------------------------------------------------
Pair    | 0          | 0          | 0          |   0.0 |  0.00
Neigh   | 0          | 0          | 0          |   0.0 |  0.00
Comm    | 0          | 0          | 0          |   0.0 |  0.00
Output  | 0          | 0          | 0          |   0.0 |  0.00
Modify  | 0          | 0          | 0          |   0.0 |  0.00
Other   |            | 1.07e-06   |            |       |100.00

Nlocal:              8 ave           8 max           8 min
Histogram: 1 0 0 0 0 0 0 0 0 0
Nghost:            208 ave         208 max         208 min
Histogram: 1 0 0 0 0 0 0 0 0 0
Neighs:              0 ave           0 max           0 min
Histogram: 1 0 0 0 0 0 0 0 0 0
FullNghs:          316 ave         316 max         316 min
Histogram: 1 0 0 0 0 0 0 0 0 0

Total # of neighbors = 316
Ave neighs/atom = 39.5
Neighbor list builds = 0
Dangerous builds = 0
next i
jump SELF loop_struct
clear
  using 1 OpenMP thread(s) per MPI task
log energies.log append
units metal
boundary p p p
atom_style atomic
read_data Si111_${i}.in
read_data Si111_228.in
Reading data file ...
  orthogonal box = (0 0 0) to (5.4437022 5.4437022 5.4437022)
  1 by 1 by 1 MPI processor grid
  reading atoms ...
  8 atoms
  reading velocities ...
  8 velocities
  read_data CPU = 0.000 seconds
mass 1 28.085
pair_style sw
pair_coeff * * Si.sw Si
Reading sw potential file Si.sw with DATE: 2007-06-11
run 0
Neighbor list info ...
  update: every = 1 steps, delay = 0 steps, check = yes
  max neighbors/atom: 2000, page size: 100000
  master list distance cutoff = 5.77118
  ghost atom cutoff = 5.77118
  binsize = 2.88559, bins = 2 2 2
  1 neighbor lists, perpetual/occasional/extra = 1 0 0
  (1) pair sw, perpetual
      attributes: full, newton on
      pair build: full/bin/atomonly
      stencil: full/bin/3d
      bin: standard
Per MPI rank memory allocation (min/avg/max) = 2.958 | 2.958 | 2.958 Mbytes
   Step          Temp          E_pair         E_mol          TotEng         Press     
WARNING: Too many warnings: 228 vs 100. All future warnings will be suppressed (src/thermo.cpp:478)
         0   0              65.602107      0              65.602107      1720051.4    
Loop time of 1.09e-06 on 1 procs for 0 steps with 8 atoms

91.7% CPU use with 1 MPI tasks x 1 OpenMP threads

MPI task timing breakdown:
Section |  min time  |  avg time  |  max time  |%varavg| %total
---------------------------------------------------------------
Pair    | 0          | 0          | 0          |   0.0 |  0.00
Neigh   | 0          | 0          | 0          |   0.0 |  0.00
Comm    | 0          | 0          | 0          |   0.0 |  0.00
Output  | 0          | 0          | 0          |   0.0 |  0.00
Modify  | 0          | 0          | 0          |   0.0 |  0.00
Other   |            | 1.09e-06   |            |       |100.00

Nlocal:              8 ave           8 max           8 min
Histogram: 1 0 0 0 0 0 0 0 0 0
Nghost:            217 ave         217 max         217 min
Histogram: 1 0 0 0 0 0 0 0 0 0
Neighs:              0 ave           0 max           0 min
Histogram: 1 0 0 0 0 0 0 0 0 0
FullNghs:          310 ave         310 max         310 min
Histogram: 1 0 0 0 0 0 0 0 0 0

Total # of neighbors = 310
Ave neighs/atom = 38.75
Neighbor list builds = 0
Dangerous builds = 0
next i
jump SELF loop_struct
clear
  using 1 OpenMP thread(s) per MPI task
log energies.log append
units metal
boundary p p p
atom_style atomic
read_data Si111_${i}.in
read_data Si111_229.in
Reading data file ...
  orthogonal box = (0 0 0) to (5.4437022 5.4437022 5.4437022)
  1 by 1 by 1 MPI processor grid
  reading atoms ...
  8 atoms
  reading velocities ...
  8 velocities
  read_data CPU = 0.000 seconds
mass 1 28.085
pair_style sw
pair_coeff * * Si.sw Si
Reading sw potential file Si.sw with DATE: 2007-06-11
run 0
Neighbor list info ...
  update: every = 1 steps, delay = 0 steps, check = yes
  max neighbors/atom: 2000, page size: 100000
  master list distance cutoff = 5.77118
  ghost atom cutoff = 5.77118
  binsize = 2.88559, bins = 2 2 2
  1 neighbor lists, perpetual/occasional/extra = 1 0 0
  (1) pair sw, perpetual
      attributes: full, newton on
      pair build: full/bin/atomonly
      stencil: full/bin/3d
      bin: standard
Per MPI rank memory allocation (min/avg/max) = 2.958 | 2.958 | 2.958 Mbytes
   Step          Temp          E_pair         E_mol          TotEng         Press     
WARNING: Too many warnings: 229 vs 100. All future warnings will be suppressed (src/thermo.cpp:478)
         0   0              47.123048      0              47.123048      1332788.6    
Loop time of 1.08e-06 on 1 procs for 0 steps with 8 atoms

92.6% CPU use with 1 MPI tasks x 1 OpenMP threads

MPI task timing breakdown:
Section |  min time  |  avg time  |  max time  |%varavg| %total
---------------------------------------------------------------
Pair    | 0          | 0          | 0          |   0.0 |  0.00
Neigh   | 0          | 0          | 0          |   0.0 |  0.00
Comm    | 0          | 0          | 0          |   0.0 |  0.00
Output  | 0          | 0          | 0          |   0.0 |  0.00
Modify  | 0          | 0          | 0          |   0.0 |  0.00
Other   |            | 1.08e-06   |            |       |100.00

Nlocal:              8 ave           8 max           8 min
Histogram: 1 0 0 0 0 0 0 0 0 0
Nghost:            208 ave         208 max         208 min
Histogram: 1 0 0 0 0 0 0 0 0 0
Neighs:              0 ave           0 max           0 min
Histogram: 1 0 0 0 0 0 0 0 0 0
FullNghs:          314 ave         314 max         314 min
Histogram: 1 0 0 0 0 0 0 0 0 0

Total # of neighbors = 314
Ave neighs/atom = 39.25
Neighbor list builds = 0
Dangerous builds = 0
next i
jump SELF loop_struct
clear
  using 1 OpenMP thread(s) per MPI task
log energies.log append
units metal
boundary p p p
atom_style atomic
read_data Si111_${i}.in
read_data Si111_230.in
Reading data file ...
  orthogonal box = (0 0 0) to (5.4437022 5.4437022 5.4437022)
  1 by 1 by 1 MPI processor grid
  reading atoms ...
  8 atoms
  reading velocities ...
  8 velocities
  read_data CPU = 0.000 seconds
mass 1 28.085
pair_style sw
pair_coeff * * Si.sw Si
Reading sw potential file Si.sw with DATE: 2007-06-11
run 0
Neighbor list info ...
  update: every = 1 steps, delay = 0 steps, check = yes
  max neighbors/atom: 2000, page size: 100000
  master list distance cutoff = 5.77118
  ghost atom cutoff = 5.77118
  binsize = 2.88559, bins = 2 2 2
  1 neighbor lists, perpetual/occasional/extra = 1 0 0
  (1) pair sw, perpetual
      attributes: full, newton on
      pair build: full/bin/atomonly
      stencil: full/bin/3d
      bin: standard
Per MPI rank memory allocation (min/avg/max) = 2.958 | 2.958 | 2.958 Mbytes
   Step          Temp          E_pair         E_mol          TotEng         Press     
WARNING: Too many warnings: 230 vs 100. All future warnings will be suppressed (src/thermo.cpp:478)
         0   0              44.258411      0              44.258411      1196330.9    
Loop time of 1.08e-06 on 1 procs for 0 steps with 8 atoms

92.6% CPU use with 1 MPI tasks x 1 OpenMP threads

MPI task timing breakdown:
Section |  min time  |  avg time  |  max time  |%varavg| %total
---------------------------------------------------------------
Pair    | 0          | 0          | 0          |   0.0 |  0.00
Neigh   | 0          | 0          | 0          |   0.0 |  0.00
Comm    | 0          | 0          | 0          |   0.0 |  0.00
Output  | 0          | 0          | 0          |   0.0 |  0.00
Modify  | 0          | 0          | 0          |   0.0 |  0.00
Other   |            | 1.08e-06   |            |       |100.00

Nlocal:              8 ave           8 max           8 min
Histogram: 1 0 0 0 0 0 0 0 0 0
Nghost:            208 ave         208 max         208 min
Histogram: 1 0 0 0 0 0 0 0 0 0
Neighs:              0 ave           0 max           0 min
Histogram: 1 0 0 0 0 0 0 0 0 0
FullNghs:          312 ave         312 max         312 min
Histogram: 1 0 0 0 0 0 0 0 0 0

Total # of neighbors = 312
Ave neighs/atom = 39
Neighbor list builds = 0
Dangerous builds = 0
next i
jump SELF loop_struct
clear
  using 1 OpenMP thread(s) per MPI task
log energies.log append
units metal
boundary p p p
atom_style atomic
read_data Si111_${i}.in
read_data Si111_231.in
Reading data file ...
  orthogonal box = (0 0 0) to (5.4437022 5.4437022 5.4437022)
  1 by 1 by 1 MPI processor grid
  reading atoms ...
  8 atoms
  reading velocities ...
  8 velocities
  read_data CPU = 0.000 seconds
mass 1 28.085
pair_style sw
pair_coeff * * Si.sw Si
Reading sw potential file Si.sw with DATE: 2007-06-11
run 0
Neighbor list info ...
  update: every = 1 steps, delay = 0 steps, check = yes
  max neighbors/atom: 2000, page size: 100000
  master list distance cutoff = 5.77118
  ghost atom cutoff = 5.77118
  binsize = 2.88559, bins = 2 2 2
  1 neighbor lists, perpetual/occasional/extra = 1 0 0
  (1) pair sw, perpetual
      attributes: full, newton on
      pair build: full/bin/atomonly
      stencil: full/bin/3d
      bin: standard
Per MPI rank memory allocation (min/avg/max) = 2.958 | 2.958 | 2.958 Mbytes
   Step          Temp          E_pair         E_mol          TotEng         Press     
WARNING: Too many warnings: 231 vs 100. All future warnings will be suppressed (src/thermo.cpp:478)
         0   0              54.133579      0              54.133579      1556978.8    
Loop time of 1.16e-06 on 1 procs for 0 steps with 8 atoms

0.0% CPU use with 1 MPI tasks x 1 OpenMP threads

MPI task timing breakdown:
Section |  min time  |  avg time  |  max time  |%varavg| %total
---------------------------------------------------------------
Pair    | 0          | 0          | 0          |   0.0 |  0.00
Neigh   | 0          | 0          | 0          |   0.0 |  0.00
Comm    | 0          | 0          | 0          |   0.0 |  0.00
Output  | 0          | 0          | 0          |   0.0 |  0.00
Modify  | 0          | 0          | 0          |   0.0 |  0.00
Other   |            | 1.16e-06   |            |       |100.00

Nlocal:              8 ave           8 max           8 min
Histogram: 1 0 0 0 0 0 0 0 0 0
Nghost:            217 ave         217 max         217 min
Histogram: 1 0 0 0 0 0 0 0 0 0
Neighs:              0 ave           0 max           0 min
Histogram: 1 0 0 0 0 0 0 0 0 0
FullNghs:          306 ave         306 max         306 min
Histogram: 1 0 0 0 0 0 0 0 0 0

Total # of neighbors = 306
Ave neighs/atom = 38.25
Neighbor list builds = 0
Dangerous builds = 0
next i
jump SELF loop_struct
clear
  using 1 OpenMP thread(s) per MPI task
log energies.log append
units metal
boundary p p p
atom_style atomic
read_data Si111_${i}.in
read_data Si111_232.in
Reading data file ...
  orthogonal box = (0 0 0) to (5.4437022 5.4437022 5.4437022)
  1 by 1 by 1 MPI processor grid
  reading atoms ...
  8 atoms
  reading velocities ...
  8 velocities
  read_data CPU = 0.000 seconds
mass 1 28.085
pair_style sw
pair_coeff * * Si.sw Si
Reading sw potential file Si.sw with DATE: 2007-06-11
run 0
Neighbor list info ...
  update: every = 1 steps, delay = 0 steps, check = yes
  max neighbors/atom: 2000, page size: 100000
  master list distance cutoff = 5.77118
  ghost atom cutoff = 5.77118
  binsize = 2.88559, bins = 2 2 2
  1 neighbor lists, perpetual/occasional/extra = 1 0 0
  (1) pair sw, perpetual
      attributes: full, newton on
      pair build: full/bin/atomonly
      stencil: full/bin/3d
      bin: standard
Per MPI rank memory allocation (min/avg/max) = 2.958 | 2.958 | 2.958 Mbytes
   Step          Temp          E_pair         E_mol          TotEng         Press     
WARNING: Too many warnings: 232 vs 100. All future warnings will be suppressed (src/thermo.cpp:478)
         0   0             -11.054906      0             -11.054906      369428.13    
Loop time of 1.08e-06 on 1 procs for 0 steps with 8 atoms

92.6% CPU use with 1 MPI tasks x 1 OpenMP threads

MPI task timing breakdown:
Section |  min time  |  avg time  |  max time  |%varavg| %total
---------------------------------------------------------------
Pair    | 0          | 0          | 0          |   0.0 |  0.00
Neigh   | 0          | 0          | 0          |   0.0 |  0.00
Comm    | 0          | 0          | 0          |   0.0 |  0.00
Output  | 0          | 0          | 0          |   0.0 |  0.00
Modify  | 0          | 0          | 0          |   0.0 |  0.00
Other   |            | 1.08e-06   |            |       |100.00

Nlocal:              8 ave           8 max           8 min
Histogram: 1 0 0 0 0 0 0 0 0 0
Nghost:            217 ave         217 max         217 min
Histogram: 1 0 0 0 0 0 0 0 0 0
Neighs:              0 ave           0 max           0 min
Histogram: 1 0 0 0 0 0 0 0 0 0
FullNghs:          322 ave         322 max         322 min
Histogram: 1 0 0 0 0 0 0 0 0 0

Total # of neighbors = 322
Ave neighs/atom = 40.25
Neighbor list builds = 0
Dangerous builds = 0
next i
jump SELF loop_struct
clear
  using 1 OpenMP thread(s) per MPI task
log energies.log append
units metal
boundary p p p
atom_style atomic
read_data Si111_${i}.in
read_data Si111_233.in
Reading data file ...
  orthogonal box = (0 0 0) to (5.4437022 5.4437022 5.4437022)
  1 by 1 by 1 MPI processor grid
  reading atoms ...
  8 atoms
  reading velocities ...
  8 velocities
  read_data CPU = 0.000 seconds
mass 1 28.085
pair_style sw
pair_coeff * * Si.sw Si
Reading sw potential file Si.sw with DATE: 2007-06-11
run 0
Neighbor list info ...
  update: every = 1 steps, delay = 0 steps, check = yes
  max neighbors/atom: 2000, page size: 100000
  master list distance cutoff = 5.77118
  ghost atom cutoff = 5.77118
  binsize = 2.88559, bins = 2 2 2
  1 neighbor lists, perpetual/occasional/extra = 1 0 0
  (1) pair sw, perpetual
      attributes: full, newton on
      pair build: full/bin/atomonly
      stencil: full/bin/3d
      bin: standard
Per MPI rank memory allocation (min/avg/max) = 2.958 | 2.958 | 2.958 Mbytes
   Step          Temp          E_pair         E_mol          TotEng         Press     
WARNING: Too many warnings: 233 vs 100. All future warnings will be suppressed (src/thermo.cpp:478)
         0   0              956.4775       0              956.4775       14120026     
Loop time of 1.09e-06 on 1 procs for 0 steps with 8 atoms

91.7% CPU use with 1 MPI tasks x 1 OpenMP threads

MPI task timing breakdown:
Section |  min time  |  avg time  |  max time  |%varavg| %total
---------------------------------------------------------------
Pair    | 0          | 0          | 0          |   0.0 |  0.00
Neigh   | 0          | 0          | 0          |   0.0 |  0.00
Comm    | 0          | 0          | 0          |   0.0 |  0.00
Output  | 0          | 0          | 0          |   0.0 |  0.00
Modify  | 0          | 0          | 0          |   0.0 |  0.00
Other   |            | 1.09e-06   |            |       |100.00

Nlocal:              8 ave           8 max           8 min
Histogram: 1 0 0 0 0 0 0 0 0 0
Nghost:            208 ave         208 max         208 min
Histogram: 1 0 0 0 0 0 0 0 0 0
Neighs:              0 ave           0 max           0 min
Histogram: 1 0 0 0 0 0 0 0 0 0
FullNghs:          290 ave         290 max         290 min
Histogram: 1 0 0 0 0 0 0 0 0 0

Total # of neighbors = 290
Ave neighs/atom = 36.25
Neighbor list builds = 0
Dangerous builds = 0
next i
jump SELF loop_struct
clear
  using 1 OpenMP thread(s) per MPI task
log energies.log append
units metal
boundary p p p
atom_style atomic
read_data Si111_${i}.in
read_data Si111_234.in
Reading data file ...
  orthogonal box = (0 0 0) to (5.4437022 5.4437022 5.4437022)
  1 by 1 by 1 MPI processor grid
  reading atoms ...
  8 atoms
  reading velocities ...
  8 velocities
  read_data CPU = 0.000 seconds
mass 1 28.085
pair_style sw
pair_coeff * * Si.sw Si
Reading sw potential file Si.sw with DATE: 2007-06-11
run 0
Neighbor list info ...
  update: every = 1 steps, delay = 0 steps, check = yes
  max neighbors/atom: 2000, page size: 100000
  master list distance cutoff = 5.77118
  ghost atom cutoff = 5.77118
  binsize = 2.88559, bins = 2 2 2
  1 neighbor lists, perpetual/occasional/extra = 1 0 0
  (1) pair sw, perpetual
      attributes: full, newton on
      pair build: full/bin/atomonly
      stencil: full/bin/3d
      bin: standard
Per MPI rank memory allocation (min/avg/max) = 2.958 | 2.958 | 2.958 Mbytes
   Step          Temp          E_pair         E_mol          TotEng         Press     
WARNING: Too many warnings: 234 vs 100. All future warnings will be suppressed (src/thermo.cpp:478)
         0   0              733.49878      0              733.49878      11136171     
Loop time of 1.07e-06 on 1 procs for 0 steps with 8 atoms

0.0% CPU use with 1 MPI tasks x 1 OpenMP threads

MPI task timing breakdown:
Section |  min time  |  avg time  |  max time  |%varavg| %total
---------------------------------------------------------------
Pair    | 0          | 0          | 0          |   0.0 |  0.00
Neigh   | 0          | 0          | 0          |   0.0 |  0.00
Comm    | 0          | 0          | 0          |   0.0 |  0.00
Output  | 0          | 0          | 0          |   0.0 |  0.00
Modify  | 0          | 0          | 0          |   0.0 |  0.00
Other   |            | 1.07e-06   |            |       |100.00

Nlocal:              8 ave           8 max           8 min
Histogram: 1 0 0 0 0 0 0 0 0 0
Nghost:            217 ave         217 max         217 min
Histogram: 1 0 0 0 0 0 0 0 0 0
Neighs:              0 ave           0 max           0 min
Histogram: 1 0 0 0 0 0 0 0 0 0
FullNghs:          294 ave         294 max         294 min
Histogram: 1 0 0 0 0 0 0 0 0 0

Total # of neighbors = 294
Ave neighs/atom = 36.75
Neighbor list builds = 0
Dangerous builds = 0
next i
jump SELF loop_struct
clear
  using 1 OpenMP thread(s) per MPI task
log energies.log append
units metal
boundary p p p
atom_style atomic
read_data Si111_${i}.in
read_data Si111_235.in
Reading data file ...
  orthogonal box = (0 0 0) to (5.4437022 5.4437022 5.4437022)
  1 by 1 by 1 MPI processor grid
  reading atoms ...
  8 atoms
  reading velocities ...
  8 velocities
  read_data CPU = 0.000 seconds
mass 1 28.085
pair_style sw
pair_coeff * * Si.sw Si
Reading sw potential file Si.sw with DATE: 2007-06-11
run 0
Neighbor list info ...
  update: every = 1 steps, delay = 0 steps, check = yes
  max neighbors/atom: 2000, page size: 100000
  master list distance cutoff = 5.77118
  ghost atom cutoff = 5.77118
  binsize = 2.88559, bins = 2 2 2
  1 neighbor lists, perpetual/occasional/extra = 1 0 0
  (1) pair sw, perpetual
      attributes: full, newton on
      pair build: full/bin/atomonly
      stencil: full/bin/3d
      bin: standard
Per MPI rank memory allocation (min/avg/max) = 2.958 | 2.958 | 2.958 Mbytes
   Step          Temp          E_pair         E_mol          TotEng         Press     
WARNING: Too many warnings: 235 vs 100. All future warnings will be suppressed (src/thermo.cpp:478)
         0   0              1013.2827      0              1013.2827      14439874     
Loop time of 1.09e-06 on 1 procs for 0 steps with 8 atoms

91.7% CPU use with 1 MPI tasks x 1 OpenMP threads

MPI task timing breakdown:
Section |  min time  |  avg time  |  max time  |%varavg| %total
---------------------------------------------------------------
Pair    | 0          | 0          | 0          |   0.0 |  0.00
Neigh   | 0          | 0          | 0          |   0.0 |  0.00
Comm    | 0          | 0          | 0          |   0.0 |  0.00
Output  | 0          | 0          | 0          |   0.0 |  0.00
Modify  | 0          | 0          | 0          |   0.0 |  0.00
Other   |            | 1.09e-06   |            |       |100.00

Nlocal:              8 ave           8 max           8 min
Histogram: 1 0 0 0 0 0 0 0 0 0
Nghost:            217 ave         217 max         217 min
Histogram: 1 0 0 0 0 0 0 0 0 0
Neighs:              0 ave           0 max           0 min
Histogram: 1 0 0 0 0 0 0 0 0 0
FullNghs:          312 ave         312 max         312 min
Histogram: 1 0 0 0 0 0 0 0 0 0

Total # of neighbors = 312
Ave neighs/atom = 39
Neighbor list builds = 0
Dangerous builds = 0
next i
jump SELF loop_struct
clear
  using 1 OpenMP thread(s) per MPI task
log energies.log append
units metal
boundary p p p
atom_style atomic
read_data Si111_${i}.in
read_data Si111_236.in
Reading data file ...
  orthogonal box = (0 0 0) to (5.4437022 5.4437022 5.4437022)
  1 by 1 by 1 MPI processor grid
  reading atoms ...
  8 atoms
  reading velocities ...
  8 velocities
  read_data CPU = 0.001 seconds
mass 1 28.085
pair_style sw
pair_coeff * * Si.sw Si
Reading sw potential file Si.sw with DATE: 2007-06-11
run 0
Neighbor list info ...
  update: every = 1 steps, delay = 0 steps, check = yes
  max neighbors/atom: 2000, page size: 100000
  master list distance cutoff = 5.77118
  ghost atom cutoff = 5.77118
  binsize = 2.88559, bins = 2 2 2
  1 neighbor lists, perpetual/occasional/extra = 1 0 0
  (1) pair sw, perpetual
      attributes: full, newton on
      pair build: full/bin/atomonly
      stencil: full/bin/3d
      bin: standard
Per MPI rank memory allocation (min/avg/max) = 2.958 | 2.958 | 2.958 Mbytes
   Step          Temp          E_pair         E_mol          TotEng         Press     
WARNING: Too many warnings: 236 vs 100. All future warnings will be suppressed (src/thermo.cpp:478)
         0   0             -7.7837616      0             -7.7837616      573600.79    
Loop time of 1.07e-06 on 1 procs for 0 steps with 8 atoms

0.0% CPU use with 1 MPI tasks x 1 OpenMP threads

MPI task timing breakdown:
Section |  min time  |  avg time  |  max time  |%varavg| %total
---------------------------------------------------------------
Pair    | 0          | 0          | 0          |   0.0 |  0.00
Neigh   | 0          | 0          | 0          |   0.0 |  0.00
Comm    | 0          | 0          | 0          |   0.0 |  0.00
Output  | 0          | 0          | 0          |   0.0 |  0.00
Modify  | 0          | 0          | 0          |   0.0 |  0.00
Other   |            | 1.07e-06   |            |       |100.00

Nlocal:              8 ave           8 max           8 min
Histogram: 1 0 0 0 0 0 0 0 0 0
Nghost:            217 ave         217 max         217 min
Histogram: 1 0 0 0 0 0 0 0 0 0
Neighs:              0 ave           0 max           0 min
Histogram: 1 0 0 0 0 0 0 0 0 0
FullNghs:          320 ave         320 max         320 min
Histogram: 1 0 0 0 0 0 0 0 0 0

Total # of neighbors = 320
Ave neighs/atom = 40
Neighbor list builds = 0
Dangerous builds = 0
next i
jump SELF loop_struct
clear
  using 1 OpenMP thread(s) per MPI task
log energies.log append
units metal
boundary p p p
atom_style atomic
read_data Si111_${i}.in
read_data Si111_237.in
Reading data file ...
  orthogonal box = (0 0 0) to (5.4437022 5.4437022 5.4437022)
  1 by 1 by 1 MPI processor grid
  reading atoms ...
  8 atoms
  reading velocities ...
  8 velocities
  read_data CPU = 0.000 seconds
mass 1 28.085
pair_style sw
pair_coeff * * Si.sw Si
Reading sw potential file Si.sw with DATE: 2007-06-11
run 0
Neighbor list info ...
  update: every = 1 steps, delay = 0 steps, check = yes
  max neighbors/atom: 2000, page size: 100000
  master list distance cutoff = 5.77118
  ghost atom cutoff = 5.77118
  binsize = 2.88559, bins = 2 2 2
  1 neighbor lists, perpetual/occasional/extra = 1 0 0
  (1) pair sw, perpetual
      attributes: full, newton on
      pair build: full/bin/atomonly
      stencil: full/bin/3d
      bin: standard
Per MPI rank memory allocation (min/avg/max) = 2.958 | 2.958 | 2.958 Mbytes
   Step          Temp          E_pair         E_mol          TotEng         Press     
WARNING: Too many warnings: 237 vs 100. All future warnings will be suppressed (src/thermo.cpp:478)
         0   0              96.944519      0              96.944519      2133873.8    
Loop time of 1.09e-06 on 1 procs for 0 steps with 8 atoms

91.7% CPU use with 1 MPI tasks x 1 OpenMP threads

MPI task timing breakdown:
Section |  min time  |  avg time  |  max time  |%varavg| %total
---------------------------------------------------------------
Pair    | 0          | 0          | 0          |   0.0 |  0.00
Neigh   | 0          | 0          | 0          |   0.0 |  0.00
Comm    | 0          | 0          | 0          |   0.0 |  0.00
Output  | 0          | 0          | 0          |   0.0 |  0.00
Modify  | 0          | 0          | 0          |   0.0 |  0.00
Other   |            | 1.09e-06   |            |       |100.00

Nlocal:              8 ave           8 max           8 min
Histogram: 1 0 0 0 0 0 0 0 0 0
Nghost:            217 ave         217 max         217 min
Histogram: 1 0 0 0 0 0 0 0 0 0
Neighs:              0 ave           0 max           0 min
Histogram: 1 0 0 0 0 0 0 0 0 0
FullNghs:          298 ave         298 max         298 min
Histogram: 1 0 0 0 0 0 0 0 0 0

Total # of neighbors = 298
Ave neighs/atom = 37.25
Neighbor list builds = 0
Dangerous builds = 0
next i
jump SELF loop_struct
clear
  using 1 OpenMP thread(s) per MPI task
log energies.log append
units metal
boundary p p p
atom_style atomic
read_data Si111_${i}.in
read_data Si111_238.in
Reading data file ...
  orthogonal box = (0 0 0) to (5.4437022 5.4437022 5.4437022)
  1 by 1 by 1 MPI processor grid
  reading atoms ...
  8 atoms
  reading velocities ...
  8 velocities
  read_data CPU = 0.000 seconds
mass 1 28.085
pair_style sw
pair_coeff * * Si.sw Si
Reading sw potential file Si.sw with DATE: 2007-06-11
run 0
Neighbor list info ...
  update: every = 1 steps, delay = 0 steps, check = yes
  max neighbors/atom: 2000, page size: 100000
  master list distance cutoff = 5.77118
  ghost atom cutoff = 5.77118
  binsize = 2.88559, bins = 2 2 2
  1 neighbor lists, perpetual/occasional/extra = 1 0 0
  (1) pair sw, perpetual
      attributes: full, newton on
      pair build: full/bin/atomonly
      stencil: full/bin/3d
      bin: standard
Per MPI rank memory allocation (min/avg/max) = 2.958 | 2.958 | 2.958 Mbytes
   Step          Temp          E_pair         E_mol          TotEng         Press     
WARNING: Too many warnings: 238 vs 100. All future warnings will be suppressed (src/thermo.cpp:478)
         0   0              64.9577        0              64.9577        1953374.2    
Loop time of 1.09e-06 on 1 procs for 0 steps with 8 atoms

91.7% CPU use with 1 MPI tasks x 1 OpenMP threads

MPI task timing breakdown:
Section |  min time  |  avg time  |  max time  |%varavg| %total
---------------------------------------------------------------
Pair    | 0          | 0          | 0          |   0.0 |  0.00
Neigh   | 0          | 0          | 0          |   0.0 |  0.00
Comm    | 0          | 0          | 0          |   0.0 |  0.00
Output  | 0          | 0          | 0          |   0.0 |  0.00
Modify  | 0          | 0          | 0          |   0.0 |  0.00
Other   |            | 1.09e-06   |            |       |100.00

Nlocal:              8 ave           8 max           8 min
Histogram: 1 0 0 0 0 0 0 0 0 0
Nghost:            217 ave         217 max         217 min
Histogram: 1 0 0 0 0 0 0 0 0 0
Neighs:              0 ave           0 max           0 min
Histogram: 1 0 0 0 0 0 0 0 0 0
FullNghs:          300 ave         300 max         300 min
Histogram: 1 0 0 0 0 0 0 0 0 0

Total # of neighbors = 300
Ave neighs/atom = 37.5
Neighbor list builds = 0
Dangerous builds = 0
next i
jump SELF loop_struct
clear
  using 1 OpenMP thread(s) per MPI task
log energies.log append
units metal
boundary p p p
atom_style atomic
read_data Si111_${i}.in
read_data Si111_239.in
Reading data file ...
  orthogonal box = (0 0 0) to (5.4437022 5.4437022 5.4437022)
  1 by 1 by 1 MPI processor grid
  reading atoms ...
  8 atoms
  reading velocities ...
  8 velocities
  read_data CPU = 0.001 seconds
mass 1 28.085
pair_style sw
pair_coeff * * Si.sw Si
Reading sw potential file Si.sw with DATE: 2007-06-11
run 0
Neighbor list info ...
  update: every = 1 steps, delay = 0 steps, check = yes
  max neighbors/atom: 2000, page size: 100000
  master list distance cutoff = 5.77118
  ghost atom cutoff = 5.77118
  binsize = 2.88559, bins = 2 2 2
  1 neighbor lists, perpetual/occasional/extra = 1 0 0
  (1) pair sw, perpetual
      attributes: full, newton on
      pair build: full/bin/atomonly
      stencil: full/bin/3d
      bin: standard
Per MPI rank memory allocation (min/avg/max) = 2.958 | 2.958 | 2.958 Mbytes
   Step          Temp          E_pair         E_mol          TotEng         Press     
WARNING: Too many warnings: 239 vs 100. All future warnings will be suppressed (src/thermo.cpp:478)
         0   0             -4.2082555      0             -4.2082555      445716.1     
Loop time of 1.09e-06 on 1 procs for 0 steps with 8 atoms

91.7% CPU use with 1 MPI tasks x 1 OpenMP threads

MPI task timing breakdown:
Section |  min time  |  avg time  |  max time  |%varavg| %total
---------------------------------------------------------------
Pair    | 0          | 0          | 0          |   0.0 |  0.00
Neigh   | 0          | 0          | 0          |   0.0 |  0.00
Comm    | 0          | 0          | 0          |   0.0 |  0.00
Output  | 0          | 0          | 0          |   0.0 |  0.00
Modify  | 0          | 0          | 0          |   0.0 |  0.00
Other   |            | 1.09e-06   |            |       |100.00

Nlocal:              8 ave           8 max           8 min
Histogram: 1 0 0 0 0 0 0 0 0 0
Nghost:            235 ave         235 max         235 min
Histogram: 1 0 0 0 0 0 0 0 0 0
Neighs:              0 ave           0 max           0 min
Histogram: 1 0 0 0 0 0 0 0 0 0
FullNghs:          314 ave         314 max         314 min
Histogram: 1 0 0 0 0 0 0 0 0 0

Total # of neighbors = 314
Ave neighs/atom = 39.25
Neighbor list builds = 0
Dangerous builds = 0
next i
jump SELF loop_struct
clear
  using 1 OpenMP thread(s) per MPI task
log energies.log append
units metal
boundary p p p
atom_style atomic
read_data Si111_${i}.in
read_data Si111_240.in
Reading data file ...
  orthogonal box = (0 0 0) to (5.4437022 5.4437022 5.4437022)
  1 by 1 by 1 MPI processor grid
  reading atoms ...
  8 atoms
  reading velocities ...
  8 velocities
  read_data CPU = 0.000 seconds
mass 1 28.085
pair_style sw
pair_coeff * * Si.sw Si
Reading sw potential file Si.sw with DATE: 2007-06-11
run 0
Neighbor list info ...
  update: every = 1 steps, delay = 0 steps, check = yes
  max neighbors/atom: 2000, page size: 100000
  master list distance cutoff = 5.77118
  ghost atom cutoff = 5.77118
  binsize = 2.88559, bins = 2 2 2
  1 neighbor lists, perpetual/occasional/extra = 1 0 0
  (1) pair sw, perpetual
      attributes: full, newton on
      pair build: full/bin/atomonly
      stencil: full/bin/3d
      bin: standard
Per MPI rank memory allocation (min/avg/max) = 2.958 | 2.958 | 2.958 Mbytes
   Step          Temp          E_pair         E_mol          TotEng         Press     
WARNING: Too many warnings: 240 vs 100. All future warnings will be suppressed (src/thermo.cpp:478)
         0   0              347.82393      0              347.82393      5641571.3    
Loop time of 1.08e-06 on 1 procs for 0 steps with 8 atoms

92.6% CPU use with 1 MPI tasks x 1 OpenMP threads

MPI task timing breakdown:
Section |  min time  |  avg time  |  max time  |%varavg| %total
---------------------------------------------------------------
Pair    | 0          | 0          | 0          |   0.0 |  0.00
Neigh   | 0          | 0          | 0          |   0.0 |  0.00
Comm    | 0          | 0          | 0          |   0.0 |  0.00
Output  | 0          | 0          | 0          |   0.0 |  0.00
Modify  | 0          | 0          | 0          |   0.0 |  0.00
Other   |            | 1.08e-06   |            |       |100.00

Nlocal:              8 ave           8 max           8 min
Histogram: 1 0 0 0 0 0 0 0 0 0
Nghost:            217 ave         217 max         217 min
Histogram: 1 0 0 0 0 0 0 0 0 0
Neighs:              0 ave           0 max           0 min
Histogram: 1 0 0 0 0 0 0 0 0 0
FullNghs:          308 ave         308 max         308 min
Histogram: 1 0 0 0 0 0 0 0 0 0

Total # of neighbors = 308
Ave neighs/atom = 38.5
Neighbor list builds = 0
Dangerous builds = 0
next i
jump SELF loop_struct
clear
  using 1 OpenMP thread(s) per MPI task
log energies.log append
units metal
boundary p p p
atom_style atomic
read_data Si111_${i}.in
read_data Si111_241.in
Reading data file ...
  orthogonal box = (0 0 0) to (5.4437022 5.4437022 5.4437022)
  1 by 1 by 1 MPI processor grid
  reading atoms ...
  8 atoms
  reading velocities ...
  8 velocities
  read_data CPU = 0.000 seconds
mass 1 28.085
pair_style sw
pair_coeff * * Si.sw Si
Reading sw potential file Si.sw with DATE: 2007-06-11
run 0
Neighbor list info ...
  update: every = 1 steps, delay = 0 steps, check = yes
  max neighbors/atom: 2000, page size: 100000
  master list distance cutoff = 5.77118
  ghost atom cutoff = 5.77118
  binsize = 2.88559, bins = 2 2 2
  1 neighbor lists, perpetual/occasional/extra = 1 0 0
  (1) pair sw, perpetual
      attributes: full, newton on
      pair build: full/bin/atomonly
      stencil: full/bin/3d
      bin: standard
Per MPI rank memory allocation (min/avg/max) = 2.958 | 2.958 | 2.958 Mbytes
   Step          Temp          E_pair         E_mol          TotEng         Press     
WARNING: Too many warnings: 241 vs 100. All future warnings will be suppressed (src/thermo.cpp:478)
         0   0              582.12186      0              582.12186      8635258.6    
Loop time of 1.14e-06 on 1 procs for 0 steps with 8 atoms

87.7% CPU use with 1 MPI tasks x 1 OpenMP threads

MPI task timing breakdown:
Section |  min time  |  avg time  |  max time  |%varavg| %total
---------------------------------------------------------------
Pair    | 0          | 0          | 0          |   0.0 |  0.00
Neigh   | 0          | 0          | 0          |   0.0 |  0.00
Comm    | 0          | 0          | 0          |   0.0 |  0.00
Output  | 0          | 0          | 0          |   0.0 |  0.00
Modify  | 0          | 0          | 0          |   0.0 |  0.00
Other   |            | 1.14e-06   |            |       |100.00

Nlocal:              8 ave           8 max           8 min
Histogram: 1 0 0 0 0 0 0 0 0 0
Nghost:            208 ave         208 max         208 min
Histogram: 1 0 0 0 0 0 0 0 0 0
Neighs:              0 ave           0 max           0 min
Histogram: 1 0 0 0 0 0 0 0 0 0
FullNghs:          298 ave         298 max         298 min
Histogram: 1 0 0 0 0 0 0 0 0 0

Total # of neighbors = 298
Ave neighs/atom = 37.25
Neighbor list builds = 0
Dangerous builds = 0
next i
jump SELF loop_struct
clear
  using 1 OpenMP thread(s) per MPI task
log energies.log append
units metal
boundary p p p
atom_style atomic
read_data Si111_${i}.in
read_data Si111_242.in
Reading data file ...
  orthogonal box = (0 0 0) to (5.4437022 5.4437022 5.4437022)
  1 by 1 by 1 MPI processor grid
  reading atoms ...
  8 atoms
  reading velocities ...
  8 velocities
  read_data CPU = 0.000 seconds
mass 1 28.085
pair_style sw
pair_coeff * * Si.sw Si
Reading sw potential file Si.sw with DATE: 2007-06-11
run 0
Neighbor list info ...
  update: every = 1 steps, delay = 0 steps, check = yes
  max neighbors/atom: 2000, page size: 100000
  master list distance cutoff = 5.77118
  ghost atom cutoff = 5.77118
  binsize = 2.88559, bins = 2 2 2
  1 neighbor lists, perpetual/occasional/extra = 1 0 0
  (1) pair sw, perpetual
      attributes: full, newton on
      pair build: full/bin/atomonly
      stencil: full/bin/3d
      bin: standard
Per MPI rank memory allocation (min/avg/max) = 2.958 | 2.958 | 2.958 Mbytes
   Step          Temp          E_pair         E_mol          TotEng         Press     
WARNING: Too many warnings: 242 vs 100. All future warnings will be suppressed (src/thermo.cpp:478)
         0   0              1954.3292      0              1954.3292      27220245     
Loop time of 1.26e-06 on 1 procs for 0 steps with 8 atoms

158.7% CPU use with 1 MPI tasks x 1 OpenMP threads

MPI task timing breakdown:
Section |  min time  |  avg time  |  max time  |%varavg| %total
---------------------------------------------------------------
Pair    | 0          | 0          | 0          |   0.0 |  0.00
Neigh   | 0          | 0          | 0          |   0.0 |  0.00
Comm    | 0          | 0          | 0          |   0.0 |  0.00
Output  | 0          | 0          | 0          |   0.0 |  0.00
Modify  | 0          | 0          | 0          |   0.0 |  0.00
Other   |            | 1.26e-06   |            |       |100.00

Nlocal:              8 ave           8 max           8 min
Histogram: 1 0 0 0 0 0 0 0 0 0
Nghost:            208 ave         208 max         208 min
Histogram: 1 0 0 0 0 0 0 0 0 0
Neighs:              0 ave           0 max           0 min
Histogram: 1 0 0 0 0 0 0 0 0 0
FullNghs:          290 ave         290 max         290 min
Histogram: 1 0 0 0 0 0 0 0 0 0

Total # of neighbors = 290
Ave neighs/atom = 36.25
Neighbor list builds = 0
Dangerous builds = 0
next i
jump SELF loop_struct
clear
  using 1 OpenMP thread(s) per MPI task
log energies.log append
units metal
boundary p p p
atom_style atomic
read_data Si111_${i}.in
read_data Si111_243.in
Reading data file ...
  orthogonal box = (0 0 0) to (5.4437022 5.4437022 5.4437022)
  1 by 1 by 1 MPI processor grid
  reading atoms ...
  8 atoms
  reading velocities ...
  8 velocities
  read_data CPU = 0.001 seconds
mass 1 28.085
pair_style sw
pair_coeff * * Si.sw Si
Reading sw potential file Si.sw with DATE: 2007-06-11
run 0
Neighbor list info ...
  update: every = 1 steps, delay = 0 steps, check = yes
  max neighbors/atom: 2000, page size: 100000
  master list distance cutoff = 5.77118
  ghost atom cutoff = 5.77118
  binsize = 2.88559, bins = 2 2 2
  1 neighbor lists, perpetual/occasional/extra = 1 0 0
  (1) pair sw, perpetual
      attributes: full, newton on
      pair build: full/bin/atomonly
      stencil: full/bin/3d
      bin: standard
Per MPI rank memory allocation (min/avg/max) = 2.958 | 2.958 | 2.958 Mbytes
   Step          Temp          E_pair         E_mol          TotEng         Press     
WARNING: Too many warnings: 243 vs 100. All future warnings will be suppressed (src/thermo.cpp:478)
         0   0              271.32428      0              271.32428      4406880.7    
Loop time of 1.07e-06 on 1 procs for 0 steps with 8 atoms

186.9% CPU use with 1 MPI tasks x 1 OpenMP threads

MPI task timing breakdown:
Section |  min time  |  avg time  |  max time  |%varavg| %total
---------------------------------------------------------------
Pair    | 0          | 0          | 0          |   0.0 |  0.00
Neigh   | 0          | 0          | 0          |   0.0 |  0.00
Comm    | 0          | 0          | 0          |   0.0 |  0.00
Output  | 0          | 0          | 0          |   0.0 |  0.00
Modify  | 0          | 0          | 0          |   0.0 |  0.00
Other   |            | 1.07e-06   |            |       |100.00

Nlocal:              8 ave           8 max           8 min
Histogram: 1 0 0 0 0 0 0 0 0 0
Nghost:            226 ave         226 max         226 min
Histogram: 1 0 0 0 0 0 0 0 0 0
Neighs:              0 ave           0 max           0 min
Histogram: 1 0 0 0 0 0 0 0 0 0
FullNghs:          294 ave         294 max         294 min
Histogram: 1 0 0 0 0 0 0 0 0 0

Total # of neighbors = 294
Ave neighs/atom = 36.75
Neighbor list builds = 0
Dangerous builds = 0
next i
jump SELF loop_struct
clear
  using 1 OpenMP thread(s) per MPI task
log energies.log append
units metal
boundary p p p
atom_style atomic
read_data Si111_${i}.in
read_data Si111_244.in
Reading data file ...
  orthogonal box = (0 0 0) to (5.4437022 5.4437022 5.4437022)
  1 by 1 by 1 MPI processor grid
  reading atoms ...
  8 atoms
  reading velocities ...
  8 velocities
  read_data CPU = 0.000 seconds
mass 1 28.085
pair_style sw
pair_coeff * * Si.sw Si
Reading sw potential file Si.sw with DATE: 2007-06-11
run 0
Neighbor list info ...
  update: every = 1 steps, delay = 0 steps, check = yes
  max neighbors/atom: 2000, page size: 100000
  master list distance cutoff = 5.77118
  ghost atom cutoff = 5.77118
  binsize = 2.88559, bins = 2 2 2
  1 neighbor lists, perpetual/occasional/extra = 1 0 0
  (1) pair sw, perpetual
      attributes: full, newton on
      pair build: full/bin/atomonly
      stencil: full/bin/3d
      bin: standard
Per MPI rank memory allocation (min/avg/max) = 2.958 | 2.958 | 2.958 Mbytes
   Step          Temp          E_pair         E_mol          TotEng         Press     
WARNING: Too many warnings: 244 vs 100. All future warnings will be suppressed (src/thermo.cpp:478)
         0   0              238.49089      0              238.49089      3900589.5    
Loop time of 1.07e-06 on 1 procs for 0 steps with 8 atoms

0.0% CPU use with 1 MPI tasks x 1 OpenMP threads

MPI task timing breakdown:
Section |  min time  |  avg time  |  max time  |%varavg| %total
---------------------------------------------------------------
Pair    | 0          | 0          | 0          |   0.0 |  0.00
Neigh   | 0          | 0          | 0          |   0.0 |  0.00
Comm    | 0          | 0          | 0          |   0.0 |  0.00
Output  | 0          | 0          | 0          |   0.0 |  0.00
Modify  | 0          | 0          | 0          |   0.0 |  0.00
Other   |            | 1.07e-06   |            |       |100.00

Nlocal:              8 ave           8 max           8 min
Histogram: 1 0 0 0 0 0 0 0 0 0
Nghost:            217 ave         217 max         217 min
Histogram: 1 0 0 0 0 0 0 0 0 0
Neighs:              0 ave           0 max           0 min
Histogram: 1 0 0 0 0 0 0 0 0 0
FullNghs:          300 ave         300 max         300 min
Histogram: 1 0 0 0 0 0 0 0 0 0

Total # of neighbors = 300
Ave neighs/atom = 37.5
Neighbor list builds = 0
Dangerous builds = 0
next i
jump SELF loop_struct
clear
  using 1 OpenMP thread(s) per MPI task
log energies.log append
units metal
boundary p p p
atom_style atomic
read_data Si111_${i}.in
read_data Si111_245.in
Reading data file ...
  orthogonal box = (0 0 0) to (5.4437022 5.4437022 5.4437022)
  1 by 1 by 1 MPI processor grid
  reading atoms ...
  8 atoms
  reading velocities ...
  8 velocities
  read_data CPU = 0.000 seconds
mass 1 28.085
pair_style sw
pair_coeff * * Si.sw Si
Reading sw potential file Si.sw with DATE: 2007-06-11
run 0
Neighbor list info ...
  update: every = 1 steps, delay = 0 steps, check = yes
  max neighbors/atom: 2000, page size: 100000
  master list distance cutoff = 5.77118
  ghost atom cutoff = 5.77118
  binsize = 2.88559, bins = 2 2 2
  1 neighbor lists, perpetual/occasional/extra = 1 0 0
  (1) pair sw, perpetual
      attributes: full, newton on
      pair build: full/bin/atomonly
      stencil: full/bin/3d
      bin: standard
Per MPI rank memory allocation (min/avg/max) = 2.958 | 2.958 | 2.958 Mbytes
   Step          Temp          E_pair         E_mol          TotEng         Press     
WARNING: Too many warnings: 245 vs 100. All future warnings will be suppressed (src/thermo.cpp:478)
         0   0             -13.632791      0             -13.632791      398626.51    
Loop time of 1.07e-06 on 1 procs for 0 steps with 8 atoms

93.5% CPU use with 1 MPI tasks x 1 OpenMP threads

MPI task timing breakdown:
Section |  min time  |  avg time  |  max time  |%varavg| %total
---------------------------------------------------------------
Pair    | 0          | 0          | 0          |   0.0 |  0.00
Neigh   | 0          | 0          | 0          |   0.0 |  0.00
Comm    | 0          | 0          | 0          |   0.0 |  0.00
Output  | 0          | 0          | 0          |   0.0 |  0.00
Modify  | 0          | 0          | 0          |   0.0 |  0.00
Other   |            | 1.07e-06   |            |       |100.00

Nlocal:              8 ave           8 max           8 min
Histogram: 1 0 0 0 0 0 0 0 0 0
Nghost:            217 ave         217 max         217 min
Histogram: 1 0 0 0 0 0 0 0 0 0
Neighs:              0 ave           0 max           0 min
Histogram: 1 0 0 0 0 0 0 0 0 0
FullNghs:          310 ave         310 max         310 min
Histogram: 1 0 0 0 0 0 0 0 0 0

Total # of neighbors = 310
Ave neighs/atom = 38.75
Neighbor list builds = 0
Dangerous builds = 0
next i
jump SELF loop_struct
clear
  using 1 OpenMP thread(s) per MPI task
log energies.log append
units metal
boundary p p p
atom_style atomic
read_data Si111_${i}.in
read_data Si111_246.in
Reading data file ...
  orthogonal box = (0 0 0) to (5.4437022 5.4437022 5.4437022)
  1 by 1 by 1 MPI processor grid
  reading atoms ...
  8 atoms
  reading velocities ...
  8 velocities
  read_data CPU = 0.000 seconds
mass 1 28.085
pair_style sw
pair_coeff * * Si.sw Si
Reading sw potential file Si.sw with DATE: 2007-06-11
run 0
Neighbor list info ...
  update: every = 1 steps, delay = 0 steps, check = yes
  max neighbors/atom: 2000, page size: 100000
  master list distance cutoff = 5.77118
  ghost atom cutoff = 5.77118
  binsize = 2.88559, bins = 2 2 2
  1 neighbor lists, perpetual/occasional/extra = 1 0 0
  (1) pair sw, perpetual
      attributes: full, newton on
      pair build: full/bin/atomonly
      stencil: full/bin/3d
      bin: standard
Per MPI rank memory allocation (min/avg/max) = 2.958 | 2.958 | 2.958 Mbytes
   Step          Temp          E_pair         E_mol          TotEng         Press     
WARNING: Too many warnings: 246 vs 100. All future warnings will be suppressed (src/thermo.cpp:478)
         0   0              197.02067      0              197.02067      3252256.6    
Loop time of 1.061e-06 on 1 procs for 0 steps with 8 atoms

94.3% CPU use with 1 MPI tasks x 1 OpenMP threads

MPI task timing breakdown:
Section |  min time  |  avg time  |  max time  |%varavg| %total
---------------------------------------------------------------
Pair    | 0          | 0          | 0          |   0.0 |  0.00
Neigh   | 0          | 0          | 0          |   0.0 |  0.00
Comm    | 0          | 0          | 0          |   0.0 |  0.00
Output  | 0          | 0          | 0          |   0.0 |  0.00
Modify  | 0          | 0          | 0          |   0.0 |  0.00
Other   |            | 1.061e-06  |            |       |100.00

Nlocal:              8 ave           8 max           8 min
Histogram: 1 0 0 0 0 0 0 0 0 0
Nghost:            229 ave         229 max         229 min
Histogram: 1 0 0 0 0 0 0 0 0 0
Neighs:              0 ave           0 max           0 min
Histogram: 1 0 0 0 0 0 0 0 0 0
FullNghs:          304 ave         304 max         304 min
Histogram: 1 0 0 0 0 0 0 0 0 0

Total # of neighbors = 304
Ave neighs/atom = 38
Neighbor list builds = 0
Dangerous builds = 0
next i
jump SELF loop_struct
clear
  using 1 OpenMP thread(s) per MPI task
log energies.log append
units metal
boundary p p p
atom_style atomic
read_data Si111_${i}.in
read_data Si111_247.in
Reading data file ...
  orthogonal box = (0 0 0) to (5.4437022 5.4437022 5.4437022)
  1 by 1 by 1 MPI processor grid
  reading atoms ...
  8 atoms
  reading velocities ...
  8 velocities
  read_data CPU = 0.001 seconds
mass 1 28.085
pair_style sw
pair_coeff * * Si.sw Si
Reading sw potential file Si.sw with DATE: 2007-06-11
run 0
Neighbor list info ...
  update: every = 1 steps, delay = 0 steps, check = yes
  max neighbors/atom: 2000, page size: 100000
  master list distance cutoff = 5.77118
  ghost atom cutoff = 5.77118
  binsize = 2.88559, bins = 2 2 2
  1 neighbor lists, perpetual/occasional/extra = 1 0 0
  (1) pair sw, perpetual
      attributes: full, newton on
      pair build: full/bin/atomonly
      stencil: full/bin/3d
      bin: standard
Per MPI rank memory allocation (min/avg/max) = 2.958 | 2.958 | 2.958 Mbytes
   Step          Temp          E_pair         E_mol          TotEng         Press     
WARNING: Too many warnings: 247 vs 100. All future warnings will be suppressed (src/thermo.cpp:478)
         0   0              56.392341      0              56.392341      1344243.6    
Loop time of 1.07e-06 on 1 procs for 0 steps with 8 atoms

93.5% CPU use with 1 MPI tasks x 1 OpenMP threads

MPI task timing breakdown:
Section |  min time  |  avg time  |  max time  |%varavg| %total
---------------------------------------------------------------
Pair    | 0          | 0          | 0          |   0.0 |  0.00
Neigh   | 0          | 0          | 0          |   0.0 |  0.00
Comm    | 0          | 0          | 0          |   0.0 |  0.00
Output  | 0          | 0          | 0          |   0.0 |  0.00
Modify  | 0          | 0          | 0          |   0.0 |  0.00
Other   |            | 1.07e-06   |            |       |100.00

Nlocal:              8 ave           8 max           8 min
Histogram: 1 0 0 0 0 0 0 0 0 0
Nghost:            226 ave         226 max         226 min
Histogram: 1 0 0 0 0 0 0 0 0 0
Neighs:              0 ave           0 max           0 min
Histogram: 1 0 0 0 0 0 0 0 0 0
FullNghs:          312 ave         312 max         312 min
Histogram: 1 0 0 0 0 0 0 0 0 0

Total # of neighbors = 312
Ave neighs/atom = 39
Neighbor list builds = 0
Dangerous builds = 0
next i
jump SELF loop_struct
clear
  using 1 OpenMP thread(s) per MPI task
log energies.log append
units metal
boundary p p p
atom_style atomic
read_data Si111_${i}.in
read_data Si111_248.in
Reading data file ...
  orthogonal box = (0 0 0) to (5.4437022 5.4437022 5.4437022)
  1 by 1 by 1 MPI processor grid
  reading atoms ...
  8 atoms
  reading velocities ...
  8 velocities
  read_data CPU = 0.001 seconds
mass 1 28.085
pair_style sw
pair_coeff * * Si.sw Si
Reading sw potential file Si.sw with DATE: 2007-06-11
run 0
Neighbor list info ...
  update: every = 1 steps, delay = 0 steps, check = yes
  max neighbors/atom: 2000, page size: 100000
  master list distance cutoff = 5.77118
  ghost atom cutoff = 5.77118
  binsize = 2.88559, bins = 2 2 2
  1 neighbor lists, perpetual/occasional/extra = 1 0 0
  (1) pair sw, perpetual
      attributes: full, newton on
      pair build: full/bin/atomonly
      stencil: full/bin/3d
      bin: standard
Per MPI rank memory allocation (min/avg/max) = 2.958 | 2.958 | 2.958 Mbytes
   Step          Temp          E_pair         E_mol          TotEng         Press     
WARNING: Too many warnings: 248 vs 100. All future warnings will be suppressed (src/thermo.cpp:478)
         0   0              187.29078      0              187.29078      3208338.9    
Loop time of 1.08e-06 on 1 procs for 0 steps with 8 atoms

0.0% CPU use with 1 MPI tasks x 1 OpenMP threads

MPI task timing breakdown:
Section |  min time  |  avg time  |  max time  |%varavg| %total
---------------------------------------------------------------
Pair    | 0          | 0          | 0          |   0.0 |  0.00
Neigh   | 0          | 0          | 0          |   0.0 |  0.00
Comm    | 0          | 0          | 0          |   0.0 |  0.00
Output  | 0          | 0          | 0          |   0.0 |  0.00
Modify  | 0          | 0          | 0          |   0.0 |  0.00
Other   |            | 1.08e-06   |            |       |100.00

Nlocal:              8 ave           8 max           8 min
Histogram: 1 0 0 0 0 0 0 0 0 0
Nghost:            208 ave         208 max         208 min
Histogram: 1 0 0 0 0 0 0 0 0 0
Neighs:              0 ave           0 max           0 min
Histogram: 1 0 0 0 0 0 0 0 0 0
FullNghs:          310 ave         310 max         310 min
Histogram: 1 0 0 0 0 0 0 0 0 0

Total # of neighbors = 310
Ave neighs/atom = 38.75
Neighbor list builds = 0
Dangerous builds = 0
next i
jump SELF loop_struct
clear
  using 1 OpenMP thread(s) per MPI task
log energies.log append
units metal
boundary p p p
atom_style atomic
read_data Si111_${i}.in
read_data Si111_249.in
Reading data file ...
  orthogonal box = (0 0 0) to (5.4437022 5.4437022 5.4437022)
  1 by 1 by 1 MPI processor grid
  reading atoms ...
  8 atoms
  reading velocities ...
  8 velocities
  read_data CPU = 0.001 seconds
mass 1 28.085
pair_style sw
pair_coeff * * Si.sw Si
Reading sw potential file Si.sw with DATE: 2007-06-11
run 0
Neighbor list info ...
  update: every = 1 steps, delay = 0 steps, check = yes
  max neighbors/atom: 2000, page size: 100000
  master list distance cutoff = 5.77118
  ghost atom cutoff = 5.77118
  binsize = 2.88559, bins = 2 2 2
  1 neighbor lists, perpetual/occasional/extra = 1 0 0
  (1) pair sw, perpetual
      attributes: full, newton on
      pair build: full/bin/atomonly
      stencil: full/bin/3d
      bin: standard
Per MPI rank memory allocation (min/avg/max) = 2.958 | 2.958 | 2.958 Mbytes
   Step          Temp          E_pair         E_mol          TotEng         Press     
WARNING: Too many warnings: 249 vs 100. All future warnings will be suppressed (src/thermo.cpp:478)
         0   0              73.906646      0              73.906646      1728161.8    
Loop time of 1.07e-06 on 1 procs for 0 steps with 8 atoms

0.0% CPU use with 1 MPI tasks x 1 OpenMP threads

MPI task timing breakdown:
Section |  min time  |  avg time  |  max time  |%varavg| %total
---------------------------------------------------------------
Pair    | 0          | 0          | 0          |   0.0 |  0.00
Neigh   | 0          | 0          | 0          |   0.0 |  0.00
Comm    | 0          | 0          | 0          |   0.0 |  0.00
Output  | 0          | 0          | 0          |   0.0 |  0.00
Modify  | 0          | 0          | 0          |   0.0 |  0.00
Other   |            | 1.07e-06   |            |       |100.00

Nlocal:              8 ave           8 max           8 min
Histogram: 1 0 0 0 0 0 0 0 0 0
Nghost:            217 ave         217 max         217 min
Histogram: 1 0 0 0 0 0 0 0 0 0
Neighs:              0 ave           0 max           0 min
Histogram: 1 0 0 0 0 0 0 0 0 0
FullNghs:          318 ave         318 max         318 min
Histogram: 1 0 0 0 0 0 0 0 0 0

Total # of neighbors = 318
Ave neighs/atom = 39.75
Neighbor list builds = 0
Dangerous builds = 0
next i
jump SELF loop_struct
clear
  using 1 OpenMP thread(s) per MPI task
log energies.log append
units metal
boundary p p p
atom_style atomic
read_data Si111_${i}.in
read_data Si111_250.in
Reading data file ...
  orthogonal box = (0 0 0) to (5.4437022 5.4437022 5.4437022)
  1 by 1 by 1 MPI processor grid
  reading atoms ...
  8 atoms
  reading velocities ...
  8 velocities
  read_data CPU = 0.001 seconds
mass 1 28.085
pair_style sw
pair_coeff * * Si.sw Si
Reading sw potential file Si.sw with DATE: 2007-06-11
run 0
Neighbor list info ...
  update: every = 1 steps, delay = 0 steps, check = yes
  max neighbors/atom: 2000, page size: 100000
  master list distance cutoff = 5.77118
  ghost atom cutoff = 5.77118
  binsize = 2.88559, bins = 2 2 2
  1 neighbor lists, perpetual/occasional/extra = 1 0 0
  (1) pair sw, perpetual
      attributes: full, newton on
      pair build: full/bin/atomonly
      stencil: full/bin/3d
      bin: standard
Per MPI rank memory allocation (min/avg/max) = 2.958 | 2.958 | 2.958 Mbytes
   Step          Temp          E_pair         E_mol          TotEng         Press     
WARNING: Too many warnings: 250 vs 100. All future warnings will be suppressed (src/thermo.cpp:478)
         0   0              89.925936      0              89.925936      2026874.2    
Loop time of 1.08e-06 on 1 procs for 0 steps with 8 atoms

92.6% CPU use with 1 MPI tasks x 1 OpenMP threads

MPI task timing breakdown:
Section |  min time  |  avg time  |  max time  |%varavg| %total
---------------------------------------------------------------
Pair    | 0          | 0          | 0          |   0.0 |  0.00
Neigh   | 0          | 0          | 0          |   0.0 |  0.00
Comm    | 0          | 0          | 0          |   0.0 |  0.00
Output  | 0          | 0          | 0          |   0.0 |  0.00
Modify  | 0          | 0          | 0          |   0.0 |  0.00
Other   |            | 1.08e-06   |            |       |100.00

Nlocal:              8 ave           8 max           8 min
Histogram: 1 0 0 0 0 0 0 0 0 0
Nghost:            208 ave         208 max         208 min
Histogram: 1 0 0 0 0 0 0 0 0 0
Neighs:              0 ave           0 max           0 min
Histogram: 1 0 0 0 0 0 0 0 0 0
FullNghs:          304 ave         304 max         304 min
Histogram: 1 0 0 0 0 0 0 0 0 0

Total # of neighbors = 304
Ave neighs/atom = 38
Neighbor list builds = 0
Dangerous builds = 0
next i
jump SELF loop_struct
clear
  using 1 OpenMP thread(s) per MPI task
log energies.log append
units metal
boundary p p p
atom_style atomic
read_data Si111_${i}.in
read_data Si111_251.in
Reading data file ...
  orthogonal box = (0 0 0) to (5.4437022 5.4437022 5.4437022)
  1 by 1 by 1 MPI processor grid
  reading atoms ...
  8 atoms
  reading velocities ...
  8 velocities
  read_data CPU = 0.000 seconds
mass 1 28.085
pair_style sw
pair_coeff * * Si.sw Si
Reading sw potential file Si.sw with DATE: 2007-06-11
run 0
Neighbor list info ...
  update: every = 1 steps, delay = 0 steps, check = yes
  max neighbors/atom: 2000, page size: 100000
  master list distance cutoff = 5.77118
  ghost atom cutoff = 5.77118
  binsize = 2.88559, bins = 2 2 2
  1 neighbor lists, perpetual/occasional/extra = 1 0 0
  (1) pair sw, perpetual
      attributes: full, newton on
      pair build: full/bin/atomonly
      stencil: full/bin/3d
      bin: standard
Per MPI rank memory allocation (min/avg/max) = 2.958 | 2.958 | 2.958 Mbytes
   Step          Temp          E_pair         E_mol          TotEng         Press     
WARNING: Too many warnings: 251 vs 100. All future warnings will be suppressed (src/thermo.cpp:478)
         0   0              22.235961      0              22.235961      1226380.5    
Loop time of 1.1e-06 on 1 procs for 0 steps with 8 atoms

0.0% CPU use with 1 MPI tasks x 1 OpenMP threads

MPI task timing breakdown:
Section |  min time  |  avg time  |  max time  |%varavg| %total
---------------------------------------------------------------
Pair    | 0          | 0          | 0          |   0.0 |  0.00
Neigh   | 0          | 0          | 0          |   0.0 |  0.00
Comm    | 0          | 0          | 0          |   0.0 |  0.00
Output  | 0          | 0          | 0          |   0.0 |  0.00
Modify  | 0          | 0          | 0          |   0.0 |  0.00
Other   |            | 1.1e-06    |            |       |100.00

Nlocal:              8 ave           8 max           8 min
Histogram: 1 0 0 0 0 0 0 0 0 0
Nghost:            208 ave         208 max         208 min
Histogram: 1 0 0 0 0 0 0 0 0 0
Neighs:              0 ave           0 max           0 min
Histogram: 1 0 0 0 0 0 0 0 0 0
FullNghs:          300 ave         300 max         300 min
Histogram: 1 0 0 0 0 0 0 0 0 0

Total # of neighbors = 300
Ave neighs/atom = 37.5
Neighbor list builds = 0
Dangerous builds = 0
next i
jump SELF loop_struct
clear
  using 1 OpenMP thread(s) per MPI task
log energies.log append
units metal
boundary p p p
atom_style atomic
read_data Si111_${i}.in
read_data Si111_252.in
Reading data file ...
  orthogonal box = (0 0 0) to (5.4437022 5.4437022 5.4437022)
  1 by 1 by 1 MPI processor grid
  reading atoms ...
  8 atoms
  reading velocities ...
  8 velocities
  read_data CPU = 0.001 seconds
mass 1 28.085
pair_style sw
pair_coeff * * Si.sw Si
Reading sw potential file Si.sw with DATE: 2007-06-11
run 0
Neighbor list info ...
  update: every = 1 steps, delay = 0 steps, check = yes
  max neighbors/atom: 2000, page size: 100000
  master list distance cutoff = 5.77118
  ghost atom cutoff = 5.77118
  binsize = 2.88559, bins = 2 2 2
  1 neighbor lists, perpetual/occasional/extra = 1 0 0
  (1) pair sw, perpetual
      attributes: full, newton on
      pair build: full/bin/atomonly
      stencil: full/bin/3d
      bin: standard
Per MPI rank memory allocation (min/avg/max) = 2.958 | 2.958 | 2.958 Mbytes
   Step          Temp          E_pair         E_mol          TotEng         Press     
WARNING: Too many warnings: 252 vs 100. All future warnings will be suppressed (src/thermo.cpp:478)
         0   0              5.0363872      0              5.0363872      582885.8     
Loop time of 1.1e-06 on 1 procs for 0 steps with 8 atoms

0.0% CPU use with 1 MPI tasks x 1 OpenMP threads

MPI task timing breakdown:
Section |  min time  |  avg time  |  max time  |%varavg| %total
---------------------------------------------------------------
Pair    | 0          | 0          | 0          |   0.0 |  0.00
Neigh   | 0          | 0          | 0          |   0.0 |  0.00
Comm    | 0          | 0          | 0          |   0.0 |  0.00
Output  | 0          | 0          | 0          |   0.0 |  0.00
Modify  | 0          | 0          | 0          |   0.0 |  0.00
Other   |            | 1.1e-06    |            |       |100.00

Nlocal:              8 ave           8 max           8 min
Histogram: 1 0 0 0 0 0 0 0 0 0
Nghost:            217 ave         217 max         217 min
Histogram: 1 0 0 0 0 0 0 0 0 0
Neighs:              0 ave           0 max           0 min
Histogram: 1 0 0 0 0 0 0 0 0 0
FullNghs:          308 ave         308 max         308 min
Histogram: 1 0 0 0 0 0 0 0 0 0

Total # of neighbors = 308
Ave neighs/atom = 38.5
Neighbor list builds = 0
Dangerous builds = 0
next i
jump SELF loop_struct
clear
  using 1 OpenMP thread(s) per MPI task
log energies.log append
units metal
boundary p p p
atom_style atomic
read_data Si111_${i}.in
read_data Si111_253.in
Reading data file ...
  orthogonal box = (0 0 0) to (5.4437022 5.4437022 5.4437022)
  1 by 1 by 1 MPI processor grid
  reading atoms ...
  8 atoms
  reading velocities ...
  8 velocities
  read_data CPU = 0.001 seconds
mass 1 28.085
pair_style sw
pair_coeff * * Si.sw Si
Reading sw potential file Si.sw with DATE: 2007-06-11
run 0
Neighbor list info ...
  update: every = 1 steps, delay = 0 steps, check = yes
  max neighbors/atom: 2000, page size: 100000
  master list distance cutoff = 5.77118
  ghost atom cutoff = 5.77118
  binsize = 2.88559, bins = 2 2 2
  1 neighbor lists, perpetual/occasional/extra = 1 0 0
  (1) pair sw, perpetual
      attributes: full, newton on
      pair build: full/bin/atomonly
      stencil: full/bin/3d
      bin: standard
Per MPI rank memory allocation (min/avg/max) = 2.958 | 2.958 | 2.958 Mbytes
   Step          Temp          E_pair         E_mol          TotEng         Press     
WARNING: Too many warnings: 253 vs 100. All future warnings will be suppressed (src/thermo.cpp:478)
         0   0              42.46914       0              42.46914       1434774.8    
Loop time of 1.11e-06 on 1 procs for 0 steps with 8 atoms

0.0% CPU use with 1 MPI tasks x 1 OpenMP threads

MPI task timing breakdown:
Section |  min time  |  avg time  |  max time  |%varavg| %total
---------------------------------------------------------------
Pair    | 0          | 0          | 0          |   0.0 |  0.00
Neigh   | 0          | 0          | 0          |   0.0 |  0.00
Comm    | 0          | 0          | 0          |   0.0 |  0.00
Output  | 0          | 0          | 0          |   0.0 |  0.00
Modify  | 0          | 0          | 0          |   0.0 |  0.00
Other   |            | 1.11e-06   |            |       |100.00

Nlocal:              8 ave           8 max           8 min
Histogram: 1 0 0 0 0 0 0 0 0 0
Nghost:            217 ave         217 max         217 min
Histogram: 1 0 0 0 0 0 0 0 0 0
Neighs:              0 ave           0 max           0 min
Histogram: 1 0 0 0 0 0 0 0 0 0
FullNghs:          304 ave         304 max         304 min
Histogram: 1 0 0 0 0 0 0 0 0 0

Total # of neighbors = 304
Ave neighs/atom = 38
Neighbor list builds = 0
Dangerous builds = 0
next i
jump SELF loop_struct
clear
  using 1 OpenMP thread(s) per MPI task
log energies.log append
units metal
boundary p p p
atom_style atomic
read_data Si111_${i}.in
read_data Si111_254.in
Reading data file ...
  orthogonal box = (0 0 0) to (5.4437022 5.4437022 5.4437022)
  1 by 1 by 1 MPI processor grid
  reading atoms ...
  8 atoms
  reading velocities ...
  8 velocities
  read_data CPU = 0.000 seconds
mass 1 28.085
pair_style sw
pair_coeff * * Si.sw Si
Reading sw potential file Si.sw with DATE: 2007-06-11
run 0
Neighbor list info ...
  update: every = 1 steps, delay = 0 steps, check = yes
  max neighbors/atom: 2000, page size: 100000
  master list distance cutoff = 5.77118
  ghost atom cutoff = 5.77118
  binsize = 2.88559, bins = 2 2 2
  1 neighbor lists, perpetual/occasional/extra = 1 0 0
  (1) pair sw, perpetual
      attributes: full, newton on
      pair build: full/bin/atomonly
      stencil: full/bin/3d
      bin: standard
Per MPI rank memory allocation (min/avg/max) = 2.958 | 2.958 | 2.958 Mbytes
   Step          Temp          E_pair         E_mol          TotEng         Press     
WARNING: Too many warnings: 254 vs 100. All future warnings will be suppressed (src/thermo.cpp:478)
         0   0              220.16123      0              220.16123      3848908.5    
Loop time of 1.07e-06 on 1 procs for 0 steps with 8 atoms

0.0% CPU use with 1 MPI tasks x 1 OpenMP threads

MPI task timing breakdown:
Section |  min time  |  avg time  |  max time  |%varavg| %total
---------------------------------------------------------------
Pair    | 0          | 0          | 0          |   0.0 |  0.00
Neigh   | 0          | 0          | 0          |   0.0 |  0.00
Comm    | 0          | 0          | 0          |   0.0 |  0.00
Output  | 0          | 0          | 0          |   0.0 |  0.00
Modify  | 0          | 0          | 0          |   0.0 |  0.00
Other   |            | 1.07e-06   |            |       |100.00

Nlocal:              8 ave           8 max           8 min
Histogram: 1 0 0 0 0 0 0 0 0 0
Nghost:            217 ave         217 max         217 min
Histogram: 1 0 0 0 0 0 0 0 0 0
Neighs:              0 ave           0 max           0 min
Histogram: 1 0 0 0 0 0 0 0 0 0
FullNghs:          296 ave         296 max         296 min
Histogram: 1 0 0 0 0 0 0 0 0 0

Total # of neighbors = 296
Ave neighs/atom = 37
Neighbor list builds = 0
Dangerous builds = 0
next i
jump SELF loop_struct
clear
  using 1 OpenMP thread(s) per MPI task
log energies.log append
units metal
boundary p p p
atom_style atomic
read_data Si111_${i}.in
read_data Si111_255.in
Reading data file ...
  orthogonal box = (0 0 0) to (5.4437022 5.4437022 5.4437022)
  1 by 1 by 1 MPI processor grid
  reading atoms ...
  8 atoms
  reading velocities ...
  8 velocities
  read_data CPU = 0.000 seconds
mass 1 28.085
pair_style sw
pair_coeff * * Si.sw Si
Reading sw potential file Si.sw with DATE: 2007-06-11
run 0
Neighbor list info ...
  update: every = 1 steps, delay = 0 steps, check = yes
  max neighbors/atom: 2000, page size: 100000
  master list distance cutoff = 5.77118
  ghost atom cutoff = 5.77118
  binsize = 2.88559, bins = 2 2 2
  1 neighbor lists, perpetual/occasional/extra = 1 0 0
  (1) pair sw, perpetual
      attributes: full, newton on
      pair build: full/bin/atomonly
      stencil: full/bin/3d
      bin: standard
Per MPI rank memory allocation (min/avg/max) = 2.958 | 2.958 | 2.958 Mbytes
   Step          Temp          E_pair         E_mol          TotEng         Press     
WARNING: Too many warnings: 255 vs 100. All future warnings will be suppressed (src/thermo.cpp:478)
         0   0              17.6991        0              17.6991        1049748.8    
Loop time of 1.08e-06 on 1 procs for 0 steps with 8 atoms

0.0% CPU use with 1 MPI tasks x 1 OpenMP threads

MPI task timing breakdown:
Section |  min time  |  avg time  |  max time  |%varavg| %total
---------------------------------------------------------------
Pair    | 0          | 0          | 0          |   0.0 |  0.00
Neigh   | 0          | 0          | 0          |   0.0 |  0.00
Comm    | 0          | 0          | 0          |   0.0 |  0.00
Output  | 0          | 0          | 0          |   0.0 |  0.00
Modify  | 0          | 0          | 0          |   0.0 |  0.00
Other   |            | 1.08e-06   |            |       |100.00

Nlocal:              8 ave           8 max           8 min
Histogram: 1 0 0 0 0 0 0 0 0 0
Nghost:            208 ave         208 max         208 min
Histogram: 1 0 0 0 0 0 0 0 0 0
Neighs:              0 ave           0 max           0 min
Histogram: 1 0 0 0 0 0 0 0 0 0
FullNghs:          298 ave         298 max         298 min
Histogram: 1 0 0 0 0 0 0 0 0 0

Total # of neighbors = 298
Ave neighs/atom = 37.25
Neighbor list builds = 0
Dangerous builds = 0
next i
jump SELF loop_struct
clear
  using 1 OpenMP thread(s) per MPI task
log energies.log append
units metal
boundary p p p
atom_style atomic
read_data Si111_${i}.in
read_data Si111_256.in
Reading data file ...
  orthogonal box = (0 0 0) to (5.4437022 5.4437022 5.4437022)
  1 by 1 by 1 MPI processor grid
  reading atoms ...
  8 atoms
  reading velocities ...
  8 velocities
  read_data CPU = 0.000 seconds
mass 1 28.085
pair_style sw
pair_coeff * * Si.sw Si
Reading sw potential file Si.sw with DATE: 2007-06-11
run 0
Neighbor list info ...
  update: every = 1 steps, delay = 0 steps, check = yes
  max neighbors/atom: 2000, page size: 100000
  master list distance cutoff = 5.77118
  ghost atom cutoff = 5.77118
  binsize = 2.88559, bins = 2 2 2
  1 neighbor lists, perpetual/occasional/extra = 1 0 0
  (1) pair sw, perpetual
      attributes: full, newton on
      pair build: full/bin/atomonly
      stencil: full/bin/3d
      bin: standard
Per MPI rank memory allocation (min/avg/max) = 2.958 | 2.958 | 2.958 Mbytes
   Step          Temp          E_pair         E_mol          TotEng         Press     
WARNING: Too many warnings: 256 vs 100. All future warnings will be suppressed (src/thermo.cpp:478)
         0   0              125.90523      0              125.90523      2425282.5    
Loop time of 1.09e-06 on 1 procs for 0 steps with 8 atoms

0.0% CPU use with 1 MPI tasks x 1 OpenMP threads

MPI task timing breakdown:
Section |  min time  |  avg time  |  max time  |%varavg| %total
---------------------------------------------------------------
Pair    | 0          | 0          | 0          |   0.0 |  0.00
Neigh   | 0          | 0          | 0          |   0.0 |  0.00
Comm    | 0          | 0          | 0          |   0.0 |  0.00
Output  | 0          | 0          | 0          |   0.0 |  0.00
Modify  | 0          | 0          | 0          |   0.0 |  0.00
Other   |            | 1.09e-06   |            |       |100.00

Nlocal:              8 ave           8 max           8 min
Histogram: 1 0 0 0 0 0 0 0 0 0
Nghost:            208 ave         208 max         208 min
Histogram: 1 0 0 0 0 0 0 0 0 0
Neighs:              0 ave           0 max           0 min
Histogram: 1 0 0 0 0 0 0 0 0 0
FullNghs:          310 ave         310 max         310 min
Histogram: 1 0 0 0 0 0 0 0 0 0

Total # of neighbors = 310
Ave neighs/atom = 38.75
Neighbor list builds = 0
Dangerous builds = 0
next i
jump SELF loop_struct
Total wall time: 0:00:00
