units metal
boundary p p p
atom_style atomic
read_data epoch60_${i}.in
read_data epoch60_1.in
Reading data file ...
  orthogonal box = (0 0 0) to (5.4437022 5.4437022 5.4437022)
  1 by 1 by 1 MPI processor grid
  reading atoms ...
  8 atoms
  reading velocities ...
  8 velocities
  read_data CPU = 0.001 seconds
mass 1 28.085
pair_style sw
pair_coeff * * Si.sw Si
Reading sw potential file Si.sw with DATE: 2007-06-11
run 0

CITE-CITE-CITE-CITE-CITE-CITE-CITE-CITE-CITE-CITE-CITE-CITE-CITE

Your simulation uses code contributions which should be cited:

- Type Label Framework: https://doi.org/10.1021/acs.jpcb.3c08419

@Article{Gissinger24,
 author = {Jacob R. Gissinger, Ilia Nikiforov, Yaser Afshar, Brendon Waters, Moon-ki Choi, Daniel S. Karls, Alexander Stukowski, Wonpil Im, Hendrik Heinz, Axel Kohlmeyer, and Ellad B. Tadmor},
 title = {Type Label Framework for Bonded Force Fields in LAMMPS},
 journal = {J. Phys. Chem. B},
 year =    2024,
 volume =  128,
 number =  13,
 pages =   {3282–-3297}
}

CITE-CITE-CITE-CITE-CITE-CITE-CITE-CITE-CITE-CITE-CITE-CITE-CITE

WARNING: No fixes with time integration, atoms won't move (src/verlet.cpp:60)
Neighbor list info ...
  update: every = 1 steps, delay = 0 steps, check = yes
  max neighbors/atom: 2000, page size: 100000
  master list distance cutoff = 5.77118
  ghost atom cutoff = 5.77118
  binsize = 2.88559, bins = 2 2 2
  1 neighbor lists, perpetual/occasional/extra = 1 0 0
  (1) pair sw, perpetual
      attributes: full, newton on
      pair build: full/bin/atomonly
      stencil: full/bin/3d
      bin: standard
Per MPI rank memory allocation (min/avg/max) = 2.958 | 2.958 | 2.958 Mbytes
   Step          Temp          E_pair         E_mol          TotEng         Press     
         0   0             -34.500227      0             -34.500227     -5638.3535    
Loop time of 1.39e-06 on 1 procs for 0 steps with 8 atoms

71.9% CPU use with 1 MPI tasks x 1 OpenMP threads

MPI task timing breakdown:
Section |  min time  |  avg time  |  max time  |%varavg| %total
---------------------------------------------------------------
Pair    | 0          | 0          | 0          |   0.0 |  0.00
Neigh   | 0          | 0          | 0          |   0.0 |  0.00
Comm    | 0          | 0          | 0          |   0.0 |  0.00
Output  | 0          | 0          | 0          |   0.0 |  0.00
Modify  | 0          | 0          | 0          |   0.0 |  0.00
Other   |            | 1.39e-06   |            |       |100.00

Nlocal:              8 ave           8 max           8 min
Histogram: 1 0 0 0 0 0 0 0 0 0
Nghost:            226 ave         226 max         226 min
Histogram: 1 0 0 0 0 0 0 0 0 0
Neighs:              0 ave           0 max           0 min
Histogram: 1 0 0 0 0 0 0 0 0 0
FullNghs:          272 ave         272 max         272 min
Histogram: 1 0 0 0 0 0 0 0 0 0

Total # of neighbors = 272
Ave neighs/atom = 34
Neighbor list builds = 0
Dangerous builds = 0
next i
jump SELF loop_struct
clear
  using 1 OpenMP thread(s) per MPI task
log energies.log append
units metal
boundary p p p
atom_style atomic
read_data epoch60_${i}.in
read_data epoch60_2.in
Reading data file ...
  orthogonal box = (0 0 0) to (5.4437022 5.4437022 5.4437022)
  1 by 1 by 1 MPI processor grid
  reading atoms ...
  8 atoms
  reading velocities ...
  8 velocities
  read_data CPU = 0.001 seconds
mass 1 28.085
pair_style sw
pair_coeff * * Si.sw Si
Reading sw potential file Si.sw with DATE: 2007-06-11
run 0
WARNING: No fixes with time integration, atoms won't move (src/verlet.cpp:60)
Neighbor list info ...
  update: every = 1 steps, delay = 0 steps, check = yes
  max neighbors/atom: 2000, page size: 100000
  master list distance cutoff = 5.77118
  ghost atom cutoff = 5.77118
  binsize = 2.88559, bins = 2 2 2
  1 neighbor lists, perpetual/occasional/extra = 1 0 0
  (1) pair sw, perpetual
      attributes: full, newton on
      pair build: full/bin/atomonly
      stencil: full/bin/3d
      bin: standard
Per MPI rank memory allocation (min/avg/max) = 2.958 | 2.958 | 2.958 Mbytes
   Step          Temp          E_pair         E_mol          TotEng         Press     
         0   0             -34.53847       0             -34.53847      -6680.6092    
Loop time of 1.1e-06 on 1 procs for 0 steps with 8 atoms

0.0% CPU use with 1 MPI tasks x 1 OpenMP threads

MPI task timing breakdown:
Section |  min time  |  avg time  |  max time  |%varavg| %total
---------------------------------------------------------------
Pair    | 0          | 0          | 0          |   0.0 |  0.00
Neigh   | 0          | 0          | 0          |   0.0 |  0.00
Comm    | 0          | 0          | 0          |   0.0 |  0.00
Output  | 0          | 0          | 0          |   0.0 |  0.00
Modify  | 0          | 0          | 0          |   0.0 |  0.00
Other   |            | 1.1e-06    |            |       |100.00

Nlocal:              8 ave           8 max           8 min
Histogram: 1 0 0 0 0 0 0 0 0 0
Nghost:            217 ave         217 max         217 min
Histogram: 1 0 0 0 0 0 0 0 0 0
Neighs:              0 ave           0 max           0 min
Histogram: 1 0 0 0 0 0 0 0 0 0
FullNghs:          272 ave         272 max         272 min
Histogram: 1 0 0 0 0 0 0 0 0 0

Total # of neighbors = 272
Ave neighs/atom = 34
Neighbor list builds = 0
Dangerous builds = 0
next i
jump SELF loop_struct
clear
  using 1 OpenMP thread(s) per MPI task
log energies.log append
units metal
boundary p p p
atom_style atomic
read_data epoch60_${i}.in
read_data epoch60_3.in
Reading data file ...
  orthogonal box = (0 0 0) to (5.4437022 5.4437022 5.4437022)
  1 by 1 by 1 MPI processor grid
  reading atoms ...
  8 atoms
  reading velocities ...
  8 velocities
  read_data CPU = 0.000 seconds
mass 1 28.085
pair_style sw
pair_coeff * * Si.sw Si
Reading sw potential file Si.sw with DATE: 2007-06-11
run 0
WARNING: No fixes with time integration, atoms won't move (src/verlet.cpp:60)
Neighbor list info ...
  update: every = 1 steps, delay = 0 steps, check = yes
  max neighbors/atom: 2000, page size: 100000
  master list distance cutoff = 5.77118
  ghost atom cutoff = 5.77118
  binsize = 2.88559, bins = 2 2 2
  1 neighbor lists, perpetual/occasional/extra = 1 0 0
  (1) pair sw, perpetual
      attributes: full, newton on
      pair build: full/bin/atomonly
      stencil: full/bin/3d
      bin: standard
Per MPI rank memory allocation (min/avg/max) = 2.958 | 2.958 | 2.958 Mbytes
   Step          Temp          E_pair         E_mol          TotEng         Press     
         0   0             -34.267774      0             -34.267774     -5267.801     
Loop time of 1.14e-06 on 1 procs for 0 steps with 8 atoms

0.0% CPU use with 1 MPI tasks x 1 OpenMP threads

MPI task timing breakdown:
Section |  min time  |  avg time  |  max time  |%varavg| %total
---------------------------------------------------------------
Pair    | 0          | 0          | 0          |   0.0 |  0.00
Neigh   | 0          | 0          | 0          |   0.0 |  0.00
Comm    | 0          | 0          | 0          |   0.0 |  0.00
Output  | 0          | 0          | 0          |   0.0 |  0.00
Modify  | 0          | 0          | 0          |   0.0 |  0.00
Other   |            | 1.14e-06   |            |       |100.00

Nlocal:              8 ave           8 max           8 min
Histogram: 1 0 0 0 0 0 0 0 0 0
Nghost:            247 ave         247 max         247 min
Histogram: 1 0 0 0 0 0 0 0 0 0
Neighs:              0 ave           0 max           0 min
Histogram: 1 0 0 0 0 0 0 0 0 0
FullNghs:          276 ave         276 max         276 min
Histogram: 1 0 0 0 0 0 0 0 0 0

Total # of neighbors = 276
Ave neighs/atom = 34.5
Neighbor list builds = 0
Dangerous builds = 0
next i
jump SELF loop_struct
clear
  using 1 OpenMP thread(s) per MPI task
log energies.log append
units metal
boundary p p p
atom_style atomic
read_data epoch60_${i}.in
read_data epoch60_4.in
Reading data file ...
  orthogonal box = (0 0 0) to (5.4437022 5.4437022 5.4437022)
  1 by 1 by 1 MPI processor grid
  reading atoms ...
  8 atoms
  reading velocities ...
  8 velocities
  read_data CPU = 0.000 seconds
mass 1 28.085
pair_style sw
pair_coeff * * Si.sw Si
Reading sw potential file Si.sw with DATE: 2007-06-11
run 0
WARNING: No fixes with time integration, atoms won't move (src/verlet.cpp:60)
Neighbor list info ...
  update: every = 1 steps, delay = 0 steps, check = yes
  max neighbors/atom: 2000, page size: 100000
  master list distance cutoff = 5.77118
  ghost atom cutoff = 5.77118
  binsize = 2.88559, bins = 2 2 2
  1 neighbor lists, perpetual/occasional/extra = 1 0 0
  (1) pair sw, perpetual
      attributes: full, newton on
      pair build: full/bin/atomonly
      stencil: full/bin/3d
      bin: standard
Per MPI rank memory allocation (min/avg/max) = 2.958 | 2.958 | 2.958 Mbytes
   Step          Temp          E_pair         E_mol          TotEng         Press     
         0   0             -34.385541      0             -34.385541     -6229.9802    
Loop time of 1.03e-06 on 1 procs for 0 steps with 8 atoms

0.0% CPU use with 1 MPI tasks x 1 OpenMP threads

MPI task timing breakdown:
Section |  min time  |  avg time  |  max time  |%varavg| %total
---------------------------------------------------------------
Pair    | 0          | 0          | 0          |   0.0 |  0.00
Neigh   | 0          | 0          | 0          |   0.0 |  0.00
Comm    | 0          | 0          | 0          |   0.0 |  0.00
Output  | 0          | 0          | 0          |   0.0 |  0.00
Modify  | 0          | 0          | 0          |   0.0 |  0.00
Other   |            | 1.03e-06   |            |       |100.00

Nlocal:              8 ave           8 max           8 min
Histogram: 1 0 0 0 0 0 0 0 0 0
Nghost:            226 ave         226 max         226 min
Histogram: 1 0 0 0 0 0 0 0 0 0
Neighs:              0 ave           0 max           0 min
Histogram: 1 0 0 0 0 0 0 0 0 0
FullNghs:          272 ave         272 max         272 min
Histogram: 1 0 0 0 0 0 0 0 0 0

Total # of neighbors = 272
Ave neighs/atom = 34
Neighbor list builds = 0
Dangerous builds = 0
next i
jump SELF loop_struct
clear
  using 1 OpenMP thread(s) per MPI task
log energies.log append
units metal
boundary p p p
atom_style atomic
read_data epoch60_${i}.in
read_data epoch60_5.in
Reading data file ...
  orthogonal box = (0 0 0) to (5.4437022 5.4437022 5.4437022)
  1 by 1 by 1 MPI processor grid
  reading atoms ...
  8 atoms
  reading velocities ...
  8 velocities
  read_data CPU = 0.000 seconds
mass 1 28.085
pair_style sw
pair_coeff * * Si.sw Si
Reading sw potential file Si.sw with DATE: 2007-06-11
run 0
WARNING: No fixes with time integration, atoms won't move (src/verlet.cpp:60)
Neighbor list info ...
  update: every = 1 steps, delay = 0 steps, check = yes
  max neighbors/atom: 2000, page size: 100000
  master list distance cutoff = 5.77118
  ghost atom cutoff = 5.77118
  binsize = 2.88559, bins = 2 2 2
  1 neighbor lists, perpetual/occasional/extra = 1 0 0
  (1) pair sw, perpetual
      attributes: full, newton on
      pair build: full/bin/atomonly
      stencil: full/bin/3d
      bin: standard
Per MPI rank memory allocation (min/avg/max) = 2.958 | 2.958 | 2.958 Mbytes
   Step          Temp          E_pair         E_mol          TotEng         Press     
         0   0             -34.468112      0             -34.468112     -5570.7657    
Loop time of 1.01e-06 on 1 procs for 0 steps with 8 atoms

0.0% CPU use with 1 MPI tasks x 1 OpenMP threads

MPI task timing breakdown:
Section |  min time  |  avg time  |  max time  |%varavg| %total
---------------------------------------------------------------
Pair    | 0          | 0          | 0          |   0.0 |  0.00
Neigh   | 0          | 0          | 0          |   0.0 |  0.00
Comm    | 0          | 0          | 0          |   0.0 |  0.00
Output  | 0          | 0          | 0          |   0.0 |  0.00
Modify  | 0          | 0          | 0          |   0.0 |  0.00
Other   |            | 1.01e-06   |            |       |100.00

Nlocal:              8 ave           8 max           8 min
Histogram: 1 0 0 0 0 0 0 0 0 0
Nghost:            244 ave         244 max         244 min
Histogram: 1 0 0 0 0 0 0 0 0 0
Neighs:              0 ave           0 max           0 min
Histogram: 1 0 0 0 0 0 0 0 0 0
FullNghs:          272 ave         272 max         272 min
Histogram: 1 0 0 0 0 0 0 0 0 0

Total # of neighbors = 272
Ave neighs/atom = 34
Neighbor list builds = 0
Dangerous builds = 0
next i
jump SELF loop_struct
clear
  using 1 OpenMP thread(s) per MPI task
log energies.log append
units metal
boundary p p p
atom_style atomic
read_data epoch60_${i}.in
read_data epoch60_6.in
Reading data file ...
  orthogonal box = (0 0 0) to (5.4437022 5.4437022 5.4437022)
  1 by 1 by 1 MPI processor grid
  reading atoms ...
  8 atoms
  reading velocities ...
  8 velocities
  read_data CPU = 0.001 seconds
mass 1 28.085
pair_style sw
pair_coeff * * Si.sw Si
Reading sw potential file Si.sw with DATE: 2007-06-11
run 0
WARNING: No fixes with time integration, atoms won't move (src/verlet.cpp:60)
Neighbor list info ...
  update: every = 1 steps, delay = 0 steps, check = yes
  max neighbors/atom: 2000, page size: 100000
  master list distance cutoff = 5.77118
  ghost atom cutoff = 5.77118
  binsize = 2.88559, bins = 2 2 2
  1 neighbor lists, perpetual/occasional/extra = 1 0 0
  (1) pair sw, perpetual
      attributes: full, newton on
      pair build: full/bin/atomonly
      stencil: full/bin/3d
      bin: standard
Per MPI rank memory allocation (min/avg/max) = 2.958 | 2.958 | 2.958 Mbytes
   Step          Temp          E_pair         E_mol          TotEng         Press     
         0   0             -34.426673      0             -34.426673     -6087.3403    
Loop time of 1.09e-06 on 1 procs for 0 steps with 8 atoms

0.0% CPU use with 1 MPI tasks x 1 OpenMP threads

MPI task timing breakdown:
Section |  min time  |  avg time  |  max time  |%varavg| %total
---------------------------------------------------------------
Pair    | 0          | 0          | 0          |   0.0 |  0.00
Neigh   | 0          | 0          | 0          |   0.0 |  0.00
Comm    | 0          | 0          | 0          |   0.0 |  0.00
Output  | 0          | 0          | 0          |   0.0 |  0.00
Modify  | 0          | 0          | 0          |   0.0 |  0.00
Other   |            | 1.09e-06   |            |       |100.00

Nlocal:              8 ave           8 max           8 min
Histogram: 1 0 0 0 0 0 0 0 0 0
Nghost:            235 ave         235 max         235 min
Histogram: 1 0 0 0 0 0 0 0 0 0
Neighs:              0 ave           0 max           0 min
Histogram: 1 0 0 0 0 0 0 0 0 0
FullNghs:          274 ave         274 max         274 min
Histogram: 1 0 0 0 0 0 0 0 0 0

Total # of neighbors = 274
Ave neighs/atom = 34.25
Neighbor list builds = 0
Dangerous builds = 0
next i
jump SELF loop_struct
clear
  using 1 OpenMP thread(s) per MPI task
log energies.log append
units metal
boundary p p p
atom_style atomic
read_data epoch60_${i}.in
read_data epoch60_7.in
Reading data file ...
  orthogonal box = (0 0 0) to (5.4437022 5.4437022 5.4437022)
  1 by 1 by 1 MPI processor grid
  reading atoms ...
  8 atoms
  reading velocities ...
  8 velocities
  read_data CPU = 0.001 seconds
mass 1 28.085
pair_style sw
pair_coeff * * Si.sw Si
Reading sw potential file Si.sw with DATE: 2007-06-11
run 0
WARNING: No fixes with time integration, atoms won't move (src/verlet.cpp:60)
Neighbor list info ...
  update: every = 1 steps, delay = 0 steps, check = yes
  max neighbors/atom: 2000, page size: 100000
  master list distance cutoff = 5.77118
  ghost atom cutoff = 5.77118
  binsize = 2.88559, bins = 2 2 2
  1 neighbor lists, perpetual/occasional/extra = 1 0 0
  (1) pair sw, perpetual
      attributes: full, newton on
      pair build: full/bin/atomonly
      stencil: full/bin/3d
      bin: standard
Per MPI rank memory allocation (min/avg/max) = 2.958 | 2.958 | 2.958 Mbytes
   Step          Temp          E_pair         E_mol          TotEng         Press     
         0   0             -34.452565      0             -34.452565     -5924.4214    
Loop time of 1.05e-06 on 1 procs for 0 steps with 8 atoms

95.2% CPU use with 1 MPI tasks x 1 OpenMP threads

MPI task timing breakdown:
Section |  min time  |  avg time  |  max time  |%varavg| %total
---------------------------------------------------------------
Pair    | 0          | 0          | 0          |   0.0 |  0.00
Neigh   | 0          | 0          | 0          |   0.0 |  0.00
Comm    | 0          | 0          | 0          |   0.0 |  0.00
Output  | 0          | 0          | 0          |   0.0 |  0.00
Modify  | 0          | 0          | 0          |   0.0 |  0.00
Other   |            | 1.05e-06   |            |       |100.00

Nlocal:              8 ave           8 max           8 min
Histogram: 1 0 0 0 0 0 0 0 0 0
Nghost:            217 ave         217 max         217 min
Histogram: 1 0 0 0 0 0 0 0 0 0
Neighs:              0 ave           0 max           0 min
Histogram: 1 0 0 0 0 0 0 0 0 0
FullNghs:          272 ave         272 max         272 min
Histogram: 1 0 0 0 0 0 0 0 0 0

Total # of neighbors = 272
Ave neighs/atom = 34
Neighbor list builds = 0
Dangerous builds = 0
next i
jump SELF loop_struct
clear
  using 1 OpenMP thread(s) per MPI task
log energies.log append
units metal
boundary p p p
atom_style atomic
read_data epoch60_${i}.in
read_data epoch60_8.in
Reading data file ...
  orthogonal box = (0 0 0) to (5.4437022 5.4437022 5.4437022)
  1 by 1 by 1 MPI processor grid
  reading atoms ...
  8 atoms
  reading velocities ...
  8 velocities
  read_data CPU = 0.001 seconds
mass 1 28.085
pair_style sw
pair_coeff * * Si.sw Si
Reading sw potential file Si.sw with DATE: 2007-06-11
run 0
WARNING: No fixes with time integration, atoms won't move (src/verlet.cpp:60)
Neighbor list info ...
  update: every = 1 steps, delay = 0 steps, check = yes
  max neighbors/atom: 2000, page size: 100000
  master list distance cutoff = 5.77118
  ghost atom cutoff = 5.77118
  binsize = 2.88559, bins = 2 2 2
  1 neighbor lists, perpetual/occasional/extra = 1 0 0
  (1) pair sw, perpetual
      attributes: full, newton on
      pair build: full/bin/atomonly
      stencil: full/bin/3d
      bin: standard
Per MPI rank memory allocation (min/avg/max) = 2.958 | 2.958 | 2.958 Mbytes
   Step          Temp          E_pair         E_mol          TotEng         Press     
         0   0             -34.242785      0             -34.242785     -6292.1683    
Loop time of 1.02e-06 on 1 procs for 0 steps with 8 atoms

98.0% CPU use with 1 MPI tasks x 1 OpenMP threads

MPI task timing breakdown:
Section |  min time  |  avg time  |  max time  |%varavg| %total
---------------------------------------------------------------
Pair    | 0          | 0          | 0          |   0.0 |  0.00
Neigh   | 0          | 0          | 0          |   0.0 |  0.00
Comm    | 0          | 0          | 0          |   0.0 |  0.00
Output  | 0          | 0          | 0          |   0.0 |  0.00
Modify  | 0          | 0          | 0          |   0.0 |  0.00
Other   |            | 1.02e-06   |            |       |100.00

Nlocal:              8 ave           8 max           8 min
Histogram: 1 0 0 0 0 0 0 0 0 0
Nghost:            208 ave         208 max         208 min
Histogram: 1 0 0 0 0 0 0 0 0 0
Neighs:              0 ave           0 max           0 min
Histogram: 1 0 0 0 0 0 0 0 0 0
FullNghs:          272 ave         272 max         272 min
Histogram: 1 0 0 0 0 0 0 0 0 0

Total # of neighbors = 272
Ave neighs/atom = 34
Neighbor list builds = 0
Dangerous builds = 0
next i
jump SELF loop_struct
clear
  using 1 OpenMP thread(s) per MPI task
log energies.log append
units metal
boundary p p p
atom_style atomic
read_data epoch60_${i}.in
read_data epoch60_9.in
Reading data file ...
  orthogonal box = (0 0 0) to (5.4437022 5.4437022 5.4437022)
  1 by 1 by 1 MPI processor grid
  reading atoms ...
  8 atoms
  reading velocities ...
  8 velocities
  read_data CPU = 0.000 seconds
mass 1 28.085
pair_style sw
pair_coeff * * Si.sw Si
Reading sw potential file Si.sw with DATE: 2007-06-11
run 0
WARNING: No fixes with time integration, atoms won't move (src/verlet.cpp:60)
Neighbor list info ...
  update: every = 1 steps, delay = 0 steps, check = yes
  max neighbors/atom: 2000, page size: 100000
  master list distance cutoff = 5.77118
  ghost atom cutoff = 5.77118
  binsize = 2.88559, bins = 2 2 2
  1 neighbor lists, perpetual/occasional/extra = 1 0 0
  (1) pair sw, perpetual
      attributes: full, newton on
      pair build: full/bin/atomonly
      stencil: full/bin/3d
      bin: standard
Per MPI rank memory allocation (min/avg/max) = 2.958 | 2.958 | 2.958 Mbytes
   Step          Temp          E_pair         E_mol          TotEng         Press     
         0   0             -34.366064      0             -34.366064     -4699.7949    
Loop time of 1.16e-06 on 1 procs for 0 steps with 8 atoms

0.0% CPU use with 1 MPI tasks x 1 OpenMP threads

MPI task timing breakdown:
Section |  min time  |  avg time  |  max time  |%varavg| %total
---------------------------------------------------------------
Pair    | 0          | 0          | 0          |   0.0 |  0.00
Neigh   | 0          | 0          | 0          |   0.0 |  0.00
Comm    | 0          | 0          | 0          |   0.0 |  0.00
Output  | 0          | 0          | 0          |   0.0 |  0.00
Modify  | 0          | 0          | 0          |   0.0 |  0.00
Other   |            | 1.16e-06   |            |       |100.00

Nlocal:              8 ave           8 max           8 min
Histogram: 1 0 0 0 0 0 0 0 0 0
Nghost:            256 ave         256 max         256 min
Histogram: 1 0 0 0 0 0 0 0 0 0
Neighs:              0 ave           0 max           0 min
Histogram: 1 0 0 0 0 0 0 0 0 0
FullNghs:          272 ave         272 max         272 min
Histogram: 1 0 0 0 0 0 0 0 0 0

Total # of neighbors = 272
Ave neighs/atom = 34
Neighbor list builds = 0
Dangerous builds = 0
next i
jump SELF loop_struct
clear
  using 1 OpenMP thread(s) per MPI task
log energies.log append
units metal
boundary p p p
atom_style atomic
read_data epoch60_${i}.in
read_data epoch60_10.in
Reading data file ...
  orthogonal box = (0 0 0) to (5.4437022 5.4437022 5.4437022)
  1 by 1 by 1 MPI processor grid
  reading atoms ...
  8 atoms
  reading velocities ...
  8 velocities
  read_data CPU = 0.000 seconds
mass 1 28.085
pair_style sw
pair_coeff * * Si.sw Si
Reading sw potential file Si.sw with DATE: 2007-06-11
run 0
WARNING: No fixes with time integration, atoms won't move (src/verlet.cpp:60)
Neighbor list info ...
  update: every = 1 steps, delay = 0 steps, check = yes
  max neighbors/atom: 2000, page size: 100000
  master list distance cutoff = 5.77118
  ghost atom cutoff = 5.77118
  binsize = 2.88559, bins = 2 2 2
  1 neighbor lists, perpetual/occasional/extra = 1 0 0
  (1) pair sw, perpetual
      attributes: full, newton on
      pair build: full/bin/atomonly
      stencil: full/bin/3d
      bin: standard
Per MPI rank memory allocation (min/avg/max) = 2.958 | 2.958 | 2.958 Mbytes
   Step          Temp          E_pair         E_mol          TotEng         Press     
         0   0             -34.383846      0             -34.383846     -6995.1426    
Loop time of 1.1e-06 on 1 procs for 0 steps with 8 atoms

0.0% CPU use with 1 MPI tasks x 1 OpenMP threads

MPI task timing breakdown:
Section |  min time  |  avg time  |  max time  |%varavg| %total
---------------------------------------------------------------
Pair    | 0          | 0          | 0          |   0.0 |  0.00
Neigh   | 0          | 0          | 0          |   0.0 |  0.00
Comm    | 0          | 0          | 0          |   0.0 |  0.00
Output  | 0          | 0          | 0          |   0.0 |  0.00
Modify  | 0          | 0          | 0          |   0.0 |  0.00
Other   |            | 1.1e-06    |            |       |100.00

Nlocal:              8 ave           8 max           8 min
Histogram: 1 0 0 0 0 0 0 0 0 0
Nghost:            208 ave         208 max         208 min
Histogram: 1 0 0 0 0 0 0 0 0 0
Neighs:              0 ave           0 max           0 min
Histogram: 1 0 0 0 0 0 0 0 0 0
FullNghs:          272 ave         272 max         272 min
Histogram: 1 0 0 0 0 0 0 0 0 0

Total # of neighbors = 272
Ave neighs/atom = 34
Neighbor list builds = 0
Dangerous builds = 0
next i
jump SELF loop_struct
clear
  using 1 OpenMP thread(s) per MPI task
log energies.log append
units metal
boundary p p p
atom_style atomic
read_data epoch60_${i}.in
read_data epoch60_11.in
Reading data file ...
  orthogonal box = (0 0 0) to (5.4437022 5.4437022 5.4437022)
  1 by 1 by 1 MPI processor grid
  reading atoms ...
  8 atoms
  reading velocities ...
  8 velocities
  read_data CPU = 0.000 seconds
mass 1 28.085
pair_style sw
pair_coeff * * Si.sw Si
Reading sw potential file Si.sw with DATE: 2007-06-11
run 0
WARNING: No fixes with time integration, atoms won't move (src/verlet.cpp:60)
Neighbor list info ...
  update: every = 1 steps, delay = 0 steps, check = yes
  max neighbors/atom: 2000, page size: 100000
  master list distance cutoff = 5.77118
  ghost atom cutoff = 5.77118
  binsize = 2.88559, bins = 2 2 2
  1 neighbor lists, perpetual/occasional/extra = 1 0 0
  (1) pair sw, perpetual
      attributes: full, newton on
      pair build: full/bin/atomonly
      stencil: full/bin/3d
      bin: standard
Per MPI rank memory allocation (min/avg/max) = 2.958 | 2.958 | 2.958 Mbytes
   Step          Temp          E_pair         E_mol          TotEng         Press     
         0   0             -34.328691      0             -34.328691     -5440.1874    
Loop time of 1.02e-06 on 1 procs for 0 steps with 8 atoms

0.0% CPU use with 1 MPI tasks x 1 OpenMP threads

MPI task timing breakdown:
Section |  min time  |  avg time  |  max time  |%varavg| %total
---------------------------------------------------------------
Pair    | 0          | 0          | 0          |   0.0 |  0.00
Neigh   | 0          | 0          | 0          |   0.0 |  0.00
Comm    | 0          | 0          | 0          |   0.0 |  0.00
Output  | 0          | 0          | 0          |   0.0 |  0.00
Modify  | 0          | 0          | 0          |   0.0 |  0.00
Other   |            | 1.02e-06   |            |       |100.00

Nlocal:              8 ave           8 max           8 min
Histogram: 1 0 0 0 0 0 0 0 0 0
Nghost:            217 ave         217 max         217 min
Histogram: 1 0 0 0 0 0 0 0 0 0
Neighs:              0 ave           0 max           0 min
Histogram: 1 0 0 0 0 0 0 0 0 0
FullNghs:          272 ave         272 max         272 min
Histogram: 1 0 0 0 0 0 0 0 0 0

Total # of neighbors = 272
Ave neighs/atom = 34
Neighbor list builds = 0
Dangerous builds = 0
next i
jump SELF loop_struct
clear
  using 1 OpenMP thread(s) per MPI task
log energies.log append
units metal
boundary p p p
atom_style atomic
read_data epoch60_${i}.in
read_data epoch60_12.in
Reading data file ...
  orthogonal box = (0 0 0) to (5.4437022 5.4437022 5.4437022)
  1 by 1 by 1 MPI processor grid
  reading atoms ...
  8 atoms
  reading velocities ...
  8 velocities
  read_data CPU = 0.001 seconds
mass 1 28.085
pair_style sw
pair_coeff * * Si.sw Si
Reading sw potential file Si.sw with DATE: 2007-06-11
run 0
WARNING: No fixes with time integration, atoms won't move (src/verlet.cpp:60)
Neighbor list info ...
  update: every = 1 steps, delay = 0 steps, check = yes
  max neighbors/atom: 2000, page size: 100000
  master list distance cutoff = 5.77118
  ghost atom cutoff = 5.77118
  binsize = 2.88559, bins = 2 2 2
  1 neighbor lists, perpetual/occasional/extra = 1 0 0
  (1) pair sw, perpetual
      attributes: full, newton on
      pair build: full/bin/atomonly
      stencil: full/bin/3d
      bin: standard
Per MPI rank memory allocation (min/avg/max) = 2.958 | 2.958 | 2.958 Mbytes
   Step          Temp          E_pair         E_mol          TotEng         Press     
         0   0             -34.390623      0             -34.390623     -5557.8601    
Loop time of 1.1e-06 on 1 procs for 0 steps with 8 atoms

90.9% CPU use with 1 MPI tasks x 1 OpenMP threads

MPI task timing breakdown:
Section |  min time  |  avg time  |  max time  |%varavg| %total
---------------------------------------------------------------
Pair    | 0          | 0          | 0          |   0.0 |  0.00
Neigh   | 0          | 0          | 0          |   0.0 |  0.00
Comm    | 0          | 0          | 0          |   0.0 |  0.00
Output  | 0          | 0          | 0          |   0.0 |  0.00
Modify  | 0          | 0          | 0          |   0.0 |  0.00
Other   |            | 1.1e-06    |            |       |100.00

Nlocal:              8 ave           8 max           8 min
Histogram: 1 0 0 0 0 0 0 0 0 0
Nghost:            208 ave         208 max         208 min
Histogram: 1 0 0 0 0 0 0 0 0 0
Neighs:              0 ave           0 max           0 min
Histogram: 1 0 0 0 0 0 0 0 0 0
FullNghs:          272 ave         272 max         272 min
Histogram: 1 0 0 0 0 0 0 0 0 0

Total # of neighbors = 272
Ave neighs/atom = 34
Neighbor list builds = 0
Dangerous builds = 0
next i
jump SELF loop_struct
clear
  using 1 OpenMP thread(s) per MPI task
log energies.log append
units metal
boundary p p p
atom_style atomic
read_data epoch60_${i}.in
read_data epoch60_13.in
Reading data file ...
  orthogonal box = (0 0 0) to (5.4437022 5.4437022 5.4437022)
  1 by 1 by 1 MPI processor grid
  reading atoms ...
  8 atoms
  reading velocities ...
  8 velocities
  read_data CPU = 0.000 seconds
mass 1 28.085
pair_style sw
pair_coeff * * Si.sw Si
Reading sw potential file Si.sw with DATE: 2007-06-11
run 0
WARNING: No fixes with time integration, atoms won't move (src/verlet.cpp:60)
Neighbor list info ...
  update: every = 1 steps, delay = 0 steps, check = yes
  max neighbors/atom: 2000, page size: 100000
  master list distance cutoff = 5.77118
  ghost atom cutoff = 5.77118
  binsize = 2.88559, bins = 2 2 2
  1 neighbor lists, perpetual/occasional/extra = 1 0 0
  (1) pair sw, perpetual
      attributes: full, newton on
      pair build: full/bin/atomonly
      stencil: full/bin/3d
      bin: standard
Per MPI rank memory allocation (min/avg/max) = 2.958 | 2.958 | 2.958 Mbytes
   Step          Temp          E_pair         E_mol          TotEng         Press     
         0   0             -34.464429      0             -34.464429     -5742.2843    
Loop time of 1.09e-06 on 1 procs for 0 steps with 8 atoms

0.0% CPU use with 1 MPI tasks x 1 OpenMP threads

MPI task timing breakdown:
Section |  min time  |  avg time  |  max time  |%varavg| %total
---------------------------------------------------------------
Pair    | 0          | 0          | 0          |   0.0 |  0.00
Neigh   | 0          | 0          | 0          |   0.0 |  0.00
Comm    | 0          | 0          | 0          |   0.0 |  0.00
Output  | 0          | 0          | 0          |   0.0 |  0.00
Modify  | 0          | 0          | 0          |   0.0 |  0.00
Other   |            | 1.09e-06   |            |       |100.00

Nlocal:              8 ave           8 max           8 min
Histogram: 1 0 0 0 0 0 0 0 0 0
Nghost:            208 ave         208 max         208 min
Histogram: 1 0 0 0 0 0 0 0 0 0
Neighs:              0 ave           0 max           0 min
Histogram: 1 0 0 0 0 0 0 0 0 0
FullNghs:          272 ave         272 max         272 min
Histogram: 1 0 0 0 0 0 0 0 0 0

Total # of neighbors = 272
Ave neighs/atom = 34
Neighbor list builds = 0
Dangerous builds = 0
next i
jump SELF loop_struct
clear
  using 1 OpenMP thread(s) per MPI task
log energies.log append
units metal
boundary p p p
atom_style atomic
read_data epoch60_${i}.in
read_data epoch60_14.in
Reading data file ...
  orthogonal box = (0 0 0) to (5.4437022 5.4437022 5.4437022)
  1 by 1 by 1 MPI processor grid
  reading atoms ...
  8 atoms
  reading velocities ...
  8 velocities
  read_data CPU = 0.000 seconds
mass 1 28.085
pair_style sw
pair_coeff * * Si.sw Si
Reading sw potential file Si.sw with DATE: 2007-06-11
run 0
WARNING: No fixes with time integration, atoms won't move (src/verlet.cpp:60)
Neighbor list info ...
  update: every = 1 steps, delay = 0 steps, check = yes
  max neighbors/atom: 2000, page size: 100000
  master list distance cutoff = 5.77118
  ghost atom cutoff = 5.77118
  binsize = 2.88559, bins = 2 2 2
  1 neighbor lists, perpetual/occasional/extra = 1 0 0
  (1) pair sw, perpetual
      attributes: full, newton on
      pair build: full/bin/atomonly
      stencil: full/bin/3d
      bin: standard
Per MPI rank memory allocation (min/avg/max) = 2.958 | 2.958 | 2.958 Mbytes
   Step          Temp          E_pair         E_mol          TotEng         Press     
         0   0             -34.362196      0             -34.362196     -6120.5069    
Loop time of 1.01e-06 on 1 procs for 0 steps with 8 atoms

0.0% CPU use with 1 MPI tasks x 1 OpenMP threads

MPI task timing breakdown:
Section |  min time  |  avg time  |  max time  |%varavg| %total
---------------------------------------------------------------
Pair    | 0          | 0          | 0          |   0.0 |  0.00
Neigh   | 0          | 0          | 0          |   0.0 |  0.00
Comm    | 0          | 0          | 0          |   0.0 |  0.00
Output  | 0          | 0          | 0          |   0.0 |  0.00
Modify  | 0          | 0          | 0          |   0.0 |  0.00
Other   |            | 1.01e-06   |            |       |100.00

Nlocal:              8 ave           8 max           8 min
Histogram: 1 0 0 0 0 0 0 0 0 0
Nghost:            226 ave         226 max         226 min
Histogram: 1 0 0 0 0 0 0 0 0 0
Neighs:              0 ave           0 max           0 min
Histogram: 1 0 0 0 0 0 0 0 0 0
FullNghs:          272 ave         272 max         272 min
Histogram: 1 0 0 0 0 0 0 0 0 0

Total # of neighbors = 272
Ave neighs/atom = 34
Neighbor list builds = 0
Dangerous builds = 0
next i
jump SELF loop_struct
clear
  using 1 OpenMP thread(s) per MPI task
log energies.log append
units metal
boundary p p p
atom_style atomic
read_data epoch60_${i}.in
read_data epoch60_15.in
Reading data file ...
  orthogonal box = (0 0 0) to (5.4437022 5.4437022 5.4437022)
  1 by 1 by 1 MPI processor grid
  reading atoms ...
  8 atoms
  reading velocities ...
  8 velocities
  read_data CPU = 0.000 seconds
mass 1 28.085
pair_style sw
pair_coeff * * Si.sw Si
Reading sw potential file Si.sw with DATE: 2007-06-11
run 0
WARNING: No fixes with time integration, atoms won't move (src/verlet.cpp:60)
Neighbor list info ...
  update: every = 1 steps, delay = 0 steps, check = yes
  max neighbors/atom: 2000, page size: 100000
  master list distance cutoff = 5.77118
  ghost atom cutoff = 5.77118
  binsize = 2.88559, bins = 2 2 2
  1 neighbor lists, perpetual/occasional/extra = 1 0 0
  (1) pair sw, perpetual
      attributes: full, newton on
      pair build: full/bin/atomonly
      stencil: full/bin/3d
      bin: standard
Per MPI rank memory allocation (min/avg/max) = 2.958 | 2.958 | 2.958 Mbytes
   Step          Temp          E_pair         E_mol          TotEng         Press     
         0   0             -34.470786      0             -34.470786     -7044.3168    
Loop time of 1.01e-06 on 1 procs for 0 steps with 8 atoms

0.0% CPU use with 1 MPI tasks x 1 OpenMP threads

MPI task timing breakdown:
Section |  min time  |  avg time  |  max time  |%varavg| %total
---------------------------------------------------------------
Pair    | 0          | 0          | 0          |   0.0 |  0.00
Neigh   | 0          | 0          | 0          |   0.0 |  0.00
Comm    | 0          | 0          | 0          |   0.0 |  0.00
Output  | 0          | 0          | 0          |   0.0 |  0.00
Modify  | 0          | 0          | 0          |   0.0 |  0.00
Other   |            | 1.01e-06   |            |       |100.00

Nlocal:              8 ave           8 max           8 min
Histogram: 1 0 0 0 0 0 0 0 0 0
Nghost:            217 ave         217 max         217 min
Histogram: 1 0 0 0 0 0 0 0 0 0
Neighs:              0 ave           0 max           0 min
Histogram: 1 0 0 0 0 0 0 0 0 0
FullNghs:          272 ave         272 max         272 min
Histogram: 1 0 0 0 0 0 0 0 0 0

Total # of neighbors = 272
Ave neighs/atom = 34
Neighbor list builds = 0
Dangerous builds = 0
next i
jump SELF loop_struct
clear
  using 1 OpenMP thread(s) per MPI task
log energies.log append
units metal
boundary p p p
atom_style atomic
read_data epoch60_${i}.in
read_data epoch60_16.in
Reading data file ...
  orthogonal box = (0 0 0) to (5.4437022 5.4437022 5.4437022)
  1 by 1 by 1 MPI processor grid
  reading atoms ...
  8 atoms
  reading velocities ...
  8 velocities
  read_data CPU = 0.001 seconds
mass 1 28.085
pair_style sw
pair_coeff * * Si.sw Si
Reading sw potential file Si.sw with DATE: 2007-06-11
run 0
WARNING: No fixes with time integration, atoms won't move (src/verlet.cpp:60)
Neighbor list info ...
  update: every = 1 steps, delay = 0 steps, check = yes
  max neighbors/atom: 2000, page size: 100000
  master list distance cutoff = 5.77118
  ghost atom cutoff = 5.77118
  binsize = 2.88559, bins = 2 2 2
  1 neighbor lists, perpetual/occasional/extra = 1 0 0
  (1) pair sw, perpetual
      attributes: full, newton on
      pair build: full/bin/atomonly
      stencil: full/bin/3d
      bin: standard
Per MPI rank memory allocation (min/avg/max) = 2.958 | 2.958 | 2.958 Mbytes
   Step          Temp          E_pair         E_mol          TotEng         Press     
         0   0             -34.404375      0             -34.404375     -6170.7979    
Loop time of 1.01e-06 on 1 procs for 0 steps with 8 atoms

99.0% CPU use with 1 MPI tasks x 1 OpenMP threads

MPI task timing breakdown:
Section |  min time  |  avg time  |  max time  |%varavg| %total
---------------------------------------------------------------
Pair    | 0          | 0          | 0          |   0.0 |  0.00
Neigh   | 0          | 0          | 0          |   0.0 |  0.00
Comm    | 0          | 0          | 0          |   0.0 |  0.00
Output  | 0          | 0          | 0          |   0.0 |  0.00
Modify  | 0          | 0          | 0          |   0.0 |  0.00
Other   |            | 1.01e-06   |            |       |100.00

Nlocal:              8 ave           8 max           8 min
Histogram: 1 0 0 0 0 0 0 0 0 0
Nghost:            226 ave         226 max         226 min
Histogram: 1 0 0 0 0 0 0 0 0 0
Neighs:              0 ave           0 max           0 min
Histogram: 1 0 0 0 0 0 0 0 0 0
FullNghs:          272 ave         272 max         272 min
Histogram: 1 0 0 0 0 0 0 0 0 0

Total # of neighbors = 272
Ave neighs/atom = 34
Neighbor list builds = 0
Dangerous builds = 0
next i
jump SELF loop_struct
clear
  using 1 OpenMP thread(s) per MPI task
log energies.log append
units metal
boundary p p p
atom_style atomic
read_data epoch60_${i}.in
read_data epoch60_17.in
Reading data file ...
  orthogonal box = (0 0 0) to (5.4437022 5.4437022 5.4437022)
  1 by 1 by 1 MPI processor grid
  reading atoms ...
  8 atoms
  reading velocities ...
  8 velocities
  read_data CPU = 0.000 seconds
mass 1 28.085
pair_style sw
pair_coeff * * Si.sw Si
Reading sw potential file Si.sw with DATE: 2007-06-11
run 0
WARNING: No fixes with time integration, atoms won't move (src/verlet.cpp:60)
Neighbor list info ...
  update: every = 1 steps, delay = 0 steps, check = yes
  max neighbors/atom: 2000, page size: 100000
  master list distance cutoff = 5.77118
  ghost atom cutoff = 5.77118
  binsize = 2.88559, bins = 2 2 2
  1 neighbor lists, perpetual/occasional/extra = 1 0 0
  (1) pair sw, perpetual
      attributes: full, newton on
      pair build: full/bin/atomonly
      stencil: full/bin/3d
      bin: standard
Per MPI rank memory allocation (min/avg/max) = 2.958 | 2.958 | 2.958 Mbytes
   Step          Temp          E_pair         E_mol          TotEng         Press     
         0   0             -34.406409      0             -34.406409     -7310.2621    
Loop time of 1.37e-06 on 1 procs for 0 steps with 8 atoms

0.0% CPU use with 1 MPI tasks x 1 OpenMP threads

MPI task timing breakdown:
Section |  min time  |  avg time  |  max time  |%varavg| %total
---------------------------------------------------------------
Pair    | 0          | 0          | 0          |   0.0 |  0.00
Neigh   | 0          | 0          | 0          |   0.0 |  0.00
Comm    | 0          | 0          | 0          |   0.0 |  0.00
Output  | 0          | 0          | 0          |   0.0 |  0.00
Modify  | 0          | 0          | 0          |   0.0 |  0.00
Other   |            | 1.37e-06   |            |       |100.00

Nlocal:              8 ave           8 max           8 min
Histogram: 1 0 0 0 0 0 0 0 0 0
Nghost:            217 ave         217 max         217 min
Histogram: 1 0 0 0 0 0 0 0 0 0
Neighs:              0 ave           0 max           0 min
Histogram: 1 0 0 0 0 0 0 0 0 0
FullNghs:          272 ave         272 max         272 min
Histogram: 1 0 0 0 0 0 0 0 0 0

Total # of neighbors = 272
Ave neighs/atom = 34
Neighbor list builds = 0
Dangerous builds = 0
next i
jump SELF loop_struct
clear
  using 1 OpenMP thread(s) per MPI task
log energies.log append
units metal
boundary p p p
atom_style atomic
read_data epoch60_${i}.in
read_data epoch60_18.in
Reading data file ...
  orthogonal box = (0 0 0) to (5.4437022 5.4437022 5.4437022)
  1 by 1 by 1 MPI processor grid
  reading atoms ...
  8 atoms
  reading velocities ...
  8 velocities
  read_data CPU = 0.000 seconds
mass 1 28.085
pair_style sw
pair_coeff * * Si.sw Si
Reading sw potential file Si.sw with DATE: 2007-06-11
run 0
WARNING: No fixes with time integration, atoms won't move (src/verlet.cpp:60)
Neighbor list info ...
  update: every = 1 steps, delay = 0 steps, check = yes
  max neighbors/atom: 2000, page size: 100000
  master list distance cutoff = 5.77118
  ghost atom cutoff = 5.77118
  binsize = 2.88559, bins = 2 2 2
  1 neighbor lists, perpetual/occasional/extra = 1 0 0
  (1) pair sw, perpetual
      attributes: full, newton on
      pair build: full/bin/atomonly
      stencil: full/bin/3d
      bin: standard
Per MPI rank memory allocation (min/avg/max) = 2.958 | 2.958 | 2.958 Mbytes
   Step          Temp          E_pair         E_mol          TotEng         Press     
         0   0             -34.330253      0             -34.330253     -4972.2715    
Loop time of 1e-06 on 1 procs for 0 steps with 8 atoms

100.0% CPU use with 1 MPI tasks x 1 OpenMP threads

MPI task timing breakdown:
Section |  min time  |  avg time  |  max time  |%varavg| %total
---------------------------------------------------------------
Pair    | 0          | 0          | 0          |   0.0 |  0.00
Neigh   | 0          | 0          | 0          |   0.0 |  0.00
Comm    | 0          | 0          | 0          |   0.0 |  0.00
Output  | 0          | 0          | 0          |   0.0 |  0.00
Modify  | 0          | 0          | 0          |   0.0 |  0.00
Other   |            | 1e-06      |            |       |100.00

Nlocal:              8 ave           8 max           8 min
Histogram: 1 0 0 0 0 0 0 0 0 0
Nghost:            256 ave         256 max         256 min
Histogram: 1 0 0 0 0 0 0 0 0 0
Neighs:              0 ave           0 max           0 min
Histogram: 1 0 0 0 0 0 0 0 0 0
FullNghs:          276 ave         276 max         276 min
Histogram: 1 0 0 0 0 0 0 0 0 0

Total # of neighbors = 276
Ave neighs/atom = 34.5
Neighbor list builds = 0
Dangerous builds = 0
next i
jump SELF loop_struct
clear
  using 1 OpenMP thread(s) per MPI task
log energies.log append
units metal
boundary p p p
atom_style atomic
read_data epoch60_${i}.in
read_data epoch60_19.in
Reading data file ...
  orthogonal box = (0 0 0) to (5.4437022 5.4437022 5.4437022)
  1 by 1 by 1 MPI processor grid
  reading atoms ...
  8 atoms
  reading velocities ...
  8 velocities
  read_data CPU = 0.000 seconds
mass 1 28.085
pair_style sw
pair_coeff * * Si.sw Si
Reading sw potential file Si.sw with DATE: 2007-06-11
run 0
WARNING: No fixes with time integration, atoms won't move (src/verlet.cpp:60)
Neighbor list info ...
  update: every = 1 steps, delay = 0 steps, check = yes
  max neighbors/atom: 2000, page size: 100000
  master list distance cutoff = 5.77118
  ghost atom cutoff = 5.77118
  binsize = 2.88559, bins = 2 2 2
  1 neighbor lists, perpetual/occasional/extra = 1 0 0
  (1) pair sw, perpetual
      attributes: full, newton on
      pair build: full/bin/atomonly
      stencil: full/bin/3d
      bin: standard
Per MPI rank memory allocation (min/avg/max) = 2.958 | 2.958 | 2.958 Mbytes
   Step          Temp          E_pair         E_mol          TotEng         Press     
         0   0             -34.276394      0             -34.276394     -7184.7047    
Loop time of 1e-06 on 1 procs for 0 steps with 8 atoms

100.0% CPU use with 1 MPI tasks x 1 OpenMP threads

MPI task timing breakdown:
Section |  min time  |  avg time  |  max time  |%varavg| %total
---------------------------------------------------------------
Pair    | 0          | 0          | 0          |   0.0 |  0.00
Neigh   | 0          | 0          | 0          |   0.0 |  0.00
Comm    | 0          | 0          | 0          |   0.0 |  0.00
Output  | 0          | 0          | 0          |   0.0 |  0.00
Modify  | 0          | 0          | 0          |   0.0 |  0.00
Other   |            | 1e-06      |            |       |100.00

Nlocal:              8 ave           8 max           8 min
Histogram: 1 0 0 0 0 0 0 0 0 0
Nghost:            244 ave         244 max         244 min
Histogram: 1 0 0 0 0 0 0 0 0 0
Neighs:              0 ave           0 max           0 min
Histogram: 1 0 0 0 0 0 0 0 0 0
FullNghs:          274 ave         274 max         274 min
Histogram: 1 0 0 0 0 0 0 0 0 0

Total # of neighbors = 274
Ave neighs/atom = 34.25
Neighbor list builds = 0
Dangerous builds = 0
next i
jump SELF loop_struct
clear
  using 1 OpenMP thread(s) per MPI task
log energies.log append
units metal
boundary p p p
atom_style atomic
read_data epoch60_${i}.in
read_data epoch60_20.in
Reading data file ...
  orthogonal box = (0 0 0) to (5.4437022 5.4437022 5.4437022)
  1 by 1 by 1 MPI processor grid
  reading atoms ...
  8 atoms
  reading velocities ...
  8 velocities
  read_data CPU = 0.001 seconds
mass 1 28.085
pair_style sw
pair_coeff * * Si.sw Si
Reading sw potential file Si.sw with DATE: 2007-06-11
run 0
WARNING: No fixes with time integration, atoms won't move (src/verlet.cpp:60)
Neighbor list info ...
  update: every = 1 steps, delay = 0 steps, check = yes
  max neighbors/atom: 2000, page size: 100000
  master list distance cutoff = 5.77118
  ghost atom cutoff = 5.77118
  binsize = 2.88559, bins = 2 2 2
  1 neighbor lists, perpetual/occasional/extra = 1 0 0
  (1) pair sw, perpetual
      attributes: full, newton on
      pair build: full/bin/atomonly
      stencil: full/bin/3d
      bin: standard
Per MPI rank memory allocation (min/avg/max) = 2.958 | 2.958 | 2.958 Mbytes
   Step          Temp          E_pair         E_mol          TotEng         Press     
         0   0             -34.480219      0             -34.480219     -5912.4851    
Loop time of 1.02e-06 on 1 procs for 0 steps with 8 atoms

0.0% CPU use with 1 MPI tasks x 1 OpenMP threads

MPI task timing breakdown:
Section |  min time  |  avg time  |  max time  |%varavg| %total
---------------------------------------------------------------
Pair    | 0          | 0          | 0          |   0.0 |  0.00
Neigh   | 0          | 0          | 0          |   0.0 |  0.00
Comm    | 0          | 0          | 0          |   0.0 |  0.00
Output  | 0          | 0          | 0          |   0.0 |  0.00
Modify  | 0          | 0          | 0          |   0.0 |  0.00
Other   |            | 1.02e-06   |            |       |100.00

Nlocal:              8 ave           8 max           8 min
Histogram: 1 0 0 0 0 0 0 0 0 0
Nghost:            208 ave         208 max         208 min
Histogram: 1 0 0 0 0 0 0 0 0 0
Neighs:              0 ave           0 max           0 min
Histogram: 1 0 0 0 0 0 0 0 0 0
FullNghs:          272 ave         272 max         272 min
Histogram: 1 0 0 0 0 0 0 0 0 0

Total # of neighbors = 272
Ave neighs/atom = 34
Neighbor list builds = 0
Dangerous builds = 0
next i
jump SELF loop_struct
clear
  using 1 OpenMP thread(s) per MPI task
log energies.log append
units metal
boundary p p p
atom_style atomic
read_data epoch60_${i}.in
read_data epoch60_21.in
Reading data file ...
  orthogonal box = (0 0 0) to (5.4437022 5.4437022 5.4437022)
  1 by 1 by 1 MPI processor grid
  reading atoms ...
  8 atoms
  reading velocities ...
  8 velocities
  read_data CPU = 0.000 seconds
mass 1 28.085
pair_style sw
pair_coeff * * Si.sw Si
Reading sw potential file Si.sw with DATE: 2007-06-11
run 0
WARNING: No fixes with time integration, atoms won't move (src/verlet.cpp:60)
Neighbor list info ...
  update: every = 1 steps, delay = 0 steps, check = yes
  max neighbors/atom: 2000, page size: 100000
  master list distance cutoff = 5.77118
  ghost atom cutoff = 5.77118
  binsize = 2.88559, bins = 2 2 2
  1 neighbor lists, perpetual/occasional/extra = 1 0 0
  (1) pair sw, perpetual
      attributes: full, newton on
      pair build: full/bin/atomonly
      stencil: full/bin/3d
      bin: standard
Per MPI rank memory allocation (min/avg/max) = 2.958 | 2.958 | 2.958 Mbytes
   Step          Temp          E_pair         E_mol          TotEng         Press     
         0   0             -34.546158      0             -34.546158     -6796.2012    
Loop time of 1.02e-06 on 1 procs for 0 steps with 8 atoms

0.0% CPU use with 1 MPI tasks x 1 OpenMP threads

MPI task timing breakdown:
Section |  min time  |  avg time  |  max time  |%varavg| %total
---------------------------------------------------------------
Pair    | 0          | 0          | 0          |   0.0 |  0.00
Neigh   | 0          | 0          | 0          |   0.0 |  0.00
Comm    | 0          | 0          | 0          |   0.0 |  0.00
Output  | 0          | 0          | 0          |   0.0 |  0.00
Modify  | 0          | 0          | 0          |   0.0 |  0.00
Other   |            | 1.02e-06   |            |       |100.00

Nlocal:              8 ave           8 max           8 min
Histogram: 1 0 0 0 0 0 0 0 0 0
Nghost:            265 ave         265 max         265 min
Histogram: 1 0 0 0 0 0 0 0 0 0
Neighs:              0 ave           0 max           0 min
Histogram: 1 0 0 0 0 0 0 0 0 0
FullNghs:          272 ave         272 max         272 min
Histogram: 1 0 0 0 0 0 0 0 0 0

Total # of neighbors = 272
Ave neighs/atom = 34
Neighbor list builds = 0
Dangerous builds = 0
next i
jump SELF loop_struct
clear
  using 1 OpenMP thread(s) per MPI task
log energies.log append
units metal
boundary p p p
atom_style atomic
read_data epoch60_${i}.in
read_data epoch60_22.in
Reading data file ...
  orthogonal box = (0 0 0) to (5.4437022 5.4437022 5.4437022)
  1 by 1 by 1 MPI processor grid
  reading atoms ...
  8 atoms
  reading velocities ...
  8 velocities
  read_data CPU = 0.000 seconds
mass 1 28.085
pair_style sw
pair_coeff * * Si.sw Si
Reading sw potential file Si.sw with DATE: 2007-06-11
run 0
WARNING: No fixes with time integration, atoms won't move (src/verlet.cpp:60)
Neighbor list info ...
  update: every = 1 steps, delay = 0 steps, check = yes
  max neighbors/atom: 2000, page size: 100000
  master list distance cutoff = 5.77118
  ghost atom cutoff = 5.77118
  binsize = 2.88559, bins = 2 2 2
  1 neighbor lists, perpetual/occasional/extra = 1 0 0
  (1) pair sw, perpetual
      attributes: full, newton on
      pair build: full/bin/atomonly
      stencil: full/bin/3d
      bin: standard
Per MPI rank memory allocation (min/avg/max) = 2.958 | 2.958 | 2.958 Mbytes
   Step          Temp          E_pair         E_mol          TotEng         Press     
         0   0             -34.515512      0             -34.515512     -7069.4283    
Loop time of 1e-06 on 1 procs for 0 steps with 8 atoms

100.0% CPU use with 1 MPI tasks x 1 OpenMP threads

MPI task timing breakdown:
Section |  min time  |  avg time  |  max time  |%varavg| %total
---------------------------------------------------------------
Pair    | 0          | 0          | 0          |   0.0 |  0.00
Neigh   | 0          | 0          | 0          |   0.0 |  0.00
Comm    | 0          | 0          | 0          |   0.0 |  0.00
Output  | 0          | 0          | 0          |   0.0 |  0.00
Modify  | 0          | 0          | 0          |   0.0 |  0.00
Other   |            | 1e-06      |            |       |100.00

Nlocal:              8 ave           8 max           8 min
Histogram: 1 0 0 0 0 0 0 0 0 0
Nghost:            244 ave         244 max         244 min
Histogram: 1 0 0 0 0 0 0 0 0 0
Neighs:              0 ave           0 max           0 min
Histogram: 1 0 0 0 0 0 0 0 0 0
FullNghs:          272 ave         272 max         272 min
Histogram: 1 0 0 0 0 0 0 0 0 0

Total # of neighbors = 272
Ave neighs/atom = 34
Neighbor list builds = 0
Dangerous builds = 0
next i
jump SELF loop_struct
clear
  using 1 OpenMP thread(s) per MPI task
log energies.log append
units metal
boundary p p p
atom_style atomic
read_data epoch60_${i}.in
read_data epoch60_23.in
Reading data file ...
  orthogonal box = (0 0 0) to (5.4437022 5.4437022 5.4437022)
  1 by 1 by 1 MPI processor grid
  reading atoms ...
  8 atoms
  reading velocities ...
  8 velocities
  read_data CPU = 0.001 seconds
mass 1 28.085
pair_style sw
pair_coeff * * Si.sw Si
Reading sw potential file Si.sw with DATE: 2007-06-11
run 0
WARNING: No fixes with time integration, atoms won't move (src/verlet.cpp:60)
Neighbor list info ...
  update: every = 1 steps, delay = 0 steps, check = yes
  max neighbors/atom: 2000, page size: 100000
  master list distance cutoff = 5.77118
  ghost atom cutoff = 5.77118
  binsize = 2.88559, bins = 2 2 2
  1 neighbor lists, perpetual/occasional/extra = 1 0 0
  (1) pair sw, perpetual
      attributes: full, newton on
      pair build: full/bin/atomonly
      stencil: full/bin/3d
      bin: standard
Per MPI rank memory allocation (min/avg/max) = 2.958 | 2.958 | 2.958 Mbytes
   Step          Temp          E_pair         E_mol          TotEng         Press     
         0   0             -34.521915      0             -34.521915     -6622.2236    
Loop time of 1.03e-06 on 1 procs for 0 steps with 8 atoms

97.1% CPU use with 1 MPI tasks x 1 OpenMP threads

MPI task timing breakdown:
Section |  min time  |  avg time  |  max time  |%varavg| %total
---------------------------------------------------------------
Pair    | 0          | 0          | 0          |   0.0 |  0.00
Neigh   | 0          | 0          | 0          |   0.0 |  0.00
Comm    | 0          | 0          | 0          |   0.0 |  0.00
Output  | 0          | 0          | 0          |   0.0 |  0.00
Modify  | 0          | 0          | 0          |   0.0 |  0.00
Other   |            | 1.03e-06   |            |       |100.00

Nlocal:              8 ave           8 max           8 min
Histogram: 1 0 0 0 0 0 0 0 0 0
Nghost:            208 ave         208 max         208 min
Histogram: 1 0 0 0 0 0 0 0 0 0
Neighs:              0 ave           0 max           0 min
Histogram: 1 0 0 0 0 0 0 0 0 0
FullNghs:          272 ave         272 max         272 min
Histogram: 1 0 0 0 0 0 0 0 0 0

Total # of neighbors = 272
Ave neighs/atom = 34
Neighbor list builds = 0
Dangerous builds = 0
next i
jump SELF loop_struct
clear
  using 1 OpenMP thread(s) per MPI task
log energies.log append
units metal
boundary p p p
atom_style atomic
read_data epoch60_${i}.in
read_data epoch60_24.in
Reading data file ...
  orthogonal box = (0 0 0) to (5.4437022 5.4437022 5.4437022)
  1 by 1 by 1 MPI processor grid
  reading atoms ...
  8 atoms
  reading velocities ...
  8 velocities
  read_data CPU = 0.000 seconds
mass 1 28.085
pair_style sw
pair_coeff * * Si.sw Si
Reading sw potential file Si.sw with DATE: 2007-06-11
run 0
WARNING: No fixes with time integration, atoms won't move (src/verlet.cpp:60)
Neighbor list info ...
  update: every = 1 steps, delay = 0 steps, check = yes
  max neighbors/atom: 2000, page size: 100000
  master list distance cutoff = 5.77118
  ghost atom cutoff = 5.77118
  binsize = 2.88559, bins = 2 2 2
  1 neighbor lists, perpetual/occasional/extra = 1 0 0
  (1) pair sw, perpetual
      attributes: full, newton on
      pair build: full/bin/atomonly
      stencil: full/bin/3d
      bin: standard
Per MPI rank memory allocation (min/avg/max) = 2.958 | 2.958 | 2.958 Mbytes
   Step          Temp          E_pair         E_mol          TotEng         Press     
         0   0             -34.353633      0             -34.353633     -6246.9393    
Loop time of 1.03e-06 on 1 procs for 0 steps with 8 atoms

0.0% CPU use with 1 MPI tasks x 1 OpenMP threads

MPI task timing breakdown:
Section |  min time  |  avg time  |  max time  |%varavg| %total
---------------------------------------------------------------
Pair    | 0          | 0          | 0          |   0.0 |  0.00
Neigh   | 0          | 0          | 0          |   0.0 |  0.00
Comm    | 0          | 0          | 0          |   0.0 |  0.00
Output  | 0          | 0          | 0          |   0.0 |  0.00
Modify  | 0          | 0          | 0          |   0.0 |  0.00
Other   |            | 1.03e-06   |            |       |100.00

Nlocal:              8 ave           8 max           8 min
Histogram: 1 0 0 0 0 0 0 0 0 0
Nghost:            226 ave         226 max         226 min
Histogram: 1 0 0 0 0 0 0 0 0 0
Neighs:              0 ave           0 max           0 min
Histogram: 1 0 0 0 0 0 0 0 0 0
FullNghs:          272 ave         272 max         272 min
Histogram: 1 0 0 0 0 0 0 0 0 0

Total # of neighbors = 272
Ave neighs/atom = 34
Neighbor list builds = 0
Dangerous builds = 0
next i
jump SELF loop_struct
clear
  using 1 OpenMP thread(s) per MPI task
log energies.log append
units metal
boundary p p p
atom_style atomic
read_data epoch60_${i}.in
read_data epoch60_25.in
Reading data file ...
  orthogonal box = (0 0 0) to (5.4437022 5.4437022 5.4437022)
  1 by 1 by 1 MPI processor grid
  reading atoms ...
  8 atoms
  reading velocities ...
  8 velocities
  read_data CPU = 0.000 seconds
mass 1 28.085
pair_style sw
pair_coeff * * Si.sw Si
Reading sw potential file Si.sw with DATE: 2007-06-11
run 0
WARNING: No fixes with time integration, atoms won't move (src/verlet.cpp:60)
Neighbor list info ...
  update: every = 1 steps, delay = 0 steps, check = yes
  max neighbors/atom: 2000, page size: 100000
  master list distance cutoff = 5.77118
  ghost atom cutoff = 5.77118
  binsize = 2.88559, bins = 2 2 2
  1 neighbor lists, perpetual/occasional/extra = 1 0 0
  (1) pair sw, perpetual
      attributes: full, newton on
      pair build: full/bin/atomonly
      stencil: full/bin/3d
      bin: standard
Per MPI rank memory allocation (min/avg/max) = 2.958 | 2.958 | 2.958 Mbytes
   Step          Temp          E_pair         E_mol          TotEng         Press     
         0   0             -34.48612       0             -34.48612      -6196.6995    
Loop time of 1.01e-06 on 1 procs for 0 steps with 8 atoms

0.0% CPU use with 1 MPI tasks x 1 OpenMP threads

MPI task timing breakdown:
Section |  min time  |  avg time  |  max time  |%varavg| %total
---------------------------------------------------------------
Pair    | 0          | 0          | 0          |   0.0 |  0.00
Neigh   | 0          | 0          | 0          |   0.0 |  0.00
Comm    | 0          | 0          | 0          |   0.0 |  0.00
Output  | 0          | 0          | 0          |   0.0 |  0.00
Modify  | 0          | 0          | 0          |   0.0 |  0.00
Other   |            | 1.01e-06   |            |       |100.00

Nlocal:              8 ave           8 max           8 min
Histogram: 1 0 0 0 0 0 0 0 0 0
Nghost:            208 ave         208 max         208 min
Histogram: 1 0 0 0 0 0 0 0 0 0
Neighs:              0 ave           0 max           0 min
Histogram: 1 0 0 0 0 0 0 0 0 0
FullNghs:          272 ave         272 max         272 min
Histogram: 1 0 0 0 0 0 0 0 0 0

Total # of neighbors = 272
Ave neighs/atom = 34
Neighbor list builds = 0
Dangerous builds = 0
next i
jump SELF loop_struct
clear
  using 1 OpenMP thread(s) per MPI task
log energies.log append
units metal
boundary p p p
atom_style atomic
read_data epoch60_${i}.in
read_data epoch60_26.in
Reading data file ...
  orthogonal box = (0 0 0) to (5.4437022 5.4437022 5.4437022)
  1 by 1 by 1 MPI processor grid
  reading atoms ...
  8 atoms
  reading velocities ...
  8 velocities
  read_data CPU = 0.000 seconds
mass 1 28.085
pair_style sw
pair_coeff * * Si.sw Si
Reading sw potential file Si.sw with DATE: 2007-06-11
run 0
WARNING: No fixes with time integration, atoms won't move (src/verlet.cpp:60)
Neighbor list info ...
  update: every = 1 steps, delay = 0 steps, check = yes
  max neighbors/atom: 2000, page size: 100000
  master list distance cutoff = 5.77118
  ghost atom cutoff = 5.77118
  binsize = 2.88559, bins = 2 2 2
  1 neighbor lists, perpetual/occasional/extra = 1 0 0
  (1) pair sw, perpetual
      attributes: full, newton on
      pair build: full/bin/atomonly
      stencil: full/bin/3d
      bin: standard
Per MPI rank memory allocation (min/avg/max) = 2.958 | 2.958 | 2.958 Mbytes
   Step          Temp          E_pair         E_mol          TotEng         Press     
         0   0             -34.38252       0             -34.38252      -5863.0236    
Loop time of 1e-06 on 1 procs for 0 steps with 8 atoms

0.0% CPU use with 1 MPI tasks x 1 OpenMP threads

MPI task timing breakdown:
Section |  min time  |  avg time  |  max time  |%varavg| %total
---------------------------------------------------------------
Pair    | 0          | 0          | 0          |   0.0 |  0.00
Neigh   | 0          | 0          | 0          |   0.0 |  0.00
Comm    | 0          | 0          | 0          |   0.0 |  0.00
Output  | 0          | 0          | 0          |   0.0 |  0.00
Modify  | 0          | 0          | 0          |   0.0 |  0.00
Other   |            | 1e-06      |            |       |100.00

Nlocal:              8 ave           8 max           8 min
Histogram: 1 0 0 0 0 0 0 0 0 0
Nghost:            226 ave         226 max         226 min
Histogram: 1 0 0 0 0 0 0 0 0 0
Neighs:              0 ave           0 max           0 min
Histogram: 1 0 0 0 0 0 0 0 0 0
FullNghs:          272 ave         272 max         272 min
Histogram: 1 0 0 0 0 0 0 0 0 0

Total # of neighbors = 272
Ave neighs/atom = 34
Neighbor list builds = 0
Dangerous builds = 0
next i
jump SELF loop_struct
clear
  using 1 OpenMP thread(s) per MPI task
log energies.log append
units metal
boundary p p p
atom_style atomic
read_data epoch60_${i}.in
read_data epoch60_27.in
Reading data file ...
  orthogonal box = (0 0 0) to (5.4437022 5.4437022 5.4437022)
  1 by 1 by 1 MPI processor grid
  reading atoms ...
  8 atoms
  reading velocities ...
  8 velocities
  read_data CPU = 0.001 seconds
mass 1 28.085
pair_style sw
pair_coeff * * Si.sw Si
Reading sw potential file Si.sw with DATE: 2007-06-11
run 0
WARNING: No fixes with time integration, atoms won't move (src/verlet.cpp:60)
Neighbor list info ...
  update: every = 1 steps, delay = 0 steps, check = yes
  max neighbors/atom: 2000, page size: 100000
  master list distance cutoff = 5.77118
  ghost atom cutoff = 5.77118
  binsize = 2.88559, bins = 2 2 2
  1 neighbor lists, perpetual/occasional/extra = 1 0 0
  (1) pair sw, perpetual
      attributes: full, newton on
      pair build: full/bin/atomonly
      stencil: full/bin/3d
      bin: standard
Per MPI rank memory allocation (min/avg/max) = 2.958 | 2.958 | 2.958 Mbytes
   Step          Temp          E_pair         E_mol          TotEng         Press     
         0   0             -34.563116      0             -34.563116     -6416.9345    
Loop time of 1e-06 on 1 procs for 0 steps with 8 atoms

100.0% CPU use with 1 MPI tasks x 1 OpenMP threads

MPI task timing breakdown:
Section |  min time  |  avg time  |  max time  |%varavg| %total
---------------------------------------------------------------
Pair    | 0          | 0          | 0          |   0.0 |  0.00
Neigh   | 0          | 0          | 0          |   0.0 |  0.00
Comm    | 0          | 0          | 0          |   0.0 |  0.00
Output  | 0          | 0          | 0          |   0.0 |  0.00
Modify  | 0          | 0          | 0          |   0.0 |  0.00
Other   |            | 1e-06      |            |       |100.00

Nlocal:              8 ave           8 max           8 min
Histogram: 1 0 0 0 0 0 0 0 0 0
Nghost:            244 ave         244 max         244 min
Histogram: 1 0 0 0 0 0 0 0 0 0
Neighs:              0 ave           0 max           0 min
Histogram: 1 0 0 0 0 0 0 0 0 0
FullNghs:          272 ave         272 max         272 min
Histogram: 1 0 0 0 0 0 0 0 0 0

Total # of neighbors = 272
Ave neighs/atom = 34
Neighbor list builds = 0
Dangerous builds = 0
next i
jump SELF loop_struct
clear
  using 1 OpenMP thread(s) per MPI task
log energies.log append
units metal
boundary p p p
atom_style atomic
read_data epoch60_${i}.in
read_data epoch60_28.in
Reading data file ...
  orthogonal box = (0 0 0) to (5.4437022 5.4437022 5.4437022)
  1 by 1 by 1 MPI processor grid
  reading atoms ...
  8 atoms
  reading velocities ...
  8 velocities
  read_data CPU = 0.000 seconds
mass 1 28.085
pair_style sw
pair_coeff * * Si.sw Si
Reading sw potential file Si.sw with DATE: 2007-06-11
run 0
WARNING: No fixes with time integration, atoms won't move (src/verlet.cpp:60)
Neighbor list info ...
  update: every = 1 steps, delay = 0 steps, check = yes
  max neighbors/atom: 2000, page size: 100000
  master list distance cutoff = 5.77118
  ghost atom cutoff = 5.77118
  binsize = 2.88559, bins = 2 2 2
  1 neighbor lists, perpetual/occasional/extra = 1 0 0
  (1) pair sw, perpetual
      attributes: full, newton on
      pair build: full/bin/atomonly
      stencil: full/bin/3d
      bin: standard
Per MPI rank memory allocation (min/avg/max) = 2.958 | 2.958 | 2.958 Mbytes
   Step          Temp          E_pair         E_mol          TotEng         Press     
         0   0             -34.433415      0             -34.433415     -5912.6509    
Loop time of 1.01e-06 on 1 procs for 0 steps with 8 atoms

99.0% CPU use with 1 MPI tasks x 1 OpenMP threads

MPI task timing breakdown:
Section |  min time  |  avg time  |  max time  |%varavg| %total
---------------------------------------------------------------
Pair    | 0          | 0          | 0          |   0.0 |  0.00
Neigh   | 0          | 0          | 0          |   0.0 |  0.00
Comm    | 0          | 0          | 0          |   0.0 |  0.00
Output  | 0          | 0          | 0          |   0.0 |  0.00
Modify  | 0          | 0          | 0          |   0.0 |  0.00
Other   |            | 1.01e-06   |            |       |100.00

Nlocal:              8 ave           8 max           8 min
Histogram: 1 0 0 0 0 0 0 0 0 0
Nghost:            247 ave         247 max         247 min
Histogram: 1 0 0 0 0 0 0 0 0 0
Neighs:              0 ave           0 max           0 min
Histogram: 1 0 0 0 0 0 0 0 0 0
FullNghs:          272 ave         272 max         272 min
Histogram: 1 0 0 0 0 0 0 0 0 0

Total # of neighbors = 272
Ave neighs/atom = 34
Neighbor list builds = 0
Dangerous builds = 0
next i
jump SELF loop_struct
clear
  using 1 OpenMP thread(s) per MPI task
log energies.log append
units metal
boundary p p p
atom_style atomic
read_data epoch60_${i}.in
read_data epoch60_29.in
Reading data file ...
  orthogonal box = (0 0 0) to (5.4437022 5.4437022 5.4437022)
  1 by 1 by 1 MPI processor grid
  reading atoms ...
  8 atoms
  reading velocities ...
  8 velocities
  read_data CPU = 0.000 seconds
mass 1 28.085
pair_style sw
pair_coeff * * Si.sw Si
Reading sw potential file Si.sw with DATE: 2007-06-11
run 0
WARNING: No fixes with time integration, atoms won't move (src/verlet.cpp:60)
Neighbor list info ...
  update: every = 1 steps, delay = 0 steps, check = yes
  max neighbors/atom: 2000, page size: 100000
  master list distance cutoff = 5.77118
  ghost atom cutoff = 5.77118
  binsize = 2.88559, bins = 2 2 2
  1 neighbor lists, perpetual/occasional/extra = 1 0 0
  (1) pair sw, perpetual
      attributes: full, newton on
      pair build: full/bin/atomonly
      stencil: full/bin/3d
      bin: standard
Per MPI rank memory allocation (min/avg/max) = 2.958 | 2.958 | 2.958 Mbytes
   Step          Temp          E_pair         E_mol          TotEng         Press     
         0   0             -34.506661      0             -34.506661     -5766.8082    
Loop time of 1.01e-06 on 1 procs for 0 steps with 8 atoms

0.0% CPU use with 1 MPI tasks x 1 OpenMP threads

MPI task timing breakdown:
Section |  min time  |  avg time  |  max time  |%varavg| %total
---------------------------------------------------------------
Pair    | 0          | 0          | 0          |   0.0 |  0.00
Neigh   | 0          | 0          | 0          |   0.0 |  0.00
Comm    | 0          | 0          | 0          |   0.0 |  0.00
Output  | 0          | 0          | 0          |   0.0 |  0.00
Modify  | 0          | 0          | 0          |   0.0 |  0.00
Other   |            | 1.01e-06   |            |       |100.00

Nlocal:              8 ave           8 max           8 min
Histogram: 1 0 0 0 0 0 0 0 0 0
Nghost:            226 ave         226 max         226 min
Histogram: 1 0 0 0 0 0 0 0 0 0
Neighs:              0 ave           0 max           0 min
Histogram: 1 0 0 0 0 0 0 0 0 0
FullNghs:          272 ave         272 max         272 min
Histogram: 1 0 0 0 0 0 0 0 0 0

Total # of neighbors = 272
Ave neighs/atom = 34
Neighbor list builds = 0
Dangerous builds = 0
next i
jump SELF loop_struct
clear
  using 1 OpenMP thread(s) per MPI task
log energies.log append
units metal
boundary p p p
atom_style atomic
read_data epoch60_${i}.in
read_data epoch60_30.in
Reading data file ...
  orthogonal box = (0 0 0) to (5.4437022 5.4437022 5.4437022)
  1 by 1 by 1 MPI processor grid
  reading atoms ...
  8 atoms
  reading velocities ...
  8 velocities
  read_data CPU = 0.001 seconds
mass 1 28.085
pair_style sw
pair_coeff * * Si.sw Si
Reading sw potential file Si.sw with DATE: 2007-06-11
run 0
WARNING: No fixes with time integration, atoms won't move (src/verlet.cpp:60)
Neighbor list info ...
  update: every = 1 steps, delay = 0 steps, check = yes
  max neighbors/atom: 2000, page size: 100000
  master list distance cutoff = 5.77118
  ghost atom cutoff = 5.77118
  binsize = 2.88559, bins = 2 2 2
  1 neighbor lists, perpetual/occasional/extra = 1 0 0
  (1) pair sw, perpetual
      attributes: full, newton on
      pair build: full/bin/atomonly
      stencil: full/bin/3d
      bin: standard
Per MPI rank memory allocation (min/avg/max) = 2.958 | 2.958 | 2.958 Mbytes
   Step          Temp          E_pair         E_mol          TotEng         Press     
         0   0             -34.423905      0             -34.423905     -6722.6653    
Loop time of 1.02e-06 on 1 procs for 0 steps with 8 atoms

0.0% CPU use with 1 MPI tasks x 1 OpenMP threads

MPI task timing breakdown:
Section |  min time  |  avg time  |  max time  |%varavg| %total
---------------------------------------------------------------
Pair    | 0          | 0          | 0          |   0.0 |  0.00
Neigh   | 0          | 0          | 0          |   0.0 |  0.00
Comm    | 0          | 0          | 0          |   0.0 |  0.00
Output  | 0          | 0          | 0          |   0.0 |  0.00
Modify  | 0          | 0          | 0          |   0.0 |  0.00
Other   |            | 1.02e-06   |            |       |100.00

Nlocal:              8 ave           8 max           8 min
Histogram: 1 0 0 0 0 0 0 0 0 0
Nghost:            217 ave         217 max         217 min
Histogram: 1 0 0 0 0 0 0 0 0 0
Neighs:              0 ave           0 max           0 min
Histogram: 1 0 0 0 0 0 0 0 0 0
FullNghs:          272 ave         272 max         272 min
Histogram: 1 0 0 0 0 0 0 0 0 0

Total # of neighbors = 272
Ave neighs/atom = 34
Neighbor list builds = 0
Dangerous builds = 0
next i
jump SELF loop_struct
clear
  using 1 OpenMP thread(s) per MPI task
log energies.log append
units metal
boundary p p p
atom_style atomic
read_data epoch60_${i}.in
read_data epoch60_31.in
Reading data file ...
  orthogonal box = (0 0 0) to (5.4437022 5.4437022 5.4437022)
  1 by 1 by 1 MPI processor grid
  reading atoms ...
  8 atoms
  reading velocities ...
  8 velocities
  read_data CPU = 0.000 seconds
mass 1 28.085
pair_style sw
pair_coeff * * Si.sw Si
Reading sw potential file Si.sw with DATE: 2007-06-11
run 0
WARNING: No fixes with time integration, atoms won't move (src/verlet.cpp:60)
Neighbor list info ...
  update: every = 1 steps, delay = 0 steps, check = yes
  max neighbors/atom: 2000, page size: 100000
  master list distance cutoff = 5.77118
  ghost atom cutoff = 5.77118
  binsize = 2.88559, bins = 2 2 2
  1 neighbor lists, perpetual/occasional/extra = 1 0 0
  (1) pair sw, perpetual
      attributes: full, newton on
      pair build: full/bin/atomonly
      stencil: full/bin/3d
      bin: standard
Per MPI rank memory allocation (min/avg/max) = 2.958 | 2.958 | 2.958 Mbytes
   Step          Temp          E_pair         E_mol          TotEng         Press     
         0   0             -34.501736      0             -34.501736     -5342.4924    
Loop time of 1e-06 on 1 procs for 0 steps with 8 atoms

0.0% CPU use with 1 MPI tasks x 1 OpenMP threads

MPI task timing breakdown:
Section |  min time  |  avg time  |  max time  |%varavg| %total
---------------------------------------------------------------
Pair    | 0          | 0          | 0          |   0.0 |  0.00
Neigh   | 0          | 0          | 0          |   0.0 |  0.00
Comm    | 0          | 0          | 0          |   0.0 |  0.00
Output  | 0          | 0          | 0          |   0.0 |  0.00
Modify  | 0          | 0          | 0          |   0.0 |  0.00
Other   |            | 1e-06      |            |       |100.00

Nlocal:              8 ave           8 max           8 min
Histogram: 1 0 0 0 0 0 0 0 0 0
Nghost:            226 ave         226 max         226 min
Histogram: 1 0 0 0 0 0 0 0 0 0
Neighs:              0 ave           0 max           0 min
Histogram: 1 0 0 0 0 0 0 0 0 0
FullNghs:          272 ave         272 max         272 min
Histogram: 1 0 0 0 0 0 0 0 0 0

Total # of neighbors = 272
Ave neighs/atom = 34
Neighbor list builds = 0
Dangerous builds = 0
next i
jump SELF loop_struct
clear
  using 1 OpenMP thread(s) per MPI task
log energies.log append
units metal
boundary p p p
atom_style atomic
read_data epoch60_${i}.in
read_data epoch60_32.in
Reading data file ...
  orthogonal box = (0 0 0) to (5.4437022 5.4437022 5.4437022)
  1 by 1 by 1 MPI processor grid
  reading atoms ...
  8 atoms
  reading velocities ...
  8 velocities
  read_data CPU = 0.000 seconds
mass 1 28.085
pair_style sw
pair_coeff * * Si.sw Si
Reading sw potential file Si.sw with DATE: 2007-06-11
run 0
WARNING: No fixes with time integration, atoms won't move (src/verlet.cpp:60)
Neighbor list info ...
  update: every = 1 steps, delay = 0 steps, check = yes
  max neighbors/atom: 2000, page size: 100000
  master list distance cutoff = 5.77118
  ghost atom cutoff = 5.77118
  binsize = 2.88559, bins = 2 2 2
  1 neighbor lists, perpetual/occasional/extra = 1 0 0
  (1) pair sw, perpetual
      attributes: full, newton on
      pair build: full/bin/atomonly
      stencil: full/bin/3d
      bin: standard
Per MPI rank memory allocation (min/avg/max) = 2.958 | 2.958 | 2.958 Mbytes
   Step          Temp          E_pair         E_mol          TotEng         Press     
         0   0             -34.162036      0             -34.162036     -8160.0036    
Loop time of 1.02e-06 on 1 procs for 0 steps with 8 atoms

0.0% CPU use with 1 MPI tasks x 1 OpenMP threads

MPI task timing breakdown:
Section |  min time  |  avg time  |  max time  |%varavg| %total
---------------------------------------------------------------
Pair    | 0          | 0          | 0          |   0.0 |  0.00
Neigh   | 0          | 0          | 0          |   0.0 |  0.00
Comm    | 0          | 0          | 0          |   0.0 |  0.00
Output  | 0          | 0          | 0          |   0.0 |  0.00
Modify  | 0          | 0          | 0          |   0.0 |  0.00
Other   |            | 1.02e-06   |            |       |100.00

Nlocal:              8 ave           8 max           8 min
Histogram: 1 0 0 0 0 0 0 0 0 0
Nghost:            247 ave         247 max         247 min
Histogram: 1 0 0 0 0 0 0 0 0 0
Neighs:              0 ave           0 max           0 min
Histogram: 1 0 0 0 0 0 0 0 0 0
FullNghs:          280 ave         280 max         280 min
Histogram: 1 0 0 0 0 0 0 0 0 0

Total # of neighbors = 280
Ave neighs/atom = 35
Neighbor list builds = 0
Dangerous builds = 0
next i
jump SELF loop_struct
clear
  using 1 OpenMP thread(s) per MPI task
log energies.log append
units metal
boundary p p p
atom_style atomic
read_data epoch60_${i}.in
read_data epoch60_33.in
Reading data file ...
  orthogonal box = (0 0 0) to (5.4437022 5.4437022 5.4437022)
  1 by 1 by 1 MPI processor grid
  reading atoms ...
  8 atoms
  reading velocities ...
  8 velocities
  read_data CPU = 0.000 seconds
mass 1 28.085
pair_style sw
pair_coeff * * Si.sw Si
Reading sw potential file Si.sw with DATE: 2007-06-11
run 0
WARNING: No fixes with time integration, atoms won't move (src/verlet.cpp:60)
Neighbor list info ...
  update: every = 1 steps, delay = 0 steps, check = yes
  max neighbors/atom: 2000, page size: 100000
  master list distance cutoff = 5.77118
  ghost atom cutoff = 5.77118
  binsize = 2.88559, bins = 2 2 2
  1 neighbor lists, perpetual/occasional/extra = 1 0 0
  (1) pair sw, perpetual
      attributes: full, newton on
      pair build: full/bin/atomonly
      stencil: full/bin/3d
      bin: standard
Per MPI rank memory allocation (min/avg/max) = 2.958 | 2.958 | 2.958 Mbytes
   Step          Temp          E_pair         E_mol          TotEng         Press     
         0   0             -34.449279      0             -34.449279     -6104.9439    
Loop time of 1.01e-06 on 1 procs for 0 steps with 8 atoms

0.0% CPU use with 1 MPI tasks x 1 OpenMP threads

MPI task timing breakdown:
Section |  min time  |  avg time  |  max time  |%varavg| %total
---------------------------------------------------------------
Pair    | 0          | 0          | 0          |   0.0 |  0.00
Neigh   | 0          | 0          | 0          |   0.0 |  0.00
Comm    | 0          | 0          | 0          |   0.0 |  0.00
Output  | 0          | 0          | 0          |   0.0 |  0.00
Modify  | 0          | 0          | 0          |   0.0 |  0.00
Other   |            | 1.01e-06   |            |       |100.00

Nlocal:              8 ave           8 max           8 min
Histogram: 1 0 0 0 0 0 0 0 0 0
Nghost:            208 ave         208 max         208 min
Histogram: 1 0 0 0 0 0 0 0 0 0
Neighs:              0 ave           0 max           0 min
Histogram: 1 0 0 0 0 0 0 0 0 0
FullNghs:          272 ave         272 max         272 min
Histogram: 1 0 0 0 0 0 0 0 0 0

Total # of neighbors = 272
Ave neighs/atom = 34
Neighbor list builds = 0
Dangerous builds = 0
next i
jump SELF loop_struct
clear
  using 1 OpenMP thread(s) per MPI task
log energies.log append
units metal
boundary p p p
atom_style atomic
read_data epoch60_${i}.in
read_data epoch60_34.in
Reading data file ...
  orthogonal box = (0 0 0) to (5.4437022 5.4437022 5.4437022)
  1 by 1 by 1 MPI processor grid
  reading atoms ...
  8 atoms
  reading velocities ...
  8 velocities
  read_data CPU = 0.000 seconds
mass 1 28.085
pair_style sw
pair_coeff * * Si.sw Si
Reading sw potential file Si.sw with DATE: 2007-06-11
run 0
WARNING: No fixes with time integration, atoms won't move (src/verlet.cpp:60)
Neighbor list info ...
  update: every = 1 steps, delay = 0 steps, check = yes
  max neighbors/atom: 2000, page size: 100000
  master list distance cutoff = 5.77118
  ghost atom cutoff = 5.77118
  binsize = 2.88559, bins = 2 2 2
  1 neighbor lists, perpetual/occasional/extra = 1 0 0
  (1) pair sw, perpetual
      attributes: full, newton on
      pair build: full/bin/atomonly
      stencil: full/bin/3d
      bin: standard
Per MPI rank memory allocation (min/avg/max) = 2.958 | 2.958 | 2.958 Mbytes
   Step          Temp          E_pair         E_mol          TotEng         Press     
         0   0             -34.426389      0             -34.426389     -8002.6621    
Loop time of 1.02e-06 on 1 procs for 0 steps with 8 atoms

0.0% CPU use with 1 MPI tasks x 1 OpenMP threads

MPI task timing breakdown:
Section |  min time  |  avg time  |  max time  |%varavg| %total
---------------------------------------------------------------
Pair    | 0          | 0          | 0          |   0.0 |  0.00
Neigh   | 0          | 0          | 0          |   0.0 |  0.00
Comm    | 0          | 0          | 0          |   0.0 |  0.00
Output  | 0          | 0          | 0          |   0.0 |  0.00
Modify  | 0          | 0          | 0          |   0.0 |  0.00
Other   |            | 1.02e-06   |            |       |100.00

Nlocal:              8 ave           8 max           8 min
Histogram: 1 0 0 0 0 0 0 0 0 0
Nghost:            265 ave         265 max         265 min
Histogram: 1 0 0 0 0 0 0 0 0 0
Neighs:              0 ave           0 max           0 min
Histogram: 1 0 0 0 0 0 0 0 0 0
FullNghs:          272 ave         272 max         272 min
Histogram: 1 0 0 0 0 0 0 0 0 0

Total # of neighbors = 272
Ave neighs/atom = 34
Neighbor list builds = 0
Dangerous builds = 0
next i
jump SELF loop_struct
clear
  using 1 OpenMP thread(s) per MPI task
log energies.log append
units metal
boundary p p p
atom_style atomic
read_data epoch60_${i}.in
read_data epoch60_35.in
Reading data file ...
  orthogonal box = (0 0 0) to (5.4437022 5.4437022 5.4437022)
  1 by 1 by 1 MPI processor grid
  reading atoms ...
  8 atoms
  reading velocities ...
  8 velocities
  read_data CPU = 0.000 seconds
mass 1 28.085
pair_style sw
pair_coeff * * Si.sw Si
Reading sw potential file Si.sw with DATE: 2007-06-11
run 0
WARNING: No fixes with time integration, atoms won't move (src/verlet.cpp:60)
Neighbor list info ...
  update: every = 1 steps, delay = 0 steps, check = yes
  max neighbors/atom: 2000, page size: 100000
  master list distance cutoff = 5.77118
  ghost atom cutoff = 5.77118
  binsize = 2.88559, bins = 2 2 2
  1 neighbor lists, perpetual/occasional/extra = 1 0 0
  (1) pair sw, perpetual
      attributes: full, newton on
      pair build: full/bin/atomonly
      stencil: full/bin/3d
      bin: standard
Per MPI rank memory allocation (min/avg/max) = 2.958 | 2.958 | 2.958 Mbytes
   Step          Temp          E_pair         E_mol          TotEng         Press     
         0   0             -34.495538      0             -34.495538     -5841.3864    
Loop time of 1.01e-06 on 1 procs for 0 steps with 8 atoms

0.0% CPU use with 1 MPI tasks x 1 OpenMP threads

MPI task timing breakdown:
Section |  min time  |  avg time  |  max time  |%varavg| %total
---------------------------------------------------------------
Pair    | 0          | 0          | 0          |   0.0 |  0.00
Neigh   | 0          | 0          | 0          |   0.0 |  0.00
Comm    | 0          | 0          | 0          |   0.0 |  0.00
Output  | 0          | 0          | 0          |   0.0 |  0.00
Modify  | 0          | 0          | 0          |   0.0 |  0.00
Other   |            | 1.01e-06   |            |       |100.00

Nlocal:              8 ave           8 max           8 min
Histogram: 1 0 0 0 0 0 0 0 0 0
Nghost:            226 ave         226 max         226 min
Histogram: 1 0 0 0 0 0 0 0 0 0
Neighs:              0 ave           0 max           0 min
Histogram: 1 0 0 0 0 0 0 0 0 0
FullNghs:          272 ave         272 max         272 min
Histogram: 1 0 0 0 0 0 0 0 0 0

Total # of neighbors = 272
Ave neighs/atom = 34
Neighbor list builds = 0
Dangerous builds = 0
next i
jump SELF loop_struct
clear
  using 1 OpenMP thread(s) per MPI task
log energies.log append
units metal
boundary p p p
atom_style atomic
read_data epoch60_${i}.in
read_data epoch60_36.in
Reading data file ...
  orthogonal box = (0 0 0) to (5.4437022 5.4437022 5.4437022)
  1 by 1 by 1 MPI processor grid
  reading atoms ...
  8 atoms
  reading velocities ...
  8 velocities
  read_data CPU = 0.000 seconds
mass 1 28.085
pair_style sw
pair_coeff * * Si.sw Si
Reading sw potential file Si.sw with DATE: 2007-06-11
run 0
WARNING: No fixes with time integration, atoms won't move (src/verlet.cpp:60)
Neighbor list info ...
  update: every = 1 steps, delay = 0 steps, check = yes
  max neighbors/atom: 2000, page size: 100000
  master list distance cutoff = 5.77118
  ghost atom cutoff = 5.77118
  binsize = 2.88559, bins = 2 2 2
  1 neighbor lists, perpetual/occasional/extra = 1 0 0
  (1) pair sw, perpetual
      attributes: full, newton on
      pair build: full/bin/atomonly
      stencil: full/bin/3d
      bin: standard
Per MPI rank memory allocation (min/avg/max) = 2.958 | 2.958 | 2.958 Mbytes
   Step          Temp          E_pair         E_mol          TotEng         Press     
         0   0             -34.527585      0             -34.527585     -6198.0052    
Loop time of 1.01e-06 on 1 procs for 0 steps with 8 atoms

0.0% CPU use with 1 MPI tasks x 1 OpenMP threads

MPI task timing breakdown:
Section |  min time  |  avg time  |  max time  |%varavg| %total
---------------------------------------------------------------
Pair    | 0          | 0          | 0          |   0.0 |  0.00
Neigh   | 0          | 0          | 0          |   0.0 |  0.00
Comm    | 0          | 0          | 0          |   0.0 |  0.00
Output  | 0          | 0          | 0          |   0.0 |  0.00
Modify  | 0          | 0          | 0          |   0.0 |  0.00
Other   |            | 1.01e-06   |            |       |100.00

Nlocal:              8 ave           8 max           8 min
Histogram: 1 0 0 0 0 0 0 0 0 0
Nghost:            208 ave         208 max         208 min
Histogram: 1 0 0 0 0 0 0 0 0 0
Neighs:              0 ave           0 max           0 min
Histogram: 1 0 0 0 0 0 0 0 0 0
FullNghs:          272 ave         272 max         272 min
Histogram: 1 0 0 0 0 0 0 0 0 0

Total # of neighbors = 272
Ave neighs/atom = 34
Neighbor list builds = 0
Dangerous builds = 0
next i
jump SELF loop_struct
clear
  using 1 OpenMP thread(s) per MPI task
log energies.log append
units metal
boundary p p p
atom_style atomic
read_data epoch60_${i}.in
read_data epoch60_37.in
Reading data file ...
  orthogonal box = (0 0 0) to (5.4437022 5.4437022 5.4437022)
  1 by 1 by 1 MPI processor grid
  reading atoms ...
  8 atoms
  reading velocities ...
  8 velocities
  read_data CPU = 0.000 seconds
mass 1 28.085
pair_style sw
pair_coeff * * Si.sw Si
Reading sw potential file Si.sw with DATE: 2007-06-11
run 0
WARNING: No fixes with time integration, atoms won't move (src/verlet.cpp:60)
Neighbor list info ...
  update: every = 1 steps, delay = 0 steps, check = yes
  max neighbors/atom: 2000, page size: 100000
  master list distance cutoff = 5.77118
  ghost atom cutoff = 5.77118
  binsize = 2.88559, bins = 2 2 2
  1 neighbor lists, perpetual/occasional/extra = 1 0 0
  (1) pair sw, perpetual
      attributes: full, newton on
      pair build: full/bin/atomonly
      stencil: full/bin/3d
      bin: standard
Per MPI rank memory allocation (min/avg/max) = 2.958 | 2.958 | 2.958 Mbytes
   Step          Temp          E_pair         E_mol          TotEng         Press     
         0   0             -34.534633      0             -34.534633     -6781.6193    
Loop time of 1.02e-06 on 1 procs for 0 steps with 8 atoms

0.0% CPU use with 1 MPI tasks x 1 OpenMP threads

MPI task timing breakdown:
Section |  min time  |  avg time  |  max time  |%varavg| %total
---------------------------------------------------------------
Pair    | 0          | 0          | 0          |   0.0 |  0.00
Neigh   | 0          | 0          | 0          |   0.0 |  0.00
Comm    | 0          | 0          | 0          |   0.0 |  0.00
Output  | 0          | 0          | 0          |   0.0 |  0.00
Modify  | 0          | 0          | 0          |   0.0 |  0.00
Other   |            | 1.02e-06   |            |       |100.00

Nlocal:              8 ave           8 max           8 min
Histogram: 1 0 0 0 0 0 0 0 0 0
Nghost:            265 ave         265 max         265 min
Histogram: 1 0 0 0 0 0 0 0 0 0
Neighs:              0 ave           0 max           0 min
Histogram: 1 0 0 0 0 0 0 0 0 0
FullNghs:          272 ave         272 max         272 min
Histogram: 1 0 0 0 0 0 0 0 0 0

Total # of neighbors = 272
Ave neighs/atom = 34
Neighbor list builds = 0
Dangerous builds = 0
next i
jump SELF loop_struct
clear
  using 1 OpenMP thread(s) per MPI task
log energies.log append
units metal
boundary p p p
atom_style atomic
read_data epoch60_${i}.in
read_data epoch60_38.in
Reading data file ...
  orthogonal box = (0 0 0) to (5.4437022 5.4437022 5.4437022)
  1 by 1 by 1 MPI processor grid
  reading atoms ...
  8 atoms
  reading velocities ...
  8 velocities
  read_data CPU = 0.000 seconds
mass 1 28.085
pair_style sw
pair_coeff * * Si.sw Si
Reading sw potential file Si.sw with DATE: 2007-06-11
run 0
WARNING: No fixes with time integration, atoms won't move (src/verlet.cpp:60)
Neighbor list info ...
  update: every = 1 steps, delay = 0 steps, check = yes
  max neighbors/atom: 2000, page size: 100000
  master list distance cutoff = 5.77118
  ghost atom cutoff = 5.77118
  binsize = 2.88559, bins = 2 2 2
  1 neighbor lists, perpetual/occasional/extra = 1 0 0
  (1) pair sw, perpetual
      attributes: full, newton on
      pair build: full/bin/atomonly
      stencil: full/bin/3d
      bin: standard
Per MPI rank memory allocation (min/avg/max) = 2.958 | 2.958 | 2.958 Mbytes
   Step          Temp          E_pair         E_mol          TotEng         Press     
         0   0             -34.539726      0             -34.539726     -6200.4302    
Loop time of 1.03e-06 on 1 procs for 0 steps with 8 atoms

0.0% CPU use with 1 MPI tasks x 1 OpenMP threads

MPI task timing breakdown:
Section |  min time  |  avg time  |  max time  |%varavg| %total
---------------------------------------------------------------
Pair    | 0          | 0          | 0          |   0.0 |  0.00
Neigh   | 0          | 0          | 0          |   0.0 |  0.00
Comm    | 0          | 0          | 0          |   0.0 |  0.00
Output  | 0          | 0          | 0          |   0.0 |  0.00
Modify  | 0          | 0          | 0          |   0.0 |  0.00
Other   |            | 1.03e-06   |            |       |100.00

Nlocal:              8 ave           8 max           8 min
Histogram: 1 0 0 0 0 0 0 0 0 0
Nghost:            244 ave         244 max         244 min
Histogram: 1 0 0 0 0 0 0 0 0 0
Neighs:              0 ave           0 max           0 min
Histogram: 1 0 0 0 0 0 0 0 0 0
FullNghs:          272 ave         272 max         272 min
Histogram: 1 0 0 0 0 0 0 0 0 0

Total # of neighbors = 272
Ave neighs/atom = 34
Neighbor list builds = 0
Dangerous builds = 0
next i
jump SELF loop_struct
clear
  using 1 OpenMP thread(s) per MPI task
log energies.log append
units metal
boundary p p p
atom_style atomic
read_data epoch60_${i}.in
read_data epoch60_39.in
Reading data file ...
  orthogonal box = (0 0 0) to (5.4437022 5.4437022 5.4437022)
  1 by 1 by 1 MPI processor grid
  reading atoms ...
  8 atoms
  reading velocities ...
  8 velocities
  read_data CPU = 0.000 seconds
mass 1 28.085
pair_style sw
pair_coeff * * Si.sw Si
Reading sw potential file Si.sw with DATE: 2007-06-11
run 0
WARNING: No fixes with time integration, atoms won't move (src/verlet.cpp:60)
Neighbor list info ...
  update: every = 1 steps, delay = 0 steps, check = yes
  max neighbors/atom: 2000, page size: 100000
  master list distance cutoff = 5.77118
  ghost atom cutoff = 5.77118
  binsize = 2.88559, bins = 2 2 2
  1 neighbor lists, perpetual/occasional/extra = 1 0 0
  (1) pair sw, perpetual
      attributes: full, newton on
      pair build: full/bin/atomonly
      stencil: full/bin/3d
      bin: standard
Per MPI rank memory allocation (min/avg/max) = 2.958 | 2.958 | 2.958 Mbytes
   Step          Temp          E_pair         E_mol          TotEng         Press     
         0   0             -34.499493      0             -34.499493     -6208.5776    
Loop time of 1.03e-06 on 1 procs for 0 steps with 8 atoms

0.0% CPU use with 1 MPI tasks x 1 OpenMP threads

MPI task timing breakdown:
Section |  min time  |  avg time  |  max time  |%varavg| %total
---------------------------------------------------------------
Pair    | 0          | 0          | 0          |   0.0 |  0.00
Neigh   | 0          | 0          | 0          |   0.0 |  0.00
Comm    | 0          | 0          | 0          |   0.0 |  0.00
Output  | 0          | 0          | 0          |   0.0 |  0.00
Modify  | 0          | 0          | 0          |   0.0 |  0.00
Other   |            | 1.03e-06   |            |       |100.00

Nlocal:              8 ave           8 max           8 min
Histogram: 1 0 0 0 0 0 0 0 0 0
Nghost:            208 ave         208 max         208 min
Histogram: 1 0 0 0 0 0 0 0 0 0
Neighs:              0 ave           0 max           0 min
Histogram: 1 0 0 0 0 0 0 0 0 0
FullNghs:          272 ave         272 max         272 min
Histogram: 1 0 0 0 0 0 0 0 0 0

Total # of neighbors = 272
Ave neighs/atom = 34
Neighbor list builds = 0
Dangerous builds = 0
next i
jump SELF loop_struct
clear
  using 1 OpenMP thread(s) per MPI task
log energies.log append
units metal
boundary p p p
atom_style atomic
read_data epoch60_${i}.in
read_data epoch60_40.in
Reading data file ...
  orthogonal box = (0 0 0) to (5.4437022 5.4437022 5.4437022)
  1 by 1 by 1 MPI processor grid
  reading atoms ...
  8 atoms
  reading velocities ...
  8 velocities
  read_data CPU = 0.000 seconds
mass 1 28.085
pair_style sw
pair_coeff * * Si.sw Si
Reading sw potential file Si.sw with DATE: 2007-06-11
run 0
WARNING: No fixes with time integration, atoms won't move (src/verlet.cpp:60)
Neighbor list info ...
  update: every = 1 steps, delay = 0 steps, check = yes
  max neighbors/atom: 2000, page size: 100000
  master list distance cutoff = 5.77118
  ghost atom cutoff = 5.77118
  binsize = 2.88559, bins = 2 2 2
  1 neighbor lists, perpetual/occasional/extra = 1 0 0
  (1) pair sw, perpetual
      attributes: full, newton on
      pair build: full/bin/atomonly
      stencil: full/bin/3d
      bin: standard
Per MPI rank memory allocation (min/avg/max) = 2.958 | 2.958 | 2.958 Mbytes
   Step          Temp          E_pair         E_mol          TotEng         Press     
         0   0             -34.49314       0             -34.49314      -6644.7545    
Loop time of 1.01e-06 on 1 procs for 0 steps with 8 atoms

0.0% CPU use with 1 MPI tasks x 1 OpenMP threads

MPI task timing breakdown:
Section |  min time  |  avg time  |  max time  |%varavg| %total
---------------------------------------------------------------
Pair    | 0          | 0          | 0          |   0.0 |  0.00
Neigh   | 0          | 0          | 0          |   0.0 |  0.00
Comm    | 0          | 0          | 0          |   0.0 |  0.00
Output  | 0          | 0          | 0          |   0.0 |  0.00
Modify  | 0          | 0          | 0          |   0.0 |  0.00
Other   |            | 1.01e-06   |            |       |100.00

Nlocal:              8 ave           8 max           8 min
Histogram: 1 0 0 0 0 0 0 0 0 0
Nghost:            247 ave         247 max         247 min
Histogram: 1 0 0 0 0 0 0 0 0 0
Neighs:              0 ave           0 max           0 min
Histogram: 1 0 0 0 0 0 0 0 0 0
FullNghs:          272 ave         272 max         272 min
Histogram: 1 0 0 0 0 0 0 0 0 0

Total # of neighbors = 272
Ave neighs/atom = 34
Neighbor list builds = 0
Dangerous builds = 0
next i
jump SELF loop_struct
clear
  using 1 OpenMP thread(s) per MPI task
log energies.log append
units metal
boundary p p p
atom_style atomic
read_data epoch60_${i}.in
read_data epoch60_41.in
Reading data file ...
  orthogonal box = (0 0 0) to (5.4437022 5.4437022 5.4437022)
  1 by 1 by 1 MPI processor grid
  reading atoms ...
  8 atoms
  reading velocities ...
  8 velocities
  read_data CPU = 0.001 seconds
mass 1 28.085
pair_style sw
pair_coeff * * Si.sw Si
Reading sw potential file Si.sw with DATE: 2007-06-11
run 0
WARNING: No fixes with time integration, atoms won't move (src/verlet.cpp:60)
Neighbor list info ...
  update: every = 1 steps, delay = 0 steps, check = yes
  max neighbors/atom: 2000, page size: 100000
  master list distance cutoff = 5.77118
  ghost atom cutoff = 5.77118
  binsize = 2.88559, bins = 2 2 2
  1 neighbor lists, perpetual/occasional/extra = 1 0 0
  (1) pair sw, perpetual
      attributes: full, newton on
      pair build: full/bin/atomonly
      stencil: full/bin/3d
      bin: standard
Per MPI rank memory allocation (min/avg/max) = 2.958 | 2.958 | 2.958 Mbytes
   Step          Temp          E_pair         E_mol          TotEng         Press     
         0   0             -34.387663      0             -34.387663     -6132.4934    
Loop time of 1.02e-06 on 1 procs for 0 steps with 8 atoms

0.0% CPU use with 1 MPI tasks x 1 OpenMP threads

MPI task timing breakdown:
Section |  min time  |  avg time  |  max time  |%varavg| %total
---------------------------------------------------------------
Pair    | 0          | 0          | 0          |   0.0 |  0.00
Neigh   | 0          | 0          | 0          |   0.0 |  0.00
Comm    | 0          | 0          | 0          |   0.0 |  0.00
Output  | 0          | 0          | 0          |   0.0 |  0.00
Modify  | 0          | 0          | 0          |   0.0 |  0.00
Other   |            | 1.02e-06   |            |       |100.00

Nlocal:              8 ave           8 max           8 min
Histogram: 1 0 0 0 0 0 0 0 0 0
Nghost:            244 ave         244 max         244 min
Histogram: 1 0 0 0 0 0 0 0 0 0
Neighs:              0 ave           0 max           0 min
Histogram: 1 0 0 0 0 0 0 0 0 0
FullNghs:          272 ave         272 max         272 min
Histogram: 1 0 0 0 0 0 0 0 0 0

Total # of neighbors = 272
Ave neighs/atom = 34
Neighbor list builds = 0
Dangerous builds = 0
next i
jump SELF loop_struct
clear
  using 1 OpenMP thread(s) per MPI task
log energies.log append
units metal
boundary p p p
atom_style atomic
read_data epoch60_${i}.in
read_data epoch60_42.in
Reading data file ...
  orthogonal box = (0 0 0) to (5.4437022 5.4437022 5.4437022)
  1 by 1 by 1 MPI processor grid
  reading atoms ...
  8 atoms
  reading velocities ...
  8 velocities
  read_data CPU = 0.000 seconds
mass 1 28.085
pair_style sw
pair_coeff * * Si.sw Si
Reading sw potential file Si.sw with DATE: 2007-06-11
run 0
WARNING: No fixes with time integration, atoms won't move (src/verlet.cpp:60)
Neighbor list info ...
  update: every = 1 steps, delay = 0 steps, check = yes
  max neighbors/atom: 2000, page size: 100000
  master list distance cutoff = 5.77118
  ghost atom cutoff = 5.77118
  binsize = 2.88559, bins = 2 2 2
  1 neighbor lists, perpetual/occasional/extra = 1 0 0
  (1) pair sw, perpetual
      attributes: full, newton on
      pair build: full/bin/atomonly
      stencil: full/bin/3d
      bin: standard
Per MPI rank memory allocation (min/avg/max) = 2.958 | 2.958 | 2.958 Mbytes
   Step          Temp          E_pair         E_mol          TotEng         Press     
         0   0             -34.366936      0             -34.366936     -5233.8236    
Loop time of 1.02e-06 on 1 procs for 0 steps with 8 atoms

0.0% CPU use with 1 MPI tasks x 1 OpenMP threads

MPI task timing breakdown:
Section |  min time  |  avg time  |  max time  |%varavg| %total
---------------------------------------------------------------
Pair    | 0          | 0          | 0          |   0.0 |  0.00
Neigh   | 0          | 0          | 0          |   0.0 |  0.00
Comm    | 0          | 0          | 0          |   0.0 |  0.00
Output  | 0          | 0          | 0          |   0.0 |  0.00
Modify  | 0          | 0          | 0          |   0.0 |  0.00
Other   |            | 1.02e-06   |            |       |100.00

Nlocal:              8 ave           8 max           8 min
Histogram: 1 0 0 0 0 0 0 0 0 0
Nghost:            247 ave         247 max         247 min
Histogram: 1 0 0 0 0 0 0 0 0 0
Neighs:              0 ave           0 max           0 min
Histogram: 1 0 0 0 0 0 0 0 0 0
FullNghs:          274 ave         274 max         274 min
Histogram: 1 0 0 0 0 0 0 0 0 0

Total # of neighbors = 274
Ave neighs/atom = 34.25
Neighbor list builds = 0
Dangerous builds = 0
next i
jump SELF loop_struct
clear
  using 1 OpenMP thread(s) per MPI task
log energies.log append
units metal
boundary p p p
atom_style atomic
read_data epoch60_${i}.in
read_data epoch60_43.in
Reading data file ...
  orthogonal box = (0 0 0) to (5.4437022 5.4437022 5.4437022)
  1 by 1 by 1 MPI processor grid
  reading atoms ...
  8 atoms
  reading velocities ...
  8 velocities
  read_data CPU = 0.000 seconds
mass 1 28.085
pair_style sw
pair_coeff * * Si.sw Si
Reading sw potential file Si.sw with DATE: 2007-06-11
run 0
WARNING: No fixes with time integration, atoms won't move (src/verlet.cpp:60)
Neighbor list info ...
  update: every = 1 steps, delay = 0 steps, check = yes
  max neighbors/atom: 2000, page size: 100000
  master list distance cutoff = 5.77118
  ghost atom cutoff = 5.77118
  binsize = 2.88559, bins = 2 2 2
  1 neighbor lists, perpetual/occasional/extra = 1 0 0
  (1) pair sw, perpetual
      attributes: full, newton on
      pair build: full/bin/atomonly
      stencil: full/bin/3d
      bin: standard
Per MPI rank memory allocation (min/avg/max) = 2.958 | 2.958 | 2.958 Mbytes
   Step          Temp          E_pair         E_mol          TotEng         Press     
         0   0             -34.377479      0             -34.377479     -6894.1143    
Loop time of 1.01e-06 on 1 procs for 0 steps with 8 atoms

99.0% CPU use with 1 MPI tasks x 1 OpenMP threads

MPI task timing breakdown:
Section |  min time  |  avg time  |  max time  |%varavg| %total
---------------------------------------------------------------
Pair    | 0          | 0          | 0          |   0.0 |  0.00
Neigh   | 0          | 0          | 0          |   0.0 |  0.00
Comm    | 0          | 0          | 0          |   0.0 |  0.00
Output  | 0          | 0          | 0          |   0.0 |  0.00
Modify  | 0          | 0          | 0          |   0.0 |  0.00
Other   |            | 1.01e-06   |            |       |100.00

Nlocal:              8 ave           8 max           8 min
Histogram: 1 0 0 0 0 0 0 0 0 0
Nghost:            235 ave         235 max         235 min
Histogram: 1 0 0 0 0 0 0 0 0 0
Neighs:              0 ave           0 max           0 min
Histogram: 1 0 0 0 0 0 0 0 0 0
FullNghs:          272 ave         272 max         272 min
Histogram: 1 0 0 0 0 0 0 0 0 0

Total # of neighbors = 272
Ave neighs/atom = 34
Neighbor list builds = 0
Dangerous builds = 0
next i
jump SELF loop_struct
clear
  using 1 OpenMP thread(s) per MPI task
log energies.log append
units metal
boundary p p p
atom_style atomic
read_data epoch60_${i}.in
read_data epoch60_44.in
Reading data file ...
  orthogonal box = (0 0 0) to (5.4437022 5.4437022 5.4437022)
  1 by 1 by 1 MPI processor grid
  reading atoms ...
  8 atoms
  reading velocities ...
  8 velocities
  read_data CPU = 0.000 seconds
mass 1 28.085
pair_style sw
pair_coeff * * Si.sw Si
Reading sw potential file Si.sw with DATE: 2007-06-11
run 0
WARNING: No fixes with time integration, atoms won't move (src/verlet.cpp:60)
Neighbor list info ...
  update: every = 1 steps, delay = 0 steps, check = yes
  max neighbors/atom: 2000, page size: 100000
  master list distance cutoff = 5.77118
  ghost atom cutoff = 5.77118
  binsize = 2.88559, bins = 2 2 2
  1 neighbor lists, perpetual/occasional/extra = 1 0 0
  (1) pair sw, perpetual
      attributes: full, newton on
      pair build: full/bin/atomonly
      stencil: full/bin/3d
      bin: standard
Per MPI rank memory allocation (min/avg/max) = 2.958 | 2.958 | 2.958 Mbytes
   Step          Temp          E_pair         E_mol          TotEng         Press     
         0   0             -34.413857      0             -34.413857     -6258.5917    
Loop time of 1.01e-06 on 1 procs for 0 steps with 8 atoms

99.0% CPU use with 1 MPI tasks x 1 OpenMP threads

MPI task timing breakdown:
Section |  min time  |  avg time  |  max time  |%varavg| %total
---------------------------------------------------------------
Pair    | 0          | 0          | 0          |   0.0 |  0.00
Neigh   | 0          | 0          | 0          |   0.0 |  0.00
Comm    | 0          | 0          | 0          |   0.0 |  0.00
Output  | 0          | 0          | 0          |   0.0 |  0.00
Modify  | 0          | 0          | 0          |   0.0 |  0.00
Other   |            | 1.01e-06   |            |       |100.00

Nlocal:              8 ave           8 max           8 min
Histogram: 1 0 0 0 0 0 0 0 0 0
Nghost:            265 ave         265 max         265 min
Histogram: 1 0 0 0 0 0 0 0 0 0
Neighs:              0 ave           0 max           0 min
Histogram: 1 0 0 0 0 0 0 0 0 0
FullNghs:          274 ave         274 max         274 min
Histogram: 1 0 0 0 0 0 0 0 0 0

Total # of neighbors = 274
Ave neighs/atom = 34.25
Neighbor list builds = 0
Dangerous builds = 0
next i
jump SELF loop_struct
clear
  using 1 OpenMP thread(s) per MPI task
log energies.log append
units metal
boundary p p p
atom_style atomic
read_data epoch60_${i}.in
read_data epoch60_45.in
Reading data file ...
  orthogonal box = (0 0 0) to (5.4437022 5.4437022 5.4437022)
  1 by 1 by 1 MPI processor grid
  reading atoms ...
  8 atoms
  reading velocities ...
  8 velocities
  read_data CPU = 0.000 seconds
mass 1 28.085
pair_style sw
pair_coeff * * Si.sw Si
Reading sw potential file Si.sw with DATE: 2007-06-11
run 0
WARNING: No fixes with time integration, atoms won't move (src/verlet.cpp:60)
Neighbor list info ...
  update: every = 1 steps, delay = 0 steps, check = yes
  max neighbors/atom: 2000, page size: 100000
  master list distance cutoff = 5.77118
  ghost atom cutoff = 5.77118
  binsize = 2.88559, bins = 2 2 2
  1 neighbor lists, perpetual/occasional/extra = 1 0 0
  (1) pair sw, perpetual
      attributes: full, newton on
      pair build: full/bin/atomonly
      stencil: full/bin/3d
      bin: standard
Per MPI rank memory allocation (min/avg/max) = 2.958 | 2.958 | 2.958 Mbytes
   Step          Temp          E_pair         E_mol          TotEng         Press     
         0   0             -34.421627      0             -34.421627     -7677.0917    
Loop time of 1.05e-06 on 1 procs for 0 steps with 8 atoms

0.0% CPU use with 1 MPI tasks x 1 OpenMP threads

MPI task timing breakdown:
Section |  min time  |  avg time  |  max time  |%varavg| %total
---------------------------------------------------------------
Pair    | 0          | 0          | 0          |   0.0 |  0.00
Neigh   | 0          | 0          | 0          |   0.0 |  0.00
Comm    | 0          | 0          | 0          |   0.0 |  0.00
Output  | 0          | 0          | 0          |   0.0 |  0.00
Modify  | 0          | 0          | 0          |   0.0 |  0.00
Other   |            | 1.05e-06   |            |       |100.00

Nlocal:              8 ave           8 max           8 min
Histogram: 1 0 0 0 0 0 0 0 0 0
Nghost:            256 ave         256 max         256 min
Histogram: 1 0 0 0 0 0 0 0 0 0
Neighs:              0 ave           0 max           0 min
Histogram: 1 0 0 0 0 0 0 0 0 0
FullNghs:          272 ave         272 max         272 min
Histogram: 1 0 0 0 0 0 0 0 0 0

Total # of neighbors = 272
Ave neighs/atom = 34
Neighbor list builds = 0
Dangerous builds = 0
next i
jump SELF loop_struct
clear
  using 1 OpenMP thread(s) per MPI task
log energies.log append
units metal
boundary p p p
atom_style atomic
read_data epoch60_${i}.in
read_data epoch60_46.in
Reading data file ...
  orthogonal box = (0 0 0) to (5.4437022 5.4437022 5.4437022)
  1 by 1 by 1 MPI processor grid
  reading atoms ...
  8 atoms
  reading velocities ...
  8 velocities
  read_data CPU = 0.000 seconds
mass 1 28.085
pair_style sw
pair_coeff * * Si.sw Si
Reading sw potential file Si.sw with DATE: 2007-06-11
run 0
WARNING: No fixes with time integration, atoms won't move (src/verlet.cpp:60)
Neighbor list info ...
  update: every = 1 steps, delay = 0 steps, check = yes
  max neighbors/atom: 2000, page size: 100000
  master list distance cutoff = 5.77118
  ghost atom cutoff = 5.77118
  binsize = 2.88559, bins = 2 2 2
  1 neighbor lists, perpetual/occasional/extra = 1 0 0
  (1) pair sw, perpetual
      attributes: full, newton on
      pair build: full/bin/atomonly
      stencil: full/bin/3d
      bin: standard
Per MPI rank memory allocation (min/avg/max) = 2.958 | 2.958 | 2.958 Mbytes
   Step          Temp          E_pair         E_mol          TotEng         Press     
         0   0             -34.432508      0             -34.432508     -7499.1982    
Loop time of 1.01e-06 on 1 procs for 0 steps with 8 atoms

0.0% CPU use with 1 MPI tasks x 1 OpenMP threads

MPI task timing breakdown:
Section |  min time  |  avg time  |  max time  |%varavg| %total
---------------------------------------------------------------
Pair    | 0          | 0          | 0          |   0.0 |  0.00
Neigh   | 0          | 0          | 0          |   0.0 |  0.00
Comm    | 0          | 0          | 0          |   0.0 |  0.00
Output  | 0          | 0          | 0          |   0.0 |  0.00
Modify  | 0          | 0          | 0          |   0.0 |  0.00
Other   |            | 1.01e-06   |            |       |100.00

Nlocal:              8 ave           8 max           8 min
Histogram: 1 0 0 0 0 0 0 0 0 0
Nghost:            208 ave         208 max         208 min
Histogram: 1 0 0 0 0 0 0 0 0 0
Neighs:              0 ave           0 max           0 min
Histogram: 1 0 0 0 0 0 0 0 0 0
FullNghs:          272 ave         272 max         272 min
Histogram: 1 0 0 0 0 0 0 0 0 0

Total # of neighbors = 272
Ave neighs/atom = 34
Neighbor list builds = 0
Dangerous builds = 0
next i
jump SELF loop_struct
clear
  using 1 OpenMP thread(s) per MPI task
log energies.log append
units metal
boundary p p p
atom_style atomic
read_data epoch60_${i}.in
read_data epoch60_47.in
Reading data file ...
  orthogonal box = (0 0 0) to (5.4437022 5.4437022 5.4437022)
  1 by 1 by 1 MPI processor grid
  reading atoms ...
  8 atoms
  reading velocities ...
  8 velocities
  read_data CPU = 0.001 seconds
mass 1 28.085
pair_style sw
pair_coeff * * Si.sw Si
Reading sw potential file Si.sw with DATE: 2007-06-11
run 0
WARNING: No fixes with time integration, atoms won't move (src/verlet.cpp:60)
Neighbor list info ...
  update: every = 1 steps, delay = 0 steps, check = yes
  max neighbors/atom: 2000, page size: 100000
  master list distance cutoff = 5.77118
  ghost atom cutoff = 5.77118
  binsize = 2.88559, bins = 2 2 2
  1 neighbor lists, perpetual/occasional/extra = 1 0 0
  (1) pair sw, perpetual
      attributes: full, newton on
      pair build: full/bin/atomonly
      stencil: full/bin/3d
      bin: standard
Per MPI rank memory allocation (min/avg/max) = 2.958 | 2.958 | 2.958 Mbytes
   Step          Temp          E_pair         E_mol          TotEng         Press     
         0   0             -34.456592      0             -34.456592     -5824.6687    
Loop time of 1.01e-06 on 1 procs for 0 steps with 8 atoms

0.0% CPU use with 1 MPI tasks x 1 OpenMP threads

MPI task timing breakdown:
Section |  min time  |  avg time  |  max time  |%varavg| %total
---------------------------------------------------------------
Pair    | 0          | 0          | 0          |   0.0 |  0.00
Neigh   | 0          | 0          | 0          |   0.0 |  0.00
Comm    | 0          | 0          | 0          |   0.0 |  0.00
Output  | 0          | 0          | 0          |   0.0 |  0.00
Modify  | 0          | 0          | 0          |   0.0 |  0.00
Other   |            | 1.01e-06   |            |       |100.00

Nlocal:              8 ave           8 max           8 min
Histogram: 1 0 0 0 0 0 0 0 0 0
Nghost:            226 ave         226 max         226 min
Histogram: 1 0 0 0 0 0 0 0 0 0
Neighs:              0 ave           0 max           0 min
Histogram: 1 0 0 0 0 0 0 0 0 0
FullNghs:          272 ave         272 max         272 min
Histogram: 1 0 0 0 0 0 0 0 0 0

Total # of neighbors = 272
Ave neighs/atom = 34
Neighbor list builds = 0
Dangerous builds = 0
next i
jump SELF loop_struct
clear
  using 1 OpenMP thread(s) per MPI task
log energies.log append
units metal
boundary p p p
atom_style atomic
read_data epoch60_${i}.in
read_data epoch60_48.in
Reading data file ...
  orthogonal box = (0 0 0) to (5.4437022 5.4437022 5.4437022)
  1 by 1 by 1 MPI processor grid
  reading atoms ...
  8 atoms
  reading velocities ...
  8 velocities
  read_data CPU = 0.000 seconds
mass 1 28.085
pair_style sw
pair_coeff * * Si.sw Si
Reading sw potential file Si.sw with DATE: 2007-06-11
run 0
WARNING: No fixes with time integration, atoms won't move (src/verlet.cpp:60)
Neighbor list info ...
  update: every = 1 steps, delay = 0 steps, check = yes
  max neighbors/atom: 2000, page size: 100000
  master list distance cutoff = 5.77118
  ghost atom cutoff = 5.77118
  binsize = 2.88559, bins = 2 2 2
  1 neighbor lists, perpetual/occasional/extra = 1 0 0
  (1) pair sw, perpetual
      attributes: full, newton on
      pair build: full/bin/atomonly
      stencil: full/bin/3d
      bin: standard
Per MPI rank memory allocation (min/avg/max) = 2.958 | 2.958 | 2.958 Mbytes
   Step          Temp          E_pair         E_mol          TotEng         Press     
         0   0             -34.436467      0             -34.436467     -7572.1926    
Loop time of 1.03e-06 on 1 procs for 0 steps with 8 atoms

97.1% CPU use with 1 MPI tasks x 1 OpenMP threads

MPI task timing breakdown:
Section |  min time  |  avg time  |  max time  |%varavg| %total
---------------------------------------------------------------
Pair    | 0          | 0          | 0          |   0.0 |  0.00
Neigh   | 0          | 0          | 0          |   0.0 |  0.00
Comm    | 0          | 0          | 0          |   0.0 |  0.00
Output  | 0          | 0          | 0          |   0.0 |  0.00
Modify  | 0          | 0          | 0          |   0.0 |  0.00
Other   |            | 1.03e-06   |            |       |100.00

Nlocal:              8 ave           8 max           8 min
Histogram: 1 0 0 0 0 0 0 0 0 0
Nghost:            217 ave         217 max         217 min
Histogram: 1 0 0 0 0 0 0 0 0 0
Neighs:              0 ave           0 max           0 min
Histogram: 1 0 0 0 0 0 0 0 0 0
FullNghs:          274 ave         274 max         274 min
Histogram: 1 0 0 0 0 0 0 0 0 0

Total # of neighbors = 274
Ave neighs/atom = 34.25
Neighbor list builds = 0
Dangerous builds = 0
next i
jump SELF loop_struct
clear
  using 1 OpenMP thread(s) per MPI task
log energies.log append
units metal
boundary p p p
atom_style atomic
read_data epoch60_${i}.in
read_data epoch60_49.in
Reading data file ...
  orthogonal box = (0 0 0) to (5.4437022 5.4437022 5.4437022)
  1 by 1 by 1 MPI processor grid
  reading atoms ...
  8 atoms
  reading velocities ...
  8 velocities
  read_data CPU = 0.000 seconds
mass 1 28.085
pair_style sw
pair_coeff * * Si.sw Si
Reading sw potential file Si.sw with DATE: 2007-06-11
run 0
WARNING: No fixes with time integration, atoms won't move (src/verlet.cpp:60)
Neighbor list info ...
  update: every = 1 steps, delay = 0 steps, check = yes
  max neighbors/atom: 2000, page size: 100000
  master list distance cutoff = 5.77118
  ghost atom cutoff = 5.77118
  binsize = 2.88559, bins = 2 2 2
  1 neighbor lists, perpetual/occasional/extra = 1 0 0
  (1) pair sw, perpetual
      attributes: full, newton on
      pair build: full/bin/atomonly
      stencil: full/bin/3d
      bin: standard
Per MPI rank memory allocation (min/avg/max) = 2.958 | 2.958 | 2.958 Mbytes
   Step          Temp          E_pair         E_mol          TotEng         Press     
         0   0             -34.414551      0             -34.414551     -5461.916     
Loop time of 1e-06 on 1 procs for 0 steps with 8 atoms

0.0% CPU use with 1 MPI tasks x 1 OpenMP threads

MPI task timing breakdown:
Section |  min time  |  avg time  |  max time  |%varavg| %total
---------------------------------------------------------------
Pair    | 0          | 0          | 0          |   0.0 |  0.00
Neigh   | 0          | 0          | 0          |   0.0 |  0.00
Comm    | 0          | 0          | 0          |   0.0 |  0.00
Output  | 0          | 0          | 0          |   0.0 |  0.00
Modify  | 0          | 0          | 0          |   0.0 |  0.00
Other   |            | 1e-06      |            |       |100.00

Nlocal:              8 ave           8 max           8 min
Histogram: 1 0 0 0 0 0 0 0 0 0
Nghost:            256 ave         256 max         256 min
Histogram: 1 0 0 0 0 0 0 0 0 0
Neighs:              0 ave           0 max           0 min
Histogram: 1 0 0 0 0 0 0 0 0 0
FullNghs:          272 ave         272 max         272 min
Histogram: 1 0 0 0 0 0 0 0 0 0

Total # of neighbors = 272
Ave neighs/atom = 34
Neighbor list builds = 0
Dangerous builds = 0
next i
jump SELF loop_struct
clear
  using 1 OpenMP thread(s) per MPI task
log energies.log append
units metal
boundary p p p
atom_style atomic
read_data epoch60_${i}.in
read_data epoch60_50.in
Reading data file ...
  orthogonal box = (0 0 0) to (5.4437022 5.4437022 5.4437022)
  1 by 1 by 1 MPI processor grid
  reading atoms ...
  8 atoms
  reading velocities ...
  8 velocities
  read_data CPU = 0.000 seconds
mass 1 28.085
pair_style sw
pair_coeff * * Si.sw Si
Reading sw potential file Si.sw with DATE: 2007-06-11
run 0
WARNING: No fixes with time integration, atoms won't move (src/verlet.cpp:60)
Neighbor list info ...
  update: every = 1 steps, delay = 0 steps, check = yes
  max neighbors/atom: 2000, page size: 100000
  master list distance cutoff = 5.77118
  ghost atom cutoff = 5.77118
  binsize = 2.88559, bins = 2 2 2
  1 neighbor lists, perpetual/occasional/extra = 1 0 0
  (1) pair sw, perpetual
      attributes: full, newton on
      pair build: full/bin/atomonly
      stencil: full/bin/3d
      bin: standard
Per MPI rank memory allocation (min/avg/max) = 2.958 | 2.958 | 2.958 Mbytes
   Step          Temp          E_pair         E_mol          TotEng         Press     
         0   0             -34.500801      0             -34.500801     -6219.473     
Loop time of 1.01e-06 on 1 procs for 0 steps with 8 atoms

0.0% CPU use with 1 MPI tasks x 1 OpenMP threads

MPI task timing breakdown:
Section |  min time  |  avg time  |  max time  |%varavg| %total
---------------------------------------------------------------
Pair    | 0          | 0          | 0          |   0.0 |  0.00
Neigh   | 0          | 0          | 0          |   0.0 |  0.00
Comm    | 0          | 0          | 0          |   0.0 |  0.00
Output  | 0          | 0          | 0          |   0.0 |  0.00
Modify  | 0          | 0          | 0          |   0.0 |  0.00
Other   |            | 1.01e-06   |            |       |100.00

Nlocal:              8 ave           8 max           8 min
Histogram: 1 0 0 0 0 0 0 0 0 0
Nghost:            244 ave         244 max         244 min
Histogram: 1 0 0 0 0 0 0 0 0 0
Neighs:              0 ave           0 max           0 min
Histogram: 1 0 0 0 0 0 0 0 0 0
FullNghs:          272 ave         272 max         272 min
Histogram: 1 0 0 0 0 0 0 0 0 0

Total # of neighbors = 272
Ave neighs/atom = 34
Neighbor list builds = 0
Dangerous builds = 0
next i
jump SELF loop_struct
clear
  using 1 OpenMP thread(s) per MPI task
log energies.log append
units metal
boundary p p p
atom_style atomic
read_data epoch60_${i}.in
read_data epoch60_51.in
Reading data file ...
  orthogonal box = (0 0 0) to (5.4437022 5.4437022 5.4437022)
  1 by 1 by 1 MPI processor grid
  reading atoms ...
  8 atoms
  reading velocities ...
  8 velocities
  read_data CPU = 0.000 seconds
mass 1 28.085
pair_style sw
pair_coeff * * Si.sw Si
Reading sw potential file Si.sw with DATE: 2007-06-11
run 0
WARNING: No fixes with time integration, atoms won't move (src/verlet.cpp:60)
Neighbor list info ...
  update: every = 1 steps, delay = 0 steps, check = yes
  max neighbors/atom: 2000, page size: 100000
  master list distance cutoff = 5.77118
  ghost atom cutoff = 5.77118
  binsize = 2.88559, bins = 2 2 2
  1 neighbor lists, perpetual/occasional/extra = 1 0 0
  (1) pair sw, perpetual
      attributes: full, newton on
      pair build: full/bin/atomonly
      stencil: full/bin/3d
      bin: standard
Per MPI rank memory allocation (min/avg/max) = 2.958 | 2.958 | 2.958 Mbytes
   Step          Temp          E_pair         E_mol          TotEng         Press     
         0   0             -34.431635      0             -34.431635     -6643.804     
Loop time of 9.9e-07 on 1 procs for 0 steps with 8 atoms

0.0% CPU use with 1 MPI tasks x 1 OpenMP threads

MPI task timing breakdown:
Section |  min time  |  avg time  |  max time  |%varavg| %total
---------------------------------------------------------------
Pair    | 0          | 0          | 0          |   0.0 |  0.00
Neigh   | 0          | 0          | 0          |   0.0 |  0.00
Comm    | 0          | 0          | 0          |   0.0 |  0.00
Output  | 0          | 0          | 0          |   0.0 |  0.00
Modify  | 0          | 0          | 0          |   0.0 |  0.00
Other   |            | 9.9e-07    |            |       |100.00

Nlocal:              8 ave           8 max           8 min
Histogram: 1 0 0 0 0 0 0 0 0 0
Nghost:            226 ave         226 max         226 min
Histogram: 1 0 0 0 0 0 0 0 0 0
Neighs:              0 ave           0 max           0 min
Histogram: 1 0 0 0 0 0 0 0 0 0
FullNghs:          272 ave         272 max         272 min
Histogram: 1 0 0 0 0 0 0 0 0 0

Total # of neighbors = 272
Ave neighs/atom = 34
Neighbor list builds = 0
Dangerous builds = 0
next i
jump SELF loop_struct
clear
  using 1 OpenMP thread(s) per MPI task
log energies.log append
units metal
boundary p p p
atom_style atomic
read_data epoch60_${i}.in
read_data epoch60_52.in
Reading data file ...
  orthogonal box = (0 0 0) to (5.4437022 5.4437022 5.4437022)
  1 by 1 by 1 MPI processor grid
  reading atoms ...
  8 atoms
  reading velocities ...
  8 velocities
  read_data CPU = 0.000 seconds
mass 1 28.085
pair_style sw
pair_coeff * * Si.sw Si
Reading sw potential file Si.sw with DATE: 2007-06-11
run 0
WARNING: No fixes with time integration, atoms won't move (src/verlet.cpp:60)
Neighbor list info ...
  update: every = 1 steps, delay = 0 steps, check = yes
  max neighbors/atom: 2000, page size: 100000
  master list distance cutoff = 5.77118
  ghost atom cutoff = 5.77118
  binsize = 2.88559, bins = 2 2 2
  1 neighbor lists, perpetual/occasional/extra = 1 0 0
  (1) pair sw, perpetual
      attributes: full, newton on
      pair build: full/bin/atomonly
      stencil: full/bin/3d
      bin: standard
Per MPI rank memory allocation (min/avg/max) = 2.958 | 2.958 | 2.958 Mbytes
   Step          Temp          E_pair         E_mol          TotEng         Press     
         0   0             -34.335456      0             -34.335456     -6881.9876    
Loop time of 1e-06 on 1 procs for 0 steps with 8 atoms

100.0% CPU use with 1 MPI tasks x 1 OpenMP threads

MPI task timing breakdown:
Section |  min time  |  avg time  |  max time  |%varavg| %total
---------------------------------------------------------------
Pair    | 0          | 0          | 0          |   0.0 |  0.00
Neigh   | 0          | 0          | 0          |   0.0 |  0.00
Comm    | 0          | 0          | 0          |   0.0 |  0.00
Output  | 0          | 0          | 0          |   0.0 |  0.00
Modify  | 0          | 0          | 0          |   0.0 |  0.00
Other   |            | 1e-06      |            |       |100.00

Nlocal:              8 ave           8 max           8 min
Histogram: 1 0 0 0 0 0 0 0 0 0
Nghost:            244 ave         244 max         244 min
Histogram: 1 0 0 0 0 0 0 0 0 0
Neighs:              0 ave           0 max           0 min
Histogram: 1 0 0 0 0 0 0 0 0 0
FullNghs:          274 ave         274 max         274 min
Histogram: 1 0 0 0 0 0 0 0 0 0

Total # of neighbors = 274
Ave neighs/atom = 34.25
Neighbor list builds = 0
Dangerous builds = 0
next i
jump SELF loop_struct
clear
  using 1 OpenMP thread(s) per MPI task
log energies.log append
units metal
boundary p p p
atom_style atomic
read_data epoch60_${i}.in
read_data epoch60_53.in
Reading data file ...
  orthogonal box = (0 0 0) to (5.4437022 5.4437022 5.4437022)
  1 by 1 by 1 MPI processor grid
  reading atoms ...
  8 atoms
  reading velocities ...
  8 velocities
  read_data CPU = 0.000 seconds
mass 1 28.085
pair_style sw
pair_coeff * * Si.sw Si
Reading sw potential file Si.sw with DATE: 2007-06-11
run 0
WARNING: No fixes with time integration, atoms won't move (src/verlet.cpp:60)
Neighbor list info ...
  update: every = 1 steps, delay = 0 steps, check = yes
  max neighbors/atom: 2000, page size: 100000
  master list distance cutoff = 5.77118
  ghost atom cutoff = 5.77118
  binsize = 2.88559, bins = 2 2 2
  1 neighbor lists, perpetual/occasional/extra = 1 0 0
  (1) pair sw, perpetual
      attributes: full, newton on
      pair build: full/bin/atomonly
      stencil: full/bin/3d
      bin: standard
Per MPI rank memory allocation (min/avg/max) = 2.958 | 2.958 | 2.958 Mbytes
   Step          Temp          E_pair         E_mol          TotEng         Press     
         0   0             -34.226318      0             -34.226318     -8887.1763    
Loop time of 1.01e-06 on 1 procs for 0 steps with 8 atoms

0.0% CPU use with 1 MPI tasks x 1 OpenMP threads

MPI task timing breakdown:
Section |  min time  |  avg time  |  max time  |%varavg| %total
---------------------------------------------------------------
Pair    | 0          | 0          | 0          |   0.0 |  0.00
Neigh   | 0          | 0          | 0          |   0.0 |  0.00
Comm    | 0          | 0          | 0          |   0.0 |  0.00
Output  | 0          | 0          | 0          |   0.0 |  0.00
Modify  | 0          | 0          | 0          |   0.0 |  0.00
Other   |            | 1.01e-06   |            |       |100.00

Nlocal:              8 ave           8 max           8 min
Histogram: 1 0 0 0 0 0 0 0 0 0
Nghost:            238 ave         238 max         238 min
Histogram: 1 0 0 0 0 0 0 0 0 0
Neighs:              0 ave           0 max           0 min
Histogram: 1 0 0 0 0 0 0 0 0 0
FullNghs:          278 ave         278 max         278 min
Histogram: 1 0 0 0 0 0 0 0 0 0

Total # of neighbors = 278
Ave neighs/atom = 34.75
Neighbor list builds = 0
Dangerous builds = 0
next i
jump SELF loop_struct
clear
  using 1 OpenMP thread(s) per MPI task
log energies.log append
units metal
boundary p p p
atom_style atomic
read_data epoch60_${i}.in
read_data epoch60_54.in
Reading data file ...
  orthogonal box = (0 0 0) to (5.4437022 5.4437022 5.4437022)
  1 by 1 by 1 MPI processor grid
  reading atoms ...
  8 atoms
  reading velocities ...
  8 velocities
  read_data CPU = 0.001 seconds
mass 1 28.085
pair_style sw
pair_coeff * * Si.sw Si
Reading sw potential file Si.sw with DATE: 2007-06-11
run 0
WARNING: No fixes with time integration, atoms won't move (src/verlet.cpp:60)
Neighbor list info ...
  update: every = 1 steps, delay = 0 steps, check = yes
  max neighbors/atom: 2000, page size: 100000
  master list distance cutoff = 5.77118
  ghost atom cutoff = 5.77118
  binsize = 2.88559, bins = 2 2 2
  1 neighbor lists, perpetual/occasional/extra = 1 0 0
  (1) pair sw, perpetual
      attributes: full, newton on
      pair build: full/bin/atomonly
      stencil: full/bin/3d
      bin: standard
Per MPI rank memory allocation (min/avg/max) = 2.958 | 2.958 | 2.958 Mbytes
   Step          Temp          E_pair         E_mol          TotEng         Press     
         0   0             -34.377478      0             -34.377478     -5827.2188    
Loop time of 1.01e-06 on 1 procs for 0 steps with 8 atoms

99.0% CPU use with 1 MPI tasks x 1 OpenMP threads

MPI task timing breakdown:
Section |  min time  |  avg time  |  max time  |%varavg| %total
---------------------------------------------------------------
Pair    | 0          | 0          | 0          |   0.0 |  0.00
Neigh   | 0          | 0          | 0          |   0.0 |  0.00
Comm    | 0          | 0          | 0          |   0.0 |  0.00
Output  | 0          | 0          | 0          |   0.0 |  0.00
Modify  | 0          | 0          | 0          |   0.0 |  0.00
Other   |            | 1.01e-06   |            |       |100.00

Nlocal:              8 ave           8 max           8 min
Histogram: 1 0 0 0 0 0 0 0 0 0
Nghost:            235 ave         235 max         235 min
Histogram: 1 0 0 0 0 0 0 0 0 0
Neighs:              0 ave           0 max           0 min
Histogram: 1 0 0 0 0 0 0 0 0 0
FullNghs:          272 ave         272 max         272 min
Histogram: 1 0 0 0 0 0 0 0 0 0

Total # of neighbors = 272
Ave neighs/atom = 34
Neighbor list builds = 0
Dangerous builds = 0
next i
jump SELF loop_struct
clear
  using 1 OpenMP thread(s) per MPI task
log energies.log append
units metal
boundary p p p
atom_style atomic
read_data epoch60_${i}.in
read_data epoch60_55.in
Reading data file ...
  orthogonal box = (0 0 0) to (5.4437022 5.4437022 5.4437022)
  1 by 1 by 1 MPI processor grid
  reading atoms ...
  8 atoms
  reading velocities ...
  8 velocities
  read_data CPU = 0.000 seconds
mass 1 28.085
pair_style sw
pair_coeff * * Si.sw Si
Reading sw potential file Si.sw with DATE: 2007-06-11
run 0
WARNING: No fixes with time integration, atoms won't move (src/verlet.cpp:60)
Neighbor list info ...
  update: every = 1 steps, delay = 0 steps, check = yes
  max neighbors/atom: 2000, page size: 100000
  master list distance cutoff = 5.77118
  ghost atom cutoff = 5.77118
  binsize = 2.88559, bins = 2 2 2
  1 neighbor lists, perpetual/occasional/extra = 1 0 0
  (1) pair sw, perpetual
      attributes: full, newton on
      pair build: full/bin/atomonly
      stencil: full/bin/3d
      bin: standard
Per MPI rank memory allocation (min/avg/max) = 2.958 | 2.958 | 2.958 Mbytes
   Step          Temp          E_pair         E_mol          TotEng         Press     
         0   0             -34.406771      0             -34.406771     -5780.8854    
Loop time of 1e-06 on 1 procs for 0 steps with 8 atoms

100.0% CPU use with 1 MPI tasks x 1 OpenMP threads

MPI task timing breakdown:
Section |  min time  |  avg time  |  max time  |%varavg| %total
---------------------------------------------------------------
Pair    | 0          | 0          | 0          |   0.0 |  0.00
Neigh   | 0          | 0          | 0          |   0.0 |  0.00
Comm    | 0          | 0          | 0          |   0.0 |  0.00
Output  | 0          | 0          | 0          |   0.0 |  0.00
Modify  | 0          | 0          | 0          |   0.0 |  0.00
Other   |            | 1e-06      |            |       |100.00

Nlocal:              8 ave           8 max           8 min
Histogram: 1 0 0 0 0 0 0 0 0 0
Nghost:            226 ave         226 max         226 min
Histogram: 1 0 0 0 0 0 0 0 0 0
Neighs:              0 ave           0 max           0 min
Histogram: 1 0 0 0 0 0 0 0 0 0
FullNghs:          274 ave         274 max         274 min
Histogram: 1 0 0 0 0 0 0 0 0 0

Total # of neighbors = 274
Ave neighs/atom = 34.25
Neighbor list builds = 0
Dangerous builds = 0
next i
jump SELF loop_struct
clear
  using 1 OpenMP thread(s) per MPI task
log energies.log append
units metal
boundary p p p
atom_style atomic
read_data epoch60_${i}.in
read_data epoch60_56.in
Reading data file ...
  orthogonal box = (0 0 0) to (5.4437022 5.4437022 5.4437022)
  1 by 1 by 1 MPI processor grid
  reading atoms ...
  8 atoms
  reading velocities ...
  8 velocities
  read_data CPU = 0.000 seconds
mass 1 28.085
pair_style sw
pair_coeff * * Si.sw Si
Reading sw potential file Si.sw with DATE: 2007-06-11
run 0
WARNING: No fixes with time integration, atoms won't move (src/verlet.cpp:60)
Neighbor list info ...
  update: every = 1 steps, delay = 0 steps, check = yes
  max neighbors/atom: 2000, page size: 100000
  master list distance cutoff = 5.77118
  ghost atom cutoff = 5.77118
  binsize = 2.88559, bins = 2 2 2
  1 neighbor lists, perpetual/occasional/extra = 1 0 0
  (1) pair sw, perpetual
      attributes: full, newton on
      pair build: full/bin/atomonly
      stencil: full/bin/3d
      bin: standard
Per MPI rank memory allocation (min/avg/max) = 2.958 | 2.958 | 2.958 Mbytes
   Step          Temp          E_pair         E_mol          TotEng         Press     
         0   0             -34.339969      0             -34.339969     -7201.4984    
Loop time of 1.03e-06 on 1 procs for 0 steps with 8 atoms

0.0% CPU use with 1 MPI tasks x 1 OpenMP threads

MPI task timing breakdown:
Section |  min time  |  avg time  |  max time  |%varavg| %total
---------------------------------------------------------------
Pair    | 0          | 0          | 0          |   0.0 |  0.00
Neigh   | 0          | 0          | 0          |   0.0 |  0.00
Comm    | 0          | 0          | 0          |   0.0 |  0.00
Output  | 0          | 0          | 0          |   0.0 |  0.00
Modify  | 0          | 0          | 0          |   0.0 |  0.00
Other   |            | 1.03e-06   |            |       |100.00

Nlocal:              8 ave           8 max           8 min
Histogram: 1 0 0 0 0 0 0 0 0 0
Nghost:            208 ave         208 max         208 min
Histogram: 1 0 0 0 0 0 0 0 0 0
Neighs:              0 ave           0 max           0 min
Histogram: 1 0 0 0 0 0 0 0 0 0
FullNghs:          274 ave         274 max         274 min
Histogram: 1 0 0 0 0 0 0 0 0 0

Total # of neighbors = 274
Ave neighs/atom = 34.25
Neighbor list builds = 0
Dangerous builds = 0
next i
jump SELF loop_struct
clear
  using 1 OpenMP thread(s) per MPI task
log energies.log append
units metal
boundary p p p
atom_style atomic
read_data epoch60_${i}.in
read_data epoch60_57.in
Reading data file ...
  orthogonal box = (0 0 0) to (5.4437022 5.4437022 5.4437022)
  1 by 1 by 1 MPI processor grid
  reading atoms ...
  8 atoms
  reading velocities ...
  8 velocities
  read_data CPU = 0.000 seconds
mass 1 28.085
pair_style sw
pair_coeff * * Si.sw Si
Reading sw potential file Si.sw with DATE: 2007-06-11
run 0
WARNING: No fixes with time integration, atoms won't move (src/verlet.cpp:60)
Neighbor list info ...
  update: every = 1 steps, delay = 0 steps, check = yes
  max neighbors/atom: 2000, page size: 100000
  master list distance cutoff = 5.77118
  ghost atom cutoff = 5.77118
  binsize = 2.88559, bins = 2 2 2
  1 neighbor lists, perpetual/occasional/extra = 1 0 0
  (1) pair sw, perpetual
      attributes: full, newton on
      pair build: full/bin/atomonly
      stencil: full/bin/3d
      bin: standard
Per MPI rank memory allocation (min/avg/max) = 2.958 | 2.958 | 2.958 Mbytes
   Step          Temp          E_pair         E_mol          TotEng         Press     
         0   0             -34.47054       0             -34.47054      -6496.8634    
Loop time of 1.03e-06 on 1 procs for 0 steps with 8 atoms

0.0% CPU use with 1 MPI tasks x 1 OpenMP threads

MPI task timing breakdown:
Section |  min time  |  avg time  |  max time  |%varavg| %total
---------------------------------------------------------------
Pair    | 0          | 0          | 0          |   0.0 |  0.00
Neigh   | 0          | 0          | 0          |   0.0 |  0.00
Comm    | 0          | 0          | 0          |   0.0 |  0.00
Output  | 0          | 0          | 0          |   0.0 |  0.00
Modify  | 0          | 0          | 0          |   0.0 |  0.00
Other   |            | 1.03e-06   |            |       |100.00

Nlocal:              8 ave           8 max           8 min
Histogram: 1 0 0 0 0 0 0 0 0 0
Nghost:            226 ave         226 max         226 min
Histogram: 1 0 0 0 0 0 0 0 0 0
Neighs:              0 ave           0 max           0 min
Histogram: 1 0 0 0 0 0 0 0 0 0
FullNghs:          272 ave         272 max         272 min
Histogram: 1 0 0 0 0 0 0 0 0 0

Total # of neighbors = 272
Ave neighs/atom = 34
Neighbor list builds = 0
Dangerous builds = 0
next i
jump SELF loop_struct
clear
  using 1 OpenMP thread(s) per MPI task
log energies.log append
units metal
boundary p p p
atom_style atomic
read_data epoch60_${i}.in
read_data epoch60_58.in
Reading data file ...
  orthogonal box = (0 0 0) to (5.4437022 5.4437022 5.4437022)
  1 by 1 by 1 MPI processor grid
  reading atoms ...
  8 atoms
  reading velocities ...
  8 velocities
  read_data CPU = 0.000 seconds
mass 1 28.085
pair_style sw
pair_coeff * * Si.sw Si
Reading sw potential file Si.sw with DATE: 2007-06-11
run 0
WARNING: No fixes with time integration, atoms won't move (src/verlet.cpp:60)
Neighbor list info ...
  update: every = 1 steps, delay = 0 steps, check = yes
  max neighbors/atom: 2000, page size: 100000
  master list distance cutoff = 5.77118
  ghost atom cutoff = 5.77118
  binsize = 2.88559, bins = 2 2 2
  1 neighbor lists, perpetual/occasional/extra = 1 0 0
  (1) pair sw, perpetual
      attributes: full, newton on
      pair build: full/bin/atomonly
      stencil: full/bin/3d
      bin: standard
Per MPI rank memory allocation (min/avg/max) = 2.958 | 2.958 | 2.958 Mbytes
   Step          Temp          E_pair         E_mol          TotEng         Press     
         0   0             -34.47021       0             -34.47021      -6458.7559    
Loop time of 1.02e-06 on 1 procs for 0 steps with 8 atoms

0.0% CPU use with 1 MPI tasks x 1 OpenMP threads

MPI task timing breakdown:
Section |  min time  |  avg time  |  max time  |%varavg| %total
---------------------------------------------------------------
Pair    | 0          | 0          | 0          |   0.0 |  0.00
Neigh   | 0          | 0          | 0          |   0.0 |  0.00
Comm    | 0          | 0          | 0          |   0.0 |  0.00
Output  | 0          | 0          | 0          |   0.0 |  0.00
Modify  | 0          | 0          | 0          |   0.0 |  0.00
Other   |            | 1.02e-06   |            |       |100.00

Nlocal:              8 ave           8 max           8 min
Histogram: 1 0 0 0 0 0 0 0 0 0
Nghost:            247 ave         247 max         247 min
Histogram: 1 0 0 0 0 0 0 0 0 0
Neighs:              0 ave           0 max           0 min
Histogram: 1 0 0 0 0 0 0 0 0 0
FullNghs:          272 ave         272 max         272 min
Histogram: 1 0 0 0 0 0 0 0 0 0

Total # of neighbors = 272
Ave neighs/atom = 34
Neighbor list builds = 0
Dangerous builds = 0
next i
jump SELF loop_struct
clear
  using 1 OpenMP thread(s) per MPI task
log energies.log append
units metal
boundary p p p
atom_style atomic
read_data epoch60_${i}.in
read_data epoch60_59.in
Reading data file ...
  orthogonal box = (0 0 0) to (5.4437022 5.4437022 5.4437022)
  1 by 1 by 1 MPI processor grid
  reading atoms ...
  8 atoms
  reading velocities ...
  8 velocities
  read_data CPU = 0.000 seconds
mass 1 28.085
pair_style sw
pair_coeff * * Si.sw Si
Reading sw potential file Si.sw with DATE: 2007-06-11
run 0
WARNING: No fixes with time integration, atoms won't move (src/verlet.cpp:60)
Neighbor list info ...
  update: every = 1 steps, delay = 0 steps, check = yes
  max neighbors/atom: 2000, page size: 100000
  master list distance cutoff = 5.77118
  ghost atom cutoff = 5.77118
  binsize = 2.88559, bins = 2 2 2
  1 neighbor lists, perpetual/occasional/extra = 1 0 0
  (1) pair sw, perpetual
      attributes: full, newton on
      pair build: full/bin/atomonly
      stencil: full/bin/3d
      bin: standard
Per MPI rank memory allocation (min/avg/max) = 2.958 | 2.958 | 2.958 Mbytes
   Step          Temp          E_pair         E_mol          TotEng         Press     
         0   0             -34.497166      0             -34.497166     -6587.1489    
Loop time of 1.02e-06 on 1 procs for 0 steps with 8 atoms

98.0% CPU use with 1 MPI tasks x 1 OpenMP threads

MPI task timing breakdown:
Section |  min time  |  avg time  |  max time  |%varavg| %total
---------------------------------------------------------------
Pair    | 0          | 0          | 0          |   0.0 |  0.00
Neigh   | 0          | 0          | 0          |   0.0 |  0.00
Comm    | 0          | 0          | 0          |   0.0 |  0.00
Output  | 0          | 0          | 0          |   0.0 |  0.00
Modify  | 0          | 0          | 0          |   0.0 |  0.00
Other   |            | 1.02e-06   |            |       |100.00

Nlocal:              8 ave           8 max           8 min
Histogram: 1 0 0 0 0 0 0 0 0 0
Nghost:            217 ave         217 max         217 min
Histogram: 1 0 0 0 0 0 0 0 0 0
Neighs:              0 ave           0 max           0 min
Histogram: 1 0 0 0 0 0 0 0 0 0
FullNghs:          272 ave         272 max         272 min
Histogram: 1 0 0 0 0 0 0 0 0 0

Total # of neighbors = 272
Ave neighs/atom = 34
Neighbor list builds = 0
Dangerous builds = 0
next i
jump SELF loop_struct
clear
  using 1 OpenMP thread(s) per MPI task
log energies.log append
units metal
boundary p p p
atom_style atomic
read_data epoch60_${i}.in
read_data epoch60_60.in
Reading data file ...
  orthogonal box = (0 0 0) to (5.4437022 5.4437022 5.4437022)
  1 by 1 by 1 MPI processor grid
  reading atoms ...
  8 atoms
  reading velocities ...
  8 velocities
  read_data CPU = 0.000 seconds
mass 1 28.085
pair_style sw
pair_coeff * * Si.sw Si
Reading sw potential file Si.sw with DATE: 2007-06-11
run 0
WARNING: No fixes with time integration, atoms won't move (src/verlet.cpp:60)
Neighbor list info ...
  update: every = 1 steps, delay = 0 steps, check = yes
  max neighbors/atom: 2000, page size: 100000
  master list distance cutoff = 5.77118
  ghost atom cutoff = 5.77118
  binsize = 2.88559, bins = 2 2 2
  1 neighbor lists, perpetual/occasional/extra = 1 0 0
  (1) pair sw, perpetual
      attributes: full, newton on
      pair build: full/bin/atomonly
      stencil: full/bin/3d
      bin: standard
Per MPI rank memory allocation (min/avg/max) = 2.958 | 2.958 | 2.958 Mbytes
   Step          Temp          E_pair         E_mol          TotEng         Press     
         0   0             -34.499218      0             -34.499218     -5518.1321    
Loop time of 1.03e-06 on 1 procs for 0 steps with 8 atoms

194.2% CPU use with 1 MPI tasks x 1 OpenMP threads

MPI task timing breakdown:
Section |  min time  |  avg time  |  max time  |%varavg| %total
---------------------------------------------------------------
Pair    | 0          | 0          | 0          |   0.0 |  0.00
Neigh   | 0          | 0          | 0          |   0.0 |  0.00
Comm    | 0          | 0          | 0          |   0.0 |  0.00
Output  | 0          | 0          | 0          |   0.0 |  0.00
Modify  | 0          | 0          | 0          |   0.0 |  0.00
Other   |            | 1.03e-06   |            |       |100.00

Nlocal:              8 ave           8 max           8 min
Histogram: 1 0 0 0 0 0 0 0 0 0
Nghost:            244 ave         244 max         244 min
Histogram: 1 0 0 0 0 0 0 0 0 0
Neighs:              0 ave           0 max           0 min
Histogram: 1 0 0 0 0 0 0 0 0 0
FullNghs:          272 ave         272 max         272 min
Histogram: 1 0 0 0 0 0 0 0 0 0

Total # of neighbors = 272
Ave neighs/atom = 34
Neighbor list builds = 0
Dangerous builds = 0
next i
jump SELF loop_struct
clear
  using 1 OpenMP thread(s) per MPI task
log energies.log append
units metal
boundary p p p
atom_style atomic
read_data epoch60_${i}.in
read_data epoch60_61.in
Reading data file ...
  orthogonal box = (0 0 0) to (5.4437022 5.4437022 5.4437022)
  1 by 1 by 1 MPI processor grid
  reading atoms ...
  8 atoms
  reading velocities ...
  8 velocities
  read_data CPU = 0.000 seconds
mass 1 28.085
pair_style sw
pair_coeff * * Si.sw Si
Reading sw potential file Si.sw with DATE: 2007-06-11
run 0
WARNING: No fixes with time integration, atoms won't move (src/verlet.cpp:60)
Neighbor list info ...
  update: every = 1 steps, delay = 0 steps, check = yes
  max neighbors/atom: 2000, page size: 100000
  master list distance cutoff = 5.77118
  ghost atom cutoff = 5.77118
  binsize = 2.88559, bins = 2 2 2
  1 neighbor lists, perpetual/occasional/extra = 1 0 0
  (1) pair sw, perpetual
      attributes: full, newton on
      pair build: full/bin/atomonly
      stencil: full/bin/3d
      bin: standard
Per MPI rank memory allocation (min/avg/max) = 2.958 | 2.958 | 2.958 Mbytes
   Step          Temp          E_pair         E_mol          TotEng         Press     
         0   0             -34.317598      0             -34.317598     -6031.0307    
Loop time of 1.04e-06 on 1 procs for 0 steps with 8 atoms

0.0% CPU use with 1 MPI tasks x 1 OpenMP threads

MPI task timing breakdown:
Section |  min time  |  avg time  |  max time  |%varavg| %total
---------------------------------------------------------------
Pair    | 0          | 0          | 0          |   0.0 |  0.00
Neigh   | 0          | 0          | 0          |   0.0 |  0.00
Comm    | 0          | 0          | 0          |   0.0 |  0.00
Output  | 0          | 0          | 0          |   0.0 |  0.00
Modify  | 0          | 0          | 0          |   0.0 |  0.00
Other   |            | 1.04e-06   |            |       |100.00

Nlocal:              8 ave           8 max           8 min
Histogram: 1 0 0 0 0 0 0 0 0 0
Nghost:            226 ave         226 max         226 min
Histogram: 1 0 0 0 0 0 0 0 0 0
Neighs:              0 ave           0 max           0 min
Histogram: 1 0 0 0 0 0 0 0 0 0
FullNghs:          272 ave         272 max         272 min
Histogram: 1 0 0 0 0 0 0 0 0 0

Total # of neighbors = 272
Ave neighs/atom = 34
Neighbor list builds = 0
Dangerous builds = 0
next i
jump SELF loop_struct
clear
  using 1 OpenMP thread(s) per MPI task
log energies.log append
units metal
boundary p p p
atom_style atomic
read_data epoch60_${i}.in
read_data epoch60_62.in
Reading data file ...
  orthogonal box = (0 0 0) to (5.4437022 5.4437022 5.4437022)
  1 by 1 by 1 MPI processor grid
  reading atoms ...
  8 atoms
  reading velocities ...
  8 velocities
  read_data CPU = 0.000 seconds
mass 1 28.085
pair_style sw
pair_coeff * * Si.sw Si
Reading sw potential file Si.sw with DATE: 2007-06-11
run 0
WARNING: No fixes with time integration, atoms won't move (src/verlet.cpp:60)
Neighbor list info ...
  update: every = 1 steps, delay = 0 steps, check = yes
  max neighbors/atom: 2000, page size: 100000
  master list distance cutoff = 5.77118
  ghost atom cutoff = 5.77118
  binsize = 2.88559, bins = 2 2 2
  1 neighbor lists, perpetual/occasional/extra = 1 0 0
  (1) pair sw, perpetual
      attributes: full, newton on
      pair build: full/bin/atomonly
      stencil: full/bin/3d
      bin: standard
Per MPI rank memory allocation (min/avg/max) = 2.958 | 2.958 | 2.958 Mbytes
   Step          Temp          E_pair         E_mol          TotEng         Press     
         0   0             -34.386582      0             -34.386582     -6431.6839    
Loop time of 1.01e-06 on 1 procs for 0 steps with 8 atoms

99.0% CPU use with 1 MPI tasks x 1 OpenMP threads

MPI task timing breakdown:
Section |  min time  |  avg time  |  max time  |%varavg| %total
---------------------------------------------------------------
Pair    | 0          | 0          | 0          |   0.0 |  0.00
Neigh   | 0          | 0          | 0          |   0.0 |  0.00
Comm    | 0          | 0          | 0          |   0.0 |  0.00
Output  | 0          | 0          | 0          |   0.0 |  0.00
Modify  | 0          | 0          | 0          |   0.0 |  0.00
Other   |            | 1.01e-06   |            |       |100.00

Nlocal:              8 ave           8 max           8 min
Histogram: 1 0 0 0 0 0 0 0 0 0
Nghost:            226 ave         226 max         226 min
Histogram: 1 0 0 0 0 0 0 0 0 0
Neighs:              0 ave           0 max           0 min
Histogram: 1 0 0 0 0 0 0 0 0 0
FullNghs:          274 ave         274 max         274 min
Histogram: 1 0 0 0 0 0 0 0 0 0

Total # of neighbors = 274
Ave neighs/atom = 34.25
Neighbor list builds = 0
Dangerous builds = 0
next i
jump SELF loop_struct
clear
  using 1 OpenMP thread(s) per MPI task
log energies.log append
units metal
boundary p p p
atom_style atomic
read_data epoch60_${i}.in
read_data epoch60_63.in
Reading data file ...
  orthogonal box = (0 0 0) to (5.4437022 5.4437022 5.4437022)
  1 by 1 by 1 MPI processor grid
  reading atoms ...
  8 atoms
  reading velocities ...
  8 velocities
  read_data CPU = 0.000 seconds
mass 1 28.085
pair_style sw
pair_coeff * * Si.sw Si
Reading sw potential file Si.sw with DATE: 2007-06-11
run 0
WARNING: No fixes with time integration, atoms won't move (src/verlet.cpp:60)
Neighbor list info ...
  update: every = 1 steps, delay = 0 steps, check = yes
  max neighbors/atom: 2000, page size: 100000
  master list distance cutoff = 5.77118
  ghost atom cutoff = 5.77118
  binsize = 2.88559, bins = 2 2 2
  1 neighbor lists, perpetual/occasional/extra = 1 0 0
  (1) pair sw, perpetual
      attributes: full, newton on
      pair build: full/bin/atomonly
      stencil: full/bin/3d
      bin: standard
Per MPI rank memory allocation (min/avg/max) = 2.958 | 2.958 | 2.958 Mbytes
   Step          Temp          E_pair         E_mol          TotEng         Press     
         0   0             -34.456735      0             -34.456735     -6707.8396    
Loop time of 1.02e-06 on 1 procs for 0 steps with 8 atoms

98.0% CPU use with 1 MPI tasks x 1 OpenMP threads

MPI task timing breakdown:
Section |  min time  |  avg time  |  max time  |%varavg| %total
---------------------------------------------------------------
Pair    | 0          | 0          | 0          |   0.0 |  0.00
Neigh   | 0          | 0          | 0          |   0.0 |  0.00
Comm    | 0          | 0          | 0          |   0.0 |  0.00
Output  | 0          | 0          | 0          |   0.0 |  0.00
Modify  | 0          | 0          | 0          |   0.0 |  0.00
Other   |            | 1.02e-06   |            |       |100.00

Nlocal:              8 ave           8 max           8 min
Histogram: 1 0 0 0 0 0 0 0 0 0
Nghost:            244 ave         244 max         244 min
Histogram: 1 0 0 0 0 0 0 0 0 0
Neighs:              0 ave           0 max           0 min
Histogram: 1 0 0 0 0 0 0 0 0 0
FullNghs:          272 ave         272 max         272 min
Histogram: 1 0 0 0 0 0 0 0 0 0

Total # of neighbors = 272
Ave neighs/atom = 34
Neighbor list builds = 0
Dangerous builds = 0
next i
jump SELF loop_struct
clear
  using 1 OpenMP thread(s) per MPI task
log energies.log append
units metal
boundary p p p
atom_style atomic
read_data epoch60_${i}.in
read_data epoch60_64.in
Reading data file ...
  orthogonal box = (0 0 0) to (5.4437022 5.4437022 5.4437022)
  1 by 1 by 1 MPI processor grid
  reading atoms ...
  8 atoms
  reading velocities ...
  8 velocities
  read_data CPU = 0.000 seconds
mass 1 28.085
pair_style sw
pair_coeff * * Si.sw Si
Reading sw potential file Si.sw with DATE: 2007-06-11
run 0
WARNING: No fixes with time integration, atoms won't move (src/verlet.cpp:60)
Neighbor list info ...
  update: every = 1 steps, delay = 0 steps, check = yes
  max neighbors/atom: 2000, page size: 100000
  master list distance cutoff = 5.77118
  ghost atom cutoff = 5.77118
  binsize = 2.88559, bins = 2 2 2
  1 neighbor lists, perpetual/occasional/extra = 1 0 0
  (1) pair sw, perpetual
      attributes: full, newton on
      pair build: full/bin/atomonly
      stencil: full/bin/3d
      bin: standard
Per MPI rank memory allocation (min/avg/max) = 2.958 | 2.958 | 2.958 Mbytes
   Step          Temp          E_pair         E_mol          TotEng         Press     
         0   0             -34.436335      0             -34.436335     -6377.4898    
Loop time of 1.01e-06 on 1 procs for 0 steps with 8 atoms

0.0% CPU use with 1 MPI tasks x 1 OpenMP threads

MPI task timing breakdown:
Section |  min time  |  avg time  |  max time  |%varavg| %total
---------------------------------------------------------------
Pair    | 0          | 0          | 0          |   0.0 |  0.00
Neigh   | 0          | 0          | 0          |   0.0 |  0.00
Comm    | 0          | 0          | 0          |   0.0 |  0.00
Output  | 0          | 0          | 0          |   0.0 |  0.00
Modify  | 0          | 0          | 0          |   0.0 |  0.00
Other   |            | 1.01e-06   |            |       |100.00

Nlocal:              8 ave           8 max           8 min
Histogram: 1 0 0 0 0 0 0 0 0 0
Nghost:            235 ave         235 max         235 min
Histogram: 1 0 0 0 0 0 0 0 0 0
Neighs:              0 ave           0 max           0 min
Histogram: 1 0 0 0 0 0 0 0 0 0
FullNghs:          272 ave         272 max         272 min
Histogram: 1 0 0 0 0 0 0 0 0 0

Total # of neighbors = 272
Ave neighs/atom = 34
Neighbor list builds = 0
Dangerous builds = 0
next i
jump SELF loop_struct
clear
  using 1 OpenMP thread(s) per MPI task
log energies.log append
units metal
boundary p p p
atom_style atomic
read_data epoch60_${i}.in
read_data epoch60_65.in
Reading data file ...
  orthogonal box = (0 0 0) to (5.4437022 5.4437022 5.4437022)
  1 by 1 by 1 MPI processor grid
  reading atoms ...
  8 atoms
  reading velocities ...
  8 velocities
  read_data CPU = 0.000 seconds
mass 1 28.085
pair_style sw
pair_coeff * * Si.sw Si
Reading sw potential file Si.sw with DATE: 2007-06-11
run 0
WARNING: No fixes with time integration, atoms won't move (src/verlet.cpp:60)
Neighbor list info ...
  update: every = 1 steps, delay = 0 steps, check = yes
  max neighbors/atom: 2000, page size: 100000
  master list distance cutoff = 5.77118
  ghost atom cutoff = 5.77118
  binsize = 2.88559, bins = 2 2 2
  1 neighbor lists, perpetual/occasional/extra = 1 0 0
  (1) pair sw, perpetual
      attributes: full, newton on
      pair build: full/bin/atomonly
      stencil: full/bin/3d
      bin: standard
Per MPI rank memory allocation (min/avg/max) = 2.958 | 2.958 | 2.958 Mbytes
   Step          Temp          E_pair         E_mol          TotEng         Press     
         0   0             -34.397521      0             -34.397521     -4991.2138    
Loop time of 1.01e-06 on 1 procs for 0 steps with 8 atoms

0.0% CPU use with 1 MPI tasks x 1 OpenMP threads

MPI task timing breakdown:
Section |  min time  |  avg time  |  max time  |%varavg| %total
---------------------------------------------------------------
Pair    | 0          | 0          | 0          |   0.0 |  0.00
Neigh   | 0          | 0          | 0          |   0.0 |  0.00
Comm    | 0          | 0          | 0          |   0.0 |  0.00
Output  | 0          | 0          | 0          |   0.0 |  0.00
Modify  | 0          | 0          | 0          |   0.0 |  0.00
Other   |            | 1.01e-06   |            |       |100.00

Nlocal:              8 ave           8 max           8 min
Histogram: 1 0 0 0 0 0 0 0 0 0
Nghost:            208 ave         208 max         208 min
Histogram: 1 0 0 0 0 0 0 0 0 0
Neighs:              0 ave           0 max           0 min
Histogram: 1 0 0 0 0 0 0 0 0 0
FullNghs:          272 ave         272 max         272 min
Histogram: 1 0 0 0 0 0 0 0 0 0

Total # of neighbors = 272
Ave neighs/atom = 34
Neighbor list builds = 0
Dangerous builds = 0
next i
jump SELF loop_struct
clear
  using 1 OpenMP thread(s) per MPI task
log energies.log append
units metal
boundary p p p
atom_style atomic
read_data epoch60_${i}.in
read_data epoch60_66.in
Reading data file ...
  orthogonal box = (0 0 0) to (5.4437022 5.4437022 5.4437022)
  1 by 1 by 1 MPI processor grid
  reading atoms ...
  8 atoms
  reading velocities ...
  8 velocities
  read_data CPU = 0.000 seconds
mass 1 28.085
pair_style sw
pair_coeff * * Si.sw Si
Reading sw potential file Si.sw with DATE: 2007-06-11
run 0
WARNING: No fixes with time integration, atoms won't move (src/verlet.cpp:60)
Neighbor list info ...
  update: every = 1 steps, delay = 0 steps, check = yes
  max neighbors/atom: 2000, page size: 100000
  master list distance cutoff = 5.77118
  ghost atom cutoff = 5.77118
  binsize = 2.88559, bins = 2 2 2
  1 neighbor lists, perpetual/occasional/extra = 1 0 0
  (1) pair sw, perpetual
      attributes: full, newton on
      pair build: full/bin/atomonly
      stencil: full/bin/3d
      bin: standard
Per MPI rank memory allocation (min/avg/max) = 2.958 | 2.958 | 2.958 Mbytes
   Step          Temp          E_pair         E_mol          TotEng         Press     
         0   0             -34.472664      0             -34.472664     -7298.9425    
Loop time of 1.03e-06 on 1 procs for 0 steps with 8 atoms

0.0% CPU use with 1 MPI tasks x 1 OpenMP threads

MPI task timing breakdown:
Section |  min time  |  avg time  |  max time  |%varavg| %total
---------------------------------------------------------------
Pair    | 0          | 0          | 0          |   0.0 |  0.00
Neigh   | 0          | 0          | 0          |   0.0 |  0.00
Comm    | 0          | 0          | 0          |   0.0 |  0.00
Output  | 0          | 0          | 0          |   0.0 |  0.00
Modify  | 0          | 0          | 0          |   0.0 |  0.00
Other   |            | 1.03e-06   |            |       |100.00

Nlocal:              8 ave           8 max           8 min
Histogram: 1 0 0 0 0 0 0 0 0 0
Nghost:            244 ave         244 max         244 min
Histogram: 1 0 0 0 0 0 0 0 0 0
Neighs:              0 ave           0 max           0 min
Histogram: 1 0 0 0 0 0 0 0 0 0
FullNghs:          272 ave         272 max         272 min
Histogram: 1 0 0 0 0 0 0 0 0 0

Total # of neighbors = 272
Ave neighs/atom = 34
Neighbor list builds = 0
Dangerous builds = 0
next i
jump SELF loop_struct
clear
  using 1 OpenMP thread(s) per MPI task
log energies.log append
units metal
boundary p p p
atom_style atomic
read_data epoch60_${i}.in
read_data epoch60_67.in
Reading data file ...
  orthogonal box = (0 0 0) to (5.4437022 5.4437022 5.4437022)
  1 by 1 by 1 MPI processor grid
  reading atoms ...
  8 atoms
  reading velocities ...
  8 velocities
  read_data CPU = 0.000 seconds
mass 1 28.085
pair_style sw
pair_coeff * * Si.sw Si
Reading sw potential file Si.sw with DATE: 2007-06-11
run 0
WARNING: No fixes with time integration, atoms won't move (src/verlet.cpp:60)
Neighbor list info ...
  update: every = 1 steps, delay = 0 steps, check = yes
  max neighbors/atom: 2000, page size: 100000
  master list distance cutoff = 5.77118
  ghost atom cutoff = 5.77118
  binsize = 2.88559, bins = 2 2 2
  1 neighbor lists, perpetual/occasional/extra = 1 0 0
  (1) pair sw, perpetual
      attributes: full, newton on
      pair build: full/bin/atomonly
      stencil: full/bin/3d
      bin: standard
Per MPI rank memory allocation (min/avg/max) = 2.958 | 2.958 | 2.958 Mbytes
   Step          Temp          E_pair         E_mol          TotEng         Press     
         0   0             -34.352963      0             -34.352963     -6740.9716    
Loop time of 1.01e-06 on 1 procs for 0 steps with 8 atoms

99.0% CPU use with 1 MPI tasks x 1 OpenMP threads

MPI task timing breakdown:
Section |  min time  |  avg time  |  max time  |%varavg| %total
---------------------------------------------------------------
Pair    | 0          | 0          | 0          |   0.0 |  0.00
Neigh   | 0          | 0          | 0          |   0.0 |  0.00
Comm    | 0          | 0          | 0          |   0.0 |  0.00
Output  | 0          | 0          | 0          |   0.0 |  0.00
Modify  | 0          | 0          | 0          |   0.0 |  0.00
Other   |            | 1.01e-06   |            |       |100.00

Nlocal:              8 ave           8 max           8 min
Histogram: 1 0 0 0 0 0 0 0 0 0
Nghost:            247 ave         247 max         247 min
Histogram: 1 0 0 0 0 0 0 0 0 0
Neighs:              0 ave           0 max           0 min
Histogram: 1 0 0 0 0 0 0 0 0 0
FullNghs:          272 ave         272 max         272 min
Histogram: 1 0 0 0 0 0 0 0 0 0

Total # of neighbors = 272
Ave neighs/atom = 34
Neighbor list builds = 0
Dangerous builds = 0
next i
jump SELF loop_struct
clear
  using 1 OpenMP thread(s) per MPI task
log energies.log append
units metal
boundary p p p
atom_style atomic
read_data epoch60_${i}.in
read_data epoch60_68.in
Reading data file ...
  orthogonal box = (0 0 0) to (5.4437022 5.4437022 5.4437022)
  1 by 1 by 1 MPI processor grid
  reading atoms ...
  8 atoms
  reading velocities ...
  8 velocities
  read_data CPU = 0.000 seconds
mass 1 28.085
pair_style sw
pair_coeff * * Si.sw Si
Reading sw potential file Si.sw with DATE: 2007-06-11
run 0
WARNING: No fixes with time integration, atoms won't move (src/verlet.cpp:60)
Neighbor list info ...
  update: every = 1 steps, delay = 0 steps, check = yes
  max neighbors/atom: 2000, page size: 100000
  master list distance cutoff = 5.77118
  ghost atom cutoff = 5.77118
  binsize = 2.88559, bins = 2 2 2
  1 neighbor lists, perpetual/occasional/extra = 1 0 0
  (1) pair sw, perpetual
      attributes: full, newton on
      pair build: full/bin/atomonly
      stencil: full/bin/3d
      bin: standard
Per MPI rank memory allocation (min/avg/max) = 2.958 | 2.958 | 2.958 Mbytes
   Step          Temp          E_pair         E_mol          TotEng         Press     
         0   0             -34.491723      0             -34.491723     -6304.9065    
Loop time of 1.02e-06 on 1 procs for 0 steps with 8 atoms

98.0% CPU use with 1 MPI tasks x 1 OpenMP threads

MPI task timing breakdown:
Section |  min time  |  avg time  |  max time  |%varavg| %total
---------------------------------------------------------------
Pair    | 0          | 0          | 0          |   0.0 |  0.00
Neigh   | 0          | 0          | 0          |   0.0 |  0.00
Comm    | 0          | 0          | 0          |   0.0 |  0.00
Output  | 0          | 0          | 0          |   0.0 |  0.00
Modify  | 0          | 0          | 0          |   0.0 |  0.00
Other   |            | 1.02e-06   |            |       |100.00

Nlocal:              8 ave           8 max           8 min
Histogram: 1 0 0 0 0 0 0 0 0 0
Nghost:            253 ave         253 max         253 min
Histogram: 1 0 0 0 0 0 0 0 0 0
Neighs:              0 ave           0 max           0 min
Histogram: 1 0 0 0 0 0 0 0 0 0
FullNghs:          272 ave         272 max         272 min
Histogram: 1 0 0 0 0 0 0 0 0 0

Total # of neighbors = 272
Ave neighs/atom = 34
Neighbor list builds = 0
Dangerous builds = 0
next i
jump SELF loop_struct
clear
  using 1 OpenMP thread(s) per MPI task
log energies.log append
units metal
boundary p p p
atom_style atomic
read_data epoch60_${i}.in
read_data epoch60_69.in
Reading data file ...
  orthogonal box = (0 0 0) to (5.4437022 5.4437022 5.4437022)
  1 by 1 by 1 MPI processor grid
  reading atoms ...
  8 atoms
  reading velocities ...
  8 velocities
  read_data CPU = 0.000 seconds
mass 1 28.085
pair_style sw
pair_coeff * * Si.sw Si
Reading sw potential file Si.sw with DATE: 2007-06-11
run 0
WARNING: No fixes with time integration, atoms won't move (src/verlet.cpp:60)
Neighbor list info ...
  update: every = 1 steps, delay = 0 steps, check = yes
  max neighbors/atom: 2000, page size: 100000
  master list distance cutoff = 5.77118
  ghost atom cutoff = 5.77118
  binsize = 2.88559, bins = 2 2 2
  1 neighbor lists, perpetual/occasional/extra = 1 0 0
  (1) pair sw, perpetual
      attributes: full, newton on
      pair build: full/bin/atomonly
      stencil: full/bin/3d
      bin: standard
Per MPI rank memory allocation (min/avg/max) = 2.958 | 2.958 | 2.958 Mbytes
   Step          Temp          E_pair         E_mol          TotEng         Press     
         0   0             -34.199049      0             -34.199049     -6344.1663    
Loop time of 1.01e-06 on 1 procs for 0 steps with 8 atoms

198.0% CPU use with 1 MPI tasks x 1 OpenMP threads

MPI task timing breakdown:
Section |  min time  |  avg time  |  max time  |%varavg| %total
---------------------------------------------------------------
Pair    | 0          | 0          | 0          |   0.0 |  0.00
Neigh   | 0          | 0          | 0          |   0.0 |  0.00
Comm    | 0          | 0          | 0          |   0.0 |  0.00
Output  | 0          | 0          | 0          |   0.0 |  0.00
Modify  | 0          | 0          | 0          |   0.0 |  0.00
Other   |            | 1.01e-06   |            |       |100.00

Nlocal:              8 ave           8 max           8 min
Histogram: 1 0 0 0 0 0 0 0 0 0
Nghost:            247 ave         247 max         247 min
Histogram: 1 0 0 0 0 0 0 0 0 0
Neighs:              0 ave           0 max           0 min
Histogram: 1 0 0 0 0 0 0 0 0 0
FullNghs:          274 ave         274 max         274 min
Histogram: 1 0 0 0 0 0 0 0 0 0

Total # of neighbors = 274
Ave neighs/atom = 34.25
Neighbor list builds = 0
Dangerous builds = 0
next i
jump SELF loop_struct
clear
  using 1 OpenMP thread(s) per MPI task
log energies.log append
units metal
boundary p p p
atom_style atomic
read_data epoch60_${i}.in
read_data epoch60_70.in
Reading data file ...
  orthogonal box = (0 0 0) to (5.4437022 5.4437022 5.4437022)
  1 by 1 by 1 MPI processor grid
  reading atoms ...
  8 atoms
  reading velocities ...
  8 velocities
  read_data CPU = 0.000 seconds
mass 1 28.085
pair_style sw
pair_coeff * * Si.sw Si
Reading sw potential file Si.sw with DATE: 2007-06-11
run 0
WARNING: No fixes with time integration, atoms won't move (src/verlet.cpp:60)
Neighbor list info ...
  update: every = 1 steps, delay = 0 steps, check = yes
  max neighbors/atom: 2000, page size: 100000
  master list distance cutoff = 5.77118
  ghost atom cutoff = 5.77118
  binsize = 2.88559, bins = 2 2 2
  1 neighbor lists, perpetual/occasional/extra = 1 0 0
  (1) pair sw, perpetual
      attributes: full, newton on
      pair build: full/bin/atomonly
      stencil: full/bin/3d
      bin: standard
Per MPI rank memory allocation (min/avg/max) = 2.958 | 2.958 | 2.958 Mbytes
   Step          Temp          E_pair         E_mol          TotEng         Press     
         0   0             -34.530384      0             -34.530384     -6320.6503    
Loop time of 1.14e-06 on 1 procs for 0 steps with 8 atoms

0.0% CPU use with 1 MPI tasks x 1 OpenMP threads

MPI task timing breakdown:
Section |  min time  |  avg time  |  max time  |%varavg| %total
---------------------------------------------------------------
Pair    | 0          | 0          | 0          |   0.0 |  0.00
Neigh   | 0          | 0          | 0          |   0.0 |  0.00
Comm    | 0          | 0          | 0          |   0.0 |  0.00
Output  | 0          | 0          | 0          |   0.0 |  0.00
Modify  | 0          | 0          | 0          |   0.0 |  0.00
Other   |            | 1.14e-06   |            |       |100.00

Nlocal:              8 ave           8 max           8 min
Histogram: 1 0 0 0 0 0 0 0 0 0
Nghost:            259 ave         259 max         259 min
Histogram: 1 0 0 0 0 0 0 0 0 0
Neighs:              0 ave           0 max           0 min
Histogram: 1 0 0 0 0 0 0 0 0 0
FullNghs:          272 ave         272 max         272 min
Histogram: 1 0 0 0 0 0 0 0 0 0

Total # of neighbors = 272
Ave neighs/atom = 34
Neighbor list builds = 0
Dangerous builds = 0
next i
jump SELF loop_struct
clear
  using 1 OpenMP thread(s) per MPI task
log energies.log append
units metal
boundary p p p
atom_style atomic
read_data epoch60_${i}.in
read_data epoch60_71.in
Reading data file ...
  orthogonal box = (0 0 0) to (5.4437022 5.4437022 5.4437022)
  1 by 1 by 1 MPI processor grid
  reading atoms ...
  8 atoms
  reading velocities ...
  8 velocities
  read_data CPU = 0.000 seconds
mass 1 28.085
pair_style sw
pair_coeff * * Si.sw Si
Reading sw potential file Si.sw with DATE: 2007-06-11
run 0
WARNING: No fixes with time integration, atoms won't move (src/verlet.cpp:60)
Neighbor list info ...
  update: every = 1 steps, delay = 0 steps, check = yes
  max neighbors/atom: 2000, page size: 100000
  master list distance cutoff = 5.77118
  ghost atom cutoff = 5.77118
  binsize = 2.88559, bins = 2 2 2
  1 neighbor lists, perpetual/occasional/extra = 1 0 0
  (1) pair sw, perpetual
      attributes: full, newton on
      pair build: full/bin/atomonly
      stencil: full/bin/3d
      bin: standard
Per MPI rank memory allocation (min/avg/max) = 2.958 | 2.958 | 2.958 Mbytes
   Step          Temp          E_pair         E_mol          TotEng         Press     
         0   0             -34.167591      0             -34.167591     -3581.1465    
Loop time of 1.02e-06 on 1 procs for 0 steps with 8 atoms

0.0% CPU use with 1 MPI tasks x 1 OpenMP threads

MPI task timing breakdown:
Section |  min time  |  avg time  |  max time  |%varavg| %total
---------------------------------------------------------------
Pair    | 0          | 0          | 0          |   0.0 |  0.00
Neigh   | 0          | 0          | 0          |   0.0 |  0.00
Comm    | 0          | 0          | 0          |   0.0 |  0.00
Output  | 0          | 0          | 0          |   0.0 |  0.00
Modify  | 0          | 0          | 0          |   0.0 |  0.00
Other   |            | 1.02e-06   |            |       |100.00

Nlocal:              8 ave           8 max           8 min
Histogram: 1 0 0 0 0 0 0 0 0 0
Nghost:            217 ave         217 max         217 min
Histogram: 1 0 0 0 0 0 0 0 0 0
Neighs:              0 ave           0 max           0 min
Histogram: 1 0 0 0 0 0 0 0 0 0
FullNghs:          276 ave         276 max         276 min
Histogram: 1 0 0 0 0 0 0 0 0 0

Total # of neighbors = 276
Ave neighs/atom = 34.5
Neighbor list builds = 0
Dangerous builds = 0
next i
jump SELF loop_struct
clear
  using 1 OpenMP thread(s) per MPI task
log energies.log append
units metal
boundary p p p
atom_style atomic
read_data epoch60_${i}.in
read_data epoch60_72.in
Reading data file ...
  orthogonal box = (0 0 0) to (5.4437022 5.4437022 5.4437022)
  1 by 1 by 1 MPI processor grid
  reading atoms ...
  8 atoms
  reading velocities ...
  8 velocities
  read_data CPU = 0.001 seconds
mass 1 28.085
pair_style sw
pair_coeff * * Si.sw Si
Reading sw potential file Si.sw with DATE: 2007-06-11
run 0
WARNING: No fixes with time integration, atoms won't move (src/verlet.cpp:60)
Neighbor list info ...
  update: every = 1 steps, delay = 0 steps, check = yes
  max neighbors/atom: 2000, page size: 100000
  master list distance cutoff = 5.77118
  ghost atom cutoff = 5.77118
  binsize = 2.88559, bins = 2 2 2
  1 neighbor lists, perpetual/occasional/extra = 1 0 0
  (1) pair sw, perpetual
      attributes: full, newton on
      pair build: full/bin/atomonly
      stencil: full/bin/3d
      bin: standard
Per MPI rank memory allocation (min/avg/max) = 2.958 | 2.958 | 2.958 Mbytes
   Step          Temp          E_pair         E_mol          TotEng         Press     
         0   0             -34.541776      0             -34.541776     -6292.1103    
Loop time of 1.01e-06 on 1 procs for 0 steps with 8 atoms

0.0% CPU use with 1 MPI tasks x 1 OpenMP threads

MPI task timing breakdown:
Section |  min time  |  avg time  |  max time  |%varavg| %total
---------------------------------------------------------------
Pair    | 0          | 0          | 0          |   0.0 |  0.00
Neigh   | 0          | 0          | 0          |   0.0 |  0.00
Comm    | 0          | 0          | 0          |   0.0 |  0.00
Output  | 0          | 0          | 0          |   0.0 |  0.00
Modify  | 0          | 0          | 0          |   0.0 |  0.00
Other   |            | 1.01e-06   |            |       |100.00

Nlocal:              8 ave           8 max           8 min
Histogram: 1 0 0 0 0 0 0 0 0 0
Nghost:            208 ave         208 max         208 min
Histogram: 1 0 0 0 0 0 0 0 0 0
Neighs:              0 ave           0 max           0 min
Histogram: 1 0 0 0 0 0 0 0 0 0
FullNghs:          272 ave         272 max         272 min
Histogram: 1 0 0 0 0 0 0 0 0 0

Total # of neighbors = 272
Ave neighs/atom = 34
Neighbor list builds = 0
Dangerous builds = 0
next i
jump SELF loop_struct
clear
  using 1 OpenMP thread(s) per MPI task
log energies.log append
units metal
boundary p p p
atom_style atomic
read_data epoch60_${i}.in
read_data epoch60_73.in
Reading data file ...
  orthogonal box = (0 0 0) to (5.4437022 5.4437022 5.4437022)
  1 by 1 by 1 MPI processor grid
  reading atoms ...
  8 atoms
  reading velocities ...
  8 velocities
  read_data CPU = 0.000 seconds
mass 1 28.085
pair_style sw
pair_coeff * * Si.sw Si
Reading sw potential file Si.sw with DATE: 2007-06-11
run 0
WARNING: No fixes with time integration, atoms won't move (src/verlet.cpp:60)
Neighbor list info ...
  update: every = 1 steps, delay = 0 steps, check = yes
  max neighbors/atom: 2000, page size: 100000
  master list distance cutoff = 5.77118
  ghost atom cutoff = 5.77118
  binsize = 2.88559, bins = 2 2 2
  1 neighbor lists, perpetual/occasional/extra = 1 0 0
  (1) pair sw, perpetual
      attributes: full, newton on
      pair build: full/bin/atomonly
      stencil: full/bin/3d
      bin: standard
Per MPI rank memory allocation (min/avg/max) = 2.958 | 2.958 | 2.958 Mbytes
   Step          Temp          E_pair         E_mol          TotEng         Press     
         0   0             -34.393544      0             -34.393544     -6539.4152    
Loop time of 1.21e-06 on 1 procs for 0 steps with 8 atoms

0.0% CPU use with 1 MPI tasks x 1 OpenMP threads

MPI task timing breakdown:
Section |  min time  |  avg time  |  max time  |%varavg| %total
---------------------------------------------------------------
Pair    | 0          | 0          | 0          |   0.0 |  0.00
Neigh   | 0          | 0          | 0          |   0.0 |  0.00
Comm    | 0          | 0          | 0          |   0.0 |  0.00
Output  | 0          | 0          | 0          |   0.0 |  0.00
Modify  | 0          | 0          | 0          |   0.0 |  0.00
Other   |            | 1.21e-06   |            |       |100.00

Nlocal:              8 ave           8 max           8 min
Histogram: 1 0 0 0 0 0 0 0 0 0
Nghost:            244 ave         244 max         244 min
Histogram: 1 0 0 0 0 0 0 0 0 0
Neighs:              0 ave           0 max           0 min
Histogram: 1 0 0 0 0 0 0 0 0 0
FullNghs:          274 ave         274 max         274 min
Histogram: 1 0 0 0 0 0 0 0 0 0

Total # of neighbors = 274
Ave neighs/atom = 34.25
Neighbor list builds = 0
Dangerous builds = 0
next i
jump SELF loop_struct
clear
  using 1 OpenMP thread(s) per MPI task
log energies.log append
units metal
boundary p p p
atom_style atomic
read_data epoch60_${i}.in
read_data epoch60_74.in
Reading data file ...
  orthogonal box = (0 0 0) to (5.4437022 5.4437022 5.4437022)
  1 by 1 by 1 MPI processor grid
  reading atoms ...
  8 atoms
  reading velocities ...
  8 velocities
  read_data CPU = 0.000 seconds
mass 1 28.085
pair_style sw
pair_coeff * * Si.sw Si
Reading sw potential file Si.sw with DATE: 2007-06-11
run 0
WARNING: No fixes with time integration, atoms won't move (src/verlet.cpp:60)
Neighbor list info ...
  update: every = 1 steps, delay = 0 steps, check = yes
  max neighbors/atom: 2000, page size: 100000
  master list distance cutoff = 5.77118
  ghost atom cutoff = 5.77118
  binsize = 2.88559, bins = 2 2 2
  1 neighbor lists, perpetual/occasional/extra = 1 0 0
  (1) pair sw, perpetual
      attributes: full, newton on
      pair build: full/bin/atomonly
      stencil: full/bin/3d
      bin: standard
Per MPI rank memory allocation (min/avg/max) = 2.958 | 2.958 | 2.958 Mbytes
   Step          Temp          E_pair         E_mol          TotEng         Press     
         0   0             -34.505632      0             -34.505632     -5737.5136    
Loop time of 1e-06 on 1 procs for 0 steps with 8 atoms

0.0% CPU use with 1 MPI tasks x 1 OpenMP threads

MPI task timing breakdown:
Section |  min time  |  avg time  |  max time  |%varavg| %total
---------------------------------------------------------------
Pair    | 0          | 0          | 0          |   0.0 |  0.00
Neigh   | 0          | 0          | 0          |   0.0 |  0.00
Comm    | 0          | 0          | 0          |   0.0 |  0.00
Output  | 0          | 0          | 0          |   0.0 |  0.00
Modify  | 0          | 0          | 0          |   0.0 |  0.00
Other   |            | 1e-06      |            |       |100.00

Nlocal:              8 ave           8 max           8 min
Histogram: 1 0 0 0 0 0 0 0 0 0
Nghost:            244 ave         244 max         244 min
Histogram: 1 0 0 0 0 0 0 0 0 0
Neighs:              0 ave           0 max           0 min
Histogram: 1 0 0 0 0 0 0 0 0 0
FullNghs:          272 ave         272 max         272 min
Histogram: 1 0 0 0 0 0 0 0 0 0

Total # of neighbors = 272
Ave neighs/atom = 34
Neighbor list builds = 0
Dangerous builds = 0
next i
jump SELF loop_struct
clear
  using 1 OpenMP thread(s) per MPI task
log energies.log append
units metal
boundary p p p
atom_style atomic
read_data epoch60_${i}.in
read_data epoch60_75.in
Reading data file ...
  orthogonal box = (0 0 0) to (5.4437022 5.4437022 5.4437022)
  1 by 1 by 1 MPI processor grid
  reading atoms ...
  8 atoms
  reading velocities ...
  8 velocities
  read_data CPU = 0.000 seconds
mass 1 28.085
pair_style sw
pair_coeff * * Si.sw Si
Reading sw potential file Si.sw with DATE: 2007-06-11
run 0
WARNING: No fixes with time integration, atoms won't move (src/verlet.cpp:60)
Neighbor list info ...
  update: every = 1 steps, delay = 0 steps, check = yes
  max neighbors/atom: 2000, page size: 100000
  master list distance cutoff = 5.77118
  ghost atom cutoff = 5.77118
  binsize = 2.88559, bins = 2 2 2
  1 neighbor lists, perpetual/occasional/extra = 1 0 0
  (1) pair sw, perpetual
      attributes: full, newton on
      pair build: full/bin/atomonly
      stencil: full/bin/3d
      bin: standard
Per MPI rank memory allocation (min/avg/max) = 2.958 | 2.958 | 2.958 Mbytes
   Step          Temp          E_pair         E_mol          TotEng         Press     
         0   0             -34.511979      0             -34.511979     -5796.7987    
Loop time of 1.02e-06 on 1 procs for 0 steps with 8 atoms

0.0% CPU use with 1 MPI tasks x 1 OpenMP threads

MPI task timing breakdown:
Section |  min time  |  avg time  |  max time  |%varavg| %total
---------------------------------------------------------------
Pair    | 0          | 0          | 0          |   0.0 |  0.00
Neigh   | 0          | 0          | 0          |   0.0 |  0.00
Comm    | 0          | 0          | 0          |   0.0 |  0.00
Output  | 0          | 0          | 0          |   0.0 |  0.00
Modify  | 0          | 0          | 0          |   0.0 |  0.00
Other   |            | 1.02e-06   |            |       |100.00

Nlocal:              8 ave           8 max           8 min
Histogram: 1 0 0 0 0 0 0 0 0 0
Nghost:            247 ave         247 max         247 min
Histogram: 1 0 0 0 0 0 0 0 0 0
Neighs:              0 ave           0 max           0 min
Histogram: 1 0 0 0 0 0 0 0 0 0
FullNghs:          272 ave         272 max         272 min
Histogram: 1 0 0 0 0 0 0 0 0 0

Total # of neighbors = 272
Ave neighs/atom = 34
Neighbor list builds = 0
Dangerous builds = 0
next i
jump SELF loop_struct
clear
  using 1 OpenMP thread(s) per MPI task
log energies.log append
units metal
boundary p p p
atom_style atomic
read_data epoch60_${i}.in
read_data epoch60_76.in
Reading data file ...
  orthogonal box = (0 0 0) to (5.4437022 5.4437022 5.4437022)
  1 by 1 by 1 MPI processor grid
  reading atoms ...
  8 atoms
  reading velocities ...
  8 velocities
  read_data CPU = 0.000 seconds
mass 1 28.085
pair_style sw
pair_coeff * * Si.sw Si
Reading sw potential file Si.sw with DATE: 2007-06-11
run 0
WARNING: No fixes with time integration, atoms won't move (src/verlet.cpp:60)
Neighbor list info ...
  update: every = 1 steps, delay = 0 steps, check = yes
  max neighbors/atom: 2000, page size: 100000
  master list distance cutoff = 5.77118
  ghost atom cutoff = 5.77118
  binsize = 2.88559, bins = 2 2 2
  1 neighbor lists, perpetual/occasional/extra = 1 0 0
  (1) pair sw, perpetual
      attributes: full, newton on
      pair build: full/bin/atomonly
      stencil: full/bin/3d
      bin: standard
Per MPI rank memory allocation (min/avg/max) = 2.958 | 2.958 | 2.958 Mbytes
   Step          Temp          E_pair         E_mol          TotEng         Press     
         0   0             -34.542158      0             -34.542158     -6577.18      
Loop time of 1e-06 on 1 procs for 0 steps with 8 atoms

100.0% CPU use with 1 MPI tasks x 1 OpenMP threads

MPI task timing breakdown:
Section |  min time  |  avg time  |  max time  |%varavg| %total
---------------------------------------------------------------
Pair    | 0          | 0          | 0          |   0.0 |  0.00
Neigh   | 0          | 0          | 0          |   0.0 |  0.00
Comm    | 0          | 0          | 0          |   0.0 |  0.00
Output  | 0          | 0          | 0          |   0.0 |  0.00
Modify  | 0          | 0          | 0          |   0.0 |  0.00
Other   |            | 1e-06      |            |       |100.00

Nlocal:              8 ave           8 max           8 min
Histogram: 1 0 0 0 0 0 0 0 0 0
Nghost:            265 ave         265 max         265 min
Histogram: 1 0 0 0 0 0 0 0 0 0
Neighs:              0 ave           0 max           0 min
Histogram: 1 0 0 0 0 0 0 0 0 0
FullNghs:          272 ave         272 max         272 min
Histogram: 1 0 0 0 0 0 0 0 0 0

Total # of neighbors = 272
Ave neighs/atom = 34
Neighbor list builds = 0
Dangerous builds = 0
next i
jump SELF loop_struct
clear
  using 1 OpenMP thread(s) per MPI task
log energies.log append
units metal
boundary p p p
atom_style atomic
read_data epoch60_${i}.in
read_data epoch60_77.in
Reading data file ...
  orthogonal box = (0 0 0) to (5.4437022 5.4437022 5.4437022)
  1 by 1 by 1 MPI processor grid
  reading atoms ...
  8 atoms
  reading velocities ...
  8 velocities
  read_data CPU = 0.000 seconds
mass 1 28.085
pair_style sw
pair_coeff * * Si.sw Si
Reading sw potential file Si.sw with DATE: 2007-06-11
run 0
WARNING: No fixes with time integration, atoms won't move (src/verlet.cpp:60)
Neighbor list info ...
  update: every = 1 steps, delay = 0 steps, check = yes
  max neighbors/atom: 2000, page size: 100000
  master list distance cutoff = 5.77118
  ghost atom cutoff = 5.77118
  binsize = 2.88559, bins = 2 2 2
  1 neighbor lists, perpetual/occasional/extra = 1 0 0
  (1) pair sw, perpetual
      attributes: full, newton on
      pair build: full/bin/atomonly
      stencil: full/bin/3d
      bin: standard
Per MPI rank memory allocation (min/avg/max) = 2.958 | 2.958 | 2.958 Mbytes
   Step          Temp          E_pair         E_mol          TotEng         Press     
         0   0             -34.459097      0             -34.459097     -6355.4084    
Loop time of 1.01e-06 on 1 procs for 0 steps with 8 atoms

0.0% CPU use with 1 MPI tasks x 1 OpenMP threads

MPI task timing breakdown:
Section |  min time  |  avg time  |  max time  |%varavg| %total
---------------------------------------------------------------
Pair    | 0          | 0          | 0          |   0.0 |  0.00
Neigh   | 0          | 0          | 0          |   0.0 |  0.00
Comm    | 0          | 0          | 0          |   0.0 |  0.00
Output  | 0          | 0          | 0          |   0.0 |  0.00
Modify  | 0          | 0          | 0          |   0.0 |  0.00
Other   |            | 1.01e-06   |            |       |100.00

Nlocal:              8 ave           8 max           8 min
Histogram: 1 0 0 0 0 0 0 0 0 0
Nghost:            235 ave         235 max         235 min
Histogram: 1 0 0 0 0 0 0 0 0 0
Neighs:              0 ave           0 max           0 min
Histogram: 1 0 0 0 0 0 0 0 0 0
FullNghs:          272 ave         272 max         272 min
Histogram: 1 0 0 0 0 0 0 0 0 0

Total # of neighbors = 272
Ave neighs/atom = 34
Neighbor list builds = 0
Dangerous builds = 0
next i
jump SELF loop_struct
clear
  using 1 OpenMP thread(s) per MPI task
log energies.log append
units metal
boundary p p p
atom_style atomic
read_data epoch60_${i}.in
read_data epoch60_78.in
Reading data file ...
  orthogonal box = (0 0 0) to (5.4437022 5.4437022 5.4437022)
  1 by 1 by 1 MPI processor grid
  reading atoms ...
  8 atoms
  reading velocities ...
  8 velocities
  read_data CPU = 0.000 seconds
mass 1 28.085
pair_style sw
pair_coeff * * Si.sw Si
Reading sw potential file Si.sw with DATE: 2007-06-11
run 0
WARNING: No fixes with time integration, atoms won't move (src/verlet.cpp:60)
Neighbor list info ...
  update: every = 1 steps, delay = 0 steps, check = yes
  max neighbors/atom: 2000, page size: 100000
  master list distance cutoff = 5.77118
  ghost atom cutoff = 5.77118
  binsize = 2.88559, bins = 2 2 2
  1 neighbor lists, perpetual/occasional/extra = 1 0 0
  (1) pair sw, perpetual
      attributes: full, newton on
      pair build: full/bin/atomonly
      stencil: full/bin/3d
      bin: standard
Per MPI rank memory allocation (min/avg/max) = 2.958 | 2.958 | 2.958 Mbytes
   Step          Temp          E_pair         E_mol          TotEng         Press     
         0   0             -34.383667      0             -34.383667     -4877.5457    
Loop time of 1.01e-06 on 1 procs for 0 steps with 8 atoms

0.0% CPU use with 1 MPI tasks x 1 OpenMP threads

MPI task timing breakdown:
Section |  min time  |  avg time  |  max time  |%varavg| %total
---------------------------------------------------------------
Pair    | 0          | 0          | 0          |   0.0 |  0.00
Neigh   | 0          | 0          | 0          |   0.0 |  0.00
Comm    | 0          | 0          | 0          |   0.0 |  0.00
Output  | 0          | 0          | 0          |   0.0 |  0.00
Modify  | 0          | 0          | 0          |   0.0 |  0.00
Other   |            | 1.01e-06   |            |       |100.00

Nlocal:              8 ave           8 max           8 min
Histogram: 1 0 0 0 0 0 0 0 0 0
Nghost:            247 ave         247 max         247 min
Histogram: 1 0 0 0 0 0 0 0 0 0
Neighs:              0 ave           0 max           0 min
Histogram: 1 0 0 0 0 0 0 0 0 0
FullNghs:          272 ave         272 max         272 min
Histogram: 1 0 0 0 0 0 0 0 0 0

Total # of neighbors = 272
Ave neighs/atom = 34
Neighbor list builds = 0
Dangerous builds = 0
next i
jump SELF loop_struct
clear
  using 1 OpenMP thread(s) per MPI task
log energies.log append
units metal
boundary p p p
atom_style atomic
read_data epoch60_${i}.in
read_data epoch60_79.in
Reading data file ...
  orthogonal box = (0 0 0) to (5.4437022 5.4437022 5.4437022)
  1 by 1 by 1 MPI processor grid
  reading atoms ...
  8 atoms
  reading velocities ...
  8 velocities
  read_data CPU = 0.000 seconds
mass 1 28.085
pair_style sw
pair_coeff * * Si.sw Si
Reading sw potential file Si.sw with DATE: 2007-06-11
run 0
WARNING: No fixes with time integration, atoms won't move (src/verlet.cpp:60)
Neighbor list info ...
  update: every = 1 steps, delay = 0 steps, check = yes
  max neighbors/atom: 2000, page size: 100000
  master list distance cutoff = 5.77118
  ghost atom cutoff = 5.77118
  binsize = 2.88559, bins = 2 2 2
  1 neighbor lists, perpetual/occasional/extra = 1 0 0
  (1) pair sw, perpetual
      attributes: full, newton on
      pair build: full/bin/atomonly
      stencil: full/bin/3d
      bin: standard
Per MPI rank memory allocation (min/avg/max) = 2.958 | 2.958 | 2.958 Mbytes
   Step          Temp          E_pair         E_mol          TotEng         Press     
         0   0             -34.302366      0             -34.302366     -5626.2812    
Loop time of 1e-06 on 1 procs for 0 steps with 8 atoms

200.0% CPU use with 1 MPI tasks x 1 OpenMP threads

MPI task timing breakdown:
Section |  min time  |  avg time  |  max time  |%varavg| %total
---------------------------------------------------------------
Pair    | 0          | 0          | 0          |   0.0 |  0.00
Neigh   | 0          | 0          | 0          |   0.0 |  0.00
Comm    | 0          | 0          | 0          |   0.0 |  0.00
Output  | 0          | 0          | 0          |   0.0 |  0.00
Modify  | 0          | 0          | 0          |   0.0 |  0.00
Other   |            | 1e-06      |            |       |100.00

Nlocal:              8 ave           8 max           8 min
Histogram: 1 0 0 0 0 0 0 0 0 0
Nghost:            244 ave         244 max         244 min
Histogram: 1 0 0 0 0 0 0 0 0 0
Neighs:              0 ave           0 max           0 min
Histogram: 1 0 0 0 0 0 0 0 0 0
FullNghs:          272 ave         272 max         272 min
Histogram: 1 0 0 0 0 0 0 0 0 0

Total # of neighbors = 272
Ave neighs/atom = 34
Neighbor list builds = 0
Dangerous builds = 0
next i
jump SELF loop_struct
clear
  using 1 OpenMP thread(s) per MPI task
log energies.log append
units metal
boundary p p p
atom_style atomic
read_data epoch60_${i}.in
read_data epoch60_80.in
Reading data file ...
  orthogonal box = (0 0 0) to (5.4437022 5.4437022 5.4437022)
  1 by 1 by 1 MPI processor grid
  reading atoms ...
  8 atoms
  reading velocities ...
  8 velocities
  read_data CPU = 0.000 seconds
mass 1 28.085
pair_style sw
pair_coeff * * Si.sw Si
Reading sw potential file Si.sw with DATE: 2007-06-11
run 0
WARNING: No fixes with time integration, atoms won't move (src/verlet.cpp:60)
Neighbor list info ...
  update: every = 1 steps, delay = 0 steps, check = yes
  max neighbors/atom: 2000, page size: 100000
  master list distance cutoff = 5.77118
  ghost atom cutoff = 5.77118
  binsize = 2.88559, bins = 2 2 2
  1 neighbor lists, perpetual/occasional/extra = 1 0 0
  (1) pair sw, perpetual
      attributes: full, newton on
      pair build: full/bin/atomonly
      stencil: full/bin/3d
      bin: standard
Per MPI rank memory allocation (min/avg/max) = 2.958 | 2.958 | 2.958 Mbytes
   Step          Temp          E_pair         E_mol          TotEng         Press     
         0   0             -34.516639      0             -34.516639     -5845.8921    
Loop time of 1e-06 on 1 procs for 0 steps with 8 atoms

100.0% CPU use with 1 MPI tasks x 1 OpenMP threads

MPI task timing breakdown:
Section |  min time  |  avg time  |  max time  |%varavg| %total
---------------------------------------------------------------
Pair    | 0          | 0          | 0          |   0.0 |  0.00
Neigh   | 0          | 0          | 0          |   0.0 |  0.00
Comm    | 0          | 0          | 0          |   0.0 |  0.00
Output  | 0          | 0          | 0          |   0.0 |  0.00
Modify  | 0          | 0          | 0          |   0.0 |  0.00
Other   |            | 1e-06      |            |       |100.00

Nlocal:              8 ave           8 max           8 min
Histogram: 1 0 0 0 0 0 0 0 0 0
Nghost:            226 ave         226 max         226 min
Histogram: 1 0 0 0 0 0 0 0 0 0
Neighs:              0 ave           0 max           0 min
Histogram: 1 0 0 0 0 0 0 0 0 0
FullNghs:          272 ave         272 max         272 min
Histogram: 1 0 0 0 0 0 0 0 0 0

Total # of neighbors = 272
Ave neighs/atom = 34
Neighbor list builds = 0
Dangerous builds = 0
next i
jump SELF loop_struct
clear
  using 1 OpenMP thread(s) per MPI task
log energies.log append
units metal
boundary p p p
atom_style atomic
read_data epoch60_${i}.in
read_data epoch60_81.in
Reading data file ...
  orthogonal box = (0 0 0) to (5.4437022 5.4437022 5.4437022)
  1 by 1 by 1 MPI processor grid
  reading atoms ...
  8 atoms
  reading velocities ...
  8 velocities
  read_data CPU = 0.000 seconds
mass 1 28.085
pair_style sw
pair_coeff * * Si.sw Si
Reading sw potential file Si.sw with DATE: 2007-06-11
run 0
WARNING: No fixes with time integration, atoms won't move (src/verlet.cpp:60)
Neighbor list info ...
  update: every = 1 steps, delay = 0 steps, check = yes
  max neighbors/atom: 2000, page size: 100000
  master list distance cutoff = 5.77118
  ghost atom cutoff = 5.77118
  binsize = 2.88559, bins = 2 2 2
  1 neighbor lists, perpetual/occasional/extra = 1 0 0
  (1) pair sw, perpetual
      attributes: full, newton on
      pair build: full/bin/atomonly
      stencil: full/bin/3d
      bin: standard
Per MPI rank memory allocation (min/avg/max) = 2.958 | 2.958 | 2.958 Mbytes
   Step          Temp          E_pair         E_mol          TotEng         Press     
         0   0             -34.485855      0             -34.485855     -6263.3264    
Loop time of 1.01e-06 on 1 procs for 0 steps with 8 atoms

99.0% CPU use with 1 MPI tasks x 1 OpenMP threads

MPI task timing breakdown:
Section |  min time  |  avg time  |  max time  |%varavg| %total
---------------------------------------------------------------
Pair    | 0          | 0          | 0          |   0.0 |  0.00
Neigh   | 0          | 0          | 0          |   0.0 |  0.00
Comm    | 0          | 0          | 0          |   0.0 |  0.00
Output  | 0          | 0          | 0          |   0.0 |  0.00
Modify  | 0          | 0          | 0          |   0.0 |  0.00
Other   |            | 1.01e-06   |            |       |100.00

Nlocal:              8 ave           8 max           8 min
Histogram: 1 0 0 0 0 0 0 0 0 0
Nghost:            244 ave         244 max         244 min
Histogram: 1 0 0 0 0 0 0 0 0 0
Neighs:              0 ave           0 max           0 min
Histogram: 1 0 0 0 0 0 0 0 0 0
FullNghs:          272 ave         272 max         272 min
Histogram: 1 0 0 0 0 0 0 0 0 0

Total # of neighbors = 272
Ave neighs/atom = 34
Neighbor list builds = 0
Dangerous builds = 0
next i
jump SELF loop_struct
clear
  using 1 OpenMP thread(s) per MPI task
log energies.log append
units metal
boundary p p p
atom_style atomic
read_data epoch60_${i}.in
read_data epoch60_82.in
Reading data file ...
  orthogonal box = (0 0 0) to (5.4437022 5.4437022 5.4437022)
  1 by 1 by 1 MPI processor grid
  reading atoms ...
  8 atoms
  reading velocities ...
  8 velocities
  read_data CPU = 0.000 seconds
mass 1 28.085
pair_style sw
pair_coeff * * Si.sw Si
Reading sw potential file Si.sw with DATE: 2007-06-11
run 0
WARNING: No fixes with time integration, atoms won't move (src/verlet.cpp:60)
Neighbor list info ...
  update: every = 1 steps, delay = 0 steps, check = yes
  max neighbors/atom: 2000, page size: 100000
  master list distance cutoff = 5.77118
  ghost atom cutoff = 5.77118
  binsize = 2.88559, bins = 2 2 2
  1 neighbor lists, perpetual/occasional/extra = 1 0 0
  (1) pair sw, perpetual
      attributes: full, newton on
      pair build: full/bin/atomonly
      stencil: full/bin/3d
      bin: standard
Per MPI rank memory allocation (min/avg/max) = 2.958 | 2.958 | 2.958 Mbytes
   Step          Temp          E_pair         E_mol          TotEng         Press     
         0   0             -34.472604      0             -34.472604     -7163.5387    
Loop time of 1.01e-06 on 1 procs for 0 steps with 8 atoms

99.0% CPU use with 1 MPI tasks x 1 OpenMP threads

MPI task timing breakdown:
Section |  min time  |  avg time  |  max time  |%varavg| %total
---------------------------------------------------------------
Pair    | 0          | 0          | 0          |   0.0 |  0.00
Neigh   | 0          | 0          | 0          |   0.0 |  0.00
Comm    | 0          | 0          | 0          |   0.0 |  0.00
Output  | 0          | 0          | 0          |   0.0 |  0.00
Modify  | 0          | 0          | 0          |   0.0 |  0.00
Other   |            | 1.01e-06   |            |       |100.00

Nlocal:              8 ave           8 max           8 min
Histogram: 1 0 0 0 0 0 0 0 0 0
Nghost:            226 ave         226 max         226 min
Histogram: 1 0 0 0 0 0 0 0 0 0
Neighs:              0 ave           0 max           0 min
Histogram: 1 0 0 0 0 0 0 0 0 0
FullNghs:          272 ave         272 max         272 min
Histogram: 1 0 0 0 0 0 0 0 0 0

Total # of neighbors = 272
Ave neighs/atom = 34
Neighbor list builds = 0
Dangerous builds = 0
next i
jump SELF loop_struct
clear
  using 1 OpenMP thread(s) per MPI task
log energies.log append
units metal
boundary p p p
atom_style atomic
read_data epoch60_${i}.in
read_data epoch60_83.in
Reading data file ...
  orthogonal box = (0 0 0) to (5.4437022 5.4437022 5.4437022)
  1 by 1 by 1 MPI processor grid
  reading atoms ...
  8 atoms
  reading velocities ...
  8 velocities
  read_data CPU = 0.001 seconds
mass 1 28.085
pair_style sw
pair_coeff * * Si.sw Si
Reading sw potential file Si.sw with DATE: 2007-06-11
run 0
WARNING: No fixes with time integration, atoms won't move (src/verlet.cpp:60)
Neighbor list info ...
  update: every = 1 steps, delay = 0 steps, check = yes
  max neighbors/atom: 2000, page size: 100000
  master list distance cutoff = 5.77118
  ghost atom cutoff = 5.77118
  binsize = 2.88559, bins = 2 2 2
  1 neighbor lists, perpetual/occasional/extra = 1 0 0
  (1) pair sw, perpetual
      attributes: full, newton on
      pair build: full/bin/atomonly
      stencil: full/bin/3d
      bin: standard
Per MPI rank memory allocation (min/avg/max) = 2.958 | 2.958 | 2.958 Mbytes
   Step          Temp          E_pair         E_mol          TotEng         Press     
         0   0             -34.458183      0             -34.458183     -6156.2044    
Loop time of 1e-06 on 1 procs for 0 steps with 8 atoms

200.0% CPU use with 1 MPI tasks x 1 OpenMP threads

MPI task timing breakdown:
Section |  min time  |  avg time  |  max time  |%varavg| %total
---------------------------------------------------------------
Pair    | 0          | 0          | 0          |   0.0 |  0.00
Neigh   | 0          | 0          | 0          |   0.0 |  0.00
Comm    | 0          | 0          | 0          |   0.0 |  0.00
Output  | 0          | 0          | 0          |   0.0 |  0.00
Modify  | 0          | 0          | 0          |   0.0 |  0.00
Other   |            | 1e-06      |            |       |100.00

Nlocal:              8 ave           8 max           8 min
Histogram: 1 0 0 0 0 0 0 0 0 0
Nghost:            208 ave         208 max         208 min
Histogram: 1 0 0 0 0 0 0 0 0 0
Neighs:              0 ave           0 max           0 min
Histogram: 1 0 0 0 0 0 0 0 0 0
FullNghs:          272 ave         272 max         272 min
Histogram: 1 0 0 0 0 0 0 0 0 0

Total # of neighbors = 272
Ave neighs/atom = 34
Neighbor list builds = 0
Dangerous builds = 0
next i
jump SELF loop_struct
clear
  using 1 OpenMP thread(s) per MPI task
log energies.log append
units metal
boundary p p p
atom_style atomic
read_data epoch60_${i}.in
read_data epoch60_84.in
Reading data file ...
  orthogonal box = (0 0 0) to (5.4437022 5.4437022 5.4437022)
  1 by 1 by 1 MPI processor grid
  reading atoms ...
  8 atoms
  reading velocities ...
  8 velocities
  read_data CPU = 0.000 seconds
mass 1 28.085
pair_style sw
pair_coeff * * Si.sw Si
Reading sw potential file Si.sw with DATE: 2007-06-11
run 0
WARNING: No fixes with time integration, atoms won't move (src/verlet.cpp:60)
Neighbor list info ...
  update: every = 1 steps, delay = 0 steps, check = yes
  max neighbors/atom: 2000, page size: 100000
  master list distance cutoff = 5.77118
  ghost atom cutoff = 5.77118
  binsize = 2.88559, bins = 2 2 2
  1 neighbor lists, perpetual/occasional/extra = 1 0 0
  (1) pair sw, perpetual
      attributes: full, newton on
      pair build: full/bin/atomonly
      stencil: full/bin/3d
      bin: standard
Per MPI rank memory allocation (min/avg/max) = 2.958 | 2.958 | 2.958 Mbytes
   Step          Temp          E_pair         E_mol          TotEng         Press     
         0   0             -34.494181      0             -34.494181     -5720.5679    
Loop time of 1.01e-06 on 1 procs for 0 steps with 8 atoms

0.0% CPU use with 1 MPI tasks x 1 OpenMP threads

MPI task timing breakdown:
Section |  min time  |  avg time  |  max time  |%varavg| %total
---------------------------------------------------------------
Pair    | 0          | 0          | 0          |   0.0 |  0.00
Neigh   | 0          | 0          | 0          |   0.0 |  0.00
Comm    | 0          | 0          | 0          |   0.0 |  0.00
Output  | 0          | 0          | 0          |   0.0 |  0.00
Modify  | 0          | 0          | 0          |   0.0 |  0.00
Other   |            | 1.01e-06   |            |       |100.00

Nlocal:              8 ave           8 max           8 min
Histogram: 1 0 0 0 0 0 0 0 0 0
Nghost:            265 ave         265 max         265 min
Histogram: 1 0 0 0 0 0 0 0 0 0
Neighs:              0 ave           0 max           0 min
Histogram: 1 0 0 0 0 0 0 0 0 0
FullNghs:          272 ave         272 max         272 min
Histogram: 1 0 0 0 0 0 0 0 0 0

Total # of neighbors = 272
Ave neighs/atom = 34
Neighbor list builds = 0
Dangerous builds = 0
next i
jump SELF loop_struct
clear
  using 1 OpenMP thread(s) per MPI task
log energies.log append
units metal
boundary p p p
atom_style atomic
read_data epoch60_${i}.in
read_data epoch60_85.in
Reading data file ...
  orthogonal box = (0 0 0) to (5.4437022 5.4437022 5.4437022)
  1 by 1 by 1 MPI processor grid
  reading atoms ...
  8 atoms
  reading velocities ...
  8 velocities
  read_data CPU = 0.000 seconds
mass 1 28.085
pair_style sw
pair_coeff * * Si.sw Si
Reading sw potential file Si.sw with DATE: 2007-06-11
run 0
WARNING: No fixes with time integration, atoms won't move (src/verlet.cpp:60)
Neighbor list info ...
  update: every = 1 steps, delay = 0 steps, check = yes
  max neighbors/atom: 2000, page size: 100000
  master list distance cutoff = 5.77118
  ghost atom cutoff = 5.77118
  binsize = 2.88559, bins = 2 2 2
  1 neighbor lists, perpetual/occasional/extra = 1 0 0
  (1) pair sw, perpetual
      attributes: full, newton on
      pair build: full/bin/atomonly
      stencil: full/bin/3d
      bin: standard
Per MPI rank memory allocation (min/avg/max) = 2.958 | 2.958 | 2.958 Mbytes
   Step          Temp          E_pair         E_mol          TotEng         Press     
         0   0             -34.372197      0             -34.372197     -5799.5034    
Loop time of 1e-06 on 1 procs for 0 steps with 8 atoms

0.0% CPU use with 1 MPI tasks x 1 OpenMP threads

MPI task timing breakdown:
Section |  min time  |  avg time  |  max time  |%varavg| %total
---------------------------------------------------------------
Pair    | 0          | 0          | 0          |   0.0 |  0.00
Neigh   | 0          | 0          | 0          |   0.0 |  0.00
Comm    | 0          | 0          | 0          |   0.0 |  0.00
Output  | 0          | 0          | 0          |   0.0 |  0.00
Modify  | 0          | 0          | 0          |   0.0 |  0.00
Other   |            | 1e-06      |            |       |100.00

Nlocal:              8 ave           8 max           8 min
Histogram: 1 0 0 0 0 0 0 0 0 0
Nghost:            226 ave         226 max         226 min
Histogram: 1 0 0 0 0 0 0 0 0 0
Neighs:              0 ave           0 max           0 min
Histogram: 1 0 0 0 0 0 0 0 0 0
FullNghs:          274 ave         274 max         274 min
Histogram: 1 0 0 0 0 0 0 0 0 0

Total # of neighbors = 274
Ave neighs/atom = 34.25
Neighbor list builds = 0
Dangerous builds = 0
next i
jump SELF loop_struct
clear
  using 1 OpenMP thread(s) per MPI task
log energies.log append
units metal
boundary p p p
atom_style atomic
read_data epoch60_${i}.in
read_data epoch60_86.in
Reading data file ...
  orthogonal box = (0 0 0) to (5.4437022 5.4437022 5.4437022)
  1 by 1 by 1 MPI processor grid
  reading atoms ...
  8 atoms
  reading velocities ...
  8 velocities
  read_data CPU = 0.001 seconds
mass 1 28.085
pair_style sw
pair_coeff * * Si.sw Si
Reading sw potential file Si.sw with DATE: 2007-06-11
run 0
WARNING: No fixes with time integration, atoms won't move (src/verlet.cpp:60)
Neighbor list info ...
  update: every = 1 steps, delay = 0 steps, check = yes
  max neighbors/atom: 2000, page size: 100000
  master list distance cutoff = 5.77118
  ghost atom cutoff = 5.77118
  binsize = 2.88559, bins = 2 2 2
  1 neighbor lists, perpetual/occasional/extra = 1 0 0
  (1) pair sw, perpetual
      attributes: full, newton on
      pair build: full/bin/atomonly
      stencil: full/bin/3d
      bin: standard
Per MPI rank memory allocation (min/avg/max) = 2.958 | 2.958 | 2.958 Mbytes
   Step          Temp          E_pair         E_mol          TotEng         Press     
         0   0             -34.498444      0             -34.498444     -6934.901     
Loop time of 1.02e-06 on 1 procs for 0 steps with 8 atoms

0.0% CPU use with 1 MPI tasks x 1 OpenMP threads

MPI task timing breakdown:
Section |  min time  |  avg time  |  max time  |%varavg| %total
---------------------------------------------------------------
Pair    | 0          | 0          | 0          |   0.0 |  0.00
Neigh   | 0          | 0          | 0          |   0.0 |  0.00
Comm    | 0          | 0          | 0          |   0.0 |  0.00
Output  | 0          | 0          | 0          |   0.0 |  0.00
Modify  | 0          | 0          | 0          |   0.0 |  0.00
Other   |            | 1.02e-06   |            |       |100.00

Nlocal:              8 ave           8 max           8 min
Histogram: 1 0 0 0 0 0 0 0 0 0
Nghost:            247 ave         247 max         247 min
Histogram: 1 0 0 0 0 0 0 0 0 0
Neighs:              0 ave           0 max           0 min
Histogram: 1 0 0 0 0 0 0 0 0 0
FullNghs:          272 ave         272 max         272 min
Histogram: 1 0 0 0 0 0 0 0 0 0

Total # of neighbors = 272
Ave neighs/atom = 34
Neighbor list builds = 0
Dangerous builds = 0
next i
jump SELF loop_struct
clear
  using 1 OpenMP thread(s) per MPI task
log energies.log append
units metal
boundary p p p
atom_style atomic
read_data epoch60_${i}.in
read_data epoch60_87.in
Reading data file ...
  orthogonal box = (0 0 0) to (5.4437022 5.4437022 5.4437022)
  1 by 1 by 1 MPI processor grid
  reading atoms ...
  8 atoms
  reading velocities ...
  8 velocities
  read_data CPU = 0.001 seconds
mass 1 28.085
pair_style sw
pair_coeff * * Si.sw Si
Reading sw potential file Si.sw with DATE: 2007-06-11
run 0
WARNING: No fixes with time integration, atoms won't move (src/verlet.cpp:60)
Neighbor list info ...
  update: every = 1 steps, delay = 0 steps, check = yes
  max neighbors/atom: 2000, page size: 100000
  master list distance cutoff = 5.77118
  ghost atom cutoff = 5.77118
  binsize = 2.88559, bins = 2 2 2
  1 neighbor lists, perpetual/occasional/extra = 1 0 0
  (1) pair sw, perpetual
      attributes: full, newton on
      pair build: full/bin/atomonly
      stencil: full/bin/3d
      bin: standard
Per MPI rank memory allocation (min/avg/max) = 2.958 | 2.958 | 2.958 Mbytes
   Step          Temp          E_pair         E_mol          TotEng         Press     
         0   0             -34.35387       0             -34.35387      -4525.2004    
Loop time of 1.01e-06 on 1 procs for 0 steps with 8 atoms

0.0% CPU use with 1 MPI tasks x 1 OpenMP threads

MPI task timing breakdown:
Section |  min time  |  avg time  |  max time  |%varavg| %total
---------------------------------------------------------------
Pair    | 0          | 0          | 0          |   0.0 |  0.00
Neigh   | 0          | 0          | 0          |   0.0 |  0.00
Comm    | 0          | 0          | 0          |   0.0 |  0.00
Output  | 0          | 0          | 0          |   0.0 |  0.00
Modify  | 0          | 0          | 0          |   0.0 |  0.00
Other   |            | 1.01e-06   |            |       |100.00

Nlocal:              8 ave           8 max           8 min
Histogram: 1 0 0 0 0 0 0 0 0 0
Nghost:            226 ave         226 max         226 min
Histogram: 1 0 0 0 0 0 0 0 0 0
Neighs:              0 ave           0 max           0 min
Histogram: 1 0 0 0 0 0 0 0 0 0
FullNghs:          272 ave         272 max         272 min
Histogram: 1 0 0 0 0 0 0 0 0 0

Total # of neighbors = 272
Ave neighs/atom = 34
Neighbor list builds = 0
Dangerous builds = 0
next i
jump SELF loop_struct
clear
  using 1 OpenMP thread(s) per MPI task
log energies.log append
units metal
boundary p p p
atom_style atomic
read_data epoch60_${i}.in
read_data epoch60_88.in
Reading data file ...
  orthogonal box = (0 0 0) to (5.4437022 5.4437022 5.4437022)
  1 by 1 by 1 MPI processor grid
  reading atoms ...
  8 atoms
  reading velocities ...
  8 velocities
  read_data CPU = 0.000 seconds
mass 1 28.085
pair_style sw
pair_coeff * * Si.sw Si
Reading sw potential file Si.sw with DATE: 2007-06-11
run 0
WARNING: No fixes with time integration, atoms won't move (src/verlet.cpp:60)
Neighbor list info ...
  update: every = 1 steps, delay = 0 steps, check = yes
  max neighbors/atom: 2000, page size: 100000
  master list distance cutoff = 5.77118
  ghost atom cutoff = 5.77118
  binsize = 2.88559, bins = 2 2 2
  1 neighbor lists, perpetual/occasional/extra = 1 0 0
  (1) pair sw, perpetual
      attributes: full, newton on
      pair build: full/bin/atomonly
      stencil: full/bin/3d
      bin: standard
Per MPI rank memory allocation (min/avg/max) = 2.958 | 2.958 | 2.958 Mbytes
   Step          Temp          E_pair         E_mol          TotEng         Press     
         0   0             -34.129268      0             -34.129268     -5609.9345    
Loop time of 1.01e-06 on 1 procs for 0 steps with 8 atoms

0.0% CPU use with 1 MPI tasks x 1 OpenMP threads

MPI task timing breakdown:
Section |  min time  |  avg time  |  max time  |%varavg| %total
---------------------------------------------------------------
Pair    | 0          | 0          | 0          |   0.0 |  0.00
Neigh   | 0          | 0          | 0          |   0.0 |  0.00
Comm    | 0          | 0          | 0          |   0.0 |  0.00
Output  | 0          | 0          | 0          |   0.0 |  0.00
Modify  | 0          | 0          | 0          |   0.0 |  0.00
Other   |            | 1.01e-06   |            |       |100.00

Nlocal:              8 ave           8 max           8 min
Histogram: 1 0 0 0 0 0 0 0 0 0
Nghost:            235 ave         235 max         235 min
Histogram: 1 0 0 0 0 0 0 0 0 0
Neighs:              0 ave           0 max           0 min
Histogram: 1 0 0 0 0 0 0 0 0 0
FullNghs:          280 ave         280 max         280 min
Histogram: 1 0 0 0 0 0 0 0 0 0

Total # of neighbors = 280
Ave neighs/atom = 35
Neighbor list builds = 0
Dangerous builds = 0
next i
jump SELF loop_struct
clear
  using 1 OpenMP thread(s) per MPI task
log energies.log append
units metal
boundary p p p
atom_style atomic
read_data epoch60_${i}.in
read_data epoch60_89.in
Reading data file ...
  orthogonal box = (0 0 0) to (5.4437022 5.4437022 5.4437022)
  1 by 1 by 1 MPI processor grid
  reading atoms ...
  8 atoms
  reading velocities ...
  8 velocities
  read_data CPU = 0.001 seconds
mass 1 28.085
pair_style sw
pair_coeff * * Si.sw Si
Reading sw potential file Si.sw with DATE: 2007-06-11
run 0
WARNING: No fixes with time integration, atoms won't move (src/verlet.cpp:60)
Neighbor list info ...
  update: every = 1 steps, delay = 0 steps, check = yes
  max neighbors/atom: 2000, page size: 100000
  master list distance cutoff = 5.77118
  ghost atom cutoff = 5.77118
  binsize = 2.88559, bins = 2 2 2
  1 neighbor lists, perpetual/occasional/extra = 1 0 0
  (1) pair sw, perpetual
      attributes: full, newton on
      pair build: full/bin/atomonly
      stencil: full/bin/3d
      bin: standard
Per MPI rank memory allocation (min/avg/max) = 2.958 | 2.958 | 2.958 Mbytes
   Step          Temp          E_pair         E_mol          TotEng         Press     
         0   0             -34.404257      0             -34.404257     -6242.6855    
Loop time of 1.01e-06 on 1 procs for 0 steps with 8 atoms

99.0% CPU use with 1 MPI tasks x 1 OpenMP threads

MPI task timing breakdown:
Section |  min time  |  avg time  |  max time  |%varavg| %total
---------------------------------------------------------------
Pair    | 0          | 0          | 0          |   0.0 |  0.00
Neigh   | 0          | 0          | 0          |   0.0 |  0.00
Comm    | 0          | 0          | 0          |   0.0 |  0.00
Output  | 0          | 0          | 0          |   0.0 |  0.00
Modify  | 0          | 0          | 0          |   0.0 |  0.00
Other   |            | 1.01e-06   |            |       |100.00

Nlocal:              8 ave           8 max           8 min
Histogram: 1 0 0 0 0 0 0 0 0 0
Nghost:            229 ave         229 max         229 min
Histogram: 1 0 0 0 0 0 0 0 0 0
Neighs:              0 ave           0 max           0 min
Histogram: 1 0 0 0 0 0 0 0 0 0
FullNghs:          274 ave         274 max         274 min
Histogram: 1 0 0 0 0 0 0 0 0 0

Total # of neighbors = 274
Ave neighs/atom = 34.25
Neighbor list builds = 0
Dangerous builds = 0
next i
jump SELF loop_struct
clear
  using 1 OpenMP thread(s) per MPI task
log energies.log append
units metal
boundary p p p
atom_style atomic
read_data epoch60_${i}.in
read_data epoch60_90.in
Reading data file ...
  orthogonal box = (0 0 0) to (5.4437022 5.4437022 5.4437022)
  1 by 1 by 1 MPI processor grid
  reading atoms ...
  8 atoms
  reading velocities ...
  8 velocities
  read_data CPU = 0.000 seconds
mass 1 28.085
pair_style sw
pair_coeff * * Si.sw Si
Reading sw potential file Si.sw with DATE: 2007-06-11
run 0
WARNING: No fixes with time integration, atoms won't move (src/verlet.cpp:60)
Neighbor list info ...
  update: every = 1 steps, delay = 0 steps, check = yes
  max neighbors/atom: 2000, page size: 100000
  master list distance cutoff = 5.77118
  ghost atom cutoff = 5.77118
  binsize = 2.88559, bins = 2 2 2
  1 neighbor lists, perpetual/occasional/extra = 1 0 0
  (1) pair sw, perpetual
      attributes: full, newton on
      pair build: full/bin/atomonly
      stencil: full/bin/3d
      bin: standard
Per MPI rank memory allocation (min/avg/max) = 2.958 | 2.958 | 2.958 Mbytes
   Step          Temp          E_pair         E_mol          TotEng         Press     
         0   0             -34.422268      0             -34.422268     -5211.6473    
Loop time of 1.01e-06 on 1 procs for 0 steps with 8 atoms

0.0% CPU use with 1 MPI tasks x 1 OpenMP threads

MPI task timing breakdown:
Section |  min time  |  avg time  |  max time  |%varavg| %total
---------------------------------------------------------------
Pair    | 0          | 0          | 0          |   0.0 |  0.00
Neigh   | 0          | 0          | 0          |   0.0 |  0.00
Comm    | 0          | 0          | 0          |   0.0 |  0.00
Output  | 0          | 0          | 0          |   0.0 |  0.00
Modify  | 0          | 0          | 0          |   0.0 |  0.00
Other   |            | 1.01e-06   |            |       |100.00

Nlocal:              8 ave           8 max           8 min
Histogram: 1 0 0 0 0 0 0 0 0 0
Nghost:            208 ave         208 max         208 min
Histogram: 1 0 0 0 0 0 0 0 0 0
Neighs:              0 ave           0 max           0 min
Histogram: 1 0 0 0 0 0 0 0 0 0
FullNghs:          272 ave         272 max         272 min
Histogram: 1 0 0 0 0 0 0 0 0 0

Total # of neighbors = 272
Ave neighs/atom = 34
Neighbor list builds = 0
Dangerous builds = 0
next i
jump SELF loop_struct
clear
  using 1 OpenMP thread(s) per MPI task
log energies.log append
units metal
boundary p p p
atom_style atomic
read_data epoch60_${i}.in
read_data epoch60_91.in
Reading data file ...
  orthogonal box = (0 0 0) to (5.4437022 5.4437022 5.4437022)
  1 by 1 by 1 MPI processor grid
  reading atoms ...
  8 atoms
  reading velocities ...
  8 velocities
  read_data CPU = 0.000 seconds
mass 1 28.085
pair_style sw
pair_coeff * * Si.sw Si
Reading sw potential file Si.sw with DATE: 2007-06-11
run 0
WARNING: No fixes with time integration, atoms won't move (src/verlet.cpp:60)
Neighbor list info ...
  update: every = 1 steps, delay = 0 steps, check = yes
  max neighbors/atom: 2000, page size: 100000
  master list distance cutoff = 5.77118
  ghost atom cutoff = 5.77118
  binsize = 2.88559, bins = 2 2 2
  1 neighbor lists, perpetual/occasional/extra = 1 0 0
  (1) pair sw, perpetual
      attributes: full, newton on
      pair build: full/bin/atomonly
      stencil: full/bin/3d
      bin: standard
Per MPI rank memory allocation (min/avg/max) = 2.958 | 2.958 | 2.958 Mbytes
   Step          Temp          E_pair         E_mol          TotEng         Press     
         0   0             -34.475505      0             -34.475505     -6386.4838    
Loop time of 1.02e-06 on 1 procs for 0 steps with 8 atoms

0.0% CPU use with 1 MPI tasks x 1 OpenMP threads

MPI task timing breakdown:
Section |  min time  |  avg time  |  max time  |%varavg| %total
---------------------------------------------------------------
Pair    | 0          | 0          | 0          |   0.0 |  0.00
Neigh   | 0          | 0          | 0          |   0.0 |  0.00
Comm    | 0          | 0          | 0          |   0.0 |  0.00
Output  | 0          | 0          | 0          |   0.0 |  0.00
Modify  | 0          | 0          | 0          |   0.0 |  0.00
Other   |            | 1.02e-06   |            |       |100.00

Nlocal:              8 ave           8 max           8 min
Histogram: 1 0 0 0 0 0 0 0 0 0
Nghost:            238 ave         238 max         238 min
Histogram: 1 0 0 0 0 0 0 0 0 0
Neighs:              0 ave           0 max           0 min
Histogram: 1 0 0 0 0 0 0 0 0 0
FullNghs:          272 ave         272 max         272 min
Histogram: 1 0 0 0 0 0 0 0 0 0

Total # of neighbors = 272
Ave neighs/atom = 34
Neighbor list builds = 0
Dangerous builds = 0
next i
jump SELF loop_struct
clear
  using 1 OpenMP thread(s) per MPI task
log energies.log append
units metal
boundary p p p
atom_style atomic
read_data epoch60_${i}.in
read_data epoch60_92.in
Reading data file ...
  orthogonal box = (0 0 0) to (5.4437022 5.4437022 5.4437022)
  1 by 1 by 1 MPI processor grid
  reading atoms ...
  8 atoms
  reading velocities ...
  8 velocities
  read_data CPU = 0.000 seconds
mass 1 28.085
pair_style sw
pair_coeff * * Si.sw Si
Reading sw potential file Si.sw with DATE: 2007-06-11
run 0
WARNING: No fixes with time integration, atoms won't move (src/verlet.cpp:60)
Neighbor list info ...
  update: every = 1 steps, delay = 0 steps, check = yes
  max neighbors/atom: 2000, page size: 100000
  master list distance cutoff = 5.77118
  ghost atom cutoff = 5.77118
  binsize = 2.88559, bins = 2 2 2
  1 neighbor lists, perpetual/occasional/extra = 1 0 0
  (1) pair sw, perpetual
      attributes: full, newton on
      pair build: full/bin/atomonly
      stencil: full/bin/3d
      bin: standard
Per MPI rank memory allocation (min/avg/max) = 2.958 | 2.958 | 2.958 Mbytes
   Step          Temp          E_pair         E_mol          TotEng         Press     
         0   0             -34.33418       0             -34.33418      -6095.5017    
Loop time of 1.01e-06 on 1 procs for 0 steps with 8 atoms

0.0% CPU use with 1 MPI tasks x 1 OpenMP threads

MPI task timing breakdown:
Section |  min time  |  avg time  |  max time  |%varavg| %total
---------------------------------------------------------------
Pair    | 0          | 0          | 0          |   0.0 |  0.00
Neigh   | 0          | 0          | 0          |   0.0 |  0.00
Comm    | 0          | 0          | 0          |   0.0 |  0.00
Output  | 0          | 0          | 0          |   0.0 |  0.00
Modify  | 0          | 0          | 0          |   0.0 |  0.00
Other   |            | 1.01e-06   |            |       |100.00

Nlocal:              8 ave           8 max           8 min
Histogram: 1 0 0 0 0 0 0 0 0 0
Nghost:            256 ave         256 max         256 min
Histogram: 1 0 0 0 0 0 0 0 0 0
Neighs:              0 ave           0 max           0 min
Histogram: 1 0 0 0 0 0 0 0 0 0
FullNghs:          274 ave         274 max         274 min
Histogram: 1 0 0 0 0 0 0 0 0 0

Total # of neighbors = 274
Ave neighs/atom = 34.25
Neighbor list builds = 0
Dangerous builds = 0
next i
jump SELF loop_struct
clear
  using 1 OpenMP thread(s) per MPI task
log energies.log append
units metal
boundary p p p
atom_style atomic
read_data epoch60_${i}.in
read_data epoch60_93.in
Reading data file ...
  orthogonal box = (0 0 0) to (5.4437022 5.4437022 5.4437022)
  1 by 1 by 1 MPI processor grid
  reading atoms ...
  8 atoms
  reading velocities ...
  8 velocities
  read_data CPU = 0.001 seconds
mass 1 28.085
pair_style sw
pair_coeff * * Si.sw Si
Reading sw potential file Si.sw with DATE: 2007-06-11
run 0
WARNING: No fixes with time integration, atoms won't move (src/verlet.cpp:60)
Neighbor list info ...
  update: every = 1 steps, delay = 0 steps, check = yes
  max neighbors/atom: 2000, page size: 100000
  master list distance cutoff = 5.77118
  ghost atom cutoff = 5.77118
  binsize = 2.88559, bins = 2 2 2
  1 neighbor lists, perpetual/occasional/extra = 1 0 0
  (1) pair sw, perpetual
      attributes: full, newton on
      pair build: full/bin/atomonly
      stencil: full/bin/3d
      bin: standard
Per MPI rank memory allocation (min/avg/max) = 2.958 | 2.958 | 2.958 Mbytes
   Step          Temp          E_pair         E_mol          TotEng         Press     
         0   0             -34.542512      0             -34.542512     -6624.6764    
Loop time of 1.03e-06 on 1 procs for 0 steps with 8 atoms

0.0% CPU use with 1 MPI tasks x 1 OpenMP threads

MPI task timing breakdown:
Section |  min time  |  avg time  |  max time  |%varavg| %total
---------------------------------------------------------------
Pair    | 0          | 0          | 0          |   0.0 |  0.00
Neigh   | 0          | 0          | 0          |   0.0 |  0.00
Comm    | 0          | 0          | 0          |   0.0 |  0.00
Output  | 0          | 0          | 0          |   0.0 |  0.00
Modify  | 0          | 0          | 0          |   0.0 |  0.00
Other   |            | 1.03e-06   |            |       |100.00

Nlocal:              8 ave           8 max           8 min
Histogram: 1 0 0 0 0 0 0 0 0 0
Nghost:            226 ave         226 max         226 min
Histogram: 1 0 0 0 0 0 0 0 0 0
Neighs:              0 ave           0 max           0 min
Histogram: 1 0 0 0 0 0 0 0 0 0
FullNghs:          272 ave         272 max         272 min
Histogram: 1 0 0 0 0 0 0 0 0 0

Total # of neighbors = 272
Ave neighs/atom = 34
Neighbor list builds = 0
Dangerous builds = 0
next i
jump SELF loop_struct
clear
  using 1 OpenMP thread(s) per MPI task
log energies.log append
units metal
boundary p p p
atom_style atomic
read_data epoch60_${i}.in
read_data epoch60_94.in
Reading data file ...
  orthogonal box = (0 0 0) to (5.4437022 5.4437022 5.4437022)
  1 by 1 by 1 MPI processor grid
  reading atoms ...
  8 atoms
  reading velocities ...
  8 velocities
  read_data CPU = 0.000 seconds
mass 1 28.085
pair_style sw
pair_coeff * * Si.sw Si
Reading sw potential file Si.sw with DATE: 2007-06-11
run 0
WARNING: No fixes with time integration, atoms won't move (src/verlet.cpp:60)
Neighbor list info ...
  update: every = 1 steps, delay = 0 steps, check = yes
  max neighbors/atom: 2000, page size: 100000
  master list distance cutoff = 5.77118
  ghost atom cutoff = 5.77118
  binsize = 2.88559, bins = 2 2 2
  1 neighbor lists, perpetual/occasional/extra = 1 0 0
  (1) pair sw, perpetual
      attributes: full, newton on
      pair build: full/bin/atomonly
      stencil: full/bin/3d
      bin: standard
Per MPI rank memory allocation (min/avg/max) = 2.958 | 2.958 | 2.958 Mbytes
   Step          Temp          E_pair         E_mol          TotEng         Press     
         0   0             -34.373182      0             -34.373182     -6462.6955    
Loop time of 1.02e-06 on 1 procs for 0 steps with 8 atoms

0.0% CPU use with 1 MPI tasks x 1 OpenMP threads

MPI task timing breakdown:
Section |  min time  |  avg time  |  max time  |%varavg| %total
---------------------------------------------------------------
Pair    | 0          | 0          | 0          |   0.0 |  0.00
Neigh   | 0          | 0          | 0          |   0.0 |  0.00
Comm    | 0          | 0          | 0          |   0.0 |  0.00
Output  | 0          | 0          | 0          |   0.0 |  0.00
Modify  | 0          | 0          | 0          |   0.0 |  0.00
Other   |            | 1.02e-06   |            |       |100.00

Nlocal:              8 ave           8 max           8 min
Histogram: 1 0 0 0 0 0 0 0 0 0
Nghost:            226 ave         226 max         226 min
Histogram: 1 0 0 0 0 0 0 0 0 0
Neighs:              0 ave           0 max           0 min
Histogram: 1 0 0 0 0 0 0 0 0 0
FullNghs:          274 ave         274 max         274 min
Histogram: 1 0 0 0 0 0 0 0 0 0

Total # of neighbors = 274
Ave neighs/atom = 34.25
Neighbor list builds = 0
Dangerous builds = 0
next i
jump SELF loop_struct
clear
  using 1 OpenMP thread(s) per MPI task
log energies.log append
units metal
boundary p p p
atom_style atomic
read_data epoch60_${i}.in
read_data epoch60_95.in
Reading data file ...
  orthogonal box = (0 0 0) to (5.4437022 5.4437022 5.4437022)
  1 by 1 by 1 MPI processor grid
  reading atoms ...
  8 atoms
  reading velocities ...
  8 velocities
  read_data CPU = 0.000 seconds
mass 1 28.085
pair_style sw
pair_coeff * * Si.sw Si
Reading sw potential file Si.sw with DATE: 2007-06-11
run 0
WARNING: No fixes with time integration, atoms won't move (src/verlet.cpp:60)
Neighbor list info ...
  update: every = 1 steps, delay = 0 steps, check = yes
  max neighbors/atom: 2000, page size: 100000
  master list distance cutoff = 5.77118
  ghost atom cutoff = 5.77118
  binsize = 2.88559, bins = 2 2 2
  1 neighbor lists, perpetual/occasional/extra = 1 0 0
  (1) pair sw, perpetual
      attributes: full, newton on
      pair build: full/bin/atomonly
      stencil: full/bin/3d
      bin: standard
Per MPI rank memory allocation (min/avg/max) = 2.958 | 2.958 | 2.958 Mbytes
   Step          Temp          E_pair         E_mol          TotEng         Press     
         0   0             -34.524172      0             -34.524172     -6974.5385    
Loop time of 1e-06 on 1 procs for 0 steps with 8 atoms

100.0% CPU use with 1 MPI tasks x 1 OpenMP threads

MPI task timing breakdown:
Section |  min time  |  avg time  |  max time  |%varavg| %total
---------------------------------------------------------------
Pair    | 0          | 0          | 0          |   0.0 |  0.00
Neigh   | 0          | 0          | 0          |   0.0 |  0.00
Comm    | 0          | 0          | 0          |   0.0 |  0.00
Output  | 0          | 0          | 0          |   0.0 |  0.00
Modify  | 0          | 0          | 0          |   0.0 |  0.00
Other   |            | 1e-06      |            |       |100.00

Nlocal:              8 ave           8 max           8 min
Histogram: 1 0 0 0 0 0 0 0 0 0
Nghost:            217 ave         217 max         217 min
Histogram: 1 0 0 0 0 0 0 0 0 0
Neighs:              0 ave           0 max           0 min
Histogram: 1 0 0 0 0 0 0 0 0 0
FullNghs:          272 ave         272 max         272 min
Histogram: 1 0 0 0 0 0 0 0 0 0

Total # of neighbors = 272
Ave neighs/atom = 34
Neighbor list builds = 0
Dangerous builds = 0
next i
jump SELF loop_struct
clear
  using 1 OpenMP thread(s) per MPI task
log energies.log append
units metal
boundary p p p
atom_style atomic
read_data epoch60_${i}.in
read_data epoch60_96.in
Reading data file ...
  orthogonal box = (0 0 0) to (5.4437022 5.4437022 5.4437022)
  1 by 1 by 1 MPI processor grid
  reading atoms ...
  8 atoms
  reading velocities ...
  8 velocities
  read_data CPU = 0.000 seconds
mass 1 28.085
pair_style sw
pair_coeff * * Si.sw Si
Reading sw potential file Si.sw with DATE: 2007-06-11
run 0
WARNING: No fixes with time integration, atoms won't move (src/verlet.cpp:60)
Neighbor list info ...
  update: every = 1 steps, delay = 0 steps, check = yes
  max neighbors/atom: 2000, page size: 100000
  master list distance cutoff = 5.77118
  ghost atom cutoff = 5.77118
  binsize = 2.88559, bins = 2 2 2
  1 neighbor lists, perpetual/occasional/extra = 1 0 0
  (1) pair sw, perpetual
      attributes: full, newton on
      pair build: full/bin/atomonly
      stencil: full/bin/3d
      bin: standard
Per MPI rank memory allocation (min/avg/max) = 2.958 | 2.958 | 2.958 Mbytes
   Step          Temp          E_pair         E_mol          TotEng         Press     
         0   0             -34.44016       0             -34.44016      -5478.4586    
Loop time of 1e-06 on 1 procs for 0 steps with 8 atoms

100.0% CPU use with 1 MPI tasks x 1 OpenMP threads

MPI task timing breakdown:
Section |  min time  |  avg time  |  max time  |%varavg| %total
---------------------------------------------------------------
Pair    | 0          | 0          | 0          |   0.0 |  0.00
Neigh   | 0          | 0          | 0          |   0.0 |  0.00
Comm    | 0          | 0          | 0          |   0.0 |  0.00
Output  | 0          | 0          | 0          |   0.0 |  0.00
Modify  | 0          | 0          | 0          |   0.0 |  0.00
Other   |            | 1e-06      |            |       |100.00

Nlocal:              8 ave           8 max           8 min
Histogram: 1 0 0 0 0 0 0 0 0 0
Nghost:            265 ave         265 max         265 min
Histogram: 1 0 0 0 0 0 0 0 0 0
Neighs:              0 ave           0 max           0 min
Histogram: 1 0 0 0 0 0 0 0 0 0
FullNghs:          272 ave         272 max         272 min
Histogram: 1 0 0 0 0 0 0 0 0 0

Total # of neighbors = 272
Ave neighs/atom = 34
Neighbor list builds = 0
Dangerous builds = 0
next i
jump SELF loop_struct
clear
  using 1 OpenMP thread(s) per MPI task
log energies.log append
units metal
boundary p p p
atom_style atomic
read_data epoch60_${i}.in
read_data epoch60_97.in
Reading data file ...
  orthogonal box = (0 0 0) to (5.4437022 5.4437022 5.4437022)
  1 by 1 by 1 MPI processor grid
  reading atoms ...
  8 atoms
  reading velocities ...
  8 velocities
  read_data CPU = 0.001 seconds
mass 1 28.085
pair_style sw
pair_coeff * * Si.sw Si
Reading sw potential file Si.sw with DATE: 2007-06-11
run 0
WARNING: No fixes with time integration, atoms won't move (src/verlet.cpp:60)
Neighbor list info ...
  update: every = 1 steps, delay = 0 steps, check = yes
  max neighbors/atom: 2000, page size: 100000
  master list distance cutoff = 5.77118
  ghost atom cutoff = 5.77118
  binsize = 2.88559, bins = 2 2 2
  1 neighbor lists, perpetual/occasional/extra = 1 0 0
  (1) pair sw, perpetual
      attributes: full, newton on
      pair build: full/bin/atomonly
      stencil: full/bin/3d
      bin: standard
Per MPI rank memory allocation (min/avg/max) = 2.958 | 2.958 | 2.958 Mbytes
   Step          Temp          E_pair         E_mol          TotEng         Press     
         0   0             -34.335354      0             -34.335354     -6836.9034    
Loop time of 1.01e-06 on 1 procs for 0 steps with 8 atoms

0.0% CPU use with 1 MPI tasks x 1 OpenMP threads

MPI task timing breakdown:
Section |  min time  |  avg time  |  max time  |%varavg| %total
---------------------------------------------------------------
Pair    | 0          | 0          | 0          |   0.0 |  0.00
Neigh   | 0          | 0          | 0          |   0.0 |  0.00
Comm    | 0          | 0          | 0          |   0.0 |  0.00
Output  | 0          | 0          | 0          |   0.0 |  0.00
Modify  | 0          | 0          | 0          |   0.0 |  0.00
Other   |            | 1.01e-06   |            |       |100.00

Nlocal:              8 ave           8 max           8 min
Histogram: 1 0 0 0 0 0 0 0 0 0
Nghost:            235 ave         235 max         235 min
Histogram: 1 0 0 0 0 0 0 0 0 0
Neighs:              0 ave           0 max           0 min
Histogram: 1 0 0 0 0 0 0 0 0 0
FullNghs:          272 ave         272 max         272 min
Histogram: 1 0 0 0 0 0 0 0 0 0

Total # of neighbors = 272
Ave neighs/atom = 34
Neighbor list builds = 0
Dangerous builds = 0
next i
jump SELF loop_struct
clear
  using 1 OpenMP thread(s) per MPI task
log energies.log append
units metal
boundary p p p
atom_style atomic
read_data epoch60_${i}.in
read_data epoch60_98.in
Reading data file ...
  orthogonal box = (0 0 0) to (5.4437022 5.4437022 5.4437022)
  1 by 1 by 1 MPI processor grid
  reading atoms ...
  8 atoms
  reading velocities ...
  8 velocities
  read_data CPU = 0.001 seconds
mass 1 28.085
pair_style sw
pair_coeff * * Si.sw Si
Reading sw potential file Si.sw with DATE: 2007-06-11
run 0
WARNING: No fixes with time integration, atoms won't move (src/verlet.cpp:60)
Neighbor list info ...
  update: every = 1 steps, delay = 0 steps, check = yes
  max neighbors/atom: 2000, page size: 100000
  master list distance cutoff = 5.77118
  ghost atom cutoff = 5.77118
  binsize = 2.88559, bins = 2 2 2
  1 neighbor lists, perpetual/occasional/extra = 1 0 0
  (1) pair sw, perpetual
      attributes: full, newton on
      pair build: full/bin/atomonly
      stencil: full/bin/3d
      bin: standard
Per MPI rank memory allocation (min/avg/max) = 2.958 | 2.958 | 2.958 Mbytes
   Step          Temp          E_pair         E_mol          TotEng         Press     
         0   0             -34.300313      0             -34.300313     -5765.8217    
Loop time of 1.02e-06 on 1 procs for 0 steps with 8 atoms

0.0% CPU use with 1 MPI tasks x 1 OpenMP threads

MPI task timing breakdown:
Section |  min time  |  avg time  |  max time  |%varavg| %total
---------------------------------------------------------------
Pair    | 0          | 0          | 0          |   0.0 |  0.00
Neigh   | 0          | 0          | 0          |   0.0 |  0.00
Comm    | 0          | 0          | 0          |   0.0 |  0.00
Output  | 0          | 0          | 0          |   0.0 |  0.00
Modify  | 0          | 0          | 0          |   0.0 |  0.00
Other   |            | 1.02e-06   |            |       |100.00

Nlocal:              8 ave           8 max           8 min
Histogram: 1 0 0 0 0 0 0 0 0 0
Nghost:            235 ave         235 max         235 min
Histogram: 1 0 0 0 0 0 0 0 0 0
Neighs:              0 ave           0 max           0 min
Histogram: 1 0 0 0 0 0 0 0 0 0
FullNghs:          274 ave         274 max         274 min
Histogram: 1 0 0 0 0 0 0 0 0 0

Total # of neighbors = 274
Ave neighs/atom = 34.25
Neighbor list builds = 0
Dangerous builds = 0
next i
jump SELF loop_struct
clear
  using 1 OpenMP thread(s) per MPI task
log energies.log append
units metal
boundary p p p
atom_style atomic
read_data epoch60_${i}.in
read_data epoch60_99.in
Reading data file ...
  orthogonal box = (0 0 0) to (5.4437022 5.4437022 5.4437022)
  1 by 1 by 1 MPI processor grid
  reading atoms ...
  8 atoms
  reading velocities ...
  8 velocities
  read_data CPU = 0.000 seconds
mass 1 28.085
pair_style sw
pair_coeff * * Si.sw Si
Reading sw potential file Si.sw with DATE: 2007-06-11
run 0
WARNING: No fixes with time integration, atoms won't move (src/verlet.cpp:60)
Neighbor list info ...
  update: every = 1 steps, delay = 0 steps, check = yes
  max neighbors/atom: 2000, page size: 100000
  master list distance cutoff = 5.77118
  ghost atom cutoff = 5.77118
  binsize = 2.88559, bins = 2 2 2
  1 neighbor lists, perpetual/occasional/extra = 1 0 0
  (1) pair sw, perpetual
      attributes: full, newton on
      pair build: full/bin/atomonly
      stencil: full/bin/3d
      bin: standard
Per MPI rank memory allocation (min/avg/max) = 2.958 | 2.958 | 2.958 Mbytes
   Step          Temp          E_pair         E_mol          TotEng         Press     
         0   0             -34.475226      0             -34.475226     -5983.7776    
Loop time of 1.01e-06 on 1 procs for 0 steps with 8 atoms

0.0% CPU use with 1 MPI tasks x 1 OpenMP threads

MPI task timing breakdown:
Section |  min time  |  avg time  |  max time  |%varavg| %total
---------------------------------------------------------------
Pair    | 0          | 0          | 0          |   0.0 |  0.00
Neigh   | 0          | 0          | 0          |   0.0 |  0.00
Comm    | 0          | 0          | 0          |   0.0 |  0.00
Output  | 0          | 0          | 0          |   0.0 |  0.00
Modify  | 0          | 0          | 0          |   0.0 |  0.00
Other   |            | 1.01e-06   |            |       |100.00

Nlocal:              8 ave           8 max           8 min
Histogram: 1 0 0 0 0 0 0 0 0 0
Nghost:            226 ave         226 max         226 min
Histogram: 1 0 0 0 0 0 0 0 0 0
Neighs:              0 ave           0 max           0 min
Histogram: 1 0 0 0 0 0 0 0 0 0
FullNghs:          272 ave         272 max         272 min
Histogram: 1 0 0 0 0 0 0 0 0 0

Total # of neighbors = 272
Ave neighs/atom = 34
Neighbor list builds = 0
Dangerous builds = 0
next i
jump SELF loop_struct
clear
  using 1 OpenMP thread(s) per MPI task
log energies.log append
units metal
boundary p p p
atom_style atomic
read_data epoch60_${i}.in
read_data epoch60_100.in
Reading data file ...
  orthogonal box = (0 0 0) to (5.4437022 5.4437022 5.4437022)
  1 by 1 by 1 MPI processor grid
  reading atoms ...
  8 atoms
  reading velocities ...
  8 velocities
  read_data CPU = 0.001 seconds
mass 1 28.085
pair_style sw
pair_coeff * * Si.sw Si
Reading sw potential file Si.sw with DATE: 2007-06-11
run 0
WARNING: No fixes with time integration, atoms won't move (src/verlet.cpp:60)
Neighbor list info ...
  update: every = 1 steps, delay = 0 steps, check = yes
  max neighbors/atom: 2000, page size: 100000
  master list distance cutoff = 5.77118
  ghost atom cutoff = 5.77118
  binsize = 2.88559, bins = 2 2 2
  1 neighbor lists, perpetual/occasional/extra = 1 0 0
  (1) pair sw, perpetual
      attributes: full, newton on
      pair build: full/bin/atomonly
      stencil: full/bin/3d
      bin: standard
Per MPI rank memory allocation (min/avg/max) = 2.958 | 2.958 | 2.958 Mbytes
   Step          Temp          E_pair         E_mol          TotEng         Press     
         0   0             -34.513474      0             -34.513474     -5475.7486    
Loop time of 1.01e-06 on 1 procs for 0 steps with 8 atoms

99.0% CPU use with 1 MPI tasks x 1 OpenMP threads

MPI task timing breakdown:
Section |  min time  |  avg time  |  max time  |%varavg| %total
---------------------------------------------------------------
Pair    | 0          | 0          | 0          |   0.0 |  0.00
Neigh   | 0          | 0          | 0          |   0.0 |  0.00
Comm    | 0          | 0          | 0          |   0.0 |  0.00
Output  | 0          | 0          | 0          |   0.0 |  0.00
Modify  | 0          | 0          | 0          |   0.0 |  0.00
Other   |            | 1.01e-06   |            |       |100.00

Nlocal:              8 ave           8 max           8 min
Histogram: 1 0 0 0 0 0 0 0 0 0
Nghost:            208 ave         208 max         208 min
Histogram: 1 0 0 0 0 0 0 0 0 0
Neighs:              0 ave           0 max           0 min
Histogram: 1 0 0 0 0 0 0 0 0 0
FullNghs:          272 ave         272 max         272 min
Histogram: 1 0 0 0 0 0 0 0 0 0

Total # of neighbors = 272
Ave neighs/atom = 34
Neighbor list builds = 0
Dangerous builds = 0
next i
jump SELF loop_struct
clear
  using 1 OpenMP thread(s) per MPI task
log energies.log append
units metal
boundary p p p
atom_style atomic
read_data epoch60_${i}.in
read_data epoch60_101.in
Reading data file ...
  orthogonal box = (0 0 0) to (5.4437022 5.4437022 5.4437022)
  1 by 1 by 1 MPI processor grid
  reading atoms ...
  8 atoms
  reading velocities ...
  8 velocities
  read_data CPU = 0.001 seconds
mass 1 28.085
pair_style sw
pair_coeff * * Si.sw Si
Reading sw potential file Si.sw with DATE: 2007-06-11
run 0
Neighbor list info ...
  update: every = 1 steps, delay = 0 steps, check = yes
  max neighbors/atom: 2000, page size: 100000
  master list distance cutoff = 5.77118
  ghost atom cutoff = 5.77118
  binsize = 2.88559, bins = 2 2 2
  1 neighbor lists, perpetual/occasional/extra = 1 0 0
  (1) pair sw, perpetual
      attributes: full, newton on
      pair build: full/bin/atomonly
      stencil: full/bin/3d
      bin: standard
Per MPI rank memory allocation (min/avg/max) = 2.958 | 2.958 | 2.958 Mbytes
   Step          Temp          E_pair         E_mol          TotEng         Press     
WARNING: Too many warnings: 101 vs 100. All future warnings will be suppressed (src/thermo.cpp:478)
         0   0             -34.428311      0             -34.428311     -7359.1473    
Loop time of 1.02e-06 on 1 procs for 0 steps with 8 atoms

98.0% CPU use with 1 MPI tasks x 1 OpenMP threads

MPI task timing breakdown:
Section |  min time  |  avg time  |  max time  |%varavg| %total
---------------------------------------------------------------
Pair    | 0          | 0          | 0          |   0.0 |  0.00
Neigh   | 0          | 0          | 0          |   0.0 |  0.00
Comm    | 0          | 0          | 0          |   0.0 |  0.00
Output  | 0          | 0          | 0          |   0.0 |  0.00
Modify  | 0          | 0          | 0          |   0.0 |  0.00
Other   |            | 1.02e-06   |            |       |100.00

Nlocal:              8 ave           8 max           8 min
Histogram: 1 0 0 0 0 0 0 0 0 0
Nghost:            244 ave         244 max         244 min
Histogram: 1 0 0 0 0 0 0 0 0 0
Neighs:              0 ave           0 max           0 min
Histogram: 1 0 0 0 0 0 0 0 0 0
FullNghs:          274 ave         274 max         274 min
Histogram: 1 0 0 0 0 0 0 0 0 0

Total # of neighbors = 274
Ave neighs/atom = 34.25
Neighbor list builds = 0
Dangerous builds = 0
next i
jump SELF loop_struct
clear
  using 1 OpenMP thread(s) per MPI task
log energies.log append
units metal
boundary p p p
atom_style atomic
read_data epoch60_${i}.in
read_data epoch60_102.in
Reading data file ...
  orthogonal box = (0 0 0) to (5.4437022 5.4437022 5.4437022)
  1 by 1 by 1 MPI processor grid
  reading atoms ...
  8 atoms
  reading velocities ...
  8 velocities
  read_data CPU = 0.001 seconds
mass 1 28.085
pair_style sw
pair_coeff * * Si.sw Si
Reading sw potential file Si.sw with DATE: 2007-06-11
run 0
Neighbor list info ...
  update: every = 1 steps, delay = 0 steps, check = yes
  max neighbors/atom: 2000, page size: 100000
  master list distance cutoff = 5.77118
  ghost atom cutoff = 5.77118
  binsize = 2.88559, bins = 2 2 2
  1 neighbor lists, perpetual/occasional/extra = 1 0 0
  (1) pair sw, perpetual
      attributes: full, newton on
      pair build: full/bin/atomonly
      stencil: full/bin/3d
      bin: standard
Per MPI rank memory allocation (min/avg/max) = 2.958 | 2.958 | 2.958 Mbytes
   Step          Temp          E_pair         E_mol          TotEng         Press     
WARNING: Too many warnings: 102 vs 100. All future warnings will be suppressed (src/thermo.cpp:478)
         0   0             -34.370906      0             -34.370906     -6050.9149    
Loop time of 1.01e-06 on 1 procs for 0 steps with 8 atoms

0.0% CPU use with 1 MPI tasks x 1 OpenMP threads

MPI task timing breakdown:
Section |  min time  |  avg time  |  max time  |%varavg| %total
---------------------------------------------------------------
Pair    | 0          | 0          | 0          |   0.0 |  0.00
Neigh   | 0          | 0          | 0          |   0.0 |  0.00
Comm    | 0          | 0          | 0          |   0.0 |  0.00
Output  | 0          | 0          | 0          |   0.0 |  0.00
Modify  | 0          | 0          | 0          |   0.0 |  0.00
Other   |            | 1.01e-06   |            |       |100.00

Nlocal:              8 ave           8 max           8 min
Histogram: 1 0 0 0 0 0 0 0 0 0
Nghost:            238 ave         238 max         238 min
Histogram: 1 0 0 0 0 0 0 0 0 0
Neighs:              0 ave           0 max           0 min
Histogram: 1 0 0 0 0 0 0 0 0 0
FullNghs:          272 ave         272 max         272 min
Histogram: 1 0 0 0 0 0 0 0 0 0

Total # of neighbors = 272
Ave neighs/atom = 34
Neighbor list builds = 0
Dangerous builds = 0
next i
jump SELF loop_struct
clear
  using 1 OpenMP thread(s) per MPI task
log energies.log append
units metal
boundary p p p
atom_style atomic
read_data epoch60_${i}.in
read_data epoch60_103.in
Reading data file ...
  orthogonal box = (0 0 0) to (5.4437022 5.4437022 5.4437022)
  1 by 1 by 1 MPI processor grid
  reading atoms ...
  8 atoms
  reading velocities ...
  8 velocities
  read_data CPU = 0.001 seconds
mass 1 28.085
pair_style sw
pair_coeff * * Si.sw Si
Reading sw potential file Si.sw with DATE: 2007-06-11
run 0
Neighbor list info ...
  update: every = 1 steps, delay = 0 steps, check = yes
  max neighbors/atom: 2000, page size: 100000
  master list distance cutoff = 5.77118
  ghost atom cutoff = 5.77118
  binsize = 2.88559, bins = 2 2 2
  1 neighbor lists, perpetual/occasional/extra = 1 0 0
  (1) pair sw, perpetual
      attributes: full, newton on
      pair build: full/bin/atomonly
      stencil: full/bin/3d
      bin: standard
Per MPI rank memory allocation (min/avg/max) = 2.958 | 2.958 | 2.958 Mbytes
   Step          Temp          E_pair         E_mol          TotEng         Press     
WARNING: Too many warnings: 103 vs 100. All future warnings will be suppressed (src/thermo.cpp:478)
         0   0             -34.506273      0             -34.506273     -6341.2218    
Loop time of 1e-06 on 1 procs for 0 steps with 8 atoms

0.0% CPU use with 1 MPI tasks x 1 OpenMP threads

MPI task timing breakdown:
Section |  min time  |  avg time  |  max time  |%varavg| %total
---------------------------------------------------------------
Pair    | 0          | 0          | 0          |   0.0 |  0.00
Neigh   | 0          | 0          | 0          |   0.0 |  0.00
Comm    | 0          | 0          | 0          |   0.0 |  0.00
Output  | 0          | 0          | 0          |   0.0 |  0.00
Modify  | 0          | 0          | 0          |   0.0 |  0.00
Other   |            | 1e-06      |            |       |100.00

Nlocal:              8 ave           8 max           8 min
Histogram: 1 0 0 0 0 0 0 0 0 0
Nghost:            208 ave         208 max         208 min
Histogram: 1 0 0 0 0 0 0 0 0 0
Neighs:              0 ave           0 max           0 min
Histogram: 1 0 0 0 0 0 0 0 0 0
FullNghs:          272 ave         272 max         272 min
Histogram: 1 0 0 0 0 0 0 0 0 0

Total # of neighbors = 272
Ave neighs/atom = 34
Neighbor list builds = 0
Dangerous builds = 0
next i
jump SELF loop_struct
clear
  using 1 OpenMP thread(s) per MPI task
log energies.log append
units metal
boundary p p p
atom_style atomic
read_data epoch60_${i}.in
read_data epoch60_104.in
Reading data file ...
  orthogonal box = (0 0 0) to (5.4437022 5.4437022 5.4437022)
  1 by 1 by 1 MPI processor grid
  reading atoms ...
  8 atoms
  reading velocities ...
  8 velocities
  read_data CPU = 0.001 seconds
mass 1 28.085
pair_style sw
pair_coeff * * Si.sw Si
Reading sw potential file Si.sw with DATE: 2007-06-11
run 0
Neighbor list info ...
  update: every = 1 steps, delay = 0 steps, check = yes
  max neighbors/atom: 2000, page size: 100000
  master list distance cutoff = 5.77118
  ghost atom cutoff = 5.77118
  binsize = 2.88559, bins = 2 2 2
  1 neighbor lists, perpetual/occasional/extra = 1 0 0
  (1) pair sw, perpetual
      attributes: full, newton on
      pair build: full/bin/atomonly
      stencil: full/bin/3d
      bin: standard
Per MPI rank memory allocation (min/avg/max) = 2.958 | 2.958 | 2.958 Mbytes
   Step          Temp          E_pair         E_mol          TotEng         Press     
WARNING: Too many warnings: 104 vs 100. All future warnings will be suppressed (src/thermo.cpp:478)
         0   0             -34.430621      0             -34.430621     -6111.0038    
Loop time of 1.02e-06 on 1 procs for 0 steps with 8 atoms

0.0% CPU use with 1 MPI tasks x 1 OpenMP threads

MPI task timing breakdown:
Section |  min time  |  avg time  |  max time  |%varavg| %total
---------------------------------------------------------------
Pair    | 0          | 0          | 0          |   0.0 |  0.00
Neigh   | 0          | 0          | 0          |   0.0 |  0.00
Comm    | 0          | 0          | 0          |   0.0 |  0.00
Output  | 0          | 0          | 0          |   0.0 |  0.00
Modify  | 0          | 0          | 0          |   0.0 |  0.00
Other   |            | 1.02e-06   |            |       |100.00

Nlocal:              8 ave           8 max           8 min
Histogram: 1 0 0 0 0 0 0 0 0 0
Nghost:            226 ave         226 max         226 min
Histogram: 1 0 0 0 0 0 0 0 0 0
Neighs:              0 ave           0 max           0 min
Histogram: 1 0 0 0 0 0 0 0 0 0
FullNghs:          272 ave         272 max         272 min
Histogram: 1 0 0 0 0 0 0 0 0 0

Total # of neighbors = 272
Ave neighs/atom = 34
Neighbor list builds = 0
Dangerous builds = 0
next i
jump SELF loop_struct
clear
  using 1 OpenMP thread(s) per MPI task
log energies.log append
units metal
boundary p p p
atom_style atomic
read_data epoch60_${i}.in
read_data epoch60_105.in
Reading data file ...
  orthogonal box = (0 0 0) to (5.4437022 5.4437022 5.4437022)
  1 by 1 by 1 MPI processor grid
  reading atoms ...
  8 atoms
  reading velocities ...
  8 velocities
  read_data CPU = 0.001 seconds
mass 1 28.085
pair_style sw
pair_coeff * * Si.sw Si
Reading sw potential file Si.sw with DATE: 2007-06-11
run 0
Neighbor list info ...
  update: every = 1 steps, delay = 0 steps, check = yes
  max neighbors/atom: 2000, page size: 100000
  master list distance cutoff = 5.77118
  ghost atom cutoff = 5.77118
  binsize = 2.88559, bins = 2 2 2
  1 neighbor lists, perpetual/occasional/extra = 1 0 0
  (1) pair sw, perpetual
      attributes: full, newton on
      pair build: full/bin/atomonly
      stencil: full/bin/3d
      bin: standard
Per MPI rank memory allocation (min/avg/max) = 2.958 | 2.958 | 2.958 Mbytes
   Step          Temp          E_pair         E_mol          TotEng         Press     
WARNING: Too many warnings: 105 vs 100. All future warnings will be suppressed (src/thermo.cpp:478)
         0   0             -34.498633      0             -34.498633     -5811.1087    
Loop time of 1.01e-06 on 1 procs for 0 steps with 8 atoms

99.0% CPU use with 1 MPI tasks x 1 OpenMP threads

MPI task timing breakdown:
Section |  min time  |  avg time  |  max time  |%varavg| %total
---------------------------------------------------------------
Pair    | 0          | 0          | 0          |   0.0 |  0.00
Neigh   | 0          | 0          | 0          |   0.0 |  0.00
Comm    | 0          | 0          | 0          |   0.0 |  0.00
Output  | 0          | 0          | 0          |   0.0 |  0.00
Modify  | 0          | 0          | 0          |   0.0 |  0.00
Other   |            | 1.01e-06   |            |       |100.00

Nlocal:              8 ave           8 max           8 min
Histogram: 1 0 0 0 0 0 0 0 0 0
Nghost:            208 ave         208 max         208 min
Histogram: 1 0 0 0 0 0 0 0 0 0
Neighs:              0 ave           0 max           0 min
Histogram: 1 0 0 0 0 0 0 0 0 0
FullNghs:          272 ave         272 max         272 min
Histogram: 1 0 0 0 0 0 0 0 0 0

Total # of neighbors = 272
Ave neighs/atom = 34
Neighbor list builds = 0
Dangerous builds = 0
next i
jump SELF loop_struct
clear
  using 1 OpenMP thread(s) per MPI task
log energies.log append
units metal
boundary p p p
atom_style atomic
read_data epoch60_${i}.in
read_data epoch60_106.in
Reading data file ...
  orthogonal box = (0 0 0) to (5.4437022 5.4437022 5.4437022)
  1 by 1 by 1 MPI processor grid
  reading atoms ...
  8 atoms
  reading velocities ...
  8 velocities
  read_data CPU = 0.001 seconds
mass 1 28.085
pair_style sw
pair_coeff * * Si.sw Si
Reading sw potential file Si.sw with DATE: 2007-06-11
run 0
Neighbor list info ...
  update: every = 1 steps, delay = 0 steps, check = yes
  max neighbors/atom: 2000, page size: 100000
  master list distance cutoff = 5.77118
  ghost atom cutoff = 5.77118
  binsize = 2.88559, bins = 2 2 2
  1 neighbor lists, perpetual/occasional/extra = 1 0 0
  (1) pair sw, perpetual
      attributes: full, newton on
      pair build: full/bin/atomonly
      stencil: full/bin/3d
      bin: standard
Per MPI rank memory allocation (min/avg/max) = 2.958 | 2.958 | 2.958 Mbytes
   Step          Temp          E_pair         E_mol          TotEng         Press     
WARNING: Too many warnings: 106 vs 100. All future warnings will be suppressed (src/thermo.cpp:478)
         0   0             -34.509148      0             -34.509148     -6124.4042    
Loop time of 1.05e-06 on 1 procs for 0 steps with 8 atoms

95.2% CPU use with 1 MPI tasks x 1 OpenMP threads

MPI task timing breakdown:
Section |  min time  |  avg time  |  max time  |%varavg| %total
---------------------------------------------------------------
Pair    | 0          | 0          | 0          |   0.0 |  0.00
Neigh   | 0          | 0          | 0          |   0.0 |  0.00
Comm    | 0          | 0          | 0          |   0.0 |  0.00
Output  | 0          | 0          | 0          |   0.0 |  0.00
Modify  | 0          | 0          | 0          |   0.0 |  0.00
Other   |            | 1.05e-06   |            |       |100.00

Nlocal:              8 ave           8 max           8 min
Histogram: 1 0 0 0 0 0 0 0 0 0
Nghost:            226 ave         226 max         226 min
Histogram: 1 0 0 0 0 0 0 0 0 0
Neighs:              0 ave           0 max           0 min
Histogram: 1 0 0 0 0 0 0 0 0 0
FullNghs:          272 ave         272 max         272 min
Histogram: 1 0 0 0 0 0 0 0 0 0

Total # of neighbors = 272
Ave neighs/atom = 34
Neighbor list builds = 0
Dangerous builds = 0
next i
jump SELF loop_struct
clear
  using 1 OpenMP thread(s) per MPI task
log energies.log append
units metal
boundary p p p
atom_style atomic
read_data epoch60_${i}.in
read_data epoch60_107.in
Reading data file ...
  orthogonal box = (0 0 0) to (5.4437022 5.4437022 5.4437022)
  1 by 1 by 1 MPI processor grid
  reading atoms ...
  8 atoms
  reading velocities ...
  8 velocities
  read_data CPU = 0.001 seconds
mass 1 28.085
pair_style sw
pair_coeff * * Si.sw Si
Reading sw potential file Si.sw with DATE: 2007-06-11
run 0
Neighbor list info ...
  update: every = 1 steps, delay = 0 steps, check = yes
  max neighbors/atom: 2000, page size: 100000
  master list distance cutoff = 5.77118
  ghost atom cutoff = 5.77118
  binsize = 2.88559, bins = 2 2 2
  1 neighbor lists, perpetual/occasional/extra = 1 0 0
  (1) pair sw, perpetual
      attributes: full, newton on
      pair build: full/bin/atomonly
      stencil: full/bin/3d
      bin: standard
Per MPI rank memory allocation (min/avg/max) = 2.958 | 2.958 | 2.958 Mbytes
   Step          Temp          E_pair         E_mol          TotEng         Press     
WARNING: Too many warnings: 107 vs 100. All future warnings will be suppressed (src/thermo.cpp:478)
         0   0             -34.477861      0             -34.477861     -7007.6702    
Loop time of 1.01e-06 on 1 procs for 0 steps with 8 atoms

99.0% CPU use with 1 MPI tasks x 1 OpenMP threads

MPI task timing breakdown:
Section |  min time  |  avg time  |  max time  |%varavg| %total
---------------------------------------------------------------
Pair    | 0          | 0          | 0          |   0.0 |  0.00
Neigh   | 0          | 0          | 0          |   0.0 |  0.00
Comm    | 0          | 0          | 0          |   0.0 |  0.00
Output  | 0          | 0          | 0          |   0.0 |  0.00
Modify  | 0          | 0          | 0          |   0.0 |  0.00
Other   |            | 1.01e-06   |            |       |100.00

Nlocal:              8 ave           8 max           8 min
Histogram: 1 0 0 0 0 0 0 0 0 0
Nghost:            247 ave         247 max         247 min
Histogram: 1 0 0 0 0 0 0 0 0 0
Neighs:              0 ave           0 max           0 min
Histogram: 1 0 0 0 0 0 0 0 0 0
FullNghs:          272 ave         272 max         272 min
Histogram: 1 0 0 0 0 0 0 0 0 0

Total # of neighbors = 272
Ave neighs/atom = 34
Neighbor list builds = 0
Dangerous builds = 0
next i
jump SELF loop_struct
clear
  using 1 OpenMP thread(s) per MPI task
log energies.log append
units metal
boundary p p p
atom_style atomic
read_data epoch60_${i}.in
read_data epoch60_108.in
Reading data file ...
  orthogonal box = (0 0 0) to (5.4437022 5.4437022 5.4437022)
  1 by 1 by 1 MPI processor grid
  reading atoms ...
  8 atoms
  reading velocities ...
  8 velocities
  read_data CPU = 0.001 seconds
mass 1 28.085
pair_style sw
pair_coeff * * Si.sw Si
Reading sw potential file Si.sw with DATE: 2007-06-11
run 0
Neighbor list info ...
  update: every = 1 steps, delay = 0 steps, check = yes
  max neighbors/atom: 2000, page size: 100000
  master list distance cutoff = 5.77118
  ghost atom cutoff = 5.77118
  binsize = 2.88559, bins = 2 2 2
  1 neighbor lists, perpetual/occasional/extra = 1 0 0
  (1) pair sw, perpetual
      attributes: full, newton on
      pair build: full/bin/atomonly
      stencil: full/bin/3d
      bin: standard
Per MPI rank memory allocation (min/avg/max) = 2.958 | 2.958 | 2.958 Mbytes
   Step          Temp          E_pair         E_mol          TotEng         Press     
WARNING: Too many warnings: 108 vs 100. All future warnings will be suppressed (src/thermo.cpp:478)
         0   0             -34.295795      0             -34.295795     -5564.4129    
Loop time of 1e-06 on 1 procs for 0 steps with 8 atoms

0.0% CPU use with 1 MPI tasks x 1 OpenMP threads

MPI task timing breakdown:
Section |  min time  |  avg time  |  max time  |%varavg| %total
---------------------------------------------------------------
Pair    | 0          | 0          | 0          |   0.0 |  0.00
Neigh   | 0          | 0          | 0          |   0.0 |  0.00
Comm    | 0          | 0          | 0          |   0.0 |  0.00
Output  | 0          | 0          | 0          |   0.0 |  0.00
Modify  | 0          | 0          | 0          |   0.0 |  0.00
Other   |            | 1e-06      |            |       |100.00

Nlocal:              8 ave           8 max           8 min
Histogram: 1 0 0 0 0 0 0 0 0 0
Nghost:            256 ave         256 max         256 min
Histogram: 1 0 0 0 0 0 0 0 0 0
Neighs:              0 ave           0 max           0 min
Histogram: 1 0 0 0 0 0 0 0 0 0
FullNghs:          274 ave         274 max         274 min
Histogram: 1 0 0 0 0 0 0 0 0 0

Total # of neighbors = 274
Ave neighs/atom = 34.25
Neighbor list builds = 0
Dangerous builds = 0
next i
jump SELF loop_struct
clear
  using 1 OpenMP thread(s) per MPI task
log energies.log append
units metal
boundary p p p
atom_style atomic
read_data epoch60_${i}.in
read_data epoch60_109.in
Reading data file ...
  orthogonal box = (0 0 0) to (5.4437022 5.4437022 5.4437022)
  1 by 1 by 1 MPI processor grid
  reading atoms ...
  8 atoms
  reading velocities ...
  8 velocities
  read_data CPU = 0.001 seconds
mass 1 28.085
pair_style sw
pair_coeff * * Si.sw Si
Reading sw potential file Si.sw with DATE: 2007-06-11
run 0
Neighbor list info ...
  update: every = 1 steps, delay = 0 steps, check = yes
  max neighbors/atom: 2000, page size: 100000
  master list distance cutoff = 5.77118
  ghost atom cutoff = 5.77118
  binsize = 2.88559, bins = 2 2 2
  1 neighbor lists, perpetual/occasional/extra = 1 0 0
  (1) pair sw, perpetual
      attributes: full, newton on
      pair build: full/bin/atomonly
      stencil: full/bin/3d
      bin: standard
Per MPI rank memory allocation (min/avg/max) = 2.958 | 2.958 | 2.958 Mbytes
   Step          Temp          E_pair         E_mol          TotEng         Press     
WARNING: Too many warnings: 109 vs 100. All future warnings will be suppressed (src/thermo.cpp:478)
         0   0             -34.407005      0             -34.407005     -6805.0342    
Loop time of 1e-06 on 1 procs for 0 steps with 8 atoms

0.0% CPU use with 1 MPI tasks x 1 OpenMP threads

MPI task timing breakdown:
Section |  min time  |  avg time  |  max time  |%varavg| %total
---------------------------------------------------------------
Pair    | 0          | 0          | 0          |   0.0 |  0.00
Neigh   | 0          | 0          | 0          |   0.0 |  0.00
Comm    | 0          | 0          | 0          |   0.0 |  0.00
Output  | 0          | 0          | 0          |   0.0 |  0.00
Modify  | 0          | 0          | 0          |   0.0 |  0.00
Other   |            | 1e-06      |            |       |100.00

Nlocal:              8 ave           8 max           8 min
Histogram: 1 0 0 0 0 0 0 0 0 0
Nghost:            235 ave         235 max         235 min
Histogram: 1 0 0 0 0 0 0 0 0 0
Neighs:              0 ave           0 max           0 min
Histogram: 1 0 0 0 0 0 0 0 0 0
FullNghs:          274 ave         274 max         274 min
Histogram: 1 0 0 0 0 0 0 0 0 0

Total # of neighbors = 274
Ave neighs/atom = 34.25
Neighbor list builds = 0
Dangerous builds = 0
next i
jump SELF loop_struct
clear
  using 1 OpenMP thread(s) per MPI task
log energies.log append
units metal
boundary p p p
atom_style atomic
read_data epoch60_${i}.in
read_data epoch60_110.in
Reading data file ...
  orthogonal box = (0 0 0) to (5.4437022 5.4437022 5.4437022)
  1 by 1 by 1 MPI processor grid
  reading atoms ...
  8 atoms
  reading velocities ...
  8 velocities
  read_data CPU = 0.001 seconds
mass 1 28.085
pair_style sw
pair_coeff * * Si.sw Si
Reading sw potential file Si.sw with DATE: 2007-06-11
run 0
Neighbor list info ...
  update: every = 1 steps, delay = 0 steps, check = yes
  max neighbors/atom: 2000, page size: 100000
  master list distance cutoff = 5.77118
  ghost atom cutoff = 5.77118
  binsize = 2.88559, bins = 2 2 2
  1 neighbor lists, perpetual/occasional/extra = 1 0 0
  (1) pair sw, perpetual
      attributes: full, newton on
      pair build: full/bin/atomonly
      stencil: full/bin/3d
      bin: standard
Per MPI rank memory allocation (min/avg/max) = 2.958 | 2.958 | 2.958 Mbytes
   Step          Temp          E_pair         E_mol          TotEng         Press     
WARNING: Too many warnings: 110 vs 100. All future warnings will be suppressed (src/thermo.cpp:478)
         0   0             -34.252489      0             -34.252489     -7402.1504    
Loop time of 1e-06 on 1 procs for 0 steps with 8 atoms

100.0% CPU use with 1 MPI tasks x 1 OpenMP threads

MPI task timing breakdown:
Section |  min time  |  avg time  |  max time  |%varavg| %total
---------------------------------------------------------------
Pair    | 0          | 0          | 0          |   0.0 |  0.00
Neigh   | 0          | 0          | 0          |   0.0 |  0.00
Comm    | 0          | 0          | 0          |   0.0 |  0.00
Output  | 0          | 0          | 0          |   0.0 |  0.00
Modify  | 0          | 0          | 0          |   0.0 |  0.00
Other   |            | 1e-06      |            |       |100.00

Nlocal:              8 ave           8 max           8 min
Histogram: 1 0 0 0 0 0 0 0 0 0
Nghost:            217 ave         217 max         217 min
Histogram: 1 0 0 0 0 0 0 0 0 0
Neighs:              0 ave           0 max           0 min
Histogram: 1 0 0 0 0 0 0 0 0 0
FullNghs:          278 ave         278 max         278 min
Histogram: 1 0 0 0 0 0 0 0 0 0

Total # of neighbors = 278
Ave neighs/atom = 34.75
Neighbor list builds = 0
Dangerous builds = 0
next i
jump SELF loop_struct
clear
  using 1 OpenMP thread(s) per MPI task
log energies.log append
units metal
boundary p p p
atom_style atomic
read_data epoch60_${i}.in
read_data epoch60_111.in
Reading data file ...
  orthogonal box = (0 0 0) to (5.4437022 5.4437022 5.4437022)
  1 by 1 by 1 MPI processor grid
  reading atoms ...
  8 atoms
  reading velocities ...
  8 velocities
  read_data CPU = 0.001 seconds
mass 1 28.085
pair_style sw
pair_coeff * * Si.sw Si
Reading sw potential file Si.sw with DATE: 2007-06-11
run 0
Neighbor list info ...
  update: every = 1 steps, delay = 0 steps, check = yes
  max neighbors/atom: 2000, page size: 100000
  master list distance cutoff = 5.77118
  ghost atom cutoff = 5.77118
  binsize = 2.88559, bins = 2 2 2
  1 neighbor lists, perpetual/occasional/extra = 1 0 0
  (1) pair sw, perpetual
      attributes: full, newton on
      pair build: full/bin/atomonly
      stencil: full/bin/3d
      bin: standard
Per MPI rank memory allocation (min/avg/max) = 2.958 | 2.958 | 2.958 Mbytes
   Step          Temp          E_pair         E_mol          TotEng         Press     
WARNING: Too many warnings: 111 vs 100. All future warnings will be suppressed (src/thermo.cpp:478)
         0   0             -34.478227      0             -34.478227     -6648.2829    
Loop time of 1.05e-06 on 1 procs for 0 steps with 8 atoms

95.2% CPU use with 1 MPI tasks x 1 OpenMP threads

MPI task timing breakdown:
Section |  min time  |  avg time  |  max time  |%varavg| %total
---------------------------------------------------------------
Pair    | 0          | 0          | 0          |   0.0 |  0.00
Neigh   | 0          | 0          | 0          |   0.0 |  0.00
Comm    | 0          | 0          | 0          |   0.0 |  0.00
Output  | 0          | 0          | 0          |   0.0 |  0.00
Modify  | 0          | 0          | 0          |   0.0 |  0.00
Other   |            | 1.05e-06   |            |       |100.00

Nlocal:              8 ave           8 max           8 min
Histogram: 1 0 0 0 0 0 0 0 0 0
Nghost:            253 ave         253 max         253 min
Histogram: 1 0 0 0 0 0 0 0 0 0
Neighs:              0 ave           0 max           0 min
Histogram: 1 0 0 0 0 0 0 0 0 0
FullNghs:          272 ave         272 max         272 min
Histogram: 1 0 0 0 0 0 0 0 0 0

Total # of neighbors = 272
Ave neighs/atom = 34
Neighbor list builds = 0
Dangerous builds = 0
next i
jump SELF loop_struct
clear
  using 1 OpenMP thread(s) per MPI task
log energies.log append
units metal
boundary p p p
atom_style atomic
read_data epoch60_${i}.in
read_data epoch60_112.in
Reading data file ...
  orthogonal box = (0 0 0) to (5.4437022 5.4437022 5.4437022)
  1 by 1 by 1 MPI processor grid
  reading atoms ...
  8 atoms
  reading velocities ...
  8 velocities
  read_data CPU = 0.000 seconds
mass 1 28.085
pair_style sw
pair_coeff * * Si.sw Si
Reading sw potential file Si.sw with DATE: 2007-06-11
run 0
Neighbor list info ...
  update: every = 1 steps, delay = 0 steps, check = yes
  max neighbors/atom: 2000, page size: 100000
  master list distance cutoff = 5.77118
  ghost atom cutoff = 5.77118
  binsize = 2.88559, bins = 2 2 2
  1 neighbor lists, perpetual/occasional/extra = 1 0 0
  (1) pair sw, perpetual
      attributes: full, newton on
      pair build: full/bin/atomonly
      stencil: full/bin/3d
      bin: standard
Per MPI rank memory allocation (min/avg/max) = 2.958 | 2.958 | 2.958 Mbytes
   Step          Temp          E_pair         E_mol          TotEng         Press     
WARNING: Too many warnings: 112 vs 100. All future warnings will be suppressed (src/thermo.cpp:478)
         0   0             -34.229714      0             -34.229714     -4736.2226    
Loop time of 1e-06 on 1 procs for 0 steps with 8 atoms

0.0% CPU use with 1 MPI tasks x 1 OpenMP threads

MPI task timing breakdown:
Section |  min time  |  avg time  |  max time  |%varavg| %total
---------------------------------------------------------------
Pair    | 0          | 0          | 0          |   0.0 |  0.00
Neigh   | 0          | 0          | 0          |   0.0 |  0.00
Comm    | 0          | 0          | 0          |   0.0 |  0.00
Output  | 0          | 0          | 0          |   0.0 |  0.00
Modify  | 0          | 0          | 0          |   0.0 |  0.00
Other   |            | 1e-06      |            |       |100.00

Nlocal:              8 ave           8 max           8 min
Histogram: 1 0 0 0 0 0 0 0 0 0
Nghost:            247 ave         247 max         247 min
Histogram: 1 0 0 0 0 0 0 0 0 0
Neighs:              0 ave           0 max           0 min
Histogram: 1 0 0 0 0 0 0 0 0 0
FullNghs:          274 ave         274 max         274 min
Histogram: 1 0 0 0 0 0 0 0 0 0

Total # of neighbors = 274
Ave neighs/atom = 34.25
Neighbor list builds = 0
Dangerous builds = 0
next i
jump SELF loop_struct
clear
  using 1 OpenMP thread(s) per MPI task
log energies.log append
units metal
boundary p p p
atom_style atomic
read_data epoch60_${i}.in
read_data epoch60_113.in
Reading data file ...
  orthogonal box = (0 0 0) to (5.4437022 5.4437022 5.4437022)
  1 by 1 by 1 MPI processor grid
  reading atoms ...
  8 atoms
  reading velocities ...
  8 velocities
  read_data CPU = 0.000 seconds
mass 1 28.085
pair_style sw
pair_coeff * * Si.sw Si
Reading sw potential file Si.sw with DATE: 2007-06-11
run 0
Neighbor list info ...
  update: every = 1 steps, delay = 0 steps, check = yes
  max neighbors/atom: 2000, page size: 100000
  master list distance cutoff = 5.77118
  ghost atom cutoff = 5.77118
  binsize = 2.88559, bins = 2 2 2
  1 neighbor lists, perpetual/occasional/extra = 1 0 0
  (1) pair sw, perpetual
      attributes: full, newton on
      pair build: full/bin/atomonly
      stencil: full/bin/3d
      bin: standard
Per MPI rank memory allocation (min/avg/max) = 2.958 | 2.958 | 2.958 Mbytes
   Step          Temp          E_pair         E_mol          TotEng         Press     
WARNING: Too many warnings: 113 vs 100. All future warnings will be suppressed (src/thermo.cpp:478)
         0   0             -34.479996      0             -34.479996     -7287.9624    
Loop time of 1e-06 on 1 procs for 0 steps with 8 atoms

100.0% CPU use with 1 MPI tasks x 1 OpenMP threads

MPI task timing breakdown:
Section |  min time  |  avg time  |  max time  |%varavg| %total
---------------------------------------------------------------
Pair    | 0          | 0          | 0          |   0.0 |  0.00
Neigh   | 0          | 0          | 0          |   0.0 |  0.00
Comm    | 0          | 0          | 0          |   0.0 |  0.00
Output  | 0          | 0          | 0          |   0.0 |  0.00
Modify  | 0          | 0          | 0          |   0.0 |  0.00
Other   |            | 1e-06      |            |       |100.00

Nlocal:              8 ave           8 max           8 min
Histogram: 1 0 0 0 0 0 0 0 0 0
Nghost:            226 ave         226 max         226 min
Histogram: 1 0 0 0 0 0 0 0 0 0
Neighs:              0 ave           0 max           0 min
Histogram: 1 0 0 0 0 0 0 0 0 0
FullNghs:          272 ave         272 max         272 min
Histogram: 1 0 0 0 0 0 0 0 0 0

Total # of neighbors = 272
Ave neighs/atom = 34
Neighbor list builds = 0
Dangerous builds = 0
next i
jump SELF loop_struct
clear
  using 1 OpenMP thread(s) per MPI task
log energies.log append
units metal
boundary p p p
atom_style atomic
read_data epoch60_${i}.in
read_data epoch60_114.in
Reading data file ...
  orthogonal box = (0 0 0) to (5.4437022 5.4437022 5.4437022)
  1 by 1 by 1 MPI processor grid
  reading atoms ...
  8 atoms
  reading velocities ...
  8 velocities
  read_data CPU = 0.001 seconds
mass 1 28.085
pair_style sw
pair_coeff * * Si.sw Si
Reading sw potential file Si.sw with DATE: 2007-06-11
run 0
Neighbor list info ...
  update: every = 1 steps, delay = 0 steps, check = yes
  max neighbors/atom: 2000, page size: 100000
  master list distance cutoff = 5.77118
  ghost atom cutoff = 5.77118
  binsize = 2.88559, bins = 2 2 2
  1 neighbor lists, perpetual/occasional/extra = 1 0 0
  (1) pair sw, perpetual
      attributes: full, newton on
      pair build: full/bin/atomonly
      stencil: full/bin/3d
      bin: standard
Per MPI rank memory allocation (min/avg/max) = 2.958 | 2.958 | 2.958 Mbytes
   Step          Temp          E_pair         E_mol          TotEng         Press     
WARNING: Too many warnings: 114 vs 100. All future warnings will be suppressed (src/thermo.cpp:478)
         0   0             -34.425004      0             -34.425004     -6554.5282    
Loop time of 1.01e-06 on 1 procs for 0 steps with 8 atoms

0.0% CPU use with 1 MPI tasks x 1 OpenMP threads

MPI task timing breakdown:
Section |  min time  |  avg time  |  max time  |%varavg| %total
---------------------------------------------------------------
Pair    | 0          | 0          | 0          |   0.0 |  0.00
Neigh   | 0          | 0          | 0          |   0.0 |  0.00
Comm    | 0          | 0          | 0          |   0.0 |  0.00
Output  | 0          | 0          | 0          |   0.0 |  0.00
Modify  | 0          | 0          | 0          |   0.0 |  0.00
Other   |            | 1.01e-06   |            |       |100.00

Nlocal:              8 ave           8 max           8 min
Histogram: 1 0 0 0 0 0 0 0 0 0
Nghost:            208 ave         208 max         208 min
Histogram: 1 0 0 0 0 0 0 0 0 0
Neighs:              0 ave           0 max           0 min
Histogram: 1 0 0 0 0 0 0 0 0 0
FullNghs:          272 ave         272 max         272 min
Histogram: 1 0 0 0 0 0 0 0 0 0

Total # of neighbors = 272
Ave neighs/atom = 34
Neighbor list builds = 0
Dangerous builds = 0
next i
jump SELF loop_struct
clear
  using 1 OpenMP thread(s) per MPI task
log energies.log append
units metal
boundary p p p
atom_style atomic
read_data epoch60_${i}.in
read_data epoch60_115.in
Reading data file ...
  orthogonal box = (0 0 0) to (5.4437022 5.4437022 5.4437022)
  1 by 1 by 1 MPI processor grid
  reading atoms ...
  8 atoms
  reading velocities ...
  8 velocities
  read_data CPU = 0.000 seconds
mass 1 28.085
pair_style sw
pair_coeff * * Si.sw Si
Reading sw potential file Si.sw with DATE: 2007-06-11
run 0
Neighbor list info ...
  update: every = 1 steps, delay = 0 steps, check = yes
  max neighbors/atom: 2000, page size: 100000
  master list distance cutoff = 5.77118
  ghost atom cutoff = 5.77118
  binsize = 2.88559, bins = 2 2 2
  1 neighbor lists, perpetual/occasional/extra = 1 0 0
  (1) pair sw, perpetual
      attributes: full, newton on
      pair build: full/bin/atomonly
      stencil: full/bin/3d
      bin: standard
Per MPI rank memory allocation (min/avg/max) = 2.958 | 2.958 | 2.958 Mbytes
   Step          Temp          E_pair         E_mol          TotEng         Press     
WARNING: Too many warnings: 115 vs 100. All future warnings will be suppressed (src/thermo.cpp:478)
         0   0             -34.381834      0             -34.381834     -6358.0284    
Loop time of 1e-06 on 1 procs for 0 steps with 8 atoms

100.0% CPU use with 1 MPI tasks x 1 OpenMP threads

MPI task timing breakdown:
Section |  min time  |  avg time  |  max time  |%varavg| %total
---------------------------------------------------------------
Pair    | 0          | 0          | 0          |   0.0 |  0.00
Neigh   | 0          | 0          | 0          |   0.0 |  0.00
Comm    | 0          | 0          | 0          |   0.0 |  0.00
Output  | 0          | 0          | 0          |   0.0 |  0.00
Modify  | 0          | 0          | 0          |   0.0 |  0.00
Other   |            | 1e-06      |            |       |100.00

Nlocal:              8 ave           8 max           8 min
Histogram: 1 0 0 0 0 0 0 0 0 0
Nghost:            208 ave         208 max         208 min
Histogram: 1 0 0 0 0 0 0 0 0 0
Neighs:              0 ave           0 max           0 min
Histogram: 1 0 0 0 0 0 0 0 0 0
FullNghs:          272 ave         272 max         272 min
Histogram: 1 0 0 0 0 0 0 0 0 0

Total # of neighbors = 272
Ave neighs/atom = 34
Neighbor list builds = 0
Dangerous builds = 0
next i
jump SELF loop_struct
clear
  using 1 OpenMP thread(s) per MPI task
log energies.log append
units metal
boundary p p p
atom_style atomic
read_data epoch60_${i}.in
read_data epoch60_116.in
Reading data file ...
  orthogonal box = (0 0 0) to (5.4437022 5.4437022 5.4437022)
  1 by 1 by 1 MPI processor grid
  reading atoms ...
  8 atoms
  reading velocities ...
  8 velocities
  read_data CPU = 0.001 seconds
mass 1 28.085
pair_style sw
pair_coeff * * Si.sw Si
Reading sw potential file Si.sw with DATE: 2007-06-11
run 0
Neighbor list info ...
  update: every = 1 steps, delay = 0 steps, check = yes
  max neighbors/atom: 2000, page size: 100000
  master list distance cutoff = 5.77118
  ghost atom cutoff = 5.77118
  binsize = 2.88559, bins = 2 2 2
  1 neighbor lists, perpetual/occasional/extra = 1 0 0
  (1) pair sw, perpetual
      attributes: full, newton on
      pair build: full/bin/atomonly
      stencil: full/bin/3d
      bin: standard
Per MPI rank memory allocation (min/avg/max) = 2.958 | 2.958 | 2.958 Mbytes
   Step          Temp          E_pair         E_mol          TotEng         Press     
WARNING: Too many warnings: 116 vs 100. All future warnings will be suppressed (src/thermo.cpp:478)
         0   0             -34.370351      0             -34.370351     -6097.8435    
Loop time of 1e-06 on 1 procs for 0 steps with 8 atoms

100.0% CPU use with 1 MPI tasks x 1 OpenMP threads

MPI task timing breakdown:
Section |  min time  |  avg time  |  max time  |%varavg| %total
---------------------------------------------------------------
Pair    | 0          | 0          | 0          |   0.0 |  0.00
Neigh   | 0          | 0          | 0          |   0.0 |  0.00
Comm    | 0          | 0          | 0          |   0.0 |  0.00
Output  | 0          | 0          | 0          |   0.0 |  0.00
Modify  | 0          | 0          | 0          |   0.0 |  0.00
Other   |            | 1e-06      |            |       |100.00

Nlocal:              8 ave           8 max           8 min
Histogram: 1 0 0 0 0 0 0 0 0 0
Nghost:            235 ave         235 max         235 min
Histogram: 1 0 0 0 0 0 0 0 0 0
Neighs:              0 ave           0 max           0 min
Histogram: 1 0 0 0 0 0 0 0 0 0
FullNghs:          272 ave         272 max         272 min
Histogram: 1 0 0 0 0 0 0 0 0 0

Total # of neighbors = 272
Ave neighs/atom = 34
Neighbor list builds = 0
Dangerous builds = 0
next i
jump SELF loop_struct
clear
  using 1 OpenMP thread(s) per MPI task
log energies.log append
units metal
boundary p p p
atom_style atomic
read_data epoch60_${i}.in
read_data epoch60_117.in
Reading data file ...
  orthogonal box = (0 0 0) to (5.4437022 5.4437022 5.4437022)
  1 by 1 by 1 MPI processor grid
  reading atoms ...
  8 atoms
  reading velocities ...
  8 velocities
  read_data CPU = 0.000 seconds
mass 1 28.085
pair_style sw
pair_coeff * * Si.sw Si
Reading sw potential file Si.sw with DATE: 2007-06-11
run 0
Neighbor list info ...
  update: every = 1 steps, delay = 0 steps, check = yes
  max neighbors/atom: 2000, page size: 100000
  master list distance cutoff = 5.77118
  ghost atom cutoff = 5.77118
  binsize = 2.88559, bins = 2 2 2
  1 neighbor lists, perpetual/occasional/extra = 1 0 0
  (1) pair sw, perpetual
      attributes: full, newton on
      pair build: full/bin/atomonly
      stencil: full/bin/3d
      bin: standard
Per MPI rank memory allocation (min/avg/max) = 2.958 | 2.958 | 2.958 Mbytes
   Step          Temp          E_pair         E_mol          TotEng         Press     
WARNING: Too many warnings: 117 vs 100. All future warnings will be suppressed (src/thermo.cpp:478)
         0   0             -34.336874      0             -34.336874     -5841.4991    
Loop time of 9.9e-07 on 1 procs for 0 steps with 8 atoms

101.0% CPU use with 1 MPI tasks x 1 OpenMP threads

MPI task timing breakdown:
Section |  min time  |  avg time  |  max time  |%varavg| %total
---------------------------------------------------------------
Pair    | 0          | 0          | 0          |   0.0 |  0.00
Neigh   | 0          | 0          | 0          |   0.0 |  0.00
Comm    | 0          | 0          | 0          |   0.0 |  0.00
Output  | 0          | 0          | 0          |   0.0 |  0.00
Modify  | 0          | 0          | 0          |   0.0 |  0.00
Other   |            | 9.9e-07    |            |       |100.00

Nlocal:              8 ave           8 max           8 min
Histogram: 1 0 0 0 0 0 0 0 0 0
Nghost:            253 ave         253 max         253 min
Histogram: 1 0 0 0 0 0 0 0 0 0
Neighs:              0 ave           0 max           0 min
Histogram: 1 0 0 0 0 0 0 0 0 0
FullNghs:          272 ave         272 max         272 min
Histogram: 1 0 0 0 0 0 0 0 0 0

Total # of neighbors = 272
Ave neighs/atom = 34
Neighbor list builds = 0
Dangerous builds = 0
next i
jump SELF loop_struct
clear
  using 1 OpenMP thread(s) per MPI task
log energies.log append
units metal
boundary p p p
atom_style atomic
read_data epoch60_${i}.in
read_data epoch60_118.in
Reading data file ...
  orthogonal box = (0 0 0) to (5.4437022 5.4437022 5.4437022)
  1 by 1 by 1 MPI processor grid
  reading atoms ...
  8 atoms
  reading velocities ...
  8 velocities
  read_data CPU = 0.000 seconds
mass 1 28.085
pair_style sw
pair_coeff * * Si.sw Si
Reading sw potential file Si.sw with DATE: 2007-06-11
run 0
Neighbor list info ...
  update: every = 1 steps, delay = 0 steps, check = yes
  max neighbors/atom: 2000, page size: 100000
  master list distance cutoff = 5.77118
  ghost atom cutoff = 5.77118
  binsize = 2.88559, bins = 2 2 2
  1 neighbor lists, perpetual/occasional/extra = 1 0 0
  (1) pair sw, perpetual
      attributes: full, newton on
      pair build: full/bin/atomonly
      stencil: full/bin/3d
      bin: standard
Per MPI rank memory allocation (min/avg/max) = 2.958 | 2.958 | 2.958 Mbytes
   Step          Temp          E_pair         E_mol          TotEng         Press     
WARNING: Too many warnings: 118 vs 100. All future warnings will be suppressed (src/thermo.cpp:478)
         0   0             -34.462813      0             -34.462813     -7244.612     
Loop time of 1e-06 on 1 procs for 0 steps with 8 atoms

200.0% CPU use with 1 MPI tasks x 1 OpenMP threads

MPI task timing breakdown:
Section |  min time  |  avg time  |  max time  |%varavg| %total
---------------------------------------------------------------
Pair    | 0          | 0          | 0          |   0.0 |  0.00
Neigh   | 0          | 0          | 0          |   0.0 |  0.00
Comm    | 0          | 0          | 0          |   0.0 |  0.00
Output  | 0          | 0          | 0          |   0.0 |  0.00
Modify  | 0          | 0          | 0          |   0.0 |  0.00
Other   |            | 1e-06      |            |       |100.00

Nlocal:              8 ave           8 max           8 min
Histogram: 1 0 0 0 0 0 0 0 0 0
Nghost:            226 ave         226 max         226 min
Histogram: 1 0 0 0 0 0 0 0 0 0
Neighs:              0 ave           0 max           0 min
Histogram: 1 0 0 0 0 0 0 0 0 0
FullNghs:          272 ave         272 max         272 min
Histogram: 1 0 0 0 0 0 0 0 0 0

Total # of neighbors = 272
Ave neighs/atom = 34
Neighbor list builds = 0
Dangerous builds = 0
next i
jump SELF loop_struct
clear
  using 1 OpenMP thread(s) per MPI task
log energies.log append
units metal
boundary p p p
atom_style atomic
read_data epoch60_${i}.in
read_data epoch60_119.in
Reading data file ...
  orthogonal box = (0 0 0) to (5.4437022 5.4437022 5.4437022)
  1 by 1 by 1 MPI processor grid
  reading atoms ...
  8 atoms
  reading velocities ...
  8 velocities
  read_data CPU = 0.001 seconds
mass 1 28.085
pair_style sw
pair_coeff * * Si.sw Si
Reading sw potential file Si.sw with DATE: 2007-06-11
run 0
Neighbor list info ...
  update: every = 1 steps, delay = 0 steps, check = yes
  max neighbors/atom: 2000, page size: 100000
  master list distance cutoff = 5.77118
  ghost atom cutoff = 5.77118
  binsize = 2.88559, bins = 2 2 2
  1 neighbor lists, perpetual/occasional/extra = 1 0 0
  (1) pair sw, perpetual
      attributes: full, newton on
      pair build: full/bin/atomonly
      stencil: full/bin/3d
      bin: standard
Per MPI rank memory allocation (min/avg/max) = 2.958 | 2.958 | 2.958 Mbytes
   Step          Temp          E_pair         E_mol          TotEng         Press     
WARNING: Too many warnings: 119 vs 100. All future warnings will be suppressed (src/thermo.cpp:478)
         0   0             -34.402112      0             -34.402112     -6550.2743    
Loop time of 1.01e-06 on 1 procs for 0 steps with 8 atoms

99.0% CPU use with 1 MPI tasks x 1 OpenMP threads

MPI task timing breakdown:
Section |  min time  |  avg time  |  max time  |%varavg| %total
---------------------------------------------------------------
Pair    | 0          | 0          | 0          |   0.0 |  0.00
Neigh   | 0          | 0          | 0          |   0.0 |  0.00
Comm    | 0          | 0          | 0          |   0.0 |  0.00
Output  | 0          | 0          | 0          |   0.0 |  0.00
Modify  | 0          | 0          | 0          |   0.0 |  0.00
Other   |            | 1.01e-06   |            |       |100.00

Nlocal:              8 ave           8 max           8 min
Histogram: 1 0 0 0 0 0 0 0 0 0
Nghost:            235 ave         235 max         235 min
Histogram: 1 0 0 0 0 0 0 0 0 0
Neighs:              0 ave           0 max           0 min
Histogram: 1 0 0 0 0 0 0 0 0 0
FullNghs:          276 ave         276 max         276 min
Histogram: 1 0 0 0 0 0 0 0 0 0

Total # of neighbors = 276
Ave neighs/atom = 34.5
Neighbor list builds = 0
Dangerous builds = 0
next i
jump SELF loop_struct
clear
  using 1 OpenMP thread(s) per MPI task
log energies.log append
units metal
boundary p p p
atom_style atomic
read_data epoch60_${i}.in
read_data epoch60_120.in
Reading data file ...
  orthogonal box = (0 0 0) to (5.4437022 5.4437022 5.4437022)
  1 by 1 by 1 MPI processor grid
  reading atoms ...
  8 atoms
  reading velocities ...
  8 velocities
  read_data CPU = 0.000 seconds
mass 1 28.085
pair_style sw
pair_coeff * * Si.sw Si
Reading sw potential file Si.sw with DATE: 2007-06-11
run 0
Neighbor list info ...
  update: every = 1 steps, delay = 0 steps, check = yes
  max neighbors/atom: 2000, page size: 100000
  master list distance cutoff = 5.77118
  ghost atom cutoff = 5.77118
  binsize = 2.88559, bins = 2 2 2
  1 neighbor lists, perpetual/occasional/extra = 1 0 0
  (1) pair sw, perpetual
      attributes: full, newton on
      pair build: full/bin/atomonly
      stencil: full/bin/3d
      bin: standard
Per MPI rank memory allocation (min/avg/max) = 2.958 | 2.958 | 2.958 Mbytes
   Step          Temp          E_pair         E_mol          TotEng         Press     
WARNING: Too many warnings: 120 vs 100. All future warnings will be suppressed (src/thermo.cpp:478)
         0   0             -34.527898      0             -34.527898     -5946.9683    
Loop time of 1.02e-06 on 1 procs for 0 steps with 8 atoms

98.0% CPU use with 1 MPI tasks x 1 OpenMP threads

MPI task timing breakdown:
Section |  min time  |  avg time  |  max time  |%varavg| %total
---------------------------------------------------------------
Pair    | 0          | 0          | 0          |   0.0 |  0.00
Neigh   | 0          | 0          | 0          |   0.0 |  0.00
Comm    | 0          | 0          | 0          |   0.0 |  0.00
Output  | 0          | 0          | 0          |   0.0 |  0.00
Modify  | 0          | 0          | 0          |   0.0 |  0.00
Other   |            | 1.02e-06   |            |       |100.00

Nlocal:              8 ave           8 max           8 min
Histogram: 1 0 0 0 0 0 0 0 0 0
Nghost:            272 ave         272 max         272 min
Histogram: 1 0 0 0 0 0 0 0 0 0
Neighs:              0 ave           0 max           0 min
Histogram: 1 0 0 0 0 0 0 0 0 0
FullNghs:          272 ave         272 max         272 min
Histogram: 1 0 0 0 0 0 0 0 0 0

Total # of neighbors = 272
Ave neighs/atom = 34
Neighbor list builds = 0
Dangerous builds = 0
next i
jump SELF loop_struct
clear
  using 1 OpenMP thread(s) per MPI task
log energies.log append
units metal
boundary p p p
atom_style atomic
read_data epoch60_${i}.in
read_data epoch60_121.in
Reading data file ...
  orthogonal box = (0 0 0) to (5.4437022 5.4437022 5.4437022)
  1 by 1 by 1 MPI processor grid
  reading atoms ...
  8 atoms
  reading velocities ...
  8 velocities
  read_data CPU = 0.000 seconds
mass 1 28.085
pair_style sw
pair_coeff * * Si.sw Si
Reading sw potential file Si.sw with DATE: 2007-06-11
run 0
Neighbor list info ...
  update: every = 1 steps, delay = 0 steps, check = yes
  max neighbors/atom: 2000, page size: 100000
  master list distance cutoff = 5.77118
  ghost atom cutoff = 5.77118
  binsize = 2.88559, bins = 2 2 2
  1 neighbor lists, perpetual/occasional/extra = 1 0 0
  (1) pair sw, perpetual
      attributes: full, newton on
      pair build: full/bin/atomonly
      stencil: full/bin/3d
      bin: standard
Per MPI rank memory allocation (min/avg/max) = 2.958 | 2.958 | 2.958 Mbytes
   Step          Temp          E_pair         E_mol          TotEng         Press     
WARNING: Too many warnings: 121 vs 100. All future warnings will be suppressed (src/thermo.cpp:478)
         0   0             -34.379868      0             -34.379868     -5487.9634    
Loop time of 9.9e-07 on 1 procs for 0 steps with 8 atoms

101.0% CPU use with 1 MPI tasks x 1 OpenMP threads

MPI task timing breakdown:
Section |  min time  |  avg time  |  max time  |%varavg| %total
---------------------------------------------------------------
Pair    | 0          | 0          | 0          |   0.0 |  0.00
Neigh   | 0          | 0          | 0          |   0.0 |  0.00
Comm    | 0          | 0          | 0          |   0.0 |  0.00
Output  | 0          | 0          | 0          |   0.0 |  0.00
Modify  | 0          | 0          | 0          |   0.0 |  0.00
Other   |            | 9.9e-07    |            |       |100.00

Nlocal:              8 ave           8 max           8 min
Histogram: 1 0 0 0 0 0 0 0 0 0
Nghost:            235 ave         235 max         235 min
Histogram: 1 0 0 0 0 0 0 0 0 0
Neighs:              0 ave           0 max           0 min
Histogram: 1 0 0 0 0 0 0 0 0 0
FullNghs:          272 ave         272 max         272 min
Histogram: 1 0 0 0 0 0 0 0 0 0

Total # of neighbors = 272
Ave neighs/atom = 34
Neighbor list builds = 0
Dangerous builds = 0
next i
jump SELF loop_struct
clear
  using 1 OpenMP thread(s) per MPI task
log energies.log append
units metal
boundary p p p
atom_style atomic
read_data epoch60_${i}.in
read_data epoch60_122.in
Reading data file ...
  orthogonal box = (0 0 0) to (5.4437022 5.4437022 5.4437022)
  1 by 1 by 1 MPI processor grid
  reading atoms ...
  8 atoms
  reading velocities ...
  8 velocities
  read_data CPU = 0.000 seconds
mass 1 28.085
pair_style sw
pair_coeff * * Si.sw Si
Reading sw potential file Si.sw with DATE: 2007-06-11
run 0
Neighbor list info ...
  update: every = 1 steps, delay = 0 steps, check = yes
  max neighbors/atom: 2000, page size: 100000
  master list distance cutoff = 5.77118
  ghost atom cutoff = 5.77118
  binsize = 2.88559, bins = 2 2 2
  1 neighbor lists, perpetual/occasional/extra = 1 0 0
  (1) pair sw, perpetual
      attributes: full, newton on
      pair build: full/bin/atomonly
      stencil: full/bin/3d
      bin: standard
Per MPI rank memory allocation (min/avg/max) = 2.958 | 2.958 | 2.958 Mbytes
   Step          Temp          E_pair         E_mol          TotEng         Press     
WARNING: Too many warnings: 122 vs 100. All future warnings will be suppressed (src/thermo.cpp:478)
         0   0             -34.465384      0             -34.465384     -7215.1698    
Loop time of 1.02e-06 on 1 procs for 0 steps with 8 atoms

0.0% CPU use with 1 MPI tasks x 1 OpenMP threads

MPI task timing breakdown:
Section |  min time  |  avg time  |  max time  |%varavg| %total
---------------------------------------------------------------
Pair    | 0          | 0          | 0          |   0.0 |  0.00
Neigh   | 0          | 0          | 0          |   0.0 |  0.00
Comm    | 0          | 0          | 0          |   0.0 |  0.00
Output  | 0          | 0          | 0          |   0.0 |  0.00
Modify  | 0          | 0          | 0          |   0.0 |  0.00
Other   |            | 1.02e-06   |            |       |100.00

Nlocal:              8 ave           8 max           8 min
Histogram: 1 0 0 0 0 0 0 0 0 0
Nghost:            208 ave         208 max         208 min
Histogram: 1 0 0 0 0 0 0 0 0 0
Neighs:              0 ave           0 max           0 min
Histogram: 1 0 0 0 0 0 0 0 0 0
FullNghs:          272 ave         272 max         272 min
Histogram: 1 0 0 0 0 0 0 0 0 0

Total # of neighbors = 272
Ave neighs/atom = 34
Neighbor list builds = 0
Dangerous builds = 0
next i
jump SELF loop_struct
clear
  using 1 OpenMP thread(s) per MPI task
log energies.log append
units metal
boundary p p p
atom_style atomic
read_data epoch60_${i}.in
read_data epoch60_123.in
Reading data file ...
  orthogonal box = (0 0 0) to (5.4437022 5.4437022 5.4437022)
  1 by 1 by 1 MPI processor grid
  reading atoms ...
  8 atoms
  reading velocities ...
  8 velocities
  read_data CPU = 0.000 seconds
mass 1 28.085
pair_style sw
pair_coeff * * Si.sw Si
Reading sw potential file Si.sw with DATE: 2007-06-11
run 0
Neighbor list info ...
  update: every = 1 steps, delay = 0 steps, check = yes
  max neighbors/atom: 2000, page size: 100000
  master list distance cutoff = 5.77118
  ghost atom cutoff = 5.77118
  binsize = 2.88559, bins = 2 2 2
  1 neighbor lists, perpetual/occasional/extra = 1 0 0
  (1) pair sw, perpetual
      attributes: full, newton on
      pair build: full/bin/atomonly
      stencil: full/bin/3d
      bin: standard
Per MPI rank memory allocation (min/avg/max) = 2.958 | 2.958 | 2.958 Mbytes
   Step          Temp          E_pair         E_mol          TotEng         Press     
WARNING: Too many warnings: 123 vs 100. All future warnings will be suppressed (src/thermo.cpp:478)
         0   0             -34.566822      0             -34.566822     -6739.6687    
Loop time of 1.01e-06 on 1 procs for 0 steps with 8 atoms

99.0% CPU use with 1 MPI tasks x 1 OpenMP threads

MPI task timing breakdown:
Section |  min time  |  avg time  |  max time  |%varavg| %total
---------------------------------------------------------------
Pair    | 0          | 0          | 0          |   0.0 |  0.00
Neigh   | 0          | 0          | 0          |   0.0 |  0.00
Comm    | 0          | 0          | 0          |   0.0 |  0.00
Output  | 0          | 0          | 0          |   0.0 |  0.00
Modify  | 0          | 0          | 0          |   0.0 |  0.00
Other   |            | 1.01e-06   |            |       |100.00

Nlocal:              8 ave           8 max           8 min
Histogram: 1 0 0 0 0 0 0 0 0 0
Nghost:            247 ave         247 max         247 min
Histogram: 1 0 0 0 0 0 0 0 0 0
Neighs:              0 ave           0 max           0 min
Histogram: 1 0 0 0 0 0 0 0 0 0
FullNghs:          272 ave         272 max         272 min
Histogram: 1 0 0 0 0 0 0 0 0 0

Total # of neighbors = 272
Ave neighs/atom = 34
Neighbor list builds = 0
Dangerous builds = 0
next i
jump SELF loop_struct
clear
  using 1 OpenMP thread(s) per MPI task
log energies.log append
units metal
boundary p p p
atom_style atomic
read_data epoch60_${i}.in
read_data epoch60_124.in
Reading data file ...
  orthogonal box = (0 0 0) to (5.4437022 5.4437022 5.4437022)
  1 by 1 by 1 MPI processor grid
  reading atoms ...
  8 atoms
  reading velocities ...
  8 velocities
  read_data CPU = 0.001 seconds
mass 1 28.085
pair_style sw
pair_coeff * * Si.sw Si
Reading sw potential file Si.sw with DATE: 2007-06-11
run 0
Neighbor list info ...
  update: every = 1 steps, delay = 0 steps, check = yes
  max neighbors/atom: 2000, page size: 100000
  master list distance cutoff = 5.77118
  ghost atom cutoff = 5.77118
  binsize = 2.88559, bins = 2 2 2
  1 neighbor lists, perpetual/occasional/extra = 1 0 0
  (1) pair sw, perpetual
      attributes: full, newton on
      pair build: full/bin/atomonly
      stencil: full/bin/3d
      bin: standard
Per MPI rank memory allocation (min/avg/max) = 2.958 | 2.958 | 2.958 Mbytes
   Step          Temp          E_pair         E_mol          TotEng         Press     
WARNING: Too many warnings: 124 vs 100. All future warnings will be suppressed (src/thermo.cpp:478)
         0   0             -34.494673      0             -34.494673     -6013.2963    
Loop time of 1.02e-06 on 1 procs for 0 steps with 8 atoms

98.0% CPU use with 1 MPI tasks x 1 OpenMP threads

MPI task timing breakdown:
Section |  min time  |  avg time  |  max time  |%varavg| %total
---------------------------------------------------------------
Pair    | 0          | 0          | 0          |   0.0 |  0.00
Neigh   | 0          | 0          | 0          |   0.0 |  0.00
Comm    | 0          | 0          | 0          |   0.0 |  0.00
Output  | 0          | 0          | 0          |   0.0 |  0.00
Modify  | 0          | 0          | 0          |   0.0 |  0.00
Other   |            | 1.02e-06   |            |       |100.00

Nlocal:              8 ave           8 max           8 min
Histogram: 1 0 0 0 0 0 0 0 0 0
Nghost:            247 ave         247 max         247 min
Histogram: 1 0 0 0 0 0 0 0 0 0
Neighs:              0 ave           0 max           0 min
Histogram: 1 0 0 0 0 0 0 0 0 0
FullNghs:          272 ave         272 max         272 min
Histogram: 1 0 0 0 0 0 0 0 0 0

Total # of neighbors = 272
Ave neighs/atom = 34
Neighbor list builds = 0
Dangerous builds = 0
next i
jump SELF loop_struct
clear
  using 1 OpenMP thread(s) per MPI task
log energies.log append
units metal
boundary p p p
atom_style atomic
read_data epoch60_${i}.in
read_data epoch60_125.in
Reading data file ...
  orthogonal box = (0 0 0) to (5.4437022 5.4437022 5.4437022)
  1 by 1 by 1 MPI processor grid
  reading atoms ...
  8 atoms
  reading velocities ...
  8 velocities
  read_data CPU = 0.000 seconds
mass 1 28.085
pair_style sw
pair_coeff * * Si.sw Si
Reading sw potential file Si.sw with DATE: 2007-06-11
run 0
Neighbor list info ...
  update: every = 1 steps, delay = 0 steps, check = yes
  max neighbors/atom: 2000, page size: 100000
  master list distance cutoff = 5.77118
  ghost atom cutoff = 5.77118
  binsize = 2.88559, bins = 2 2 2
  1 neighbor lists, perpetual/occasional/extra = 1 0 0
  (1) pair sw, perpetual
      attributes: full, newton on
      pair build: full/bin/atomonly
      stencil: full/bin/3d
      bin: standard
Per MPI rank memory allocation (min/avg/max) = 2.958 | 2.958 | 2.958 Mbytes
   Step          Temp          E_pair         E_mol          TotEng         Press     
WARNING: Too many warnings: 125 vs 100. All future warnings will be suppressed (src/thermo.cpp:478)
         0   0             -34.436932      0             -34.436932     -5812.3374    
Loop time of 1.13e-06 on 1 procs for 0 steps with 8 atoms

0.0% CPU use with 1 MPI tasks x 1 OpenMP threads

MPI task timing breakdown:
Section |  min time  |  avg time  |  max time  |%varavg| %total
---------------------------------------------------------------
Pair    | 0          | 0          | 0          |   0.0 |  0.00
Neigh   | 0          | 0          | 0          |   0.0 |  0.00
Comm    | 0          | 0          | 0          |   0.0 |  0.00
Output  | 0          | 0          | 0          |   0.0 |  0.00
Modify  | 0          | 0          | 0          |   0.0 |  0.00
Other   |            | 1.13e-06   |            |       |100.00

Nlocal:              8 ave           8 max           8 min
Histogram: 1 0 0 0 0 0 0 0 0 0
Nghost:            226 ave         226 max         226 min
Histogram: 1 0 0 0 0 0 0 0 0 0
Neighs:              0 ave           0 max           0 min
Histogram: 1 0 0 0 0 0 0 0 0 0
FullNghs:          272 ave         272 max         272 min
Histogram: 1 0 0 0 0 0 0 0 0 0

Total # of neighbors = 272
Ave neighs/atom = 34
Neighbor list builds = 0
Dangerous builds = 0
next i
jump SELF loop_struct
clear
  using 1 OpenMP thread(s) per MPI task
log energies.log append
units metal
boundary p p p
atom_style atomic
read_data epoch60_${i}.in
read_data epoch60_126.in
Reading data file ...
  orthogonal box = (0 0 0) to (5.4437022 5.4437022 5.4437022)
  1 by 1 by 1 MPI processor grid
  reading atoms ...
  8 atoms
  reading velocities ...
  8 velocities
  read_data CPU = 0.000 seconds
mass 1 28.085
pair_style sw
pair_coeff * * Si.sw Si
Reading sw potential file Si.sw with DATE: 2007-06-11
run 0
Neighbor list info ...
  update: every = 1 steps, delay = 0 steps, check = yes
  max neighbors/atom: 2000, page size: 100000
  master list distance cutoff = 5.77118
  ghost atom cutoff = 5.77118
  binsize = 2.88559, bins = 2 2 2
  1 neighbor lists, perpetual/occasional/extra = 1 0 0
  (1) pair sw, perpetual
      attributes: full, newton on
      pair build: full/bin/atomonly
      stencil: full/bin/3d
      bin: standard
Per MPI rank memory allocation (min/avg/max) = 2.958 | 2.958 | 2.958 Mbytes
   Step          Temp          E_pair         E_mol          TotEng         Press     
WARNING: Too many warnings: 126 vs 100. All future warnings will be suppressed (src/thermo.cpp:478)
         0   0             -34.362982      0             -34.362982     -6429.7934    
Loop time of 1.01e-06 on 1 procs for 0 steps with 8 atoms

0.0% CPU use with 1 MPI tasks x 1 OpenMP threads

MPI task timing breakdown:
Section |  min time  |  avg time  |  max time  |%varavg| %total
---------------------------------------------------------------
Pair    | 0          | 0          | 0          |   0.0 |  0.00
Neigh   | 0          | 0          | 0          |   0.0 |  0.00
Comm    | 0          | 0          | 0          |   0.0 |  0.00
Output  | 0          | 0          | 0          |   0.0 |  0.00
Modify  | 0          | 0          | 0          |   0.0 |  0.00
Other   |            | 1.01e-06   |            |       |100.00

Nlocal:              8 ave           8 max           8 min
Histogram: 1 0 0 0 0 0 0 0 0 0
Nghost:            226 ave         226 max         226 min
Histogram: 1 0 0 0 0 0 0 0 0 0
Neighs:              0 ave           0 max           0 min
Histogram: 1 0 0 0 0 0 0 0 0 0
FullNghs:          272 ave         272 max         272 min
Histogram: 1 0 0 0 0 0 0 0 0 0

Total # of neighbors = 272
Ave neighs/atom = 34
Neighbor list builds = 0
Dangerous builds = 0
next i
jump SELF loop_struct
clear
  using 1 OpenMP thread(s) per MPI task
log energies.log append
units metal
boundary p p p
atom_style atomic
read_data epoch60_${i}.in
read_data epoch60_127.in
Reading data file ...
  orthogonal box = (0 0 0) to (5.4437022 5.4437022 5.4437022)
  1 by 1 by 1 MPI processor grid
  reading atoms ...
  8 atoms
  reading velocities ...
  8 velocities
  read_data CPU = 0.000 seconds
mass 1 28.085
pair_style sw
pair_coeff * * Si.sw Si
Reading sw potential file Si.sw with DATE: 2007-06-11
run 0
Neighbor list info ...
  update: every = 1 steps, delay = 0 steps, check = yes
  max neighbors/atom: 2000, page size: 100000
  master list distance cutoff = 5.77118
  ghost atom cutoff = 5.77118
  binsize = 2.88559, bins = 2 2 2
  1 neighbor lists, perpetual/occasional/extra = 1 0 0
  (1) pair sw, perpetual
      attributes: full, newton on
      pair build: full/bin/atomonly
      stencil: full/bin/3d
      bin: standard
Per MPI rank memory allocation (min/avg/max) = 2.958 | 2.958 | 2.958 Mbytes
   Step          Temp          E_pair         E_mol          TotEng         Press     
WARNING: Too many warnings: 127 vs 100. All future warnings will be suppressed (src/thermo.cpp:478)
         0   0             -34.273961      0             -34.273961     -8607.4571    
Loop time of 1e-06 on 1 procs for 0 steps with 8 atoms

0.0% CPU use with 1 MPI tasks x 1 OpenMP threads

MPI task timing breakdown:
Section |  min time  |  avg time  |  max time  |%varavg| %total
---------------------------------------------------------------
Pair    | 0          | 0          | 0          |   0.0 |  0.00
Neigh   | 0          | 0          | 0          |   0.0 |  0.00
Comm    | 0          | 0          | 0          |   0.0 |  0.00
Output  | 0          | 0          | 0          |   0.0 |  0.00
Modify  | 0          | 0          | 0          |   0.0 |  0.00
Other   |            | 1e-06      |            |       |100.00

Nlocal:              8 ave           8 max           8 min
Histogram: 1 0 0 0 0 0 0 0 0 0
Nghost:            217 ave         217 max         217 min
Histogram: 1 0 0 0 0 0 0 0 0 0
Neighs:              0 ave           0 max           0 min
Histogram: 1 0 0 0 0 0 0 0 0 0
FullNghs:          276 ave         276 max         276 min
Histogram: 1 0 0 0 0 0 0 0 0 0

Total # of neighbors = 276
Ave neighs/atom = 34.5
Neighbor list builds = 0
Dangerous builds = 0
next i
jump SELF loop_struct
clear
  using 1 OpenMP thread(s) per MPI task
log energies.log append
units metal
boundary p p p
atom_style atomic
read_data epoch60_${i}.in
read_data epoch60_128.in
Reading data file ...
  orthogonal box = (0 0 0) to (5.4437022 5.4437022 5.4437022)
  1 by 1 by 1 MPI processor grid
  reading atoms ...
  8 atoms
  reading velocities ...
  8 velocities
  read_data CPU = 0.001 seconds
mass 1 28.085
pair_style sw
pair_coeff * * Si.sw Si
Reading sw potential file Si.sw with DATE: 2007-06-11
run 0
Neighbor list info ...
  update: every = 1 steps, delay = 0 steps, check = yes
  max neighbors/atom: 2000, page size: 100000
  master list distance cutoff = 5.77118
  ghost atom cutoff = 5.77118
  binsize = 2.88559, bins = 2 2 2
  1 neighbor lists, perpetual/occasional/extra = 1 0 0
  (1) pair sw, perpetual
      attributes: full, newton on
      pair build: full/bin/atomonly
      stencil: full/bin/3d
      bin: standard
Per MPI rank memory allocation (min/avg/max) = 2.958 | 2.958 | 2.958 Mbytes
   Step          Temp          E_pair         E_mol          TotEng         Press     
WARNING: Too many warnings: 128 vs 100. All future warnings will be suppressed (src/thermo.cpp:478)
         0   0             -34.429954      0             -34.429954     -6681.2145    
Loop time of 1.2e-06 on 1 procs for 0 steps with 8 atoms

0.0% CPU use with 1 MPI tasks x 1 OpenMP threads

MPI task timing breakdown:
Section |  min time  |  avg time  |  max time  |%varavg| %total
---------------------------------------------------------------
Pair    | 0          | 0          | 0          |   0.0 |  0.00
Neigh   | 0          | 0          | 0          |   0.0 |  0.00
Comm    | 0          | 0          | 0          |   0.0 |  0.00
Output  | 0          | 0          | 0          |   0.0 |  0.00
Modify  | 0          | 0          | 0          |   0.0 |  0.00
Other   |            | 1.2e-06    |            |       |100.00

Nlocal:              8 ave           8 max           8 min
Histogram: 1 0 0 0 0 0 0 0 0 0
Nghost:            208 ave         208 max         208 min
Histogram: 1 0 0 0 0 0 0 0 0 0
Neighs:              0 ave           0 max           0 min
Histogram: 1 0 0 0 0 0 0 0 0 0
FullNghs:          272 ave         272 max         272 min
Histogram: 1 0 0 0 0 0 0 0 0 0

Total # of neighbors = 272
Ave neighs/atom = 34
Neighbor list builds = 0
Dangerous builds = 0
next i
jump SELF loop_struct
clear
  using 1 OpenMP thread(s) per MPI task
log energies.log append
units metal
boundary p p p
atom_style atomic
read_data epoch60_${i}.in
read_data epoch60_129.in
Reading data file ...
  orthogonal box = (0 0 0) to (5.4437022 5.4437022 5.4437022)
  1 by 1 by 1 MPI processor grid
  reading atoms ...
  8 atoms
  reading velocities ...
  8 velocities
  read_data CPU = 0.000 seconds
mass 1 28.085
pair_style sw
pair_coeff * * Si.sw Si
Reading sw potential file Si.sw with DATE: 2007-06-11
run 0
Neighbor list info ...
  update: every = 1 steps, delay = 0 steps, check = yes
  max neighbors/atom: 2000, page size: 100000
  master list distance cutoff = 5.77118
  ghost atom cutoff = 5.77118
  binsize = 2.88559, bins = 2 2 2
  1 neighbor lists, perpetual/occasional/extra = 1 0 0
  (1) pair sw, perpetual
      attributes: full, newton on
      pair build: full/bin/atomonly
      stencil: full/bin/3d
      bin: standard
Per MPI rank memory allocation (min/avg/max) = 2.958 | 2.958 | 2.958 Mbytes
   Step          Temp          E_pair         E_mol          TotEng         Press     
WARNING: Too many warnings: 129 vs 100. All future warnings will be suppressed (src/thermo.cpp:478)
         0   0             -34.482861      0             -34.482861     -5819.985     
Loop time of 1e-06 on 1 procs for 0 steps with 8 atoms

0.0% CPU use with 1 MPI tasks x 1 OpenMP threads

MPI task timing breakdown:
Section |  min time  |  avg time  |  max time  |%varavg| %total
---------------------------------------------------------------
Pair    | 0          | 0          | 0          |   0.0 |  0.00
Neigh   | 0          | 0          | 0          |   0.0 |  0.00
Comm    | 0          | 0          | 0          |   0.0 |  0.00
Output  | 0          | 0          | 0          |   0.0 |  0.00
Modify  | 0          | 0          | 0          |   0.0 |  0.00
Other   |            | 1e-06      |            |       |100.00

Nlocal:              8 ave           8 max           8 min
Histogram: 1 0 0 0 0 0 0 0 0 0
Nghost:            226 ave         226 max         226 min
Histogram: 1 0 0 0 0 0 0 0 0 0
Neighs:              0 ave           0 max           0 min
Histogram: 1 0 0 0 0 0 0 0 0 0
FullNghs:          272 ave         272 max         272 min
Histogram: 1 0 0 0 0 0 0 0 0 0

Total # of neighbors = 272
Ave neighs/atom = 34
Neighbor list builds = 0
Dangerous builds = 0
next i
jump SELF loop_struct
clear
  using 1 OpenMP thread(s) per MPI task
log energies.log append
units metal
boundary p p p
atom_style atomic
read_data epoch60_${i}.in
read_data epoch60_130.in
Reading data file ...
  orthogonal box = (0 0 0) to (5.4437022 5.4437022 5.4437022)
  1 by 1 by 1 MPI processor grid
  reading atoms ...
  8 atoms
  reading velocities ...
  8 velocities
  read_data CPU = 0.000 seconds
mass 1 28.085
pair_style sw
pair_coeff * * Si.sw Si
Reading sw potential file Si.sw with DATE: 2007-06-11
run 0
Neighbor list info ...
  update: every = 1 steps, delay = 0 steps, check = yes
  max neighbors/atom: 2000, page size: 100000
  master list distance cutoff = 5.77118
  ghost atom cutoff = 5.77118
  binsize = 2.88559, bins = 2 2 2
  1 neighbor lists, perpetual/occasional/extra = 1 0 0
  (1) pair sw, perpetual
      attributes: full, newton on
      pair build: full/bin/atomonly
      stencil: full/bin/3d
      bin: standard
Per MPI rank memory allocation (min/avg/max) = 2.958 | 2.958 | 2.958 Mbytes
   Step          Temp          E_pair         E_mol          TotEng         Press     
WARNING: Too many warnings: 130 vs 100. All future warnings will be suppressed (src/thermo.cpp:478)
         0   0             -34.487278      0             -34.487278     -6428.7517    
Loop time of 1.02e-06 on 1 procs for 0 steps with 8 atoms

98.0% CPU use with 1 MPI tasks x 1 OpenMP threads

MPI task timing breakdown:
Section |  min time  |  avg time  |  max time  |%varavg| %total
---------------------------------------------------------------
Pair    | 0          | 0          | 0          |   0.0 |  0.00
Neigh   | 0          | 0          | 0          |   0.0 |  0.00
Comm    | 0          | 0          | 0          |   0.0 |  0.00
Output  | 0          | 0          | 0          |   0.0 |  0.00
Modify  | 0          | 0          | 0          |   0.0 |  0.00
Other   |            | 1.02e-06   |            |       |100.00

Nlocal:              8 ave           8 max           8 min
Histogram: 1 0 0 0 0 0 0 0 0 0
Nghost:            247 ave         247 max         247 min
Histogram: 1 0 0 0 0 0 0 0 0 0
Neighs:              0 ave           0 max           0 min
Histogram: 1 0 0 0 0 0 0 0 0 0
FullNghs:          272 ave         272 max         272 min
Histogram: 1 0 0 0 0 0 0 0 0 0

Total # of neighbors = 272
Ave neighs/atom = 34
Neighbor list builds = 0
Dangerous builds = 0
next i
jump SELF loop_struct
clear
  using 1 OpenMP thread(s) per MPI task
log energies.log append
units metal
boundary p p p
atom_style atomic
read_data epoch60_${i}.in
read_data epoch60_131.in
Reading data file ...
  orthogonal box = (0 0 0) to (5.4437022 5.4437022 5.4437022)
  1 by 1 by 1 MPI processor grid
  reading atoms ...
  8 atoms
  reading velocities ...
  8 velocities
  read_data CPU = 0.001 seconds
mass 1 28.085
pair_style sw
pair_coeff * * Si.sw Si
Reading sw potential file Si.sw with DATE: 2007-06-11
run 0
Neighbor list info ...
  update: every = 1 steps, delay = 0 steps, check = yes
  max neighbors/atom: 2000, page size: 100000
  master list distance cutoff = 5.77118
  ghost atom cutoff = 5.77118
  binsize = 2.88559, bins = 2 2 2
  1 neighbor lists, perpetual/occasional/extra = 1 0 0
  (1) pair sw, perpetual
      attributes: full, newton on
      pair build: full/bin/atomonly
      stencil: full/bin/3d
      bin: standard
Per MPI rank memory allocation (min/avg/max) = 2.958 | 2.958 | 2.958 Mbytes
   Step          Temp          E_pair         E_mol          TotEng         Press     
WARNING: Too many warnings: 131 vs 100. All future warnings will be suppressed (src/thermo.cpp:478)
         0   0             -34.40716       0             -34.40716      -7005.8239    
Loop time of 1.03e-06 on 1 procs for 0 steps with 8 atoms

97.1% CPU use with 1 MPI tasks x 1 OpenMP threads

MPI task timing breakdown:
Section |  min time  |  avg time  |  max time  |%varavg| %total
---------------------------------------------------------------
Pair    | 0          | 0          | 0          |   0.0 |  0.00
Neigh   | 0          | 0          | 0          |   0.0 |  0.00
Comm    | 0          | 0          | 0          |   0.0 |  0.00
Output  | 0          | 0          | 0          |   0.0 |  0.00
Modify  | 0          | 0          | 0          |   0.0 |  0.00
Other   |            | 1.03e-06   |            |       |100.00

Nlocal:              8 ave           8 max           8 min
Histogram: 1 0 0 0 0 0 0 0 0 0
Nghost:            226 ave         226 max         226 min
Histogram: 1 0 0 0 0 0 0 0 0 0
Neighs:              0 ave           0 max           0 min
Histogram: 1 0 0 0 0 0 0 0 0 0
FullNghs:          274 ave         274 max         274 min
Histogram: 1 0 0 0 0 0 0 0 0 0

Total # of neighbors = 274
Ave neighs/atom = 34.25
Neighbor list builds = 0
Dangerous builds = 0
next i
jump SELF loop_struct
clear
  using 1 OpenMP thread(s) per MPI task
log energies.log append
units metal
boundary p p p
atom_style atomic
read_data epoch60_${i}.in
read_data epoch60_132.in
Reading data file ...
  orthogonal box = (0 0 0) to (5.4437022 5.4437022 5.4437022)
  1 by 1 by 1 MPI processor grid
  reading atoms ...
  8 atoms
  reading velocities ...
  8 velocities
  read_data CPU = 0.001 seconds
mass 1 28.085
pair_style sw
pair_coeff * * Si.sw Si
Reading sw potential file Si.sw with DATE: 2007-06-11
run 0
Neighbor list info ...
  update: every = 1 steps, delay = 0 steps, check = yes
  max neighbors/atom: 2000, page size: 100000
  master list distance cutoff = 5.77118
  ghost atom cutoff = 5.77118
  binsize = 2.88559, bins = 2 2 2
  1 neighbor lists, perpetual/occasional/extra = 1 0 0
  (1) pair sw, perpetual
      attributes: full, newton on
      pair build: full/bin/atomonly
      stencil: full/bin/3d
      bin: standard
Per MPI rank memory allocation (min/avg/max) = 2.958 | 2.958 | 2.958 Mbytes
   Step          Temp          E_pair         E_mol          TotEng         Press     
WARNING: Too many warnings: 132 vs 100. All future warnings will be suppressed (src/thermo.cpp:478)
         0   0             -34.418145      0             -34.418145     -6439.9472    
Loop time of 1.01e-06 on 1 procs for 0 steps with 8 atoms

0.0% CPU use with 1 MPI tasks x 1 OpenMP threads

MPI task timing breakdown:
Section |  min time  |  avg time  |  max time  |%varavg| %total
---------------------------------------------------------------
Pair    | 0          | 0          | 0          |   0.0 |  0.00
Neigh   | 0          | 0          | 0          |   0.0 |  0.00
Comm    | 0          | 0          | 0          |   0.0 |  0.00
Output  | 0          | 0          | 0          |   0.0 |  0.00
Modify  | 0          | 0          | 0          |   0.0 |  0.00
Other   |            | 1.01e-06   |            |       |100.00

Nlocal:              8 ave           8 max           8 min
Histogram: 1 0 0 0 0 0 0 0 0 0
Nghost:            247 ave         247 max         247 min
Histogram: 1 0 0 0 0 0 0 0 0 0
Neighs:              0 ave           0 max           0 min
Histogram: 1 0 0 0 0 0 0 0 0 0
FullNghs:          272 ave         272 max         272 min
Histogram: 1 0 0 0 0 0 0 0 0 0

Total # of neighbors = 272
Ave neighs/atom = 34
Neighbor list builds = 0
Dangerous builds = 0
next i
jump SELF loop_struct
clear
  using 1 OpenMP thread(s) per MPI task
log energies.log append
units metal
boundary p p p
atom_style atomic
read_data epoch60_${i}.in
read_data epoch60_133.in
Reading data file ...
  orthogonal box = (0 0 0) to (5.4437022 5.4437022 5.4437022)
  1 by 1 by 1 MPI processor grid
  reading atoms ...
  8 atoms
  reading velocities ...
  8 velocities
  read_data CPU = 0.000 seconds
mass 1 28.085
pair_style sw
pair_coeff * * Si.sw Si
Reading sw potential file Si.sw with DATE: 2007-06-11
run 0
Neighbor list info ...
  update: every = 1 steps, delay = 0 steps, check = yes
  max neighbors/atom: 2000, page size: 100000
  master list distance cutoff = 5.77118
  ghost atom cutoff = 5.77118
  binsize = 2.88559, bins = 2 2 2
  1 neighbor lists, perpetual/occasional/extra = 1 0 0
  (1) pair sw, perpetual
      attributes: full, newton on
      pair build: full/bin/atomonly
      stencil: full/bin/3d
      bin: standard
Per MPI rank memory allocation (min/avg/max) = 2.958 | 2.958 | 2.958 Mbytes
   Step          Temp          E_pair         E_mol          TotEng         Press     
WARNING: Too many warnings: 133 vs 100. All future warnings will be suppressed (src/thermo.cpp:478)
         0   0             -34.483647      0             -34.483647     -6670.0574    
Loop time of 1.02e-06 on 1 procs for 0 steps with 8 atoms

0.0% CPU use with 1 MPI tasks x 1 OpenMP threads

MPI task timing breakdown:
Section |  min time  |  avg time  |  max time  |%varavg| %total
---------------------------------------------------------------
Pair    | 0          | 0          | 0          |   0.0 |  0.00
Neigh   | 0          | 0          | 0          |   0.0 |  0.00
Comm    | 0          | 0          | 0          |   0.0 |  0.00
Output  | 0          | 0          | 0          |   0.0 |  0.00
Modify  | 0          | 0          | 0          |   0.0 |  0.00
Other   |            | 1.02e-06   |            |       |100.00

Nlocal:              8 ave           8 max           8 min
Histogram: 1 0 0 0 0 0 0 0 0 0
Nghost:            247 ave         247 max         247 min
Histogram: 1 0 0 0 0 0 0 0 0 0
Neighs:              0 ave           0 max           0 min
Histogram: 1 0 0 0 0 0 0 0 0 0
FullNghs:          274 ave         274 max         274 min
Histogram: 1 0 0 0 0 0 0 0 0 0

Total # of neighbors = 274
Ave neighs/atom = 34.25
Neighbor list builds = 0
Dangerous builds = 0
next i
jump SELF loop_struct
clear
  using 1 OpenMP thread(s) per MPI task
log energies.log append
units metal
boundary p p p
atom_style atomic
read_data epoch60_${i}.in
read_data epoch60_134.in
Reading data file ...
  orthogonal box = (0 0 0) to (5.4437022 5.4437022 5.4437022)
  1 by 1 by 1 MPI processor grid
  reading atoms ...
  8 atoms
  reading velocities ...
  8 velocities
  read_data CPU = 0.000 seconds
mass 1 28.085
pair_style sw
pair_coeff * * Si.sw Si
Reading sw potential file Si.sw with DATE: 2007-06-11
run 0
Neighbor list info ...
  update: every = 1 steps, delay = 0 steps, check = yes
  max neighbors/atom: 2000, page size: 100000
  master list distance cutoff = 5.77118
  ghost atom cutoff = 5.77118
  binsize = 2.88559, bins = 2 2 2
  1 neighbor lists, perpetual/occasional/extra = 1 0 0
  (1) pair sw, perpetual
      attributes: full, newton on
      pair build: full/bin/atomonly
      stencil: full/bin/3d
      bin: standard
Per MPI rank memory allocation (min/avg/max) = 2.958 | 2.958 | 2.958 Mbytes
   Step          Temp          E_pair         E_mol          TotEng         Press     
WARNING: Too many warnings: 134 vs 100. All future warnings will be suppressed (src/thermo.cpp:478)
         0   0             -34.046543      0             -34.046543     -5876.6591    
Loop time of 1.02e-06 on 1 procs for 0 steps with 8 atoms

0.0% CPU use with 1 MPI tasks x 1 OpenMP threads

MPI task timing breakdown:
Section |  min time  |  avg time  |  max time  |%varavg| %total
---------------------------------------------------------------
Pair    | 0          | 0          | 0          |   0.0 |  0.00
Neigh   | 0          | 0          | 0          |   0.0 |  0.00
Comm    | 0          | 0          | 0          |   0.0 |  0.00
Output  | 0          | 0          | 0          |   0.0 |  0.00
Modify  | 0          | 0          | 0          |   0.0 |  0.00
Other   |            | 1.02e-06   |            |       |100.00

Nlocal:              8 ave           8 max           8 min
Histogram: 1 0 0 0 0 0 0 0 0 0
Nghost:            244 ave         244 max         244 min
Histogram: 1 0 0 0 0 0 0 0 0 0
Neighs:              0 ave           0 max           0 min
Histogram: 1 0 0 0 0 0 0 0 0 0
FullNghs:          276 ave         276 max         276 min
Histogram: 1 0 0 0 0 0 0 0 0 0

Total # of neighbors = 276
Ave neighs/atom = 34.5
Neighbor list builds = 0
Dangerous builds = 0
next i
jump SELF loop_struct
clear
  using 1 OpenMP thread(s) per MPI task
log energies.log append
units metal
boundary p p p
atom_style atomic
read_data epoch60_${i}.in
read_data epoch60_135.in
Reading data file ...
  orthogonal box = (0 0 0) to (5.4437022 5.4437022 5.4437022)
  1 by 1 by 1 MPI processor grid
  reading atoms ...
  8 atoms
  reading velocities ...
  8 velocities
  read_data CPU = 0.000 seconds
mass 1 28.085
pair_style sw
pair_coeff * * Si.sw Si
Reading sw potential file Si.sw with DATE: 2007-06-11
run 0
Neighbor list info ...
  update: every = 1 steps, delay = 0 steps, check = yes
  max neighbors/atom: 2000, page size: 100000
  master list distance cutoff = 5.77118
  ghost atom cutoff = 5.77118
  binsize = 2.88559, bins = 2 2 2
  1 neighbor lists, perpetual/occasional/extra = 1 0 0
  (1) pair sw, perpetual
      attributes: full, newton on
      pair build: full/bin/atomonly
      stencil: full/bin/3d
      bin: standard
Per MPI rank memory allocation (min/avg/max) = 2.958 | 2.958 | 2.958 Mbytes
   Step          Temp          E_pair         E_mol          TotEng         Press     
WARNING: Too many warnings: 135 vs 100. All future warnings will be suppressed (src/thermo.cpp:478)
         0   0             -34.279966      0             -34.279966     -5591.941     
Loop time of 9.9e-07 on 1 procs for 0 steps with 8 atoms

101.0% CPU use with 1 MPI tasks x 1 OpenMP threads

MPI task timing breakdown:
Section |  min time  |  avg time  |  max time  |%varavg| %total
---------------------------------------------------------------
Pair    | 0          | 0          | 0          |   0.0 |  0.00
Neigh   | 0          | 0          | 0          |   0.0 |  0.00
Comm    | 0          | 0          | 0          |   0.0 |  0.00
Output  | 0          | 0          | 0          |   0.0 |  0.00
Modify  | 0          | 0          | 0          |   0.0 |  0.00
Other   |            | 9.9e-07    |            |       |100.00

Nlocal:              8 ave           8 max           8 min
Histogram: 1 0 0 0 0 0 0 0 0 0
Nghost:            226 ave         226 max         226 min
Histogram: 1 0 0 0 0 0 0 0 0 0
Neighs:              0 ave           0 max           0 min
Histogram: 1 0 0 0 0 0 0 0 0 0
FullNghs:          274 ave         274 max         274 min
Histogram: 1 0 0 0 0 0 0 0 0 0

Total # of neighbors = 274
Ave neighs/atom = 34.25
Neighbor list builds = 0
Dangerous builds = 0
next i
jump SELF loop_struct
clear
  using 1 OpenMP thread(s) per MPI task
log energies.log append
units metal
boundary p p p
atom_style atomic
read_data epoch60_${i}.in
read_data epoch60_136.in
Reading data file ...
  orthogonal box = (0 0 0) to (5.4437022 5.4437022 5.4437022)
  1 by 1 by 1 MPI processor grid
  reading atoms ...
  8 atoms
  reading velocities ...
  8 velocities
  read_data CPU = 0.000 seconds
mass 1 28.085
pair_style sw
pair_coeff * * Si.sw Si
Reading sw potential file Si.sw with DATE: 2007-06-11
run 0
Neighbor list info ...
  update: every = 1 steps, delay = 0 steps, check = yes
  max neighbors/atom: 2000, page size: 100000
  master list distance cutoff = 5.77118
  ghost atom cutoff = 5.77118
  binsize = 2.88559, bins = 2 2 2
  1 neighbor lists, perpetual/occasional/extra = 1 0 0
  (1) pair sw, perpetual
      attributes: full, newton on
      pair build: full/bin/atomonly
      stencil: full/bin/3d
      bin: standard
Per MPI rank memory allocation (min/avg/max) = 2.958 | 2.958 | 2.958 Mbytes
   Step          Temp          E_pair         E_mol          TotEng         Press     
WARNING: Too many warnings: 136 vs 100. All future warnings will be suppressed (src/thermo.cpp:478)
         0   0             -34.43717       0             -34.43717      -6818.3596    
Loop time of 1.03e-06 on 1 procs for 0 steps with 8 atoms

97.1% CPU use with 1 MPI tasks x 1 OpenMP threads

MPI task timing breakdown:
Section |  min time  |  avg time  |  max time  |%varavg| %total
---------------------------------------------------------------
Pair    | 0          | 0          | 0          |   0.0 |  0.00
Neigh   | 0          | 0          | 0          |   0.0 |  0.00
Comm    | 0          | 0          | 0          |   0.0 |  0.00
Output  | 0          | 0          | 0          |   0.0 |  0.00
Modify  | 0          | 0          | 0          |   0.0 |  0.00
Other   |            | 1.03e-06   |            |       |100.00

Nlocal:              8 ave           8 max           8 min
Histogram: 1 0 0 0 0 0 0 0 0 0
Nghost:            247 ave         247 max         247 min
Histogram: 1 0 0 0 0 0 0 0 0 0
Neighs:              0 ave           0 max           0 min
Histogram: 1 0 0 0 0 0 0 0 0 0
FullNghs:          272 ave         272 max         272 min
Histogram: 1 0 0 0 0 0 0 0 0 0

Total # of neighbors = 272
Ave neighs/atom = 34
Neighbor list builds = 0
Dangerous builds = 0
next i
jump SELF loop_struct
clear
  using 1 OpenMP thread(s) per MPI task
log energies.log append
units metal
boundary p p p
atom_style atomic
read_data epoch60_${i}.in
read_data epoch60_137.in
Reading data file ...
  orthogonal box = (0 0 0) to (5.4437022 5.4437022 5.4437022)
  1 by 1 by 1 MPI processor grid
  reading atoms ...
  8 atoms
  reading velocities ...
  8 velocities
  read_data CPU = 0.001 seconds
mass 1 28.085
pair_style sw
pair_coeff * * Si.sw Si
Reading sw potential file Si.sw with DATE: 2007-06-11
run 0
Neighbor list info ...
  update: every = 1 steps, delay = 0 steps, check = yes
  max neighbors/atom: 2000, page size: 100000
  master list distance cutoff = 5.77118
  ghost atom cutoff = 5.77118
  binsize = 2.88559, bins = 2 2 2
  1 neighbor lists, perpetual/occasional/extra = 1 0 0
  (1) pair sw, perpetual
      attributes: full, newton on
      pair build: full/bin/atomonly
      stencil: full/bin/3d
      bin: standard
Per MPI rank memory allocation (min/avg/max) = 2.958 | 2.958 | 2.958 Mbytes
   Step          Temp          E_pair         E_mol          TotEng         Press     
WARNING: Too many warnings: 137 vs 100. All future warnings will be suppressed (src/thermo.cpp:478)
         0   0             -34.464934      0             -34.464934     -5238.1021    
Loop time of 1.01e-06 on 1 procs for 0 steps with 8 atoms

0.0% CPU use with 1 MPI tasks x 1 OpenMP threads

MPI task timing breakdown:
Section |  min time  |  avg time  |  max time  |%varavg| %total
---------------------------------------------------------------
Pair    | 0          | 0          | 0          |   0.0 |  0.00
Neigh   | 0          | 0          | 0          |   0.0 |  0.00
Comm    | 0          | 0          | 0          |   0.0 |  0.00
Output  | 0          | 0          | 0          |   0.0 |  0.00
Modify  | 0          | 0          | 0          |   0.0 |  0.00
Other   |            | 1.01e-06   |            |       |100.00

Nlocal:              8 ave           8 max           8 min
Histogram: 1 0 0 0 0 0 0 0 0 0
Nghost:            226 ave         226 max         226 min
Histogram: 1 0 0 0 0 0 0 0 0 0
Neighs:              0 ave           0 max           0 min
Histogram: 1 0 0 0 0 0 0 0 0 0
FullNghs:          272 ave         272 max         272 min
Histogram: 1 0 0 0 0 0 0 0 0 0

Total # of neighbors = 272
Ave neighs/atom = 34
Neighbor list builds = 0
Dangerous builds = 0
next i
jump SELF loop_struct
clear
  using 1 OpenMP thread(s) per MPI task
log energies.log append
units metal
boundary p p p
atom_style atomic
read_data epoch60_${i}.in
read_data epoch60_138.in
Reading data file ...
  orthogonal box = (0 0 0) to (5.4437022 5.4437022 5.4437022)
  1 by 1 by 1 MPI processor grid
  reading atoms ...
  8 atoms
  reading velocities ...
  8 velocities
  read_data CPU = 0.000 seconds
mass 1 28.085
pair_style sw
pair_coeff * * Si.sw Si
Reading sw potential file Si.sw with DATE: 2007-06-11
run 0
Neighbor list info ...
  update: every = 1 steps, delay = 0 steps, check = yes
  max neighbors/atom: 2000, page size: 100000
  master list distance cutoff = 5.77118
  ghost atom cutoff = 5.77118
  binsize = 2.88559, bins = 2 2 2
  1 neighbor lists, perpetual/occasional/extra = 1 0 0
  (1) pair sw, perpetual
      attributes: full, newton on
      pair build: full/bin/atomonly
      stencil: full/bin/3d
      bin: standard
Per MPI rank memory allocation (min/avg/max) = 2.958 | 2.958 | 2.958 Mbytes
   Step          Temp          E_pair         E_mol          TotEng         Press     
WARNING: Too many warnings: 138 vs 100. All future warnings will be suppressed (src/thermo.cpp:478)
         0   0             -34.390702      0             -34.390702     -6316.8029    
Loop time of 1.03e-06 on 1 procs for 0 steps with 8 atoms

194.2% CPU use with 1 MPI tasks x 1 OpenMP threads

MPI task timing breakdown:
Section |  min time  |  avg time  |  max time  |%varavg| %total
---------------------------------------------------------------
Pair    | 0          | 0          | 0          |   0.0 |  0.00
Neigh   | 0          | 0          | 0          |   0.0 |  0.00
Comm    | 0          | 0          | 0          |   0.0 |  0.00
Output  | 0          | 0          | 0          |   0.0 |  0.00
Modify  | 0          | 0          | 0          |   0.0 |  0.00
Other   |            | 1.03e-06   |            |       |100.00

Nlocal:              8 ave           8 max           8 min
Histogram: 1 0 0 0 0 0 0 0 0 0
Nghost:            265 ave         265 max         265 min
Histogram: 1 0 0 0 0 0 0 0 0 0
Neighs:              0 ave           0 max           0 min
Histogram: 1 0 0 0 0 0 0 0 0 0
FullNghs:          274 ave         274 max         274 min
Histogram: 1 0 0 0 0 0 0 0 0 0

Total # of neighbors = 274
Ave neighs/atom = 34.25
Neighbor list builds = 0
Dangerous builds = 0
next i
jump SELF loop_struct
clear
  using 1 OpenMP thread(s) per MPI task
log energies.log append
units metal
boundary p p p
atom_style atomic
read_data epoch60_${i}.in
read_data epoch60_139.in
Reading data file ...
  orthogonal box = (0 0 0) to (5.4437022 5.4437022 5.4437022)
  1 by 1 by 1 MPI processor grid
  reading atoms ...
  8 atoms
  reading velocities ...
  8 velocities
  read_data CPU = 0.001 seconds
mass 1 28.085
pair_style sw
pair_coeff * * Si.sw Si
Reading sw potential file Si.sw with DATE: 2007-06-11
run 0
Neighbor list info ...
  update: every = 1 steps, delay = 0 steps, check = yes
  max neighbors/atom: 2000, page size: 100000
  master list distance cutoff = 5.77118
  ghost atom cutoff = 5.77118
  binsize = 2.88559, bins = 2 2 2
  1 neighbor lists, perpetual/occasional/extra = 1 0 0
  (1) pair sw, perpetual
      attributes: full, newton on
      pair build: full/bin/atomonly
      stencil: full/bin/3d
      bin: standard
Per MPI rank memory allocation (min/avg/max) = 2.958 | 2.958 | 2.958 Mbytes
   Step          Temp          E_pair         E_mol          TotEng         Press     
WARNING: Too many warnings: 139 vs 100. All future warnings will be suppressed (src/thermo.cpp:478)
         0   0             -34.479037      0             -34.479037     -6919.5585    
Loop time of 1.02e-06 on 1 procs for 0 steps with 8 atoms

0.0% CPU use with 1 MPI tasks x 1 OpenMP threads

MPI task timing breakdown:
Section |  min time  |  avg time  |  max time  |%varavg| %total
---------------------------------------------------------------
Pair    | 0          | 0          | 0          |   0.0 |  0.00
Neigh   | 0          | 0          | 0          |   0.0 |  0.00
Comm    | 0          | 0          | 0          |   0.0 |  0.00
Output  | 0          | 0          | 0          |   0.0 |  0.00
Modify  | 0          | 0          | 0          |   0.0 |  0.00
Other   |            | 1.02e-06   |            |       |100.00

Nlocal:              8 ave           8 max           8 min
Histogram: 1 0 0 0 0 0 0 0 0 0
Nghost:            208 ave         208 max         208 min
Histogram: 1 0 0 0 0 0 0 0 0 0
Neighs:              0 ave           0 max           0 min
Histogram: 1 0 0 0 0 0 0 0 0 0
FullNghs:          272 ave         272 max         272 min
Histogram: 1 0 0 0 0 0 0 0 0 0

Total # of neighbors = 272
Ave neighs/atom = 34
Neighbor list builds = 0
Dangerous builds = 0
next i
jump SELF loop_struct
clear
  using 1 OpenMP thread(s) per MPI task
log energies.log append
units metal
boundary p p p
atom_style atomic
read_data epoch60_${i}.in
read_data epoch60_140.in
Reading data file ...
  orthogonal box = (0 0 0) to (5.4437022 5.4437022 5.4437022)
  1 by 1 by 1 MPI processor grid
  reading atoms ...
  8 atoms
  reading velocities ...
  8 velocities
  read_data CPU = 0.000 seconds
mass 1 28.085
pair_style sw
pair_coeff * * Si.sw Si
Reading sw potential file Si.sw with DATE: 2007-06-11
run 0
Neighbor list info ...
  update: every = 1 steps, delay = 0 steps, check = yes
  max neighbors/atom: 2000, page size: 100000
  master list distance cutoff = 5.77118
  ghost atom cutoff = 5.77118
  binsize = 2.88559, bins = 2 2 2
  1 neighbor lists, perpetual/occasional/extra = 1 0 0
  (1) pair sw, perpetual
      attributes: full, newton on
      pair build: full/bin/atomonly
      stencil: full/bin/3d
      bin: standard
Per MPI rank memory allocation (min/avg/max) = 2.958 | 2.958 | 2.958 Mbytes
   Step          Temp          E_pair         E_mol          TotEng         Press     
WARNING: Too many warnings: 140 vs 100. All future warnings will be suppressed (src/thermo.cpp:478)
         0   0             -34.450577      0             -34.450577     -6831.8485    
Loop time of 1e-06 on 1 procs for 0 steps with 8 atoms

100.0% CPU use with 1 MPI tasks x 1 OpenMP threads

MPI task timing breakdown:
Section |  min time  |  avg time  |  max time  |%varavg| %total
---------------------------------------------------------------
Pair    | 0          | 0          | 0          |   0.0 |  0.00
Neigh   | 0          | 0          | 0          |   0.0 |  0.00
Comm    | 0          | 0          | 0          |   0.0 |  0.00
Output  | 0          | 0          | 0          |   0.0 |  0.00
Modify  | 0          | 0          | 0          |   0.0 |  0.00
Other   |            | 1e-06      |            |       |100.00

Nlocal:              8 ave           8 max           8 min
Histogram: 1 0 0 0 0 0 0 0 0 0
Nghost:            235 ave         235 max         235 min
Histogram: 1 0 0 0 0 0 0 0 0 0
Neighs:              0 ave           0 max           0 min
Histogram: 1 0 0 0 0 0 0 0 0 0
FullNghs:          272 ave         272 max         272 min
Histogram: 1 0 0 0 0 0 0 0 0 0

Total # of neighbors = 272
Ave neighs/atom = 34
Neighbor list builds = 0
Dangerous builds = 0
next i
jump SELF loop_struct
clear
  using 1 OpenMP thread(s) per MPI task
log energies.log append
units metal
boundary p p p
atom_style atomic
read_data epoch60_${i}.in
read_data epoch60_141.in
Reading data file ...
  orthogonal box = (0 0 0) to (5.4437022 5.4437022 5.4437022)
  1 by 1 by 1 MPI processor grid
  reading atoms ...
  8 atoms
  reading velocities ...
  8 velocities
  read_data CPU = 0.000 seconds
mass 1 28.085
pair_style sw
pair_coeff * * Si.sw Si
Reading sw potential file Si.sw with DATE: 2007-06-11
run 0
Neighbor list info ...
  update: every = 1 steps, delay = 0 steps, check = yes
  max neighbors/atom: 2000, page size: 100000
  master list distance cutoff = 5.77118
  ghost atom cutoff = 5.77118
  binsize = 2.88559, bins = 2 2 2
  1 neighbor lists, perpetual/occasional/extra = 1 0 0
  (1) pair sw, perpetual
      attributes: full, newton on
      pair build: full/bin/atomonly
      stencil: full/bin/3d
      bin: standard
Per MPI rank memory allocation (min/avg/max) = 2.958 | 2.958 | 2.958 Mbytes
   Step          Temp          E_pair         E_mol          TotEng         Press     
WARNING: Too many warnings: 141 vs 100. All future warnings will be suppressed (src/thermo.cpp:478)
         0   0             -34.409187      0             -34.409187     -5711.229     
Loop time of 1.02e-06 on 1 procs for 0 steps with 8 atoms

0.0% CPU use with 1 MPI tasks x 1 OpenMP threads

MPI task timing breakdown:
Section |  min time  |  avg time  |  max time  |%varavg| %total
---------------------------------------------------------------
Pair    | 0          | 0          | 0          |   0.0 |  0.00
Neigh   | 0          | 0          | 0          |   0.0 |  0.00
Comm    | 0          | 0          | 0          |   0.0 |  0.00
Output  | 0          | 0          | 0          |   0.0 |  0.00
Modify  | 0          | 0          | 0          |   0.0 |  0.00
Other   |            | 1.02e-06   |            |       |100.00

Nlocal:              8 ave           8 max           8 min
Histogram: 1 0 0 0 0 0 0 0 0 0
Nghost:            238 ave         238 max         238 min
Histogram: 1 0 0 0 0 0 0 0 0 0
Neighs:              0 ave           0 max           0 min
Histogram: 1 0 0 0 0 0 0 0 0 0
FullNghs:          272 ave         272 max         272 min
Histogram: 1 0 0 0 0 0 0 0 0 0

Total # of neighbors = 272
Ave neighs/atom = 34
Neighbor list builds = 0
Dangerous builds = 0
next i
jump SELF loop_struct
clear
  using 1 OpenMP thread(s) per MPI task
log energies.log append
units metal
boundary p p p
atom_style atomic
read_data epoch60_${i}.in
read_data epoch60_142.in
Reading data file ...
  orthogonal box = (0 0 0) to (5.4437022 5.4437022 5.4437022)
  1 by 1 by 1 MPI processor grid
  reading atoms ...
  8 atoms
  reading velocities ...
  8 velocities
  read_data CPU = 0.000 seconds
mass 1 28.085
pair_style sw
pair_coeff * * Si.sw Si
Reading sw potential file Si.sw with DATE: 2007-06-11
run 0
Neighbor list info ...
  update: every = 1 steps, delay = 0 steps, check = yes
  max neighbors/atom: 2000, page size: 100000
  master list distance cutoff = 5.77118
  ghost atom cutoff = 5.77118
  binsize = 2.88559, bins = 2 2 2
  1 neighbor lists, perpetual/occasional/extra = 1 0 0
  (1) pair sw, perpetual
      attributes: full, newton on
      pair build: full/bin/atomonly
      stencil: full/bin/3d
      bin: standard
Per MPI rank memory allocation (min/avg/max) = 2.958 | 2.958 | 2.958 Mbytes
   Step          Temp          E_pair         E_mol          TotEng         Press     
WARNING: Too many warnings: 142 vs 100. All future warnings will be suppressed (src/thermo.cpp:478)
         0   0             -34.389998      0             -34.389998     -6292.4953    
Loop time of 1.01e-06 on 1 procs for 0 steps with 8 atoms

0.0% CPU use with 1 MPI tasks x 1 OpenMP threads

MPI task timing breakdown:
Section |  min time  |  avg time  |  max time  |%varavg| %total
---------------------------------------------------------------
Pair    | 0          | 0          | 0          |   0.0 |  0.00
Neigh   | 0          | 0          | 0          |   0.0 |  0.00
Comm    | 0          | 0          | 0          |   0.0 |  0.00
Output  | 0          | 0          | 0          |   0.0 |  0.00
Modify  | 0          | 0          | 0          |   0.0 |  0.00
Other   |            | 1.01e-06   |            |       |100.00

Nlocal:              8 ave           8 max           8 min
Histogram: 1 0 0 0 0 0 0 0 0 0
Nghost:            226 ave         226 max         226 min
Histogram: 1 0 0 0 0 0 0 0 0 0
Neighs:              0 ave           0 max           0 min
Histogram: 1 0 0 0 0 0 0 0 0 0
FullNghs:          274 ave         274 max         274 min
Histogram: 1 0 0 0 0 0 0 0 0 0

Total # of neighbors = 274
Ave neighs/atom = 34.25
Neighbor list builds = 0
Dangerous builds = 0
next i
jump SELF loop_struct
clear
  using 1 OpenMP thread(s) per MPI task
log energies.log append
units metal
boundary p p p
atom_style atomic
read_data epoch60_${i}.in
read_data epoch60_143.in
Reading data file ...
  orthogonal box = (0 0 0) to (5.4437022 5.4437022 5.4437022)
  1 by 1 by 1 MPI processor grid
  reading atoms ...
  8 atoms
  reading velocities ...
  8 velocities
  read_data CPU = 0.000 seconds
mass 1 28.085
pair_style sw
pair_coeff * * Si.sw Si
Reading sw potential file Si.sw with DATE: 2007-06-11
run 0
Neighbor list info ...
  update: every = 1 steps, delay = 0 steps, check = yes
  max neighbors/atom: 2000, page size: 100000
  master list distance cutoff = 5.77118
  ghost atom cutoff = 5.77118
  binsize = 2.88559, bins = 2 2 2
  1 neighbor lists, perpetual/occasional/extra = 1 0 0
  (1) pair sw, perpetual
      attributes: full, newton on
      pair build: full/bin/atomonly
      stencil: full/bin/3d
      bin: standard
Per MPI rank memory allocation (min/avg/max) = 2.958 | 2.958 | 2.958 Mbytes
   Step          Temp          E_pair         E_mol          TotEng         Press     
WARNING: Too many warnings: 143 vs 100. All future warnings will be suppressed (src/thermo.cpp:478)
         0   0             -34.514022      0             -34.514022     -5694.6504    
Loop time of 1e-06 on 1 procs for 0 steps with 8 atoms

100.0% CPU use with 1 MPI tasks x 1 OpenMP threads

MPI task timing breakdown:
Section |  min time  |  avg time  |  max time  |%varavg| %total
---------------------------------------------------------------
Pair    | 0          | 0          | 0          |   0.0 |  0.00
Neigh   | 0          | 0          | 0          |   0.0 |  0.00
Comm    | 0          | 0          | 0          |   0.0 |  0.00
Output  | 0          | 0          | 0          |   0.0 |  0.00
Modify  | 0          | 0          | 0          |   0.0 |  0.00
Other   |            | 1e-06      |            |       |100.00

Nlocal:              8 ave           8 max           8 min
Histogram: 1 0 0 0 0 0 0 0 0 0
Nghost:            217 ave         217 max         217 min
Histogram: 1 0 0 0 0 0 0 0 0 0
Neighs:              0 ave           0 max           0 min
Histogram: 1 0 0 0 0 0 0 0 0 0
FullNghs:          272 ave         272 max         272 min
Histogram: 1 0 0 0 0 0 0 0 0 0

Total # of neighbors = 272
Ave neighs/atom = 34
Neighbor list builds = 0
Dangerous builds = 0
next i
jump SELF loop_struct
clear
  using 1 OpenMP thread(s) per MPI task
log energies.log append
units metal
boundary p p p
atom_style atomic
read_data epoch60_${i}.in
read_data epoch60_144.in
Reading data file ...
  orthogonal box = (0 0 0) to (5.4437022 5.4437022 5.4437022)
  1 by 1 by 1 MPI processor grid
  reading atoms ...
  8 atoms
  reading velocities ...
  8 velocities
  read_data CPU = 0.000 seconds
mass 1 28.085
pair_style sw
pair_coeff * * Si.sw Si
Reading sw potential file Si.sw with DATE: 2007-06-11
run 0
Neighbor list info ...
  update: every = 1 steps, delay = 0 steps, check = yes
  max neighbors/atom: 2000, page size: 100000
  master list distance cutoff = 5.77118
  ghost atom cutoff = 5.77118
  binsize = 2.88559, bins = 2 2 2
  1 neighbor lists, perpetual/occasional/extra = 1 0 0
  (1) pair sw, perpetual
      attributes: full, newton on
      pair build: full/bin/atomonly
      stencil: full/bin/3d
      bin: standard
Per MPI rank memory allocation (min/avg/max) = 2.958 | 2.958 | 2.958 Mbytes
   Step          Temp          E_pair         E_mol          TotEng         Press     
WARNING: Too many warnings: 144 vs 100. All future warnings will be suppressed (src/thermo.cpp:478)
         0   0             -34.396318      0             -34.396318     -6853.0687    
Loop time of 9.9e-07 on 1 procs for 0 steps with 8 atoms

101.0% CPU use with 1 MPI tasks x 1 OpenMP threads

MPI task timing breakdown:
Section |  min time  |  avg time  |  max time  |%varavg| %total
---------------------------------------------------------------
Pair    | 0          | 0          | 0          |   0.0 |  0.00
Neigh   | 0          | 0          | 0          |   0.0 |  0.00
Comm    | 0          | 0          | 0          |   0.0 |  0.00
Output  | 0          | 0          | 0          |   0.0 |  0.00
Modify  | 0          | 0          | 0          |   0.0 |  0.00
Other   |            | 9.9e-07    |            |       |100.00

Nlocal:              8 ave           8 max           8 min
Histogram: 1 0 0 0 0 0 0 0 0 0
Nghost:            208 ave         208 max         208 min
Histogram: 1 0 0 0 0 0 0 0 0 0
Neighs:              0 ave           0 max           0 min
Histogram: 1 0 0 0 0 0 0 0 0 0
FullNghs:          272 ave         272 max         272 min
Histogram: 1 0 0 0 0 0 0 0 0 0

Total # of neighbors = 272
Ave neighs/atom = 34
Neighbor list builds = 0
Dangerous builds = 0
next i
jump SELF loop_struct
clear
  using 1 OpenMP thread(s) per MPI task
log energies.log append
units metal
boundary p p p
atom_style atomic
read_data epoch60_${i}.in
read_data epoch60_145.in
Reading data file ...
  orthogonal box = (0 0 0) to (5.4437022 5.4437022 5.4437022)
  1 by 1 by 1 MPI processor grid
  reading atoms ...
  8 atoms
  reading velocities ...
  8 velocities
  read_data CPU = 0.000 seconds
mass 1 28.085
pair_style sw
pair_coeff * * Si.sw Si
Reading sw potential file Si.sw with DATE: 2007-06-11
run 0
Neighbor list info ...
  update: every = 1 steps, delay = 0 steps, check = yes
  max neighbors/atom: 2000, page size: 100000
  master list distance cutoff = 5.77118
  ghost atom cutoff = 5.77118
  binsize = 2.88559, bins = 2 2 2
  1 neighbor lists, perpetual/occasional/extra = 1 0 0
  (1) pair sw, perpetual
      attributes: full, newton on
      pair build: full/bin/atomonly
      stencil: full/bin/3d
      bin: standard
Per MPI rank memory allocation (min/avg/max) = 2.958 | 2.958 | 2.958 Mbytes
   Step          Temp          E_pair         E_mol          TotEng         Press     
WARNING: Too many warnings: 145 vs 100. All future warnings will be suppressed (src/thermo.cpp:478)
         0   0             -34.43733       0             -34.43733      -5070.5459    
Loop time of 1.02e-06 on 1 procs for 0 steps with 8 atoms

98.0% CPU use with 1 MPI tasks x 1 OpenMP threads

MPI task timing breakdown:
Section |  min time  |  avg time  |  max time  |%varavg| %total
---------------------------------------------------------------
Pair    | 0          | 0          | 0          |   0.0 |  0.00
Neigh   | 0          | 0          | 0          |   0.0 |  0.00
Comm    | 0          | 0          | 0          |   0.0 |  0.00
Output  | 0          | 0          | 0          |   0.0 |  0.00
Modify  | 0          | 0          | 0          |   0.0 |  0.00
Other   |            | 1.02e-06   |            |       |100.00

Nlocal:              8 ave           8 max           8 min
Histogram: 1 0 0 0 0 0 0 0 0 0
Nghost:            208 ave         208 max         208 min
Histogram: 1 0 0 0 0 0 0 0 0 0
Neighs:              0 ave           0 max           0 min
Histogram: 1 0 0 0 0 0 0 0 0 0
FullNghs:          272 ave         272 max         272 min
Histogram: 1 0 0 0 0 0 0 0 0 0

Total # of neighbors = 272
Ave neighs/atom = 34
Neighbor list builds = 0
Dangerous builds = 0
next i
jump SELF loop_struct
clear
  using 1 OpenMP thread(s) per MPI task
log energies.log append
units metal
boundary p p p
atom_style atomic
read_data epoch60_${i}.in
read_data epoch60_146.in
Reading data file ...
  orthogonal box = (0 0 0) to (5.4437022 5.4437022 5.4437022)
  1 by 1 by 1 MPI processor grid
  reading atoms ...
  8 atoms
  reading velocities ...
  8 velocities
  read_data CPU = 0.000 seconds
mass 1 28.085
pair_style sw
pair_coeff * * Si.sw Si
Reading sw potential file Si.sw with DATE: 2007-06-11
run 0
Neighbor list info ...
  update: every = 1 steps, delay = 0 steps, check = yes
  max neighbors/atom: 2000, page size: 100000
  master list distance cutoff = 5.77118
  ghost atom cutoff = 5.77118
  binsize = 2.88559, bins = 2 2 2
  1 neighbor lists, perpetual/occasional/extra = 1 0 0
  (1) pair sw, perpetual
      attributes: full, newton on
      pair build: full/bin/atomonly
      stencil: full/bin/3d
      bin: standard
Per MPI rank memory allocation (min/avg/max) = 2.958 | 2.958 | 2.958 Mbytes
   Step          Temp          E_pair         E_mol          TotEng         Press     
WARNING: Too many warnings: 146 vs 100. All future warnings will be suppressed (src/thermo.cpp:478)
         0   0             -34.360631      0             -34.360631     -5875.6733    
Loop time of 1e-06 on 1 procs for 0 steps with 8 atoms

0.0% CPU use with 1 MPI tasks x 1 OpenMP threads

MPI task timing breakdown:
Section |  min time  |  avg time  |  max time  |%varavg| %total
---------------------------------------------------------------
Pair    | 0          | 0          | 0          |   0.0 |  0.00
Neigh   | 0          | 0          | 0          |   0.0 |  0.00
Comm    | 0          | 0          | 0          |   0.0 |  0.00
Output  | 0          | 0          | 0          |   0.0 |  0.00
Modify  | 0          | 0          | 0          |   0.0 |  0.00
Other   |            | 1e-06      |            |       |100.00

Nlocal:              8 ave           8 max           8 min
Histogram: 1 0 0 0 0 0 0 0 0 0
Nghost:            208 ave         208 max         208 min
Histogram: 1 0 0 0 0 0 0 0 0 0
Neighs:              0 ave           0 max           0 min
Histogram: 1 0 0 0 0 0 0 0 0 0
FullNghs:          274 ave         274 max         274 min
Histogram: 1 0 0 0 0 0 0 0 0 0

Total # of neighbors = 274
Ave neighs/atom = 34.25
Neighbor list builds = 0
Dangerous builds = 0
next i
jump SELF loop_struct
clear
  using 1 OpenMP thread(s) per MPI task
log energies.log append
units metal
boundary p p p
atom_style atomic
read_data epoch60_${i}.in
read_data epoch60_147.in
Reading data file ...
  orthogonal box = (0 0 0) to (5.4437022 5.4437022 5.4437022)
  1 by 1 by 1 MPI processor grid
  reading atoms ...
  8 atoms
  reading velocities ...
  8 velocities
  read_data CPU = 0.000 seconds
mass 1 28.085
pair_style sw
pair_coeff * * Si.sw Si
Reading sw potential file Si.sw with DATE: 2007-06-11
run 0
Neighbor list info ...
  update: every = 1 steps, delay = 0 steps, check = yes
  max neighbors/atom: 2000, page size: 100000
  master list distance cutoff = 5.77118
  ghost atom cutoff = 5.77118
  binsize = 2.88559, bins = 2 2 2
  1 neighbor lists, perpetual/occasional/extra = 1 0 0
  (1) pair sw, perpetual
      attributes: full, newton on
      pair build: full/bin/atomonly
      stencil: full/bin/3d
      bin: standard
Per MPI rank memory allocation (min/avg/max) = 2.958 | 2.958 | 2.958 Mbytes
   Step          Temp          E_pair         E_mol          TotEng         Press     
WARNING: Too many warnings: 147 vs 100. All future warnings will be suppressed (src/thermo.cpp:478)
         0   0             -34.357528      0             -34.357528     -6048.407     
Loop time of 1e-06 on 1 procs for 0 steps with 8 atoms

0.0% CPU use with 1 MPI tasks x 1 OpenMP threads

MPI task timing breakdown:
Section |  min time  |  avg time  |  max time  |%varavg| %total
---------------------------------------------------------------
Pair    | 0          | 0          | 0          |   0.0 |  0.00
Neigh   | 0          | 0          | 0          |   0.0 |  0.00
Comm    | 0          | 0          | 0          |   0.0 |  0.00
Output  | 0          | 0          | 0          |   0.0 |  0.00
Modify  | 0          | 0          | 0          |   0.0 |  0.00
Other   |            | 1e-06      |            |       |100.00

Nlocal:              8 ave           8 max           8 min
Histogram: 1 0 0 0 0 0 0 0 0 0
Nghost:            272 ave         272 max         272 min
Histogram: 1 0 0 0 0 0 0 0 0 0
Neighs:              0 ave           0 max           0 min
Histogram: 1 0 0 0 0 0 0 0 0 0
FullNghs:          272 ave         272 max         272 min
Histogram: 1 0 0 0 0 0 0 0 0 0

Total # of neighbors = 272
Ave neighs/atom = 34
Neighbor list builds = 0
Dangerous builds = 0
next i
jump SELF loop_struct
clear
  using 1 OpenMP thread(s) per MPI task
log energies.log append
units metal
boundary p p p
atom_style atomic
read_data epoch60_${i}.in
read_data epoch60_148.in
Reading data file ...
  orthogonal box = (0 0 0) to (5.4437022 5.4437022 5.4437022)
  1 by 1 by 1 MPI processor grid
  reading atoms ...
  8 atoms
  reading velocities ...
  8 velocities
  read_data CPU = 0.000 seconds
mass 1 28.085
pair_style sw
pair_coeff * * Si.sw Si
Reading sw potential file Si.sw with DATE: 2007-06-11
run 0
Neighbor list info ...
  update: every = 1 steps, delay = 0 steps, check = yes
  max neighbors/atom: 2000, page size: 100000
  master list distance cutoff = 5.77118
  ghost atom cutoff = 5.77118
  binsize = 2.88559, bins = 2 2 2
  1 neighbor lists, perpetual/occasional/extra = 1 0 0
  (1) pair sw, perpetual
      attributes: full, newton on
      pair build: full/bin/atomonly
      stencil: full/bin/3d
      bin: standard
Per MPI rank memory allocation (min/avg/max) = 2.958 | 2.958 | 2.958 Mbytes
   Step          Temp          E_pair         E_mol          TotEng         Press     
WARNING: Too many warnings: 148 vs 100. All future warnings will be suppressed (src/thermo.cpp:478)
         0   0             -34.254512      0             -34.254512     -6754.5146    
Loop time of 1.02e-06 on 1 procs for 0 steps with 8 atoms

0.0% CPU use with 1 MPI tasks x 1 OpenMP threads

MPI task timing breakdown:
Section |  min time  |  avg time  |  max time  |%varavg| %total
---------------------------------------------------------------
Pair    | 0          | 0          | 0          |   0.0 |  0.00
Neigh   | 0          | 0          | 0          |   0.0 |  0.00
Comm    | 0          | 0          | 0          |   0.0 |  0.00
Output  | 0          | 0          | 0          |   0.0 |  0.00
Modify  | 0          | 0          | 0          |   0.0 |  0.00
Other   |            | 1.02e-06   |            |       |100.00

Nlocal:              8 ave           8 max           8 min
Histogram: 1 0 0 0 0 0 0 0 0 0
Nghost:            238 ave         238 max         238 min
Histogram: 1 0 0 0 0 0 0 0 0 0
Neighs:              0 ave           0 max           0 min
Histogram: 1 0 0 0 0 0 0 0 0 0
FullNghs:          272 ave         272 max         272 min
Histogram: 1 0 0 0 0 0 0 0 0 0

Total # of neighbors = 272
Ave neighs/atom = 34
Neighbor list builds = 0
Dangerous builds = 0
next i
jump SELF loop_struct
clear
  using 1 OpenMP thread(s) per MPI task
log energies.log append
units metal
boundary p p p
atom_style atomic
read_data epoch60_${i}.in
read_data epoch60_149.in
Reading data file ...
  orthogonal box = (0 0 0) to (5.4437022 5.4437022 5.4437022)
  1 by 1 by 1 MPI processor grid
  reading atoms ...
  8 atoms
  reading velocities ...
  8 velocities
  read_data CPU = 0.000 seconds
mass 1 28.085
pair_style sw
pair_coeff * * Si.sw Si
Reading sw potential file Si.sw with DATE: 2007-06-11
run 0
Neighbor list info ...
  update: every = 1 steps, delay = 0 steps, check = yes
  max neighbors/atom: 2000, page size: 100000
  master list distance cutoff = 5.77118
  ghost atom cutoff = 5.77118
  binsize = 2.88559, bins = 2 2 2
  1 neighbor lists, perpetual/occasional/extra = 1 0 0
  (1) pair sw, perpetual
      attributes: full, newton on
      pair build: full/bin/atomonly
      stencil: full/bin/3d
      bin: standard
Per MPI rank memory allocation (min/avg/max) = 2.958 | 2.958 | 2.958 Mbytes
   Step          Temp          E_pair         E_mol          TotEng         Press     
WARNING: Too many warnings: 149 vs 100. All future warnings will be suppressed (src/thermo.cpp:478)
         0   0             -34.442176      0             -34.442176     -5683.2118    
Loop time of 1.02e-06 on 1 procs for 0 steps with 8 atoms

98.0% CPU use with 1 MPI tasks x 1 OpenMP threads

MPI task timing breakdown:
Section |  min time  |  avg time  |  max time  |%varavg| %total
---------------------------------------------------------------
Pair    | 0          | 0          | 0          |   0.0 |  0.00
Neigh   | 0          | 0          | 0          |   0.0 |  0.00
Comm    | 0          | 0          | 0          |   0.0 |  0.00
Output  | 0          | 0          | 0          |   0.0 |  0.00
Modify  | 0          | 0          | 0          |   0.0 |  0.00
Other   |            | 1.02e-06   |            |       |100.00

Nlocal:              8 ave           8 max           8 min
Histogram: 1 0 0 0 0 0 0 0 0 0
Nghost:            247 ave         247 max         247 min
Histogram: 1 0 0 0 0 0 0 0 0 0
Neighs:              0 ave           0 max           0 min
Histogram: 1 0 0 0 0 0 0 0 0 0
FullNghs:          272 ave         272 max         272 min
Histogram: 1 0 0 0 0 0 0 0 0 0

Total # of neighbors = 272
Ave neighs/atom = 34
Neighbor list builds = 0
Dangerous builds = 0
next i
jump SELF loop_struct
clear
  using 1 OpenMP thread(s) per MPI task
log energies.log append
units metal
boundary p p p
atom_style atomic
read_data epoch60_${i}.in
read_data epoch60_150.in
Reading data file ...
  orthogonal box = (0 0 0) to (5.4437022 5.4437022 5.4437022)
  1 by 1 by 1 MPI processor grid
  reading atoms ...
  8 atoms
  reading velocities ...
  8 velocities
  read_data CPU = 0.000 seconds
mass 1 28.085
pair_style sw
pair_coeff * * Si.sw Si
Reading sw potential file Si.sw with DATE: 2007-06-11
run 0
Neighbor list info ...
  update: every = 1 steps, delay = 0 steps, check = yes
  max neighbors/atom: 2000, page size: 100000
  master list distance cutoff = 5.77118
  ghost atom cutoff = 5.77118
  binsize = 2.88559, bins = 2 2 2
  1 neighbor lists, perpetual/occasional/extra = 1 0 0
  (1) pair sw, perpetual
      attributes: full, newton on
      pair build: full/bin/atomonly
      stencil: full/bin/3d
      bin: standard
Per MPI rank memory allocation (min/avg/max) = 2.958 | 2.958 | 2.958 Mbytes
   Step          Temp          E_pair         E_mol          TotEng         Press     
WARNING: Too many warnings: 150 vs 100. All future warnings will be suppressed (src/thermo.cpp:478)
         0   0             -34.54993       0             -34.54993      -6921.3557    
Loop time of 1e-06 on 1 procs for 0 steps with 8 atoms

200.0% CPU use with 1 MPI tasks x 1 OpenMP threads

MPI task timing breakdown:
Section |  min time  |  avg time  |  max time  |%varavg| %total
---------------------------------------------------------------
Pair    | 0          | 0          | 0          |   0.0 |  0.00
Neigh   | 0          | 0          | 0          |   0.0 |  0.00
Comm    | 0          | 0          | 0          |   0.0 |  0.00
Output  | 0          | 0          | 0          |   0.0 |  0.00
Modify  | 0          | 0          | 0          |   0.0 |  0.00
Other   |            | 1e-06      |            |       |100.00

Nlocal:              8 ave           8 max           8 min
Histogram: 1 0 0 0 0 0 0 0 0 0
Nghost:            226 ave         226 max         226 min
Histogram: 1 0 0 0 0 0 0 0 0 0
Neighs:              0 ave           0 max           0 min
Histogram: 1 0 0 0 0 0 0 0 0 0
FullNghs:          272 ave         272 max         272 min
Histogram: 1 0 0 0 0 0 0 0 0 0

Total # of neighbors = 272
Ave neighs/atom = 34
Neighbor list builds = 0
Dangerous builds = 0
next i
jump SELF loop_struct
clear
  using 1 OpenMP thread(s) per MPI task
log energies.log append
units metal
boundary p p p
atom_style atomic
read_data epoch60_${i}.in
read_data epoch60_151.in
Reading data file ...
  orthogonal box = (0 0 0) to (5.4437022 5.4437022 5.4437022)
  1 by 1 by 1 MPI processor grid
  reading atoms ...
  8 atoms
  reading velocities ...
  8 velocities
  read_data CPU = 0.000 seconds
mass 1 28.085
pair_style sw
pair_coeff * * Si.sw Si
Reading sw potential file Si.sw with DATE: 2007-06-11
run 0
Neighbor list info ...
  update: every = 1 steps, delay = 0 steps, check = yes
  max neighbors/atom: 2000, page size: 100000
  master list distance cutoff = 5.77118
  ghost atom cutoff = 5.77118
  binsize = 2.88559, bins = 2 2 2
  1 neighbor lists, perpetual/occasional/extra = 1 0 0
  (1) pair sw, perpetual
      attributes: full, newton on
      pair build: full/bin/atomonly
      stencil: full/bin/3d
      bin: standard
Per MPI rank memory allocation (min/avg/max) = 2.958 | 2.958 | 2.958 Mbytes
   Step          Temp          E_pair         E_mol          TotEng         Press     
WARNING: Too many warnings: 151 vs 100. All future warnings will be suppressed (src/thermo.cpp:478)
         0   0             -34.504658      0             -34.504658     -6281.8533    
Loop time of 1.03e-06 on 1 procs for 0 steps with 8 atoms

0.0% CPU use with 1 MPI tasks x 1 OpenMP threads

MPI task timing breakdown:
Section |  min time  |  avg time  |  max time  |%varavg| %total
---------------------------------------------------------------
Pair    | 0          | 0          | 0          |   0.0 |  0.00
Neigh   | 0          | 0          | 0          |   0.0 |  0.00
Comm    | 0          | 0          | 0          |   0.0 |  0.00
Output  | 0          | 0          | 0          |   0.0 |  0.00
Modify  | 0          | 0          | 0          |   0.0 |  0.00
Other   |            | 1.03e-06   |            |       |100.00

Nlocal:              8 ave           8 max           8 min
Histogram: 1 0 0 0 0 0 0 0 0 0
Nghost:            217 ave         217 max         217 min
Histogram: 1 0 0 0 0 0 0 0 0 0
Neighs:              0 ave           0 max           0 min
Histogram: 1 0 0 0 0 0 0 0 0 0
FullNghs:          272 ave         272 max         272 min
Histogram: 1 0 0 0 0 0 0 0 0 0

Total # of neighbors = 272
Ave neighs/atom = 34
Neighbor list builds = 0
Dangerous builds = 0
next i
jump SELF loop_struct
clear
  using 1 OpenMP thread(s) per MPI task
log energies.log append
units metal
boundary p p p
atom_style atomic
read_data epoch60_${i}.in
read_data epoch60_152.in
Reading data file ...
  orthogonal box = (0 0 0) to (5.4437022 5.4437022 5.4437022)
  1 by 1 by 1 MPI processor grid
  reading atoms ...
  8 atoms
  reading velocities ...
  8 velocities
  read_data CPU = 0.000 seconds
mass 1 28.085
pair_style sw
pair_coeff * * Si.sw Si
Reading sw potential file Si.sw with DATE: 2007-06-11
run 0
Neighbor list info ...
  update: every = 1 steps, delay = 0 steps, check = yes
  max neighbors/atom: 2000, page size: 100000
  master list distance cutoff = 5.77118
  ghost atom cutoff = 5.77118
  binsize = 2.88559, bins = 2 2 2
  1 neighbor lists, perpetual/occasional/extra = 1 0 0
  (1) pair sw, perpetual
      attributes: full, newton on
      pair build: full/bin/atomonly
      stencil: full/bin/3d
      bin: standard
Per MPI rank memory allocation (min/avg/max) = 2.958 | 2.958 | 2.958 Mbytes
   Step          Temp          E_pair         E_mol          TotEng         Press     
WARNING: Too many warnings: 152 vs 100. All future warnings will be suppressed (src/thermo.cpp:478)
         0   0             -34.410753      0             -34.410753     -6271.1058    
Loop time of 1.01e-06 on 1 procs for 0 steps with 8 atoms

0.0% CPU use with 1 MPI tasks x 1 OpenMP threads

MPI task timing breakdown:
Section |  min time  |  avg time  |  max time  |%varavg| %total
---------------------------------------------------------------
Pair    | 0          | 0          | 0          |   0.0 |  0.00
Neigh   | 0          | 0          | 0          |   0.0 |  0.00
Comm    | 0          | 0          | 0          |   0.0 |  0.00
Output  | 0          | 0          | 0          |   0.0 |  0.00
Modify  | 0          | 0          | 0          |   0.0 |  0.00
Other   |            | 1.01e-06   |            |       |100.00

Nlocal:              8 ave           8 max           8 min
Histogram: 1 0 0 0 0 0 0 0 0 0
Nghost:            238 ave         238 max         238 min
Histogram: 1 0 0 0 0 0 0 0 0 0
Neighs:              0 ave           0 max           0 min
Histogram: 1 0 0 0 0 0 0 0 0 0
FullNghs:          272 ave         272 max         272 min
Histogram: 1 0 0 0 0 0 0 0 0 0

Total # of neighbors = 272
Ave neighs/atom = 34
Neighbor list builds = 0
Dangerous builds = 0
next i
jump SELF loop_struct
clear
  using 1 OpenMP thread(s) per MPI task
log energies.log append
units metal
boundary p p p
atom_style atomic
read_data epoch60_${i}.in
read_data epoch60_153.in
Reading data file ...
  orthogonal box = (0 0 0) to (5.4437022 5.4437022 5.4437022)
  1 by 1 by 1 MPI processor grid
  reading atoms ...
  8 atoms
  reading velocities ...
  8 velocities
  read_data CPU = 0.000 seconds
mass 1 28.085
pair_style sw
pair_coeff * * Si.sw Si
Reading sw potential file Si.sw with DATE: 2007-06-11
run 0
Neighbor list info ...
  update: every = 1 steps, delay = 0 steps, check = yes
  max neighbors/atom: 2000, page size: 100000
  master list distance cutoff = 5.77118
  ghost atom cutoff = 5.77118
  binsize = 2.88559, bins = 2 2 2
  1 neighbor lists, perpetual/occasional/extra = 1 0 0
  (1) pair sw, perpetual
      attributes: full, newton on
      pair build: full/bin/atomonly
      stencil: full/bin/3d
      bin: standard
Per MPI rank memory allocation (min/avg/max) = 2.958 | 2.958 | 2.958 Mbytes
   Step          Temp          E_pair         E_mol          TotEng         Press     
WARNING: Too many warnings: 153 vs 100. All future warnings will be suppressed (src/thermo.cpp:478)
         0   0             -34.45987       0             -34.45987      -5321.3905    
Loop time of 1.03e-06 on 1 procs for 0 steps with 8 atoms

0.0% CPU use with 1 MPI tasks x 1 OpenMP threads

MPI task timing breakdown:
Section |  min time  |  avg time  |  max time  |%varavg| %total
---------------------------------------------------------------
Pair    | 0          | 0          | 0          |   0.0 |  0.00
Neigh   | 0          | 0          | 0          |   0.0 |  0.00
Comm    | 0          | 0          | 0          |   0.0 |  0.00
Output  | 0          | 0          | 0          |   0.0 |  0.00
Modify  | 0          | 0          | 0          |   0.0 |  0.00
Other   |            | 1.03e-06   |            |       |100.00

Nlocal:              8 ave           8 max           8 min
Histogram: 1 0 0 0 0 0 0 0 0 0
Nghost:            244 ave         244 max         244 min
Histogram: 1 0 0 0 0 0 0 0 0 0
Neighs:              0 ave           0 max           0 min
Histogram: 1 0 0 0 0 0 0 0 0 0
FullNghs:          272 ave         272 max         272 min
Histogram: 1 0 0 0 0 0 0 0 0 0

Total # of neighbors = 272
Ave neighs/atom = 34
Neighbor list builds = 0
Dangerous builds = 0
next i
jump SELF loop_struct
clear
  using 1 OpenMP thread(s) per MPI task
log energies.log append
units metal
boundary p p p
atom_style atomic
read_data epoch60_${i}.in
read_data epoch60_154.in
Reading data file ...
  orthogonal box = (0 0 0) to (5.4437022 5.4437022 5.4437022)
  1 by 1 by 1 MPI processor grid
  reading atoms ...
  8 atoms
  reading velocities ...
  8 velocities
  read_data CPU = 0.001 seconds
mass 1 28.085
pair_style sw
pair_coeff * * Si.sw Si
Reading sw potential file Si.sw with DATE: 2007-06-11
run 0
Neighbor list info ...
  update: every = 1 steps, delay = 0 steps, check = yes
  max neighbors/atom: 2000, page size: 100000
  master list distance cutoff = 5.77118
  ghost atom cutoff = 5.77118
  binsize = 2.88559, bins = 2 2 2
  1 neighbor lists, perpetual/occasional/extra = 1 0 0
  (1) pair sw, perpetual
      attributes: full, newton on
      pair build: full/bin/atomonly
      stencil: full/bin/3d
      bin: standard
Per MPI rank memory allocation (min/avg/max) = 2.958 | 2.958 | 2.958 Mbytes
   Step          Temp          E_pair         E_mol          TotEng         Press     
WARNING: Too many warnings: 154 vs 100. All future warnings will be suppressed (src/thermo.cpp:478)
         0   0             -34.321638      0             -34.321638     -5655.0759    
Loop time of 1.01e-06 on 1 procs for 0 steps with 8 atoms

0.0% CPU use with 1 MPI tasks x 1 OpenMP threads

MPI task timing breakdown:
Section |  min time  |  avg time  |  max time  |%varavg| %total
---------------------------------------------------------------
Pair    | 0          | 0          | 0          |   0.0 |  0.00
Neigh   | 0          | 0          | 0          |   0.0 |  0.00
Comm    | 0          | 0          | 0          |   0.0 |  0.00
Output  | 0          | 0          | 0          |   0.0 |  0.00
Modify  | 0          | 0          | 0          |   0.0 |  0.00
Other   |            | 1.01e-06   |            |       |100.00

Nlocal:              8 ave           8 max           8 min
Histogram: 1 0 0 0 0 0 0 0 0 0
Nghost:            247 ave         247 max         247 min
Histogram: 1 0 0 0 0 0 0 0 0 0
Neighs:              0 ave           0 max           0 min
Histogram: 1 0 0 0 0 0 0 0 0 0
FullNghs:          274 ave         274 max         274 min
Histogram: 1 0 0 0 0 0 0 0 0 0

Total # of neighbors = 274
Ave neighs/atom = 34.25
Neighbor list builds = 0
Dangerous builds = 0
next i
jump SELF loop_struct
clear
  using 1 OpenMP thread(s) per MPI task
log energies.log append
units metal
boundary p p p
atom_style atomic
read_data epoch60_${i}.in
read_data epoch60_155.in
Reading data file ...
  orthogonal box = (0 0 0) to (5.4437022 5.4437022 5.4437022)
  1 by 1 by 1 MPI processor grid
  reading atoms ...
  8 atoms
  reading velocities ...
  8 velocities
  read_data CPU = 0.000 seconds
mass 1 28.085
pair_style sw
pair_coeff * * Si.sw Si
Reading sw potential file Si.sw with DATE: 2007-06-11
run 0
Neighbor list info ...
  update: every = 1 steps, delay = 0 steps, check = yes
  max neighbors/atom: 2000, page size: 100000
  master list distance cutoff = 5.77118
  ghost atom cutoff = 5.77118
  binsize = 2.88559, bins = 2 2 2
  1 neighbor lists, perpetual/occasional/extra = 1 0 0
  (1) pair sw, perpetual
      attributes: full, newton on
      pair build: full/bin/atomonly
      stencil: full/bin/3d
      bin: standard
Per MPI rank memory allocation (min/avg/max) = 2.958 | 2.958 | 2.958 Mbytes
   Step          Temp          E_pair         E_mol          TotEng         Press     
WARNING: Too many warnings: 155 vs 100. All future warnings will be suppressed (src/thermo.cpp:478)
         0   0             -34.465768      0             -34.465768     -6821.0625    
Loop time of 1.02e-06 on 1 procs for 0 steps with 8 atoms

0.0% CPU use with 1 MPI tasks x 1 OpenMP threads

MPI task timing breakdown:
Section |  min time  |  avg time  |  max time  |%varavg| %total
---------------------------------------------------------------
Pair    | 0          | 0          | 0          |   0.0 |  0.00
Neigh   | 0          | 0          | 0          |   0.0 |  0.00
Comm    | 0          | 0          | 0          |   0.0 |  0.00
Output  | 0          | 0          | 0          |   0.0 |  0.00
Modify  | 0          | 0          | 0          |   0.0 |  0.00
Other   |            | 1.02e-06   |            |       |100.00

Nlocal:              8 ave           8 max           8 min
Histogram: 1 0 0 0 0 0 0 0 0 0
Nghost:            256 ave         256 max         256 min
Histogram: 1 0 0 0 0 0 0 0 0 0
Neighs:              0 ave           0 max           0 min
Histogram: 1 0 0 0 0 0 0 0 0 0
FullNghs:          272 ave         272 max         272 min
Histogram: 1 0 0 0 0 0 0 0 0 0

Total # of neighbors = 272
Ave neighs/atom = 34
Neighbor list builds = 0
Dangerous builds = 0
next i
jump SELF loop_struct
clear
  using 1 OpenMP thread(s) per MPI task
log energies.log append
units metal
boundary p p p
atom_style atomic
read_data epoch60_${i}.in
read_data epoch60_156.in
Reading data file ...
  orthogonal box = (0 0 0) to (5.4437022 5.4437022 5.4437022)
  1 by 1 by 1 MPI processor grid
  reading atoms ...
  8 atoms
  reading velocities ...
  8 velocities
  read_data CPU = 0.000 seconds
mass 1 28.085
pair_style sw
pair_coeff * * Si.sw Si
Reading sw potential file Si.sw with DATE: 2007-06-11
run 0
Neighbor list info ...
  update: every = 1 steps, delay = 0 steps, check = yes
  max neighbors/atom: 2000, page size: 100000
  master list distance cutoff = 5.77118
  ghost atom cutoff = 5.77118
  binsize = 2.88559, bins = 2 2 2
  1 neighbor lists, perpetual/occasional/extra = 1 0 0
  (1) pair sw, perpetual
      attributes: full, newton on
      pair build: full/bin/atomonly
      stencil: full/bin/3d
      bin: standard
Per MPI rank memory allocation (min/avg/max) = 2.958 | 2.958 | 2.958 Mbytes
   Step          Temp          E_pair         E_mol          TotEng         Press     
WARNING: Too many warnings: 156 vs 100. All future warnings will be suppressed (src/thermo.cpp:478)
         0   0             -34.504836      0             -34.504836     -5951.7358    
Loop time of 1e-06 on 1 procs for 0 steps with 8 atoms

0.0% CPU use with 1 MPI tasks x 1 OpenMP threads

MPI task timing breakdown:
Section |  min time  |  avg time  |  max time  |%varavg| %total
---------------------------------------------------------------
Pair    | 0          | 0          | 0          |   0.0 |  0.00
Neigh   | 0          | 0          | 0          |   0.0 |  0.00
Comm    | 0          | 0          | 0          |   0.0 |  0.00
Output  | 0          | 0          | 0          |   0.0 |  0.00
Modify  | 0          | 0          | 0          |   0.0 |  0.00
Other   |            | 1e-06      |            |       |100.00

Nlocal:              8 ave           8 max           8 min
Histogram: 1 0 0 0 0 0 0 0 0 0
Nghost:            226 ave         226 max         226 min
Histogram: 1 0 0 0 0 0 0 0 0 0
Neighs:              0 ave           0 max           0 min
Histogram: 1 0 0 0 0 0 0 0 0 0
FullNghs:          272 ave         272 max         272 min
Histogram: 1 0 0 0 0 0 0 0 0 0

Total # of neighbors = 272
Ave neighs/atom = 34
Neighbor list builds = 0
Dangerous builds = 0
next i
jump SELF loop_struct
clear
  using 1 OpenMP thread(s) per MPI task
log energies.log append
units metal
boundary p p p
atom_style atomic
read_data epoch60_${i}.in
read_data epoch60_157.in
Reading data file ...
  orthogonal box = (0 0 0) to (5.4437022 5.4437022 5.4437022)
  1 by 1 by 1 MPI processor grid
  reading atoms ...
  8 atoms
  reading velocities ...
  8 velocities
  read_data CPU = 0.000 seconds
mass 1 28.085
pair_style sw
pair_coeff * * Si.sw Si
Reading sw potential file Si.sw with DATE: 2007-06-11
run 0
Neighbor list info ...
  update: every = 1 steps, delay = 0 steps, check = yes
  max neighbors/atom: 2000, page size: 100000
  master list distance cutoff = 5.77118
  ghost atom cutoff = 5.77118
  binsize = 2.88559, bins = 2 2 2
  1 neighbor lists, perpetual/occasional/extra = 1 0 0
  (1) pair sw, perpetual
      attributes: full, newton on
      pair build: full/bin/atomonly
      stencil: full/bin/3d
      bin: standard
Per MPI rank memory allocation (min/avg/max) = 2.958 | 2.958 | 2.958 Mbytes
   Step          Temp          E_pair         E_mol          TotEng         Press     
WARNING: Too many warnings: 157 vs 100. All future warnings will be suppressed (src/thermo.cpp:478)
         0   0             -34.474708      0             -34.474708     -5976.6       
Loop time of 1e-06 on 1 procs for 0 steps with 8 atoms

0.0% CPU use with 1 MPI tasks x 1 OpenMP threads

MPI task timing breakdown:
Section |  min time  |  avg time  |  max time  |%varavg| %total
---------------------------------------------------------------
Pair    | 0          | 0          | 0          |   0.0 |  0.00
Neigh   | 0          | 0          | 0          |   0.0 |  0.00
Comm    | 0          | 0          | 0          |   0.0 |  0.00
Output  | 0          | 0          | 0          |   0.0 |  0.00
Modify  | 0          | 0          | 0          |   0.0 |  0.00
Other   |            | 1e-06      |            |       |100.00

Nlocal:              8 ave           8 max           8 min
Histogram: 1 0 0 0 0 0 0 0 0 0
Nghost:            265 ave         265 max         265 min
Histogram: 1 0 0 0 0 0 0 0 0 0
Neighs:              0 ave           0 max           0 min
Histogram: 1 0 0 0 0 0 0 0 0 0
FullNghs:          272 ave         272 max         272 min
Histogram: 1 0 0 0 0 0 0 0 0 0

Total # of neighbors = 272
Ave neighs/atom = 34
Neighbor list builds = 0
Dangerous builds = 0
next i
jump SELF loop_struct
clear
  using 1 OpenMP thread(s) per MPI task
log energies.log append
units metal
boundary p p p
atom_style atomic
read_data epoch60_${i}.in
read_data epoch60_158.in
Reading data file ...
  orthogonal box = (0 0 0) to (5.4437022 5.4437022 5.4437022)
  1 by 1 by 1 MPI processor grid
  reading atoms ...
  8 atoms
  reading velocities ...
  8 velocities
  read_data CPU = 0.000 seconds
mass 1 28.085
pair_style sw
pair_coeff * * Si.sw Si
Reading sw potential file Si.sw with DATE: 2007-06-11
run 0
Neighbor list info ...
  update: every = 1 steps, delay = 0 steps, check = yes
  max neighbors/atom: 2000, page size: 100000
  master list distance cutoff = 5.77118
  ghost atom cutoff = 5.77118
  binsize = 2.88559, bins = 2 2 2
  1 neighbor lists, perpetual/occasional/extra = 1 0 0
  (1) pair sw, perpetual
      attributes: full, newton on
      pair build: full/bin/atomonly
      stencil: full/bin/3d
      bin: standard
Per MPI rank memory allocation (min/avg/max) = 2.958 | 2.958 | 2.958 Mbytes
   Step          Temp          E_pair         E_mol          TotEng         Press     
WARNING: Too many warnings: 158 vs 100. All future warnings will be suppressed (src/thermo.cpp:478)
         0   0             -34.261272      0             -34.261272     -4700.5322    
Loop time of 1.01e-06 on 1 procs for 0 steps with 8 atoms

0.0% CPU use with 1 MPI tasks x 1 OpenMP threads

MPI task timing breakdown:
Section |  min time  |  avg time  |  max time  |%varavg| %total
---------------------------------------------------------------
Pair    | 0          | 0          | 0          |   0.0 |  0.00
Neigh   | 0          | 0          | 0          |   0.0 |  0.00
Comm    | 0          | 0          | 0          |   0.0 |  0.00
Output  | 0          | 0          | 0          |   0.0 |  0.00
Modify  | 0          | 0          | 0          |   0.0 |  0.00
Other   |            | 1.01e-06   |            |       |100.00

Nlocal:              8 ave           8 max           8 min
Histogram: 1 0 0 0 0 0 0 0 0 0
Nghost:            247 ave         247 max         247 min
Histogram: 1 0 0 0 0 0 0 0 0 0
Neighs:              0 ave           0 max           0 min
Histogram: 1 0 0 0 0 0 0 0 0 0
FullNghs:          274 ave         274 max         274 min
Histogram: 1 0 0 0 0 0 0 0 0 0

Total # of neighbors = 274
Ave neighs/atom = 34.25
Neighbor list builds = 0
Dangerous builds = 0
next i
jump SELF loop_struct
clear
  using 1 OpenMP thread(s) per MPI task
log energies.log append
units metal
boundary p p p
atom_style atomic
read_data epoch60_${i}.in
read_data epoch60_159.in
Reading data file ...
  orthogonal box = (0 0 0) to (5.4437022 5.4437022 5.4437022)
  1 by 1 by 1 MPI processor grid
  reading atoms ...
  8 atoms
  reading velocities ...
  8 velocities
  read_data CPU = 0.001 seconds
mass 1 28.085
pair_style sw
pair_coeff * * Si.sw Si
Reading sw potential file Si.sw with DATE: 2007-06-11
run 0
Neighbor list info ...
  update: every = 1 steps, delay = 0 steps, check = yes
  max neighbors/atom: 2000, page size: 100000
  master list distance cutoff = 5.77118
  ghost atom cutoff = 5.77118
  binsize = 2.88559, bins = 2 2 2
  1 neighbor lists, perpetual/occasional/extra = 1 0 0
  (1) pair sw, perpetual
      attributes: full, newton on
      pair build: full/bin/atomonly
      stencil: full/bin/3d
      bin: standard
Per MPI rank memory allocation (min/avg/max) = 2.958 | 2.958 | 2.958 Mbytes
   Step          Temp          E_pair         E_mol          TotEng         Press     
WARNING: Too many warnings: 159 vs 100. All future warnings will be suppressed (src/thermo.cpp:478)
         0   0             -34.455595      0             -34.455595     -6127.2303    
Loop time of 1.02e-06 on 1 procs for 0 steps with 8 atoms

0.0% CPU use with 1 MPI tasks x 1 OpenMP threads

MPI task timing breakdown:
Section |  min time  |  avg time  |  max time  |%varavg| %total
---------------------------------------------------------------
Pair    | 0          | 0          | 0          |   0.0 |  0.00
Neigh   | 0          | 0          | 0          |   0.0 |  0.00
Comm    | 0          | 0          | 0          |   0.0 |  0.00
Output  | 0          | 0          | 0          |   0.0 |  0.00
Modify  | 0          | 0          | 0          |   0.0 |  0.00
Other   |            | 1.02e-06   |            |       |100.00

Nlocal:              8 ave           8 max           8 min
Histogram: 1 0 0 0 0 0 0 0 0 0
Nghost:            263 ave         263 max         263 min
Histogram: 1 0 0 0 0 0 0 0 0 0
Neighs:              0 ave           0 max           0 min
Histogram: 1 0 0 0 0 0 0 0 0 0
FullNghs:          272 ave         272 max         272 min
Histogram: 1 0 0 0 0 0 0 0 0 0

Total # of neighbors = 272
Ave neighs/atom = 34
Neighbor list builds = 0
Dangerous builds = 0
next i
jump SELF loop_struct
clear
  using 1 OpenMP thread(s) per MPI task
log energies.log append
units metal
boundary p p p
atom_style atomic
read_data epoch60_${i}.in
read_data epoch60_160.in
Reading data file ...
  orthogonal box = (0 0 0) to (5.4437022 5.4437022 5.4437022)
  1 by 1 by 1 MPI processor grid
  reading atoms ...
  8 atoms
  reading velocities ...
  8 velocities
  read_data CPU = 0.000 seconds
mass 1 28.085
pair_style sw
pair_coeff * * Si.sw Si
Reading sw potential file Si.sw with DATE: 2007-06-11
run 0
Neighbor list info ...
  update: every = 1 steps, delay = 0 steps, check = yes
  max neighbors/atom: 2000, page size: 100000
  master list distance cutoff = 5.77118
  ghost atom cutoff = 5.77118
  binsize = 2.88559, bins = 2 2 2
  1 neighbor lists, perpetual/occasional/extra = 1 0 0
  (1) pair sw, perpetual
      attributes: full, newton on
      pair build: full/bin/atomonly
      stencil: full/bin/3d
      bin: standard
Per MPI rank memory allocation (min/avg/max) = 2.958 | 2.958 | 2.958 Mbytes
   Step          Temp          E_pair         E_mol          TotEng         Press     
WARNING: Too many warnings: 160 vs 100. All future warnings will be suppressed (src/thermo.cpp:478)
         0   0             -34.406446      0             -34.406446     -6321.2065    
Loop time of 1.03e-06 on 1 procs for 0 steps with 8 atoms

0.0% CPU use with 1 MPI tasks x 1 OpenMP threads

MPI task timing breakdown:
Section |  min time  |  avg time  |  max time  |%varavg| %total
---------------------------------------------------------------
Pair    | 0          | 0          | 0          |   0.0 |  0.00
Neigh   | 0          | 0          | 0          |   0.0 |  0.00
Comm    | 0          | 0          | 0          |   0.0 |  0.00
Output  | 0          | 0          | 0          |   0.0 |  0.00
Modify  | 0          | 0          | 0          |   0.0 |  0.00
Other   |            | 1.03e-06   |            |       |100.00

Nlocal:              8 ave           8 max           8 min
Histogram: 1 0 0 0 0 0 0 0 0 0
Nghost:            247 ave         247 max         247 min
Histogram: 1 0 0 0 0 0 0 0 0 0
Neighs:              0 ave           0 max           0 min
Histogram: 1 0 0 0 0 0 0 0 0 0
FullNghs:          276 ave         276 max         276 min
Histogram: 1 0 0 0 0 0 0 0 0 0

Total # of neighbors = 276
Ave neighs/atom = 34.5
Neighbor list builds = 0
Dangerous builds = 0
next i
jump SELF loop_struct
clear
  using 1 OpenMP thread(s) per MPI task
log energies.log append
units metal
boundary p p p
atom_style atomic
read_data epoch60_${i}.in
read_data epoch60_161.in
Reading data file ...
  orthogonal box = (0 0 0) to (5.4437022 5.4437022 5.4437022)
  1 by 1 by 1 MPI processor grid
  reading atoms ...
  8 atoms
  reading velocities ...
  8 velocities
  read_data CPU = 0.001 seconds
mass 1 28.085
pair_style sw
pair_coeff * * Si.sw Si
Reading sw potential file Si.sw with DATE: 2007-06-11
run 0
Neighbor list info ...
  update: every = 1 steps, delay = 0 steps, check = yes
  max neighbors/atom: 2000, page size: 100000
  master list distance cutoff = 5.77118
  ghost atom cutoff = 5.77118
  binsize = 2.88559, bins = 2 2 2
  1 neighbor lists, perpetual/occasional/extra = 1 0 0
  (1) pair sw, perpetual
      attributes: full, newton on
      pair build: full/bin/atomonly
      stencil: full/bin/3d
      bin: standard
Per MPI rank memory allocation (min/avg/max) = 2.958 | 2.958 | 2.958 Mbytes
   Step          Temp          E_pair         E_mol          TotEng         Press     
WARNING: Too many warnings: 161 vs 100. All future warnings will be suppressed (src/thermo.cpp:478)
         0   0             -34.080047      0             -34.080047     -4766.0976    
Loop time of 1.03e-06 on 1 procs for 0 steps with 8 atoms

97.1% CPU use with 1 MPI tasks x 1 OpenMP threads

MPI task timing breakdown:
Section |  min time  |  avg time  |  max time  |%varavg| %total
---------------------------------------------------------------
Pair    | 0          | 0          | 0          |   0.0 |  0.00
Neigh   | 0          | 0          | 0          |   0.0 |  0.00
Comm    | 0          | 0          | 0          |   0.0 |  0.00
Output  | 0          | 0          | 0          |   0.0 |  0.00
Modify  | 0          | 0          | 0          |   0.0 |  0.00
Other   |            | 1.03e-06   |            |       |100.00

Nlocal:              8 ave           8 max           8 min
Histogram: 1 0 0 0 0 0 0 0 0 0
Nghost:            247 ave         247 max         247 min
Histogram: 1 0 0 0 0 0 0 0 0 0
Neighs:              0 ave           0 max           0 min
Histogram: 1 0 0 0 0 0 0 0 0 0
FullNghs:          276 ave         276 max         276 min
Histogram: 1 0 0 0 0 0 0 0 0 0

Total # of neighbors = 276
Ave neighs/atom = 34.5
Neighbor list builds = 0
Dangerous builds = 0
next i
jump SELF loop_struct
clear
  using 1 OpenMP thread(s) per MPI task
log energies.log append
units metal
boundary p p p
atom_style atomic
read_data epoch60_${i}.in
read_data epoch60_162.in
Reading data file ...
  orthogonal box = (0 0 0) to (5.4437022 5.4437022 5.4437022)
  1 by 1 by 1 MPI processor grid
  reading atoms ...
  8 atoms
  reading velocities ...
  8 velocities
  read_data CPU = 0.000 seconds
mass 1 28.085
pair_style sw
pair_coeff * * Si.sw Si
Reading sw potential file Si.sw with DATE: 2007-06-11
run 0
Neighbor list info ...
  update: every = 1 steps, delay = 0 steps, check = yes
  max neighbors/atom: 2000, page size: 100000
  master list distance cutoff = 5.77118
  ghost atom cutoff = 5.77118
  binsize = 2.88559, bins = 2 2 2
  1 neighbor lists, perpetual/occasional/extra = 1 0 0
  (1) pair sw, perpetual
      attributes: full, newton on
      pair build: full/bin/atomonly
      stencil: full/bin/3d
      bin: standard
Per MPI rank memory allocation (min/avg/max) = 2.958 | 2.958 | 2.958 Mbytes
   Step          Temp          E_pair         E_mol          TotEng         Press     
WARNING: Too many warnings: 162 vs 100. All future warnings will be suppressed (src/thermo.cpp:478)
         0   0             -34.575298      0             -34.575298     -6784.8745    
Loop time of 1.06e-06 on 1 procs for 0 steps with 8 atoms

0.0% CPU use with 1 MPI tasks x 1 OpenMP threads

MPI task timing breakdown:
Section |  min time  |  avg time  |  max time  |%varavg| %total
---------------------------------------------------------------
Pair    | 0          | 0          | 0          |   0.0 |  0.00
Neigh   | 0          | 0          | 0          |   0.0 |  0.00
Comm    | 0          | 0          | 0          |   0.0 |  0.00
Output  | 0          | 0          | 0          |   0.0 |  0.00
Modify  | 0          | 0          | 0          |   0.0 |  0.00
Other   |            | 1.06e-06   |            |       |100.00

Nlocal:              8 ave           8 max           8 min
Histogram: 1 0 0 0 0 0 0 0 0 0
Nghost:            208 ave         208 max         208 min
Histogram: 1 0 0 0 0 0 0 0 0 0
Neighs:              0 ave           0 max           0 min
Histogram: 1 0 0 0 0 0 0 0 0 0
FullNghs:          272 ave         272 max         272 min
Histogram: 1 0 0 0 0 0 0 0 0 0

Total # of neighbors = 272
Ave neighs/atom = 34
Neighbor list builds = 0
Dangerous builds = 0
next i
jump SELF loop_struct
clear
  using 1 OpenMP thread(s) per MPI task
log energies.log append
units metal
boundary p p p
atom_style atomic
read_data epoch60_${i}.in
read_data epoch60_163.in
Reading data file ...
  orthogonal box = (0 0 0) to (5.4437022 5.4437022 5.4437022)
  1 by 1 by 1 MPI processor grid
  reading atoms ...
  8 atoms
  reading velocities ...
  8 velocities
  read_data CPU = 0.000 seconds
mass 1 28.085
pair_style sw
pair_coeff * * Si.sw Si
Reading sw potential file Si.sw with DATE: 2007-06-11
run 0
Neighbor list info ...
  update: every = 1 steps, delay = 0 steps, check = yes
  max neighbors/atom: 2000, page size: 100000
  master list distance cutoff = 5.77118
  ghost atom cutoff = 5.77118
  binsize = 2.88559, bins = 2 2 2
  1 neighbor lists, perpetual/occasional/extra = 1 0 0
  (1) pair sw, perpetual
      attributes: full, newton on
      pair build: full/bin/atomonly
      stencil: full/bin/3d
      bin: standard
Per MPI rank memory allocation (min/avg/max) = 2.958 | 2.958 | 2.958 Mbytes
   Step          Temp          E_pair         E_mol          TotEng         Press     
WARNING: Too many warnings: 163 vs 100. All future warnings will be suppressed (src/thermo.cpp:478)
         0   0             -34.415612      0             -34.415612     -7497.8119    
Loop time of 1.01e-06 on 1 procs for 0 steps with 8 atoms

0.0% CPU use with 1 MPI tasks x 1 OpenMP threads

MPI task timing breakdown:
Section |  min time  |  avg time  |  max time  |%varavg| %total
---------------------------------------------------------------
Pair    | 0          | 0          | 0          |   0.0 |  0.00
Neigh   | 0          | 0          | 0          |   0.0 |  0.00
Comm    | 0          | 0          | 0          |   0.0 |  0.00
Output  | 0          | 0          | 0          |   0.0 |  0.00
Modify  | 0          | 0          | 0          |   0.0 |  0.00
Other   |            | 1.01e-06   |            |       |100.00

Nlocal:              8 ave           8 max           8 min
Histogram: 1 0 0 0 0 0 0 0 0 0
Nghost:            259 ave         259 max         259 min
Histogram: 1 0 0 0 0 0 0 0 0 0
Neighs:              0 ave           0 max           0 min
Histogram: 1 0 0 0 0 0 0 0 0 0
FullNghs:          272 ave         272 max         272 min
Histogram: 1 0 0 0 0 0 0 0 0 0

Total # of neighbors = 272
Ave neighs/atom = 34
Neighbor list builds = 0
Dangerous builds = 0
next i
jump SELF loop_struct
clear
  using 1 OpenMP thread(s) per MPI task
log energies.log append
units metal
boundary p p p
atom_style atomic
read_data epoch60_${i}.in
read_data epoch60_164.in
Reading data file ...
  orthogonal box = (0 0 0) to (5.4437022 5.4437022 5.4437022)
  1 by 1 by 1 MPI processor grid
  reading atoms ...
  8 atoms
  reading velocities ...
  8 velocities
  read_data CPU = 0.000 seconds
mass 1 28.085
pair_style sw
pair_coeff * * Si.sw Si
Reading sw potential file Si.sw with DATE: 2007-06-11
run 0
Neighbor list info ...
  update: every = 1 steps, delay = 0 steps, check = yes
  max neighbors/atom: 2000, page size: 100000
  master list distance cutoff = 5.77118
  ghost atom cutoff = 5.77118
  binsize = 2.88559, bins = 2 2 2
  1 neighbor lists, perpetual/occasional/extra = 1 0 0
  (1) pair sw, perpetual
      attributes: full, newton on
      pair build: full/bin/atomonly
      stencil: full/bin/3d
      bin: standard
Per MPI rank memory allocation (min/avg/max) = 2.958 | 2.958 | 2.958 Mbytes
   Step          Temp          E_pair         E_mol          TotEng         Press     
WARNING: Too many warnings: 164 vs 100. All future warnings will be suppressed (src/thermo.cpp:478)
         0   0             -34.494078      0             -34.494078     -6978.4694    
Loop time of 1.01e-06 on 1 procs for 0 steps with 8 atoms

198.0% CPU use with 1 MPI tasks x 1 OpenMP threads

MPI task timing breakdown:
Section |  min time  |  avg time  |  max time  |%varavg| %total
---------------------------------------------------------------
Pair    | 0          | 0          | 0          |   0.0 |  0.00
Neigh   | 0          | 0          | 0          |   0.0 |  0.00
Comm    | 0          | 0          | 0          |   0.0 |  0.00
Output  | 0          | 0          | 0          |   0.0 |  0.00
Modify  | 0          | 0          | 0          |   0.0 |  0.00
Other   |            | 1.01e-06   |            |       |100.00

Nlocal:              8 ave           8 max           8 min
Histogram: 1 0 0 0 0 0 0 0 0 0
Nghost:            235 ave         235 max         235 min
Histogram: 1 0 0 0 0 0 0 0 0 0
Neighs:              0 ave           0 max           0 min
Histogram: 1 0 0 0 0 0 0 0 0 0
FullNghs:          272 ave         272 max         272 min
Histogram: 1 0 0 0 0 0 0 0 0 0

Total # of neighbors = 272
Ave neighs/atom = 34
Neighbor list builds = 0
Dangerous builds = 0
next i
jump SELF loop_struct
clear
  using 1 OpenMP thread(s) per MPI task
log energies.log append
units metal
boundary p p p
atom_style atomic
read_data epoch60_${i}.in
read_data epoch60_165.in
Reading data file ...
  orthogonal box = (0 0 0) to (5.4437022 5.4437022 5.4437022)
  1 by 1 by 1 MPI processor grid
  reading atoms ...
  8 atoms
  reading velocities ...
  8 velocities
  read_data CPU = 0.000 seconds
mass 1 28.085
pair_style sw
pair_coeff * * Si.sw Si
Reading sw potential file Si.sw with DATE: 2007-06-11
run 0
Neighbor list info ...
  update: every = 1 steps, delay = 0 steps, check = yes
  max neighbors/atom: 2000, page size: 100000
  master list distance cutoff = 5.77118
  ghost atom cutoff = 5.77118
  binsize = 2.88559, bins = 2 2 2
  1 neighbor lists, perpetual/occasional/extra = 1 0 0
  (1) pair sw, perpetual
      attributes: full, newton on
      pair build: full/bin/atomonly
      stencil: full/bin/3d
      bin: standard
Per MPI rank memory allocation (min/avg/max) = 2.958 | 2.958 | 2.958 Mbytes
   Step          Temp          E_pair         E_mol          TotEng         Press     
WARNING: Too many warnings: 165 vs 100. All future warnings will be suppressed (src/thermo.cpp:478)
         0   0             -34.496174      0             -34.496174     -5170.1408    
Loop time of 1.01e-06 on 1 procs for 0 steps with 8 atoms

99.0% CPU use with 1 MPI tasks x 1 OpenMP threads

MPI task timing breakdown:
Section |  min time  |  avg time  |  max time  |%varavg| %total
---------------------------------------------------------------
Pair    | 0          | 0          | 0          |   0.0 |  0.00
Neigh   | 0          | 0          | 0          |   0.0 |  0.00
Comm    | 0          | 0          | 0          |   0.0 |  0.00
Output  | 0          | 0          | 0          |   0.0 |  0.00
Modify  | 0          | 0          | 0          |   0.0 |  0.00
Other   |            | 1.01e-06   |            |       |100.00

Nlocal:              8 ave           8 max           8 min
Histogram: 1 0 0 0 0 0 0 0 0 0
Nghost:            265 ave         265 max         265 min
Histogram: 1 0 0 0 0 0 0 0 0 0
Neighs:              0 ave           0 max           0 min
Histogram: 1 0 0 0 0 0 0 0 0 0
FullNghs:          272 ave         272 max         272 min
Histogram: 1 0 0 0 0 0 0 0 0 0

Total # of neighbors = 272
Ave neighs/atom = 34
Neighbor list builds = 0
Dangerous builds = 0
next i
jump SELF loop_struct
clear
  using 1 OpenMP thread(s) per MPI task
log energies.log append
units metal
boundary p p p
atom_style atomic
read_data epoch60_${i}.in
read_data epoch60_166.in
Reading data file ...
  orthogonal box = (0 0 0) to (5.4437022 5.4437022 5.4437022)
  1 by 1 by 1 MPI processor grid
  reading atoms ...
  8 atoms
  reading velocities ...
  8 velocities
  read_data CPU = 0.000 seconds
mass 1 28.085
pair_style sw
pair_coeff * * Si.sw Si
Reading sw potential file Si.sw with DATE: 2007-06-11
run 0
Neighbor list info ...
  update: every = 1 steps, delay = 0 steps, check = yes
  max neighbors/atom: 2000, page size: 100000
  master list distance cutoff = 5.77118
  ghost atom cutoff = 5.77118
  binsize = 2.88559, bins = 2 2 2
  1 neighbor lists, perpetual/occasional/extra = 1 0 0
  (1) pair sw, perpetual
      attributes: full, newton on
      pair build: full/bin/atomonly
      stencil: full/bin/3d
      bin: standard
Per MPI rank memory allocation (min/avg/max) = 2.958 | 2.958 | 2.958 Mbytes
   Step          Temp          E_pair         E_mol          TotEng         Press     
WARNING: Too many warnings: 166 vs 100. All future warnings will be suppressed (src/thermo.cpp:478)
         0   0             -34.598321      0             -34.598321     -6544.5375    
Loop time of 1e-06 on 1 procs for 0 steps with 8 atoms

0.0% CPU use with 1 MPI tasks x 1 OpenMP threads

MPI task timing breakdown:
Section |  min time  |  avg time  |  max time  |%varavg| %total
---------------------------------------------------------------
Pair    | 0          | 0          | 0          |   0.0 |  0.00
Neigh   | 0          | 0          | 0          |   0.0 |  0.00
Comm    | 0          | 0          | 0          |   0.0 |  0.00
Output  | 0          | 0          | 0          |   0.0 |  0.00
Modify  | 0          | 0          | 0          |   0.0 |  0.00
Other   |            | 1e-06      |            |       |100.00

Nlocal:              8 ave           8 max           8 min
Histogram: 1 0 0 0 0 0 0 0 0 0
Nghost:            226 ave         226 max         226 min
Histogram: 1 0 0 0 0 0 0 0 0 0
Neighs:              0 ave           0 max           0 min
Histogram: 1 0 0 0 0 0 0 0 0 0
FullNghs:          272 ave         272 max         272 min
Histogram: 1 0 0 0 0 0 0 0 0 0

Total # of neighbors = 272
Ave neighs/atom = 34
Neighbor list builds = 0
Dangerous builds = 0
next i
jump SELF loop_struct
clear
  using 1 OpenMP thread(s) per MPI task
log energies.log append
units metal
boundary p p p
atom_style atomic
read_data epoch60_${i}.in
read_data epoch60_167.in
Reading data file ...
  orthogonal box = (0 0 0) to (5.4437022 5.4437022 5.4437022)
  1 by 1 by 1 MPI processor grid
  reading atoms ...
  8 atoms
  reading velocities ...
  8 velocities
  read_data CPU = 0.001 seconds
mass 1 28.085
pair_style sw
pair_coeff * * Si.sw Si
Reading sw potential file Si.sw with DATE: 2007-06-11
run 0
Neighbor list info ...
  update: every = 1 steps, delay = 0 steps, check = yes
  max neighbors/atom: 2000, page size: 100000
  master list distance cutoff = 5.77118
  ghost atom cutoff = 5.77118
  binsize = 2.88559, bins = 2 2 2
  1 neighbor lists, perpetual/occasional/extra = 1 0 0
  (1) pair sw, perpetual
      attributes: full, newton on
      pair build: full/bin/atomonly
      stencil: full/bin/3d
      bin: standard
Per MPI rank memory allocation (min/avg/max) = 2.958 | 2.958 | 2.958 Mbytes
   Step          Temp          E_pair         E_mol          TotEng         Press     
WARNING: Too many warnings: 167 vs 100. All future warnings will be suppressed (src/thermo.cpp:478)
         0   0             -34.427514      0             -34.427514     -6376.0651    
Loop time of 1.01e-06 on 1 procs for 0 steps with 8 atoms

0.0% CPU use with 1 MPI tasks x 1 OpenMP threads

MPI task timing breakdown:
Section |  min time  |  avg time  |  max time  |%varavg| %total
---------------------------------------------------------------
Pair    | 0          | 0          | 0          |   0.0 |  0.00
Neigh   | 0          | 0          | 0          |   0.0 |  0.00
Comm    | 0          | 0          | 0          |   0.0 |  0.00
Output  | 0          | 0          | 0          |   0.0 |  0.00
Modify  | 0          | 0          | 0          |   0.0 |  0.00
Other   |            | 1.01e-06   |            |       |100.00

Nlocal:              8 ave           8 max           8 min
Histogram: 1 0 0 0 0 0 0 0 0 0
Nghost:            208 ave         208 max         208 min
Histogram: 1 0 0 0 0 0 0 0 0 0
Neighs:              0 ave           0 max           0 min
Histogram: 1 0 0 0 0 0 0 0 0 0
FullNghs:          272 ave         272 max         272 min
Histogram: 1 0 0 0 0 0 0 0 0 0

Total # of neighbors = 272
Ave neighs/atom = 34
Neighbor list builds = 0
Dangerous builds = 0
next i
jump SELF loop_struct
clear
  using 1 OpenMP thread(s) per MPI task
log energies.log append
units metal
boundary p p p
atom_style atomic
read_data epoch60_${i}.in
read_data epoch60_168.in
Reading data file ...
  orthogonal box = (0 0 0) to (5.4437022 5.4437022 5.4437022)
  1 by 1 by 1 MPI processor grid
  reading atoms ...
  8 atoms
  reading velocities ...
  8 velocities
  read_data CPU = 0.000 seconds
mass 1 28.085
pair_style sw
pair_coeff * * Si.sw Si
Reading sw potential file Si.sw with DATE: 2007-06-11
run 0
Neighbor list info ...
  update: every = 1 steps, delay = 0 steps, check = yes
  max neighbors/atom: 2000, page size: 100000
  master list distance cutoff = 5.77118
  ghost atom cutoff = 5.77118
  binsize = 2.88559, bins = 2 2 2
  1 neighbor lists, perpetual/occasional/extra = 1 0 0
  (1) pair sw, perpetual
      attributes: full, newton on
      pair build: full/bin/atomonly
      stencil: full/bin/3d
      bin: standard
Per MPI rank memory allocation (min/avg/max) = 2.958 | 2.958 | 2.958 Mbytes
   Step          Temp          E_pair         E_mol          TotEng         Press     
WARNING: Too many warnings: 168 vs 100. All future warnings will be suppressed (src/thermo.cpp:478)
         0   0             -34.419511      0             -34.419511     -6321.1753    
Loop time of 1e-06 on 1 procs for 0 steps with 8 atoms

100.0% CPU use with 1 MPI tasks x 1 OpenMP threads

MPI task timing breakdown:
Section |  min time  |  avg time  |  max time  |%varavg| %total
---------------------------------------------------------------
Pair    | 0          | 0          | 0          |   0.0 |  0.00
Neigh   | 0          | 0          | 0          |   0.0 |  0.00
Comm    | 0          | 0          | 0          |   0.0 |  0.00
Output  | 0          | 0          | 0          |   0.0 |  0.00
Modify  | 0          | 0          | 0          |   0.0 |  0.00
Other   |            | 1e-06      |            |       |100.00

Nlocal:              8 ave           8 max           8 min
Histogram: 1 0 0 0 0 0 0 0 0 0
Nghost:            244 ave         244 max         244 min
Histogram: 1 0 0 0 0 0 0 0 0 0
Neighs:              0 ave           0 max           0 min
Histogram: 1 0 0 0 0 0 0 0 0 0
FullNghs:          272 ave         272 max         272 min
Histogram: 1 0 0 0 0 0 0 0 0 0

Total # of neighbors = 272
Ave neighs/atom = 34
Neighbor list builds = 0
Dangerous builds = 0
next i
jump SELF loop_struct
clear
  using 1 OpenMP thread(s) per MPI task
log energies.log append
units metal
boundary p p p
atom_style atomic
read_data epoch60_${i}.in
read_data epoch60_169.in
Reading data file ...
  orthogonal box = (0 0 0) to (5.4437022 5.4437022 5.4437022)
  1 by 1 by 1 MPI processor grid
  reading atoms ...
  8 atoms
  reading velocities ...
  8 velocities
  read_data CPU = 0.000 seconds
mass 1 28.085
pair_style sw
pair_coeff * * Si.sw Si
Reading sw potential file Si.sw with DATE: 2007-06-11
run 0
Neighbor list info ...
  update: every = 1 steps, delay = 0 steps, check = yes
  max neighbors/atom: 2000, page size: 100000
  master list distance cutoff = 5.77118
  ghost atom cutoff = 5.77118
  binsize = 2.88559, bins = 2 2 2
  1 neighbor lists, perpetual/occasional/extra = 1 0 0
  (1) pair sw, perpetual
      attributes: full, newton on
      pair build: full/bin/atomonly
      stencil: full/bin/3d
      bin: standard
Per MPI rank memory allocation (min/avg/max) = 2.958 | 2.958 | 2.958 Mbytes
   Step          Temp          E_pair         E_mol          TotEng         Press     
WARNING: Too many warnings: 169 vs 100. All future warnings will be suppressed (src/thermo.cpp:478)
         0   0             -34.476866      0             -34.476866     -5464.6613    
Loop time of 1.02e-06 on 1 procs for 0 steps with 8 atoms

196.1% CPU use with 1 MPI tasks x 1 OpenMP threads

MPI task timing breakdown:
Section |  min time  |  avg time  |  max time  |%varavg| %total
---------------------------------------------------------------
Pair    | 0          | 0          | 0          |   0.0 |  0.00
Neigh   | 0          | 0          | 0          |   0.0 |  0.00
Comm    | 0          | 0          | 0          |   0.0 |  0.00
Output  | 0          | 0          | 0          |   0.0 |  0.00
Modify  | 0          | 0          | 0          |   0.0 |  0.00
Other   |            | 1.02e-06   |            |       |100.00

Nlocal:              8 ave           8 max           8 min
Histogram: 1 0 0 0 0 0 0 0 0 0
Nghost:            208 ave         208 max         208 min
Histogram: 1 0 0 0 0 0 0 0 0 0
Neighs:              0 ave           0 max           0 min
Histogram: 1 0 0 0 0 0 0 0 0 0
FullNghs:          272 ave         272 max         272 min
Histogram: 1 0 0 0 0 0 0 0 0 0

Total # of neighbors = 272
Ave neighs/atom = 34
Neighbor list builds = 0
Dangerous builds = 0
next i
jump SELF loop_struct
clear
  using 1 OpenMP thread(s) per MPI task
log energies.log append
units metal
boundary p p p
atom_style atomic
read_data epoch60_${i}.in
read_data epoch60_170.in
Reading data file ...
  orthogonal box = (0 0 0) to (5.4437022 5.4437022 5.4437022)
  1 by 1 by 1 MPI processor grid
  reading atoms ...
  8 atoms
  reading velocities ...
  8 velocities
  read_data CPU = 0.000 seconds
mass 1 28.085
pair_style sw
pair_coeff * * Si.sw Si
Reading sw potential file Si.sw with DATE: 2007-06-11
run 0
Neighbor list info ...
  update: every = 1 steps, delay = 0 steps, check = yes
  max neighbors/atom: 2000, page size: 100000
  master list distance cutoff = 5.77118
  ghost atom cutoff = 5.77118
  binsize = 2.88559, bins = 2 2 2
  1 neighbor lists, perpetual/occasional/extra = 1 0 0
  (1) pair sw, perpetual
      attributes: full, newton on
      pair build: full/bin/atomonly
      stencil: full/bin/3d
      bin: standard
Per MPI rank memory allocation (min/avg/max) = 2.958 | 2.958 | 2.958 Mbytes
   Step          Temp          E_pair         E_mol          TotEng         Press     
WARNING: Too many warnings: 170 vs 100. All future warnings will be suppressed (src/thermo.cpp:478)
         0   0             -34.541591      0             -34.541591     -6988.7       
Loop time of 1.01e-06 on 1 procs for 0 steps with 8 atoms

0.0% CPU use with 1 MPI tasks x 1 OpenMP threads

MPI task timing breakdown:
Section |  min time  |  avg time  |  max time  |%varavg| %total
---------------------------------------------------------------
Pair    | 0          | 0          | 0          |   0.0 |  0.00
Neigh   | 0          | 0          | 0          |   0.0 |  0.00
Comm    | 0          | 0          | 0          |   0.0 |  0.00
Output  | 0          | 0          | 0          |   0.0 |  0.00
Modify  | 0          | 0          | 0          |   0.0 |  0.00
Other   |            | 1.01e-06   |            |       |100.00

Nlocal:              8 ave           8 max           8 min
Histogram: 1 0 0 0 0 0 0 0 0 0
Nghost:            244 ave         244 max         244 min
Histogram: 1 0 0 0 0 0 0 0 0 0
Neighs:              0 ave           0 max           0 min
Histogram: 1 0 0 0 0 0 0 0 0 0
FullNghs:          272 ave         272 max         272 min
Histogram: 1 0 0 0 0 0 0 0 0 0

Total # of neighbors = 272
Ave neighs/atom = 34
Neighbor list builds = 0
Dangerous builds = 0
next i
jump SELF loop_struct
clear
  using 1 OpenMP thread(s) per MPI task
log energies.log append
units metal
boundary p p p
atom_style atomic
read_data epoch60_${i}.in
read_data epoch60_171.in
Reading data file ...
  orthogonal box = (0 0 0) to (5.4437022 5.4437022 5.4437022)
  1 by 1 by 1 MPI processor grid
  reading atoms ...
  8 atoms
  reading velocities ...
  8 velocities
  read_data CPU = 0.001 seconds
mass 1 28.085
pair_style sw
pair_coeff * * Si.sw Si
Reading sw potential file Si.sw with DATE: 2007-06-11
run 0
Neighbor list info ...
  update: every = 1 steps, delay = 0 steps, check = yes
  max neighbors/atom: 2000, page size: 100000
  master list distance cutoff = 5.77118
  ghost atom cutoff = 5.77118
  binsize = 2.88559, bins = 2 2 2
  1 neighbor lists, perpetual/occasional/extra = 1 0 0
  (1) pair sw, perpetual
      attributes: full, newton on
      pair build: full/bin/atomonly
      stencil: full/bin/3d
      bin: standard
Per MPI rank memory allocation (min/avg/max) = 2.958 | 2.958 | 2.958 Mbytes
   Step          Temp          E_pair         E_mol          TotEng         Press     
WARNING: Too many warnings: 171 vs 100. All future warnings will be suppressed (src/thermo.cpp:478)
         0   0             -34.437876      0             -34.437876     -6049.0339    
Loop time of 1.02e-06 on 1 procs for 0 steps with 8 atoms

0.0% CPU use with 1 MPI tasks x 1 OpenMP threads

MPI task timing breakdown:
Section |  min time  |  avg time  |  max time  |%varavg| %total
---------------------------------------------------------------
Pair    | 0          | 0          | 0          |   0.0 |  0.00
Neigh   | 0          | 0          | 0          |   0.0 |  0.00
Comm    | 0          | 0          | 0          |   0.0 |  0.00
Output  | 0          | 0          | 0          |   0.0 |  0.00
Modify  | 0          | 0          | 0          |   0.0 |  0.00
Other   |            | 1.02e-06   |            |       |100.00

Nlocal:              8 ave           8 max           8 min
Histogram: 1 0 0 0 0 0 0 0 0 0
Nghost:            235 ave         235 max         235 min
Histogram: 1 0 0 0 0 0 0 0 0 0
Neighs:              0 ave           0 max           0 min
Histogram: 1 0 0 0 0 0 0 0 0 0
FullNghs:          272 ave         272 max         272 min
Histogram: 1 0 0 0 0 0 0 0 0 0

Total # of neighbors = 272
Ave neighs/atom = 34
Neighbor list builds = 0
Dangerous builds = 0
next i
jump SELF loop_struct
clear
  using 1 OpenMP thread(s) per MPI task
log energies.log append
units metal
boundary p p p
atom_style atomic
read_data epoch60_${i}.in
read_data epoch60_172.in
Reading data file ...
  orthogonal box = (0 0 0) to (5.4437022 5.4437022 5.4437022)
  1 by 1 by 1 MPI processor grid
  reading atoms ...
  8 atoms
  reading velocities ...
  8 velocities
  read_data CPU = 0.000 seconds
mass 1 28.085
pair_style sw
pair_coeff * * Si.sw Si
Reading sw potential file Si.sw with DATE: 2007-06-11
run 0
Neighbor list info ...
  update: every = 1 steps, delay = 0 steps, check = yes
  max neighbors/atom: 2000, page size: 100000
  master list distance cutoff = 5.77118
  ghost atom cutoff = 5.77118
  binsize = 2.88559, bins = 2 2 2
  1 neighbor lists, perpetual/occasional/extra = 1 0 0
  (1) pair sw, perpetual
      attributes: full, newton on
      pair build: full/bin/atomonly
      stencil: full/bin/3d
      bin: standard
Per MPI rank memory allocation (min/avg/max) = 2.958 | 2.958 | 2.958 Mbytes
   Step          Temp          E_pair         E_mol          TotEng         Press     
WARNING: Too many warnings: 172 vs 100. All future warnings will be suppressed (src/thermo.cpp:478)
         0   0             -34.459686      0             -34.459686     -6258.9981    
Loop time of 1.02e-06 on 1 procs for 0 steps with 8 atoms

0.0% CPU use with 1 MPI tasks x 1 OpenMP threads

MPI task timing breakdown:
Section |  min time  |  avg time  |  max time  |%varavg| %total
---------------------------------------------------------------
Pair    | 0          | 0          | 0          |   0.0 |  0.00
Neigh   | 0          | 0          | 0          |   0.0 |  0.00
Comm    | 0          | 0          | 0          |   0.0 |  0.00
Output  | 0          | 0          | 0          |   0.0 |  0.00
Modify  | 0          | 0          | 0          |   0.0 |  0.00
Other   |            | 1.02e-06   |            |       |100.00

Nlocal:              8 ave           8 max           8 min
Histogram: 1 0 0 0 0 0 0 0 0 0
Nghost:            247 ave         247 max         247 min
Histogram: 1 0 0 0 0 0 0 0 0 0
Neighs:              0 ave           0 max           0 min
Histogram: 1 0 0 0 0 0 0 0 0 0
FullNghs:          272 ave         272 max         272 min
Histogram: 1 0 0 0 0 0 0 0 0 0

Total # of neighbors = 272
Ave neighs/atom = 34
Neighbor list builds = 0
Dangerous builds = 0
next i
jump SELF loop_struct
clear
  using 1 OpenMP thread(s) per MPI task
log energies.log append
units metal
boundary p p p
atom_style atomic
read_data epoch60_${i}.in
read_data epoch60_173.in
Reading data file ...
  orthogonal box = (0 0 0) to (5.4437022 5.4437022 5.4437022)
  1 by 1 by 1 MPI processor grid
  reading atoms ...
  8 atoms
  reading velocities ...
  8 velocities
  read_data CPU = 0.000 seconds
mass 1 28.085
pair_style sw
pair_coeff * * Si.sw Si
Reading sw potential file Si.sw with DATE: 2007-06-11
run 0
Neighbor list info ...
  update: every = 1 steps, delay = 0 steps, check = yes
  max neighbors/atom: 2000, page size: 100000
  master list distance cutoff = 5.77118
  ghost atom cutoff = 5.77118
  binsize = 2.88559, bins = 2 2 2
  1 neighbor lists, perpetual/occasional/extra = 1 0 0
  (1) pair sw, perpetual
      attributes: full, newton on
      pair build: full/bin/atomonly
      stencil: full/bin/3d
      bin: standard
Per MPI rank memory allocation (min/avg/max) = 2.958 | 2.958 | 2.958 Mbytes
   Step          Temp          E_pair         E_mol          TotEng         Press     
WARNING: Too many warnings: 173 vs 100. All future warnings will be suppressed (src/thermo.cpp:478)
         0   0             -34.354095      0             -34.354095     -6986.1119    
Loop time of 1.02e-06 on 1 procs for 0 steps with 8 atoms

0.0% CPU use with 1 MPI tasks x 1 OpenMP threads

MPI task timing breakdown:
Section |  min time  |  avg time  |  max time  |%varavg| %total
---------------------------------------------------------------
Pair    | 0          | 0          | 0          |   0.0 |  0.00
Neigh   | 0          | 0          | 0          |   0.0 |  0.00
Comm    | 0          | 0          | 0          |   0.0 |  0.00
Output  | 0          | 0          | 0          |   0.0 |  0.00
Modify  | 0          | 0          | 0          |   0.0 |  0.00
Other   |            | 1.02e-06   |            |       |100.00

Nlocal:              8 ave           8 max           8 min
Histogram: 1 0 0 0 0 0 0 0 0 0
Nghost:            226 ave         226 max         226 min
Histogram: 1 0 0 0 0 0 0 0 0 0
Neighs:              0 ave           0 max           0 min
Histogram: 1 0 0 0 0 0 0 0 0 0
FullNghs:          274 ave         274 max         274 min
Histogram: 1 0 0 0 0 0 0 0 0 0

Total # of neighbors = 274
Ave neighs/atom = 34.25
Neighbor list builds = 0
Dangerous builds = 0
next i
jump SELF loop_struct
clear
  using 1 OpenMP thread(s) per MPI task
log energies.log append
units metal
boundary p p p
atom_style atomic
read_data epoch60_${i}.in
read_data epoch60_174.in
Reading data file ...
  orthogonal box = (0 0 0) to (5.4437022 5.4437022 5.4437022)
  1 by 1 by 1 MPI processor grid
  reading atoms ...
  8 atoms
  reading velocities ...
  8 velocities
  read_data CPU = 0.000 seconds
mass 1 28.085
pair_style sw
pair_coeff * * Si.sw Si
Reading sw potential file Si.sw with DATE: 2007-06-11
run 0
Neighbor list info ...
  update: every = 1 steps, delay = 0 steps, check = yes
  max neighbors/atom: 2000, page size: 100000
  master list distance cutoff = 5.77118
  ghost atom cutoff = 5.77118
  binsize = 2.88559, bins = 2 2 2
  1 neighbor lists, perpetual/occasional/extra = 1 0 0
  (1) pair sw, perpetual
      attributes: full, newton on
      pair build: full/bin/atomonly
      stencil: full/bin/3d
      bin: standard
Per MPI rank memory allocation (min/avg/max) = 2.958 | 2.958 | 2.958 Mbytes
   Step          Temp          E_pair         E_mol          TotEng         Press     
WARNING: Too many warnings: 174 vs 100. All future warnings will be suppressed (src/thermo.cpp:478)
         0   0             -34.373935      0             -34.373935     -5469.5383    
Loop time of 1.03e-06 on 1 procs for 0 steps with 8 atoms

0.0% CPU use with 1 MPI tasks x 1 OpenMP threads

MPI task timing breakdown:
Section |  min time  |  avg time  |  max time  |%varavg| %total
---------------------------------------------------------------
Pair    | 0          | 0          | 0          |   0.0 |  0.00
Neigh   | 0          | 0          | 0          |   0.0 |  0.00
Comm    | 0          | 0          | 0          |   0.0 |  0.00
Output  | 0          | 0          | 0          |   0.0 |  0.00
Modify  | 0          | 0          | 0          |   0.0 |  0.00
Other   |            | 1.03e-06   |            |       |100.00

Nlocal:              8 ave           8 max           8 min
Histogram: 1 0 0 0 0 0 0 0 0 0
Nghost:            226 ave         226 max         226 min
Histogram: 1 0 0 0 0 0 0 0 0 0
Neighs:              0 ave           0 max           0 min
Histogram: 1 0 0 0 0 0 0 0 0 0
FullNghs:          272 ave         272 max         272 min
Histogram: 1 0 0 0 0 0 0 0 0 0

Total # of neighbors = 272
Ave neighs/atom = 34
Neighbor list builds = 0
Dangerous builds = 0
next i
jump SELF loop_struct
clear
  using 1 OpenMP thread(s) per MPI task
log energies.log append
units metal
boundary p p p
atom_style atomic
read_data epoch60_${i}.in
read_data epoch60_175.in
Reading data file ...
  orthogonal box = (0 0 0) to (5.4437022 5.4437022 5.4437022)
  1 by 1 by 1 MPI processor grid
  reading atoms ...
  8 atoms
  reading velocities ...
  8 velocities
  read_data CPU = 0.000 seconds
mass 1 28.085
pair_style sw
pair_coeff * * Si.sw Si
Reading sw potential file Si.sw with DATE: 2007-06-11
run 0
Neighbor list info ...
  update: every = 1 steps, delay = 0 steps, check = yes
  max neighbors/atom: 2000, page size: 100000
  master list distance cutoff = 5.77118
  ghost atom cutoff = 5.77118
  binsize = 2.88559, bins = 2 2 2
  1 neighbor lists, perpetual/occasional/extra = 1 0 0
  (1) pair sw, perpetual
      attributes: full, newton on
      pair build: full/bin/atomonly
      stencil: full/bin/3d
      bin: standard
Per MPI rank memory allocation (min/avg/max) = 2.958 | 2.958 | 2.958 Mbytes
   Step          Temp          E_pair         E_mol          TotEng         Press     
WARNING: Too many warnings: 175 vs 100. All future warnings will be suppressed (src/thermo.cpp:478)
         0   0             -34.438482      0             -34.438482     -5372.218     
Loop time of 1.02e-06 on 1 procs for 0 steps with 8 atoms

98.0% CPU use with 1 MPI tasks x 1 OpenMP threads

MPI task timing breakdown:
Section |  min time  |  avg time  |  max time  |%varavg| %total
---------------------------------------------------------------
Pair    | 0          | 0          | 0          |   0.0 |  0.00
Neigh   | 0          | 0          | 0          |   0.0 |  0.00
Comm    | 0          | 0          | 0          |   0.0 |  0.00
Output  | 0          | 0          | 0          |   0.0 |  0.00
Modify  | 0          | 0          | 0          |   0.0 |  0.00
Other   |            | 1.02e-06   |            |       |100.00

Nlocal:              8 ave           8 max           8 min
Histogram: 1 0 0 0 0 0 0 0 0 0
Nghost:            253 ave         253 max         253 min
Histogram: 1 0 0 0 0 0 0 0 0 0
Neighs:              0 ave           0 max           0 min
Histogram: 1 0 0 0 0 0 0 0 0 0
FullNghs:          272 ave         272 max         272 min
Histogram: 1 0 0 0 0 0 0 0 0 0

Total # of neighbors = 272
Ave neighs/atom = 34
Neighbor list builds = 0
Dangerous builds = 0
next i
jump SELF loop_struct
clear
  using 1 OpenMP thread(s) per MPI task
log energies.log append
units metal
boundary p p p
atom_style atomic
read_data epoch60_${i}.in
read_data epoch60_176.in
Reading data file ...
  orthogonal box = (0 0 0) to (5.4437022 5.4437022 5.4437022)
  1 by 1 by 1 MPI processor grid
  reading atoms ...
  8 atoms
  reading velocities ...
  8 velocities
  read_data CPU = 0.001 seconds
mass 1 28.085
pair_style sw
pair_coeff * * Si.sw Si
Reading sw potential file Si.sw with DATE: 2007-06-11
run 0
Neighbor list info ...
  update: every = 1 steps, delay = 0 steps, check = yes
  max neighbors/atom: 2000, page size: 100000
  master list distance cutoff = 5.77118
  ghost atom cutoff = 5.77118
  binsize = 2.88559, bins = 2 2 2
  1 neighbor lists, perpetual/occasional/extra = 1 0 0
  (1) pair sw, perpetual
      attributes: full, newton on
      pair build: full/bin/atomonly
      stencil: full/bin/3d
      bin: standard
Per MPI rank memory allocation (min/avg/max) = 2.958 | 2.958 | 2.958 Mbytes
   Step          Temp          E_pair         E_mol          TotEng         Press     
WARNING: Too many warnings: 176 vs 100. All future warnings will be suppressed (src/thermo.cpp:478)
         0   0             -34.447899      0             -34.447899     -5949.097     
Loop time of 1.01e-06 on 1 procs for 0 steps with 8 atoms

0.0% CPU use with 1 MPI tasks x 1 OpenMP threads

MPI task timing breakdown:
Section |  min time  |  avg time  |  max time  |%varavg| %total
---------------------------------------------------------------
Pair    | 0          | 0          | 0          |   0.0 |  0.00
Neigh   | 0          | 0          | 0          |   0.0 |  0.00
Comm    | 0          | 0          | 0          |   0.0 |  0.00
Output  | 0          | 0          | 0          |   0.0 |  0.00
Modify  | 0          | 0          | 0          |   0.0 |  0.00
Other   |            | 1.01e-06   |            |       |100.00

Nlocal:              8 ave           8 max           8 min
Histogram: 1 0 0 0 0 0 0 0 0 0
Nghost:            217 ave         217 max         217 min
Histogram: 1 0 0 0 0 0 0 0 0 0
Neighs:              0 ave           0 max           0 min
Histogram: 1 0 0 0 0 0 0 0 0 0
FullNghs:          272 ave         272 max         272 min
Histogram: 1 0 0 0 0 0 0 0 0 0

Total # of neighbors = 272
Ave neighs/atom = 34
Neighbor list builds = 0
Dangerous builds = 0
next i
jump SELF loop_struct
clear
  using 1 OpenMP thread(s) per MPI task
log energies.log append
units metal
boundary p p p
atom_style atomic
read_data epoch60_${i}.in
read_data epoch60_177.in
Reading data file ...
  orthogonal box = (0 0 0) to (5.4437022 5.4437022 5.4437022)
  1 by 1 by 1 MPI processor grid
  reading atoms ...
  8 atoms
  reading velocities ...
  8 velocities
  read_data CPU = 0.001 seconds
mass 1 28.085
pair_style sw
pair_coeff * * Si.sw Si
Reading sw potential file Si.sw with DATE: 2007-06-11
run 0
Neighbor list info ...
  update: every = 1 steps, delay = 0 steps, check = yes
  max neighbors/atom: 2000, page size: 100000
  master list distance cutoff = 5.77118
  ghost atom cutoff = 5.77118
  binsize = 2.88559, bins = 2 2 2
  1 neighbor lists, perpetual/occasional/extra = 1 0 0
  (1) pair sw, perpetual
      attributes: full, newton on
      pair build: full/bin/atomonly
      stencil: full/bin/3d
      bin: standard
Per MPI rank memory allocation (min/avg/max) = 2.958 | 2.958 | 2.958 Mbytes
   Step          Temp          E_pair         E_mol          TotEng         Press     
WARNING: Too many warnings: 177 vs 100. All future warnings will be suppressed (src/thermo.cpp:478)
         0   0             -34.475027      0             -34.475027     -5692.9963    
Loop time of 1.02e-06 on 1 procs for 0 steps with 8 atoms

98.0% CPU use with 1 MPI tasks x 1 OpenMP threads

MPI task timing breakdown:
Section |  min time  |  avg time  |  max time  |%varavg| %total
---------------------------------------------------------------
Pair    | 0          | 0          | 0          |   0.0 |  0.00
Neigh   | 0          | 0          | 0          |   0.0 |  0.00
Comm    | 0          | 0          | 0          |   0.0 |  0.00
Output  | 0          | 0          | 0          |   0.0 |  0.00
Modify  | 0          | 0          | 0          |   0.0 |  0.00
Other   |            | 1.02e-06   |            |       |100.00

Nlocal:              8 ave           8 max           8 min
Histogram: 1 0 0 0 0 0 0 0 0 0
Nghost:            217 ave         217 max         217 min
Histogram: 1 0 0 0 0 0 0 0 0 0
Neighs:              0 ave           0 max           0 min
Histogram: 1 0 0 0 0 0 0 0 0 0
FullNghs:          272 ave         272 max         272 min
Histogram: 1 0 0 0 0 0 0 0 0 0

Total # of neighbors = 272
Ave neighs/atom = 34
Neighbor list builds = 0
Dangerous builds = 0
next i
jump SELF loop_struct
clear
  using 1 OpenMP thread(s) per MPI task
log energies.log append
units metal
boundary p p p
atom_style atomic
read_data epoch60_${i}.in
read_data epoch60_178.in
Reading data file ...
  orthogonal box = (0 0 0) to (5.4437022 5.4437022 5.4437022)
  1 by 1 by 1 MPI processor grid
  reading atoms ...
  8 atoms
  reading velocities ...
  8 velocities
  read_data CPU = 0.001 seconds
mass 1 28.085
pair_style sw
pair_coeff * * Si.sw Si
Reading sw potential file Si.sw with DATE: 2007-06-11
run 0
Neighbor list info ...
  update: every = 1 steps, delay = 0 steps, check = yes
  max neighbors/atom: 2000, page size: 100000
  master list distance cutoff = 5.77118
  ghost atom cutoff = 5.77118
  binsize = 2.88559, bins = 2 2 2
  1 neighbor lists, perpetual/occasional/extra = 1 0 0
  (1) pair sw, perpetual
      attributes: full, newton on
      pair build: full/bin/atomonly
      stencil: full/bin/3d
      bin: standard
Per MPI rank memory allocation (min/avg/max) = 2.958 | 2.958 | 2.958 Mbytes
   Step          Temp          E_pair         E_mol          TotEng         Press     
WARNING: Too many warnings: 178 vs 100. All future warnings will be suppressed (src/thermo.cpp:478)
         0   0             -34.533844      0             -34.533844     -7078.7855    
Loop time of 1.01e-06 on 1 procs for 0 steps with 8 atoms

0.0% CPU use with 1 MPI tasks x 1 OpenMP threads

MPI task timing breakdown:
Section |  min time  |  avg time  |  max time  |%varavg| %total
---------------------------------------------------------------
Pair    | 0          | 0          | 0          |   0.0 |  0.00
Neigh   | 0          | 0          | 0          |   0.0 |  0.00
Comm    | 0          | 0          | 0          |   0.0 |  0.00
Output  | 0          | 0          | 0          |   0.0 |  0.00
Modify  | 0          | 0          | 0          |   0.0 |  0.00
Other   |            | 1.01e-06   |            |       |100.00

Nlocal:              8 ave           8 max           8 min
Histogram: 1 0 0 0 0 0 0 0 0 0
Nghost:            208 ave         208 max         208 min
Histogram: 1 0 0 0 0 0 0 0 0 0
Neighs:              0 ave           0 max           0 min
Histogram: 1 0 0 0 0 0 0 0 0 0
FullNghs:          272 ave         272 max         272 min
Histogram: 1 0 0 0 0 0 0 0 0 0

Total # of neighbors = 272
Ave neighs/atom = 34
Neighbor list builds = 0
Dangerous builds = 0
next i
jump SELF loop_struct
clear
  using 1 OpenMP thread(s) per MPI task
log energies.log append
units metal
boundary p p p
atom_style atomic
read_data epoch60_${i}.in
read_data epoch60_179.in
Reading data file ...
  orthogonal box = (0 0 0) to (5.4437022 5.4437022 5.4437022)
  1 by 1 by 1 MPI processor grid
  reading atoms ...
  8 atoms
  reading velocities ...
  8 velocities
  read_data CPU = 0.000 seconds
mass 1 28.085
pair_style sw
pair_coeff * * Si.sw Si
Reading sw potential file Si.sw with DATE: 2007-06-11
run 0
Neighbor list info ...
  update: every = 1 steps, delay = 0 steps, check = yes
  max neighbors/atom: 2000, page size: 100000
  master list distance cutoff = 5.77118
  ghost atom cutoff = 5.77118
  binsize = 2.88559, bins = 2 2 2
  1 neighbor lists, perpetual/occasional/extra = 1 0 0
  (1) pair sw, perpetual
      attributes: full, newton on
      pair build: full/bin/atomonly
      stencil: full/bin/3d
      bin: standard
Per MPI rank memory allocation (min/avg/max) = 2.958 | 2.958 | 2.958 Mbytes
   Step          Temp          E_pair         E_mol          TotEng         Press     
WARNING: Too many warnings: 179 vs 100. All future warnings will be suppressed (src/thermo.cpp:478)
         0   0             -34.434313      0             -34.434313     -5982.3979    
Loop time of 1.01e-06 on 1 procs for 0 steps with 8 atoms

99.0% CPU use with 1 MPI tasks x 1 OpenMP threads

MPI task timing breakdown:
Section |  min time  |  avg time  |  max time  |%varavg| %total
---------------------------------------------------------------
Pair    | 0          | 0          | 0          |   0.0 |  0.00
Neigh   | 0          | 0          | 0          |   0.0 |  0.00
Comm    | 0          | 0          | 0          |   0.0 |  0.00
Output  | 0          | 0          | 0          |   0.0 |  0.00
Modify  | 0          | 0          | 0          |   0.0 |  0.00
Other   |            | 1.01e-06   |            |       |100.00

Nlocal:              8 ave           8 max           8 min
Histogram: 1 0 0 0 0 0 0 0 0 0
Nghost:            226 ave         226 max         226 min
Histogram: 1 0 0 0 0 0 0 0 0 0
Neighs:              0 ave           0 max           0 min
Histogram: 1 0 0 0 0 0 0 0 0 0
FullNghs:          272 ave         272 max         272 min
Histogram: 1 0 0 0 0 0 0 0 0 0

Total # of neighbors = 272
Ave neighs/atom = 34
Neighbor list builds = 0
Dangerous builds = 0
next i
jump SELF loop_struct
clear
  using 1 OpenMP thread(s) per MPI task
log energies.log append
units metal
boundary p p p
atom_style atomic
read_data epoch60_${i}.in
read_data epoch60_180.in
Reading data file ...
  orthogonal box = (0 0 0) to (5.4437022 5.4437022 5.4437022)
  1 by 1 by 1 MPI processor grid
  reading atoms ...
  8 atoms
  reading velocities ...
  8 velocities
  read_data CPU = 0.000 seconds
mass 1 28.085
pair_style sw
pair_coeff * * Si.sw Si
Reading sw potential file Si.sw with DATE: 2007-06-11
run 0
Neighbor list info ...
  update: every = 1 steps, delay = 0 steps, check = yes
  max neighbors/atom: 2000, page size: 100000
  master list distance cutoff = 5.77118
  ghost atom cutoff = 5.77118
  binsize = 2.88559, bins = 2 2 2
  1 neighbor lists, perpetual/occasional/extra = 1 0 0
  (1) pair sw, perpetual
      attributes: full, newton on
      pair build: full/bin/atomonly
      stencil: full/bin/3d
      bin: standard
Per MPI rank memory allocation (min/avg/max) = 2.958 | 2.958 | 2.958 Mbytes
   Step          Temp          E_pair         E_mol          TotEng         Press     
WARNING: Too many warnings: 180 vs 100. All future warnings will be suppressed (src/thermo.cpp:478)
         0   0             -34.509218      0             -34.509218     -6223.7262    
Loop time of 1.01e-06 on 1 procs for 0 steps with 8 atoms

0.0% CPU use with 1 MPI tasks x 1 OpenMP threads

MPI task timing breakdown:
Section |  min time  |  avg time  |  max time  |%varavg| %total
---------------------------------------------------------------
Pair    | 0          | 0          | 0          |   0.0 |  0.00
Neigh   | 0          | 0          | 0          |   0.0 |  0.00
Comm    | 0          | 0          | 0          |   0.0 |  0.00
Output  | 0          | 0          | 0          |   0.0 |  0.00
Modify  | 0          | 0          | 0          |   0.0 |  0.00
Other   |            | 1.01e-06   |            |       |100.00

Nlocal:              8 ave           8 max           8 min
Histogram: 1 0 0 0 0 0 0 0 0 0
Nghost:            244 ave         244 max         244 min
Histogram: 1 0 0 0 0 0 0 0 0 0
Neighs:              0 ave           0 max           0 min
Histogram: 1 0 0 0 0 0 0 0 0 0
FullNghs:          272 ave         272 max         272 min
Histogram: 1 0 0 0 0 0 0 0 0 0

Total # of neighbors = 272
Ave neighs/atom = 34
Neighbor list builds = 0
Dangerous builds = 0
next i
jump SELF loop_struct
clear
  using 1 OpenMP thread(s) per MPI task
log energies.log append
units metal
boundary p p p
atom_style atomic
read_data epoch60_${i}.in
read_data epoch60_181.in
Reading data file ...
  orthogonal box = (0 0 0) to (5.4437022 5.4437022 5.4437022)
  1 by 1 by 1 MPI processor grid
  reading atoms ...
  8 atoms
  reading velocities ...
  8 velocities
  read_data CPU = 0.000 seconds
mass 1 28.085
pair_style sw
pair_coeff * * Si.sw Si
Reading sw potential file Si.sw with DATE: 2007-06-11
run 0
Neighbor list info ...
  update: every = 1 steps, delay = 0 steps, check = yes
  max neighbors/atom: 2000, page size: 100000
  master list distance cutoff = 5.77118
  ghost atom cutoff = 5.77118
  binsize = 2.88559, bins = 2 2 2
  1 neighbor lists, perpetual/occasional/extra = 1 0 0
  (1) pair sw, perpetual
      attributes: full, newton on
      pair build: full/bin/atomonly
      stencil: full/bin/3d
      bin: standard
Per MPI rank memory allocation (min/avg/max) = 2.958 | 2.958 | 2.958 Mbytes
   Step          Temp          E_pair         E_mol          TotEng         Press     
WARNING: Too many warnings: 181 vs 100. All future warnings will be suppressed (src/thermo.cpp:478)
         0   0             -34.329588      0             -34.329588     -6941.0748    
Loop time of 1e-06 on 1 procs for 0 steps with 8 atoms

100.0% CPU use with 1 MPI tasks x 1 OpenMP threads

MPI task timing breakdown:
Section |  min time  |  avg time  |  max time  |%varavg| %total
---------------------------------------------------------------
Pair    | 0          | 0          | 0          |   0.0 |  0.00
Neigh   | 0          | 0          | 0          |   0.0 |  0.00
Comm    | 0          | 0          | 0          |   0.0 |  0.00
Output  | 0          | 0          | 0          |   0.0 |  0.00
Modify  | 0          | 0          | 0          |   0.0 |  0.00
Other   |            | 1e-06      |            |       |100.00

Nlocal:              8 ave           8 max           8 min
Histogram: 1 0 0 0 0 0 0 0 0 0
Nghost:            208 ave         208 max         208 min
Histogram: 1 0 0 0 0 0 0 0 0 0
Neighs:              0 ave           0 max           0 min
Histogram: 1 0 0 0 0 0 0 0 0 0
FullNghs:          280 ave         280 max         280 min
Histogram: 1 0 0 0 0 0 0 0 0 0

Total # of neighbors = 280
Ave neighs/atom = 35
Neighbor list builds = 0
Dangerous builds = 0
next i
jump SELF loop_struct
clear
  using 1 OpenMP thread(s) per MPI task
log energies.log append
units metal
boundary p p p
atom_style atomic
read_data epoch60_${i}.in
read_data epoch60_182.in
Reading data file ...
  orthogonal box = (0 0 0) to (5.4437022 5.4437022 5.4437022)
  1 by 1 by 1 MPI processor grid
  reading atoms ...
  8 atoms
  reading velocities ...
  8 velocities
  read_data CPU = 0.000 seconds
mass 1 28.085
pair_style sw
pair_coeff * * Si.sw Si
Reading sw potential file Si.sw with DATE: 2007-06-11
run 0
Neighbor list info ...
  update: every = 1 steps, delay = 0 steps, check = yes
  max neighbors/atom: 2000, page size: 100000
  master list distance cutoff = 5.77118
  ghost atom cutoff = 5.77118
  binsize = 2.88559, bins = 2 2 2
  1 neighbor lists, perpetual/occasional/extra = 1 0 0
  (1) pair sw, perpetual
      attributes: full, newton on
      pair build: full/bin/atomonly
      stencil: full/bin/3d
      bin: standard
Per MPI rank memory allocation (min/avg/max) = 2.958 | 2.958 | 2.958 Mbytes
   Step          Temp          E_pair         E_mol          TotEng         Press     
WARNING: Too many warnings: 182 vs 100. All future warnings will be suppressed (src/thermo.cpp:478)
         0   0             -34.466779      0             -34.466779     -7077.6431    
Loop time of 1.08e-06 on 1 procs for 0 steps with 8 atoms

0.0% CPU use with 1 MPI tasks x 1 OpenMP threads

MPI task timing breakdown:
Section |  min time  |  avg time  |  max time  |%varavg| %total
---------------------------------------------------------------
Pair    | 0          | 0          | 0          |   0.0 |  0.00
Neigh   | 0          | 0          | 0          |   0.0 |  0.00
Comm    | 0          | 0          | 0          |   0.0 |  0.00
Output  | 0          | 0          | 0          |   0.0 |  0.00
Modify  | 0          | 0          | 0          |   0.0 |  0.00
Other   |            | 1.08e-06   |            |       |100.00

Nlocal:              8 ave           8 max           8 min
Histogram: 1 0 0 0 0 0 0 0 0 0
Nghost:            238 ave         238 max         238 min
Histogram: 1 0 0 0 0 0 0 0 0 0
Neighs:              0 ave           0 max           0 min
Histogram: 1 0 0 0 0 0 0 0 0 0
FullNghs:          272 ave         272 max         272 min
Histogram: 1 0 0 0 0 0 0 0 0 0

Total # of neighbors = 272
Ave neighs/atom = 34
Neighbor list builds = 0
Dangerous builds = 0
next i
jump SELF loop_struct
clear
  using 1 OpenMP thread(s) per MPI task
log energies.log append
units metal
boundary p p p
atom_style atomic
read_data epoch60_${i}.in
read_data epoch60_183.in
Reading data file ...
  orthogonal box = (0 0 0) to (5.4437022 5.4437022 5.4437022)
  1 by 1 by 1 MPI processor grid
  reading atoms ...
  8 atoms
  reading velocities ...
  8 velocities
  read_data CPU = 0.000 seconds
mass 1 28.085
pair_style sw
pair_coeff * * Si.sw Si
Reading sw potential file Si.sw with DATE: 2007-06-11
run 0
Neighbor list info ...
  update: every = 1 steps, delay = 0 steps, check = yes
  max neighbors/atom: 2000, page size: 100000
  master list distance cutoff = 5.77118
  ghost atom cutoff = 5.77118
  binsize = 2.88559, bins = 2 2 2
  1 neighbor lists, perpetual/occasional/extra = 1 0 0
  (1) pair sw, perpetual
      attributes: full, newton on
      pair build: full/bin/atomonly
      stencil: full/bin/3d
      bin: standard
Per MPI rank memory allocation (min/avg/max) = 2.958 | 2.958 | 2.958 Mbytes
   Step          Temp          E_pair         E_mol          TotEng         Press     
WARNING: Too many warnings: 183 vs 100. All future warnings will be suppressed (src/thermo.cpp:478)
         0   0             -34.563142      0             -34.563142     -6702.5857    
Loop time of 1.01e-06 on 1 procs for 0 steps with 8 atoms

0.0% CPU use with 1 MPI tasks x 1 OpenMP threads

MPI task timing breakdown:
Section |  min time  |  avg time  |  max time  |%varavg| %total
---------------------------------------------------------------
Pair    | 0          | 0          | 0          |   0.0 |  0.00
Neigh   | 0          | 0          | 0          |   0.0 |  0.00
Comm    | 0          | 0          | 0          |   0.0 |  0.00
Output  | 0          | 0          | 0          |   0.0 |  0.00
Modify  | 0          | 0          | 0          |   0.0 |  0.00
Other   |            | 1.01e-06   |            |       |100.00

Nlocal:              8 ave           8 max           8 min
Histogram: 1 0 0 0 0 0 0 0 0 0
Nghost:            235 ave         235 max         235 min
Histogram: 1 0 0 0 0 0 0 0 0 0
Neighs:              0 ave           0 max           0 min
Histogram: 1 0 0 0 0 0 0 0 0 0
FullNghs:          272 ave         272 max         272 min
Histogram: 1 0 0 0 0 0 0 0 0 0

Total # of neighbors = 272
Ave neighs/atom = 34
Neighbor list builds = 0
Dangerous builds = 0
next i
jump SELF loop_struct
clear
  using 1 OpenMP thread(s) per MPI task
log energies.log append
units metal
boundary p p p
atom_style atomic
read_data epoch60_${i}.in
read_data epoch60_184.in
Reading data file ...
  orthogonal box = (0 0 0) to (5.4437022 5.4437022 5.4437022)
  1 by 1 by 1 MPI processor grid
  reading atoms ...
  8 atoms
  reading velocities ...
  8 velocities
  read_data CPU = 0.000 seconds
mass 1 28.085
pair_style sw
pair_coeff * * Si.sw Si
Reading sw potential file Si.sw with DATE: 2007-06-11
run 0
Neighbor list info ...
  update: every = 1 steps, delay = 0 steps, check = yes
  max neighbors/atom: 2000, page size: 100000
  master list distance cutoff = 5.77118
  ghost atom cutoff = 5.77118
  binsize = 2.88559, bins = 2 2 2
  1 neighbor lists, perpetual/occasional/extra = 1 0 0
  (1) pair sw, perpetual
      attributes: full, newton on
      pair build: full/bin/atomonly
      stencil: full/bin/3d
      bin: standard
Per MPI rank memory allocation (min/avg/max) = 2.958 | 2.958 | 2.958 Mbytes
   Step          Temp          E_pair         E_mol          TotEng         Press     
WARNING: Too many warnings: 184 vs 100. All future warnings will be suppressed (src/thermo.cpp:478)
         0   0             -34.264204      0             -34.264204     -8571.1437    
Loop time of 1.01e-06 on 1 procs for 0 steps with 8 atoms

0.0% CPU use with 1 MPI tasks x 1 OpenMP threads

MPI task timing breakdown:
Section |  min time  |  avg time  |  max time  |%varavg| %total
---------------------------------------------------------------
Pair    | 0          | 0          | 0          |   0.0 |  0.00
Neigh   | 0          | 0          | 0          |   0.0 |  0.00
Comm    | 0          | 0          | 0          |   0.0 |  0.00
Output  | 0          | 0          | 0          |   0.0 |  0.00
Modify  | 0          | 0          | 0          |   0.0 |  0.00
Other   |            | 1.01e-06   |            |       |100.00

Nlocal:              8 ave           8 max           8 min
Histogram: 1 0 0 0 0 0 0 0 0 0
Nghost:            256 ave         256 max         256 min
Histogram: 1 0 0 0 0 0 0 0 0 0
Neighs:              0 ave           0 max           0 min
Histogram: 1 0 0 0 0 0 0 0 0 0
FullNghs:          280 ave         280 max         280 min
Histogram: 1 0 0 0 0 0 0 0 0 0

Total # of neighbors = 280
Ave neighs/atom = 35
Neighbor list builds = 0
Dangerous builds = 0
next i
jump SELF loop_struct
clear
  using 1 OpenMP thread(s) per MPI task
log energies.log append
units metal
boundary p p p
atom_style atomic
read_data epoch60_${i}.in
read_data epoch60_185.in
Reading data file ...
  orthogonal box = (0 0 0) to (5.4437022 5.4437022 5.4437022)
  1 by 1 by 1 MPI processor grid
  reading atoms ...
  8 atoms
  reading velocities ...
  8 velocities
  read_data CPU = 0.000 seconds
mass 1 28.085
pair_style sw
pair_coeff * * Si.sw Si
Reading sw potential file Si.sw with DATE: 2007-06-11
run 0
Neighbor list info ...
  update: every = 1 steps, delay = 0 steps, check = yes
  max neighbors/atom: 2000, page size: 100000
  master list distance cutoff = 5.77118
  ghost atom cutoff = 5.77118
  binsize = 2.88559, bins = 2 2 2
  1 neighbor lists, perpetual/occasional/extra = 1 0 0
  (1) pair sw, perpetual
      attributes: full, newton on
      pair build: full/bin/atomonly
      stencil: full/bin/3d
      bin: standard
Per MPI rank memory allocation (min/avg/max) = 2.958 | 2.958 | 2.958 Mbytes
   Step          Temp          E_pair         E_mol          TotEng         Press     
WARNING: Too many warnings: 185 vs 100. All future warnings will be suppressed (src/thermo.cpp:478)
         0   0             -34.379158      0             -34.379158     -5120.6711    
Loop time of 1.2e-06 on 1 procs for 0 steps with 8 atoms

83.3% CPU use with 1 MPI tasks x 1 OpenMP threads

MPI task timing breakdown:
Section |  min time  |  avg time  |  max time  |%varavg| %total
---------------------------------------------------------------
Pair    | 0          | 0          | 0          |   0.0 |  0.00
Neigh   | 0          | 0          | 0          |   0.0 |  0.00
Comm    | 0          | 0          | 0          |   0.0 |  0.00
Output  | 0          | 0          | 0          |   0.0 |  0.00
Modify  | 0          | 0          | 0          |   0.0 |  0.00
Other   |            | 1.2e-06    |            |       |100.00

Nlocal:              8 ave           8 max           8 min
Histogram: 1 0 0 0 0 0 0 0 0 0
Nghost:            256 ave         256 max         256 min
Histogram: 1 0 0 0 0 0 0 0 0 0
Neighs:              0 ave           0 max           0 min
Histogram: 1 0 0 0 0 0 0 0 0 0
FullNghs:          272 ave         272 max         272 min
Histogram: 1 0 0 0 0 0 0 0 0 0

Total # of neighbors = 272
Ave neighs/atom = 34
Neighbor list builds = 0
Dangerous builds = 0
next i
jump SELF loop_struct
clear
  using 1 OpenMP thread(s) per MPI task
log energies.log append
units metal
boundary p p p
atom_style atomic
read_data epoch60_${i}.in
read_data epoch60_186.in
Reading data file ...
  orthogonal box = (0 0 0) to (5.4437022 5.4437022 5.4437022)
  1 by 1 by 1 MPI processor grid
  reading atoms ...
  8 atoms
  reading velocities ...
  8 velocities
  read_data CPU = 0.000 seconds
mass 1 28.085
pair_style sw
pair_coeff * * Si.sw Si
Reading sw potential file Si.sw with DATE: 2007-06-11
run 0
Neighbor list info ...
  update: every = 1 steps, delay = 0 steps, check = yes
  max neighbors/atom: 2000, page size: 100000
  master list distance cutoff = 5.77118
  ghost atom cutoff = 5.77118
  binsize = 2.88559, bins = 2 2 2
  1 neighbor lists, perpetual/occasional/extra = 1 0 0
  (1) pair sw, perpetual
      attributes: full, newton on
      pair build: full/bin/atomonly
      stencil: full/bin/3d
      bin: standard
Per MPI rank memory allocation (min/avg/max) = 2.958 | 2.958 | 2.958 Mbytes
   Step          Temp          E_pair         E_mol          TotEng         Press     
WARNING: Too many warnings: 186 vs 100. All future warnings will be suppressed (src/thermo.cpp:478)
         0   0             -34.184459      0             -34.184459     -5283.1478    
Loop time of 1.05e-06 on 1 procs for 0 steps with 8 atoms

190.5% CPU use with 1 MPI tasks x 1 OpenMP threads

MPI task timing breakdown:
Section |  min time  |  avg time  |  max time  |%varavg| %total
---------------------------------------------------------------
Pair    | 0          | 0          | 0          |   0.0 |  0.00
Neigh   | 0          | 0          | 0          |   0.0 |  0.00
Comm    | 0          | 0          | 0          |   0.0 |  0.00
Output  | 0          | 0          | 0          |   0.0 |  0.00
Modify  | 0          | 0          | 0          |   0.0 |  0.00
Other   |            | 1.05e-06   |            |       |100.00

Nlocal:              8 ave           8 max           8 min
Histogram: 1 0 0 0 0 0 0 0 0 0
Nghost:            208 ave         208 max         208 min
Histogram: 1 0 0 0 0 0 0 0 0 0
Neighs:              0 ave           0 max           0 min
Histogram: 1 0 0 0 0 0 0 0 0 0
FullNghs:          276 ave         276 max         276 min
Histogram: 1 0 0 0 0 0 0 0 0 0

Total # of neighbors = 276
Ave neighs/atom = 34.5
Neighbor list builds = 0
Dangerous builds = 0
next i
jump SELF loop_struct
clear
  using 1 OpenMP thread(s) per MPI task
log energies.log append
units metal
boundary p p p
atom_style atomic
read_data epoch60_${i}.in
read_data epoch60_187.in
Reading data file ...
  orthogonal box = (0 0 0) to (5.4437022 5.4437022 5.4437022)
  1 by 1 by 1 MPI processor grid
  reading atoms ...
  8 atoms
  reading velocities ...
  8 velocities
  read_data CPU = 0.000 seconds
mass 1 28.085
pair_style sw
pair_coeff * * Si.sw Si
Reading sw potential file Si.sw with DATE: 2007-06-11
run 0
Neighbor list info ...
  update: every = 1 steps, delay = 0 steps, check = yes
  max neighbors/atom: 2000, page size: 100000
  master list distance cutoff = 5.77118
  ghost atom cutoff = 5.77118
  binsize = 2.88559, bins = 2 2 2
  1 neighbor lists, perpetual/occasional/extra = 1 0 0
  (1) pair sw, perpetual
      attributes: full, newton on
      pair build: full/bin/atomonly
      stencil: full/bin/3d
      bin: standard
Per MPI rank memory allocation (min/avg/max) = 2.958 | 2.958 | 2.958 Mbytes
   Step          Temp          E_pair         E_mol          TotEng         Press     
WARNING: Too many warnings: 187 vs 100. All future warnings will be suppressed (src/thermo.cpp:478)
         0   0             -34.479653      0             -34.479653     -5503.4622    
Loop time of 1e-06 on 1 procs for 0 steps with 8 atoms

100.0% CPU use with 1 MPI tasks x 1 OpenMP threads

MPI task timing breakdown:
Section |  min time  |  avg time  |  max time  |%varavg| %total
---------------------------------------------------------------
Pair    | 0          | 0          | 0          |   0.0 |  0.00
Neigh   | 0          | 0          | 0          |   0.0 |  0.00
Comm    | 0          | 0          | 0          |   0.0 |  0.00
Output  | 0          | 0          | 0          |   0.0 |  0.00
Modify  | 0          | 0          | 0          |   0.0 |  0.00
Other   |            | 1e-06      |            |       |100.00

Nlocal:              8 ave           8 max           8 min
Histogram: 1 0 0 0 0 0 0 0 0 0
Nghost:            244 ave         244 max         244 min
Histogram: 1 0 0 0 0 0 0 0 0 0
Neighs:              0 ave           0 max           0 min
Histogram: 1 0 0 0 0 0 0 0 0 0
FullNghs:          272 ave         272 max         272 min
Histogram: 1 0 0 0 0 0 0 0 0 0

Total # of neighbors = 272
Ave neighs/atom = 34
Neighbor list builds = 0
Dangerous builds = 0
next i
jump SELF loop_struct
clear
  using 1 OpenMP thread(s) per MPI task
log energies.log append
units metal
boundary p p p
atom_style atomic
read_data epoch60_${i}.in
read_data epoch60_188.in
Reading data file ...
  orthogonal box = (0 0 0) to (5.4437022 5.4437022 5.4437022)
  1 by 1 by 1 MPI processor grid
  reading atoms ...
  8 atoms
  reading velocities ...
  8 velocities
  read_data CPU = 0.001 seconds
mass 1 28.085
pair_style sw
pair_coeff * * Si.sw Si
Reading sw potential file Si.sw with DATE: 2007-06-11
run 0
Neighbor list info ...
  update: every = 1 steps, delay = 0 steps, check = yes
  max neighbors/atom: 2000, page size: 100000
  master list distance cutoff = 5.77118
  ghost atom cutoff = 5.77118
  binsize = 2.88559, bins = 2 2 2
  1 neighbor lists, perpetual/occasional/extra = 1 0 0
  (1) pair sw, perpetual
      attributes: full, newton on
      pair build: full/bin/atomonly
      stencil: full/bin/3d
      bin: standard
Per MPI rank memory allocation (min/avg/max) = 2.958 | 2.958 | 2.958 Mbytes
   Step          Temp          E_pair         E_mol          TotEng         Press     
WARNING: Too many warnings: 188 vs 100. All future warnings will be suppressed (src/thermo.cpp:478)
         0   0             -34.41576       0             -34.41576      -7181.7663    
Loop time of 1.21e-06 on 1 procs for 0 steps with 8 atoms

82.6% CPU use with 1 MPI tasks x 1 OpenMP threads

MPI task timing breakdown:
Section |  min time  |  avg time  |  max time  |%varavg| %total
---------------------------------------------------------------
Pair    | 0          | 0          | 0          |   0.0 |  0.00
Neigh   | 0          | 0          | 0          |   0.0 |  0.00
Comm    | 0          | 0          | 0          |   0.0 |  0.00
Output  | 0          | 0          | 0          |   0.0 |  0.00
Modify  | 0          | 0          | 0          |   0.0 |  0.00
Other   |            | 1.21e-06   |            |       |100.00

Nlocal:              8 ave           8 max           8 min
Histogram: 1 0 0 0 0 0 0 0 0 0
Nghost:            235 ave         235 max         235 min
Histogram: 1 0 0 0 0 0 0 0 0 0
Neighs:              0 ave           0 max           0 min
Histogram: 1 0 0 0 0 0 0 0 0 0
FullNghs:          272 ave         272 max         272 min
Histogram: 1 0 0 0 0 0 0 0 0 0

Total # of neighbors = 272
Ave neighs/atom = 34
Neighbor list builds = 0
Dangerous builds = 0
next i
jump SELF loop_struct
clear
  using 1 OpenMP thread(s) per MPI task
log energies.log append
units metal
boundary p p p
atom_style atomic
read_data epoch60_${i}.in
read_data epoch60_189.in
Reading data file ...
  orthogonal box = (0 0 0) to (5.4437022 5.4437022 5.4437022)
  1 by 1 by 1 MPI processor grid
  reading atoms ...
  8 atoms
  reading velocities ...
  8 velocities
  read_data CPU = 0.001 seconds
mass 1 28.085
pair_style sw
pair_coeff * * Si.sw Si
Reading sw potential file Si.sw with DATE: 2007-06-11
run 0
Neighbor list info ...
  update: every = 1 steps, delay = 0 steps, check = yes
  max neighbors/atom: 2000, page size: 100000
  master list distance cutoff = 5.77118
  ghost atom cutoff = 5.77118
  binsize = 2.88559, bins = 2 2 2
  1 neighbor lists, perpetual/occasional/extra = 1 0 0
  (1) pair sw, perpetual
      attributes: full, newton on
      pair build: full/bin/atomonly
      stencil: full/bin/3d
      bin: standard
Per MPI rank memory allocation (min/avg/max) = 2.958 | 2.958 | 2.958 Mbytes
   Step          Temp          E_pair         E_mol          TotEng         Press     
WARNING: Too many warnings: 189 vs 100. All future warnings will be suppressed (src/thermo.cpp:478)
         0   0             -34.330261      0             -34.330261     -4786.3945    
Loop time of 1.02e-06 on 1 procs for 0 steps with 8 atoms

0.0% CPU use with 1 MPI tasks x 1 OpenMP threads

MPI task timing breakdown:
Section |  min time  |  avg time  |  max time  |%varavg| %total
---------------------------------------------------------------
Pair    | 0          | 0          | 0          |   0.0 |  0.00
Neigh   | 0          | 0          | 0          |   0.0 |  0.00
Comm    | 0          | 0          | 0          |   0.0 |  0.00
Output  | 0          | 0          | 0          |   0.0 |  0.00
Modify  | 0          | 0          | 0          |   0.0 |  0.00
Other   |            | 1.02e-06   |            |       |100.00

Nlocal:              8 ave           8 max           8 min
Histogram: 1 0 0 0 0 0 0 0 0 0
Nghost:            226 ave         226 max         226 min
Histogram: 1 0 0 0 0 0 0 0 0 0
Neighs:              0 ave           0 max           0 min
Histogram: 1 0 0 0 0 0 0 0 0 0
FullNghs:          272 ave         272 max         272 min
Histogram: 1 0 0 0 0 0 0 0 0 0

Total # of neighbors = 272
Ave neighs/atom = 34
Neighbor list builds = 0
Dangerous builds = 0
next i
jump SELF loop_struct
clear
  using 1 OpenMP thread(s) per MPI task
log energies.log append
units metal
boundary p p p
atom_style atomic
read_data epoch60_${i}.in
read_data epoch60_190.in
Reading data file ...
  orthogonal box = (0 0 0) to (5.4437022 5.4437022 5.4437022)
  1 by 1 by 1 MPI processor grid
  reading atoms ...
  8 atoms
  reading velocities ...
  8 velocities
  read_data CPU = 0.000 seconds
mass 1 28.085
pair_style sw
pair_coeff * * Si.sw Si
Reading sw potential file Si.sw with DATE: 2007-06-11
run 0
Neighbor list info ...
  update: every = 1 steps, delay = 0 steps, check = yes
  max neighbors/atom: 2000, page size: 100000
  master list distance cutoff = 5.77118
  ghost atom cutoff = 5.77118
  binsize = 2.88559, bins = 2 2 2
  1 neighbor lists, perpetual/occasional/extra = 1 0 0
  (1) pair sw, perpetual
      attributes: full, newton on
      pair build: full/bin/atomonly
      stencil: full/bin/3d
      bin: standard
Per MPI rank memory allocation (min/avg/max) = 2.958 | 2.958 | 2.958 Mbytes
   Step          Temp          E_pair         E_mol          TotEng         Press     
WARNING: Too many warnings: 190 vs 100. All future warnings will be suppressed (src/thermo.cpp:478)
         0   0             -34.348837      0             -34.348837     -6292.6177    
Loop time of 1.03e-06 on 1 procs for 0 steps with 8 atoms

0.0% CPU use with 1 MPI tasks x 1 OpenMP threads

MPI task timing breakdown:
Section |  min time  |  avg time  |  max time  |%varavg| %total
---------------------------------------------------------------
Pair    | 0          | 0          | 0          |   0.0 |  0.00
Neigh   | 0          | 0          | 0          |   0.0 |  0.00
Comm    | 0          | 0          | 0          |   0.0 |  0.00
Output  | 0          | 0          | 0          |   0.0 |  0.00
Modify  | 0          | 0          | 0          |   0.0 |  0.00
Other   |            | 1.03e-06   |            |       |100.00

Nlocal:              8 ave           8 max           8 min
Histogram: 1 0 0 0 0 0 0 0 0 0
Nghost:            235 ave         235 max         235 min
Histogram: 1 0 0 0 0 0 0 0 0 0
Neighs:              0 ave           0 max           0 min
Histogram: 1 0 0 0 0 0 0 0 0 0
FullNghs:          272 ave         272 max         272 min
Histogram: 1 0 0 0 0 0 0 0 0 0

Total # of neighbors = 272
Ave neighs/atom = 34
Neighbor list builds = 0
Dangerous builds = 0
next i
jump SELF loop_struct
clear
  using 1 OpenMP thread(s) per MPI task
log energies.log append
units metal
boundary p p p
atom_style atomic
read_data epoch60_${i}.in
read_data epoch60_191.in
Reading data file ...
  orthogonal box = (0 0 0) to (5.4437022 5.4437022 5.4437022)
  1 by 1 by 1 MPI processor grid
  reading atoms ...
  8 atoms
  reading velocities ...
  8 velocities
  read_data CPU = 0.000 seconds
mass 1 28.085
pair_style sw
pair_coeff * * Si.sw Si
Reading sw potential file Si.sw with DATE: 2007-06-11
run 0
Neighbor list info ...
  update: every = 1 steps, delay = 0 steps, check = yes
  max neighbors/atom: 2000, page size: 100000
  master list distance cutoff = 5.77118
  ghost atom cutoff = 5.77118
  binsize = 2.88559, bins = 2 2 2
  1 neighbor lists, perpetual/occasional/extra = 1 0 0
  (1) pair sw, perpetual
      attributes: full, newton on
      pair build: full/bin/atomonly
      stencil: full/bin/3d
      bin: standard
Per MPI rank memory allocation (min/avg/max) = 2.958 | 2.958 | 2.958 Mbytes
   Step          Temp          E_pair         E_mol          TotEng         Press     
WARNING: Too many warnings: 191 vs 100. All future warnings will be suppressed (src/thermo.cpp:478)
         0   0             -34.3996        0             -34.3996       -6339.8124    
Loop time of 1.02e-06 on 1 procs for 0 steps with 8 atoms

0.0% CPU use with 1 MPI tasks x 1 OpenMP threads

MPI task timing breakdown:
Section |  min time  |  avg time  |  max time  |%varavg| %total
---------------------------------------------------------------
Pair    | 0          | 0          | 0          |   0.0 |  0.00
Neigh   | 0          | 0          | 0          |   0.0 |  0.00
Comm    | 0          | 0          | 0          |   0.0 |  0.00
Output  | 0          | 0          | 0          |   0.0 |  0.00
Modify  | 0          | 0          | 0          |   0.0 |  0.00
Other   |            | 1.02e-06   |            |       |100.00

Nlocal:              8 ave           8 max           8 min
Histogram: 1 0 0 0 0 0 0 0 0 0
Nghost:            208 ave         208 max         208 min
Histogram: 1 0 0 0 0 0 0 0 0 0
Neighs:              0 ave           0 max           0 min
Histogram: 1 0 0 0 0 0 0 0 0 0
FullNghs:          272 ave         272 max         272 min
Histogram: 1 0 0 0 0 0 0 0 0 0

Total # of neighbors = 272
Ave neighs/atom = 34
Neighbor list builds = 0
Dangerous builds = 0
next i
jump SELF loop_struct
clear
  using 1 OpenMP thread(s) per MPI task
log energies.log append
units metal
boundary p p p
atom_style atomic
read_data epoch60_${i}.in
read_data epoch60_192.in
Reading data file ...
  orthogonal box = (0 0 0) to (5.4437022 5.4437022 5.4437022)
  1 by 1 by 1 MPI processor grid
  reading atoms ...
  8 atoms
  reading velocities ...
  8 velocities
  read_data CPU = 0.000 seconds
mass 1 28.085
pair_style sw
pair_coeff * * Si.sw Si
Reading sw potential file Si.sw with DATE: 2007-06-11
run 0
Neighbor list info ...
  update: every = 1 steps, delay = 0 steps, check = yes
  max neighbors/atom: 2000, page size: 100000
  master list distance cutoff = 5.77118
  ghost atom cutoff = 5.77118
  binsize = 2.88559, bins = 2 2 2
  1 neighbor lists, perpetual/occasional/extra = 1 0 0
  (1) pair sw, perpetual
      attributes: full, newton on
      pair build: full/bin/atomonly
      stencil: full/bin/3d
      bin: standard
Per MPI rank memory allocation (min/avg/max) = 2.958 | 2.958 | 2.958 Mbytes
   Step          Temp          E_pair         E_mol          TotEng         Press     
WARNING: Too many warnings: 192 vs 100. All future warnings will be suppressed (src/thermo.cpp:478)
         0   0             -34.409364      0             -34.409364     -5951.6316    
Loop time of 1.02e-06 on 1 procs for 0 steps with 8 atoms

98.0% CPU use with 1 MPI tasks x 1 OpenMP threads

MPI task timing breakdown:
Section |  min time  |  avg time  |  max time  |%varavg| %total
---------------------------------------------------------------
Pair    | 0          | 0          | 0          |   0.0 |  0.00
Neigh   | 0          | 0          | 0          |   0.0 |  0.00
Comm    | 0          | 0          | 0          |   0.0 |  0.00
Output  | 0          | 0          | 0          |   0.0 |  0.00
Modify  | 0          | 0          | 0          |   0.0 |  0.00
Other   |            | 1.02e-06   |            |       |100.00

Nlocal:              8 ave           8 max           8 min
Histogram: 1 0 0 0 0 0 0 0 0 0
Nghost:            226 ave         226 max         226 min
Histogram: 1 0 0 0 0 0 0 0 0 0
Neighs:              0 ave           0 max           0 min
Histogram: 1 0 0 0 0 0 0 0 0 0
FullNghs:          272 ave         272 max         272 min
Histogram: 1 0 0 0 0 0 0 0 0 0

Total # of neighbors = 272
Ave neighs/atom = 34
Neighbor list builds = 0
Dangerous builds = 0
next i
jump SELF loop_struct
clear
  using 1 OpenMP thread(s) per MPI task
log energies.log append
units metal
boundary p p p
atom_style atomic
read_data epoch60_${i}.in
read_data epoch60_193.in
Reading data file ...
  orthogonal box = (0 0 0) to (5.4437022 5.4437022 5.4437022)
  1 by 1 by 1 MPI processor grid
  reading atoms ...
  8 atoms
  reading velocities ...
  8 velocities
  read_data CPU = 0.001 seconds
mass 1 28.085
pair_style sw
pair_coeff * * Si.sw Si
Reading sw potential file Si.sw with DATE: 2007-06-11
run 0
Neighbor list info ...
  update: every = 1 steps, delay = 0 steps, check = yes
  max neighbors/atom: 2000, page size: 100000
  master list distance cutoff = 5.77118
  ghost atom cutoff = 5.77118
  binsize = 2.88559, bins = 2 2 2
  1 neighbor lists, perpetual/occasional/extra = 1 0 0
  (1) pair sw, perpetual
      attributes: full, newton on
      pair build: full/bin/atomonly
      stencil: full/bin/3d
      bin: standard
Per MPI rank memory allocation (min/avg/max) = 2.958 | 2.958 | 2.958 Mbytes
   Step          Temp          E_pair         E_mol          TotEng         Press     
WARNING: Too many warnings: 193 vs 100. All future warnings will be suppressed (src/thermo.cpp:478)
         0   0             -34.551404      0             -34.551404     -7268.2485    
Loop time of 1.01e-06 on 1 procs for 0 steps with 8 atoms

0.0% CPU use with 1 MPI tasks x 1 OpenMP threads

MPI task timing breakdown:
Section |  min time  |  avg time  |  max time  |%varavg| %total
---------------------------------------------------------------
Pair    | 0          | 0          | 0          |   0.0 |  0.00
Neigh   | 0          | 0          | 0          |   0.0 |  0.00
Comm    | 0          | 0          | 0          |   0.0 |  0.00
Output  | 0          | 0          | 0          |   0.0 |  0.00
Modify  | 0          | 0          | 0          |   0.0 |  0.00
Other   |            | 1.01e-06   |            |       |100.00

Nlocal:              8 ave           8 max           8 min
Histogram: 1 0 0 0 0 0 0 0 0 0
Nghost:            226 ave         226 max         226 min
Histogram: 1 0 0 0 0 0 0 0 0 0
Neighs:              0 ave           0 max           0 min
Histogram: 1 0 0 0 0 0 0 0 0 0
FullNghs:          272 ave         272 max         272 min
Histogram: 1 0 0 0 0 0 0 0 0 0

Total # of neighbors = 272
Ave neighs/atom = 34
Neighbor list builds = 0
Dangerous builds = 0
next i
jump SELF loop_struct
clear
  using 1 OpenMP thread(s) per MPI task
log energies.log append
units metal
boundary p p p
atom_style atomic
read_data epoch60_${i}.in
read_data epoch60_194.in
Reading data file ...
  orthogonal box = (0 0 0) to (5.4437022 5.4437022 5.4437022)
  1 by 1 by 1 MPI processor grid
  reading atoms ...
  8 atoms
  reading velocities ...
  8 velocities
  read_data CPU = 0.001 seconds
mass 1 28.085
pair_style sw
pair_coeff * * Si.sw Si
Reading sw potential file Si.sw with DATE: 2007-06-11
run 0
Neighbor list info ...
  update: every = 1 steps, delay = 0 steps, check = yes
  max neighbors/atom: 2000, page size: 100000
  master list distance cutoff = 5.77118
  ghost atom cutoff = 5.77118
  binsize = 2.88559, bins = 2 2 2
  1 neighbor lists, perpetual/occasional/extra = 1 0 0
  (1) pair sw, perpetual
      attributes: full, newton on
      pair build: full/bin/atomonly
      stencil: full/bin/3d
      bin: standard
Per MPI rank memory allocation (min/avg/max) = 2.958 | 2.958 | 2.958 Mbytes
   Step          Temp          E_pair         E_mol          TotEng         Press     
WARNING: Too many warnings: 194 vs 100. All future warnings will be suppressed (src/thermo.cpp:478)
         0   0             -34.37201       0             -34.37201      -6035.2814    
Loop time of 1e-06 on 1 procs for 0 steps with 8 atoms

0.0% CPU use with 1 MPI tasks x 1 OpenMP threads

MPI task timing breakdown:
Section |  min time  |  avg time  |  max time  |%varavg| %total
---------------------------------------------------------------
Pair    | 0          | 0          | 0          |   0.0 |  0.00
Neigh   | 0          | 0          | 0          |   0.0 |  0.00
Comm    | 0          | 0          | 0          |   0.0 |  0.00
Output  | 0          | 0          | 0          |   0.0 |  0.00
Modify  | 0          | 0          | 0          |   0.0 |  0.00
Other   |            | 1e-06      |            |       |100.00

Nlocal:              8 ave           8 max           8 min
Histogram: 1 0 0 0 0 0 0 0 0 0
Nghost:            247 ave         247 max         247 min
Histogram: 1 0 0 0 0 0 0 0 0 0
Neighs:              0 ave           0 max           0 min
Histogram: 1 0 0 0 0 0 0 0 0 0
FullNghs:          272 ave         272 max         272 min
Histogram: 1 0 0 0 0 0 0 0 0 0

Total # of neighbors = 272
Ave neighs/atom = 34
Neighbor list builds = 0
Dangerous builds = 0
next i
jump SELF loop_struct
clear
  using 1 OpenMP thread(s) per MPI task
log energies.log append
units metal
boundary p p p
atom_style atomic
read_data epoch60_${i}.in
read_data epoch60_195.in
Reading data file ...
  orthogonal box = (0 0 0) to (5.4437022 5.4437022 5.4437022)
  1 by 1 by 1 MPI processor grid
  reading atoms ...
  8 atoms
  reading velocities ...
  8 velocities
  read_data CPU = 0.000 seconds
mass 1 28.085
pair_style sw
pair_coeff * * Si.sw Si
Reading sw potential file Si.sw with DATE: 2007-06-11
run 0
Neighbor list info ...
  update: every = 1 steps, delay = 0 steps, check = yes
  max neighbors/atom: 2000, page size: 100000
  master list distance cutoff = 5.77118
  ghost atom cutoff = 5.77118
  binsize = 2.88559, bins = 2 2 2
  1 neighbor lists, perpetual/occasional/extra = 1 0 0
  (1) pair sw, perpetual
      attributes: full, newton on
      pair build: full/bin/atomonly
      stencil: full/bin/3d
      bin: standard
Per MPI rank memory allocation (min/avg/max) = 2.958 | 2.958 | 2.958 Mbytes
   Step          Temp          E_pair         E_mol          TotEng         Press     
WARNING: Too many warnings: 195 vs 100. All future warnings will be suppressed (src/thermo.cpp:478)
         0   0             -34.438214      0             -34.438214     -5954.2117    
Loop time of 9.9e-07 on 1 procs for 0 steps with 8 atoms

0.0% CPU use with 1 MPI tasks x 1 OpenMP threads

MPI task timing breakdown:
Section |  min time  |  avg time  |  max time  |%varavg| %total
---------------------------------------------------------------
Pair    | 0          | 0          | 0          |   0.0 |  0.00
Neigh   | 0          | 0          | 0          |   0.0 |  0.00
Comm    | 0          | 0          | 0          |   0.0 |  0.00
Output  | 0          | 0          | 0          |   0.0 |  0.00
Modify  | 0          | 0          | 0          |   0.0 |  0.00
Other   |            | 9.9e-07    |            |       |100.00

Nlocal:              8 ave           8 max           8 min
Histogram: 1 0 0 0 0 0 0 0 0 0
Nghost:            265 ave         265 max         265 min
Histogram: 1 0 0 0 0 0 0 0 0 0
Neighs:              0 ave           0 max           0 min
Histogram: 1 0 0 0 0 0 0 0 0 0
FullNghs:          272 ave         272 max         272 min
Histogram: 1 0 0 0 0 0 0 0 0 0

Total # of neighbors = 272
Ave neighs/atom = 34
Neighbor list builds = 0
Dangerous builds = 0
next i
jump SELF loop_struct
clear
  using 1 OpenMP thread(s) per MPI task
log energies.log append
units metal
boundary p p p
atom_style atomic
read_data epoch60_${i}.in
read_data epoch60_196.in
Reading data file ...
  orthogonal box = (0 0 0) to (5.4437022 5.4437022 5.4437022)
  1 by 1 by 1 MPI processor grid
  reading atoms ...
  8 atoms
  reading velocities ...
  8 velocities
  read_data CPU = 0.000 seconds
mass 1 28.085
pair_style sw
pair_coeff * * Si.sw Si
Reading sw potential file Si.sw with DATE: 2007-06-11
run 0
Neighbor list info ...
  update: every = 1 steps, delay = 0 steps, check = yes
  max neighbors/atom: 2000, page size: 100000
  master list distance cutoff = 5.77118
  ghost atom cutoff = 5.77118
  binsize = 2.88559, bins = 2 2 2
  1 neighbor lists, perpetual/occasional/extra = 1 0 0
  (1) pair sw, perpetual
      attributes: full, newton on
      pair build: full/bin/atomonly
      stencil: full/bin/3d
      bin: standard
Per MPI rank memory allocation (min/avg/max) = 2.958 | 2.958 | 2.958 Mbytes
   Step          Temp          E_pair         E_mol          TotEng         Press     
WARNING: Too many warnings: 196 vs 100. All future warnings will be suppressed (src/thermo.cpp:478)
         0   0             -34.426973      0             -34.426973     -6084.4479    
Loop time of 1.02e-06 on 1 procs for 0 steps with 8 atoms

0.0% CPU use with 1 MPI tasks x 1 OpenMP threads

MPI task timing breakdown:
Section |  min time  |  avg time  |  max time  |%varavg| %total
---------------------------------------------------------------
Pair    | 0          | 0          | 0          |   0.0 |  0.00
Neigh   | 0          | 0          | 0          |   0.0 |  0.00
Comm    | 0          | 0          | 0          |   0.0 |  0.00
Output  | 0          | 0          | 0          |   0.0 |  0.00
Modify  | 0          | 0          | 0          |   0.0 |  0.00
Other   |            | 1.02e-06   |            |       |100.00

Nlocal:              8 ave           8 max           8 min
Histogram: 1 0 0 0 0 0 0 0 0 0
Nghost:            253 ave         253 max         253 min
Histogram: 1 0 0 0 0 0 0 0 0 0
Neighs:              0 ave           0 max           0 min
Histogram: 1 0 0 0 0 0 0 0 0 0
FullNghs:          272 ave         272 max         272 min
Histogram: 1 0 0 0 0 0 0 0 0 0

Total # of neighbors = 272
Ave neighs/atom = 34
Neighbor list builds = 0
Dangerous builds = 0
next i
jump SELF loop_struct
clear
  using 1 OpenMP thread(s) per MPI task
log energies.log append
units metal
boundary p p p
atom_style atomic
read_data epoch60_${i}.in
read_data epoch60_197.in
Reading data file ...
  orthogonal box = (0 0 0) to (5.4437022 5.4437022 5.4437022)
  1 by 1 by 1 MPI processor grid
  reading atoms ...
  8 atoms
  reading velocities ...
  8 velocities
  read_data CPU = 0.000 seconds
mass 1 28.085
pair_style sw
pair_coeff * * Si.sw Si
Reading sw potential file Si.sw with DATE: 2007-06-11
run 0
Neighbor list info ...
  update: every = 1 steps, delay = 0 steps, check = yes
  max neighbors/atom: 2000, page size: 100000
  master list distance cutoff = 5.77118
  ghost atom cutoff = 5.77118
  binsize = 2.88559, bins = 2 2 2
  1 neighbor lists, perpetual/occasional/extra = 1 0 0
  (1) pair sw, perpetual
      attributes: full, newton on
      pair build: full/bin/atomonly
      stencil: full/bin/3d
      bin: standard
Per MPI rank memory allocation (min/avg/max) = 2.958 | 2.958 | 2.958 Mbytes
   Step          Temp          E_pair         E_mol          TotEng         Press     
WARNING: Too many warnings: 197 vs 100. All future warnings will be suppressed (src/thermo.cpp:478)
         0   0             -34.423794      0             -34.423794     -5753.6861    
Loop time of 1.02e-06 on 1 procs for 0 steps with 8 atoms

98.0% CPU use with 1 MPI tasks x 1 OpenMP threads

MPI task timing breakdown:
Section |  min time  |  avg time  |  max time  |%varavg| %total
---------------------------------------------------------------
Pair    | 0          | 0          | 0          |   0.0 |  0.00
Neigh   | 0          | 0          | 0          |   0.0 |  0.00
Comm    | 0          | 0          | 0          |   0.0 |  0.00
Output  | 0          | 0          | 0          |   0.0 |  0.00
Modify  | 0          | 0          | 0          |   0.0 |  0.00
Other   |            | 1.02e-06   |            |       |100.00

Nlocal:              8 ave           8 max           8 min
Histogram: 1 0 0 0 0 0 0 0 0 0
Nghost:            226 ave         226 max         226 min
Histogram: 1 0 0 0 0 0 0 0 0 0
Neighs:              0 ave           0 max           0 min
Histogram: 1 0 0 0 0 0 0 0 0 0
FullNghs:          272 ave         272 max         272 min
Histogram: 1 0 0 0 0 0 0 0 0 0

Total # of neighbors = 272
Ave neighs/atom = 34
Neighbor list builds = 0
Dangerous builds = 0
next i
jump SELF loop_struct
clear
  using 1 OpenMP thread(s) per MPI task
log energies.log append
units metal
boundary p p p
atom_style atomic
read_data epoch60_${i}.in
read_data epoch60_198.in
Reading data file ...
  orthogonal box = (0 0 0) to (5.4437022 5.4437022 5.4437022)
  1 by 1 by 1 MPI processor grid
  reading atoms ...
  8 atoms
  reading velocities ...
  8 velocities
  read_data CPU = 0.001 seconds
mass 1 28.085
pair_style sw
pair_coeff * * Si.sw Si
Reading sw potential file Si.sw with DATE: 2007-06-11
run 0
Neighbor list info ...
  update: every = 1 steps, delay = 0 steps, check = yes
  max neighbors/atom: 2000, page size: 100000
  master list distance cutoff = 5.77118
  ghost atom cutoff = 5.77118
  binsize = 2.88559, bins = 2 2 2
  1 neighbor lists, perpetual/occasional/extra = 1 0 0
  (1) pair sw, perpetual
      attributes: full, newton on
      pair build: full/bin/atomonly
      stencil: full/bin/3d
      bin: standard
Per MPI rank memory allocation (min/avg/max) = 2.958 | 2.958 | 2.958 Mbytes
   Step          Temp          E_pair         E_mol          TotEng         Press     
WARNING: Too many warnings: 198 vs 100. All future warnings will be suppressed (src/thermo.cpp:478)
         0   0             -34.076728      0             -34.076728     -6253.2999    
Loop time of 1e-06 on 1 procs for 0 steps with 8 atoms

100.0% CPU use with 1 MPI tasks x 1 OpenMP threads

MPI task timing breakdown:
Section |  min time  |  avg time  |  max time  |%varavg| %total
---------------------------------------------------------------
Pair    | 0          | 0          | 0          |   0.0 |  0.00
Neigh   | 0          | 0          | 0          |   0.0 |  0.00
Comm    | 0          | 0          | 0          |   0.0 |  0.00
Output  | 0          | 0          | 0          |   0.0 |  0.00
Modify  | 0          | 0          | 0          |   0.0 |  0.00
Other   |            | 1e-06      |            |       |100.00

Nlocal:              8 ave           8 max           8 min
Histogram: 1 0 0 0 0 0 0 0 0 0
Nghost:            235 ave         235 max         235 min
Histogram: 1 0 0 0 0 0 0 0 0 0
Neighs:              0 ave           0 max           0 min
Histogram: 1 0 0 0 0 0 0 0 0 0
FullNghs:          282 ave         282 max         282 min
Histogram: 1 0 0 0 0 0 0 0 0 0

Total # of neighbors = 282
Ave neighs/atom = 35.25
Neighbor list builds = 0
Dangerous builds = 0
next i
jump SELF loop_struct
clear
  using 1 OpenMP thread(s) per MPI task
log energies.log append
units metal
boundary p p p
atom_style atomic
read_data epoch60_${i}.in
read_data epoch60_199.in
Reading data file ...
  orthogonal box = (0 0 0) to (5.4437022 5.4437022 5.4437022)
  1 by 1 by 1 MPI processor grid
  reading atoms ...
  8 atoms
  reading velocities ...
  8 velocities
  read_data CPU = 0.000 seconds
mass 1 28.085
pair_style sw
pair_coeff * * Si.sw Si
Reading sw potential file Si.sw with DATE: 2007-06-11
run 0
Neighbor list info ...
  update: every = 1 steps, delay = 0 steps, check = yes
  max neighbors/atom: 2000, page size: 100000
  master list distance cutoff = 5.77118
  ghost atom cutoff = 5.77118
  binsize = 2.88559, bins = 2 2 2
  1 neighbor lists, perpetual/occasional/extra = 1 0 0
  (1) pair sw, perpetual
      attributes: full, newton on
      pair build: full/bin/atomonly
      stencil: full/bin/3d
      bin: standard
Per MPI rank memory allocation (min/avg/max) = 2.958 | 2.958 | 2.958 Mbytes
   Step          Temp          E_pair         E_mol          TotEng         Press     
WARNING: Too many warnings: 199 vs 100. All future warnings will be suppressed (src/thermo.cpp:478)
         0   0             -34.302813      0             -34.302813     -5783.9835    
Loop time of 1e-06 on 1 procs for 0 steps with 8 atoms

100.0% CPU use with 1 MPI tasks x 1 OpenMP threads

MPI task timing breakdown:
Section |  min time  |  avg time  |  max time  |%varavg| %total
---------------------------------------------------------------
Pair    | 0          | 0          | 0          |   0.0 |  0.00
Neigh   | 0          | 0          | 0          |   0.0 |  0.00
Comm    | 0          | 0          | 0          |   0.0 |  0.00
Output  | 0          | 0          | 0          |   0.0 |  0.00
Modify  | 0          | 0          | 0          |   0.0 |  0.00
Other   |            | 1e-06      |            |       |100.00

Nlocal:              8 ave           8 max           8 min
Histogram: 1 0 0 0 0 0 0 0 0 0
Nghost:            226 ave         226 max         226 min
Histogram: 1 0 0 0 0 0 0 0 0 0
Neighs:              0 ave           0 max           0 min
Histogram: 1 0 0 0 0 0 0 0 0 0
FullNghs:          272 ave         272 max         272 min
Histogram: 1 0 0 0 0 0 0 0 0 0

Total # of neighbors = 272
Ave neighs/atom = 34
Neighbor list builds = 0
Dangerous builds = 0
next i
jump SELF loop_struct
clear
  using 1 OpenMP thread(s) per MPI task
log energies.log append
units metal
boundary p p p
atom_style atomic
read_data epoch60_${i}.in
read_data epoch60_200.in
Reading data file ...
  orthogonal box = (0 0 0) to (5.4437022 5.4437022 5.4437022)
  1 by 1 by 1 MPI processor grid
  reading atoms ...
  8 atoms
  reading velocities ...
  8 velocities
  read_data CPU = 0.001 seconds
mass 1 28.085
pair_style sw
pair_coeff * * Si.sw Si
Reading sw potential file Si.sw with DATE: 2007-06-11
run 0
Neighbor list info ...
  update: every = 1 steps, delay = 0 steps, check = yes
  max neighbors/atom: 2000, page size: 100000
  master list distance cutoff = 5.77118
  ghost atom cutoff = 5.77118
  binsize = 2.88559, bins = 2 2 2
  1 neighbor lists, perpetual/occasional/extra = 1 0 0
  (1) pair sw, perpetual
      attributes: full, newton on
      pair build: full/bin/atomonly
      stencil: full/bin/3d
      bin: standard
Per MPI rank memory allocation (min/avg/max) = 2.958 | 2.958 | 2.958 Mbytes
   Step          Temp          E_pair         E_mol          TotEng         Press     
WARNING: Too many warnings: 200 vs 100. All future warnings will be suppressed (src/thermo.cpp:478)
         0   0             -34.553687      0             -34.553687     -7103.6162    
Loop time of 1.01e-06 on 1 procs for 0 steps with 8 atoms

0.0% CPU use with 1 MPI tasks x 1 OpenMP threads

MPI task timing breakdown:
Section |  min time  |  avg time  |  max time  |%varavg| %total
---------------------------------------------------------------
Pair    | 0          | 0          | 0          |   0.0 |  0.00
Neigh   | 0          | 0          | 0          |   0.0 |  0.00
Comm    | 0          | 0          | 0          |   0.0 |  0.00
Output  | 0          | 0          | 0          |   0.0 |  0.00
Modify  | 0          | 0          | 0          |   0.0 |  0.00
Other   |            | 1.01e-06   |            |       |100.00

Nlocal:              8 ave           8 max           8 min
Histogram: 1 0 0 0 0 0 0 0 0 0
Nghost:            226 ave         226 max         226 min
Histogram: 1 0 0 0 0 0 0 0 0 0
Neighs:              0 ave           0 max           0 min
Histogram: 1 0 0 0 0 0 0 0 0 0
FullNghs:          272 ave         272 max         272 min
Histogram: 1 0 0 0 0 0 0 0 0 0

Total # of neighbors = 272
Ave neighs/atom = 34
Neighbor list builds = 0
Dangerous builds = 0
next i
jump SELF loop_struct
clear
  using 1 OpenMP thread(s) per MPI task
log energies.log append
units metal
boundary p p p
atom_style atomic
read_data epoch60_${i}.in
read_data epoch60_201.in
Reading data file ...
  orthogonal box = (0 0 0) to (5.4437022 5.4437022 5.4437022)
  1 by 1 by 1 MPI processor grid
  reading atoms ...
  8 atoms
  reading velocities ...
  8 velocities
  read_data CPU = 0.000 seconds
mass 1 28.085
pair_style sw
pair_coeff * * Si.sw Si
Reading sw potential file Si.sw with DATE: 2007-06-11
run 0
Neighbor list info ...
  update: every = 1 steps, delay = 0 steps, check = yes
  max neighbors/atom: 2000, page size: 100000
  master list distance cutoff = 5.77118
  ghost atom cutoff = 5.77118
  binsize = 2.88559, bins = 2 2 2
  1 neighbor lists, perpetual/occasional/extra = 1 0 0
  (1) pair sw, perpetual
      attributes: full, newton on
      pair build: full/bin/atomonly
      stencil: full/bin/3d
      bin: standard
Per MPI rank memory allocation (min/avg/max) = 2.958 | 2.958 | 2.958 Mbytes
   Step          Temp          E_pair         E_mol          TotEng         Press     
WARNING: Too many warnings: 201 vs 100. All future warnings will be suppressed (src/thermo.cpp:478)
         0   0             -34.451857      0             -34.451857     -6577.2026    
Loop time of 1e-06 on 1 procs for 0 steps with 8 atoms

0.0% CPU use with 1 MPI tasks x 1 OpenMP threads

MPI task timing breakdown:
Section |  min time  |  avg time  |  max time  |%varavg| %total
---------------------------------------------------------------
Pair    | 0          | 0          | 0          |   0.0 |  0.00
Neigh   | 0          | 0          | 0          |   0.0 |  0.00
Comm    | 0          | 0          | 0          |   0.0 |  0.00
Output  | 0          | 0          | 0          |   0.0 |  0.00
Modify  | 0          | 0          | 0          |   0.0 |  0.00
Other   |            | 1e-06      |            |       |100.00

Nlocal:              8 ave           8 max           8 min
Histogram: 1 0 0 0 0 0 0 0 0 0
Nghost:            226 ave         226 max         226 min
Histogram: 1 0 0 0 0 0 0 0 0 0
Neighs:              0 ave           0 max           0 min
Histogram: 1 0 0 0 0 0 0 0 0 0
FullNghs:          272 ave         272 max         272 min
Histogram: 1 0 0 0 0 0 0 0 0 0

Total # of neighbors = 272
Ave neighs/atom = 34
Neighbor list builds = 0
Dangerous builds = 0
next i
jump SELF loop_struct
clear
  using 1 OpenMP thread(s) per MPI task
log energies.log append
units metal
boundary p p p
atom_style atomic
read_data epoch60_${i}.in
read_data epoch60_202.in
Reading data file ...
  orthogonal box = (0 0 0) to (5.4437022 5.4437022 5.4437022)
  1 by 1 by 1 MPI processor grid
  reading atoms ...
  8 atoms
  reading velocities ...
  8 velocities
  read_data CPU = 0.000 seconds
mass 1 28.085
pair_style sw
pair_coeff * * Si.sw Si
Reading sw potential file Si.sw with DATE: 2007-06-11
run 0
Neighbor list info ...
  update: every = 1 steps, delay = 0 steps, check = yes
  max neighbors/atom: 2000, page size: 100000
  master list distance cutoff = 5.77118
  ghost atom cutoff = 5.77118
  binsize = 2.88559, bins = 2 2 2
  1 neighbor lists, perpetual/occasional/extra = 1 0 0
  (1) pair sw, perpetual
      attributes: full, newton on
      pair build: full/bin/atomonly
      stencil: full/bin/3d
      bin: standard
Per MPI rank memory allocation (min/avg/max) = 2.958 | 2.958 | 2.958 Mbytes
   Step          Temp          E_pair         E_mol          TotEng         Press     
WARNING: Too many warnings: 202 vs 100. All future warnings will be suppressed (src/thermo.cpp:478)
         0   0             -34.386231      0             -34.386231     -5970.4535    
Loop time of 1e-06 on 1 procs for 0 steps with 8 atoms

0.0% CPU use with 1 MPI tasks x 1 OpenMP threads

MPI task timing breakdown:
Section |  min time  |  avg time  |  max time  |%varavg| %total
---------------------------------------------------------------
Pair    | 0          | 0          | 0          |   0.0 |  0.00
Neigh   | 0          | 0          | 0          |   0.0 |  0.00
Comm    | 0          | 0          | 0          |   0.0 |  0.00
Output  | 0          | 0          | 0          |   0.0 |  0.00
Modify  | 0          | 0          | 0          |   0.0 |  0.00
Other   |            | 1e-06      |            |       |100.00

Nlocal:              8 ave           8 max           8 min
Histogram: 1 0 0 0 0 0 0 0 0 0
Nghost:            247 ave         247 max         247 min
Histogram: 1 0 0 0 0 0 0 0 0 0
Neighs:              0 ave           0 max           0 min
Histogram: 1 0 0 0 0 0 0 0 0 0
FullNghs:          272 ave         272 max         272 min
Histogram: 1 0 0 0 0 0 0 0 0 0

Total # of neighbors = 272
Ave neighs/atom = 34
Neighbor list builds = 0
Dangerous builds = 0
next i
jump SELF loop_struct
clear
  using 1 OpenMP thread(s) per MPI task
log energies.log append
units metal
boundary p p p
atom_style atomic
read_data epoch60_${i}.in
read_data epoch60_203.in
Reading data file ...
  orthogonal box = (0 0 0) to (5.4437022 5.4437022 5.4437022)
  1 by 1 by 1 MPI processor grid
  reading atoms ...
  8 atoms
  reading velocities ...
  8 velocities
  read_data CPU = 0.001 seconds
mass 1 28.085
pair_style sw
pair_coeff * * Si.sw Si
Reading sw potential file Si.sw with DATE: 2007-06-11
run 0
Neighbor list info ...
  update: every = 1 steps, delay = 0 steps, check = yes
  max neighbors/atom: 2000, page size: 100000
  master list distance cutoff = 5.77118
  ghost atom cutoff = 5.77118
  binsize = 2.88559, bins = 2 2 2
  1 neighbor lists, perpetual/occasional/extra = 1 0 0
  (1) pair sw, perpetual
      attributes: full, newton on
      pair build: full/bin/atomonly
      stencil: full/bin/3d
      bin: standard
Per MPI rank memory allocation (min/avg/max) = 2.958 | 2.958 | 2.958 Mbytes
   Step          Temp          E_pair         E_mol          TotEng         Press     
WARNING: Too many warnings: 203 vs 100. All future warnings will be suppressed (src/thermo.cpp:478)
         0   0             -34.262628      0             -34.262628     -6402.3822    
Loop time of 1.03e-06 on 1 procs for 0 steps with 8 atoms

97.1% CPU use with 1 MPI tasks x 1 OpenMP threads

MPI task timing breakdown:
Section |  min time  |  avg time  |  max time  |%varavg| %total
---------------------------------------------------------------
Pair    | 0          | 0          | 0          |   0.0 |  0.00
Neigh   | 0          | 0          | 0          |   0.0 |  0.00
Comm    | 0          | 0          | 0          |   0.0 |  0.00
Output  | 0          | 0          | 0          |   0.0 |  0.00
Modify  | 0          | 0          | 0          |   0.0 |  0.00
Other   |            | 1.03e-06   |            |       |100.00

Nlocal:              8 ave           8 max           8 min
Histogram: 1 0 0 0 0 0 0 0 0 0
Nghost:            226 ave         226 max         226 min
Histogram: 1 0 0 0 0 0 0 0 0 0
Neighs:              0 ave           0 max           0 min
Histogram: 1 0 0 0 0 0 0 0 0 0
FullNghs:          274 ave         274 max         274 min
Histogram: 1 0 0 0 0 0 0 0 0 0

Total # of neighbors = 274
Ave neighs/atom = 34.25
Neighbor list builds = 0
Dangerous builds = 0
next i
jump SELF loop_struct
clear
  using 1 OpenMP thread(s) per MPI task
log energies.log append
units metal
boundary p p p
atom_style atomic
read_data epoch60_${i}.in
read_data epoch60_204.in
Reading data file ...
  orthogonal box = (0 0 0) to (5.4437022 5.4437022 5.4437022)
  1 by 1 by 1 MPI processor grid
  reading atoms ...
  8 atoms
  reading velocities ...
  8 velocities
  read_data CPU = 0.000 seconds
mass 1 28.085
pair_style sw
pair_coeff * * Si.sw Si
Reading sw potential file Si.sw with DATE: 2007-06-11
run 0
Neighbor list info ...
  update: every = 1 steps, delay = 0 steps, check = yes
  max neighbors/atom: 2000, page size: 100000
  master list distance cutoff = 5.77118
  ghost atom cutoff = 5.77118
  binsize = 2.88559, bins = 2 2 2
  1 neighbor lists, perpetual/occasional/extra = 1 0 0
  (1) pair sw, perpetual
      attributes: full, newton on
      pair build: full/bin/atomonly
      stencil: full/bin/3d
      bin: standard
Per MPI rank memory allocation (min/avg/max) = 2.958 | 2.958 | 2.958 Mbytes
   Step          Temp          E_pair         E_mol          TotEng         Press     
WARNING: Too many warnings: 204 vs 100. All future warnings will be suppressed (src/thermo.cpp:478)
         0   0             -34.395191      0             -34.395191     -6354.3331    
Loop time of 1.01e-06 on 1 procs for 0 steps with 8 atoms

99.0% CPU use with 1 MPI tasks x 1 OpenMP threads

MPI task timing breakdown:
Section |  min time  |  avg time  |  max time  |%varavg| %total
---------------------------------------------------------------
Pair    | 0          | 0          | 0          |   0.0 |  0.00
Neigh   | 0          | 0          | 0          |   0.0 |  0.00
Comm    | 0          | 0          | 0          |   0.0 |  0.00
Output  | 0          | 0          | 0          |   0.0 |  0.00
Modify  | 0          | 0          | 0          |   0.0 |  0.00
Other   |            | 1.01e-06   |            |       |100.00

Nlocal:              8 ave           8 max           8 min
Histogram: 1 0 0 0 0 0 0 0 0 0
Nghost:            226 ave         226 max         226 min
Histogram: 1 0 0 0 0 0 0 0 0 0
Neighs:              0 ave           0 max           0 min
Histogram: 1 0 0 0 0 0 0 0 0 0
FullNghs:          272 ave         272 max         272 min
Histogram: 1 0 0 0 0 0 0 0 0 0

Total # of neighbors = 272
Ave neighs/atom = 34
Neighbor list builds = 0
Dangerous builds = 0
next i
jump SELF loop_struct
clear
  using 1 OpenMP thread(s) per MPI task
log energies.log append
units metal
boundary p p p
atom_style atomic
read_data epoch60_${i}.in
read_data epoch60_205.in
Reading data file ...
  orthogonal box = (0 0 0) to (5.4437022 5.4437022 5.4437022)
  1 by 1 by 1 MPI processor grid
  reading atoms ...
  8 atoms
  reading velocities ...
  8 velocities
  read_data CPU = 0.000 seconds
mass 1 28.085
pair_style sw
pair_coeff * * Si.sw Si
Reading sw potential file Si.sw with DATE: 2007-06-11
run 0
Neighbor list info ...
  update: every = 1 steps, delay = 0 steps, check = yes
  max neighbors/atom: 2000, page size: 100000
  master list distance cutoff = 5.77118
  ghost atom cutoff = 5.77118
  binsize = 2.88559, bins = 2 2 2
  1 neighbor lists, perpetual/occasional/extra = 1 0 0
  (1) pair sw, perpetual
      attributes: full, newton on
      pair build: full/bin/atomonly
      stencil: full/bin/3d
      bin: standard
Per MPI rank memory allocation (min/avg/max) = 2.958 | 2.958 | 2.958 Mbytes
   Step          Temp          E_pair         E_mol          TotEng         Press     
WARNING: Too many warnings: 205 vs 100. All future warnings will be suppressed (src/thermo.cpp:478)
         0   0             -34.492799      0             -34.492799     -5869.396     
Loop time of 1.01e-06 on 1 procs for 0 steps with 8 atoms

0.0% CPU use with 1 MPI tasks x 1 OpenMP threads

MPI task timing breakdown:
Section |  min time  |  avg time  |  max time  |%varavg| %total
---------------------------------------------------------------
Pair    | 0          | 0          | 0          |   0.0 |  0.00
Neigh   | 0          | 0          | 0          |   0.0 |  0.00
Comm    | 0          | 0          | 0          |   0.0 |  0.00
Output  | 0          | 0          | 0          |   0.0 |  0.00
Modify  | 0          | 0          | 0          |   0.0 |  0.00
Other   |            | 1.01e-06   |            |       |100.00

Nlocal:              8 ave           8 max           8 min
Histogram: 1 0 0 0 0 0 0 0 0 0
Nghost:            226 ave         226 max         226 min
Histogram: 1 0 0 0 0 0 0 0 0 0
Neighs:              0 ave           0 max           0 min
Histogram: 1 0 0 0 0 0 0 0 0 0
FullNghs:          272 ave         272 max         272 min
Histogram: 1 0 0 0 0 0 0 0 0 0

Total # of neighbors = 272
Ave neighs/atom = 34
Neighbor list builds = 0
Dangerous builds = 0
next i
jump SELF loop_struct
clear
  using 1 OpenMP thread(s) per MPI task
log energies.log append
units metal
boundary p p p
atom_style atomic
read_data epoch60_${i}.in
read_data epoch60_206.in
Reading data file ...
  orthogonal box = (0 0 0) to (5.4437022 5.4437022 5.4437022)
  1 by 1 by 1 MPI processor grid
  reading atoms ...
  8 atoms
  reading velocities ...
  8 velocities
  read_data CPU = 0.000 seconds
mass 1 28.085
pair_style sw
pair_coeff * * Si.sw Si
Reading sw potential file Si.sw with DATE: 2007-06-11
run 0
Neighbor list info ...
  update: every = 1 steps, delay = 0 steps, check = yes
  max neighbors/atom: 2000, page size: 100000
  master list distance cutoff = 5.77118
  ghost atom cutoff = 5.77118
  binsize = 2.88559, bins = 2 2 2
  1 neighbor lists, perpetual/occasional/extra = 1 0 0
  (1) pair sw, perpetual
      attributes: full, newton on
      pair build: full/bin/atomonly
      stencil: full/bin/3d
      bin: standard
Per MPI rank memory allocation (min/avg/max) = 2.958 | 2.958 | 2.958 Mbytes
   Step          Temp          E_pair         E_mol          TotEng         Press     
WARNING: Too many warnings: 206 vs 100. All future warnings will be suppressed (src/thermo.cpp:478)
         0   0             -34.456284      0             -34.456284     -5630.4773    
Loop time of 1e-06 on 1 procs for 0 steps with 8 atoms

100.0% CPU use with 1 MPI tasks x 1 OpenMP threads

MPI task timing breakdown:
Section |  min time  |  avg time  |  max time  |%varavg| %total
---------------------------------------------------------------
Pair    | 0          | 0          | 0          |   0.0 |  0.00
Neigh   | 0          | 0          | 0          |   0.0 |  0.00
Comm    | 0          | 0          | 0          |   0.0 |  0.00
Output  | 0          | 0          | 0          |   0.0 |  0.00
Modify  | 0          | 0          | 0          |   0.0 |  0.00
Other   |            | 1e-06      |            |       |100.00

Nlocal:              8 ave           8 max           8 min
Histogram: 1 0 0 0 0 0 0 0 0 0
Nghost:            226 ave         226 max         226 min
Histogram: 1 0 0 0 0 0 0 0 0 0
Neighs:              0 ave           0 max           0 min
Histogram: 1 0 0 0 0 0 0 0 0 0
FullNghs:          272 ave         272 max         272 min
Histogram: 1 0 0 0 0 0 0 0 0 0

Total # of neighbors = 272
Ave neighs/atom = 34
Neighbor list builds = 0
Dangerous builds = 0
next i
jump SELF loop_struct
clear
  using 1 OpenMP thread(s) per MPI task
log energies.log append
units metal
boundary p p p
atom_style atomic
read_data epoch60_${i}.in
read_data epoch60_207.in
Reading data file ...
  orthogonal box = (0 0 0) to (5.4437022 5.4437022 5.4437022)
  1 by 1 by 1 MPI processor grid
  reading atoms ...
  8 atoms
  reading velocities ...
  8 velocities
  read_data CPU = 0.001 seconds
mass 1 28.085
pair_style sw
pair_coeff * * Si.sw Si
Reading sw potential file Si.sw with DATE: 2007-06-11
run 0
Neighbor list info ...
  update: every = 1 steps, delay = 0 steps, check = yes
  max neighbors/atom: 2000, page size: 100000
  master list distance cutoff = 5.77118
  ghost atom cutoff = 5.77118
  binsize = 2.88559, bins = 2 2 2
  1 neighbor lists, perpetual/occasional/extra = 1 0 0
  (1) pair sw, perpetual
      attributes: full, newton on
      pair build: full/bin/atomonly
      stencil: full/bin/3d
      bin: standard
Per MPI rank memory allocation (min/avg/max) = 2.958 | 2.958 | 2.958 Mbytes
   Step          Temp          E_pair         E_mol          TotEng         Press     
WARNING: Too many warnings: 207 vs 100. All future warnings will be suppressed (src/thermo.cpp:478)
         0   0             -34.380232      0             -34.380232     -5689.1876    
Loop time of 1.02e-06 on 1 procs for 0 steps with 8 atoms

196.1% CPU use with 1 MPI tasks x 1 OpenMP threads

MPI task timing breakdown:
Section |  min time  |  avg time  |  max time  |%varavg| %total
---------------------------------------------------------------
Pair    | 0          | 0          | 0          |   0.0 |  0.00
Neigh   | 0          | 0          | 0          |   0.0 |  0.00
Comm    | 0          | 0          | 0          |   0.0 |  0.00
Output  | 0          | 0          | 0          |   0.0 |  0.00
Modify  | 0          | 0          | 0          |   0.0 |  0.00
Other   |            | 1.02e-06   |            |       |100.00

Nlocal:              8 ave           8 max           8 min
Histogram: 1 0 0 0 0 0 0 0 0 0
Nghost:            226 ave         226 max         226 min
Histogram: 1 0 0 0 0 0 0 0 0 0
Neighs:              0 ave           0 max           0 min
Histogram: 1 0 0 0 0 0 0 0 0 0
FullNghs:          274 ave         274 max         274 min
Histogram: 1 0 0 0 0 0 0 0 0 0

Total # of neighbors = 274
Ave neighs/atom = 34.25
Neighbor list builds = 0
Dangerous builds = 0
next i
jump SELF loop_struct
clear
  using 1 OpenMP thread(s) per MPI task
log energies.log append
units metal
boundary p p p
atom_style atomic
read_data epoch60_${i}.in
read_data epoch60_208.in
Reading data file ...
  orthogonal box = (0 0 0) to (5.4437022 5.4437022 5.4437022)
  1 by 1 by 1 MPI processor grid
  reading atoms ...
  8 atoms
  reading velocities ...
  8 velocities
  read_data CPU = 0.000 seconds
mass 1 28.085
pair_style sw
pair_coeff * * Si.sw Si
Reading sw potential file Si.sw with DATE: 2007-06-11
run 0
Neighbor list info ...
  update: every = 1 steps, delay = 0 steps, check = yes
  max neighbors/atom: 2000, page size: 100000
  master list distance cutoff = 5.77118
  ghost atom cutoff = 5.77118
  binsize = 2.88559, bins = 2 2 2
  1 neighbor lists, perpetual/occasional/extra = 1 0 0
  (1) pair sw, perpetual
      attributes: full, newton on
      pair build: full/bin/atomonly
      stencil: full/bin/3d
      bin: standard
Per MPI rank memory allocation (min/avg/max) = 2.958 | 2.958 | 2.958 Mbytes
   Step          Temp          E_pair         E_mol          TotEng         Press     
WARNING: Too many warnings: 208 vs 100. All future warnings will be suppressed (src/thermo.cpp:478)
         0   0             -34.467751      0             -34.467751     -5977.787     
Loop time of 1.02e-06 on 1 procs for 0 steps with 8 atoms

0.0% CPU use with 1 MPI tasks x 1 OpenMP threads

MPI task timing breakdown:
Section |  min time  |  avg time  |  max time  |%varavg| %total
---------------------------------------------------------------
Pair    | 0          | 0          | 0          |   0.0 |  0.00
Neigh   | 0          | 0          | 0          |   0.0 |  0.00
Comm    | 0          | 0          | 0          |   0.0 |  0.00
Output  | 0          | 0          | 0          |   0.0 |  0.00
Modify  | 0          | 0          | 0          |   0.0 |  0.00
Other   |            | 1.02e-06   |            |       |100.00

Nlocal:              8 ave           8 max           8 min
Histogram: 1 0 0 0 0 0 0 0 0 0
Nghost:            247 ave         247 max         247 min
Histogram: 1 0 0 0 0 0 0 0 0 0
Neighs:              0 ave           0 max           0 min
Histogram: 1 0 0 0 0 0 0 0 0 0
FullNghs:          274 ave         274 max         274 min
Histogram: 1 0 0 0 0 0 0 0 0 0

Total # of neighbors = 274
Ave neighs/atom = 34.25
Neighbor list builds = 0
Dangerous builds = 0
next i
jump SELF loop_struct
clear
  using 1 OpenMP thread(s) per MPI task
log energies.log append
units metal
boundary p p p
atom_style atomic
read_data epoch60_${i}.in
read_data epoch60_209.in
Reading data file ...
  orthogonal box = (0 0 0) to (5.4437022 5.4437022 5.4437022)
  1 by 1 by 1 MPI processor grid
  reading atoms ...
  8 atoms
  reading velocities ...
  8 velocities
  read_data CPU = 0.000 seconds
mass 1 28.085
pair_style sw
pair_coeff * * Si.sw Si
Reading sw potential file Si.sw with DATE: 2007-06-11
run 0
Neighbor list info ...
  update: every = 1 steps, delay = 0 steps, check = yes
  max neighbors/atom: 2000, page size: 100000
  master list distance cutoff = 5.77118
  ghost atom cutoff = 5.77118
  binsize = 2.88559, bins = 2 2 2
  1 neighbor lists, perpetual/occasional/extra = 1 0 0
  (1) pair sw, perpetual
      attributes: full, newton on
      pair build: full/bin/atomonly
      stencil: full/bin/3d
      bin: standard
Per MPI rank memory allocation (min/avg/max) = 2.958 | 2.958 | 2.958 Mbytes
   Step          Temp          E_pair         E_mol          TotEng         Press     
WARNING: Too many warnings: 209 vs 100. All future warnings will be suppressed (src/thermo.cpp:478)
         0   0             -34.318071      0             -34.318071     -6880.6171    
Loop time of 1e-06 on 1 procs for 0 steps with 8 atoms

0.0% CPU use with 1 MPI tasks x 1 OpenMP threads

MPI task timing breakdown:
Section |  min time  |  avg time  |  max time  |%varavg| %total
---------------------------------------------------------------
Pair    | 0          | 0          | 0          |   0.0 |  0.00
Neigh   | 0          | 0          | 0          |   0.0 |  0.00
Comm    | 0          | 0          | 0          |   0.0 |  0.00
Output  | 0          | 0          | 0          |   0.0 |  0.00
Modify  | 0          | 0          | 0          |   0.0 |  0.00
Other   |            | 1e-06      |            |       |100.00

Nlocal:              8 ave           8 max           8 min
Histogram: 1 0 0 0 0 0 0 0 0 0
Nghost:            244 ave         244 max         244 min
Histogram: 1 0 0 0 0 0 0 0 0 0
Neighs:              0 ave           0 max           0 min
Histogram: 1 0 0 0 0 0 0 0 0 0
FullNghs:          276 ave         276 max         276 min
Histogram: 1 0 0 0 0 0 0 0 0 0

Total # of neighbors = 276
Ave neighs/atom = 34.5
Neighbor list builds = 0
Dangerous builds = 0
next i
jump SELF loop_struct
clear
  using 1 OpenMP thread(s) per MPI task
log energies.log append
units metal
boundary p p p
atom_style atomic
read_data epoch60_${i}.in
read_data epoch60_210.in
Reading data file ...
  orthogonal box = (0 0 0) to (5.4437022 5.4437022 5.4437022)
  1 by 1 by 1 MPI processor grid
  reading atoms ...
  8 atoms
  reading velocities ...
  8 velocities
  read_data CPU = 0.001 seconds
mass 1 28.085
pair_style sw
pair_coeff * * Si.sw Si
Reading sw potential file Si.sw with DATE: 2007-06-11
run 0
Neighbor list info ...
  update: every = 1 steps, delay = 0 steps, check = yes
  max neighbors/atom: 2000, page size: 100000
  master list distance cutoff = 5.77118
  ghost atom cutoff = 5.77118
  binsize = 2.88559, bins = 2 2 2
  1 neighbor lists, perpetual/occasional/extra = 1 0 0
  (1) pair sw, perpetual
      attributes: full, newton on
      pair build: full/bin/atomonly
      stencil: full/bin/3d
      bin: standard
Per MPI rank memory allocation (min/avg/max) = 2.958 | 2.958 | 2.958 Mbytes
   Step          Temp          E_pair         E_mol          TotEng         Press     
WARNING: Too many warnings: 210 vs 100. All future warnings will be suppressed (src/thermo.cpp:478)
         0   0             -34.450518      0             -34.450518     -6614.9816    
Loop time of 1.03e-06 on 1 procs for 0 steps with 8 atoms

0.0% CPU use with 1 MPI tasks x 1 OpenMP threads

MPI task timing breakdown:
Section |  min time  |  avg time  |  max time  |%varavg| %total
---------------------------------------------------------------
Pair    | 0          | 0          | 0          |   0.0 |  0.00
Neigh   | 0          | 0          | 0          |   0.0 |  0.00
Comm    | 0          | 0          | 0          |   0.0 |  0.00
Output  | 0          | 0          | 0          |   0.0 |  0.00
Modify  | 0          | 0          | 0          |   0.0 |  0.00
Other   |            | 1.03e-06   |            |       |100.00

Nlocal:              8 ave           8 max           8 min
Histogram: 1 0 0 0 0 0 0 0 0 0
Nghost:            263 ave         263 max         263 min
Histogram: 1 0 0 0 0 0 0 0 0 0
Neighs:              0 ave           0 max           0 min
Histogram: 1 0 0 0 0 0 0 0 0 0
FullNghs:          272 ave         272 max         272 min
Histogram: 1 0 0 0 0 0 0 0 0 0

Total # of neighbors = 272
Ave neighs/atom = 34
Neighbor list builds = 0
Dangerous builds = 0
next i
jump SELF loop_struct
clear
  using 1 OpenMP thread(s) per MPI task
log energies.log append
units metal
boundary p p p
atom_style atomic
read_data epoch60_${i}.in
read_data epoch60_211.in
Reading data file ...
  orthogonal box = (0 0 0) to (5.4437022 5.4437022 5.4437022)
  1 by 1 by 1 MPI processor grid
  reading atoms ...
  8 atoms
  reading velocities ...
  8 velocities
  read_data CPU = 0.000 seconds
mass 1 28.085
pair_style sw
pair_coeff * * Si.sw Si
Reading sw potential file Si.sw with DATE: 2007-06-11
run 0
Neighbor list info ...
  update: every = 1 steps, delay = 0 steps, check = yes
  max neighbors/atom: 2000, page size: 100000
  master list distance cutoff = 5.77118
  ghost atom cutoff = 5.77118
  binsize = 2.88559, bins = 2 2 2
  1 neighbor lists, perpetual/occasional/extra = 1 0 0
  (1) pair sw, perpetual
      attributes: full, newton on
      pair build: full/bin/atomonly
      stencil: full/bin/3d
      bin: standard
Per MPI rank memory allocation (min/avg/max) = 2.958 | 2.958 | 2.958 Mbytes
   Step          Temp          E_pair         E_mol          TotEng         Press     
WARNING: Too many warnings: 211 vs 100. All future warnings will be suppressed (src/thermo.cpp:478)
         0   0             -34.187716      0             -34.187716     -7895.4281    
Loop time of 1.01e-06 on 1 procs for 0 steps with 8 atoms

0.0% CPU use with 1 MPI tasks x 1 OpenMP threads

MPI task timing breakdown:
Section |  min time  |  avg time  |  max time  |%varavg| %total
---------------------------------------------------------------
Pair    | 0          | 0          | 0          |   0.0 |  0.00
Neigh   | 0          | 0          | 0          |   0.0 |  0.00
Comm    | 0          | 0          | 0          |   0.0 |  0.00
Output  | 0          | 0          | 0          |   0.0 |  0.00
Modify  | 0          | 0          | 0          |   0.0 |  0.00
Other   |            | 1.01e-06   |            |       |100.00

Nlocal:              8 ave           8 max           8 min
Histogram: 1 0 0 0 0 0 0 0 0 0
Nghost:            235 ave         235 max         235 min
Histogram: 1 0 0 0 0 0 0 0 0 0
Neighs:              0 ave           0 max           0 min
Histogram: 1 0 0 0 0 0 0 0 0 0
FullNghs:          278 ave         278 max         278 min
Histogram: 1 0 0 0 0 0 0 0 0 0

Total # of neighbors = 278
Ave neighs/atom = 34.75
Neighbor list builds = 0
Dangerous builds = 0
next i
jump SELF loop_struct
clear
  using 1 OpenMP thread(s) per MPI task
log energies.log append
units metal
boundary p p p
atom_style atomic
read_data epoch60_${i}.in
read_data epoch60_212.in
Reading data file ...
  orthogonal box = (0 0 0) to (5.4437022 5.4437022 5.4437022)
  1 by 1 by 1 MPI processor grid
  reading atoms ...
  8 atoms
  reading velocities ...
  8 velocities
  read_data CPU = 0.001 seconds
mass 1 28.085
pair_style sw
pair_coeff * * Si.sw Si
Reading sw potential file Si.sw with DATE: 2007-06-11
run 0
Neighbor list info ...
  update: every = 1 steps, delay = 0 steps, check = yes
  max neighbors/atom: 2000, page size: 100000
  master list distance cutoff = 5.77118
  ghost atom cutoff = 5.77118
  binsize = 2.88559, bins = 2 2 2
  1 neighbor lists, perpetual/occasional/extra = 1 0 0
  (1) pair sw, perpetual
      attributes: full, newton on
      pair build: full/bin/atomonly
      stencil: full/bin/3d
      bin: standard
Per MPI rank memory allocation (min/avg/max) = 2.958 | 2.958 | 2.958 Mbytes
   Step          Temp          E_pair         E_mol          TotEng         Press     
WARNING: Too many warnings: 212 vs 100. All future warnings will be suppressed (src/thermo.cpp:478)
         0   0             -34.431634      0             -34.431634     -7849.5417    
Loop time of 1.02e-06 on 1 procs for 0 steps with 8 atoms

0.0% CPU use with 1 MPI tasks x 1 OpenMP threads

MPI task timing breakdown:
Section |  min time  |  avg time  |  max time  |%varavg| %total
---------------------------------------------------------------
Pair    | 0          | 0          | 0          |   0.0 |  0.00
Neigh   | 0          | 0          | 0          |   0.0 |  0.00
Comm    | 0          | 0          | 0          |   0.0 |  0.00
Output  | 0          | 0          | 0          |   0.0 |  0.00
Modify  | 0          | 0          | 0          |   0.0 |  0.00
Other   |            | 1.02e-06   |            |       |100.00

Nlocal:              8 ave           8 max           8 min
Histogram: 1 0 0 0 0 0 0 0 0 0
Nghost:            217 ave         217 max         217 min
Histogram: 1 0 0 0 0 0 0 0 0 0
Neighs:              0 ave           0 max           0 min
Histogram: 1 0 0 0 0 0 0 0 0 0
FullNghs:          272 ave         272 max         272 min
Histogram: 1 0 0 0 0 0 0 0 0 0

Total # of neighbors = 272
Ave neighs/atom = 34
Neighbor list builds = 0
Dangerous builds = 0
next i
jump SELF loop_struct
clear
  using 1 OpenMP thread(s) per MPI task
log energies.log append
units metal
boundary p p p
atom_style atomic
read_data epoch60_${i}.in
read_data epoch60_213.in
Reading data file ...
  orthogonal box = (0 0 0) to (5.4437022 5.4437022 5.4437022)
  1 by 1 by 1 MPI processor grid
  reading atoms ...
  8 atoms
  reading velocities ...
  8 velocities
  read_data CPU = 0.000 seconds
mass 1 28.085
pair_style sw
pair_coeff * * Si.sw Si
Reading sw potential file Si.sw with DATE: 2007-06-11
run 0
Neighbor list info ...
  update: every = 1 steps, delay = 0 steps, check = yes
  max neighbors/atom: 2000, page size: 100000
  master list distance cutoff = 5.77118
  ghost atom cutoff = 5.77118
  binsize = 2.88559, bins = 2 2 2
  1 neighbor lists, perpetual/occasional/extra = 1 0 0
  (1) pair sw, perpetual
      attributes: full, newton on
      pair build: full/bin/atomonly
      stencil: full/bin/3d
      bin: standard
Per MPI rank memory allocation (min/avg/max) = 2.958 | 2.958 | 2.958 Mbytes
   Step          Temp          E_pair         E_mol          TotEng         Press     
WARNING: Too many warnings: 213 vs 100. All future warnings will be suppressed (src/thermo.cpp:478)
         0   0             -34.378904      0             -34.378904     -6216.2352    
Loop time of 1e-06 on 1 procs for 0 steps with 8 atoms

0.0% CPU use with 1 MPI tasks x 1 OpenMP threads

MPI task timing breakdown:
Section |  min time  |  avg time  |  max time  |%varavg| %total
---------------------------------------------------------------
Pair    | 0          | 0          | 0          |   0.0 |  0.00
Neigh   | 0          | 0          | 0          |   0.0 |  0.00
Comm    | 0          | 0          | 0          |   0.0 |  0.00
Output  | 0          | 0          | 0          |   0.0 |  0.00
Modify  | 0          | 0          | 0          |   0.0 |  0.00
Other   |            | 1e-06      |            |       |100.00

Nlocal:              8 ave           8 max           8 min
Histogram: 1 0 0 0 0 0 0 0 0 0
Nghost:            235 ave         235 max         235 min
Histogram: 1 0 0 0 0 0 0 0 0 0
Neighs:              0 ave           0 max           0 min
Histogram: 1 0 0 0 0 0 0 0 0 0
FullNghs:          274 ave         274 max         274 min
Histogram: 1 0 0 0 0 0 0 0 0 0

Total # of neighbors = 274
Ave neighs/atom = 34.25
Neighbor list builds = 0
Dangerous builds = 0
next i
jump SELF loop_struct
clear
  using 1 OpenMP thread(s) per MPI task
log energies.log append
units metal
boundary p p p
atom_style atomic
read_data epoch60_${i}.in
read_data epoch60_214.in
Reading data file ...
  orthogonal box = (0 0 0) to (5.4437022 5.4437022 5.4437022)
  1 by 1 by 1 MPI processor grid
  reading atoms ...
  8 atoms
  reading velocities ...
  8 velocities
  read_data CPU = 0.000 seconds
mass 1 28.085
pair_style sw
pair_coeff * * Si.sw Si
Reading sw potential file Si.sw with DATE: 2007-06-11
run 0
Neighbor list info ...
  update: every = 1 steps, delay = 0 steps, check = yes
  max neighbors/atom: 2000, page size: 100000
  master list distance cutoff = 5.77118
  ghost atom cutoff = 5.77118
  binsize = 2.88559, bins = 2 2 2
  1 neighbor lists, perpetual/occasional/extra = 1 0 0
  (1) pair sw, perpetual
      attributes: full, newton on
      pair build: full/bin/atomonly
      stencil: full/bin/3d
      bin: standard
Per MPI rank memory allocation (min/avg/max) = 2.958 | 2.958 | 2.958 Mbytes
   Step          Temp          E_pair         E_mol          TotEng         Press     
WARNING: Too many warnings: 214 vs 100. All future warnings will be suppressed (src/thermo.cpp:478)
         0   0             -34.535318      0             -34.535318     -6808.3453    
Loop time of 1e-06 on 1 procs for 0 steps with 8 atoms

100.0% CPU use with 1 MPI tasks x 1 OpenMP threads

MPI task timing breakdown:
Section |  min time  |  avg time  |  max time  |%varavg| %total
---------------------------------------------------------------
Pair    | 0          | 0          | 0          |   0.0 |  0.00
Neigh   | 0          | 0          | 0          |   0.0 |  0.00
Comm    | 0          | 0          | 0          |   0.0 |  0.00
Output  | 0          | 0          | 0          |   0.0 |  0.00
Modify  | 0          | 0          | 0          |   0.0 |  0.00
Other   |            | 1e-06      |            |       |100.00

Nlocal:              8 ave           8 max           8 min
Histogram: 1 0 0 0 0 0 0 0 0 0
Nghost:            235 ave         235 max         235 min
Histogram: 1 0 0 0 0 0 0 0 0 0
Neighs:              0 ave           0 max           0 min
Histogram: 1 0 0 0 0 0 0 0 0 0
FullNghs:          272 ave         272 max         272 min
Histogram: 1 0 0 0 0 0 0 0 0 0

Total # of neighbors = 272
Ave neighs/atom = 34
Neighbor list builds = 0
Dangerous builds = 0
next i
jump SELF loop_struct
clear
  using 1 OpenMP thread(s) per MPI task
log energies.log append
units metal
boundary p p p
atom_style atomic
read_data epoch60_${i}.in
read_data epoch60_215.in
Reading data file ...
  orthogonal box = (0 0 0) to (5.4437022 5.4437022 5.4437022)
  1 by 1 by 1 MPI processor grid
  reading atoms ...
  8 atoms
  reading velocities ...
  8 velocities
  read_data CPU = 0.000 seconds
mass 1 28.085
pair_style sw
pair_coeff * * Si.sw Si
Reading sw potential file Si.sw with DATE: 2007-06-11
run 0
Neighbor list info ...
  update: every = 1 steps, delay = 0 steps, check = yes
  max neighbors/atom: 2000, page size: 100000
  master list distance cutoff = 5.77118
  ghost atom cutoff = 5.77118
  binsize = 2.88559, bins = 2 2 2
  1 neighbor lists, perpetual/occasional/extra = 1 0 0
  (1) pair sw, perpetual
      attributes: full, newton on
      pair build: full/bin/atomonly
      stencil: full/bin/3d
      bin: standard
Per MPI rank memory allocation (min/avg/max) = 2.958 | 2.958 | 2.958 Mbytes
   Step          Temp          E_pair         E_mol          TotEng         Press     
WARNING: Too many warnings: 215 vs 100. All future warnings will be suppressed (src/thermo.cpp:478)
         0   0             -34.281571      0             -34.281571     -6840.5846    
Loop time of 1.01e-06 on 1 procs for 0 steps with 8 atoms

99.0% CPU use with 1 MPI tasks x 1 OpenMP threads

MPI task timing breakdown:
Section |  min time  |  avg time  |  max time  |%varavg| %total
---------------------------------------------------------------
Pair    | 0          | 0          | 0          |   0.0 |  0.00
Neigh   | 0          | 0          | 0          |   0.0 |  0.00
Comm    | 0          | 0          | 0          |   0.0 |  0.00
Output  | 0          | 0          | 0          |   0.0 |  0.00
Modify  | 0          | 0          | 0          |   0.0 |  0.00
Other   |            | 1.01e-06   |            |       |100.00

Nlocal:              8 ave           8 max           8 min
Histogram: 1 0 0 0 0 0 0 0 0 0
Nghost:            238 ave         238 max         238 min
Histogram: 1 0 0 0 0 0 0 0 0 0
Neighs:              0 ave           0 max           0 min
Histogram: 1 0 0 0 0 0 0 0 0 0
FullNghs:          276 ave         276 max         276 min
Histogram: 1 0 0 0 0 0 0 0 0 0

Total # of neighbors = 276
Ave neighs/atom = 34.5
Neighbor list builds = 0
Dangerous builds = 0
next i
jump SELF loop_struct
clear
  using 1 OpenMP thread(s) per MPI task
log energies.log append
units metal
boundary p p p
atom_style atomic
read_data epoch60_${i}.in
read_data epoch60_216.in
Reading data file ...
  orthogonal box = (0 0 0) to (5.4437022 5.4437022 5.4437022)
  1 by 1 by 1 MPI processor grid
  reading atoms ...
  8 atoms
  reading velocities ...
  8 velocities
  read_data CPU = 0.000 seconds
mass 1 28.085
pair_style sw
pair_coeff * * Si.sw Si
Reading sw potential file Si.sw with DATE: 2007-06-11
run 0
Neighbor list info ...
  update: every = 1 steps, delay = 0 steps, check = yes
  max neighbors/atom: 2000, page size: 100000
  master list distance cutoff = 5.77118
  ghost atom cutoff = 5.77118
  binsize = 2.88559, bins = 2 2 2
  1 neighbor lists, perpetual/occasional/extra = 1 0 0
  (1) pair sw, perpetual
      attributes: full, newton on
      pair build: full/bin/atomonly
      stencil: full/bin/3d
      bin: standard
Per MPI rank memory allocation (min/avg/max) = 2.958 | 2.958 | 2.958 Mbytes
   Step          Temp          E_pair         E_mol          TotEng         Press     
WARNING: Too many warnings: 216 vs 100. All future warnings will be suppressed (src/thermo.cpp:478)
         0   0             -34.400026      0             -34.400026     -6738.9652    
Loop time of 1.02e-06 on 1 procs for 0 steps with 8 atoms

196.1% CPU use with 1 MPI tasks x 1 OpenMP threads

MPI task timing breakdown:
Section |  min time  |  avg time  |  max time  |%varavg| %total
---------------------------------------------------------------
Pair    | 0          | 0          | 0          |   0.0 |  0.00
Neigh   | 0          | 0          | 0          |   0.0 |  0.00
Comm    | 0          | 0          | 0          |   0.0 |  0.00
Output  | 0          | 0          | 0          |   0.0 |  0.00
Modify  | 0          | 0          | 0          |   0.0 |  0.00
Other   |            | 1.02e-06   |            |       |100.00

Nlocal:              8 ave           8 max           8 min
Histogram: 1 0 0 0 0 0 0 0 0 0
Nghost:            247 ave         247 max         247 min
Histogram: 1 0 0 0 0 0 0 0 0 0
Neighs:              0 ave           0 max           0 min
Histogram: 1 0 0 0 0 0 0 0 0 0
FullNghs:          272 ave         272 max         272 min
Histogram: 1 0 0 0 0 0 0 0 0 0

Total # of neighbors = 272
Ave neighs/atom = 34
Neighbor list builds = 0
Dangerous builds = 0
next i
jump SELF loop_struct
clear
  using 1 OpenMP thread(s) per MPI task
log energies.log append
units metal
boundary p p p
atom_style atomic
read_data epoch60_${i}.in
read_data epoch60_217.in
Reading data file ...
  orthogonal box = (0 0 0) to (5.4437022 5.4437022 5.4437022)
  1 by 1 by 1 MPI processor grid
  reading atoms ...
  8 atoms
  reading velocities ...
  8 velocities
  read_data CPU = 0.000 seconds
mass 1 28.085
pair_style sw
pair_coeff * * Si.sw Si
Reading sw potential file Si.sw with DATE: 2007-06-11
run 0
Neighbor list info ...
  update: every = 1 steps, delay = 0 steps, check = yes
  max neighbors/atom: 2000, page size: 100000
  master list distance cutoff = 5.77118
  ghost atom cutoff = 5.77118
  binsize = 2.88559, bins = 2 2 2
  1 neighbor lists, perpetual/occasional/extra = 1 0 0
  (1) pair sw, perpetual
      attributes: full, newton on
      pair build: full/bin/atomonly
      stencil: full/bin/3d
      bin: standard
Per MPI rank memory allocation (min/avg/max) = 2.958 | 2.958 | 2.958 Mbytes
   Step          Temp          E_pair         E_mol          TotEng         Press     
WARNING: Too many warnings: 217 vs 100. All future warnings will be suppressed (src/thermo.cpp:478)
         0   0             -34.535764      0             -34.535764     -6444.8615    
Loop time of 1.01e-06 on 1 procs for 0 steps with 8 atoms

99.0% CPU use with 1 MPI tasks x 1 OpenMP threads

MPI task timing breakdown:
Section |  min time  |  avg time  |  max time  |%varavg| %total
---------------------------------------------------------------
Pair    | 0          | 0          | 0          |   0.0 |  0.00
Neigh   | 0          | 0          | 0          |   0.0 |  0.00
Comm    | 0          | 0          | 0          |   0.0 |  0.00
Output  | 0          | 0          | 0          |   0.0 |  0.00
Modify  | 0          | 0          | 0          |   0.0 |  0.00
Other   |            | 1.01e-06   |            |       |100.00

Nlocal:              8 ave           8 max           8 min
Histogram: 1 0 0 0 0 0 0 0 0 0
Nghost:            226 ave         226 max         226 min
Histogram: 1 0 0 0 0 0 0 0 0 0
Neighs:              0 ave           0 max           0 min
Histogram: 1 0 0 0 0 0 0 0 0 0
FullNghs:          272 ave         272 max         272 min
Histogram: 1 0 0 0 0 0 0 0 0 0

Total # of neighbors = 272
Ave neighs/atom = 34
Neighbor list builds = 0
Dangerous builds = 0
next i
jump SELF loop_struct
clear
  using 1 OpenMP thread(s) per MPI task
log energies.log append
units metal
boundary p p p
atom_style atomic
read_data epoch60_${i}.in
read_data epoch60_218.in
Reading data file ...
  orthogonal box = (0 0 0) to (5.4437022 5.4437022 5.4437022)
  1 by 1 by 1 MPI processor grid
  reading atoms ...
  8 atoms
  reading velocities ...
  8 velocities
  read_data CPU = 0.000 seconds
mass 1 28.085
pair_style sw
pair_coeff * * Si.sw Si
Reading sw potential file Si.sw with DATE: 2007-06-11
run 0
Neighbor list info ...
  update: every = 1 steps, delay = 0 steps, check = yes
  max neighbors/atom: 2000, page size: 100000
  master list distance cutoff = 5.77118
  ghost atom cutoff = 5.77118
  binsize = 2.88559, bins = 2 2 2
  1 neighbor lists, perpetual/occasional/extra = 1 0 0
  (1) pair sw, perpetual
      attributes: full, newton on
      pair build: full/bin/atomonly
      stencil: full/bin/3d
      bin: standard
Per MPI rank memory allocation (min/avg/max) = 2.958 | 2.958 | 2.958 Mbytes
   Step          Temp          E_pair         E_mol          TotEng         Press     
WARNING: Too many warnings: 218 vs 100. All future warnings will be suppressed (src/thermo.cpp:478)
         0   0             -34.252281      0             -34.252281     -4270.2291    
Loop time of 1.02e-06 on 1 procs for 0 steps with 8 atoms

196.1% CPU use with 1 MPI tasks x 1 OpenMP threads

MPI task timing breakdown:
Section |  min time  |  avg time  |  max time  |%varavg| %total
---------------------------------------------------------------
Pair    | 0          | 0          | 0          |   0.0 |  0.00
Neigh   | 0          | 0          | 0          |   0.0 |  0.00
Comm    | 0          | 0          | 0          |   0.0 |  0.00
Output  | 0          | 0          | 0          |   0.0 |  0.00
Modify  | 0          | 0          | 0          |   0.0 |  0.00
Other   |            | 1.02e-06   |            |       |100.00

Nlocal:              8 ave           8 max           8 min
Histogram: 1 0 0 0 0 0 0 0 0 0
Nghost:            226 ave         226 max         226 min
Histogram: 1 0 0 0 0 0 0 0 0 0
Neighs:              0 ave           0 max           0 min
Histogram: 1 0 0 0 0 0 0 0 0 0
FullNghs:          274 ave         274 max         274 min
Histogram: 1 0 0 0 0 0 0 0 0 0

Total # of neighbors = 274
Ave neighs/atom = 34.25
Neighbor list builds = 0
Dangerous builds = 0
next i
jump SELF loop_struct
clear
  using 1 OpenMP thread(s) per MPI task
log energies.log append
units metal
boundary p p p
atom_style atomic
read_data epoch60_${i}.in
read_data epoch60_219.in
Reading data file ...
  orthogonal box = (0 0 0) to (5.4437022 5.4437022 5.4437022)
  1 by 1 by 1 MPI processor grid
  reading atoms ...
  8 atoms
  reading velocities ...
  8 velocities
  read_data CPU = 0.000 seconds
mass 1 28.085
pair_style sw
pair_coeff * * Si.sw Si
Reading sw potential file Si.sw with DATE: 2007-06-11
run 0
Neighbor list info ...
  update: every = 1 steps, delay = 0 steps, check = yes
  max neighbors/atom: 2000, page size: 100000
  master list distance cutoff = 5.77118
  ghost atom cutoff = 5.77118
  binsize = 2.88559, bins = 2 2 2
  1 neighbor lists, perpetual/occasional/extra = 1 0 0
  (1) pair sw, perpetual
      attributes: full, newton on
      pair build: full/bin/atomonly
      stencil: full/bin/3d
      bin: standard
Per MPI rank memory allocation (min/avg/max) = 2.958 | 2.958 | 2.958 Mbytes
   Step          Temp          E_pair         E_mol          TotEng         Press     
WARNING: Too many warnings: 219 vs 100. All future warnings will be suppressed (src/thermo.cpp:478)
         0   0             -34.363053      0             -34.363053     -6385.8375    
Loop time of 1.09e-06 on 1 procs for 0 steps with 8 atoms

0.0% CPU use with 1 MPI tasks x 1 OpenMP threads

MPI task timing breakdown:
Section |  min time  |  avg time  |  max time  |%varavg| %total
---------------------------------------------------------------
Pair    | 0          | 0          | 0          |   0.0 |  0.00
Neigh   | 0          | 0          | 0          |   0.0 |  0.00
Comm    | 0          | 0          | 0          |   0.0 |  0.00
Output  | 0          | 0          | 0          |   0.0 |  0.00
Modify  | 0          | 0          | 0          |   0.0 |  0.00
Other   |            | 1.09e-06   |            |       |100.00

Nlocal:              8 ave           8 max           8 min
Histogram: 1 0 0 0 0 0 0 0 0 0
Nghost:            256 ave         256 max         256 min
Histogram: 1 0 0 0 0 0 0 0 0 0
Neighs:              0 ave           0 max           0 min
Histogram: 1 0 0 0 0 0 0 0 0 0
FullNghs:          276 ave         276 max         276 min
Histogram: 1 0 0 0 0 0 0 0 0 0

Total # of neighbors = 276
Ave neighs/atom = 34.5
Neighbor list builds = 0
Dangerous builds = 0
next i
jump SELF loop_struct
clear
  using 1 OpenMP thread(s) per MPI task
log energies.log append
units metal
boundary p p p
atom_style atomic
read_data epoch60_${i}.in
read_data epoch60_220.in
Reading data file ...
  orthogonal box = (0 0 0) to (5.4437022 5.4437022 5.4437022)
  1 by 1 by 1 MPI processor grid
  reading atoms ...
  8 atoms
  reading velocities ...
  8 velocities
  read_data CPU = 0.001 seconds
mass 1 28.085
pair_style sw
pair_coeff * * Si.sw Si
Reading sw potential file Si.sw with DATE: 2007-06-11
run 0
Neighbor list info ...
  update: every = 1 steps, delay = 0 steps, check = yes
  max neighbors/atom: 2000, page size: 100000
  master list distance cutoff = 5.77118
  ghost atom cutoff = 5.77118
  binsize = 2.88559, bins = 2 2 2
  1 neighbor lists, perpetual/occasional/extra = 1 0 0
  (1) pair sw, perpetual
      attributes: full, newton on
      pair build: full/bin/atomonly
      stencil: full/bin/3d
      bin: standard
Per MPI rank memory allocation (min/avg/max) = 2.958 | 2.958 | 2.958 Mbytes
   Step          Temp          E_pair         E_mol          TotEng         Press     
WARNING: Too many warnings: 220 vs 100. All future warnings will be suppressed (src/thermo.cpp:478)
         0   0             -34.195215      0             -34.195215     -7196.2312    
Loop time of 1.01e-06 on 1 procs for 0 steps with 8 atoms

99.0% CPU use with 1 MPI tasks x 1 OpenMP threads

MPI task timing breakdown:
Section |  min time  |  avg time  |  max time  |%varavg| %total
---------------------------------------------------------------
Pair    | 0          | 0          | 0          |   0.0 |  0.00
Neigh   | 0          | 0          | 0          |   0.0 |  0.00
Comm    | 0          | 0          | 0          |   0.0 |  0.00
Output  | 0          | 0          | 0          |   0.0 |  0.00
Modify  | 0          | 0          | 0          |   0.0 |  0.00
Other   |            | 1.01e-06   |            |       |100.00

Nlocal:              8 ave           8 max           8 min
Histogram: 1 0 0 0 0 0 0 0 0 0
Nghost:            226 ave         226 max         226 min
Histogram: 1 0 0 0 0 0 0 0 0 0
Neighs:              0 ave           0 max           0 min
Histogram: 1 0 0 0 0 0 0 0 0 0
FullNghs:          276 ave         276 max         276 min
Histogram: 1 0 0 0 0 0 0 0 0 0

Total # of neighbors = 276
Ave neighs/atom = 34.5
Neighbor list builds = 0
Dangerous builds = 0
next i
jump SELF loop_struct
clear
  using 1 OpenMP thread(s) per MPI task
log energies.log append
units metal
boundary p p p
atom_style atomic
read_data epoch60_${i}.in
read_data epoch60_221.in
Reading data file ...
  orthogonal box = (0 0 0) to (5.4437022 5.4437022 5.4437022)
  1 by 1 by 1 MPI processor grid
  reading atoms ...
  8 atoms
  reading velocities ...
  8 velocities
  read_data CPU = 0.000 seconds
mass 1 28.085
pair_style sw
pair_coeff * * Si.sw Si
Reading sw potential file Si.sw with DATE: 2007-06-11
run 0
Neighbor list info ...
  update: every = 1 steps, delay = 0 steps, check = yes
  max neighbors/atom: 2000, page size: 100000
  master list distance cutoff = 5.77118
  ghost atom cutoff = 5.77118
  binsize = 2.88559, bins = 2 2 2
  1 neighbor lists, perpetual/occasional/extra = 1 0 0
  (1) pair sw, perpetual
      attributes: full, newton on
      pair build: full/bin/atomonly
      stencil: full/bin/3d
      bin: standard
Per MPI rank memory allocation (min/avg/max) = 2.958 | 2.958 | 2.958 Mbytes
   Step          Temp          E_pair         E_mol          TotEng         Press     
WARNING: Too many warnings: 221 vs 100. All future warnings will be suppressed (src/thermo.cpp:478)
         0   0             -34.483806      0             -34.483806     -7307.7694    
Loop time of 1.03e-06 on 1 procs for 0 steps with 8 atoms

0.0% CPU use with 1 MPI tasks x 1 OpenMP threads

MPI task timing breakdown:
Section |  min time  |  avg time  |  max time  |%varavg| %total
---------------------------------------------------------------
Pair    | 0          | 0          | 0          |   0.0 |  0.00
Neigh   | 0          | 0          | 0          |   0.0 |  0.00
Comm    | 0          | 0          | 0          |   0.0 |  0.00
Output  | 0          | 0          | 0          |   0.0 |  0.00
Modify  | 0          | 0          | 0          |   0.0 |  0.00
Other   |            | 1.03e-06   |            |       |100.00

Nlocal:              8 ave           8 max           8 min
Histogram: 1 0 0 0 0 0 0 0 0 0
Nghost:            226 ave         226 max         226 min
Histogram: 1 0 0 0 0 0 0 0 0 0
Neighs:              0 ave           0 max           0 min
Histogram: 1 0 0 0 0 0 0 0 0 0
FullNghs:          274 ave         274 max         274 min
Histogram: 1 0 0 0 0 0 0 0 0 0

Total # of neighbors = 274
Ave neighs/atom = 34.25
Neighbor list builds = 0
Dangerous builds = 0
next i
jump SELF loop_struct
clear
  using 1 OpenMP thread(s) per MPI task
log energies.log append
units metal
boundary p p p
atom_style atomic
read_data epoch60_${i}.in
read_data epoch60_222.in
Reading data file ...
  orthogonal box = (0 0 0) to (5.4437022 5.4437022 5.4437022)
  1 by 1 by 1 MPI processor grid
  reading atoms ...
  8 atoms
  reading velocities ...
  8 velocities
  read_data CPU = 0.000 seconds
mass 1 28.085
pair_style sw
pair_coeff * * Si.sw Si
Reading sw potential file Si.sw with DATE: 2007-06-11
run 0
Neighbor list info ...
  update: every = 1 steps, delay = 0 steps, check = yes
  max neighbors/atom: 2000, page size: 100000
  master list distance cutoff = 5.77118
  ghost atom cutoff = 5.77118
  binsize = 2.88559, bins = 2 2 2
  1 neighbor lists, perpetual/occasional/extra = 1 0 0
  (1) pair sw, perpetual
      attributes: full, newton on
      pair build: full/bin/atomonly
      stencil: full/bin/3d
      bin: standard
Per MPI rank memory allocation (min/avg/max) = 2.958 | 2.958 | 2.958 Mbytes
   Step          Temp          E_pair         E_mol          TotEng         Press     
WARNING: Too many warnings: 222 vs 100. All future warnings will be suppressed (src/thermo.cpp:478)
         0   0             -34.503975      0             -34.503975     -7504.4654    
Loop time of 1e-06 on 1 procs for 0 steps with 8 atoms

0.0% CPU use with 1 MPI tasks x 1 OpenMP threads

MPI task timing breakdown:
Section |  min time  |  avg time  |  max time  |%varavg| %total
---------------------------------------------------------------
Pair    | 0          | 0          | 0          |   0.0 |  0.00
Neigh   | 0          | 0          | 0          |   0.0 |  0.00
Comm    | 0          | 0          | 0          |   0.0 |  0.00
Output  | 0          | 0          | 0          |   0.0 |  0.00
Modify  | 0          | 0          | 0          |   0.0 |  0.00
Other   |            | 1e-06      |            |       |100.00

Nlocal:              8 ave           8 max           8 min
Histogram: 1 0 0 0 0 0 0 0 0 0
Nghost:            217 ave         217 max         217 min
Histogram: 1 0 0 0 0 0 0 0 0 0
Neighs:              0 ave           0 max           0 min
Histogram: 1 0 0 0 0 0 0 0 0 0
FullNghs:          272 ave         272 max         272 min
Histogram: 1 0 0 0 0 0 0 0 0 0

Total # of neighbors = 272
Ave neighs/atom = 34
Neighbor list builds = 0
Dangerous builds = 0
next i
jump SELF loop_struct
clear
  using 1 OpenMP thread(s) per MPI task
log energies.log append
units metal
boundary p p p
atom_style atomic
read_data epoch60_${i}.in
read_data epoch60_223.in
Reading data file ...
  orthogonal box = (0 0 0) to (5.4437022 5.4437022 5.4437022)
  1 by 1 by 1 MPI processor grid
  reading atoms ...
  8 atoms
  reading velocities ...
  8 velocities
  read_data CPU = 0.001 seconds
mass 1 28.085
pair_style sw
pair_coeff * * Si.sw Si
Reading sw potential file Si.sw with DATE: 2007-06-11
run 0
Neighbor list info ...
  update: every = 1 steps, delay = 0 steps, check = yes
  max neighbors/atom: 2000, page size: 100000
  master list distance cutoff = 5.77118
  ghost atom cutoff = 5.77118
  binsize = 2.88559, bins = 2 2 2
  1 neighbor lists, perpetual/occasional/extra = 1 0 0
  (1) pair sw, perpetual
      attributes: full, newton on
      pair build: full/bin/atomonly
      stencil: full/bin/3d
      bin: standard
Per MPI rank memory allocation (min/avg/max) = 2.958 | 2.958 | 2.958 Mbytes
   Step          Temp          E_pair         E_mol          TotEng         Press     
WARNING: Too many warnings: 223 vs 100. All future warnings will be suppressed (src/thermo.cpp:478)
         0   0             -34.508677      0             -34.508677     -5888.3722    
Loop time of 1.04e-06 on 1 procs for 0 steps with 8 atoms

96.2% CPU use with 1 MPI tasks x 1 OpenMP threads

MPI task timing breakdown:
Section |  min time  |  avg time  |  max time  |%varavg| %total
---------------------------------------------------------------
Pair    | 0          | 0          | 0          |   0.0 |  0.00
Neigh   | 0          | 0          | 0          |   0.0 |  0.00
Comm    | 0          | 0          | 0          |   0.0 |  0.00
Output  | 0          | 0          | 0          |   0.0 |  0.00
Modify  | 0          | 0          | 0          |   0.0 |  0.00
Other   |            | 1.04e-06   |            |       |100.00

Nlocal:              8 ave           8 max           8 min
Histogram: 1 0 0 0 0 0 0 0 0 0
Nghost:            208 ave         208 max         208 min
Histogram: 1 0 0 0 0 0 0 0 0 0
Neighs:              0 ave           0 max           0 min
Histogram: 1 0 0 0 0 0 0 0 0 0
FullNghs:          272 ave         272 max         272 min
Histogram: 1 0 0 0 0 0 0 0 0 0

Total # of neighbors = 272
Ave neighs/atom = 34
Neighbor list builds = 0
Dangerous builds = 0
next i
jump SELF loop_struct
clear
  using 1 OpenMP thread(s) per MPI task
log energies.log append
units metal
boundary p p p
atom_style atomic
read_data epoch60_${i}.in
read_data epoch60_224.in
Reading data file ...
  orthogonal box = (0 0 0) to (5.4437022 5.4437022 5.4437022)
  1 by 1 by 1 MPI processor grid
  reading atoms ...
  8 atoms
  reading velocities ...
  8 velocities
  read_data CPU = 0.000 seconds
mass 1 28.085
pair_style sw
pair_coeff * * Si.sw Si
Reading sw potential file Si.sw with DATE: 2007-06-11
run 0
Neighbor list info ...
  update: every = 1 steps, delay = 0 steps, check = yes
  max neighbors/atom: 2000, page size: 100000
  master list distance cutoff = 5.77118
  ghost atom cutoff = 5.77118
  binsize = 2.88559, bins = 2 2 2
  1 neighbor lists, perpetual/occasional/extra = 1 0 0
  (1) pair sw, perpetual
      attributes: full, newton on
      pair build: full/bin/atomonly
      stencil: full/bin/3d
      bin: standard
Per MPI rank memory allocation (min/avg/max) = 2.958 | 2.958 | 2.958 Mbytes
   Step          Temp          E_pair         E_mol          TotEng         Press     
WARNING: Too many warnings: 224 vs 100. All future warnings will be suppressed (src/thermo.cpp:478)
         0   0             -34.558725      0             -34.558725     -7267.114     
Loop time of 1e-06 on 1 procs for 0 steps with 8 atoms

0.0% CPU use with 1 MPI tasks x 1 OpenMP threads

MPI task timing breakdown:
Section |  min time  |  avg time  |  max time  |%varavg| %total
---------------------------------------------------------------
Pair    | 0          | 0          | 0          |   0.0 |  0.00
Neigh   | 0          | 0          | 0          |   0.0 |  0.00
Comm    | 0          | 0          | 0          |   0.0 |  0.00
Output  | 0          | 0          | 0          |   0.0 |  0.00
Modify  | 0          | 0          | 0          |   0.0 |  0.00
Other   |            | 1e-06      |            |       |100.00

Nlocal:              8 ave           8 max           8 min
Histogram: 1 0 0 0 0 0 0 0 0 0
Nghost:            272 ave         272 max         272 min
Histogram: 1 0 0 0 0 0 0 0 0 0
Neighs:              0 ave           0 max           0 min
Histogram: 1 0 0 0 0 0 0 0 0 0
FullNghs:          272 ave         272 max         272 min
Histogram: 1 0 0 0 0 0 0 0 0 0

Total # of neighbors = 272
Ave neighs/atom = 34
Neighbor list builds = 0
Dangerous builds = 0
next i
jump SELF loop_struct
clear
  using 1 OpenMP thread(s) per MPI task
log energies.log append
units metal
boundary p p p
atom_style atomic
read_data epoch60_${i}.in
read_data epoch60_225.in
Reading data file ...
  orthogonal box = (0 0 0) to (5.4437022 5.4437022 5.4437022)
  1 by 1 by 1 MPI processor grid
  reading atoms ...
  8 atoms
  reading velocities ...
  8 velocities
  read_data CPU = 0.000 seconds
mass 1 28.085
pair_style sw
pair_coeff * * Si.sw Si
Reading sw potential file Si.sw with DATE: 2007-06-11
run 0
Neighbor list info ...
  update: every = 1 steps, delay = 0 steps, check = yes
  max neighbors/atom: 2000, page size: 100000
  master list distance cutoff = 5.77118
  ghost atom cutoff = 5.77118
  binsize = 2.88559, bins = 2 2 2
  1 neighbor lists, perpetual/occasional/extra = 1 0 0
  (1) pair sw, perpetual
      attributes: full, newton on
      pair build: full/bin/atomonly
      stencil: full/bin/3d
      bin: standard
Per MPI rank memory allocation (min/avg/max) = 2.958 | 2.958 | 2.958 Mbytes
   Step          Temp          E_pair         E_mol          TotEng         Press     
WARNING: Too many warnings: 225 vs 100. All future warnings will be suppressed (src/thermo.cpp:478)
         0   0             -34.520041      0             -34.520041     -5626.2646    
Loop time of 1.01e-06 on 1 procs for 0 steps with 8 atoms

99.0% CPU use with 1 MPI tasks x 1 OpenMP threads

MPI task timing breakdown:
Section |  min time  |  avg time  |  max time  |%varavg| %total
---------------------------------------------------------------
Pair    | 0          | 0          | 0          |   0.0 |  0.00
Neigh   | 0          | 0          | 0          |   0.0 |  0.00
Comm    | 0          | 0          | 0          |   0.0 |  0.00
Output  | 0          | 0          | 0          |   0.0 |  0.00
Modify  | 0          | 0          | 0          |   0.0 |  0.00
Other   |            | 1.01e-06   |            |       |100.00

Nlocal:              8 ave           8 max           8 min
Histogram: 1 0 0 0 0 0 0 0 0 0
Nghost:            226 ave         226 max         226 min
Histogram: 1 0 0 0 0 0 0 0 0 0
Neighs:              0 ave           0 max           0 min
Histogram: 1 0 0 0 0 0 0 0 0 0
FullNghs:          272 ave         272 max         272 min
Histogram: 1 0 0 0 0 0 0 0 0 0

Total # of neighbors = 272
Ave neighs/atom = 34
Neighbor list builds = 0
Dangerous builds = 0
next i
jump SELF loop_struct
clear
  using 1 OpenMP thread(s) per MPI task
log energies.log append
units metal
boundary p p p
atom_style atomic
read_data epoch60_${i}.in
read_data epoch60_226.in
Reading data file ...
  orthogonal box = (0 0 0) to (5.4437022 5.4437022 5.4437022)
  1 by 1 by 1 MPI processor grid
  reading atoms ...
  8 atoms
  reading velocities ...
  8 velocities
  read_data CPU = 0.001 seconds
mass 1 28.085
pair_style sw
pair_coeff * * Si.sw Si
Reading sw potential file Si.sw with DATE: 2007-06-11
run 0
Neighbor list info ...
  update: every = 1 steps, delay = 0 steps, check = yes
  max neighbors/atom: 2000, page size: 100000
  master list distance cutoff = 5.77118
  ghost atom cutoff = 5.77118
  binsize = 2.88559, bins = 2 2 2
  1 neighbor lists, perpetual/occasional/extra = 1 0 0
  (1) pair sw, perpetual
      attributes: full, newton on
      pair build: full/bin/atomonly
      stencil: full/bin/3d
      bin: standard
Per MPI rank memory allocation (min/avg/max) = 2.958 | 2.958 | 2.958 Mbytes
   Step          Temp          E_pair         E_mol          TotEng         Press     
WARNING: Too many warnings: 226 vs 100. All future warnings will be suppressed (src/thermo.cpp:478)
         0   0             -34.346422      0             -34.346422     -5739.4884    
Loop time of 1.02e-06 on 1 procs for 0 steps with 8 atoms

196.1% CPU use with 1 MPI tasks x 1 OpenMP threads

MPI task timing breakdown:
Section |  min time  |  avg time  |  max time  |%varavg| %total
---------------------------------------------------------------
Pair    | 0          | 0          | 0          |   0.0 |  0.00
Neigh   | 0          | 0          | 0          |   0.0 |  0.00
Comm    | 0          | 0          | 0          |   0.0 |  0.00
Output  | 0          | 0          | 0          |   0.0 |  0.00
Modify  | 0          | 0          | 0          |   0.0 |  0.00
Other   |            | 1.02e-06   |            |       |100.00

Nlocal:              8 ave           8 max           8 min
Histogram: 1 0 0 0 0 0 0 0 0 0
Nghost:            226 ave         226 max         226 min
Histogram: 1 0 0 0 0 0 0 0 0 0
Neighs:              0 ave           0 max           0 min
Histogram: 1 0 0 0 0 0 0 0 0 0
FullNghs:          274 ave         274 max         274 min
Histogram: 1 0 0 0 0 0 0 0 0 0

Total # of neighbors = 274
Ave neighs/atom = 34.25
Neighbor list builds = 0
Dangerous builds = 0
next i
jump SELF loop_struct
clear
  using 1 OpenMP thread(s) per MPI task
log energies.log append
units metal
boundary p p p
atom_style atomic
read_data epoch60_${i}.in
read_data epoch60_227.in
Reading data file ...
  orthogonal box = (0 0 0) to (5.4437022 5.4437022 5.4437022)
  1 by 1 by 1 MPI processor grid
  reading atoms ...
  8 atoms
  reading velocities ...
  8 velocities
  read_data CPU = 0.000 seconds
mass 1 28.085
pair_style sw
pair_coeff * * Si.sw Si
Reading sw potential file Si.sw with DATE: 2007-06-11
run 0
Neighbor list info ...
  update: every = 1 steps, delay = 0 steps, check = yes
  max neighbors/atom: 2000, page size: 100000
  master list distance cutoff = 5.77118
  ghost atom cutoff = 5.77118
  binsize = 2.88559, bins = 2 2 2
  1 neighbor lists, perpetual/occasional/extra = 1 0 0
  (1) pair sw, perpetual
      attributes: full, newton on
      pair build: full/bin/atomonly
      stencil: full/bin/3d
      bin: standard
Per MPI rank memory allocation (min/avg/max) = 2.958 | 2.958 | 2.958 Mbytes
   Step          Temp          E_pair         E_mol          TotEng         Press     
WARNING: Too many warnings: 227 vs 100. All future warnings will be suppressed (src/thermo.cpp:478)
         0   0             -34.385743      0             -34.385743     -5695.3907    
Loop time of 1e-06 on 1 procs for 0 steps with 8 atoms

100.0% CPU use with 1 MPI tasks x 1 OpenMP threads

MPI task timing breakdown:
Section |  min time  |  avg time  |  max time  |%varavg| %total
---------------------------------------------------------------
Pair    | 0          | 0          | 0          |   0.0 |  0.00
Neigh   | 0          | 0          | 0          |   0.0 |  0.00
Comm    | 0          | 0          | 0          |   0.0 |  0.00
Output  | 0          | 0          | 0          |   0.0 |  0.00
Modify  | 0          | 0          | 0          |   0.0 |  0.00
Other   |            | 1e-06      |            |       |100.00

Nlocal:              8 ave           8 max           8 min
Histogram: 1 0 0 0 0 0 0 0 0 0
Nghost:            244 ave         244 max         244 min
Histogram: 1 0 0 0 0 0 0 0 0 0
Neighs:              0 ave           0 max           0 min
Histogram: 1 0 0 0 0 0 0 0 0 0
FullNghs:          272 ave         272 max         272 min
Histogram: 1 0 0 0 0 0 0 0 0 0

Total # of neighbors = 272
Ave neighs/atom = 34
Neighbor list builds = 0
Dangerous builds = 0
next i
jump SELF loop_struct
clear
  using 1 OpenMP thread(s) per MPI task
log energies.log append
units metal
boundary p p p
atom_style atomic
read_data epoch60_${i}.in
read_data epoch60_228.in
Reading data file ...
  orthogonal box = (0 0 0) to (5.4437022 5.4437022 5.4437022)
  1 by 1 by 1 MPI processor grid
  reading atoms ...
  8 atoms
  reading velocities ...
  8 velocities
  read_data CPU = 0.000 seconds
mass 1 28.085
pair_style sw
pair_coeff * * Si.sw Si
Reading sw potential file Si.sw with DATE: 2007-06-11
run 0
Neighbor list info ...
  update: every = 1 steps, delay = 0 steps, check = yes
  max neighbors/atom: 2000, page size: 100000
  master list distance cutoff = 5.77118
  ghost atom cutoff = 5.77118
  binsize = 2.88559, bins = 2 2 2
  1 neighbor lists, perpetual/occasional/extra = 1 0 0
  (1) pair sw, perpetual
      attributes: full, newton on
      pair build: full/bin/atomonly
      stencil: full/bin/3d
      bin: standard
Per MPI rank memory allocation (min/avg/max) = 2.958 | 2.958 | 2.958 Mbytes
   Step          Temp          E_pair         E_mol          TotEng         Press     
WARNING: Too many warnings: 228 vs 100. All future warnings will be suppressed (src/thermo.cpp:478)
         0   0             -34.49339       0             -34.49339      -5866.299     
Loop time of 1.01e-06 on 1 procs for 0 steps with 8 atoms

99.0% CPU use with 1 MPI tasks x 1 OpenMP threads

MPI task timing breakdown:
Section |  min time  |  avg time  |  max time  |%varavg| %total
---------------------------------------------------------------
Pair    | 0          | 0          | 0          |   0.0 |  0.00
Neigh   | 0          | 0          | 0          |   0.0 |  0.00
Comm    | 0          | 0          | 0          |   0.0 |  0.00
Output  | 0          | 0          | 0          |   0.0 |  0.00
Modify  | 0          | 0          | 0          |   0.0 |  0.00
Other   |            | 1.01e-06   |            |       |100.00

Nlocal:              8 ave           8 max           8 min
Histogram: 1 0 0 0 0 0 0 0 0 0
Nghost:            226 ave         226 max         226 min
Histogram: 1 0 0 0 0 0 0 0 0 0
Neighs:              0 ave           0 max           0 min
Histogram: 1 0 0 0 0 0 0 0 0 0
FullNghs:          272 ave         272 max         272 min
Histogram: 1 0 0 0 0 0 0 0 0 0

Total # of neighbors = 272
Ave neighs/atom = 34
Neighbor list builds = 0
Dangerous builds = 0
next i
jump SELF loop_struct
clear
  using 1 OpenMP thread(s) per MPI task
log energies.log append
units metal
boundary p p p
atom_style atomic
read_data epoch60_${i}.in
read_data epoch60_229.in
Reading data file ...
  orthogonal box = (0 0 0) to (5.4437022 5.4437022 5.4437022)
  1 by 1 by 1 MPI processor grid
  reading atoms ...
  8 atoms
  reading velocities ...
  8 velocities
  read_data CPU = 0.001 seconds
mass 1 28.085
pair_style sw
pair_coeff * * Si.sw Si
Reading sw potential file Si.sw with DATE: 2007-06-11
run 0
Neighbor list info ...
  update: every = 1 steps, delay = 0 steps, check = yes
  max neighbors/atom: 2000, page size: 100000
  master list distance cutoff = 5.77118
  ghost atom cutoff = 5.77118
  binsize = 2.88559, bins = 2 2 2
  1 neighbor lists, perpetual/occasional/extra = 1 0 0
  (1) pair sw, perpetual
      attributes: full, newton on
      pair build: full/bin/atomonly
      stencil: full/bin/3d
      bin: standard
Per MPI rank memory allocation (min/avg/max) = 2.958 | 2.958 | 2.958 Mbytes
   Step          Temp          E_pair         E_mol          TotEng         Press     
WARNING: Too many warnings: 229 vs 100. All future warnings will be suppressed (src/thermo.cpp:478)
         0   0             -34.290301      0             -34.290301     -7658.9249    
Loop time of 1.01e-06 on 1 procs for 0 steps with 8 atoms

0.0% CPU use with 1 MPI tasks x 1 OpenMP threads

MPI task timing breakdown:
Section |  min time  |  avg time  |  max time  |%varavg| %total
---------------------------------------------------------------
Pair    | 0          | 0          | 0          |   0.0 |  0.00
Neigh   | 0          | 0          | 0          |   0.0 |  0.00
Comm    | 0          | 0          | 0          |   0.0 |  0.00
Output  | 0          | 0          | 0          |   0.0 |  0.00
Modify  | 0          | 0          | 0          |   0.0 |  0.00
Other   |            | 1.01e-06   |            |       |100.00

Nlocal:              8 ave           8 max           8 min
Histogram: 1 0 0 0 0 0 0 0 0 0
Nghost:            217 ave         217 max         217 min
Histogram: 1 0 0 0 0 0 0 0 0 0
Neighs:              0 ave           0 max           0 min
Histogram: 1 0 0 0 0 0 0 0 0 0
FullNghs:          274 ave         274 max         274 min
Histogram: 1 0 0 0 0 0 0 0 0 0

Total # of neighbors = 274
Ave neighs/atom = 34.25
Neighbor list builds = 0
Dangerous builds = 0
next i
jump SELF loop_struct
clear
  using 1 OpenMP thread(s) per MPI task
log energies.log append
units metal
boundary p p p
atom_style atomic
read_data epoch60_${i}.in
read_data epoch60_230.in
Reading data file ...
  orthogonal box = (0 0 0) to (5.4437022 5.4437022 5.4437022)
  1 by 1 by 1 MPI processor grid
  reading atoms ...
  8 atoms
  reading velocities ...
  8 velocities
  read_data CPU = 0.000 seconds
mass 1 28.085
pair_style sw
pair_coeff * * Si.sw Si
Reading sw potential file Si.sw with DATE: 2007-06-11
run 0
Neighbor list info ...
  update: every = 1 steps, delay = 0 steps, check = yes
  max neighbors/atom: 2000, page size: 100000
  master list distance cutoff = 5.77118
  ghost atom cutoff = 5.77118
  binsize = 2.88559, bins = 2 2 2
  1 neighbor lists, perpetual/occasional/extra = 1 0 0
  (1) pair sw, perpetual
      attributes: full, newton on
      pair build: full/bin/atomonly
      stencil: full/bin/3d
      bin: standard
Per MPI rank memory allocation (min/avg/max) = 2.958 | 2.958 | 2.958 Mbytes
   Step          Temp          E_pair         E_mol          TotEng         Press     
WARNING: Too many warnings: 230 vs 100. All future warnings will be suppressed (src/thermo.cpp:478)
         0   0             -33.590077      0             -33.590077     -13548.156    
Loop time of 9.9e-07 on 1 procs for 0 steps with 8 atoms

0.0% CPU use with 1 MPI tasks x 1 OpenMP threads

MPI task timing breakdown:
Section |  min time  |  avg time  |  max time  |%varavg| %total
---------------------------------------------------------------
Pair    | 0          | 0          | 0          |   0.0 |  0.00
Neigh   | 0          | 0          | 0          |   0.0 |  0.00
Comm    | 0          | 0          | 0          |   0.0 |  0.00
Output  | 0          | 0          | 0          |   0.0 |  0.00
Modify  | 0          | 0          | 0          |   0.0 |  0.00
Other   |            | 9.9e-07    |            |       |100.00

Nlocal:              8 ave           8 max           8 min
Histogram: 1 0 0 0 0 0 0 0 0 0
Nghost:            247 ave         247 max         247 min
Histogram: 1 0 0 0 0 0 0 0 0 0
Neighs:              0 ave           0 max           0 min
Histogram: 1 0 0 0 0 0 0 0 0 0
FullNghs:          284 ave         284 max         284 min
Histogram: 1 0 0 0 0 0 0 0 0 0

Total # of neighbors = 284
Ave neighs/atom = 35.5
Neighbor list builds = 0
Dangerous builds = 0
next i
jump SELF loop_struct
clear
  using 1 OpenMP thread(s) per MPI task
log energies.log append
units metal
boundary p p p
atom_style atomic
read_data epoch60_${i}.in
read_data epoch60_231.in
Reading data file ...
  orthogonal box = (0 0 0) to (5.4437022 5.4437022 5.4437022)
  1 by 1 by 1 MPI processor grid
  reading atoms ...
  8 atoms
  reading velocities ...
  8 velocities
  read_data CPU = 0.001 seconds
mass 1 28.085
pair_style sw
pair_coeff * * Si.sw Si
Reading sw potential file Si.sw with DATE: 2007-06-11
run 0
Neighbor list info ...
  update: every = 1 steps, delay = 0 steps, check = yes
  max neighbors/atom: 2000, page size: 100000
  master list distance cutoff = 5.77118
  ghost atom cutoff = 5.77118
  binsize = 2.88559, bins = 2 2 2
  1 neighbor lists, perpetual/occasional/extra = 1 0 0
  (1) pair sw, perpetual
      attributes: full, newton on
      pair build: full/bin/atomonly
      stencil: full/bin/3d
      bin: standard
Per MPI rank memory allocation (min/avg/max) = 2.958 | 2.958 | 2.958 Mbytes
   Step          Temp          E_pair         E_mol          TotEng         Press     
WARNING: Too many warnings: 231 vs 100. All future warnings will be suppressed (src/thermo.cpp:478)
         0   0             -34.430157      0             -34.430157     -5495.8663    
Loop time of 1e-06 on 1 procs for 0 steps with 8 atoms

0.0% CPU use with 1 MPI tasks x 1 OpenMP threads

MPI task timing breakdown:
Section |  min time  |  avg time  |  max time  |%varavg| %total
---------------------------------------------------------------
Pair    | 0          | 0          | 0          |   0.0 |  0.00
Neigh   | 0          | 0          | 0          |   0.0 |  0.00
Comm    | 0          | 0          | 0          |   0.0 |  0.00
Output  | 0          | 0          | 0          |   0.0 |  0.00
Modify  | 0          | 0          | 0          |   0.0 |  0.00
Other   |            | 1e-06      |            |       |100.00

Nlocal:              8 ave           8 max           8 min
Histogram: 1 0 0 0 0 0 0 0 0 0
Nghost:            235 ave         235 max         235 min
Histogram: 1 0 0 0 0 0 0 0 0 0
Neighs:              0 ave           0 max           0 min
Histogram: 1 0 0 0 0 0 0 0 0 0
FullNghs:          272 ave         272 max         272 min
Histogram: 1 0 0 0 0 0 0 0 0 0

Total # of neighbors = 272
Ave neighs/atom = 34
Neighbor list builds = 0
Dangerous builds = 0
next i
jump SELF loop_struct
clear
  using 1 OpenMP thread(s) per MPI task
log energies.log append
units metal
boundary p p p
atom_style atomic
read_data epoch60_${i}.in
read_data epoch60_232.in
Reading data file ...
  orthogonal box = (0 0 0) to (5.4437022 5.4437022 5.4437022)
  1 by 1 by 1 MPI processor grid
  reading atoms ...
  8 atoms
  reading velocities ...
  8 velocities
  read_data CPU = 0.000 seconds
mass 1 28.085
pair_style sw
pair_coeff * * Si.sw Si
Reading sw potential file Si.sw with DATE: 2007-06-11
run 0
Neighbor list info ...
  update: every = 1 steps, delay = 0 steps, check = yes
  max neighbors/atom: 2000, page size: 100000
  master list distance cutoff = 5.77118
  ghost atom cutoff = 5.77118
  binsize = 2.88559, bins = 2 2 2
  1 neighbor lists, perpetual/occasional/extra = 1 0 0
  (1) pair sw, perpetual
      attributes: full, newton on
      pair build: full/bin/atomonly
      stencil: full/bin/3d
      bin: standard
Per MPI rank memory allocation (min/avg/max) = 2.958 | 2.958 | 2.958 Mbytes
   Step          Temp          E_pair         E_mol          TotEng         Press     
WARNING: Too many warnings: 232 vs 100. All future warnings will be suppressed (src/thermo.cpp:478)
         0   0             -34.419031      0             -34.419031     -7247.9202    
Loop time of 1.03e-06 on 1 procs for 0 steps with 8 atoms

0.0% CPU use with 1 MPI tasks x 1 OpenMP threads

MPI task timing breakdown:
Section |  min time  |  avg time  |  max time  |%varavg| %total
---------------------------------------------------------------
Pair    | 0          | 0          | 0          |   0.0 |  0.00
Neigh   | 0          | 0          | 0          |   0.0 |  0.00
Comm    | 0          | 0          | 0          |   0.0 |  0.00
Output  | 0          | 0          | 0          |   0.0 |  0.00
Modify  | 0          | 0          | 0          |   0.0 |  0.00
Other   |            | 1.03e-06   |            |       |100.00

Nlocal:              8 ave           8 max           8 min
Histogram: 1 0 0 0 0 0 0 0 0 0
Nghost:            226 ave         226 max         226 min
Histogram: 1 0 0 0 0 0 0 0 0 0
Neighs:              0 ave           0 max           0 min
Histogram: 1 0 0 0 0 0 0 0 0 0
FullNghs:          272 ave         272 max         272 min
Histogram: 1 0 0 0 0 0 0 0 0 0

Total # of neighbors = 272
Ave neighs/atom = 34
Neighbor list builds = 0
Dangerous builds = 0
next i
jump SELF loop_struct
clear
  using 1 OpenMP thread(s) per MPI task
log energies.log append
units metal
boundary p p p
atom_style atomic
read_data epoch60_${i}.in
read_data epoch60_233.in
Reading data file ...
  orthogonal box = (0 0 0) to (5.4437022 5.4437022 5.4437022)
  1 by 1 by 1 MPI processor grid
  reading atoms ...
  8 atoms
  reading velocities ...
  8 velocities
  read_data CPU = 0.000 seconds
mass 1 28.085
pair_style sw
pair_coeff * * Si.sw Si
Reading sw potential file Si.sw with DATE: 2007-06-11
run 0
Neighbor list info ...
  update: every = 1 steps, delay = 0 steps, check = yes
  max neighbors/atom: 2000, page size: 100000
  master list distance cutoff = 5.77118
  ghost atom cutoff = 5.77118
  binsize = 2.88559, bins = 2 2 2
  1 neighbor lists, perpetual/occasional/extra = 1 0 0
  (1) pair sw, perpetual
      attributes: full, newton on
      pair build: full/bin/atomonly
      stencil: full/bin/3d
      bin: standard
Per MPI rank memory allocation (min/avg/max) = 2.958 | 2.958 | 2.958 Mbytes
   Step          Temp          E_pair         E_mol          TotEng         Press     
WARNING: Too many warnings: 233 vs 100. All future warnings will be suppressed (src/thermo.cpp:478)
         0   0             -34.142569      0             -34.142569     -5805.2641    
Loop time of 1e-06 on 1 procs for 0 steps with 8 atoms

0.0% CPU use with 1 MPI tasks x 1 OpenMP threads

MPI task timing breakdown:
Section |  min time  |  avg time  |  max time  |%varavg| %total
---------------------------------------------------------------
Pair    | 0          | 0          | 0          |   0.0 |  0.00
Neigh   | 0          | 0          | 0          |   0.0 |  0.00
Comm    | 0          | 0          | 0          |   0.0 |  0.00
Output  | 0          | 0          | 0          |   0.0 |  0.00
Modify  | 0          | 0          | 0          |   0.0 |  0.00
Other   |            | 1e-06      |            |       |100.00

Nlocal:              8 ave           8 max           8 min
Histogram: 1 0 0 0 0 0 0 0 0 0
Nghost:            226 ave         226 max         226 min
Histogram: 1 0 0 0 0 0 0 0 0 0
Neighs:              0 ave           0 max           0 min
Histogram: 1 0 0 0 0 0 0 0 0 0
FullNghs:          280 ave         280 max         280 min
Histogram: 1 0 0 0 0 0 0 0 0 0

Total # of neighbors = 280
Ave neighs/atom = 35
Neighbor list builds = 0
Dangerous builds = 0
next i
jump SELF loop_struct
clear
  using 1 OpenMP thread(s) per MPI task
log energies.log append
units metal
boundary p p p
atom_style atomic
read_data epoch60_${i}.in
read_data epoch60_234.in
Reading data file ...
  orthogonal box = (0 0 0) to (5.4437022 5.4437022 5.4437022)
  1 by 1 by 1 MPI processor grid
  reading atoms ...
  8 atoms
  reading velocities ...
  8 velocities
  read_data CPU = 0.000 seconds
mass 1 28.085
pair_style sw
pair_coeff * * Si.sw Si
Reading sw potential file Si.sw with DATE: 2007-06-11
run 0
Neighbor list info ...
  update: every = 1 steps, delay = 0 steps, check = yes
  max neighbors/atom: 2000, page size: 100000
  master list distance cutoff = 5.77118
  ghost atom cutoff = 5.77118
  binsize = 2.88559, bins = 2 2 2
  1 neighbor lists, perpetual/occasional/extra = 1 0 0
  (1) pair sw, perpetual
      attributes: full, newton on
      pair build: full/bin/atomonly
      stencil: full/bin/3d
      bin: standard
Per MPI rank memory allocation (min/avg/max) = 2.958 | 2.958 | 2.958 Mbytes
   Step          Temp          E_pair         E_mol          TotEng         Press     
WARNING: Too many warnings: 234 vs 100. All future warnings will be suppressed (src/thermo.cpp:478)
         0   0             -34.45257       0             -34.45257      -6903.2658    
Loop time of 1.03e-06 on 1 procs for 0 steps with 8 atoms

0.0% CPU use with 1 MPI tasks x 1 OpenMP threads

MPI task timing breakdown:
Section |  min time  |  avg time  |  max time  |%varavg| %total
---------------------------------------------------------------
Pair    | 0          | 0          | 0          |   0.0 |  0.00
Neigh   | 0          | 0          | 0          |   0.0 |  0.00
Comm    | 0          | 0          | 0          |   0.0 |  0.00
Output  | 0          | 0          | 0          |   0.0 |  0.00
Modify  | 0          | 0          | 0          |   0.0 |  0.00
Other   |            | 1.03e-06   |            |       |100.00

Nlocal:              8 ave           8 max           8 min
Histogram: 1 0 0 0 0 0 0 0 0 0
Nghost:            244 ave         244 max         244 min
Histogram: 1 0 0 0 0 0 0 0 0 0
Neighs:              0 ave           0 max           0 min
Histogram: 1 0 0 0 0 0 0 0 0 0
FullNghs:          272 ave         272 max         272 min
Histogram: 1 0 0 0 0 0 0 0 0 0

Total # of neighbors = 272
Ave neighs/atom = 34
Neighbor list builds = 0
Dangerous builds = 0
next i
jump SELF loop_struct
clear
  using 1 OpenMP thread(s) per MPI task
log energies.log append
units metal
boundary p p p
atom_style atomic
read_data epoch60_${i}.in
read_data epoch60_235.in
Reading data file ...
  orthogonal box = (0 0 0) to (5.4437022 5.4437022 5.4437022)
  1 by 1 by 1 MPI processor grid
  reading atoms ...
  8 atoms
  reading velocities ...
  8 velocities
  read_data CPU = 0.000 seconds
mass 1 28.085
pair_style sw
pair_coeff * * Si.sw Si
Reading sw potential file Si.sw with DATE: 2007-06-11
run 0
Neighbor list info ...
  update: every = 1 steps, delay = 0 steps, check = yes
  max neighbors/atom: 2000, page size: 100000
  master list distance cutoff = 5.77118
  ghost atom cutoff = 5.77118
  binsize = 2.88559, bins = 2 2 2
  1 neighbor lists, perpetual/occasional/extra = 1 0 0
  (1) pair sw, perpetual
      attributes: full, newton on
      pair build: full/bin/atomonly
      stencil: full/bin/3d
      bin: standard
Per MPI rank memory allocation (min/avg/max) = 2.958 | 2.958 | 2.958 Mbytes
   Step          Temp          E_pair         E_mol          TotEng         Press     
WARNING: Too many warnings: 235 vs 100. All future warnings will be suppressed (src/thermo.cpp:478)
         0   0             -34.298165      0             -34.298165     -5251.633     
Loop time of 1e-06 on 1 procs for 0 steps with 8 atoms

0.0% CPU use with 1 MPI tasks x 1 OpenMP threads

MPI task timing breakdown:
Section |  min time  |  avg time  |  max time  |%varavg| %total
---------------------------------------------------------------
Pair    | 0          | 0          | 0          |   0.0 |  0.00
Neigh   | 0          | 0          | 0          |   0.0 |  0.00
Comm    | 0          | 0          | 0          |   0.0 |  0.00
Output  | 0          | 0          | 0          |   0.0 |  0.00
Modify  | 0          | 0          | 0          |   0.0 |  0.00
Other   |            | 1e-06      |            |       |100.00

Nlocal:              8 ave           8 max           8 min
Histogram: 1 0 0 0 0 0 0 0 0 0
Nghost:            217 ave         217 max         217 min
Histogram: 1 0 0 0 0 0 0 0 0 0
Neighs:              0 ave           0 max           0 min
Histogram: 1 0 0 0 0 0 0 0 0 0
FullNghs:          276 ave         276 max         276 min
Histogram: 1 0 0 0 0 0 0 0 0 0

Total # of neighbors = 276
Ave neighs/atom = 34.5
Neighbor list builds = 0
Dangerous builds = 0
next i
jump SELF loop_struct
clear
  using 1 OpenMP thread(s) per MPI task
log energies.log append
units metal
boundary p p p
atom_style atomic
read_data epoch60_${i}.in
read_data epoch60_236.in
Reading data file ...
  orthogonal box = (0 0 0) to (5.4437022 5.4437022 5.4437022)
  1 by 1 by 1 MPI processor grid
  reading atoms ...
  8 atoms
  reading velocities ...
  8 velocities
  read_data CPU = 0.001 seconds
mass 1 28.085
pair_style sw
pair_coeff * * Si.sw Si
Reading sw potential file Si.sw with DATE: 2007-06-11
run 0
Neighbor list info ...
  update: every = 1 steps, delay = 0 steps, check = yes
  max neighbors/atom: 2000, page size: 100000
  master list distance cutoff = 5.77118
  ghost atom cutoff = 5.77118
  binsize = 2.88559, bins = 2 2 2
  1 neighbor lists, perpetual/occasional/extra = 1 0 0
  (1) pair sw, perpetual
      attributes: full, newton on
      pair build: full/bin/atomonly
      stencil: full/bin/3d
      bin: standard
Per MPI rank memory allocation (min/avg/max) = 2.958 | 2.958 | 2.958 Mbytes
   Step          Temp          E_pair         E_mol          TotEng         Press     
WARNING: Too many warnings: 236 vs 100. All future warnings will be suppressed (src/thermo.cpp:478)
         0   0             -34.410957      0             -34.410957     -5799.5105    
Loop time of 1e-06 on 1 procs for 0 steps with 8 atoms

0.0% CPU use with 1 MPI tasks x 1 OpenMP threads

MPI task timing breakdown:
Section |  min time  |  avg time  |  max time  |%varavg| %total
---------------------------------------------------------------
Pair    | 0          | 0          | 0          |   0.0 |  0.00
Neigh   | 0          | 0          | 0          |   0.0 |  0.00
Comm    | 0          | 0          | 0          |   0.0 |  0.00
Output  | 0          | 0          | 0          |   0.0 |  0.00
Modify  | 0          | 0          | 0          |   0.0 |  0.00
Other   |            | 1e-06      |            |       |100.00

Nlocal:              8 ave           8 max           8 min
Histogram: 1 0 0 0 0 0 0 0 0 0
Nghost:            208 ave         208 max         208 min
Histogram: 1 0 0 0 0 0 0 0 0 0
Neighs:              0 ave           0 max           0 min
Histogram: 1 0 0 0 0 0 0 0 0 0
FullNghs:          272 ave         272 max         272 min
Histogram: 1 0 0 0 0 0 0 0 0 0

Total # of neighbors = 272
Ave neighs/atom = 34
Neighbor list builds = 0
Dangerous builds = 0
next i
jump SELF loop_struct
clear
  using 1 OpenMP thread(s) per MPI task
log energies.log append
units metal
boundary p p p
atom_style atomic
read_data epoch60_${i}.in
read_data epoch60_237.in
Reading data file ...
  orthogonal box = (0 0 0) to (5.4437022 5.4437022 5.4437022)
  1 by 1 by 1 MPI processor grid
  reading atoms ...
  8 atoms
  reading velocities ...
  8 velocities
  read_data CPU = 0.000 seconds
mass 1 28.085
pair_style sw
pair_coeff * * Si.sw Si
Reading sw potential file Si.sw with DATE: 2007-06-11
run 0
Neighbor list info ...
  update: every = 1 steps, delay = 0 steps, check = yes
  max neighbors/atom: 2000, page size: 100000
  master list distance cutoff = 5.77118
  ghost atom cutoff = 5.77118
  binsize = 2.88559, bins = 2 2 2
  1 neighbor lists, perpetual/occasional/extra = 1 0 0
  (1) pair sw, perpetual
      attributes: full, newton on
      pair build: full/bin/atomonly
      stencil: full/bin/3d
      bin: standard
Per MPI rank memory allocation (min/avg/max) = 2.958 | 2.958 | 2.958 Mbytes
   Step          Temp          E_pair         E_mol          TotEng         Press     
WARNING: Too many warnings: 237 vs 100. All future warnings will be suppressed (src/thermo.cpp:478)
         0   0             -34.283324      0             -34.283324     -7013.6865    
Loop time of 1.01e-06 on 1 procs for 0 steps with 8 atoms

99.0% CPU use with 1 MPI tasks x 1 OpenMP threads

MPI task timing breakdown:
Section |  min time  |  avg time  |  max time  |%varavg| %total
---------------------------------------------------------------
Pair    | 0          | 0          | 0          |   0.0 |  0.00
Neigh   | 0          | 0          | 0          |   0.0 |  0.00
Comm    | 0          | 0          | 0          |   0.0 |  0.00
Output  | 0          | 0          | 0          |   0.0 |  0.00
Modify  | 0          | 0          | 0          |   0.0 |  0.00
Other   |            | 1.01e-06   |            |       |100.00

Nlocal:              8 ave           8 max           8 min
Histogram: 1 0 0 0 0 0 0 0 0 0
Nghost:            217 ave         217 max         217 min
Histogram: 1 0 0 0 0 0 0 0 0 0
Neighs:              0 ave           0 max           0 min
Histogram: 1 0 0 0 0 0 0 0 0 0
FullNghs:          276 ave         276 max         276 min
Histogram: 1 0 0 0 0 0 0 0 0 0

Total # of neighbors = 276
Ave neighs/atom = 34.5
Neighbor list builds = 0
Dangerous builds = 0
next i
jump SELF loop_struct
clear
  using 1 OpenMP thread(s) per MPI task
log energies.log append
units metal
boundary p p p
atom_style atomic
read_data epoch60_${i}.in
read_data epoch60_238.in
Reading data file ...
  orthogonal box = (0 0 0) to (5.4437022 5.4437022 5.4437022)
  1 by 1 by 1 MPI processor grid
  reading atoms ...
  8 atoms
  reading velocities ...
  8 velocities
  read_data CPU = 0.000 seconds
mass 1 28.085
pair_style sw
pair_coeff * * Si.sw Si
Reading sw potential file Si.sw with DATE: 2007-06-11
run 0
Neighbor list info ...
  update: every = 1 steps, delay = 0 steps, check = yes
  max neighbors/atom: 2000, page size: 100000
  master list distance cutoff = 5.77118
  ghost atom cutoff = 5.77118
  binsize = 2.88559, bins = 2 2 2
  1 neighbor lists, perpetual/occasional/extra = 1 0 0
  (1) pair sw, perpetual
      attributes: full, newton on
      pair build: full/bin/atomonly
      stencil: full/bin/3d
      bin: standard
Per MPI rank memory allocation (min/avg/max) = 2.958 | 2.958 | 2.958 Mbytes
   Step          Temp          E_pair         E_mol          TotEng         Press     
WARNING: Too many warnings: 238 vs 100. All future warnings will be suppressed (src/thermo.cpp:478)
         0   0             -34.453699      0             -34.453699     -5942.0299    
Loop time of 1e-06 on 1 procs for 0 steps with 8 atoms

0.0% CPU use with 1 MPI tasks x 1 OpenMP threads

MPI task timing breakdown:
Section |  min time  |  avg time  |  max time  |%varavg| %total
---------------------------------------------------------------
Pair    | 0          | 0          | 0          |   0.0 |  0.00
Neigh   | 0          | 0          | 0          |   0.0 |  0.00
Comm    | 0          | 0          | 0          |   0.0 |  0.00
Output  | 0          | 0          | 0          |   0.0 |  0.00
Modify  | 0          | 0          | 0          |   0.0 |  0.00
Other   |            | 1e-06      |            |       |100.00

Nlocal:              8 ave           8 max           8 min
Histogram: 1 0 0 0 0 0 0 0 0 0
Nghost:            208 ave         208 max         208 min
Histogram: 1 0 0 0 0 0 0 0 0 0
Neighs:              0 ave           0 max           0 min
Histogram: 1 0 0 0 0 0 0 0 0 0
FullNghs:          272 ave         272 max         272 min
Histogram: 1 0 0 0 0 0 0 0 0 0

Total # of neighbors = 272
Ave neighs/atom = 34
Neighbor list builds = 0
Dangerous builds = 0
next i
jump SELF loop_struct
clear
  using 1 OpenMP thread(s) per MPI task
log energies.log append
units metal
boundary p p p
atom_style atomic
read_data epoch60_${i}.in
read_data epoch60_239.in
Reading data file ...
  orthogonal box = (0 0 0) to (5.4437022 5.4437022 5.4437022)
  1 by 1 by 1 MPI processor grid
  reading atoms ...
  8 atoms
  reading velocities ...
  8 velocities
  read_data CPU = 0.001 seconds
mass 1 28.085
pair_style sw
pair_coeff * * Si.sw Si
Reading sw potential file Si.sw with DATE: 2007-06-11
run 0
Neighbor list info ...
  update: every = 1 steps, delay = 0 steps, check = yes
  max neighbors/atom: 2000, page size: 100000
  master list distance cutoff = 5.77118
  ghost atom cutoff = 5.77118
  binsize = 2.88559, bins = 2 2 2
  1 neighbor lists, perpetual/occasional/extra = 1 0 0
  (1) pair sw, perpetual
      attributes: full, newton on
      pair build: full/bin/atomonly
      stencil: full/bin/3d
      bin: standard
Per MPI rank memory allocation (min/avg/max) = 2.958 | 2.958 | 2.958 Mbytes
   Step          Temp          E_pair         E_mol          TotEng         Press     
WARNING: Too many warnings: 239 vs 100. All future warnings will be suppressed (src/thermo.cpp:478)
         0   0             -34.487018      0             -34.487018     -6737.3348    
Loop time of 1.12e-06 on 1 procs for 0 steps with 8 atoms

89.3% CPU use with 1 MPI tasks x 1 OpenMP threads

MPI task timing breakdown:
Section |  min time  |  avg time  |  max time  |%varavg| %total
---------------------------------------------------------------
Pair    | 0          | 0          | 0          |   0.0 |  0.00
Neigh   | 0          | 0          | 0          |   0.0 |  0.00
Comm    | 0          | 0          | 0          |   0.0 |  0.00
Output  | 0          | 0          | 0          |   0.0 |  0.00
Modify  | 0          | 0          | 0          |   0.0 |  0.00
Other   |            | 1.12e-06   |            |       |100.00

Nlocal:              8 ave           8 max           8 min
Histogram: 1 0 0 0 0 0 0 0 0 0
Nghost:            226 ave         226 max         226 min
Histogram: 1 0 0 0 0 0 0 0 0 0
Neighs:              0 ave           0 max           0 min
Histogram: 1 0 0 0 0 0 0 0 0 0
FullNghs:          272 ave         272 max         272 min
Histogram: 1 0 0 0 0 0 0 0 0 0

Total # of neighbors = 272
Ave neighs/atom = 34
Neighbor list builds = 0
Dangerous builds = 0
next i
jump SELF loop_struct
clear
  using 1 OpenMP thread(s) per MPI task
log energies.log append
units metal
boundary p p p
atom_style atomic
read_data epoch60_${i}.in
read_data epoch60_240.in
Reading data file ...
  orthogonal box = (0 0 0) to (5.4437022 5.4437022 5.4437022)
  1 by 1 by 1 MPI processor grid
  reading atoms ...
  8 atoms
  reading velocities ...
  8 velocities
  read_data CPU = 0.000 seconds
mass 1 28.085
pair_style sw
pair_coeff * * Si.sw Si
Reading sw potential file Si.sw with DATE: 2007-06-11
run 0
Neighbor list info ...
  update: every = 1 steps, delay = 0 steps, check = yes
  max neighbors/atom: 2000, page size: 100000
  master list distance cutoff = 5.77118
  ghost atom cutoff = 5.77118
  binsize = 2.88559, bins = 2 2 2
  1 neighbor lists, perpetual/occasional/extra = 1 0 0
  (1) pair sw, perpetual
      attributes: full, newton on
      pair build: full/bin/atomonly
      stencil: full/bin/3d
      bin: standard
Per MPI rank memory allocation (min/avg/max) = 2.958 | 2.958 | 2.958 Mbytes
   Step          Temp          E_pair         E_mol          TotEng         Press     
WARNING: Too many warnings: 240 vs 100. All future warnings will be suppressed (src/thermo.cpp:478)
         0   0             -34.489978      0             -34.489978     -5613.3585    
Loop time of 1.04e-06 on 1 procs for 0 steps with 8 atoms

0.0% CPU use with 1 MPI tasks x 1 OpenMP threads

MPI task timing breakdown:
Section |  min time  |  avg time  |  max time  |%varavg| %total
---------------------------------------------------------------
Pair    | 0          | 0          | 0          |   0.0 |  0.00
Neigh   | 0          | 0          | 0          |   0.0 |  0.00
Comm    | 0          | 0          | 0          |   0.0 |  0.00
Output  | 0          | 0          | 0          |   0.0 |  0.00
Modify  | 0          | 0          | 0          |   0.0 |  0.00
Other   |            | 1.04e-06   |            |       |100.00

Nlocal:              8 ave           8 max           8 min
Histogram: 1 0 0 0 0 0 0 0 0 0
Nghost:            226 ave         226 max         226 min
Histogram: 1 0 0 0 0 0 0 0 0 0
Neighs:              0 ave           0 max           0 min
Histogram: 1 0 0 0 0 0 0 0 0 0
FullNghs:          272 ave         272 max         272 min
Histogram: 1 0 0 0 0 0 0 0 0 0

Total # of neighbors = 272
Ave neighs/atom = 34
Neighbor list builds = 0
Dangerous builds = 0
next i
jump SELF loop_struct
clear
  using 1 OpenMP thread(s) per MPI task
log energies.log append
units metal
boundary p p p
atom_style atomic
read_data epoch60_${i}.in
read_data epoch60_241.in
Reading data file ...
  orthogonal box = (0 0 0) to (5.4437022 5.4437022 5.4437022)
  1 by 1 by 1 MPI processor grid
  reading atoms ...
  8 atoms
  reading velocities ...
  8 velocities
  read_data CPU = 0.000 seconds
mass 1 28.085
pair_style sw
pair_coeff * * Si.sw Si
Reading sw potential file Si.sw with DATE: 2007-06-11
run 0
Neighbor list info ...
  update: every = 1 steps, delay = 0 steps, check = yes
  max neighbors/atom: 2000, page size: 100000
  master list distance cutoff = 5.77118
  ghost atom cutoff = 5.77118
  binsize = 2.88559, bins = 2 2 2
  1 neighbor lists, perpetual/occasional/extra = 1 0 0
  (1) pair sw, perpetual
      attributes: full, newton on
      pair build: full/bin/atomonly
      stencil: full/bin/3d
      bin: standard
Per MPI rank memory allocation (min/avg/max) = 2.958 | 2.958 | 2.958 Mbytes
   Step          Temp          E_pair         E_mol          TotEng         Press     
WARNING: Too many warnings: 241 vs 100. All future warnings will be suppressed (src/thermo.cpp:478)
         0   0             -34.463302      0             -34.463302     -6079.5172    
Loop time of 1.06e-06 on 1 procs for 0 steps with 8 atoms

0.0% CPU use with 1 MPI tasks x 1 OpenMP threads

MPI task timing breakdown:
Section |  min time  |  avg time  |  max time  |%varavg| %total
---------------------------------------------------------------
Pair    | 0          | 0          | 0          |   0.0 |  0.00
Neigh   | 0          | 0          | 0          |   0.0 |  0.00
Comm    | 0          | 0          | 0          |   0.0 |  0.00
Output  | 0          | 0          | 0          |   0.0 |  0.00
Modify  | 0          | 0          | 0          |   0.0 |  0.00
Other   |            | 1.06e-06   |            |       |100.00

Nlocal:              8 ave           8 max           8 min
Histogram: 1 0 0 0 0 0 0 0 0 0
Nghost:            247 ave         247 max         247 min
Histogram: 1 0 0 0 0 0 0 0 0 0
Neighs:              0 ave           0 max           0 min
Histogram: 1 0 0 0 0 0 0 0 0 0
FullNghs:          274 ave         274 max         274 min
Histogram: 1 0 0 0 0 0 0 0 0 0

Total # of neighbors = 274
Ave neighs/atom = 34.25
Neighbor list builds = 0
Dangerous builds = 0
next i
jump SELF loop_struct
clear
  using 1 OpenMP thread(s) per MPI task
log energies.log append
units metal
boundary p p p
atom_style atomic
read_data epoch60_${i}.in
read_data epoch60_242.in
Reading data file ...
  orthogonal box = (0 0 0) to (5.4437022 5.4437022 5.4437022)
  1 by 1 by 1 MPI processor grid
  reading atoms ...
  8 atoms
  reading velocities ...
  8 velocities
  read_data CPU = 0.000 seconds
mass 1 28.085
pair_style sw
pair_coeff * * Si.sw Si
Reading sw potential file Si.sw with DATE: 2007-06-11
run 0
Neighbor list info ...
  update: every = 1 steps, delay = 0 steps, check = yes
  max neighbors/atom: 2000, page size: 100000
  master list distance cutoff = 5.77118
  ghost atom cutoff = 5.77118
  binsize = 2.88559, bins = 2 2 2
  1 neighbor lists, perpetual/occasional/extra = 1 0 0
  (1) pair sw, perpetual
      attributes: full, newton on
      pair build: full/bin/atomonly
      stencil: full/bin/3d
      bin: standard
Per MPI rank memory allocation (min/avg/max) = 2.958 | 2.958 | 2.958 Mbytes
   Step          Temp          E_pair         E_mol          TotEng         Press     
WARNING: Too many warnings: 242 vs 100. All future warnings will be suppressed (src/thermo.cpp:478)
         0   0             -34.337117      0             -34.337117     -6888.5844    
Loop time of 1.19e-06 on 1 procs for 0 steps with 8 atoms

0.0% CPU use with 1 MPI tasks x 1 OpenMP threads

MPI task timing breakdown:
Section |  min time  |  avg time  |  max time  |%varavg| %total
---------------------------------------------------------------
Pair    | 0          | 0          | 0          |   0.0 |  0.00
Neigh   | 0          | 0          | 0          |   0.0 |  0.00
Comm    | 0          | 0          | 0          |   0.0 |  0.00
Output  | 0          | 0          | 0          |   0.0 |  0.00
Modify  | 0          | 0          | 0          |   0.0 |  0.00
Other   |            | 1.19e-06   |            |       |100.00

Nlocal:              8 ave           8 max           8 min
Histogram: 1 0 0 0 0 0 0 0 0 0
Nghost:            247 ave         247 max         247 min
Histogram: 1 0 0 0 0 0 0 0 0 0
Neighs:              0 ave           0 max           0 min
Histogram: 1 0 0 0 0 0 0 0 0 0
FullNghs:          276 ave         276 max         276 min
Histogram: 1 0 0 0 0 0 0 0 0 0

Total # of neighbors = 276
Ave neighs/atom = 34.5
Neighbor list builds = 0
Dangerous builds = 0
next i
jump SELF loop_struct
clear
  using 1 OpenMP thread(s) per MPI task
log energies.log append
units metal
boundary p p p
atom_style atomic
read_data epoch60_${i}.in
read_data epoch60_243.in
Reading data file ...
  orthogonal box = (0 0 0) to (5.4437022 5.4437022 5.4437022)
  1 by 1 by 1 MPI processor grid
  reading atoms ...
  8 atoms
  reading velocities ...
  8 velocities
  read_data CPU = 0.000 seconds
mass 1 28.085
pair_style sw
pair_coeff * * Si.sw Si
Reading sw potential file Si.sw with DATE: 2007-06-11
run 0
Neighbor list info ...
  update: every = 1 steps, delay = 0 steps, check = yes
  max neighbors/atom: 2000, page size: 100000
  master list distance cutoff = 5.77118
  ghost atom cutoff = 5.77118
  binsize = 2.88559, bins = 2 2 2
  1 neighbor lists, perpetual/occasional/extra = 1 0 0
  (1) pair sw, perpetual
      attributes: full, newton on
      pair build: full/bin/atomonly
      stencil: full/bin/3d
      bin: standard
Per MPI rank memory allocation (min/avg/max) = 2.958 | 2.958 | 2.958 Mbytes
   Step          Temp          E_pair         E_mol          TotEng         Press     
WARNING: Too many warnings: 243 vs 100. All future warnings will be suppressed (src/thermo.cpp:478)
         0   0             -34.310454      0             -34.310454     -6496.6646    
Loop time of 1e-06 on 1 procs for 0 steps with 8 atoms

0.0% CPU use with 1 MPI tasks x 1 OpenMP threads

MPI task timing breakdown:
Section |  min time  |  avg time  |  max time  |%varavg| %total
---------------------------------------------------------------
Pair    | 0          | 0          | 0          |   0.0 |  0.00
Neigh   | 0          | 0          | 0          |   0.0 |  0.00
Comm    | 0          | 0          | 0          |   0.0 |  0.00
Output  | 0          | 0          | 0          |   0.0 |  0.00
Modify  | 0          | 0          | 0          |   0.0 |  0.00
Other   |            | 1e-06      |            |       |100.00

Nlocal:              8 ave           8 max           8 min
Histogram: 1 0 0 0 0 0 0 0 0 0
Nghost:            256 ave         256 max         256 min
Histogram: 1 0 0 0 0 0 0 0 0 0
Neighs:              0 ave           0 max           0 min
Histogram: 1 0 0 0 0 0 0 0 0 0
FullNghs:          272 ave         272 max         272 min
Histogram: 1 0 0 0 0 0 0 0 0 0

Total # of neighbors = 272
Ave neighs/atom = 34
Neighbor list builds = 0
Dangerous builds = 0
next i
jump SELF loop_struct
clear
  using 1 OpenMP thread(s) per MPI task
log energies.log append
units metal
boundary p p p
atom_style atomic
read_data epoch60_${i}.in
read_data epoch60_244.in
Reading data file ...
  orthogonal box = (0 0 0) to (5.4437022 5.4437022 5.4437022)
  1 by 1 by 1 MPI processor grid
  reading atoms ...
  8 atoms
  reading velocities ...
  8 velocities
  read_data CPU = 0.000 seconds
mass 1 28.085
pair_style sw
pair_coeff * * Si.sw Si
Reading sw potential file Si.sw with DATE: 2007-06-11
run 0
Neighbor list info ...
  update: every = 1 steps, delay = 0 steps, check = yes
  max neighbors/atom: 2000, page size: 100000
  master list distance cutoff = 5.77118
  ghost atom cutoff = 5.77118
  binsize = 2.88559, bins = 2 2 2
  1 neighbor lists, perpetual/occasional/extra = 1 0 0
  (1) pair sw, perpetual
      attributes: full, newton on
      pair build: full/bin/atomonly
      stencil: full/bin/3d
      bin: standard
Per MPI rank memory allocation (min/avg/max) = 2.958 | 2.958 | 2.958 Mbytes
   Step          Temp          E_pair         E_mol          TotEng         Press     
WARNING: Too many warnings: 244 vs 100. All future warnings will be suppressed (src/thermo.cpp:478)
         0   0             -34.456981      0             -34.456981     -7019.5958    
Loop time of 1.02e-06 on 1 procs for 0 steps with 8 atoms

98.0% CPU use with 1 MPI tasks x 1 OpenMP threads

MPI task timing breakdown:
Section |  min time  |  avg time  |  max time  |%varavg| %total
---------------------------------------------------------------
Pair    | 0          | 0          | 0          |   0.0 |  0.00
Neigh   | 0          | 0          | 0          |   0.0 |  0.00
Comm    | 0          | 0          | 0          |   0.0 |  0.00
Output  | 0          | 0          | 0          |   0.0 |  0.00
Modify  | 0          | 0          | 0          |   0.0 |  0.00
Other   |            | 1.02e-06   |            |       |100.00

Nlocal:              8 ave           8 max           8 min
Histogram: 1 0 0 0 0 0 0 0 0 0
Nghost:            244 ave         244 max         244 min
Histogram: 1 0 0 0 0 0 0 0 0 0
Neighs:              0 ave           0 max           0 min
Histogram: 1 0 0 0 0 0 0 0 0 0
FullNghs:          272 ave         272 max         272 min
Histogram: 1 0 0 0 0 0 0 0 0 0

Total # of neighbors = 272
Ave neighs/atom = 34
Neighbor list builds = 0
Dangerous builds = 0
next i
jump SELF loop_struct
clear
  using 1 OpenMP thread(s) per MPI task
log energies.log append
units metal
boundary p p p
atom_style atomic
read_data epoch60_${i}.in
read_data epoch60_245.in
Reading data file ...
  orthogonal box = (0 0 0) to (5.4437022 5.4437022 5.4437022)
  1 by 1 by 1 MPI processor grid
  reading atoms ...
  8 atoms
  reading velocities ...
  8 velocities
  read_data CPU = 0.001 seconds
mass 1 28.085
pair_style sw
pair_coeff * * Si.sw Si
Reading sw potential file Si.sw with DATE: 2007-06-11
run 0
Neighbor list info ...
  update: every = 1 steps, delay = 0 steps, check = yes
  max neighbors/atom: 2000, page size: 100000
  master list distance cutoff = 5.77118
  ghost atom cutoff = 5.77118
  binsize = 2.88559, bins = 2 2 2
  1 neighbor lists, perpetual/occasional/extra = 1 0 0
  (1) pair sw, perpetual
      attributes: full, newton on
      pair build: full/bin/atomonly
      stencil: full/bin/3d
      bin: standard
Per MPI rank memory allocation (min/avg/max) = 2.958 | 2.958 | 2.958 Mbytes
   Step          Temp          E_pair         E_mol          TotEng         Press     
WARNING: Too many warnings: 245 vs 100. All future warnings will be suppressed (src/thermo.cpp:478)
         0   0             -34.222704      0             -34.222704     -3651.3693    
Loop time of 1e-06 on 1 procs for 0 steps with 8 atoms

0.0% CPU use with 1 MPI tasks x 1 OpenMP threads

MPI task timing breakdown:
Section |  min time  |  avg time  |  max time  |%varavg| %total
---------------------------------------------------------------
Pair    | 0          | 0          | 0          |   0.0 |  0.00
Neigh   | 0          | 0          | 0          |   0.0 |  0.00
Comm    | 0          | 0          | 0          |   0.0 |  0.00
Output  | 0          | 0          | 0          |   0.0 |  0.00
Modify  | 0          | 0          | 0          |   0.0 |  0.00
Other   |            | 1e-06      |            |       |100.00

Nlocal:              8 ave           8 max           8 min
Histogram: 1 0 0 0 0 0 0 0 0 0
Nghost:            226 ave         226 max         226 min
Histogram: 1 0 0 0 0 0 0 0 0 0
Neighs:              0 ave           0 max           0 min
Histogram: 1 0 0 0 0 0 0 0 0 0
FullNghs:          272 ave         272 max         272 min
Histogram: 1 0 0 0 0 0 0 0 0 0

Total # of neighbors = 272
Ave neighs/atom = 34
Neighbor list builds = 0
Dangerous builds = 0
next i
jump SELF loop_struct
clear
  using 1 OpenMP thread(s) per MPI task
log energies.log append
units metal
boundary p p p
atom_style atomic
read_data epoch60_${i}.in
read_data epoch60_246.in
Reading data file ...
  orthogonal box = (0 0 0) to (5.4437022 5.4437022 5.4437022)
  1 by 1 by 1 MPI processor grid
  reading atoms ...
  8 atoms
  reading velocities ...
  8 velocities
  read_data CPU = 0.000 seconds
mass 1 28.085
pair_style sw
pair_coeff * * Si.sw Si
Reading sw potential file Si.sw with DATE: 2007-06-11
run 0
Neighbor list info ...
  update: every = 1 steps, delay = 0 steps, check = yes
  max neighbors/atom: 2000, page size: 100000
  master list distance cutoff = 5.77118
  ghost atom cutoff = 5.77118
  binsize = 2.88559, bins = 2 2 2
  1 neighbor lists, perpetual/occasional/extra = 1 0 0
  (1) pair sw, perpetual
      attributes: full, newton on
      pair build: full/bin/atomonly
      stencil: full/bin/3d
      bin: standard
Per MPI rank memory allocation (min/avg/max) = 2.958 | 2.958 | 2.958 Mbytes
   Step          Temp          E_pair         E_mol          TotEng         Press     
WARNING: Too many warnings: 246 vs 100. All future warnings will be suppressed (src/thermo.cpp:478)
         0   0             -34.510912      0             -34.510912     -7627.0646    
Loop time of 1e-06 on 1 procs for 0 steps with 8 atoms

0.0% CPU use with 1 MPI tasks x 1 OpenMP threads

MPI task timing breakdown:
Section |  min time  |  avg time  |  max time  |%varavg| %total
---------------------------------------------------------------
Pair    | 0          | 0          | 0          |   0.0 |  0.00
Neigh   | 0          | 0          | 0          |   0.0 |  0.00
Comm    | 0          | 0          | 0          |   0.0 |  0.00
Output  | 0          | 0          | 0          |   0.0 |  0.00
Modify  | 0          | 0          | 0          |   0.0 |  0.00
Other   |            | 1e-06      |            |       |100.00

Nlocal:              8 ave           8 max           8 min
Histogram: 1 0 0 0 0 0 0 0 0 0
Nghost:            244 ave         244 max         244 min
Histogram: 1 0 0 0 0 0 0 0 0 0
Neighs:              0 ave           0 max           0 min
Histogram: 1 0 0 0 0 0 0 0 0 0
FullNghs:          272 ave         272 max         272 min
Histogram: 1 0 0 0 0 0 0 0 0 0

Total # of neighbors = 272
Ave neighs/atom = 34
Neighbor list builds = 0
Dangerous builds = 0
next i
jump SELF loop_struct
clear
  using 1 OpenMP thread(s) per MPI task
log energies.log append
units metal
boundary p p p
atom_style atomic
read_data epoch60_${i}.in
read_data epoch60_247.in
Reading data file ...
  orthogonal box = (0 0 0) to (5.4437022 5.4437022 5.4437022)
  1 by 1 by 1 MPI processor grid
  reading atoms ...
  8 atoms
  reading velocities ...
  8 velocities
  read_data CPU = 0.000 seconds
mass 1 28.085
pair_style sw
pair_coeff * * Si.sw Si
Reading sw potential file Si.sw with DATE: 2007-06-11
run 0
Neighbor list info ...
  update: every = 1 steps, delay = 0 steps, check = yes
  max neighbors/atom: 2000, page size: 100000
  master list distance cutoff = 5.77118
  ghost atom cutoff = 5.77118
  binsize = 2.88559, bins = 2 2 2
  1 neighbor lists, perpetual/occasional/extra = 1 0 0
  (1) pair sw, perpetual
      attributes: full, newton on
      pair build: full/bin/atomonly
      stencil: full/bin/3d
      bin: standard
Per MPI rank memory allocation (min/avg/max) = 2.958 | 2.958 | 2.958 Mbytes
   Step          Temp          E_pair         E_mol          TotEng         Press     
WARNING: Too many warnings: 247 vs 100. All future warnings will be suppressed (src/thermo.cpp:478)
         0   0             -34.377164      0             -34.377164     -6018.6428    
Loop time of 1.04e-06 on 1 procs for 0 steps with 8 atoms

0.0% CPU use with 1 MPI tasks x 1 OpenMP threads

MPI task timing breakdown:
Section |  min time  |  avg time  |  max time  |%varavg| %total
---------------------------------------------------------------
Pair    | 0          | 0          | 0          |   0.0 |  0.00
Neigh   | 0          | 0          | 0          |   0.0 |  0.00
Comm    | 0          | 0          | 0          |   0.0 |  0.00
Output  | 0          | 0          | 0          |   0.0 |  0.00
Modify  | 0          | 0          | 0          |   0.0 |  0.00
Other   |            | 1.04e-06   |            |       |100.00

Nlocal:              8 ave           8 max           8 min
Histogram: 1 0 0 0 0 0 0 0 0 0
Nghost:            226 ave         226 max         226 min
Histogram: 1 0 0 0 0 0 0 0 0 0
Neighs:              0 ave           0 max           0 min
Histogram: 1 0 0 0 0 0 0 0 0 0
FullNghs:          274 ave         274 max         274 min
Histogram: 1 0 0 0 0 0 0 0 0 0

Total # of neighbors = 274
Ave neighs/atom = 34.25
Neighbor list builds = 0
Dangerous builds = 0
next i
jump SELF loop_struct
clear
  using 1 OpenMP thread(s) per MPI task
log energies.log append
units metal
boundary p p p
atom_style atomic
read_data epoch60_${i}.in
read_data epoch60_248.in
Reading data file ...
  orthogonal box = (0 0 0) to (5.4437022 5.4437022 5.4437022)
  1 by 1 by 1 MPI processor grid
  reading atoms ...
  8 atoms
  reading velocities ...
  8 velocities
  read_data CPU = 0.001 seconds
mass 1 28.085
pair_style sw
pair_coeff * * Si.sw Si
Reading sw potential file Si.sw with DATE: 2007-06-11
run 0
Neighbor list info ...
  update: every = 1 steps, delay = 0 steps, check = yes
  max neighbors/atom: 2000, page size: 100000
  master list distance cutoff = 5.77118
  ghost atom cutoff = 5.77118
  binsize = 2.88559, bins = 2 2 2
  1 neighbor lists, perpetual/occasional/extra = 1 0 0
  (1) pair sw, perpetual
      attributes: full, newton on
      pair build: full/bin/atomonly
      stencil: full/bin/3d
      bin: standard
Per MPI rank memory allocation (min/avg/max) = 2.958 | 2.958 | 2.958 Mbytes
   Step          Temp          E_pair         E_mol          TotEng         Press     
WARNING: Too many warnings: 248 vs 100. All future warnings will be suppressed (src/thermo.cpp:478)
         0   0             -34.554138      0             -34.554138     -6644.3719    
Loop time of 1.01e-06 on 1 procs for 0 steps with 8 atoms

0.0% CPU use with 1 MPI tasks x 1 OpenMP threads

MPI task timing breakdown:
Section |  min time  |  avg time  |  max time  |%varavg| %total
---------------------------------------------------------------
Pair    | 0          | 0          | 0          |   0.0 |  0.00
Neigh   | 0          | 0          | 0          |   0.0 |  0.00
Comm    | 0          | 0          | 0          |   0.0 |  0.00
Output  | 0          | 0          | 0          |   0.0 |  0.00
Modify  | 0          | 0          | 0          |   0.0 |  0.00
Other   |            | 1.01e-06   |            |       |100.00

Nlocal:              8 ave           8 max           8 min
Histogram: 1 0 0 0 0 0 0 0 0 0
Nghost:            226 ave         226 max         226 min
Histogram: 1 0 0 0 0 0 0 0 0 0
Neighs:              0 ave           0 max           0 min
Histogram: 1 0 0 0 0 0 0 0 0 0
FullNghs:          272 ave         272 max         272 min
Histogram: 1 0 0 0 0 0 0 0 0 0

Total # of neighbors = 272
Ave neighs/atom = 34
Neighbor list builds = 0
Dangerous builds = 0
next i
jump SELF loop_struct
clear
  using 1 OpenMP thread(s) per MPI task
log energies.log append
units metal
boundary p p p
atom_style atomic
read_data epoch60_${i}.in
read_data epoch60_249.in
Reading data file ...
  orthogonal box = (0 0 0) to (5.4437022 5.4437022 5.4437022)
  1 by 1 by 1 MPI processor grid
  reading atoms ...
  8 atoms
  reading velocities ...
  8 velocities
  read_data CPU = 0.000 seconds
mass 1 28.085
pair_style sw
pair_coeff * * Si.sw Si
Reading sw potential file Si.sw with DATE: 2007-06-11
run 0
Neighbor list info ...
  update: every = 1 steps, delay = 0 steps, check = yes
  max neighbors/atom: 2000, page size: 100000
  master list distance cutoff = 5.77118
  ghost atom cutoff = 5.77118
  binsize = 2.88559, bins = 2 2 2
  1 neighbor lists, perpetual/occasional/extra = 1 0 0
  (1) pair sw, perpetual
      attributes: full, newton on
      pair build: full/bin/atomonly
      stencil: full/bin/3d
      bin: standard
Per MPI rank memory allocation (min/avg/max) = 2.958 | 2.958 | 2.958 Mbytes
   Step          Temp          E_pair         E_mol          TotEng         Press     
WARNING: Too many warnings: 249 vs 100. All future warnings will be suppressed (src/thermo.cpp:478)
         0   0             -34.523467      0             -34.523467     -6921.4686    
Loop time of 1.03e-06 on 1 procs for 0 steps with 8 atoms

0.0% CPU use with 1 MPI tasks x 1 OpenMP threads

MPI task timing breakdown:
Section |  min time  |  avg time  |  max time  |%varavg| %total
---------------------------------------------------------------
Pair    | 0          | 0          | 0          |   0.0 |  0.00
Neigh   | 0          | 0          | 0          |   0.0 |  0.00
Comm    | 0          | 0          | 0          |   0.0 |  0.00
Output  | 0          | 0          | 0          |   0.0 |  0.00
Modify  | 0          | 0          | 0          |   0.0 |  0.00
Other   |            | 1.03e-06   |            |       |100.00

Nlocal:              8 ave           8 max           8 min
Histogram: 1 0 0 0 0 0 0 0 0 0
Nghost:            256 ave         256 max         256 min
Histogram: 1 0 0 0 0 0 0 0 0 0
Neighs:              0 ave           0 max           0 min
Histogram: 1 0 0 0 0 0 0 0 0 0
FullNghs:          272 ave         272 max         272 min
Histogram: 1 0 0 0 0 0 0 0 0 0

Total # of neighbors = 272
Ave neighs/atom = 34
Neighbor list builds = 0
Dangerous builds = 0
next i
jump SELF loop_struct
clear
  using 1 OpenMP thread(s) per MPI task
log energies.log append
units metal
boundary p p p
atom_style atomic
read_data epoch60_${i}.in
read_data epoch60_250.in
Reading data file ...
  orthogonal box = (0 0 0) to (5.4437022 5.4437022 5.4437022)
  1 by 1 by 1 MPI processor grid
  reading atoms ...
  8 atoms
  reading velocities ...
  8 velocities
  read_data CPU = 0.000 seconds
mass 1 28.085
pair_style sw
pair_coeff * * Si.sw Si
Reading sw potential file Si.sw with DATE: 2007-06-11
run 0
Neighbor list info ...
  update: every = 1 steps, delay = 0 steps, check = yes
  max neighbors/atom: 2000, page size: 100000
  master list distance cutoff = 5.77118
  ghost atom cutoff = 5.77118
  binsize = 2.88559, bins = 2 2 2
  1 neighbor lists, perpetual/occasional/extra = 1 0 0
  (1) pair sw, perpetual
      attributes: full, newton on
      pair build: full/bin/atomonly
      stencil: full/bin/3d
      bin: standard
Per MPI rank memory allocation (min/avg/max) = 2.958 | 2.958 | 2.958 Mbytes
   Step          Temp          E_pair         E_mol          TotEng         Press     
WARNING: Too many warnings: 250 vs 100. All future warnings will be suppressed (src/thermo.cpp:478)
         0   0             -34.32089       0             -34.32089      -7089.5074    
Loop time of 1e-06 on 1 procs for 0 steps with 8 atoms

0.0% CPU use with 1 MPI tasks x 1 OpenMP threads

MPI task timing breakdown:
Section |  min time  |  avg time  |  max time  |%varavg| %total
---------------------------------------------------------------
Pair    | 0          | 0          | 0          |   0.0 |  0.00
Neigh   | 0          | 0          | 0          |   0.0 |  0.00
Comm    | 0          | 0          | 0          |   0.0 |  0.00
Output  | 0          | 0          | 0          |   0.0 |  0.00
Modify  | 0          | 0          | 0          |   0.0 |  0.00
Other   |            | 1e-06      |            |       |100.00

Nlocal:              8 ave           8 max           8 min
Histogram: 1 0 0 0 0 0 0 0 0 0
Nghost:            226 ave         226 max         226 min
Histogram: 1 0 0 0 0 0 0 0 0 0
Neighs:              0 ave           0 max           0 min
Histogram: 1 0 0 0 0 0 0 0 0 0
FullNghs:          274 ave         274 max         274 min
Histogram: 1 0 0 0 0 0 0 0 0 0

Total # of neighbors = 274
Ave neighs/atom = 34.25
Neighbor list builds = 0
Dangerous builds = 0
next i
jump SELF loop_struct
clear
  using 1 OpenMP thread(s) per MPI task
log energies.log append
units metal
boundary p p p
atom_style atomic
read_data epoch60_${i}.in
read_data epoch60_251.in
Reading data file ...
  orthogonal box = (0 0 0) to (5.4437022 5.4437022 5.4437022)
  1 by 1 by 1 MPI processor grid
  reading atoms ...
  8 atoms
  reading velocities ...
  8 velocities
  read_data CPU = 0.000 seconds
mass 1 28.085
pair_style sw
pair_coeff * * Si.sw Si
Reading sw potential file Si.sw with DATE: 2007-06-11
run 0
Neighbor list info ...
  update: every = 1 steps, delay = 0 steps, check = yes
  max neighbors/atom: 2000, page size: 100000
  master list distance cutoff = 5.77118
  ghost atom cutoff = 5.77118
  binsize = 2.88559, bins = 2 2 2
  1 neighbor lists, perpetual/occasional/extra = 1 0 0
  (1) pair sw, perpetual
      attributes: full, newton on
      pair build: full/bin/atomonly
      stencil: full/bin/3d
      bin: standard
Per MPI rank memory allocation (min/avg/max) = 2.958 | 2.958 | 2.958 Mbytes
   Step          Temp          E_pair         E_mol          TotEng         Press     
WARNING: Too many warnings: 251 vs 100. All future warnings will be suppressed (src/thermo.cpp:478)
         0   0             -34.419182      0             -34.419182     -5960.0214    
Loop time of 1.01e-06 on 1 procs for 0 steps with 8 atoms

0.0% CPU use with 1 MPI tasks x 1 OpenMP threads

MPI task timing breakdown:
Section |  min time  |  avg time  |  max time  |%varavg| %total
---------------------------------------------------------------
Pair    | 0          | 0          | 0          |   0.0 |  0.00
Neigh   | 0          | 0          | 0          |   0.0 |  0.00
Comm    | 0          | 0          | 0          |   0.0 |  0.00
Output  | 0          | 0          | 0          |   0.0 |  0.00
Modify  | 0          | 0          | 0          |   0.0 |  0.00
Other   |            | 1.01e-06   |            |       |100.00

Nlocal:              8 ave           8 max           8 min
Histogram: 1 0 0 0 0 0 0 0 0 0
Nghost:            272 ave         272 max         272 min
Histogram: 1 0 0 0 0 0 0 0 0 0
Neighs:              0 ave           0 max           0 min
Histogram: 1 0 0 0 0 0 0 0 0 0
FullNghs:          272 ave         272 max         272 min
Histogram: 1 0 0 0 0 0 0 0 0 0

Total # of neighbors = 272
Ave neighs/atom = 34
Neighbor list builds = 0
Dangerous builds = 0
next i
jump SELF loop_struct
clear
  using 1 OpenMP thread(s) per MPI task
log energies.log append
units metal
boundary p p p
atom_style atomic
read_data epoch60_${i}.in
read_data epoch60_252.in
Reading data file ...
  orthogonal box = (0 0 0) to (5.4437022 5.4437022 5.4437022)
  1 by 1 by 1 MPI processor grid
  reading atoms ...
  8 atoms
  reading velocities ...
  8 velocities
  read_data CPU = 0.001 seconds
mass 1 28.085
pair_style sw
pair_coeff * * Si.sw Si
Reading sw potential file Si.sw with DATE: 2007-06-11
run 0
Neighbor list info ...
  update: every = 1 steps, delay = 0 steps, check = yes
  max neighbors/atom: 2000, page size: 100000
  master list distance cutoff = 5.77118
  ghost atom cutoff = 5.77118
  binsize = 2.88559, bins = 2 2 2
  1 neighbor lists, perpetual/occasional/extra = 1 0 0
  (1) pair sw, perpetual
      attributes: full, newton on
      pair build: full/bin/atomonly
      stencil: full/bin/3d
      bin: standard
Per MPI rank memory allocation (min/avg/max) = 2.958 | 2.958 | 2.958 Mbytes
   Step          Temp          E_pair         E_mol          TotEng         Press     
WARNING: Too many warnings: 252 vs 100. All future warnings will be suppressed (src/thermo.cpp:478)
         0   0             -34.45397       0             -34.45397      -7792.0451    
Loop time of 1.05e-06 on 1 procs for 0 steps with 8 atoms

0.0% CPU use with 1 MPI tasks x 1 OpenMP threads

MPI task timing breakdown:
Section |  min time  |  avg time  |  max time  |%varavg| %total
---------------------------------------------------------------
Pair    | 0          | 0          | 0          |   0.0 |  0.00
Neigh   | 0          | 0          | 0          |   0.0 |  0.00
Comm    | 0          | 0          | 0          |   0.0 |  0.00
Output  | 0          | 0          | 0          |   0.0 |  0.00
Modify  | 0          | 0          | 0          |   0.0 |  0.00
Other   |            | 1.05e-06   |            |       |100.00

Nlocal:              8 ave           8 max           8 min
Histogram: 1 0 0 0 0 0 0 0 0 0
Nghost:            253 ave         253 max         253 min
Histogram: 1 0 0 0 0 0 0 0 0 0
Neighs:              0 ave           0 max           0 min
Histogram: 1 0 0 0 0 0 0 0 0 0
FullNghs:          272 ave         272 max         272 min
Histogram: 1 0 0 0 0 0 0 0 0 0

Total # of neighbors = 272
Ave neighs/atom = 34
Neighbor list builds = 0
Dangerous builds = 0
next i
jump SELF loop_struct
clear
  using 1 OpenMP thread(s) per MPI task
log energies.log append
units metal
boundary p p p
atom_style atomic
read_data epoch60_${i}.in
read_data epoch60_253.in
Reading data file ...
  orthogonal box = (0 0 0) to (5.4437022 5.4437022 5.4437022)
  1 by 1 by 1 MPI processor grid
  reading atoms ...
  8 atoms
  reading velocities ...
  8 velocities
  read_data CPU = 0.000 seconds
mass 1 28.085
pair_style sw
pair_coeff * * Si.sw Si
Reading sw potential file Si.sw with DATE: 2007-06-11
run 0
Neighbor list info ...
  update: every = 1 steps, delay = 0 steps, check = yes
  max neighbors/atom: 2000, page size: 100000
  master list distance cutoff = 5.77118
  ghost atom cutoff = 5.77118
  binsize = 2.88559, bins = 2 2 2
  1 neighbor lists, perpetual/occasional/extra = 1 0 0
  (1) pair sw, perpetual
      attributes: full, newton on
      pair build: full/bin/atomonly
      stencil: full/bin/3d
      bin: standard
Per MPI rank memory allocation (min/avg/max) = 2.958 | 2.958 | 2.958 Mbytes
   Step          Temp          E_pair         E_mol          TotEng         Press     
WARNING: Too many warnings: 253 vs 100. All future warnings will be suppressed (src/thermo.cpp:478)
         0   0             -34.258792      0             -34.258792     -8290.7915    
Loop time of 1.01e-06 on 1 procs for 0 steps with 8 atoms

0.0% CPU use with 1 MPI tasks x 1 OpenMP threads

MPI task timing breakdown:
Section |  min time  |  avg time  |  max time  |%varavg| %total
---------------------------------------------------------------
Pair    | 0          | 0          | 0          |   0.0 |  0.00
Neigh   | 0          | 0          | 0          |   0.0 |  0.00
Comm    | 0          | 0          | 0          |   0.0 |  0.00
Output  | 0          | 0          | 0          |   0.0 |  0.00
Modify  | 0          | 0          | 0          |   0.0 |  0.00
Other   |            | 1.01e-06   |            |       |100.00

Nlocal:              8 ave           8 max           8 min
Histogram: 1 0 0 0 0 0 0 0 0 0
Nghost:            226 ave         226 max         226 min
Histogram: 1 0 0 0 0 0 0 0 0 0
Neighs:              0 ave           0 max           0 min
Histogram: 1 0 0 0 0 0 0 0 0 0
FullNghs:          278 ave         278 max         278 min
Histogram: 1 0 0 0 0 0 0 0 0 0

Total # of neighbors = 278
Ave neighs/atom = 34.75
Neighbor list builds = 0
Dangerous builds = 0
next i
jump SELF loop_struct
clear
  using 1 OpenMP thread(s) per MPI task
log energies.log append
units metal
boundary p p p
atom_style atomic
read_data epoch60_${i}.in
read_data epoch60_254.in
Reading data file ...
  orthogonal box = (0 0 0) to (5.4437022 5.4437022 5.4437022)
  1 by 1 by 1 MPI processor grid
  reading atoms ...
  8 atoms
  reading velocities ...
  8 velocities
  read_data CPU = 0.001 seconds
mass 1 28.085
pair_style sw
pair_coeff * * Si.sw Si
Reading sw potential file Si.sw with DATE: 2007-06-11
run 0
Neighbor list info ...
  update: every = 1 steps, delay = 0 steps, check = yes
  max neighbors/atom: 2000, page size: 100000
  master list distance cutoff = 5.77118
  ghost atom cutoff = 5.77118
  binsize = 2.88559, bins = 2 2 2
  1 neighbor lists, perpetual/occasional/extra = 1 0 0
  (1) pair sw, perpetual
      attributes: full, newton on
      pair build: full/bin/atomonly
      stencil: full/bin/3d
      bin: standard
Per MPI rank memory allocation (min/avg/max) = 2.958 | 2.958 | 2.958 Mbytes
   Step          Temp          E_pair         E_mol          TotEng         Press     
WARNING: Too many warnings: 254 vs 100. All future warnings will be suppressed (src/thermo.cpp:478)
         0   0             -34.5513        0             -34.5513       -6209.8588    
Loop time of 1.01e-06 on 1 procs for 0 steps with 8 atoms

0.0% CPU use with 1 MPI tasks x 1 OpenMP threads

MPI task timing breakdown:
Section |  min time  |  avg time  |  max time  |%varavg| %total
---------------------------------------------------------------
Pair    | 0          | 0          | 0          |   0.0 |  0.00
Neigh   | 0          | 0          | 0          |   0.0 |  0.00
Comm    | 0          | 0          | 0          |   0.0 |  0.00
Output  | 0          | 0          | 0          |   0.0 |  0.00
Modify  | 0          | 0          | 0          |   0.0 |  0.00
Other   |            | 1.01e-06   |            |       |100.00

Nlocal:              8 ave           8 max           8 min
Histogram: 1 0 0 0 0 0 0 0 0 0
Nghost:            226 ave         226 max         226 min
Histogram: 1 0 0 0 0 0 0 0 0 0
Neighs:              0 ave           0 max           0 min
Histogram: 1 0 0 0 0 0 0 0 0 0
FullNghs:          272 ave         272 max         272 min
Histogram: 1 0 0 0 0 0 0 0 0 0

Total # of neighbors = 272
Ave neighs/atom = 34
Neighbor list builds = 0
Dangerous builds = 0
next i
jump SELF loop_struct
clear
  using 1 OpenMP thread(s) per MPI task
log energies.log append
units metal
boundary p p p
atom_style atomic
read_data epoch60_${i}.in
read_data epoch60_255.in
Reading data file ...
  orthogonal box = (0 0 0) to (5.4437022 5.4437022 5.4437022)
  1 by 1 by 1 MPI processor grid
  reading atoms ...
  8 atoms
  reading velocities ...
  8 velocities
  read_data CPU = 0.000 seconds
mass 1 28.085
pair_style sw
pair_coeff * * Si.sw Si
Reading sw potential file Si.sw with DATE: 2007-06-11
run 0
Neighbor list info ...
  update: every = 1 steps, delay = 0 steps, check = yes
  max neighbors/atom: 2000, page size: 100000
  master list distance cutoff = 5.77118
  ghost atom cutoff = 5.77118
  binsize = 2.88559, bins = 2 2 2
  1 neighbor lists, perpetual/occasional/extra = 1 0 0
  (1) pair sw, perpetual
      attributes: full, newton on
      pair build: full/bin/atomonly
      stencil: full/bin/3d
      bin: standard
Per MPI rank memory allocation (min/avg/max) = 2.958 | 2.958 | 2.958 Mbytes
   Step          Temp          E_pair         E_mol          TotEng         Press     
WARNING: Too many warnings: 255 vs 100. All future warnings will be suppressed (src/thermo.cpp:478)
         0   0             -34.512475      0             -34.512475     -5624.3434    
Loop time of 1.02e-06 on 1 procs for 0 steps with 8 atoms

98.0% CPU use with 1 MPI tasks x 1 OpenMP threads

MPI task timing breakdown:
Section |  min time  |  avg time  |  max time  |%varavg| %total
---------------------------------------------------------------
Pair    | 0          | 0          | 0          |   0.0 |  0.00
Neigh   | 0          | 0          | 0          |   0.0 |  0.00
Comm    | 0          | 0          | 0          |   0.0 |  0.00
Output  | 0          | 0          | 0          |   0.0 |  0.00
Modify  | 0          | 0          | 0          |   0.0 |  0.00
Other   |            | 1.02e-06   |            |       |100.00

Nlocal:              8 ave           8 max           8 min
Histogram: 1 0 0 0 0 0 0 0 0 0
Nghost:            208 ave         208 max         208 min
Histogram: 1 0 0 0 0 0 0 0 0 0
Neighs:              0 ave           0 max           0 min
Histogram: 1 0 0 0 0 0 0 0 0 0
FullNghs:          272 ave         272 max         272 min
Histogram: 1 0 0 0 0 0 0 0 0 0

Total # of neighbors = 272
Ave neighs/atom = 34
Neighbor list builds = 0
Dangerous builds = 0
next i
jump SELF loop_struct
clear
  using 1 OpenMP thread(s) per MPI task
log energies.log append
units metal
boundary p p p
atom_style atomic
read_data epoch60_${i}.in
read_data epoch60_256.in
Reading data file ...
  orthogonal box = (0 0 0) to (5.4437022 5.4437022 5.4437022)
  1 by 1 by 1 MPI processor grid
  reading atoms ...
  8 atoms
  reading velocities ...
  8 velocities
  read_data CPU = 0.000 seconds
mass 1 28.085
pair_style sw
pair_coeff * * Si.sw Si
Reading sw potential file Si.sw with DATE: 2007-06-11
run 0
Neighbor list info ...
  update: every = 1 steps, delay = 0 steps, check = yes
  max neighbors/atom: 2000, page size: 100000
  master list distance cutoff = 5.77118
  ghost atom cutoff = 5.77118
  binsize = 2.88559, bins = 2 2 2
  1 neighbor lists, perpetual/occasional/extra = 1 0 0
  (1) pair sw, perpetual
      attributes: full, newton on
      pair build: full/bin/atomonly
      stencil: full/bin/3d
      bin: standard
Per MPI rank memory allocation (min/avg/max) = 2.958 | 2.958 | 2.958 Mbytes
   Step          Temp          E_pair         E_mol          TotEng         Press     
WARNING: Too many warnings: 256 vs 100. All future warnings will be suppressed (src/thermo.cpp:478)
         0   0             -34.291291      0             -34.291291     -6325.3313    
Loop time of 1.01e-06 on 1 procs for 0 steps with 8 atoms

0.0% CPU use with 1 MPI tasks x 1 OpenMP threads

MPI task timing breakdown:
Section |  min time  |  avg time  |  max time  |%varavg| %total
---------------------------------------------------------------
Pair    | 0          | 0          | 0          |   0.0 |  0.00
Neigh   | 0          | 0          | 0          |   0.0 |  0.00
Comm    | 0          | 0          | 0          |   0.0 |  0.00
Output  | 0          | 0          | 0          |   0.0 |  0.00
Modify  | 0          | 0          | 0          |   0.0 |  0.00
Other   |            | 1.01e-06   |            |       |100.00

Nlocal:              8 ave           8 max           8 min
Histogram: 1 0 0 0 0 0 0 0 0 0
Nghost:            208 ave         208 max         208 min
Histogram: 1 0 0 0 0 0 0 0 0 0
Neighs:              0 ave           0 max           0 min
Histogram: 1 0 0 0 0 0 0 0 0 0
FullNghs:          276 ave         276 max         276 min
Histogram: 1 0 0 0 0 0 0 0 0 0

Total # of neighbors = 276
Ave neighs/atom = 34.5
Neighbor list builds = 0
Dangerous builds = 0
next i
jump SELF loop_struct
Total wall time: 0:00:00
